tag,estimator,variant,sigma_obs,sim_seed,est_seed,block,coverage,rung,cal_skill,cal_skill_sd,cal_pearson,cal_spearman,cal_sign_accuracy,n_split_seeds,n_params
convergence,joint,strict,0.15,0,1,rank2,0.05,lowrank,-0.005975583511770438,0.012006943747401912,0.027946999411538914,0.007602995909125376,,8,204
convergence,joint,strict,0.15,0,1,rank2,0.1,lowrank,-0.02005593758871231,0.03282259522026676,-0.0002618484865958272,0.004000799673461839,,8,204
convergence,joint,strict,0.15,0,1,rank2,0.2,lowrank,-0.013248091706566018,0.02909473371929308,-0.0034668539868219334,0.011609721900788614,,8,204
convergence,joint,strict,0.15,0,1,rank2,0.4,lowrank,-0.004590183633509992,0.010403581850852054,-0.011559763952977722,-0.00232181180816966,,8,204
convergence,joint,strict,0.15,0,1,rank2,0.7,lowrank,-0.0011872742953132343,0.0017027514682635308,-0.0043370723407944395,0.004071483512690084,,8,204
convergence,joint,strict,0.15,0,2,rank2,0.05,lowrank,-0.009172101363539104,0.015065826078979936,-0.005231052796863691,0.008765844210487601,,8,204
convergence,joint,strict,0.15,0,2,rank2,0.1,lowrank,-0.01155225649766356,0.02524276055058688,0.02020560353722876,0.02392954519841623,,8,204
convergence,joint,strict,0.15,0,2,rank2,0.2,lowrank,-0.013707824068535657,0.02630907051176264,-0.01159584392046118,0.005428603292393374,,8,204
convergence,joint,strict,0.15,0,2,rank2,0.4,lowrank,-0.004968790936858203,0.011162756164521295,-0.006203637176006858,0.0004775564974416694,,8,204
convergence,joint,strict,0.15,0,2,rank2,0.7,lowrank,-0.0017191809338059916,0.0027875092965845023,-0.006739264319692878,-0.0038652936771940223,,8,204
convergence,joint,strict,0.15,0,3,rank2,0.05,lowrank,-0.013806512765303494,0.02311341338487188,0.01528857380488625,0.008280223873084636,,8,204
convergence,joint,strict,0.15,0,3,rank2,0.1,lowrank,-0.018716607889239317,0.0228298615567537,0.003864199325583851,0.002735076874052852,,8,204
convergence,joint,strict,0.15,0,3,rank2,0.2,lowrank,-0.01392794675768115,0.022486681959570768,-0.008438699012682165,-0.00609899393530785,,8,204
convergence,joint,strict,0.15,0,3,rank2,0.4,lowrank,-0.004661358693985651,0.007560656338342729,-0.01835468086084763,0.0183646719707008,,8,204
convergence,joint,strict,0.15,0,3,rank2,0.7,lowrank,-0.0013590948775430434,0.0017332210402370575,0.006799058240400333,0.004313250746387094,,8,204
convergence,joint,strict,0.15,0,4,rank2,0.05,lowrank,-0.005323506371202463,0.010775909452663594,0.02428234026892127,0.03155748006208078,,8,204
convergence,joint,strict,0.15,0,4,rank2,0.1,lowrank,-0.02029317262764982,0.018958571070054414,-0.015593152877691066,-0.00898500278528225,,8,204
convergence,joint,strict,0.15,0,4,rank2,0.2,lowrank,-0.02128441448362406,0.029329735146530582,-0.02015740319385666,-0.007139946713252215,,8,204
convergence,joint,strict,0.15,0,4,rank2,0.4,lowrank,-0.006478358571632606,0.011741825396823872,-0.014124582708214898,0.00997408752631544,,8,204
convergence,joint,strict,0.15,0,4,rank2,0.7,lowrank,-0.0018330566822007122,0.002041985547845659,-0.007956761019456129,-0.002734988510204785,,8,204
noise_sd0.075,joint,strict,0.075,0,101,rank2,0.05,lowrank,-0.009726831649983003,0.020585684070301445,-0.0035253342231990046,0.006240505109427742,,8,204
noise_sd0.075,joint,strict,0.075,0,101,rank2,0.1,lowrank,-0.025762122307434715,0.03093600078778275,-0.025302898394842843,-0.015321622926494692,,8,204
noise_sd0.075,joint,strict,0.075,0,101,rank2,0.2,lowrank,-0.0027424037840939053,0.0033570733849674437,-0.006618689157805391,-0.0003994667428508851,,8,204
noise_sd0.075,joint,strict,0.075,0,101,rank2,0.4,lowrank,-0.002723598628797952,0.003983213048474777,-0.01569354246895371,-0.012513885447241798,,8,204
noise_sd0.075,joint,strict,0.075,0,101,rank2,0.7,lowrank,-0.002765663682016112,0.003153396685150355,-0.020835101042863357,-0.008459060340892511,,8,204
noise_sd0.075,joint,strict,0.075,1,102,rank2,0.05,lowrank,-0.017620385288120377,0.01903701533575773,-0.0035635950623796628,-0.0025201134032144475,,8,204
noise_sd0.075,joint,strict,0.075,1,102,rank2,0.1,lowrank,-0.011602567007220621,0.020118113245106328,-0.01573490273486334,-0.008273397224097109,,8,204
noise_sd0.075,joint,strict,0.075,1,102,rank2,0.2,lowrank,-0.005533566315178942,0.009614688202806436,0.01865038010587783,0.027892326722508423,,8,204
noise_sd0.075,joint,strict,0.075,1,102,rank2,0.4,lowrank,-0.0020686688337605424,0.0022919021183401603,-0.006191240387372168,0.003349177593389866,,8,204
noise_sd0.075,joint,strict,0.075,1,102,rank2,0.7,lowrank,-0.00234234482220283,0.002743561675547238,-0.005851893669097254,0.003421915911201141,,8,204
noise_sd0.075,joint,strict,0.075,2,103,rank2,0.05,lowrank,-0.07211260294519148,0.17312597900822113,-0.022447069382869066,-0.011215714134093894,,8,204
noise_sd0.075,joint,strict,0.075,2,103,rank2,0.1,lowrank,-0.011343174234400802,0.023256647639014895,0.016739958510951912,0.01801448867784522,,8,204
noise_sd0.075,joint,strict,0.075,2,103,rank2,0.2,lowrank,-0.006483661706405547,0.008361821089901238,-0.012286766763481527,-0.01950673840143362,,8,204
noise_sd0.075,joint,strict,0.075,2,103,rank2,0.4,lowrank,-0.005624995141585404,0.008382121467841744,-0.021524305239183764,-0.02225430124173544,,8,204
noise_sd0.075,joint,strict,0.075,2,103,rank2,0.7,lowrank,-0.002109555942093902,0.004410827969661688,0.003003594226967448,-0.008360078342062652,,8,204
noise_sd0.075,joint,strict,0.075,3,104,rank2,0.05,lowrank,-0.048311055299455785,0.05735997149726942,-0.002154188503637945,-0.0033611478292042314,,8,204
noise_sd0.075,joint,strict,0.075,3,104,rank2,0.1,lowrank,-0.030533685138445982,0.0370704480907108,0.0032490665282560623,-0.008632055385438923,,8,204
noise_sd0.075,joint,strict,0.075,3,104,rank2,0.2,lowrank,-0.003443483349816173,0.003939663080151431,-0.018290331404809526,-0.017531706827001347,,8,204
noise_sd0.075,joint,strict,0.075,3,104,rank2,0.4,lowrank,-0.0023019482454796764,0.002954169192117572,0.011621715742450476,0.01837626529872085,,8,204
noise_sd0.075,joint,strict,0.075,3,104,rank2,0.7,lowrank,-0.0010348752781602771,0.0016689433462040973,0.004770377387714134,0.005049816222484236,,8,204
noise_sd0.075,joint,strict,0.075,4,105,rank2,0.05,lowrank,-0.023536579518787168,0.06405394594117889,0.028735974416898506,0.024347649288078737,,8,204
noise_sd0.075,joint,strict,0.075,4,105,rank2,0.1,lowrank,-0.026712190466650937,0.04892029622732561,0.014561967600033613,0.011652322412802533,,8,204
noise_sd0.075,joint,strict,0.075,4,105,rank2,0.2,lowrank,-0.0018017943035608802,0.00417959055481413,0.023136566046390354,0.02067530687519695,,8,204
noise_sd0.075,joint,strict,0.075,4,105,rank2,0.4,lowrank,-0.003491970790338861,0.008528180885209452,0.02238176859709905,0.01835858654827025,,8,204
noise_sd0.075,joint,strict,0.075,4,105,rank2,0.7,lowrank,-0.0018439592523870896,0.003158038524871379,0.02539277864924328,0.018342315357923192,,8,204
noise_sd0.075,joint,strict,0.075,5,106,rank2,0.05,lowrank,-0.01628306932912199,0.02081258069267789,0.019528320282875412,0.01516443436987749,,8,204
noise_sd0.075,joint,strict,0.075,5,106,rank2,0.1,lowrank,-0.02269774958732962,0.025655798721903357,0.0008334148362053456,-0.008472942336876607,,8,204
noise_sd0.075,joint,strict,0.075,5,106,rank2,0.2,lowrank,-0.007764009454729687,0.014834235984143579,0.009114022249735372,0.00438273818728846,,8,204
noise_sd0.075,joint,strict,0.075,5,106,rank2,0.4,lowrank,-0.003283327114662976,0.004224143796586281,-0.025861069033549983,-0.015769466117508072,,8,204
noise_sd0.075,joint,strict,0.075,5,106,rank2,0.7,lowrank,-0.0009091094182199361,0.002895477687364701,0.0008035536259855657,0.0062572314171875885,,8,204
noise_sd0.3,joint,strict,0.3,0,101,rank2,0.05,lowrank,-0.01114035170649659,0.030338994310439207,0.0344064965469818,0.034008729808614115,0.5344877344877345,8,204
noise_sd0.3,joint,strict,0.3,0,101,rank2,0.1,lowrank,-0.01881756408596434,0.028465847730537196,-0.002709607345288494,0.009714018592824596,0.5386498175442235,8,204
noise_sd0.3,joint,strict,0.3,0,101,rank2,0.2,lowrank,-0.01174731938632255,0.02799665761848499,-0.02093728363454896,-0.011616459830683434,0.45359155410755,8,204
noise_sd0.3,joint,strict,0.3,0,101,rank2,0.4,lowrank,-0.003679462410114409,0.009311169333594441,-0.014921309004852789,0.0018984646772216515,0.43320889746246083,8,204
noise_sd0.3,joint,strict,0.3,0,101,rank2,0.7,lowrank,-0.0014293079552152865,0.002481112255524465,0.002403662082054868,0.001860839063947814,0.4702091657949043,8,204
noise_sd0.3,joint,strict,0.3,1,102,rank2,0.05,lowrank,-0.03204580715843812,0.04465857906163928,0.008216220214179375,0.014738637420767125,0.5198915329250695,8,204
noise_sd0.3,joint,strict,0.3,1,102,rank2,0.1,lowrank,-0.011870710170507504,0.014195292225024539,0.011667565633219811,0.015188040403266208,0.5108238562408295,8,204
noise_sd0.3,joint,strict,0.3,1,102,rank2,0.2,lowrank,-0.006077636836092068,0.011521166675189208,0.015517791475228316,0.023758623625924947,0.5189218439218439,8,204
noise_sd0.3,joint,strict,0.3,1,102,rank2,0.4,lowrank,-0.004401844151350115,0.005484125690117279,0.013346757367661709,0.01687136635364138,0.5345955301312444,8,204
noise_sd0.3,joint,strict,0.3,1,102,rank2,0.7,lowrank,-0.0035244094004723003,0.005214260777768235,0.018845794784727123,0.021091151061185014,0.5312366014918471,8,204
noise_sd0.3,joint,strict,0.3,2,103,rank2,0.05,lowrank,-0.05985482757775204,0.0933694001633133,-0.012926685235857426,-0.022150997117646877,0.46979976704341464,8,204
noise_sd0.3,joint,strict,0.3,2,103,rank2,0.1,lowrank,-0.029249984264630463,0.040728939251874936,-0.014353632398795967,-0.008411975243166933,0.5247556028201189,8,204
noise_sd0.3,joint,strict,0.3,2,103,rank2,0.2,lowrank,-0.008182967799484117,0.015892714723138784,-0.01801586945553644,-0.01167894049143192,0.40437086018617974,8,204
noise_sd0.3,joint,strict,0.3,2,103,rank2,0.4,lowrank,-0.004963720645275574,0.006041732232143247,-0.014833661731803362,-0.016147910056841203,0.4697640856748803,8,204
noise_sd0.3,joint,strict,0.3,2,103,rank2,0.7,lowrank,-0.001977331996857734,0.0026008548542608345,-0.012945072017176784,-0.017271198026335647,0.4722814605167546,8,204
noise_sd0.3,joint,strict,0.3,3,104,rank2,0.05,lowrank,-0.0582027660682235,0.07387418814453613,0.007799858030730656,-0.0009376002147772314,0.5288879078475006,8,204
noise_sd0.3,joint,strict,0.3,3,104,rank2,0.1,lowrank,-0.028687004834096128,0.03428270051809311,0.0044941844636938455,0.0021010144436715574,0.5484767898025348,8,204
noise_sd0.3,joint,strict,0.3,3,104,rank2,0.2,lowrank,-0.008636036803152974,0.013313539847558986,0.002540741071083146,0.0004135081038912243,0.4656446821152704,8,204
noise_sd0.3,joint,strict,0.3,3,104,rank2,0.4,lowrank,-0.00304237384460046,0.008076489183609242,0.02459706223266316,0.02580875685421958,0.559844429930585,8,204
noise_sd0.3,joint,strict,0.3,3,104,rank2,0.7,lowrank,-5.9700380529770225e-05,0.001563516756479836,0.024771411186216175,0.021148330189745476,0.5484352961957532,8,204
noise_sd0.3,joint,strict,0.3,4,105,rank2,0.05,lowrank,-0.14090327042506484,0.28068072637553737,-0.008317582515234215,-0.00915721262933481,0.5135555981486214,8,204
noise_sd0.3,joint,strict,0.3,4,105,rank2,0.1,lowrank,-0.017537183711083676,0.01832694274992101,0.0013824170164333013,-0.009902198689135338,0.47887465239438926,8,204
noise_sd0.3,joint,strict,0.3,4,105,rank2,0.2,lowrank,-0.01671510297087281,0.03721197100599642,-0.0038649324171843233,-0.009474490218854926,0.49324551011207685,8,204
noise_sd0.3,joint,strict,0.3,4,105,rank2,0.4,lowrank,-0.0024586521736932876,0.005806217680990248,-0.007871628473913515,-0.019936083524350452,0.5566463259598271,8,204
noise_sd0.3,joint,strict,0.3,4,105,rank2,0.7,lowrank,-0.0018989464676317375,0.0034049169946834316,0.012509375986104751,-0.0011965657080105262,0.509973578103966,8,204
noise_sd0.3,joint,strict,0.3,5,106,rank2,0.05,lowrank,-0.010424242171935341,0.018172862097425944,0.008285578002361842,0.00423878351818834,0.5100540519577473,8,204
noise_sd0.3,joint,strict,0.3,5,106,rank2,0.1,lowrank,-0.016217688859225365,0.02180078795577613,-0.015390584496153659,-0.017217429253683348,0.505975906706718,8,204
noise_sd0.3,joint,strict,0.3,5,106,rank2,0.2,lowrank,-0.009711452860636877,0.014112222522434107,0.0007245236676429682,-0.0020390535307907402,0.4959583109455155,8,204
noise_sd0.3,joint,strict,0.3,5,106,rank2,0.4,lowrank,-0.0021984266038782285,0.004498852801837689,-0.018781539146167786,-0.012613906952053541,0.5356541854139658,8,204
noise_sd0.3,joint,strict,0.3,5,106,rank2,0.7,lowrank,-0.0013034767218930154,0.0038873555773580376,0.0009820771870101518,-0.01479511714553897,0.5435046275563516,8,204
oracle_nuisance,oracle,nuisance,0.15,0,101,rank2,0.05,lowrank,-0.11833335213840737,0.2154770026521328,-0.0009301053140815275,0.005383993137065431,0.5008719243140316,8,204
oracle_nuisance,oracle,nuisance,0.15,0,101,rank2,0.1,lowrank,-0.003231854670294715,0.004152240289293195,0.008008803795438215,0.00843284562013996,0.4938949363066332,8,204
oracle_nuisance,oracle,nuisance,0.15,0,101,rank2,0.2,lowrank,-0.0013708355782062337,0.0025179073621386387,0.013511899617704487,0.00801896893987387,0.525615461238645,8,204
oracle_nuisance,oracle,nuisance,0.15,0,101,rank2,0.4,lowrank,-0.003538713595236137,0.006333304040986426,-0.007235336975740861,-0.01717270244878499,0.46828680275910506,8,204
oracle_nuisance,oracle,nuisance,0.15,0,101,rank2,0.7,lowrank,-0.0016107647828271648,0.0031623106488507424,0.009196349870584585,-0.007060085799216946,0.5034161687906084,8,204
oracle_nuisance,oracle,nuisance,0.15,1,102,rank2,0.05,lowrank,-0.01621669002200113,0.027167560660155052,0.014763966848924604,0.011769766159885524,0.5156720469267013,8,204
oracle_nuisance,oracle,nuisance,0.15,1,102,rank2,0.1,lowrank,-0.018255898319338326,0.04805788818990956,0.01667999552954926,0.019265179014258154,0.5147151672315925,8,204
oracle_nuisance,oracle,nuisance,0.15,1,102,rank2,0.2,lowrank,-0.005537647942019941,0.010427497711062108,0.025936970005107692,0.030152059376711005,0.4994544533662362,8,204
oracle_nuisance,oracle,nuisance,0.15,1,102,rank2,0.4,lowrank,-0.00047214433066755657,0.0019130818086242466,0.02721463968340045,0.03648946961129693,0.5144129348166494,8,204
oracle_nuisance,oracle,nuisance,0.15,1,102,rank2,0.7,lowrank,-0.0006075440610188859,0.0042180605005299405,0.027675921684715915,0.03496519469572756,0.506929476436626,8,204
oracle_nuisance,oracle,nuisance,0.15,2,103,rank2,0.05,lowrank,-0.04234503784716914,0.11271937128877382,-0.0016782980937295607,0.0053242700765143884,0.5295860362960381,8,204
oracle_nuisance,oracle,nuisance,0.15,2,103,rank2,0.1,lowrank,-0.01721170012703971,0.01598621354945686,0.008261932115027893,0.00946562790991268,0.5454005686570811,8,204
oracle_nuisance,oracle,nuisance,0.15,2,103,rank2,0.2,lowrank,-0.002363941458651958,0.0033230152648862994,0.02272354112099859,0.018182825635984265,0.5435784571081913,8,204
oracle_nuisance,oracle,nuisance,0.15,2,103,rank2,0.4,lowrank,-0.001699799564017515,0.0022854235942807127,0.009433566439551016,0.015692396455152195,0.5378028244995472,8,204
oracle_nuisance,oracle,nuisance,0.15,2,103,rank2,0.7,lowrank,-0.002040019609842847,0.0028089298972100002,0.016681363552694485,0.026709221569585488,0.5448886860708233,8,204
oracle_nuisance,oracle,nuisance,0.15,3,104,rank2,0.05,lowrank,-0.03134177670126864,0.05915208789972439,0.0028638034447303284,-0.006598543114313783,0.5198608743716194,8,204
oracle_nuisance,oracle,nuisance,0.15,3,104,rank2,0.1,lowrank,-0.038180628557588164,0.08781143702652323,-0.0035986208836251902,-0.00024435212290866104,0.5144270372606884,8,204
oracle_nuisance,oracle,nuisance,0.15,3,104,rank2,0.2,lowrank,-0.011695069644732797,0.015355728320453559,-0.019506597885487507,-0.0029100265125137693,0.46474017720955074,8,204
oracle_nuisance,oracle,nuisance,0.15,3,104,rank2,0.4,lowrank,-0.0027868623618445276,0.004708961428041105,-0.020633420052549013,-0.03413787879445938,0.4774570193498393,8,204
oracle_nuisance,oracle,nuisance,0.15,3,104,rank2,0.7,lowrank,-0.0013617893210358667,0.0015339276241741623,0.0024366108754879617,-0.0026515271229262693,0.4914284239779289,8,204
oracle_nuisance,oracle,nuisance,0.15,4,105,rank2,0.05,lowrank,-0.09511535903667406,0.1076511779564359,0.0030493720518700424,0.012193296193494144,0.5159778375239348,8,204
oracle_nuisance,oracle,nuisance,0.15,4,105,rank2,0.1,lowrank,-0.04076912084923803,0.03886687077021721,0.0051338274107352476,0.009634773825788607,0.5120231138721276,8,204
oracle_nuisance,oracle,nuisance,0.15,4,105,rank2,0.2,lowrank,-0.01585439837187927,0.019048233144238456,0.014858185216405823,0.018300420817455386,0.5158222931710381,8,204
oracle_nuisance,oracle,nuisance,0.15,4,105,rank2,0.4,lowrank,-0.006916024545212826,0.012270430736431838,-0.0012459988009462918,-0.010882221731503442,0.48493626580972404,8,204
oracle_nuisance,oracle,nuisance,0.15,4,105,rank2,0.7,lowrank,-0.00521832053582745,0.007358242127118858,-0.004059855288893558,-0.016923183647673607,0.49060534702979314,8,204
oracle_nuisance,oracle,nuisance,0.15,5,106,rank2,0.05,lowrank,-0.15314906904091438,0.2298573457000228,-0.014825659352519662,-0.022027316817089138,0.45931244526929665,8,204
oracle_nuisance,oracle,nuisance,0.15,5,106,rank2,0.1,lowrank,-0.0072823547912691106,0.010579936553328706,0.004921687483573488,0.0005799859817929853,0.5002395727527831,8,204
oracle_nuisance,oracle,nuisance,0.15,5,106,rank2,0.2,lowrank,-0.0014949867036730402,0.0038094482990624645,0.018754367829215687,0.007509793578914007,0.5199082294375744,8,204
oracle_nuisance,oracle,nuisance,0.15,5,106,rank2,0.4,lowrank,-0.010495478103767178,0.02666540339334532,0.005071700851475676,-0.0029249779569825904,0.48920429868953574,8,204
oracle_nuisance,oracle,nuisance,0.15,5,106,rank2,0.7,lowrank,0.00015380263534556238,0.0013111681626080645,0.025984505116065044,0.028303688739370583,0.5033017175245204,8,204
oracle_nuisance,oracle,nuisance,0.15,6,107,rank2,0.05,lowrank,-0.029085321081378332,0.05040980568033254,-0.003427477797555854,0.010721269391715098,0.5198876541635612,8,204
oracle_nuisance,oracle,nuisance,0.15,6,107,rank2,0.1,lowrank,-0.02291117572444963,0.037395829117909694,-0.007609640569497053,-0.00647483480384109,0.5044781192518693,8,204
oracle_nuisance,oracle,nuisance,0.15,6,107,rank2,0.2,lowrank,-0.02523687212671366,0.03786496590419116,-0.012778733701878665,-0.010964014833720268,0.4882879152868816,8,204
oracle_nuisance,oracle,nuisance,0.15,6,107,rank2,0.4,lowrank,-0.00297460033402272,0.004602382892045428,-0.0052751961656169995,-0.0014083145389352867,0.5148450551526023,8,204
oracle_nuisance,oracle,nuisance,0.15,6,107,rank2,0.7,lowrank,-0.0008484178279550975,0.0024361173426055167,0.003608762794097166,-0.01318594578175781,0.4711308911298621,8,204
oracle_nuisance,oracle,nuisance,0.15,7,108,rank2,0.05,lowrank,-0.0392961477129308,0.07772360948791704,0.003535974579517641,0.0006155197185904301,0.4806466726517787,8,204
oracle_nuisance,oracle,nuisance,0.15,7,108,rank2,0.1,lowrank,-0.02381088980886724,0.0373503978678245,-0.009704992981148606,-0.01283558930909067,0.49955959666608385,8,204
oracle_nuisance,oracle,nuisance,0.15,7,108,rank2,0.2,lowrank,-0.007886912591522216,0.01733980062989966,-0.0019353791799542718,0.017778742092254506,0.4759721589098841,8,204
oracle_nuisance,oracle,nuisance,0.15,7,108,rank2,0.4,lowrank,-0.0018353830764017837,0.003945098453631279,-0.012705525297213287,-0.012524685662096819,0.5137441361203788,8,204
oracle_nuisance,oracle,nuisance,0.15,7,108,rank2,0.7,lowrank,-0.0014324121040796833,0.0015238172210712577,-0.02250241167535939,-0.015578228301943444,0.4605398704922317,8,204
oracle_nuisance,oracle,nuisance,0.15,8,109,rank2,0.05,lowrank,-0.004633965277229313,0.010986916443959127,0.002979573990784382,0.011431989064510623,0.506476150648374,8,204
oracle_nuisance,oracle,nuisance,0.15,8,109,rank2,0.1,lowrank,-0.0053029950187123,0.0063139597381602275,0.02311050169561709,0.03018451059543272,0.5052971286684198,8,204
oracle_nuisance,oracle,nuisance,0.15,8,109,rank2,0.2,lowrank,-0.005830981537586433,0.012552467645253636,-0.0040830793059528515,-0.004756649902308986,0.4987288239122371,8,204
oracle_nuisance,oracle,nuisance,0.15,8,109,rank2,0.4,lowrank,-0.0014768125411617206,0.0034469652842037896,0.0024867119542339605,0.015201193860920248,0.47889067713484157,8,204
oracle_nuisance,oracle,nuisance,0.15,8,109,rank2,0.7,lowrank,3.433702697308583e-05,0.000573239822987045,-0.003673089499853465,0.00397521617379261,0.4741243300755614,8,204
oracle_nuisance,oracle,nuisance,0.15,9,110,rank2,0.05,lowrank,-0.04511636773258959,0.062121519635700236,-0.003077463010360506,0.006096172380271846,0.46000535294013556,8,204
oracle_nuisance,oracle,nuisance,0.15,9,110,rank2,0.1,lowrank,-0.01566362195511127,0.02598502542967211,0.009488528078637665,0.019231751587261633,0.514496786726463,8,204
oracle_nuisance,oracle,nuisance,0.15,9,110,rank2,0.2,lowrank,-0.008906682430551288,0.010988364907289017,-0.02766899922137509,-0.023796032927573877,0.457971753296521,8,204
oracle_nuisance,oracle,nuisance,0.15,9,110,rank2,0.4,lowrank,-0.00833457081426843,0.008185166074841292,-0.03767798391037046,-0.020283457011453142,0.43418711919388053,8,204
oracle_nuisance,oracle,nuisance,0.15,9,110,rank2,0.7,lowrank,-0.004274319937701568,0.008814324010443233,-0.002115642934338758,0.0073144829583430436,0.48685325626682846,8,204
oracle_nuisance,oracle,nuisance,0.15,10,111,rank2,0.05,lowrank,-0.04129038401664259,0.04750621614215646,-0.0072713296208242045,0.003514111372518518,0.5072050253427202,8,204
oracle_nuisance,oracle,nuisance,0.15,10,111,rank2,0.1,lowrank,-0.06371969105033307,0.09536331692566319,0.005422396319816279,0.008371232286809648,0.4940302323585682,8,204
oracle_nuisance,oracle,nuisance,0.15,10,111,rank2,0.2,lowrank,-0.009644506833815208,0.018969362155524885,0.009467183647859173,0.021977853521624537,0.5507096545712107,8,204
oracle_nuisance,oracle,nuisance,0.15,10,111,rank2,0.4,lowrank,-0.006757590921194975,0.013214525758033986,0.002410948593720835,0.01765221140417488,0.47759884385292733,8,204
oracle_nuisance,oracle,nuisance,0.15,10,111,rank2,0.7,lowrank,-0.001625275591613018,0.005045524595526035,0.004936730508809738,-0.004095086611843316,0.5269796751714835,8,204
oracle_nuisance,oracle,nuisance,0.15,11,112,rank2,0.05,lowrank,-0.010884059761553835,0.021118284587884045,0.012759821659250681,0.008020311064158204,0.48176055053599603,8,204
oracle_nuisance,oracle,nuisance,0.15,11,112,rank2,0.1,lowrank,-0.004340297800001017,0.005066897277408434,0.015861629429376484,0.01646216280368467,0.5078513421290117,8,204
oracle_nuisance,oracle,nuisance,0.15,11,112,rank2,0.2,lowrank,-0.01712805729843052,0.02978102995949548,0.001586737620967086,0.007710290767131519,0.49378319038304946,8,204
oracle_nuisance,oracle,nuisance,0.15,11,112,rank2,0.4,lowrank,-0.00493676227275007,0.009115525959854298,0.01912157713042146,0.019490152522562008,0.5011256717400814,8,204
oracle_nuisance,oracle,nuisance,0.15,11,112,rank2,0.7,lowrank,-0.0009926384672477306,0.0020590017324892632,0.013990153553122494,0.015506916657673361,0.5267313697464123,8,204
oracle_nuisance,oracle,nuisance,0.15,12,113,rank2,0.05,lowrank,-0.049767990610752044,0.08103126587947551,-0.027597870063160956,-0.02502992757195904,0.4890146562413717,8,204
oracle_nuisance,oracle,nuisance,0.15,12,113,rank2,0.1,lowrank,-0.00581311808798958,0.013233063075391663,0.04782816420730287,0.04695684846178003,0.5896320557926141,8,204
oracle_nuisance,oracle,nuisance,0.15,12,113,rank2,0.2,lowrank,-0.0005982366263675987,0.003579887214822055,0.026389026097378393,0.024751480317587133,0.5503884193555274,8,204
oracle_nuisance,oracle,nuisance,0.15,12,113,rank2,0.4,lowrank,-0.0010146163388831675,0.0020648416183643463,0.021652971914505305,0.019113359132013306,0.5497973833502757,8,204
oracle_nuisance,oracle,nuisance,0.15,12,113,rank2,0.7,lowrank,-0.00013892992863163978,0.002605615088458808,0.0317015721378452,0.02915199312933766,0.5232681023410767,8,204
oracle_nuisance,oracle,nuisance,0.15,13,114,rank2,0.05,lowrank,-0.025527087239356816,0.03521678956781003,-0.001838190284194495,-0.0064812987837099675,0.5229494322401878,8,204
oracle_nuisance,oracle,nuisance,0.15,13,114,rank2,0.1,lowrank,-0.019325188739313298,0.0285801825160822,0.009692243105187513,-0.003579121865572294,0.5030294139927766,8,204
oracle_nuisance,oracle,nuisance,0.15,13,114,rank2,0.2,lowrank,-0.0003477642916910051,0.0012922534125540557,0.020364733246278424,0.014706464067454208,0.5027915878038436,8,204
oracle_nuisance,oracle,nuisance,0.15,13,114,rank2,0.4,lowrank,-0.003579366521664684,0.0074989319992543185,0.02890133098488314,0.008544688942603563,0.4934457069609742,8,204
oracle_nuisance,oracle,nuisance,0.15,13,114,rank2,0.7,lowrank,-0.012348647559511927,0.03395232216227985,0.023217385329348562,0.004743945507589041,0.5071843528345213,8,204
oracle_nuisance,oracle,nuisance,0.15,14,115,rank2,0.05,lowrank,-0.10037134466616611,0.1362973760297186,-0.008700660676597218,-0.004474081245023629,0.48036329213218243,8,204
oracle_nuisance,oracle,nuisance,0.15,14,115,rank2,0.1,lowrank,-0.0071758476328053905,0.010424972961699332,0.01873694354792745,0.012977145385034397,0.535022431933392,8,204
oracle_nuisance,oracle,nuisance,0.15,14,115,rank2,0.2,lowrank,-0.004278475205380494,0.004978052320126943,0.007086656974405486,-0.012240242729438165,0.5140433641932709,8,204
oracle_nuisance,oracle,nuisance,0.15,14,115,rank2,0.4,lowrank,-0.000527613642296948,0.001041365227751524,0.02406239735139652,0.010761677834745362,0.49228132516220063,8,204
oracle_nuisance,oracle,nuisance,0.15,14,115,rank2,0.7,lowrank,-0.00014413806343244184,0.0009211517363888512,0.010177954257257356,0.014623695970583848,0.4889268357420888,8,204
oracle_nuisance,oracle,nuisance,0.15,15,116,rank2,0.05,lowrank,-0.09189558331846814,0.1574660083470338,-0.004240828297165553,-0.002792292015199561,0.4859972011261152,8,204
oracle_nuisance,oracle,nuisance,0.15,15,116,rank2,0.1,lowrank,-0.00700150139302301,0.009665403010988035,0.006167775486400874,0.014904518961629762,0.5165514643115455,8,204
oracle_nuisance,oracle,nuisance,0.15,15,116,rank2,0.2,lowrank,-0.004640288310651108,0.00948919878214577,0.015243603585033969,0.00071900935890633,0.5287289592434113,8,204
oracle_nuisance,oracle,nuisance,0.15,15,116,rank2,0.4,lowrank,-0.004602828211925147,0.008298526606548,0.0038509651614202214,0.013586476358354275,0.5145922449873538,8,204
oracle_nuisance,oracle,nuisance,0.15,15,116,rank2,0.7,lowrank,-0.0009107609045894693,0.0018415606695363414,0.01146755662975031,0.013364010161649353,0.5077692510755435,8,204
oracle_nuisance,oracle,nuisance,0.15,16,117,rank2,0.05,lowrank,-0.12534277570315977,0.24678302185740375,-0.019344817590080443,-0.02198173774687876,0.49214438099099655,8,204
oracle_nuisance,oracle,nuisance,0.15,16,117,rank2,0.1,lowrank,-0.0189451991219539,0.02867474745758734,0.0008981465528115461,-0.02068211514693525,0.5046100474789031,8,204
oracle_nuisance,oracle,nuisance,0.15,16,117,rank2,0.2,lowrank,-0.005827982218569894,0.00857659436012968,0.017049890410258336,0.016763842909604112,0.5318945901585386,8,204
oracle_nuisance,oracle,nuisance,0.15,16,117,rank2,0.4,lowrank,-0.00306727046922127,0.0061437878807037135,0.0068367144280597385,0.012676227316595385,0.5481596572128609,8,204
oracle_nuisance,oracle,nuisance,0.15,16,117,rank2,0.7,lowrank,-0.002114188805467293,0.004017013291174077,-0.000329195920509195,-0.001826472476028037,0.5260482321809408,8,204
oracle_nuisance,oracle,nuisance,0.15,17,118,rank2,0.05,lowrank,-0.031501666204667184,0.047536292869438106,-0.025278610621489728,-0.009601898455467906,0.45324814605860025,8,204
oracle_nuisance,oracle,nuisance,0.15,17,118,rank2,0.1,lowrank,-0.0159676323796642,0.016478060959942396,-0.02368137514373853,-0.0157465464537843,0.44940004627889507,8,204
oracle_nuisance,oracle,nuisance,0.15,17,118,rank2,0.2,lowrank,-0.01240645138220245,0.016745132556235425,-0.023771609559486675,-0.013605605560553279,0.4808759692377875,8,204
oracle_nuisance,oracle,nuisance,0.15,17,118,rank2,0.4,lowrank,-0.002498720295941642,0.0038034341541918586,-0.01171071385897122,-0.008043092097146655,0.4687267939427542,8,204
oracle_nuisance,oracle,nuisance,0.15,17,118,rank2,0.7,lowrank,-0.007492950416927824,0.01052972533350547,-0.010706355426513438,-0.007635089537469212,0.4883454903737813,8,204
oracle_nuisance,oracle,nuisance,0.15,18,119,rank2,0.05,lowrank,-0.007753281207166507,0.021563332121083918,0.008648950771429366,0.018012021800585226,0.5082373533165739,8,204
oracle_nuisance,oracle,nuisance,0.15,18,119,rank2,0.1,lowrank,-0.014052915522291806,0.03430555274541344,0.014545611475360307,0.01000748189571909,0.49961736854383015,8,204
oracle_nuisance,oracle,nuisance,0.15,18,119,rank2,0.2,lowrank,-0.016917488269661843,0.046931228074160336,0.014317986572316864,0.021709332291659025,0.5012225408246351,8,204
oracle_nuisance,oracle,nuisance,0.15,18,119,rank2,0.4,lowrank,-0.0032753413632973516,0.005147283817814787,0.023871346215836035,0.029643066376981185,0.5134096034142617,8,204
oracle_nuisance,oracle,nuisance,0.15,18,119,rank2,0.7,lowrank,-0.001237258627111687,0.002605545465634468,0.018783242203765715,0.023943590091341546,0.5224621937683569,8,204
oracle_nuisance,oracle,nuisance,0.15,19,120,rank2,0.05,lowrank,-0.028195393676891597,0.03772735540987108,0.01901387210784499,0.013230123199158464,0.5378858379992698,8,204
oracle_nuisance,oracle,nuisance,0.15,19,120,rank2,0.1,lowrank,-0.024355745645694676,0.03264530380501252,-0.022332570308227714,-0.0207376001016414,0.5284385726890771,8,204
oracle_nuisance,oracle,nuisance,0.15,19,120,rank2,0.2,lowrank,-0.002902967822748667,0.005126479984694288,0.008091422983870559,0.0037765797762458605,0.5349713577561679,8,204
oracle_nuisance,oracle,nuisance,0.15,19,120,rank2,0.4,lowrank,-0.0038100874705315896,0.009045807523950487,0.025819924937988164,0.017056488826679362,0.5298222236519146,8,204
oracle_nuisance,oracle,nuisance,0.15,19,120,rank2,0.7,lowrank,-0.002817412087492796,0.007487801535288939,0.029714745351172012,0.02502842005019662,0.5732242705077466,8,204
oracle_strict,oracle,strict,0.15,0,101,rank2,0.05,lowrank,,,,,,8,204
oracle_strict,oracle,strict,0.15,0,101,rank2,0.1,lowrank,,,,,,8,204
oracle_strict,oracle,strict,0.15,0,101,rank2,0.2,lowrank,,,,,,8,204
oracle_strict,oracle,strict,0.15,0,101,rank2,0.4,lowrank,,,,,,8,204
oracle_strict,oracle,strict,0.15,0,101,rank2,0.7,lowrank,,,,,,8,204
oracle_strict,oracle,strict,0.15,1,102,rank2,0.05,lowrank,,,,,,8,204
oracle_strict,oracle,strict,0.15,1,102,rank2,0.1,lowrank,,,,,,8,204
oracle_strict,oracle,strict,0.15,1,102,rank2,0.2,lowrank,,,,,,8,204
oracle_strict,oracle,strict,0.15,1,102,rank2,0.4,lowrank,,,,,,8,204
oracle_strict,oracle,strict,0.15,1,102,rank2,0.7,lowrank,,,,,,8,204
oracle_strict,oracle,strict,0.15,2,103,rank2,0.05,lowrank,,,,,,8,204
oracle_strict,oracle,strict,0.15,2,103,rank2,0.1,lowrank,,,,,,8,204
oracle_strict,oracle,strict,0.15,2,103,rank2,0.2,lowrank,,,,,,8,204
oracle_strict,oracle,strict,0.15,2,103,rank2,0.4,lowrank,,,,,,8,204
oracle_strict,oracle,strict,0.15,2,103,rank2,0.7,lowrank,,,,,,8,204
oracle_strict,oracle,strict,0.15,3,104,rank2,0.05,lowrank,,,,,,8,204
oracle_strict,oracle,strict,0.15,3,104,rank2,0.1,lowrank,,,,,,8,204
oracle_strict,oracle,strict,0.15,3,104,rank2,0.2,lowrank,,,,,,8,204
oracle_strict,oracle,strict,0.15,3,104,rank2,0.4,lowrank,,,,,,8,204
oracle_strict,oracle,strict,0.15,3,104,rank2,0.7,lowrank,,,,,,8,204
oracle_strict,oracle,strict,0.15,4,105,rank2,0.05,lowrank,,,,,,8,204
oracle_strict,oracle,strict,0.15,4,105,rank2,0.1,lowrank,,,,,,8,204
oracle_strict,oracle,strict,0.15,4,105,rank2,0.2,lowrank,,,,,,8,204
oracle_strict,oracle,strict,0.15,4,105,rank2,0.4,lowrank,,,,,,8,204
oracle_strict,oracle,strict,0.15,4,105,rank2,0.7,lowrank,,,,,,8,204
oracle_strict,oracle,strict,0.15,5,106,rank2,0.05,lowrank,,,,,,8,204
oracle_strict,oracle,strict,0.15,5,106,rank2,0.1,lowrank,,,,,,8,204
oracle_strict,oracle,strict,0.15,5,106,rank2,0.2,lowrank,,,,,,8,204
oracle_strict,oracle,strict,0.15,5,106,rank2,0.4,lowrank,,,,,,8,204
oracle_strict,oracle,strict,0.15,5,106,rank2,0.7,lowrank,,,,,,8,204
oracle_strict,oracle,strict,0.15,6,107,rank2,0.05,lowrank,,,,,,8,204
oracle_strict,oracle,strict,0.15,6,107,rank2,0.1,lowrank,,,,,,8,204
oracle_strict,oracle,strict,0.15,6,107,rank2,0.2,lowrank,,,,,,8,204
oracle_strict,oracle,strict,0.15,6,107,rank2,0.4,lowrank,,,,,,8,204
oracle_strict,oracle,strict,0.15,6,107,rank2,0.7,lowrank,,,,,,8,204
oracle_strict,oracle,strict,0.15,7,108,rank2,0.05,lowrank,,,,,,8,204
oracle_strict,oracle,strict,0.15,7,108,rank2,0.1,lowrank,,,,,,8,204
oracle_strict,oracle,strict,0.15,7,108,rank2,0.2,lowrank,,,,,,8,204
oracle_strict,oracle,strict,0.15,7,108,rank2,0.4,lowrank,,,,,,8,204
oracle_strict,oracle,strict,0.15,7,108,rank2,0.7,lowrank,,,,,,8,204
oracle_strict,oracle,strict,0.15,8,109,rank2,0.05,lowrank,,,,,,8,204
oracle_strict,oracle,strict,0.15,8,109,rank2,0.1,lowrank,,,,,,8,204
oracle_strict,oracle,strict,0.15,8,109,rank2,0.2,lowrank,,,,,,8,204
oracle_strict,oracle,strict,0.15,8,109,rank2,0.4,lowrank,,,,,,8,204
oracle_strict,oracle,strict,0.15,8,109,rank2,0.7,lowrank,,,,,,8,204
oracle_strict,oracle,strict,0.15,9,110,rank2,0.05,lowrank,,,,,,8,204
oracle_strict,oracle,strict,0.15,9,110,rank2,0.1,lowrank,,,,,,8,204
oracle_strict,oracle,strict,0.15,9,110,rank2,0.2,lowrank,,,,,,8,204
oracle_strict,oracle,strict,0.15,9,110,rank2,0.4,lowrank,,,,,,8,204
oracle_strict,oracle,strict,0.15,9,110,rank2,0.7,lowrank,,,,,,8,204
oracle_strict,oracle,strict,0.15,10,111,rank2,0.05,lowrank,,,,,,8,204
oracle_strict,oracle,strict,0.15,10,111,rank2,0.1,lowrank,,,,,,8,204
oracle_strict,oracle,strict,0.15,10,111,rank2,0.2,lowrank,,,,,,8,204
oracle_strict,oracle,strict,0.15,10,111,rank2,0.4,lowrank,,,,,,8,204
oracle_strict,oracle,strict,0.15,10,111,rank2,0.7,lowrank,,,,,,8,204
oracle_strict,oracle,strict,0.15,11,112,rank2,0.05,lowrank,,,,,,8,204
oracle_strict,oracle,strict,0.15,11,112,rank2,0.1,lowrank,,,,,,8,204
oracle_strict,oracle,strict,0.15,11,112,rank2,0.2,lowrank,,,,,,8,204
oracle_strict,oracle,strict,0.15,11,112,rank2,0.4,lowrank,,,,,,8,204
oracle_strict,oracle,strict,0.15,11,112,rank2,0.7,lowrank,,,,,,8,204
oracle_strict,oracle,strict,0.15,12,113,rank2,0.05,lowrank,,,,,,8,204
oracle_strict,oracle,strict,0.15,12,113,rank2,0.1,lowrank,,,,,,8,204
oracle_strict,oracle,strict,0.15,12,113,rank2,0.2,lowrank,,,,,,8,204
oracle_strict,oracle,strict,0.15,12,113,rank2,0.4,lowrank,,,,,,8,204
oracle_strict,oracle,strict,0.15,12,113,rank2,0.7,lowrank,,,,,,8,204
oracle_strict,oracle,strict,0.15,13,114,rank2,0.05,lowrank,,,,,,8,204
oracle_strict,oracle,strict,0.15,13,114,rank2,0.1,lowrank,,,,,,8,204
oracle_strict,oracle,strict,0.15,13,114,rank2,0.2,lowrank,,,,,,8,204
oracle_strict,oracle,strict,0.15,13,114,rank2,0.4,lowrank,,,,,,8,204
oracle_strict,oracle,strict,0.15,13,114,rank2,0.7,lowrank,,,,,,8,204
oracle_strict,oracle,strict,0.15,14,115,rank2,0.05,lowrank,,,,,,8,204
oracle_strict,oracle,strict,0.15,14,115,rank2,0.1,lowrank,,,,,,8,204
oracle_strict,oracle,strict,0.15,14,115,rank2,0.2,lowrank,,,,,,8,204
oracle_strict,oracle,strict,0.15,14,115,rank2,0.4,lowrank,,,,,,8,204
oracle_strict,oracle,strict,0.15,14,115,rank2,0.7,lowrank,,,,,,8,204
oracle_strict,oracle,strict,0.15,15,116,rank2,0.05,lowrank,,,,,,8,204
oracle_strict,oracle,strict,0.15,15,116,rank2,0.1,lowrank,,,,,,8,204
oracle_strict,oracle,strict,0.15,15,116,rank2,0.2,lowrank,,,,,,8,204
oracle_strict,oracle,strict,0.15,15,116,rank2,0.4,lowrank,,,,,,8,204
oracle_strict,oracle,strict,0.15,15,116,rank2,0.7,lowrank,,,,,,8,204
oracle_strict,oracle,strict,0.15,16,117,rank2,0.05,lowrank,,,,,,8,204
oracle_strict,oracle,strict,0.15,16,117,rank2,0.1,lowrank,,,,,,8,204
oracle_strict,oracle,strict,0.15,16,117,rank2,0.2,lowrank,,,,,,8,204
oracle_strict,oracle,strict,0.15,16,117,rank2,0.4,lowrank,,,,,,8,204
oracle_strict,oracle,strict,0.15,16,117,rank2,0.7,lowrank,,,,,,8,204
oracle_strict,oracle,strict,0.15,17,118,rank2,0.05,lowrank,,,,,,8,204
oracle_strict,oracle,strict,0.15,17,118,rank2,0.1,lowrank,,,,,,8,204
oracle_strict,oracle,strict,0.15,17,118,rank2,0.2,lowrank,,,,,,8,204
oracle_strict,oracle,strict,0.15,17,118,rank2,0.4,lowrank,,,,,,8,204
oracle_strict,oracle,strict,0.15,17,118,rank2,0.7,lowrank,,,,,,8,204
oracle_strict,oracle,strict,0.15,18,119,rank2,0.05,lowrank,,,,,,8,204
oracle_strict,oracle,strict,0.15,18,119,rank2,0.1,lowrank,,,,,,8,204
oracle_strict,oracle,strict,0.15,18,119,rank2,0.2,lowrank,,,,,,8,204
oracle_strict,oracle,strict,0.15,18,119,rank2,0.4,lowrank,,,,,,8,204
oracle_strict,oracle,strict,0.15,18,119,rank2,0.7,lowrank,,,,,,8,204
oracle_strict,oracle,strict,0.15,19,120,rank2,0.05,lowrank,,,,,,8,204
oracle_strict,oracle,strict,0.15,19,120,rank2,0.1,lowrank,,,,,,8,204
oracle_strict,oracle,strict,0.15,19,120,rank2,0.2,lowrank,,,,,,8,204
oracle_strict,oracle,strict,0.15,19,120,rank2,0.4,lowrank,,,,,,8,204
oracle_strict,oracle,strict,0.15,19,120,rank2,0.7,lowrank,,,,,,8,204
primary,joint,strict,0.15,0,101,honest_alpha,0.4,lowrank,-0.0034146800259883814,0.004977011178702013,-0.02124035388570064,-0.019481591629091268,,4,1856
primary,joint,strict,0.15,0,101,honest_alpha,0.4,potential,0.0,0.0,,,,4,100
primary,joint,strict,0.15,0,101,honest_alpha,0.4,zero,0.0,0.0,,,,4,0
primary,joint,strict,0.15,0,101,honest_alpha,0.7,lowrank,-0.0022252065167599477,0.0044504130335198955,-0.036115802068921246,-0.02492381760518033,,4,864
primary,joint,strict,0.15,0,101,honest_alpha,0.7,potential,-0.00023302527818946928,0.0027067792527859175,0.03673684225769798,-0.07593291370781599,,4,100
primary,joint,strict,0.15,0,101,honest_alpha,0.7,zero,0.0,0.0,,,,4,0
primary,joint,strict,0.15,0,101,rank2,0.05,lowrank,-0.001586277015644566,0.003922732479548598,0.02695227459251065,0.03269914659604562,,8,204
primary,joint,strict,0.15,0,101,rank2,0.1,lowrank,-0.017460331865549836,0.02729010361085118,0.01029862194628981,0.006410463494434616,,8,204
primary,joint,strict,0.15,0,101,rank2,0.2,lowrank,-0.009092357745773424,0.00990507202639786,-0.010907492025830072,-0.009786675963364222,,8,204
primary,joint,strict,0.15,0,101,rank2,0.4,lowrank,-0.005801933596978268,0.012779870546247516,-0.0005777051200319927,0.0002297467090565455,,8,204
primary,joint,strict,0.15,0,101,rank2,0.7,lowrank,-0.0018757540977567128,0.0019046168963859256,-0.007750672985251002,-0.007991447001513458,,8,204
primary,joint,strict,0.15,1,102,honest_alpha,0.4,lowrank,0.0024322916668420014,0.002887235895452838,0.07249804298442358,0.05792905987004317,,4,1856
primary,joint,strict,0.15,1,102,honest_alpha,0.4,potential,0.0008403509604044679,0.001076878712909248,0.04704269506782663,-0.0763802637667785,,4,100
primary,joint,strict,0.15,1,102,honest_alpha,0.4,zero,0.0,0.0,,,,4,0
primary,joint,strict,0.15,1,102,honest_alpha,0.7,lowrank,-0.004156863124726851,0.004441191085103322,-0.011279231111383159,-0.004891522961594673,,4,864
primary,joint,strict,0.15,1,102,honest_alpha,0.7,potential,0.00014524666414686416,0.0012960357101319394,0.029265066065324846,-0.012679172855773751,,4,100
primary,joint,strict,0.15,1,102,honest_alpha,0.7,zero,0.0,0.0,,,,4,0
primary,joint,strict,0.15,1,102,rank2,0.05,lowrank,-0.05628530366804828,0.1325057402245364,-0.006618737412807137,-0.0005744146146123841,,8,204
primary,joint,strict,0.15,1,102,rank2,0.1,lowrank,-0.027673783915493744,0.03954483895389444,0.009184605395566082,0.010734395061275957,,8,204
primary,joint,strict,0.15,1,102,rank2,0.2,lowrank,-0.0029758986684541577,0.004478236972585363,0.018441585195463534,0.023874694267376467,,8,204
primary,joint,strict,0.15,1,102,rank2,0.4,lowrank,-0.0036969118594195605,0.005393509275099938,0.014653686710420314,0.01588306236702474,,8,204
primary,joint,strict,0.15,1,102,rank2,0.7,lowrank,-0.004267059240633447,0.006269527877657619,0.013443282682160825,0.008429112367002365,,8,204
primary,joint,strict,0.15,2,103,honest_alpha,0.4,lowrank,-0.0007843107333075916,0.0021305270971447255,0.03624902960554824,0.05109184096435499,,4,1856
primary,joint,strict,0.15,2,103,honest_alpha,0.4,potential,-0.0001249222504356995,0.0002521031721723591,-0.006982281744733896,-0.03181992577056835,,4,100
primary,joint,strict,0.15,2,103,honest_alpha,0.4,zero,0.0,0.0,,,,4,0
primary,joint,strict,0.15,2,103,honest_alpha,0.7,lowrank,-0.0007045615844315789,0.0019110071412544128,0.008272683911294099,0.004635032062856921,,4,1856
primary,joint,strict,0.15,2,103,honest_alpha,0.7,potential,-0.0006825321803211049,0.0011052401524673104,-0.03203811130090513,-0.10651800363891398,,4,100
primary,joint,strict,0.15,2,103,honest_alpha,0.7,zero,0.0,0.0,,,,4,0
primary,joint,strict,0.15,2,103,rank2,0.05,lowrank,-0.03363343552435816,0.04691765283661199,-0.010641083904830559,-0.01037303219475609,,8,204
primary,joint,strict,0.15,2,103,rank2,0.1,lowrank,-0.026968332457277366,0.05618481522926763,-0.003663284683887178,0.002482591791626759,,8,204
primary,joint,strict,0.15,2,103,rank2,0.2,lowrank,-0.006206210555873962,0.008865433017982203,-0.013573129208262397,-0.03056261369286695,,8,204
primary,joint,strict,0.15,2,103,rank2,0.4,lowrank,-0.004540064920103989,0.008654536410501554,-0.0066203014124880605,-0.009647803820371724,,8,204
primary,joint,strict,0.15,2,103,rank2,0.7,lowrank,-0.002248906245794699,0.003733718982686567,-0.0009349070030780227,-0.009796706401431618,,8,204
primary,joint,strict,0.15,3,104,honest_alpha,0.4,lowrank,-0.0004670690915044018,0.0006282964854142024,0.0005189886275805897,-0.007822968952018814,,4,1856
primary,joint,strict,0.15,3,104,honest_alpha,0.4,potential,-0.0010249984781082744,0.0008987193896466483,-0.025245836592081294,-0.07355079391598264,,4,100
primary,joint,strict,0.15,3,104,honest_alpha,0.4,zero,0.0,0.0,,,,4,0
primary,joint,strict,0.15,3,104,honest_alpha,0.7,lowrank,-0.0010756813109211172,0.0021513626218422344,0.002676791003575065,0.037850752556163374,,4,1856
primary,joint,strict,0.15,3,104,honest_alpha,0.7,potential,-0.0005428377349587232,0.0006270913485121006,-0.020782149156349513,-0.06014972509785478,,4,100
primary,joint,strict,0.15,3,104,honest_alpha,0.7,zero,0.0,0.0,,,,4,0
primary,joint,strict,0.15,3,104,rank2,0.05,lowrank,-0.06278783503272192,0.05347275193840376,0.007925171367459096,0.005492484671038395,,8,204
primary,joint,strict,0.15,3,104,rank2,0.1,lowrank,-0.036916145999070865,0.03997811943106384,0.006400246577983915,0.004579213339316167,,8,204
primary,joint,strict,0.15,3,104,rank2,0.2,lowrank,-0.006016827046794709,0.004054283049039732,-0.006666118992984954,0.007468358702471504,,8,204
primary,joint,strict,0.15,3,104,rank2,0.4,lowrank,-0.0037718856180197213,0.007229638606770013,0.02352136873974859,0.028010580874146873,,8,204
primary,joint,strict,0.15,3,104,rank2,0.7,lowrank,4.9284164724439083e-05,0.002518072295251571,0.023131565196281973,0.021634713037882513,,8,204
primary,joint,strict,0.15,4,105,honest_alpha,0.4,lowrank,-0.0005760644778752821,0.0006883824461090398,-0.015942601995918317,-0.0036046952893313902,,4,416
primary,joint,strict,0.15,4,105,honest_alpha,0.4,potential,0.0004932751729808948,0.0009865503459617897,0.04818921629997465,-0.08183455835268987,,4,100
primary,joint,strict,0.15,4,105,honest_alpha,0.4,zero,0.0,0.0,,,,4,0
primary,joint,strict,0.15,4,105,honest_alpha,0.7,lowrank,-0.0006915475903465362,0.0017963631088580322,-0.0020906149557874815,-0.008632194082516559,,4,1856
primary,joint,strict,0.15,4,105,honest_alpha,0.7,potential,-0.00036023631435500025,0.0007204726287100005,-0.0357477244689004,-0.14917988352085979,,4,100
primary,joint,strict,0.15,4,105,honest_alpha,0.7,zero,0.0,0.0,,,,4,0
primary,joint,strict,0.15,4,105,rank2,0.05,lowrank,-0.017422665410230048,0.0214881002766442,0.008366016455658784,0.005175514438098122,,8,204
primary,joint,strict,0.15,4,105,rank2,0.1,lowrank,-0.06662368206171089,0.15468739866205444,0.0032704695861853574,0.010931811968420637,,8,204
primary,joint,strict,0.15,4,105,rank2,0.2,lowrank,-0.009663650336579482,0.02215508473127183,-0.0006057662963585911,-0.002123086375678313,,8,204
primary,joint,strict,0.15,4,105,rank2,0.4,lowrank,-0.0041982542450653415,0.009172137109916469,-0.000905021133090305,-0.022364890128248632,,8,204
primary,joint,strict,0.15,4,105,rank2,0.7,lowrank,-0.0010106123620908375,0.0036466724694727485,0.02134664880026277,-0.00148968141527932,,8,204
primary,joint,strict,0.15,5,106,honest_alpha,0.4,lowrank,8.499753514801256e-05,0.0014922457628551763,0.018627517756633703,0.05713338827020868,,4,1856
primary,joint,strict,0.15,5,106,honest_alpha,0.4,potential,-0.0008316902482352895,0.0026854689823881833,0.0010631101533216901,-0.061513014021370015,,4,100
primary,joint,strict,0.15,5,106,honest_alpha,0.4,zero,0.0,0.0,,,,4,0
primary,joint,strict,0.15,5,106,honest_alpha,0.7,lowrank,-0.0004987301209451456,0.0009974602418902911,-0.007987932062138638,-0.02304180733840052,,4,1856
primary,joint,strict,0.15,5,106,honest_alpha,0.7,potential,0.0002352167667769578,0.000880267711560646,0.023369661241625365,-0.011763385734771065,,4,100
primary,joint,strict,0.15,5,106,honest_alpha,0.7,zero,0.0,0.0,,,,4,0
primary,joint,strict,0.15,5,106,rank2,0.05,lowrank,-0.03408416724103876,0.054577458868412226,0.0006448443101649886,-0.009925101331772625,,8,204
primary,joint,strict,0.15,5,106,rank2,0.1,lowrank,-0.030800531272029405,0.038527606638184254,-0.01383805346247757,-0.006410481103650285,,8,204
primary,joint,strict,0.15,5,106,rank2,0.2,lowrank,-0.0046676526000644925,0.00910554419244506,-0.0007307174708299145,-0.0073649401665193985,,8,204
primary,joint,strict,0.15,5,106,rank2,0.4,lowrank,-0.002386374942672853,0.004828407292886637,0.010446188114031323,0.0002600867886892941,,8,204
primary,joint,strict,0.15,5,106,rank2,0.7,lowrank,-0.021425242881056406,0.05287999146358125,0.008709892141511744,0.006624723216858348,,8,204
primary,joint,strict,0.15,6,107,honest_alpha,0.4,lowrank,-0.0011485638817256838,0.0022971277634513676,0.015468874744824501,0.020714088838337332,,4,864
primary,joint,strict,0.15,6,107,honest_alpha,0.4,potential,0.0011287926414919602,0.0017923905990006397,0.03377674510584568,-0.06426100796735852,,4,100
primary,joint,strict,0.15,6,107,honest_alpha,0.4,zero,0.0,0.0,,,,4,0
primary,joint,strict,0.15,6,107,honest_alpha,0.7,lowrank,-8.234385192226745e-05,0.0006167511719248226,0.011244648562518233,0.015099081393301662,,4,864
primary,joint,strict,0.15,6,107,honest_alpha,0.7,potential,-0.00030107424279224304,0.000596416121450174,-0.01448169843969726,-0.08833203434652892,,4,100
primary,joint,strict,0.15,6,107,honest_alpha,0.7,zero,0.0,0.0,,,,4,0
primary,joint,strict,0.15,6,107,rank2,0.05,lowrank,-0.027954829063688985,0.06593169162133018,-0.036386770601249604,-0.042356260780627784,,8,204
primary,joint,strict,0.15,6,107,rank2,0.1,lowrank,-0.007511774503633828,0.010933635812068658,-0.006238643055730369,0.003308811869233274,,8,204
primary,joint,strict,0.15,6,107,rank2,0.2,lowrank,-0.006191096192850368,0.0054999323635748845,-0.01809330226624959,-0.0051502877458838355,,8,204
primary,joint,strict,0.15,6,107,rank2,0.4,lowrank,-0.0056356797423530725,0.010216847871853627,-0.01574090702812345,-0.016637038770365292,,8,204
primary,joint,strict,0.15,6,107,rank2,0.7,lowrank,-0.0032381030380211895,0.006506412896127987,-0.010658142221516172,-0.006552809900786899,,8,204
primary,joint,strict,0.15,7,108,honest_alpha,0.4,lowrank,-0.0011108118446903625,0.002751035650952539,0.02881039272398556,0.012526338220084608,,4,1856
primary,joint,strict,0.15,7,108,honest_alpha,0.4,potential,-0.0006133038124462309,0.0009977760110402533,-0.006162317746585541,-0.019299389499498325,,4,100
primary,joint,strict,0.15,7,108,honest_alpha,0.4,zero,0.0,0.0,,,,4,0
primary,joint,strict,0.15,7,108,honest_alpha,0.7,lowrank,-0.00024204130675081759,0.00048408261350163517,-0.005789961611431447,0.0060975336175501035,,4,864
primary,joint,strict,0.15,7,108,honest_alpha,0.7,potential,-0.0001452618424481189,0.00029052368489623786,-0.01584250802916161,-0.03011675158794196,,4,100
primary,joint,strict,0.15,7,108,honest_alpha,0.7,zero,0.0,0.0,,,,4,0
primary,joint,strict,0.15,7,108,rank2,0.05,lowrank,-0.021189867063957507,0.01938733227808592,-1.3025944238852005e-06,0.0004885106243205955,,8,204
primary,joint,strict,0.15,7,108,rank2,0.1,lowrank,-0.014214057975401206,0.021954329756524078,0.03301026012193167,0.02854266425442445,,8,204
primary,joint,strict,0.15,7,108,rank2,0.2,lowrank,-0.0041156377744800965,0.006662716376982196,-0.011607084234669463,-0.00950920783918214,,8,204
primary,joint,strict,0.15,7,108,rank2,0.4,lowrank,-0.00392909409923696,0.005287960625071908,-0.013093178582824,-0.004825966766092428,,8,204
primary,joint,strict,0.15,7,108,rank2,0.7,lowrank,-0.0011223279588879892,0.002943304647342228,0.009312932100377468,0.0023131834982785216,,8,204
primary,joint,strict,0.15,8,109,honest_alpha,0.4,lowrank,-0.0076304979618255775,0.015260995923651155,-0.06284763858916177,-0.08300057469396031,,4,864
primary,joint,strict,0.15,8,109,honest_alpha,0.4,potential,0.00015848330110784792,0.00031696660221569584,0.03012270553129431,0.016116648401895597,,4,100
primary,joint,strict,0.15,8,109,honest_alpha,0.4,zero,0.0,0.0,,,,4,0
primary,joint,strict,0.15,8,109,honest_alpha,0.7,lowrank,-0.0009220730278852174,0.0018441460557704348,0.02091067824071067,0.010148804855532578,,4,204
primary,joint,strict,0.15,8,109,honest_alpha,0.7,potential,0.00038166999040881167,0.0007633399808176233,0.05061116196998585,0.03784032930726317,,4,100
primary,joint,strict,0.15,8,109,honest_alpha,0.7,zero,0.0,0.0,,,,4,0
primary,joint,strict,0.15,8,109,rank2,0.05,lowrank,-0.1624022825479451,0.1905686626421343,0.0038462180712721,0.011482696156603925,,8,204
primary,joint,strict,0.15,8,109,rank2,0.1,lowrank,-0.016122122445671544,0.03247941959587977,0.0028894673707091667,-0.0045660993606788,,8,204
primary,joint,strict,0.15,8,109,rank2,0.2,lowrank,-0.00152654454096611,0.0048102197857109175,0.0225390425352243,0.034523669837587895,,8,204
primary,joint,strict,0.15,8,109,rank2,0.4,lowrank,-0.0051527403157448914,0.007899997349489277,0.010385959918760113,0.014625546999001163,,8,204
primary,joint,strict,0.15,8,109,rank2,0.7,lowrank,-0.0030365842518021435,0.005232729740404369,0.015035647454428187,0.008593828237071758,,8,204
primary,joint,strict,0.15,9,110,honest_alpha,0.4,lowrank,-0.001498827420626292,0.002997654841252584,0.017780146445264874,-0.0003331623976593225,,4,1856
primary,joint,strict,0.15,9,110,honest_alpha,0.4,potential,0.0004701238458406365,0.0014202023414991907,0.017210827499244203,-0.044143288305864344,,4,100
primary,joint,strict,0.15,9,110,honest_alpha,0.4,zero,0.0,0.0,,,,4,0
primary,joint,strict,0.15,9,110,honest_alpha,0.7,lowrank,-0.003894493764532214,0.005172505484040065,-0.05198282313824638,-0.03217348750071871,,4,1856
primary,joint,strict,0.15,9,110,honest_alpha,0.7,potential,0.0006690568086503146,0.001094106455564457,0.05310052347007365,0.03804705865053568,,4,100
primary,joint,strict,0.15,9,110,honest_alpha,0.7,zero,0.0,0.0,,,,4,0
primary,joint,strict,0.15,9,110,rank2,0.05,lowrank,-0.007758991707427221,0.011120232139305002,-0.01264830724015189,-0.01514473482635024,,8,204
primary,joint,strict,0.15,9,110,rank2,0.1,lowrank,-0.008686366066494644,0.016928230778825597,-0.013053162575242874,-0.0006936156836018365,,8,204
primary,joint,strict,0.15,9,110,rank2,0.2,lowrank,-0.004198482927672498,0.006817014761082198,-0.00402707962745313,-0.008129184831780033,,8,204
primary,joint,strict,0.15,9,110,rank2,0.4,lowrank,-0.0037849733122408413,0.005842099060747445,-0.004231180081785771,-0.014701365374601844,,8,204
primary,joint,strict,0.15,9,110,rank2,0.7,lowrank,-0.001533630735934599,0.0028358135494879985,0.008393016995007977,-0.0010067424255482814,,8,204
primary,joint,strict,0.15,10,111,honest_alpha,0.4,lowrank,-0.004373639539470758,0.005039795355441255,-0.0032761520141925877,-0.009254279612183265,,4,1856
primary,joint,strict,0.15,10,111,honest_alpha,0.4,potential,-0.0029720771588439554,0.0008100523812266062,-0.031025233992501844,-0.1394846152713667,,4,100
primary,joint,strict,0.15,10,111,honest_alpha,0.4,zero,0.0,0.0,,,,4,0
primary,joint,strict,0.15,10,111,honest_alpha,0.7,lowrank,0.00016497532965367712,0.0005767372583716999,0.016661900951952188,0.021648030785233162,,4,864
primary,joint,strict,0.15,10,111,honest_alpha,0.7,potential,-0.0010977777709518244,0.002655682555090769,-0.01278121174440651,-0.11165062125835365,,4,100
primary,joint,strict,0.15,10,111,honest_alpha,0.7,zero,0.0,0.0,,,,4,0
primary,joint,strict,0.15,10,111,rank2,0.05,lowrank,-0.016491936057915893,0.02999009884764835,0.02369566656129605,0.005190800283182753,,8,204
primary,joint,strict,0.15,10,111,rank2,0.1,lowrank,-0.0161338191001741,0.04162609421659222,0.022676823234179588,0.011125094296044113,,8,204
primary,joint,strict,0.15,10,111,rank2,0.2,lowrank,-0.008849633541259685,0.012180156526048928,-0.009307556818535066,-0.0056433412038804295,,8,204
primary,joint,strict,0.15,10,111,rank2,0.4,lowrank,-0.0028497129177559727,0.004372823799435529,0.005073854441292099,-0.0004823361715756778,,8,204
primary,joint,strict,0.15,10,111,rank2,0.7,lowrank,7.055353196407099e-05,0.001911695811312381,0.01449021329956179,0.0037646355827011956,,8,204
primary,joint,strict,0.15,11,112,honest_alpha,0.4,lowrank,-0.01304034534747095,0.0149366711292497,-0.030376623500506395,-0.006953416606569567,,4,1856
primary,joint,strict,0.15,11,112,honest_alpha,0.4,potential,-0.0011962224691755563,0.0015409830377661354,-0.005717658708389067,-0.12504183086814444,,4,100
primary,joint,strict,0.15,11,112,honest_alpha,0.4,zero,0.0,0.0,,,,4,0
primary,joint,strict,0.15,11,112,honest_alpha,0.7,lowrank,-0.0011968056715218611,0.0023936113430437223,0.014358703944600204,0.032191476356339004,,4,1856
primary,joint,strict,0.15,11,112,honest_alpha,0.7,potential,-0.00024970904282334283,0.0002091942195302421,-0.00910629877447211,-0.1175830601129605,,4,100
primary,joint,strict,0.15,11,112,honest_alpha,0.7,zero,0.0,0.0,,,,4,0
primary,joint,strict,0.15,11,112,rank2,0.05,lowrank,-0.013336322918603954,0.011662767934482189,-0.0233966858492435,-0.020256835210354686,,8,204
primary,joint,strict,0.15,11,112,rank2,0.1,lowrank,-0.019233607008556017,0.02192029300152153,0.004810037771287952,0.002764306328715939,,8,204
primary,joint,strict,0.15,11,112,rank2,0.2,lowrank,-0.003168036419394199,0.0026520518308262688,0.005359237708985272,0.010387472387772474,,8,204
primary,joint,strict,0.15,11,112,rank2,0.4,lowrank,-0.002202181917954543,0.002911452309978159,-0.0016107980261009405,-0.002114258805472014,,8,204
primary,joint,strict,0.15,11,112,rank2,0.7,lowrank,-0.0018784339308088593,0.00218911357072014,-0.0024370276148042015,0.00011160506648884889,,8,204
primary,joint,strict,0.15,12,113,honest_alpha,0.4,lowrank,0.00038513751932039986,0.0009960242012567973,0.05696885674196194,0.060829364839332004,,4,1856
primary,joint,strict,0.15,12,113,honest_alpha,0.4,potential,-0.0007049072594879635,0.0022862694036306745,-0.00031317205263790447,-0.05879598216450055,,4,100
primary,joint,strict,0.15,12,113,honest_alpha,0.4,zero,0.0,0.0,,,,4,0
primary,joint,strict,0.15,12,113,honest_alpha,0.7,lowrank,0.0006814499949926722,0.0008844174267247267,0.04161186974580693,0.04349118957007421,,4,1856
primary,joint,strict,0.15,12,113,honest_alpha,0.7,potential,-0.0006552565551175005,0.002140180806083487,0.01969537865240886,-0.08192227000140903,,4,100
primary,joint,strict,0.15,12,113,honest_alpha,0.7,zero,0.0,0.0,,,,4,0
primary,joint,strict,0.15,12,113,rank2,0.05,lowrank,-0.05329559547818308,0.08198679103325543,-0.0059419341240779825,-0.0063036548266225045,,8,204
primary,joint,strict,0.15,12,113,rank2,0.1,lowrank,-0.012514328161013749,0.021812570289212112,0.005819231360476987,0.008975860448493574,,8,204
primary,joint,strict,0.15,12,113,rank2,0.2,lowrank,-0.0057031930481096504,0.0124725248208651,6.873957603298023e-05,0.0006744176347937277,,8,204
primary,joint,strict,0.15,12,113,rank2,0.4,lowrank,-0.010512795201149644,0.02676058366878737,-0.014878125651079124,-0.0019562783041221768,,8,204
primary,joint,strict,0.15,12,113,rank2,0.7,lowrank,-0.00243074259636078,0.0030758919822596177,-0.005140391122150857,0.010089059040379144,,8,204
primary,joint,strict,0.15,13,114,honest_alpha,0.4,lowrank,-0.0005322415182122398,0.0010644830364244795,0.006365646233809041,-0.0032126803971881204,,4,864
primary,joint,strict,0.15,13,114,honest_alpha,0.4,potential,0.003403227559365618,0.0047235759633322124,0.06329216423588377,-0.021378375800511745,,4,100
primary,joint,strict,0.15,13,114,honest_alpha,0.4,zero,0.0,0.0,,,,4,0
primary,joint,strict,0.15,13,114,honest_alpha,0.7,lowrank,0.0001679452930944958,0.0003358905861889916,0.030246825055198375,-0.003855215692065422,,4,1856
primary,joint,strict,0.15,13,114,honest_alpha,0.7,potential,0.0006120983086671528,0.0006951491453451792,0.03590393384999354,-0.012125988938731217,,4,100
primary,joint,strict,0.15,13,114,honest_alpha,0.7,zero,0.0,0.0,,,,4,0
primary,joint,strict,0.15,13,114,rank2,0.05,lowrank,-0.012035335380850165,0.020129272480292056,-0.008768442513236807,0.010429827017034184,,8,204
primary,joint,strict,0.15,13,114,rank2,0.1,lowrank,-0.013414912526377554,0.02252514672533395,-0.011890216683142728,-0.01173989560373776,,8,204
primary,joint,strict,0.15,13,114,rank2,0.2,lowrank,-0.011185590125123032,0.01597180997490365,0.0026581488797590537,0.002649772845810596,,8,204
primary,joint,strict,0.15,13,114,rank2,0.4,lowrank,-0.0074150565640606625,0.00972071177266243,-0.0076600984179990735,-0.004106903152692473,,8,204
primary,joint,strict,0.15,13,114,rank2,0.7,lowrank,-0.002202815016381171,0.0029362272634917315,-0.018946142637619987,0.006211128052473877,,8,204
primary,joint,strict,0.15,14,115,honest_alpha,0.4,lowrank,-0.00452298244079663,0.006458260893883479,0.007192732133935678,1.064982881362452e-05,,4,416
primary,joint,strict,0.15,14,115,honest_alpha,0.4,potential,0.00019116959835357994,0.0009419100495083873,0.02201863274907076,-0.023752086411272754,,4,100
primary,joint,strict,0.15,14,115,honest_alpha,0.4,zero,0.0,0.0,,,,4,0
primary,joint,strict,0.15,14,115,honest_alpha,0.7,lowrank,-0.0026353434021280098,0.0022440105901289074,-0.008841682514490395,-0.03050654736870938,,4,1856
primary,joint,strict,0.15,14,115,honest_alpha,0.7,potential,-0.001203128556815647,0.002406257113631294,-0.06660705421777885,-0.1889237707376625,,4,100
primary,joint,strict,0.15,14,115,honest_alpha,0.7,zero,0.0,0.0,,,,4,0
primary,joint,strict,0.15,14,115,rank2,0.05,lowrank,-0.07394670574237852,0.0962533445967086,0.016505381261174505,0.008135133348979653,,8,204
primary,joint,strict,0.15,14,115,rank2,0.1,lowrank,-0.013626375613026168,0.01920952225200089,0.01871573887861866,0.006618490078899828,,8,204
primary,joint,strict,0.15,14,115,rank2,0.2,lowrank,-0.007559894454387303,0.011050610023484371,0.007429686142721154,-0.006914237511855126,,8,204
primary,joint,strict,0.15,14,115,rank2,0.4,lowrank,-0.0036348741092770698,0.009014338014307396,0.03283737615839258,0.018297369821670725,,8,204
primary,joint,strict,0.15,14,115,rank2,0.7,lowrank,-0.002070000223208121,0.004690762996043361,0.018968252541428986,0.0016204200901255626,,8,204
primary,joint,strict,0.15,15,116,honest_alpha,0.4,lowrank,-0.009745983499304667,0.015397020351157956,-0.008526214196131142,0.005041379719664896,,4,1856
primary,joint,strict,0.15,15,116,honest_alpha,0.4,potential,-0.00014145150330996392,0.00017345482226646908,0.018651525605170634,-0.028218164338033872,,4,100
primary,joint,strict,0.15,15,116,honest_alpha,0.4,zero,0.0,0.0,,,,4,0
primary,joint,strict,0.15,15,116,honest_alpha,0.7,lowrank,-0.006695288672137811,0.010147301190948954,-0.0152607923051397,-0.012192232639798342,,4,1856
primary,joint,strict,0.15,15,116,honest_alpha,0.7,potential,-0.0006426853876112526,0.0010619651630122283,-0.0038279195865619647,-0.10983700223136429,,4,100
primary,joint,strict,0.15,15,116,honest_alpha,0.7,zero,0.0,0.0,,,,4,0
primary,joint,strict,0.15,15,116,rank2,0.05,lowrank,-0.1089401539257451,0.22271736131549766,-0.007043149303794512,-0.007049928982395918,,8,204
primary,joint,strict,0.15,15,116,rank2,0.1,lowrank,-0.02846755891923891,0.04733446964143333,-0.01853785609066377,-0.019426799172913123,,8,204
primary,joint,strict,0.15,15,116,rank2,0.2,lowrank,-0.0030093455562472393,0.004124490702426662,-0.00019611015226735987,0.003537958792410979,,8,204
primary,joint,strict,0.15,15,116,rank2,0.4,lowrank,-0.006514054640433475,0.01226023693287047,-0.013520263425655274,-0.0028425930281079453,,8,204
primary,joint,strict,0.15,15,116,rank2,0.7,lowrank,-0.0008018292215035416,0.001012180601338575,-0.005829390726684616,-0.00469002598393393,,8,204
primary,joint,strict,0.15,16,117,honest_alpha,0.4,lowrank,-0.0005185714792710905,0.0012999337932111637,-0.0037018461673329235,-0.014994227452877961,,4,864
primary,joint,strict,0.15,16,117,honest_alpha,0.4,potential,0.00013517615997221677,0.0035190847949540427,0.026957956210523826,-0.10311102204990369,,4,100
primary,joint,strict,0.15,16,117,honest_alpha,0.4,zero,0.0,0.0,,,,4,0
primary,joint,strict,0.15,16,117,honest_alpha,0.7,lowrank,-0.002817892427815105,0.005029417995608504,0.018122944753960073,0.02043225839535911,,4,1856
primary,joint,strict,0.15,16,117,honest_alpha,0.7,potential,-0.0005831437649914673,0.0011785241029966542,-0.003831509494876013,-0.07332160688414377,,4,100
primary,joint,strict,0.15,16,117,honest_alpha,0.7,zero,0.0,0.0,,,,4,0
primary,joint,strict,0.15,16,117,rank2,0.05,lowrank,-0.037289121678794696,0.057607344850096706,-0.011627895900262903,-0.0006513389143957073,,8,204
primary,joint,strict,0.15,16,117,rank2,0.1,lowrank,-0.01942279545378356,0.039858868269067725,-0.0002997736417583015,0.004834387983170925,,8,204
primary,joint,strict,0.15,16,117,rank2,0.2,lowrank,-0.0024130289655432263,0.007054029229780126,-0.0010199698077572258,-0.0015280128869675856,,8,204
primary,joint,strict,0.15,16,117,rank2,0.4,lowrank,-0.001587962025913922,0.00325022596367348,0.012926709712658174,0.030263485297893838,,8,204
primary,joint,strict,0.15,16,117,rank2,0.7,lowrank,-0.0005768667965850294,0.0009064960021718606,-0.013540086749366435,-0.00804590524875722,,8,204
primary,joint,strict,0.15,17,118,honest_alpha,0.4,lowrank,0.0,0.0,,,,4,1856
primary,joint,strict,0.15,17,118,honest_alpha,0.4,potential,0.004177714222558165,0.007935409683255394,0.06834645962683979,0.023234838446167718,,4,100
primary,joint,strict,0.15,17,118,honest_alpha,0.4,zero,0.0,0.0,,,,4,0
primary,joint,strict,0.15,17,118,honest_alpha,0.7,lowrank,-0.005621545378377557,0.011243090756755114,0.033467629969541855,0.012506106533871506,,4,1856
primary,joint,strict,0.15,17,118,honest_alpha,0.7,potential,0.0016046261023356934,0.0027200713355122765,0.04171735160488843,0.005004946013783257,,4,100
primary,joint,strict,0.15,17,118,honest_alpha,0.7,zero,0.0,0.0,,,,4,0
primary,joint,strict,0.15,17,118,rank2,0.05,lowrank,-0.05887128926850804,0.13753572492549573,-0.0009086324945578664,0.0015154388768308668,,8,204
primary,joint,strict,0.15,17,118,rank2,0.1,lowrank,-0.0035991471087367666,0.007672475575586089,-0.002876672712908075,-0.002083375665825886,,8,204
primary,joint,strict,0.15,17,118,rank2,0.2,lowrank,-0.003301207999749395,0.005366144559175919,-0.0076533685165763015,0.0011471817831507631,,8,204
primary,joint,strict,0.15,17,118,rank2,0.4,lowrank,-0.00218865344397981,0.006703076787396977,0.009815321816495876,0.004175678543208316,,8,204
primary,joint,strict,0.15,17,118,rank2,0.7,lowrank,-0.0005855642424037744,0.0019886362750747536,0.0023363594736805315,-0.0018742047480255913,,8,204
primary,joint,strict,0.15,18,119,honest_alpha,0.4,lowrank,-0.009271985872573385,0.01593451542038846,-0.005823276031418354,0.009356343715578431,,4,864
primary,joint,strict,0.15,18,119,honest_alpha,0.4,potential,0.0004204464361718674,0.0013402455306384185,0.037582349858161265,-0.05612447999107215,,4,100
primary,joint,strict,0.15,18,119,honest_alpha,0.4,zero,0.0,0.0,,,,4,0
primary,joint,strict,0.15,18,119,honest_alpha,0.7,lowrank,-0.0005860563165295818,0.0011721126330591636,-0.03460398243950394,-0.032463690143048854,,4,1856
primary,joint,strict,0.15,18,119,honest_alpha,0.7,potential,-0.0010285254444047376,0.0030414811674877294,0.011834513499862758,-0.10719596191187385,,4,100
primary,joint,strict,0.15,18,119,honest_alpha,0.7,zero,0.0,0.0,,,,4,0
primary,joint,strict,0.15,18,119,rank2,0.05,lowrank,-0.018430204553231577,0.026178553757272193,-0.007294483970150617,-0.0020240281578555474,,8,204
primary,joint,strict,0.15,18,119,rank2,0.1,lowrank,-0.027297059078065955,0.03230840452190743,-0.01641601178109541,-0.011704196876054443,,8,204
primary,joint,strict,0.15,18,119,rank2,0.2,lowrank,-0.009123882027276764,0.010591248890207947,-0.0038327863935916956,0.005465546490355682,,8,204
primary,joint,strict,0.15,18,119,rank2,0.4,lowrank,-0.003109283079276756,0.005550126017858683,-0.007922793626982111,0.0022905093542585813,,8,204
primary,joint,strict,0.15,18,119,rank2,0.7,lowrank,-0.0026437844764452822,0.004498367059083387,-0.02972629760325267,-0.015597852538609642,,8,204
primary,joint,strict,0.15,19,120,honest_alpha,0.4,lowrank,-0.010934505508601478,0.020255760260553177,-0.02209716171331816,-0.01564034495182795,,4,416
primary,joint,strict,0.15,19,120,honest_alpha,0.4,potential,-0.001823828595569399,0.0052363234445693425,-0.01881182843424764,-0.05527156794855586,,4,100
primary,joint,strict,0.15,19,120,honest_alpha,0.4,zero,0.0,0.0,,,,4,0
primary,joint,strict,0.15,19,120,honest_alpha,0.7,lowrank,-3.1656997232787365e-06,0.0005450325694370316,0.022964302151017045,0.0248504699034809,,4,1856
primary,joint,strict,0.15,19,120,honest_alpha,0.7,potential,-0.0007048653879218603,0.0011915345032584691,-0.00979256021398949,-0.08640226472698613,,4,100
primary,joint,strict,0.15,19,120,honest_alpha,0.7,zero,0.0,0.0,,,,4,0
primary,joint,strict,0.15,19,120,rank2,0.05,lowrank,-0.05613176644002957,0.07147422877829777,-0.0060764315798923964,-0.012074181567743477,,8,204
primary,joint,strict,0.15,19,120,rank2,0.1,lowrank,-0.014533898303336928,0.019167021046849256,-0.001332556601341903,-0.003963241341186857,,8,204
primary,joint,strict,0.15,19,120,rank2,0.2,lowrank,-0.0012335394399317912,0.002581123381719096,0.0034711782164981394,-0.012129705690479553,,8,204
primary,joint,strict,0.15,19,120,rank2,0.4,lowrank,-0.006243983798668085,0.014551537854922128,0.011436737978219385,-0.012913623264584341,,8,204
primary,joint,strict,0.15,19,120,rank2,0.7,lowrank,-0.0019571559561168267,0.00391839385868465,-0.010759094962062165,-0.022255328322049732,,8,204
realism,joint,nuisance,0.15,0,101,honest_alpha,0.4,lowrank,-0.001960030662944312,0.003920061325888624,0.009259377159006401,0.029423046298302977,0.4931506849315068,4,864
realism,joint,nuisance,0.15,0,101,honest_alpha,0.4,potential,-0.0005407607572798789,0.0006788508044724404,-0.04498037379037901,-0.15582260042754,0.5308219178082192,4,100
realism,joint,nuisance,0.15,0,101,honest_alpha,0.4,zero,0.0,0.0,,,,4,0
realism,joint,nuisance,0.15,0,101,honest_alpha,0.7,lowrank,-0.0029097340370223546,0.008351683754419185,-0.0028102107227356795,-0.010372004514715052,0.49974579182411544,4,864
realism,joint,nuisance,0.15,0,101,honest_alpha,0.7,potential,0.0007719577186531823,0.00101306570836296,0.062377068525650205,0.021844255528291532,0.5965258215962441,4,100
realism,joint,nuisance,0.15,0,101,honest_alpha,0.7,zero,0.0,0.0,,,,4,0
realism,joint,nuisance,0.15,0,101,rank2,0.05,lowrank,-0.055051023706809685,0.1073691391648784,-0.012542795149301091,-0.014431675724791898,0.49724561572538883,8,204
realism,joint,nuisance,0.15,0,101,rank2,0.1,lowrank,-0.009273586472048762,0.020019041612966297,-0.005737683897212912,0.004029016726502402,0.4914250658302807,8,204
realism,joint,nuisance,0.15,0,101,rank2,0.2,lowrank,-0.001627498596688523,0.0023407505167774624,-0.0029029910342554025,0.007885537912717377,0.505853560722076,8,204
realism,joint,nuisance,0.15,0,101,rank2,0.4,lowrank,-0.0026200079969934398,0.0033972031290476403,-0.017462640662916105,-0.014113776215054835,0.4963073683229322,8,204
realism,joint,nuisance,0.15,0,101,rank2,0.7,lowrank,-0.002581923445549056,0.005066220392034073,0.007014850518237097,0.0021213722960497583,0.5030592870107028,8,204
realism,joint,nuisance,0.15,1,102,honest_alpha,0.4,lowrank,-0.0007111367162826454,0.001102488181496984,-0.021617835888325942,-0.043951136582211704,0.450609756097561,4,864
realism,joint,nuisance,0.15,1,102,honest_alpha,0.4,potential,0.00018270545645529546,0.0003654109129105909,0.04708167682387189,-0.07212470205609142,0.6833333333333333,4,100
realism,joint,nuisance,0.15,1,102,honest_alpha,0.4,zero,0.0,0.0,,,,4,0
realism,joint,nuisance,0.15,1,102,honest_alpha,0.7,lowrank,-0.001159598650492949,0.0037210662076412105,0.02509141018515224,-0.0034238091192986216,0.524420261691929,4,1856
realism,joint,nuisance,0.15,1,102,honest_alpha,0.7,potential,0.0015709116018385039,0.0031418232036770077,0.1064598882547978,0.01960678112982722,0.6144578313253012,4,100
realism,joint,nuisance,0.15,1,102,honest_alpha,0.7,zero,0.0,0.0,,,,4,0
realism,joint,nuisance,0.15,1,102,rank2,0.05,lowrank,-0.05405324831440167,0.12303350535500122,0.0020822686760981848,-0.01155760460550402,0.4883631385299905,8,204
realism,joint,nuisance,0.15,1,102,rank2,0.1,lowrank,-0.022224835002972648,0.04494186012929267,-0.00896085656434597,-0.01805147226972758,0.4665651410212868,8,204
realism,joint,nuisance,0.15,1,102,rank2,0.2,lowrank,-0.005434255122415549,0.010962597709842897,0.007202684821592915,0.0018700630689919358,0.4889470271899877,8,204
realism,joint,nuisance,0.15,1,102,rank2,0.4,lowrank,-0.00475923270338055,0.009336373875101788,0.021292677300259934,0.0053089949670524885,0.4980911516352724,8,204
realism,joint,nuisance,0.15,1,102,rank2,0.7,lowrank,-0.0027237599928867234,0.006295163469042524,-0.00040087477441702645,0.0005123928401757649,0.45800004895623975,8,204
realism,joint,nuisance,0.15,2,103,honest_alpha,0.4,lowrank,0.0005723456924899284,0.0011446913849798568,0.048833380316604176,0.07461203828385882,0.5641025641025641,4,1856
realism,joint,nuisance,0.15,2,103,honest_alpha,0.4,potential,0.0,0.0,,,,4,100
realism,joint,nuisance,0.15,2,103,honest_alpha,0.4,zero,0.0,0.0,,,,4,0
realism,joint,nuisance,0.15,2,103,honest_alpha,0.7,lowrank,-0.0002555952474146972,0.0003299964793124405,-0.007646791638986241,-0.0031092801559717918,0.5338396624472574,4,864
realism,joint,nuisance,0.15,2,103,honest_alpha,0.7,potential,-0.00023799190296697192,0.00047598380593394385,-0.02159423477930363,-0.06934779516588001,0.49333333333333335,4,100
realism,joint,nuisance,0.15,2,103,honest_alpha,0.7,zero,0.0,0.0,,,,4,0
realism,joint,nuisance,0.15,2,103,rank2,0.05,lowrank,-0.02874147346257047,0.038900624396329186,0.0011315209306883953,0.007820026630799056,0.5038452238237431,8,204
realism,joint,nuisance,0.15,2,103,rank2,0.1,lowrank,-0.008568564195918504,0.007093890864416052,0.009798960413837153,0.023185125505547674,0.5383439338189745,8,204
realism,joint,nuisance,0.15,2,103,rank2,0.2,lowrank,-0.018727820608649665,0.031663000786459346,0.020401192368793848,0.014309973617985397,0.5137391642631877,8,204
realism,joint,nuisance,0.15,2,103,rank2,0.4,lowrank,-0.004181121483985473,0.008955737638755353,-0.004519714740291567,0.00035007018058658205,0.503968253968254,8,204
realism,joint,nuisance,0.15,2,103,rank2,0.7,lowrank,-0.0019928191212941204,0.004746207068511556,0.012683153650767059,0.02513456901523419,0.4992761055369751,8,204
realism,joint,nuisance,0.15,3,104,honest_alpha,0.4,lowrank,-0.0017061525415872358,0.0020561084224100298,-0.009939764595241471,-0.018755916246194475,0.4951798294401187,4,864
realism,joint,nuisance,0.15,3,104,honest_alpha,0.4,potential,0.0003080362348991672,0.00159538353223598,0.010459716653985393,-0.0705341813878798,0.5636586080525039,4,100
realism,joint,nuisance,0.15,3,104,honest_alpha,0.4,zero,0.0,0.0,,,,4,0
realism,joint,nuisance,0.15,3,104,honest_alpha,0.7,lowrank,7.143474643281356e-05,0.0001428694928656271,0.024028569242687196,0.014034485415910845,0.5,4,864
realism,joint,nuisance,0.15,3,104,honest_alpha,0.7,potential,-0.0009202507322490505,0.0018011241658431956,-0.025756513929951843,-0.10382401705705348,0.5109903381642512,4,100
realism,joint,nuisance,0.15,3,104,honest_alpha,0.7,zero,0.0,0.0,,,,4,0
realism,joint,nuisance,0.15,3,104,rank2,0.05,lowrank,-0.03343310855488714,0.09554404218554713,0.024021465374836775,0.006515373246652464,0.5153420289713082,8,204
realism,joint,nuisance,0.15,3,104,rank2,0.1,lowrank,-0.022155650215806677,0.04860869352489716,-0.008360341307004552,0.0013031970974143915,0.5070037967111821,8,204
realism,joint,nuisance,0.15,3,104,rank2,0.2,lowrank,-0.018796588065274192,0.03376682976029734,-0.004432112582442481,-0.003319760794265622,0.48607807996905833,8,204
realism,joint,nuisance,0.15,3,104,rank2,0.4,lowrank,-0.004534725663725397,0.005638597004894573,-0.01159368122048426,-0.0221628460308081,0.4790623779068989,8,204
realism,joint,nuisance,0.15,3,104,rank2,0.7,lowrank,-0.0017350294770926422,0.0021584307421400853,-0.008019729203437983,0.0044890436126118404,0.4731238363618156,8,204
realism,joint,nuisance,0.15,4,105,honest_alpha,0.4,lowrank,-0.004466863712662916,0.008933727425325833,0.014329084825855015,0.02315221972506229,0.5277777777777778,4,1856
realism,joint,nuisance,0.15,4,105,honest_alpha,0.4,potential,-0.0016573093514207216,0.003314618702841443,0.07526185174321443,-0.011660989914085575,0.6744186046511628,4,100
realism,joint,nuisance,0.15,4,105,honest_alpha,0.4,zero,0.0,0.0,,,,4,0
realism,joint,nuisance,0.15,4,105,honest_alpha,0.7,lowrank,-0.003027345971973794,0.005332360346769061,0.034259837247175684,0.02672518101143583,0.4648855542224308,4,864
realism,joint,nuisance,0.15,4,105,honest_alpha,0.7,potential,0.0008957879179252448,0.001384148076191885,0.05711980762893441,-0.04107926479228659,0.5672819689673623,4,100
realism,joint,nuisance,0.15,4,105,honest_alpha,0.7,zero,0.0,0.0,,,,4,0
realism,joint,nuisance,0.15,4,105,rank2,0.05,lowrank,-0.02059003048143948,0.04074902620840631,0.018148917287947545,0.005617570116147872,0.5272516437744984,8,204
realism,joint,nuisance,0.15,4,105,rank2,0.1,lowrank,-0.00771999820182076,0.008589409554726557,0.0329794966225286,0.028254836328367065,0.539108812948085,8,204
realism,joint,nuisance,0.15,4,105,rank2,0.2,lowrank,-0.014512529710065947,0.029269259485250994,0.010140664183207072,0.0033800939981561647,0.5005954714010472,8,204
realism,joint,nuisance,0.15,4,105,rank2,0.4,lowrank,-0.004702541176971942,0.010377584325646073,0.031187035021102344,0.004577064095825774,0.5669075307299812,8,204
realism,joint,nuisance,0.15,4,105,rank2,0.7,lowrank,-0.004145841712918055,0.008974221346171941,0.017994991820635776,0.005212382972746069,0.5054971413879537,8,204
realism,joint,nuisance,0.15,5,106,honest_alpha,0.4,lowrank,-0.0010581467876893402,0.0021162935753786805,0.03391668834406663,0.06448906870569021,0.5875,4,864
realism,joint,nuisance,0.15,5,106,honest_alpha,0.4,potential,0.0004740958750336921,0.0009477090246575,0.03461826804663457,-0.03586841843622831,0.555197068012497,4,100
realism,joint,nuisance,0.15,5,106,honest_alpha,0.4,zero,0.0,0.0,,,,4,0
realism,joint,nuisance,0.15,5,106,honest_alpha,0.7,lowrank,-6.2259820526267e-05,0.000124519641052534,0.021662203967980388,0.04763108393370938,0.5526315789473685,4,864
realism,joint,nuisance,0.15,5,106,honest_alpha,0.7,potential,-0.00023844173429005133,0.0009651163166414518,0.01063241943357475,-0.11395977569314462,0.5733766233766233,4,100
realism,joint,nuisance,0.15,5,106,honest_alpha,0.7,zero,0.0,0.0,,,,4,0
realism,joint,nuisance,0.15,5,106,rank2,0.05,lowrank,-0.03369233570218448,0.06309580770699162,0.009576357574927105,0.003112425354068298,0.5130153578270185,8,204
realism,joint,nuisance,0.15,5,106,rank2,0.1,lowrank,-0.007512259888105735,0.015287180348252879,0.012013360947128038,0.02225507169884179,0.5048173747360739,8,204
realism,joint,nuisance,0.15,5,106,rank2,0.2,lowrank,-0.008158360934816727,0.011632783629523982,-0.018152627444353354,-0.002953786485870424,0.4854839563649282,8,204
realism,joint,nuisance,0.15,5,106,rank2,0.4,lowrank,-0.003221661640844059,0.005247374317911284,-0.01649566988951646,0.00892922627504214,0.45096654297123384,8,204
realism,joint,nuisance,0.15,5,106,rank2,0.7,lowrank,-0.0021951562898319815,0.0038854681510629378,-0.011172245307620085,-0.0001577034169270208,0.4558383135072331,8,204
realism,joint,nuisance,0.15,6,107,honest_alpha,0.4,lowrank,-0.0035734044748108873,0.005350701061564368,0.012048885067169416,0.014214553059675533,0.5035452974803168,4,864
realism,joint,nuisance,0.15,6,107,honest_alpha,0.4,potential,0.00033269200944757715,0.0005671900794661306,0.016110028386126015,0.007847694000171325,0.49453276283902087,4,100
realism,joint,nuisance,0.15,6,107,honest_alpha,0.4,zero,0.0,0.0,,,,4,0
realism,joint,nuisance,0.15,6,107,honest_alpha,0.7,lowrank,0.0,0.0,,,,4,864
realism,joint,nuisance,0.15,6,107,honest_alpha,0.7,potential,0.00013998827526542912,0.00027997655053085824,0.026850780903767295,-0.1288096302051778,0.5538461538461539,4,100
realism,joint,nuisance,0.15,6,107,honest_alpha,0.7,zero,0.0,0.0,,,,4,0
realism,joint,nuisance,0.15,6,107,rank2,0.05,lowrank,-0.01834775485772565,0.023335760372161906,0.02072588349255292,0.023224878554321204,0.5364751735719477,8,204
realism,joint,nuisance,0.15,6,107,rank2,0.1,lowrank,-0.018506446612010827,0.025680532299017463,-0.0016487644036219443,0.0032519190967981054,0.5129683498700249,8,204
realism,joint,nuisance,0.15,6,107,rank2,0.2,lowrank,-0.014301780367672753,0.02281964144226413,-0.013632394942356657,0.0009413377677265257,0.49922640813189995,8,204
realism,joint,nuisance,0.15,6,107,rank2,0.4,lowrank,-0.003078474438121953,0.003936675498881611,-0.015005358458980341,-0.012228872174663537,0.5096589893967842,8,204
realism,joint,nuisance,0.15,6,107,rank2,0.7,lowrank,-0.001381320603169492,0.00195221990066932,-0.01499095268992008,-0.012994255799406123,0.5002224795256361,8,204
realism,joint,nuisance,0.15,7,108,honest_alpha,0.4,lowrank,-0.003221544919503383,0.004138477324798552,-0.050021998392934114,-0.02709105993540713,0.4553030303030303,4,1856
realism,joint,nuisance,0.15,7,108,honest_alpha,0.4,potential,-0.00021479968537052585,0.00042428327764995627,-0.008054749732602886,-0.040023654836354866,0.5045454545454545,4,100
realism,joint,nuisance,0.15,7,108,honest_alpha,0.4,zero,0.0,0.0,,,,4,0
realism,joint,nuisance,0.15,7,108,honest_alpha,0.7,lowrank,0.0006917747453863143,0.000932423422893531,0.04399810126497687,0.01938238322763918,0.5360807679576299,4,864
realism,joint,nuisance,0.15,7,108,honest_alpha,0.7,potential,0.0005599198875961275,0.001119839775192255,0.1114046539075805,0.043682467457688834,0.6226415094339622,4,100
realism,joint,nuisance,0.15,7,108,honest_alpha,0.7,zero,0.0,0.0,,,,4,0
realism,joint,nuisance,0.15,7,108,rank2,0.05,lowrank,-0.028359241011160025,0.03387438782831874,-0.020211637355381305,-0.014544553520136243,0.451218306254982,8,204
realism,joint,nuisance,0.15,7,108,rank2,0.1,lowrank,-0.014511037759496276,0.028511841541808188,-0.004998798686434856,0.012242085133242313,0.47795950274364085,8,204
realism,joint,nuisance,0.15,7,108,rank2,0.2,lowrank,-0.0041868404746238375,0.007920896657655281,0.006697005661637687,-0.001426955693592415,0.4918579450582127,8,204
realism,joint,nuisance,0.15,7,108,rank2,0.4,lowrank,-0.0020479769503286283,0.0029464960664332017,-0.007867606449584846,-0.009332368269209875,0.46489787049109077,8,204
realism,joint,nuisance,0.15,7,108,rank2,0.7,lowrank,-0.0014356522489617218,0.0029949572031071174,-0.010318585593250752,-0.0020116397997685708,0.4814253655925315,8,204
realism,joint,nuisance,0.15,8,109,honest_alpha,0.4,lowrank,-0.000716812942716083,0.001433625885432166,0.00027089890656391453,-0.012318464932780717,0.5436893203883495,4,864
realism,joint,nuisance,0.15,8,109,honest_alpha,0.4,potential,0.00046054740138007366,0.0009210948027601473,0.07229174604952349,0.034887496093614356,0.5952380952380952,4,100
realism,joint,nuisance,0.15,8,109,honest_alpha,0.4,zero,0.0,0.0,,,,4,0
realism,joint,nuisance,0.15,8,109,honest_alpha,0.7,lowrank,-0.0010205349931988184,0.0020410699863976367,-0.030924930324780206,-0.029505016981454805,0.48,4,864
realism,joint,nuisance,0.15,8,109,honest_alpha,0.7,potential,0.0004799774154592984,0.001108650092308687,0.027300041434980153,-0.004904750742691338,0.6406036517202832,4,100
realism,joint,nuisance,0.15,8,109,honest_alpha,0.7,zero,0.0,0.0,,,,4,0
realism,joint,nuisance,0.15,8,109,rank2,0.05,lowrank,-0.007192244518416477,0.008428426025218438,-0.00542572021923532,-0.0044577434334397495,0.48704638664088135,8,204
realism,joint,nuisance,0.15,8,109,rank2,0.1,lowrank,-0.009359463090282683,0.009943853495948032,-0.010162937285085105,-0.009387822568713608,0.47146512847835514,8,204
realism,joint,nuisance,0.15,8,109,rank2,0.2,lowrank,-0.005400820642255555,0.008545185156210087,0.005232418328140999,0.013835058105251334,0.5057968002780521,8,204
realism,joint,nuisance,0.15,8,109,rank2,0.4,lowrank,-0.0013525847063201452,0.0024225958004908004,0.002768090757013221,0.0026443367210749764,0.5151922708174813,8,204
realism,joint,nuisance,0.15,8,109,rank2,0.7,lowrank,-0.0009737775417466288,0.0020638779720223302,-0.007355582788151835,-0.007969643973989235,0.4921547928326567,8,204
realism,joint,nuisance,0.15,9,110,honest_alpha,0.4,lowrank,4.0922805397691775e-06,8.184561079538355e-06,0.017302054348366257,0.007578640765013509,0.5057471264367817,4,1856
realism,joint,nuisance,0.15,9,110,honest_alpha,0.4,potential,-0.0005929569850743888,0.0005609295939678754,-0.015568517977048371,-0.03765351244254233,0.4863543393488947,4,100
realism,joint,nuisance,0.15,9,110,honest_alpha,0.4,zero,0.0,0.0,,,,4,0
realism,joint,nuisance,0.15,9,110,honest_alpha,0.7,lowrank,-0.000866610969994186,0.001733221939988372,-0.042610201937708814,-0.032381467388115724,0.4868421052631579,4,864
realism,joint,nuisance,0.15,9,110,honest_alpha,0.7,potential,0.00021898784711749109,0.00043797569423498217,0.02917080981734313,-0.09685887680486989,0.6052631578947368,4,100
realism,joint,nuisance,0.15,9,110,honest_alpha,0.7,zero,0.0,0.0,,,,4,0
realism,joint,nuisance,0.15,9,110,rank2,0.05,lowrank,-0.07905291485697666,0.08884565974019408,0.0014088198481426435,0.006817528350902,0.5212181243640116,8,204
realism,joint,nuisance,0.15,9,110,rank2,0.1,lowrank,-0.010254597764986884,0.019308123452030847,0.026653050395657678,0.017083484198525765,0.5249567505668182,8,204
realism,joint,nuisance,0.15,9,110,rank2,0.2,lowrank,-0.005981799507180599,0.010901355073682615,0.005316185642094414,0.007916830242937078,0.5116103571205429,8,204
realism,joint,nuisance,0.15,9,110,rank2,0.4,lowrank,-0.009212408195664157,0.01694110157385875,-0.017204509968522488,-0.007265732413950683,0.46631407419696014,8,204
realism,joint,nuisance,0.15,9,110,rank2,0.7,lowrank,-0.004429050060444598,0.009294142687364889,-0.007328811508766037,-0.0015356936687145886,0.47908413857212073,8,204
realism,joint,nuisance,0.15,10,111,honest_alpha,0.4,lowrank,-0.01215546272391324,0.024532952938016685,-0.029336005347997147,-0.020789096422139816,0.47466578643340485,4,864
realism,joint,nuisance,0.15,10,111,honest_alpha,0.4,potential,0.0009457589608827532,0.008012062146458313,0.0069622710161077045,-0.04393434022002514,0.5201450443190975,4,100
realism,joint,nuisance,0.15,10,111,honest_alpha,0.4,zero,0.0,0.0,,,,4,0
realism,joint,nuisance,0.15,10,111,honest_alpha,0.7,lowrank,0.0,0.0,,,,4,864
realism,joint,nuisance,0.15,10,111,honest_alpha,0.7,potential,-0.0013130143019204343,0.0026260286038408687,-0.0626143742162947,-0.07035476902710475,0.4057971014492754,4,100
realism,joint,nuisance,0.15,10,111,honest_alpha,0.7,zero,0.0,0.0,,,,4,0
realism,joint,nuisance,0.15,10,111,rank2,0.05,lowrank,-0.04231507946402566,0.06365243789480268,-0.0037594919195613457,-3.07194310481965e-05,0.5091142174812762,8,204
realism,joint,nuisance,0.15,10,111,rank2,0.1,lowrank,-0.036293095568111056,0.06134656757744414,-0.012418843898211901,-0.017259107972571637,0.5037914252186056,8,204
realism,joint,nuisance,0.15,10,111,rank2,0.2,lowrank,-0.030190964229298317,0.06258805208226062,-0.0010114597619979213,-0.0019475579841441084,0.4977810020872633,8,204
realism,joint,nuisance,0.15,10,111,rank2,0.4,lowrank,-0.011372542574553404,0.026410849337553173,0.0051785847981711125,0.005233330542861415,0.5127073603433352,8,204
realism,joint,nuisance,0.15,10,111,rank2,0.7,lowrank,-0.002694942273314571,0.004335072677711369,-0.005478587925255289,-0.002586583875892118,0.5239742105423724,8,204
realism,joint,nuisance,0.15,11,112,honest_alpha,0.4,lowrank,-0.0010866441300499963,0.0021732882600999925,-0.0123341550250565,-5.094874433551788e-05,0.5,4,1856
realism,joint,nuisance,0.15,11,112,honest_alpha,0.4,potential,0.002213111443584631,0.0050814492250075526,0.04363130273333605,-0.05021559180362406,0.5451383052542206,4,100
realism,joint,nuisance,0.15,11,112,honest_alpha,0.4,zero,0.0,0.0,,,,4,0
realism,joint,nuisance,0.15,11,112,honest_alpha,0.7,lowrank,-0.00574095017553744,0.004670127596508909,-0.045365328696122094,-0.02588831149486486,0.48833569572407276,4,1856
realism,joint,nuisance,0.15,11,112,honest_alpha,0.7,potential,-0.0008277591562429742,0.004080303793722518,-0.0068110805788940895,-0.13758452749993907,0.6152941176470588,4,100
realism,joint,nuisance,0.15,11,112,honest_alpha,0.7,zero,0.0,0.0,,,,4,0
realism,joint,nuisance,0.15,11,112,rank2,0.05,lowrank,-0.10834592064011803,0.21933891871777553,0.008847754959131062,-0.0005087019258428662,0.49051365813754166,8,204
realism,joint,nuisance,0.15,11,112,rank2,0.1,lowrank,-0.0027427084594945778,0.005907557566368123,0.018393122221663716,0.021063154153039925,0.5203864131667325,8,204
realism,joint,nuisance,0.15,11,112,rank2,0.2,lowrank,-0.008061298432908398,0.014858290694111249,0.014408617314247989,0.02009157669605007,0.5085315887597754,8,204
realism,joint,nuisance,0.15,11,112,rank2,0.4,lowrank,-0.002580183704916403,0.0057997948278930254,0.015490143286600784,0.027710322529801986,0.5067159618058452,8,204
realism,joint,nuisance,0.15,11,112,rank2,0.7,lowrank,-0.0005369646165156033,0.0014751077566674358,0.012289898782494282,0.014043736952794298,0.5064790139577414,8,204
realism,joint,nuisance,0.15,12,113,honest_alpha,0.4,lowrank,0.0,0.0,,,,4,1856
realism,joint,nuisance,0.15,12,113,honest_alpha,0.4,potential,0.001967790381053075,0.0025851468282224086,0.05663224941509837,-0.03104374004811745,0.5474065550014916,4,100
realism,joint,nuisance,0.15,12,113,honest_alpha,0.4,zero,0.0,0.0,,,,4,0
realism,joint,nuisance,0.15,12,113,honest_alpha,0.7,lowrank,-0.005815207228398289,0.011630414456796578,-0.05862621563973103,-0.05094899727121751,0.4358974358974359,4,1856
realism,joint,nuisance,0.15,12,113,honest_alpha,0.7,potential,0.001233388145083586,0.0012816429572136028,0.06392857327453204,0.04260221244755496,0.5292980681422808,4,100
realism,joint,nuisance,0.15,12,113,honest_alpha,0.7,zero,0.0,0.0,,,,4,0
realism,joint,nuisance,0.15,12,113,rank2,0.05,lowrank,-0.10766639227461526,0.2397164846086491,0.0022751908043223156,0.0020510362507138225,0.5356689744110988,8,204
realism,joint,nuisance,0.15,12,113,rank2,0.1,lowrank,-0.019909837936243818,0.03514290610014624,0.030359986045341743,0.03268881234652549,0.5742470299531296,8,204
realism,joint,nuisance,0.15,12,113,rank2,0.2,lowrank,-0.008609430682535987,0.01077283315984769,-0.0023184229679229333,0.013002735324273543,0.5039892767289327,8,204
realism,joint,nuisance,0.15,12,113,rank2,0.4,lowrank,-0.0032718129395360313,0.005070273233850848,0.0014484056318491965,0.00720456820523797,0.499217213836284,8,204
realism,joint,nuisance,0.15,12,113,rank2,0.7,lowrank,-0.0031073933057326197,0.004259448036491118,0.003855414898688377,0.01909933011679573,0.518433434459233,8,204
realism,joint,nuisance,0.15,13,114,honest_alpha,0.4,lowrank,-0.015595837958847392,0.015009581823331506,-0.02172819146681675,-0.011940756511548883,0.46922548582128076,4,1856
realism,joint,nuisance,0.15,13,114,honest_alpha,0.4,potential,0.00013870141147678816,0.0002774028229535763,0.01838426116309604,-0.020477857229238082,0.5555555555555556,4,100
realism,joint,nuisance,0.15,13,114,honest_alpha,0.4,zero,0.0,0.0,,,,4,0
realism,joint,nuisance,0.15,13,114,honest_alpha,0.7,lowrank,-0.005686746184172531,0.007116108986540577,-0.015482122345600882,0.0028053922271383744,0.4658066406157152,4,1856
realism,joint,nuisance,0.15,13,114,honest_alpha,0.7,potential,0.0004653134961793981,0.0005474182578461126,0.049793754950943805,0.0016104018970763724,0.5469077568134172,4,100
realism,joint,nuisance,0.15,13,114,honest_alpha,0.7,zero,0.0,0.0,,,,4,0
realism,joint,nuisance,0.15,13,114,rank2,0.05,lowrank,-0.0385410943959372,0.08007083192306257,-0.004979566186435278,-0.004314780457718192,0.4955556520355606,8,204
realism,joint,nuisance,0.15,13,114,rank2,0.1,lowrank,-0.006875092828203241,0.011069381956587751,-0.008086132986036406,-0.00047699822271024366,0.4741469894648933,8,204
realism,joint,nuisance,0.15,13,114,rank2,0.2,lowrank,-0.0009746044229841655,0.0014329675232496604,0.009981682891408779,0.016224095357020872,0.4848849671417034,8,204
realism,joint,nuisance,0.15,13,114,rank2,0.4,lowrank,-0.006904126772687563,0.009024432911878766,-0.017070795610681318,-0.003772839060626334,0.46444039104912105,8,204
realism,joint,nuisance,0.15,13,114,rank2,0.7,lowrank,-0.002186691006394778,0.003725980487540696,-0.016601594760165993,-0.011368365971199468,0.487722675423099,8,204
realism,joint,nuisance,0.15,14,115,honest_alpha,0.4,lowrank,-0.00031483886857430754,0.0006296777371486151,-0.012248082738923586,-0.03126917095237117,0.44871794871794873,4,1856
realism,joint,nuisance,0.15,14,115,honest_alpha,0.4,potential,-0.0007546650386155984,0.0008763630778420795,-0.03910220472197297,-0.03849555896230835,0.43012820512820515,4,100
realism,joint,nuisance,0.15,14,115,honest_alpha,0.4,zero,0.0,0.0,,,,4,0
realism,joint,nuisance,0.15,14,115,honest_alpha,0.7,lowrank,0.0,0.0,,,,4,1856
realism,joint,nuisance,0.15,14,115,honest_alpha,0.7,potential,-0.0001579116703470662,0.0003158233406941324,-0.0249341260092265,-0.005697500435147209,0.4625,4,100
realism,joint,nuisance,0.15,14,115,honest_alpha,0.7,zero,0.0,0.0,,,,4,0
realism,joint,nuisance,0.15,14,115,rank2,0.05,lowrank,-0.027183649788624642,0.03928803990297837,0.0005800711579791075,0.002232738171095503,0.5240383029639323,8,204
realism,joint,nuisance,0.15,14,115,rank2,0.1,lowrank,-0.01412983088588296,0.021567790659383364,-0.0028442052992049337,0.015614552327337524,0.49459111108930726,8,204
realism,joint,nuisance,0.15,14,115,rank2,0.2,lowrank,-0.007716328036882672,0.019610943462886117,0.009127897454765117,0.0064366253836876,0.5057946444178179,8,204
realism,joint,nuisance,0.15,14,115,rank2,0.4,lowrank,-0.00031473894875365394,0.0007873714361367635,-0.00268968192429748,0.003579526244691447,0.5266935688458154,8,204
realism,joint,nuisance,0.15,14,115,rank2,0.7,lowrank,-0.0018023933736961567,0.00289925311740094,7.8283540317745e-05,0.0045124553683411036,0.5101269676415067,8,204
realism,joint,nuisance,0.15,15,116,honest_alpha,0.4,lowrank,-0.0015903457286930434,0.0025498721823623005,-0.01226379764402479,0.020786929272477037,0.45625,4,864
realism,joint,nuisance,0.15,15,116,honest_alpha,0.4,potential,-0.0005614846922609162,0.0007377124485302991,-0.030726593542998316,-0.05414135308988207,0.5120192307692308,4,100
realism,joint,nuisance,0.15,15,116,honest_alpha,0.4,zero,0.0,0.0,,,,4,0
realism,joint,nuisance,0.15,15,116,honest_alpha,0.7,lowrank,-0.0004899264768097877,0.0005667759702108571,0.02538542703518534,0.02717840011145377,0.47243975903614455,4,864
realism,joint,nuisance,0.15,15,116,honest_alpha,0.7,potential,0.0003897125293189363,0.0007794250586378726,0.055706048237519776,0.02073619154303321,0.525,4,100
realism,joint,nuisance,0.15,15,116,honest_alpha,0.7,zero,0.0,0.0,,,,4,0
realism,joint,nuisance,0.15,15,116,rank2,0.05,lowrank,-0.064753820582782,0.14905700946642722,0.008313293036940051,0.012484209623861394,0.5099889795265833,8,204
realism,joint,nuisance,0.15,15,116,rank2,0.1,lowrank,-0.006970062495349677,0.006349553160038543,0.0015367294637996392,0.003279745803770341,0.4949267887547658,8,204
realism,joint,nuisance,0.15,15,116,rank2,0.2,lowrank,-0.008550642218484755,0.012081163536348983,0.0063834824576531005,0.013176808925453823,0.5155350821126145,8,204
realism,joint,nuisance,0.15,15,116,rank2,0.4,lowrank,-0.004548660807451241,0.00852852810790165,0.004551468716694139,0.004867039753080115,0.5048572353482672,8,204
realism,joint,nuisance,0.15,15,116,rank2,0.7,lowrank,-0.006341908688327416,0.014514415366195278,0.022948184263715653,0.007687127662396266,0.5495929287801637,8,204
realism,joint,nuisance,0.15,16,117,honest_alpha,0.4,lowrank,-0.005630824298124171,0.011261648596248341,-0.05145543551651837,-0.03172724305193743,0.5066666666666667,4,864
realism,joint,nuisance,0.15,16,117,honest_alpha,0.4,potential,0.0025394799423942016,0.0025489795524754034,0.06232097854818843,0.018859427389250727,0.541682559004531,4,100
realism,joint,nuisance,0.15,16,117,honest_alpha,0.4,zero,0.0,0.0,,,,4,0
realism,joint,nuisance,0.15,16,117,honest_alpha,0.7,lowrank,-0.001609516406154976,0.0018714284028481644,0.006778230434576477,0.02216699815375143,0.5096491228070176,4,864
realism,joint,nuisance,0.15,16,117,honest_alpha,0.7,potential,1.320750907352064e-05,0.00010003265340392188,0.009937149604877071,-0.013837320019170356,0.55762001156738,4,100
realism,joint,nuisance,0.15,16,117,honest_alpha,0.7,zero,0.0,0.0,,,,4,0
realism,joint,nuisance,0.15,16,117,rank2,0.05,lowrank,-0.03794497482941661,0.04537094663155383,-0.0038315005429021844,-0.0034168023429604817,0.505117766707681,8,204
realism,joint,nuisance,0.15,16,117,rank2,0.1,lowrank,-0.034214106079819395,0.03744444963631523,-0.011749994087288138,-0.015489186602559438,0.4752885606507977,8,204
realism,joint,nuisance,0.15,16,117,rank2,0.2,lowrank,-0.00494347214262475,0.00871020545165127,0.01368112149914355,0.004665338910850251,0.5060596496504816,8,204
realism,joint,nuisance,0.15,16,117,rank2,0.4,lowrank,-0.003132914870029785,0.005247027140273502,-0.012632165649115698,0.016334036060106243,0.4988304706046642,8,204
realism,joint,nuisance,0.15,16,117,rank2,0.7,lowrank,-0.000901642181452389,0.0014106365039905455,-0.011639379176038623,0.00493804704810996,0.48516586979411425,8,204
realism,joint,nuisance,0.15,17,118,honest_alpha,0.4,lowrank,-0.0001013782124970053,0.0001254419068273269,0.02137444357543039,0.027132324021880736,0.5166917670682731,4,1856
realism,joint,nuisance,0.15,17,118,honest_alpha,0.4,potential,0.0028067582321631424,0.004523927850373961,0.10497415784266538,0.07624287625927767,0.5876408861251458,4,100
realism,joint,nuisance,0.15,17,118,honest_alpha,0.4,zero,0.0,0.0,,,,4,0
realism,joint,nuisance,0.15,17,118,honest_alpha,0.7,lowrank,-0.0024867917598613287,0.004546996648392369,-0.02007560981042649,0.004180585254597326,0.5291176470588235,4,864
realism,joint,nuisance,0.15,17,118,honest_alpha,0.7,potential,0.0009680954051947688,0.0019361908103895373,0.11608024075848815,0.057151195426563786,0.611764705882353,4,100
realism,joint,nuisance,0.15,17,118,honest_alpha,0.7,zero,0.0,0.0,,,,4,0
realism,joint,nuisance,0.15,17,118,rank2,0.05,lowrank,-0.09576543046834265,0.16465094165411873,-0.010490317823389278,-0.01234553059607744,0.4692853533678514,8,204
realism,joint,nuisance,0.15,17,118,rank2,0.1,lowrank,-0.008690235240158939,0.01254249067375251,0.0036543204344345135,0.0016823462776923166,0.477525917600823,8,204
realism,joint,nuisance,0.15,17,118,rank2,0.2,lowrank,-0.00176854194574802,0.003291351564196266,-0.009931310962674944,-0.009831207360212554,0.4492346514437987,8,204
realism,joint,nuisance,0.15,17,118,rank2,0.4,lowrank,-0.006723518452064259,0.007445217750397613,-0.02044074909268168,-0.00907438308740024,0.494020282046112,8,204
realism,joint,nuisance,0.15,17,118,rank2,0.7,lowrank,-0.004623384803624245,0.007609520315996071,-0.01961786976594878,-0.00664426707649531,0.4572559543630062,8,204
realism,joint,nuisance,0.15,18,119,honest_alpha,0.4,lowrank,-0.001128123102754619,0.003299604285964669,0.015756654357057517,0.04505934993005939,0.5067049808429118,4,864
realism,joint,nuisance,0.15,18,119,honest_alpha,0.4,potential,0.0010234972482146276,0.0020469944964292552,0.1042945634385375,0.07435726708672599,0.5555555555555556,4,100
realism,joint,nuisance,0.15,18,119,honest_alpha,0.4,zero,0.0,0.0,,,,4,0
realism,joint,nuisance,0.15,18,119,honest_alpha,0.7,lowrank,0.00022889632243155988,0.00042153019310629277,0.02665541227003427,0.018779115223034167,0.501797385620915,4,1856
realism,joint,nuisance,0.15,18,119,honest_alpha,0.7,potential,0.00035727792028950045,0.0007145558405790009,0.051720721832519745,0.006186047979743317,0.5846153846153846,4,100
realism,joint,nuisance,0.15,18,119,honest_alpha,0.7,zero,0.0,0.0,,,,4,0
realism,joint,nuisance,0.15,18,119,rank2,0.05,lowrank,-0.0763797145746081,0.11954227595578547,-0.001910423567089351,0.004881635646816595,0.500366769368077,8,204
realism,joint,nuisance,0.15,18,119,rank2,0.1,lowrank,-0.05959038697128233,0.13549311923882948,-0.009899315688708657,0.01209234933503036,0.4941569334799684,8,204
realism,joint,nuisance,0.15,18,119,rank2,0.2,lowrank,-0.017846464153491864,0.04900506159407564,0.014626204552096345,0.028302226783858624,0.5165058501106462,8,204
realism,joint,nuisance,0.15,18,119,rank2,0.4,lowrank,-0.0005152695173575028,0.0012497006251649685,0.019184313597319282,0.01877985611060929,0.5361736592590498,8,204
realism,joint,nuisance,0.15,18,119,rank2,0.7,lowrank,-0.0008017669860719279,0.0021534712239806284,0.019510511673876754,0.018114678394327052,0.5425175610561754,8,204
realism,joint,nuisance,0.15,19,120,honest_alpha,0.4,lowrank,-0.005023991853870757,0.006455273211765717,-0.03515905478953138,0.009969777123216037,0.4248717948717949,4,416
realism,joint,nuisance,0.15,19,120,honest_alpha,0.4,potential,0.0006740524130491865,0.000897366776425193,0.03572194433250401,0.008523831717604803,0.5397525194540119,4,100
realism,joint,nuisance,0.15,19,120,honest_alpha,0.4,zero,0.0,0.0,,,,4,0
realism,joint,nuisance,0.15,19,120,honest_alpha,0.7,lowrank,0.0006900652237908644,0.0013801304475817289,0.051937349153167396,0.043350646831788,0.6197183098591549,4,864
realism,joint,nuisance,0.15,19,120,honest_alpha,0.7,potential,0.00010089502875446077,0.0007534259104011255,0.007566553627428019,-0.058773666234241205,0.5384389671361502,4,100
realism,joint,nuisance,0.15,19,120,honest_alpha,0.7,zero,0.0,0.0,,,,4,0
realism,joint,nuisance,0.15,19,120,rank2,0.05,lowrank,-0.01656081472562851,0.033360486649661424,0.018109044370445342,0.019098779917655153,0.518025416324495,8,204
realism,joint,nuisance,0.15,19,120,rank2,0.1,lowrank,-0.02454617216436633,0.06049326442830741,0.006691360335543086,0.009106815207728942,0.5027915371592501,8,204
realism,joint,nuisance,0.15,19,120,rank2,0.2,lowrank,0.0006114616480228513,0.0012987477450935845,0.039279377567767566,0.021773976981841057,0.5579289785309302,8,204
realism,joint,nuisance,0.15,19,120,rank2,0.4,lowrank,0.0002658343191421497,0.0022132672566793532,0.03246523989290479,0.020046363263601097,0.5480949583210338,8,204
realism,joint,nuisance,0.15,19,120,rank2,0.7,lowrank,-0.0008055522427940776,0.003901132580502378,0.016447675970706593,0.016253416515039452,0.49940491785480345,8,204
unshared,unshared,strict,0.15,0,101,rank2,0.05,lowrank,-0.025876359567519144,0.05931852773145766,0.014651518058593249,0.0012475345663184748,0.5115804196620694,8,204
unshared,unshared,strict,0.15,0,101,rank2,0.1,lowrank,-0.013310136277452145,0.032165756412699,0.0006065535244528193,-0.007586630132616801,0.5123511332117595,8,204
unshared,unshared,strict,0.15,0,101,rank2,0.2,lowrank,-0.008179676474287995,0.010532520554236402,-0.0002502348025717526,-0.007196067567562372,0.5072218600340659,8,204
unshared,unshared,strict,0.15,0,101,rank2,0.4,lowrank,-0.004845272279223767,0.007480632928368941,-0.0021815002086955576,-0.006981620553871582,0.5059966364391789,8,204
unshared,unshared,strict,0.15,0,101,rank2,0.7,lowrank,-0.0013014875904090728,0.001971091452316581,-0.016701048765553683,-0.016709479895803753,0.5063826708961627,8,204
unshared,unshared,strict,0.15,1,102,rank2,0.05,lowrank,-0.006001974128444387,0.011371792360181219,-0.0074131610441399345,-0.004075987615238672,0.4824632580983364,8,204
unshared,unshared,strict,0.15,1,102,rank2,0.1,lowrank,-0.007395187974646916,0.011628720451475776,0.002463842261925152,-0.0016687555125941202,0.5035980810234542,8,204
unshared,unshared,strict,0.15,1,102,rank2,0.2,lowrank,-0.010911750747291768,0.013279203011582036,-0.018109709166812798,-0.02221284344750242,0.4699990651343055,8,204
unshared,unshared,strict,0.15,1,102,rank2,0.4,lowrank,-0.0033543669721535774,0.0054970124244623055,-0.01464748537315236,0.000504953669064481,0.46701466610670006,8,204
unshared,unshared,strict,0.15,1,102,rank2,0.7,lowrank,-0.0013968470028567492,0.002904008775487745,-0.02436492874344167,-0.016958568498527147,0.4838607908109355,8,204
unshared,unshared,strict,0.15,2,103,rank2,0.05,lowrank,-0.05953680698058422,0.07719968943611258,-0.011042372835298275,-0.0161576410828063,0.49777637165707933,8,204
unshared,unshared,strict,0.15,2,103,rank2,0.1,lowrank,-0.027162894503412888,0.032793338143185684,-0.014308366245256119,-0.006657748100636462,0.5162238325281804,8,204
unshared,unshared,strict,0.15,2,103,rank2,0.2,lowrank,-0.022254582202710496,0.04060426224807055,0.00028257932079511425,0.006841685379080441,0.516855182165797,8,204
unshared,unshared,strict,0.15,2,103,rank2,0.4,lowrank,-0.0039108638384982575,0.0034579077261010314,-0.004874585205888071,-0.008502543022198111,0.4916533933865445,8,204
unshared,unshared,strict,0.15,2,103,rank2,0.7,lowrank,-0.00173311402414017,0.003001174777209254,0.004627547523870755,0.008118882843362337,0.501312320682222,8,204
unshared,unshared,strict,0.15,3,104,rank2,0.05,lowrank,-0.11120879835621852,0.22304542432209418,-0.013739451008755645,-0.015591674074199851,0.461021484357904,8,204
unshared,unshared,strict,0.15,3,104,rank2,0.1,lowrank,-0.019664977906000178,0.02243199051163574,-0.0040795334244377686,-0.0031417430525595377,0.49210866797267366,8,204
unshared,unshared,strict,0.15,3,104,rank2,0.2,lowrank,-0.002412562889389916,0.004053159569908728,0.003706012035242093,0.00029695913111078733,0.505956194250147,8,204
unshared,unshared,strict,0.15,3,104,rank2,0.4,lowrank,-0.00127013092908973,0.0021407830177998595,-0.005375863958434021,-0.009561063802601457,0.49147947316789065,8,204
unshared,unshared,strict,0.15,3,104,rank2,0.7,lowrank,-0.001057231580830792,0.00278701465711257,0.009450493113471584,0.011923506692386603,0.5181939303590951,8,204
unshared,unshared,strict,0.15,4,105,rank2,0.05,lowrank,-0.02963001498322218,0.04714834673329193,-0.00403725374848402,0.0073494188632502915,0.488807945646609,8,204
unshared,unshared,strict,0.15,4,105,rank2,0.1,lowrank,-0.02139908156548251,0.033562031609094226,0.015057614658875099,0.028704317312525273,0.48985395481745847,8,204
unshared,unshared,strict,0.15,4,105,rank2,0.2,lowrank,-0.008030451324587767,0.012938113754170017,-0.001633775493177475,-0.001927220564055001,0.4944148895479972,8,204
unshared,unshared,strict,0.15,4,105,rank2,0.4,lowrank,-0.002326582655615042,0.004384923165926329,0.005507403759975194,0.0020315410092944563,0.5001781822211903,8,204
unshared,unshared,strict,0.15,4,105,rank2,0.7,lowrank,-0.001258112463627517,0.0022779401699236815,0.02068674425788286,0.006224916922820721,0.5179526231787398,8,204
unshared,unshared,strict,0.15,5,106,rank2,0.05,lowrank,-0.053450161298257665,0.09989749079609295,0.0012310375031652457,-0.022691746321658664,0.5140261650602725,8,204
unshared,unshared,strict,0.15,5,106,rank2,0.1,lowrank,-0.0031882390672962196,0.008508815786426338,0.03605205059535784,0.01941390533472467,0.5437360698007052,8,204
unshared,unshared,strict,0.15,5,106,rank2,0.2,lowrank,-0.002161376616929278,0.008390539152379977,0.00492848427731031,0.0058443160680283395,0.5213542930857763,8,204
unshared,unshared,strict,0.15,5,106,rank2,0.4,lowrank,-0.0021462804558897014,0.006154268096681015,0.006040117963165607,-0.0053153695607633805,0.5147860541054335,8,204
unshared,unshared,strict,0.15,5,106,rank2,0.7,lowrank,-0.0007933397755173627,0.0019061360080344025,0.0003392464369019181,0.009658352485696275,0.4742982525200075,8,204
unshared,unshared,strict,0.15,6,107,rank2,0.05,lowrank,-0.009442990122102327,0.01498410344718374,-0.003004655262438603,0.003435468519309358,0.49888674930284155,8,204
unshared,unshared,strict,0.15,6,107,rank2,0.1,lowrank,-0.004006550502096307,0.006403453787984419,-0.0023453263375567738,0.00554665208466187,0.49742627357606023,8,204
unshared,unshared,strict,0.15,6,107,rank2,0.2,lowrank,-0.007973644146706454,0.007728136382318435,-0.02821471725751143,-0.0144811373563688,0.47412369706426644,8,204
unshared,unshared,strict,0.15,6,107,rank2,0.4,lowrank,-0.0018864984861629852,0.0033188564545454853,-0.003893772949880141,0.008983051290801578,0.4861340959551243,8,204
unshared,unshared,strict,0.15,6,107,rank2,0.7,lowrank,-0.0025996439598856558,0.004207088750933669,-0.009251494677220798,-0.01143804870446902,0.48734824622721984,8,204
unshared,unshared,strict,0.15,7,108,rank2,0.05,lowrank,-0.08239315012277326,0.16485942232031406,-0.008647406323308954,-0.0026519130120074307,0.5071541215269675,8,204
unshared,unshared,strict,0.15,7,108,rank2,0.1,lowrank,-0.020648577452368644,0.03302735872932455,-0.01945940605927762,-0.01168660654154693,0.4780641709007316,8,204
unshared,unshared,strict,0.15,7,108,rank2,0.2,lowrank,-0.002179400690165756,0.00294311585589888,0.004731199426038634,0.0183648988605093,0.5254752204506902,8,204
unshared,unshared,strict,0.15,7,108,rank2,0.4,lowrank,-0.001987841680005681,0.003076738352299763,0.0015742615033033638,0.012039651909920117,0.5124997882796887,8,204
unshared,unshared,strict,0.15,7,108,rank2,0.7,lowrank,-0.004394724085093532,0.011522083925297045,0.012040284008418245,0.02353929462538722,0.520981162373865,8,204
unshared,unshared,strict,0.15,8,109,rank2,0.05,lowrank,-0.0932952820684109,0.14720713639790967,0.00045002034126117864,0.011533616652352353,0.47883730294071647,8,204
unshared,unshared,strict,0.15,8,109,rank2,0.1,lowrank,-0.008871105448120073,0.012997246194640984,-0.0073978409827502555,0.006177543053605633,0.4651088413499257,8,204
unshared,unshared,strict,0.15,8,109,rank2,0.2,lowrank,-0.002349470344773355,0.0037602907797731288,-0.007626040861611338,0.004420467524811036,0.496925373465321,8,204
unshared,unshared,strict,0.15,8,109,rank2,0.4,lowrank,-0.0020662056729131295,0.005428856711705028,0.004017549972299601,0.01110973971845041,0.5143790673529405,8,204
unshared,unshared,strict,0.15,8,109,rank2,0.7,lowrank,-0.0024519741244312665,0.002519818850844248,-0.015917222338551095,-0.0010006698417742365,0.4852248983282331,8,204
unshared,unshared,strict,0.15,9,110,rank2,0.05,lowrank,-0.04560361460636561,0.06803777729294427,0.005257094888909757,-0.012435159703191916,0.4899660210653934,8,204
unshared,unshared,strict,0.15,9,110,rank2,0.1,lowrank,-0.02449130745596534,0.04720517017302856,-0.0008568604528972752,-0.004742496980969439,0.48151590702931824,8,204
unshared,unshared,strict,0.15,9,110,rank2,0.2,lowrank,-0.009930311680936041,0.010630282432917037,-0.008721800242809948,-0.004868755441631998,0.4784790063786266,8,204
unshared,unshared,strict,0.15,9,110,rank2,0.4,lowrank,-0.0017397210074150404,0.0021613636269343507,-0.005912791095582806,-0.001601810809247508,0.5205072052459683,8,204
unshared,unshared,strict,0.15,9,110,rank2,0.7,lowrank,-0.002676777257283769,0.004891841447161371,-0.04615075552706607,-0.04190528308598949,0.4519730263131622,8,204
unshared,unshared,strict,0.15,10,111,rank2,0.05,lowrank,-0.05157918130948608,0.05573265415686773,-0.010570791926145422,-0.011937450316640884,0.5029276538295484,8,204
unshared,unshared,strict,0.15,10,111,rank2,0.1,lowrank,-0.031231005122424965,0.031281275461827636,0.0014356117211588816,0.01020807799433788,0.4851119136516089,8,204
unshared,unshared,strict,0.15,10,111,rank2,0.2,lowrank,-0.008546878342351447,0.012522054757745716,-0.0017756606219410764,-0.0022708691895605097,0.49574450670737136,8,204
unshared,unshared,strict,0.15,10,111,rank2,0.4,lowrank,-0.002283453176747649,0.0026857701971309675,0.0036419056092842723,0.0031057526072799527,0.4998283306359515,8,204
unshared,unshared,strict,0.15,10,111,rank2,0.7,lowrank,-0.00206711321656132,0.0034156312019020313,-0.005018405803028727,-0.00460633044347124,0.495454134457763,8,204
unshared,unshared,strict,0.15,11,112,rank2,0.05,lowrank,-0.02417983022080554,0.032029666138442166,-0.00046949848370596704,-0.00044405079165566483,0.5057879363857377,8,204
unshared,unshared,strict,0.15,11,112,rank2,0.1,lowrank,-0.0046474562207754755,0.009464021078233874,0.0134104821252917,0.024269128966179516,0.5120259486801957,8,204
unshared,unshared,strict,0.15,11,112,rank2,0.2,lowrank,-0.0034626373527942844,0.00613177279112008,-0.0031652787785842393,-0.0007102004767265593,0.490039800163108,8,204
unshared,unshared,strict,0.15,11,112,rank2,0.4,lowrank,-0.005723242013740387,0.005082173063054681,-0.01454716442618946,-0.0007704212629876165,0.4998401826839806,8,204
unshared,unshared,strict,0.15,11,112,rank2,0.7,lowrank,-0.003005182265018419,0.0043735561979738125,-0.005808448148811432,0.002714238543925529,0.4898215131764165,8,204
unshared,unshared,strict,0.15,12,113,rank2,0.05,lowrank,-0.008640410060378356,0.015148162192147182,0.005261887088398675,0.0015112704752993417,0.49969946832841583,8,204
unshared,unshared,strict,0.15,12,113,rank2,0.1,lowrank,-0.01192474282676477,0.014681662527053298,0.026706296622378656,0.03527677080060666,0.5237057353852196,8,204
unshared,unshared,strict,0.15,12,113,rank2,0.2,lowrank,-0.0008064863386241794,0.0011166412548377607,-0.0059093526761180406,-0.009549169902803035,0.4940033446868575,8,204
unshared,unshared,strict,0.15,12,113,rank2,0.4,lowrank,-7.977161182134984e-05,0.0010969750561789894,0.00681281054648043,0.005606490562381288,0.5027738042651814,8,204
unshared,unshared,strict,0.15,12,113,rank2,0.7,lowrank,-0.0002405944389386877,0.0009316354414954698,0.001346517803775623,-0.016958477708232618,0.5111389368855527,8,204
unshared,unshared,strict,0.15,13,114,rank2,0.05,lowrank,-0.004308260692469812,0.007834160238774366,6.774819434171055e-05,-0.008785194800817145,0.5082590245511857,8,204
unshared,unshared,strict,0.15,13,114,rank2,0.1,lowrank,-0.005039619319572308,0.007845259606919758,0.007008679273375733,0.01970039689953304,0.5289505861748022,8,204
unshared,unshared,strict,0.15,13,114,rank2,0.2,lowrank,-0.0018499412634611773,0.0030014568944450783,-0.005488625205308527,0.006983288074359376,0.512601381132163,8,204
unshared,unshared,strict,0.15,13,114,rank2,0.4,lowrank,-0.0018976166474563155,0.003339025605470431,0.0024409524438325364,0.01836241140398701,0.5081292249032144,8,204
unshared,unshared,strict,0.15,13,114,rank2,0.7,lowrank,-0.0013020253482425581,0.0021457934852976324,-0.007895965959139025,0.0017175792556255024,0.5384430462178866,8,204
unshared,unshared,strict,0.15,14,115,rank2,0.05,lowrank,-0.08477656370271408,0.12670500147368627,-0.01304282946565695,-0.005305258152797683,0.465420204790778,8,204
unshared,unshared,strict,0.15,14,115,rank2,0.1,lowrank,-0.015156034276596758,0.014769169057441776,-0.016493771404343677,0.009653748149929265,0.5016897435272591,8,204
unshared,unshared,strict,0.15,14,115,rank2,0.2,lowrank,-0.006813700183603999,0.012323556966489341,-0.0011180836939681457,-0.0032158134413781355,0.4995327011818766,8,204
unshared,unshared,strict,0.15,14,115,rank2,0.4,lowrank,-0.0036629471758232585,0.0040914727446970224,0.002572817270704622,0.007891886304261036,0.5125792879976215,8,204
unshared,unshared,strict,0.15,14,115,rank2,0.7,lowrank,-0.0010709858248723891,0.0024382019294522887,0.013319366151980195,0.016748825326139173,0.5002102775450847,8,204
unshared,unshared,strict,0.15,15,116,rank2,0.05,lowrank,-0.02539183272264524,0.04132035277011193,-0.009820135886423545,-0.011024535704304884,0.4952515343885855,8,204
unshared,unshared,strict,0.15,15,116,rank2,0.1,lowrank,-0.011361206302936633,0.017781940256607228,-0.011979356541353679,0.0013713381567481131,0.44791772262485124,8,204
unshared,unshared,strict,0.15,15,116,rank2,0.2,lowrank,-0.013371708908355678,0.028216031776646857,0.0017726004973886542,0.00577900397803758,0.504282522831199,8,204
unshared,unshared,strict,0.15,15,116,rank2,0.4,lowrank,-0.003538952359443584,0.004274235934267943,0.007666208575610457,0.01095623640904075,0.5016539297875094,8,204
unshared,unshared,strict,0.15,15,116,rank2,0.7,lowrank,-0.000933529901121749,0.0015941874614753611,0.007194835371662082,-7.53465553050495e-05,0.49139310621584825,8,204
unshared,unshared,strict,0.15,16,117,rank2,0.05,lowrank,-0.011308693389910793,0.015902253191816575,0.026191500763818026,0.020865666048892065,0.5208968386629773,8,204
unshared,unshared,strict,0.15,16,117,rank2,0.1,lowrank,-0.008329638967726455,0.009620989798345317,0.019463438490632146,0.021102365051205812,0.5127543624427731,8,204
unshared,unshared,strict,0.15,16,117,rank2,0.2,lowrank,-0.00436105913727651,0.008637622399692254,0.022371408154095822,0.02271306409500367,0.5103545675349419,8,204
unshared,unshared,strict,0.15,16,117,rank2,0.4,lowrank,-0.00578862204632051,0.01305504001098503,0.009370377491462406,-0.006632761335469909,0.4800078819069341,8,204
unshared,unshared,strict,0.15,16,117,rank2,0.7,lowrank,0.0008251243619193382,0.0015049810996003127,0.03159861609669556,0.0334980133710855,0.5421963683005998,8,204
unshared,unshared,strict,0.15,17,118,rank2,0.05,lowrank,-0.04893788406766089,0.030828803745387434,-0.013318222655374839,-0.00760745551632503,0.4926005908249272,8,204
unshared,unshared,strict,0.15,17,118,rank2,0.1,lowrank,-0.013016928226970814,0.012370163757056445,-0.01899616581313915,-0.032679598086575744,0.4715001058061348,8,204
unshared,unshared,strict,0.15,17,118,rank2,0.2,lowrank,-0.01081897322387916,0.014450231736450178,-0.008713222529233107,-0.014064034141361722,0.4887154206273587,8,204
unshared,unshared,strict,0.15,17,118,rank2,0.4,lowrank,-0.014645415011341811,0.02500119031299661,-0.006072480792022487,0.015204758552785053,0.49788932098338823,8,204
unshared,unshared,strict,0.15,17,118,rank2,0.7,lowrank,-0.004022758042562108,0.005477859379121212,-0.024081573107667842,-0.03132398733024094,0.4555111382120914,8,204
unshared,unshared,strict,0.15,18,119,rank2,0.05,lowrank,-0.015810322729505236,0.0308074861336698,0.01443733895729651,0.013471369027837507,0.507669117713782,8,204
unshared,unshared,strict,0.15,18,119,rank2,0.1,lowrank,-0.013605610152437053,0.015039334149218897,-0.006716569507076174,-0.001670121826964056,0.47352750000030513,8,204
unshared,unshared,strict,0.15,18,119,rank2,0.2,lowrank,-0.0018659731592923223,0.004533269568643799,-0.009884264648695145,0.003218805798944707,0.4826964941888566,8,204
unshared,unshared,strict,0.15,18,119,rank2,0.4,lowrank,-0.0016959135953731191,0.003933857469401856,-0.005563402124785646,-0.013267740135780269,0.5102438676502714,8,204
unshared,unshared,strict,0.15,18,119,rank2,0.7,lowrank,-0.002671774603825533,0.005217800625394336,-0.0026667131756822485,-0.016058182938141572,0.4795936434561486,8,204
unshared,unshared,strict,0.15,19,120,rank2,0.05,lowrank,-0.05337381752154008,0.05687639234805565,-0.014349375319926519,0.0018502340353447621,0.47576287033582815,8,204
unshared,unshared,strict,0.15,19,120,rank2,0.1,lowrank,-0.013469380975414558,0.016292277217838276,0.0026522372826004383,0.0038345777545209306,0.5116321468591128,8,204
unshared,unshared,strict,0.15,19,120,rank2,0.2,lowrank,-0.004605017943372786,0.005537848098832927,-0.018008556575956982,-0.00968621150099662,0.47225852032627463,8,204
unshared,unshared,strict,0.15,19,120,rank2,0.4,lowrank,-0.0037334857726897264,0.00687465582288145,0.011480277118277744,0.01244713469208717,0.5343781895284565,8,204
unshared,unshared,strict,0.15,19,120,rank2,0.7,lowrank,-0.0010032074124827761,0.0017880404486717589,0.008304736786042901,0.002585209365054727,0.5125813499270399,8,204
