family,tag,regime,sparsity_mode,observation_map,pair_coverage,seed,n_params,n_pair_params,pair_hidden,identifiable_latents,n_train_pairs,n_val_pairs,n_test_pairs,n_eligible_pairs,min_train_degree,mean_train_degree,n_isolated_interventions,test_mse_sim,test_mae_sim,test_mse_ord,test_mae_ord,test_mse,test_rmse,test_mae,test_r2,train_mse_sim,train_mae_sim,train_mse_ord,train_mae_ord,train_mse_single,train_mae_single,train_mse,train_rmse,train_mae,train_r2,test_pred_S_rms,test_pred_A_rms,test_true_S_rms,test_true_A_rms,test_S_proj_pearson,test_S_pearson,test_S_spearman,test_S_nrmse,test_A_pearson,test_A_spearman,test_A_nrmse,test_topo_auroc_S,test_topo_auprc_S,test_topo_auroc_A,test_topo_auprc_A,test_topo_base_rate,test_topk_S_overlap,sym_residual,sym_residual_rel,antisym_residual,antisym_residual_rel,pair_net_order_asymmetry,final_test_mse_sim,final_test_mae_sim,final_test_mse_ord,final_test_mae_ord,final_test_mse,final_test_rmse,final_test_mae,final_test_r2,final_test_pred_S_rms,final_test_pred_A_rms,final_test_true_S_rms,final_test_true_A_rms,final_test_S_proj_pearson,final_test_S_pearson,final_test_S_spearman,final_test_S_nrmse,final_test_A_pearson,final_test_A_spearman,final_test_A_nrmse,final_test_topo_auroc_S,final_test_topo_auprc_S,final_test_topo_auroc_A,final_test_topo_auprc_A,final_test_topo_base_rate,final_test_topk_S_overlap,test_true_v_additive_mse,noise_floor_mse,interaction_variance_share,n_restarts,restart_train_mse_worst,best_val_mse,best_epoch,epochs_run,final_train_mse,max_epochs,patience,emb_dim,pair_mode,n_interventions,simultaneity_defect,condition,skill_vs_additive_family
additive,main,both,latent,identity,0.1,4,1988,0,48,True,202,73,294,367,0,6.3125,1,0.6041173676748648,0.5130098311487413,1.2282759847659523,0.6546988707991837,1.0202231124022567,1.010060944895038,0.6074691909157028,0.6635455529418052,0.2512815714714148,0.3367678936572832,0.6175802627823973,0.4598196046366302,0.11539318047799227,0.24452804487558322,0.45917383157000863,0.6776236651490328,0.4021552681552346,0.8124624518942836,0.0,0.0,0.8104189479295445,0.7907564643727457,,,,0.9999999999992387,,,0.9999999999992004,,,,,0.2789115646258503,,0.0,0.0,0.0,0.0,0.0,0.625934018795427,0.520908686856799,1.249722220309779,0.6632530791218728,1.041792819804995,1.020682526452273,0.6158049483668482,0.6564321834354947,0.0,0.0,0.8104189479295445,0.7907564643727457,,,,0.9999999999992387,,,0.9999999999992004,,,,,0.2789115646258503,,1.076287525145831,0.0025000000000000005,0.3534790323700732,2,0.47803542017936707,1.3271790742874146,290,5000,0.4591737985610962,5000,5000,8,outer,64,0.0,c26ffacbda9c,0.0
additive,main,both,latent,identity,0.1,2,1988,0,48,True,202,74,294,368,1,6.3125,0,0.5044733667006591,0.48583586786737826,0.9854043776314259,0.6114887291314092,0.8250940406545036,0.9083468724306281,0.5696044420433989,0.7133356852576684,0.335653620518429,0.3622937665959764,0.8752430280635526,0.5296765036139152,0.12055237468346545,0.24016800620357368,0.640470995018119,0.8002943177469892,0.451557314491698,0.778177732579502,0.0,0.0,0.6634971332151967,0.6956231010395416,,,,0.9999999999988642,,,0.9999999999989667,,,,,0.23469387755102042,,0.0,0.0,0.0,0.0,0.0,0.5064063031029261,0.4869355433468545,0.9872986561332117,0.6121713834296325,0.8270012051231164,0.9093960661467128,0.5704261034020398,0.7126730747326159,0.0,0.0,0.6634971332151967,0.6956231010395416,,,,0.9999999999988642,,,0.9999999999989667,,,,,0.23469387755102042,,0.7643717300427518,0.0025000000000000005,0.26492104756961427,2,0.6412644982337952,0.7061476111412048,590,5000,0.6404709815979004,5000,5000,8,outer,64,0.0,c26ffacbda9c,0.0
additive,main,both,latent,identity,0.1,3,1988,0,48,True,202,64,257,321,0,6.3125,1,0.44826234327116116,0.4238515028540031,0.8132936986330617,0.5323084922316086,0.6916165801790948,0.8316348839359101,0.4961561624390734,0.7343838440182052,0.19114369479425683,0.28294438630610297,0.4773950124232829,0.3888096943925763,0.11163993345487785,0.2112294989119548,0.35615457777396775,0.5967868780175782,0.33992920969969953,0.8167433588847541,0.0,0.0,0.624247173031166,0.600675599158459,,,,0.9999999999987169,,,0.9999999999986142,,,,,0.2723735408560311,,0.0,0.0,0.0,0.0,0.0,0.4473273546781389,0.4218626099273948,0.8123379494311325,0.5300518382510311,0.6906677511801346,0.8310642280715339,0.49398876214315235,0.7347482429042507,0.0,0.0,0.624247173031166,0.600675599158459,,,,0.9999999999987169,,,0.9999999999986142,,,,,0.2723735408560311,,0.6351476448634765,0.0025000000000000005,0.24198641121127815,2,0.35688817501068115,0.7834079265594482,4740,5000,0.35615456104278564,5000,5000,8,outer,64,0.0,c26ffacbda9c,0.0
additive,main,both,latent,identity,0.1,0,1988,0,48,True,202,66,266,332,1,6.3125,0,0.49621198079934437,0.46022674922414714,0.8348136140651067,0.5569368172319731,0.7219464029765191,0.8496742922888271,0.524700127896031,0.7366485053517795,0.3070405582607524,0.3554137887121643,0.79080985999132,0.507280732362314,0.12309984543925898,0.22674787472601524,0.5811757706168327,0.7623488509972536,0.43469681369656277,0.7990301112694513,0.0,0.0,0.6749444343461529,0.5842553322044434,,,,0.9999999999989024,,,0.9999999999985353,,,,,0.23684210526315788,,0.0,0.0,0.0,0.0,0.0,0.49828645370688057,0.4626588860125044,0.8368818792737588,0.5588663441526138,0.7240167374181327,0.850891730726144,0.526797191439244,0.7358932890817452,0.0,0.0,0.6749444343461529,0.5842553322044434,,,,0.9999999999989024,,,0.9999999999985353,,,,,0.23684210526315788,,0.6852257480026052,0.0025000000000000005,0.2487000721143253,2,0.5812483429908752,1.0606416463851929,540,5000,0.5811757445335388,5000,5000,8,outer,64,0.0,c26ffacbda9c,0.0
additive,main,both,latent,identity,0.1,1,1988,0,48,True,202,60,242,302,2,6.3125,0,0.5287427797257648,0.46496880444113553,0.978677236684082,0.5925631684184636,0.8286990843646429,0.9103291077212916,0.5500317137593542,0.701013631743627,0.32297344076113155,0.3210327066648334,0.829725299729167,0.46244297943702983,0.12535852963768368,0.22790529829705453,0.609660600031558,0.780807658794122,0.39740523810428047,0.7542479710532356,0.0,0.0,0.7236853112125092,0.6716918191595322,,,,0.9999999999990453,,,0.9999999999988918,,,,,0.2603305785123967,,0.0,0.0,0.0,0.0,0.0,0.5271422783943411,0.4630105054524715,0.9770734715121886,0.593118613035784,0.8270964071395727,0.9094484081791405,0.5497492438413465,0.701591861709186,0.0,0.0,0.7236853112125092,0.6716918191595322,,,,0.9999999999990453,,,0.9999999999988918,,,,,0.2603305785123967,,0.8270751336687069,0.0025000000000000005,0.29530161787387416,2,0.6122707724571228,0.4485003650188446,4320,5000,0.6096605658531189,5000,5000,8,outer,64,0.0,c26ffacbda9c,0.0
unconstrained,main,both,latent,identity,0.1,0,13396,11408,76,True,202,66,266,332,1,6.3125,0,0.4545009384751951,0.42721490743736157,1.002169556763403,0.604265137476537,0.8196133506673335,0.905324997261941,0.5452483941301451,0.7010215716264209,0.04119336173587873,0.14680454696959339,0.06826226603092153,0.1884577078370754,0.041621445347539796,0.15154219106157077,0.057556398581167685,0.23990914651419126,0.17237333236115948,0.980097065976595,0.45051640272140503,0.5703275203704834,0.6749444343461529,0.5842553322044434,0.2690584706392777,0.2690584706392777,0.3057324251906,1.0256446422164103,0.23492455509949173,0.35252828913496376,1.243625757707595,0.7073266088044413,0.3833682794024414,0.6363280944561733,0.3433120330675115,0.23684210526315788,0.23076923076923078,0.0,0.0,0.0,0.0,0.295250803232193,0.45574260971046454,0.42800347867356536,1.00461699415676,0.604868708549879,0.8216588660079949,0.906454006559624,0.5459136319244412,0.7002754088641049,0.45196759700775146,0.5718501210212708,0.6749444343461529,0.5842553322044434,0.26855434409559936,0.26855434409559936,0.3047524471556249,1.0268856810080231,0.23471083915243063,0.3519839454476768,1.2453410340582982,0.7074048010008601,0.38369560991351687,0.6362499022597544,0.3434586438573395,0.23684210526315788,0.23076923076923078,0.6852257480026052,0.0025000000000000005,0.2487000721143253,2,0.0684305727481842,0.8998163938522339,4610,5000,0.0575563907623291,5000,5000,8,outer,64,0.0,03d6633dddff,-0.13528282333445052
unconstrained,main,both,latent,identity,0.1,1,13396,11408,76,True,202,60,242,302,2,6.3125,0,0.5882663577317649,0.4272549028929401,1.3153888026967007,0.642702889276112,1.0730146543750552,1.0358642065324273,0.5708868938150546,0.6128670096897322,0.056498989561601036,0.1724073350561936,0.09666919873032111,0.2251248142205133,0.036457208847938766,0.1416617373053896,0.07880658738024063,0.2807251099923921,0.20125829524475136,0.9682333436963745,0.3686756491661072,0.5781537890434265,0.7236853112125092,0.6716918191595322,0.11402845506735507,0.11402845506735507,0.24177713257305866,1.0784982113257546,0.09300690055335556,0.2383231281760139,1.2661093467513458,0.6097366320830007,0.33481821707641357,0.58065088232686,0.3257954751500956,0.2603305785123967,0.3333333333333333,0.0,0.0,0.0,0.0,0.4190696179866791,0.5460333619673345,0.4265113671641702,1.1245580038972454,0.6191850179559468,0.9317164565872752,0.9652546071308208,0.5549604676920213,0.6638459908359813,0.41209858655929565,0.5346949696540833,0.7236853112125092,0.6716918191595322,0.13127304256619787,0.13127304256619787,0.2796970924721459,1.0633841980721865,0.2297753600941865,0.3810090510706631,1.1168243716443633,0.6882149507847832,0.40332224734300004,0.6051254766338565,0.34382282263577923,0.2603305785123967,0.375,0.8270751336687069,0.0025000000000000005,0.29530161787387416,2,0.08388186991214752,0.4262327551841736,900,5000,0.07880658656358719,5000,5000,8,outer,64,0.0,03d6633dddff,-0.29481819712366053
unconstrained,main,both,latent,identity,0.1,2,13396,11408,76,True,202,74,294,368,1,6.3125,0,0.5098240535913942,0.46194743363038604,1.266956133030056,0.70984267316282,1.0145787732171687,1.0072630109445937,0.6272109266520086,0.6475025700758859,0.05336745234877239,0.17250684499321992,0.12106381874138951,0.25751704661552505,0.05802676479557137,0.1729262610012785,0.0946324195416268,0.3076238279809072,0.2238067913811707,0.9672247798300099,0.4845695495605469,0.5616095662117004,0.6634971332151967,0.6956231010395416,0.2554395955878146,0.2554395955878146,0.24386663093536137,1.0619826134125954,0.12518274527617762,0.11872233824402671,1.197204713896674,0.554074074074074,0.28808483218987074,0.5353945249597423,0.25119686109171874,0.23469387755102042,0.3448275862068966,0.0,0.0,0.0,0.0,0.2825651168823242,0.4876893620305396,0.4479364266656092,1.304673966659153,0.7115499695504801,1.032345765116282,1.0160441747858613,0.6236787885888564,0.6413297433351282,0.4790365397930145,0.6122642755508423,0.6634971332151967,0.6956231010395416,0.23370892850412178,0.23370892850412178,0.23295067781263026,1.0528279855776763,0.1133304306293412,0.235156180827164,1.2453407882598617,0.562061191626409,0.29273306358726414,0.5395813204508856,0.2637788420081392,0.23469387755102042,0.2413793103448276,0.7643717300427518,0.0025000000000000005,0.26492104756961427,2,0.0961049422621727,0.7625643014907837,1280,5000,0.09463241696357727,5000,5000,8,outer,64,0.0,03d6633dddff,-0.22965228595319487
unconstrained,main,both,latent,identity,0.1,4,13396,11408,76,True,202,73,294,367,0,6.3125,1,0.5749722004934725,0.47547180156570684,1.308743814225036,0.7126079080295827,1.0641532763145147,1.031578051489326,0.6335625392082908,0.6490580366048424,0.05532070031267836,0.16944417749203036,0.08798184485898361,0.21518994103125472,0.03433733947844603,0.1432254814965626,0.0730105022579268,0.2702045563234025,0.19452371768029408,0.9701807689419015,0.5437512993812561,0.4848243296146393,0.8104189479295445,0.7907564643727457,0.36699193403588826,0.36699193403588826,0.25006676008750234,0.9448111466250054,0.1946581652959516,0.1797280721740886,1.0686009720863472,0.6530717901518637,0.4103106888571654,0.5994592728946158,0.3427713523298762,0.2789115646258503,0.3448275862068966,0.0,0.0,0.0,0.0,0.31802380084991455,0.5543827148574573,0.4736026613413322,1.2688203099855704,0.7053398943563769,1.030674444942866,1.0152213773078589,0.6280941500180286,0.6600988585195506,0.6056736707687378,0.5189543962478638,0.8104189479295445,0.7907564643727457,0.40212053435668327,0.40212053435668327,0.2794184139786533,0.9329381719484681,0.24128208133794932,0.19534875209990288,1.0559857828394745,0.6914979291302347,0.4581766604408992,0.5822020248504371,0.3562483793167599,0.2789115646258503,0.27586206896551724,1.076287525145831,0.0025000000000000005,0.3534790323700732,2,0.1004377081990242,1.1749404668807983,1430,5000,0.07301050424575806,5000,5000,8,outer,64,0.0,03d6633dddff,-0.043059369444021334
unconstrained,main,both,latent,identity,0.1,3,13396,11408,76,True,202,64,257,321,0,6.3125,1,0.4138832890559454,0.3981614118767113,0.8760038867384555,0.5623231266932234,0.7219636875109522,0.8496844634986285,0.5076025550877195,0.7227290019775943,0.05112440328152924,0.15967776854954974,0.08781500502063673,0.20970304433764447,0.04145942945611841,0.1445069846649393,0.07232506712895183,0.26893320198322823,0.18839311369846792,0.9627856843696165,0.32518666982650757,0.28921860456466675,0.624247173031166,0.600675599158459,0.19822605603760207,0.19822605603760207,0.19173869304814042,1.016296221954754,0.041294909032919186,0.1621578010474165,1.0916460504831471,0.6208556149732619,0.40708944159629956,0.5741787624140565,0.318088368283845,0.2723735408560311,0.28,0.0,0.0,0.0,0.0,0.23709067702293396,0.4781868241976697,0.4184316689919197,1.0019184629415945,0.5781259631062844,0.8273412500269529,0.9095830088710721,0.5248945317348295,0.6822586259276399,0.4258919954299927,0.3615872263908386,0.624247173031166,0.600675599158459,0.14091013598446864,0.14091013598446864,0.20444452142340058,1.1185053240550362,0.06923212671426002,0.12472517334404123,1.1310122069238147,0.6149732620320855,0.3569244142155852,0.5331550802139037,0.30699613762684047,0.2723735408560311,0.24,0.6351476448634765,0.0025000000000000005,0.24198641121127815,2,0.08012241870164871,0.8091480731964111,790,5000,0.07232506573200226,5000,5000,8,outer,64,0.0,03d6633dddff,-0.04387851332887216
shared_pair,main,both,latent,identity,0.1,0,13396,11408,76,True,202,66,266,332,1,6.3125,0,0.4510827489334055,0.4242091399210155,0.9178615531349473,0.5858406543468461,0.7622686184010999,0.873079961058035,0.5319634828715691,0.7219397739891602,0.02819240119074578,0.12404391425419212,0.056971099052201817,0.1764558629474597,0.02924561584813858,0.13050637686560257,0.0456461320476135,0.21364955428835675,0.15626484690973003,0.984215621947122,0.49249494075775146,0.5027653574943542,0.6749444343461529,0.5842553322044434,0.3011688999735436,0.3011688999735436,0.2589619055057615,0.989633753680976,0.27048745990791623,0.3655023184418541,1.1312106886843059,0.6711236218625382,0.40554560632741454,0.6432090077410274,0.3690205251631513,0.23684210526315788,0.2692307692307692,0.0,0.0,0.0,0.0,0.5101050734519958,0.45090420540840903,0.42385128299310476,0.9177081405321009,0.5856828889456485,0.7621068288242038,0.8729873016397225,0.5317390202948006,0.7219987915654213,0.4926418364048004,0.5027386546134949,0.6749444343461529,0.5842553322044434,0.30113550589885996,0.30113550589885996,0.2587880024419752,0.989597184908991,0.2704772206585037,0.3655078973669068,1.1311981405455436,0.671123621862538,0.40544933801793454,0.6431308155446086,0.36894037620180425,0.23684210526315788,0.2692307692307692,0.6852257480026052,0.0025000000000000005,0.2487000721143253,2,0.09074699878692627,0.8538394570350647,4980,5000,0.04564613103866577,5000,5000,8,outer,64,0.0,898d0ae64401,-0.055852089931241355
shared_pair,main,both,latent,identity,0.1,1,13396,11408,76,True,202,60,242,302,2,6.3125,0,0.5437709338309555,0.4258815407323261,1.0619025562093505,0.6071289905636591,0.889192015416552,0.9429697849966096,0.5467131739532147,0.6791883852800564,0.031027376867712883,0.13084865717974106,0.06787993693599058,0.1877942240515201,0.030004487557361237,0.1329629255360633,0.05315121172102884,0.23054546562669334,0.16538794403198487,0.9785749347739615,0.47633612155914307,0.5153449773788452,0.7236853112125092,0.6716918191595322,0.26630266305767736,0.26630266305767736,0.3241764220011423,1.039977258727546,0.28106015654974414,0.4750757925031784,1.0788502187603484,0.6411279595637137,0.32283412217809554,0.5849073335106855,0.3191162215566143,0.2603305785123967,0.125,0.0,0.0,0.0,0.0,0.5753564238548279,0.4736976443882689,0.40642382650264075,0.9796854264465451,0.5937749277218439,0.8110228324271196,0.9005680609632565,0.5313245606487761,0.7073910472263973,0.4580414295196533,0.5046277642250061,0.7236853112125092,0.6716918191595322,0.3377762099247006,0.3377762099247006,0.3636101151504144,0.9770128722926662,0.30796547070869956,0.4789095532211338,1.050588736265122,0.6483107209364193,0.3549771916001346,0.6107120688126274,0.3204607748435741,0.2603305785123967,0.25,0.8270751336687069,0.0025000000000000005,0.29530161787387416,2,0.061601895838975906,0.4299977123737335,1320,5000,0.0531512089073658,5000,5000,8,outer,64,0.0,898d0ae64401,-0.07299746336547308
shared_pair,main,both,latent,identity,0.1,2,13396,11408,76,True,202,74,294,368,1,6.3125,0,0.5802401430699062,0.5042741800486634,1.281218265060385,0.7242683556164943,1.047558891063559,1.0235032442858005,0.6509369637605508,0.6360442120988276,0.031006206069539452,0.1346677517701707,0.09493539028450422,0.23216162567598833,0.053733000227312755,0.16918318925385348,0.0717254676351264,0.26781610787091653,0.1967520996162991,0.9751584287401349,0.5599822402000427,0.5909203290939331,0.6634971332151967,0.6956231010395416,0.2218005908290127,0.2218005908290127,0.2934680183174097,1.1251082804051007,0.20218186175991035,0.27693217623718663,1.171125779240505,0.5703059581320451,0.2757557921365631,0.5505958132045088,0.259803990027627,0.23469387755102042,0.27586206896551724,0.0,0.0,0.0,0.0,0.675170361995697,0.6311278503062152,0.5269835405002136,1.4213142154981269,0.7544442273318068,1.1579187604341563,1.076066336446855,0.6786239983879423,0.5977016295938319,0.5654503703117371,0.649397075176239,0.6634971332151967,0.6956231010395416,0.19662243300808752,0.19662243300808752,0.24754911972309024,1.1591744251597942,0.17216424672623093,0.26674946255473325,1.245925951096033,0.5682447665056362,0.2719238748917938,0.558647342995169,0.2600169418268852,0.23469387755102042,0.13793103448275862,0.7643717300427518,0.0025000000000000005,0.26492104756961427,2,0.07468800246715546,0.9250935316085815,2070,5000,0.07172547280788422,5000,5000,8,outer,64,0.0,898d0ae64401,-0.26962363009262025
shared_pair,main,both,latent,identity,0.1,3,13396,11408,76,True,202,64,257,321,0,6.3125,1,0.48474703226245164,0.41767709890086396,0.9357818194135886,0.5764827332893165,0.7854368903632096,0.8862487745341088,0.5235475218264991,0.6983520442344708,0.03514135328210186,0.13770458954538653,0.09267447152774673,0.2086598185759475,0.045495634434954774,0.15193239175986029,0.07082203054333039,0.26612408861906955,0.18184860726191335,0.9635590604634348,0.3515941798686981,0.3555184304714203,0.624247173031166,0.600675599158459,0.07343540132234176,0.07343540132234176,0.17526924175413988,1.0998771927426974,0.08021382976217412,0.19419516616143334,1.0967732680086604,0.6346065699006875,0.37740146494313165,0.5475935828877005,0.29849556154511303,0.2723735408560311,0.2,0.0,0.0,0.0,0.0,0.47324278950691223,0.4664767399012818,0.413340044324128,0.9628677014724143,0.5815803019530248,0.7974040476153701,0.8929748303369867,0.5255002160767259,0.693756043504521,0.37512460350990295,0.38388606905937195,0.624247173031166,0.600675599158459,0.10893177390283829,0.10893177390283829,0.17001607603384308,1.1032263687048711,0.051195879511379966,0.16746522514930773,1.153744425114753,0.6027501909854851,0.332704067956336,0.5530175706646294,0.30977627036036987,0.2723735408560311,0.28,0.6351476448634765,0.0025000000000000005,0.24198641121127815,2,0.08105498552322388,0.7298431396484375,710,5000,0.07082203030586243,5000,5000,8,outer,64,0.0,898d0ae64401,-0.13565364520298218
shared_pair,main,both,latent,identity,0.1,4,13396,11408,76,True,202,73,294,367,0,6.3125,1,0.7769334046674875,0.5547798412402017,1.4707287884937128,0.7451000260854779,1.2394636605516376,1.1133120229978826,0.6816599644703858,0.5912432726821011,0.03557918549667654,0.14479764331796866,0.10815401227889569,0.22840608393259523,0.045603189659615656,0.15945159869521414,0.08029823965554915,0.28336944022873944,0.19661206593356995,0.9672042831127433,0.4853501617908478,0.4137726128101349,0.8104189479295445,0.7907564643727457,0.1435672900150372,0.1435672900150372,0.1268057983880774,1.0705808550968186,0.21421644580550273,0.13569769899051193,1.0103688123321717,0.6149332719742291,0.406206872309005,0.6065347445927289,0.39813919032741446,0.2789115646258503,0.27586206896551724,0.0,0.0,0.0,0.0,0.5354738235473633,0.7427391077713997,0.5338838543318499,1.4091686565082508,0.7360666610763327,1.187025473595967,1.089506986483321,0.668672392161505,0.6085366087989054,0.5538838505744934,0.4863593876361847,0.8104189479295445,0.7907564643727457,0.25457822672155817,0.25457822672155817,0.18810324615760576,1.0564732198577897,0.27658514201281076,0.25920350670493225,1.0070719090000766,0.6169466175793834,0.39803028997322343,0.6271283939254487,0.40119090598639384,0.2789115646258503,0.27586206896551724,1.076287525145831,0.0025000000000000005,0.3534790323700732,2,0.08278777450323105,1.273132562637329,570,5000,0.08029824495315552,5000,5000,8,outer,64,0.0,898d0ae64401,-0.2148947083086057
algebra,main,both,latent,identity,0.1,1,13324,11336,48,True,202,60,242,302,2,6.3125,0,0.46189459421846113,0.408786906675022,1.1583586797413474,0.6313964829780762,0.9262039845670521,0.9623949213119591,0.5571932908770583,0.665834835786504,0.030846389064950363,0.13529481708358523,0.07952495271864167,0.20554262256440442,0.03898957878781266,0.1440496401148023,0.06097669333115107,0.2469345932249086,0.17848947691679246,0.9754205108484634,0.4082515835762024,0.5941200256347656,0.7236853112125092,0.6716918191595322,0.33040792335037183,0.33040792335037183,0.2920757937732664,0.9491997716869687,0.1493107993829051,0.28998671064558157,1.2435729873303647,0.7038219384588099,0.4194029120748595,0.5881883479648843,0.3049151494870221,0.2603305785123967,0.375,0.0,0.0,0.0,0.0,0.0,0.3872938880991148,0.3926912509544663,0.9608737968310842,0.5988144710333352,0.7696804939204277,0.8773143643645803,0.5301067310070455,0.7223069508137874,0.527097225189209,0.5304197669029236,0.7236853112125092,0.6716918191595322,0.5299561712942512,0.5299561712942512,0.4126886451166597,0.8534274613401436,0.21607635492338748,0.3597139084376605,1.1266368149510837,0.6956637403564778,0.4237682510247539,0.5983860955927994,0.3160598433450984,0.2603305785123967,0.4583333333333333,0.8270751336687069,0.0025000000000000005,0.29530161787387416,2,0.062116775661706924,0.4335825741291046,3180,5000,0.06097669526934624,5000,5000,8,outer,64,0.0,9d884333bc62,-0.117660200236815
algebra,main,both,latent,identity,0.1,0,13324,11336,48,True,202,66,266,332,1,6.3125,0,0.40727845776855615,0.40880639287483617,0.7922809703360787,0.5374480281462808,0.6639467994802379,0.8148293069595852,0.4945674830557992,0.7578055915381992,0.021388887048709757,0.11201007503480133,0.057638749308778076,0.17676403919626635,0.03424431168165606,0.1424691459246039,0.044474993809271196,0.2108909524120729,0.1539652721365614,0.9846206001539697,0.4867647886276245,0.517038881778717,0.6749444343461529,0.5842553322044434,0.3829363131453942,0.3829363131453942,0.3822386154064406,0.9639827706274605,0.3529235653641962,0.43290513755238214,1.061316933111805,0.6543904918289155,0.36727862570760705,0.668074126202205,0.3952679209995985,0.23684210526315788,0.3076923076923077,0.0,0.0,0.0,0.0,0.0,0.40682407290204947,0.4098973088106174,0.7920120255279602,0.5393170070384598,0.6636160413193233,0.8146263200506864,0.49617710762917894,0.7579262454478035,0.49152183532714844,0.5177652835845947,0.6749444343461529,0.5842553322044434,0.38743421901450376,0.38743421901450376,0.3827910883845187,0.9633971420297321,0.35288825688917835,0.43347912924137777,1.0620066767846954,0.6546250684181718,0.36595410438340137,0.6686996637735554,0.3956264427412961,0.23684210526315788,0.3076923076923077,0.6852257480026052,0.0025000000000000005,0.2487000721143253,2,0.04487190395593643,0.850348711013794,4010,5000,0.04447499290108681,5000,5000,8,outer,64,0.0,9d884333bc62,0.080337824604644
additive,main,both,latent,identity,0.2,0,1988,0,48,True,403,66,266,332,6,12.59375,0,0.42269244272229023,0.4134647344122563,0.7640787333311734,0.5158194934890806,0.6502833031282124,0.8064014528311643,0.4817012404634725,0.7627897595755921,0.3170497352873794,0.356544794175402,0.7851347866919528,0.4955487312135474,0.08412359289234468,0.2039139354444457,0.6017074558834548,0.7756980442694533,0.4368816349404955,0.7826039618790301,0.0,0.0,0.6749444343461529,0.5842553322044434,,,,0.9999999999989024,,,0.9999999999985353,,,,,0.23684210526315788,,0.0,0.0,0.0,0.0,0.0,0.42340904257280393,0.41328879847504435,0.7649473819509843,0.5156833214681242,0.6511012688249243,0.8069084637212106,0.4815518138037642,0.7624913821781677,0.0,0.0,0.6749444343461529,0.5842553322044434,,,,0.9999999999989024,,,0.9999999999985353,,,,,0.23684210526315788,,0.6852257480026052,0.0025000000000000005,0.2487000721143253,2,0.6020891070365906,0.9818633198738098,740,5000,0.6017075181007385,5000,5000,8,outer,64,0.0,83489948ed3f,0.0
algebra,main,both,latent,identity,0.1,2,13324,11336,48,True,202,74,294,368,1,6.3125,0,0.4487016156850107,0.4477915696778825,0.9112071606073028,0.6040371169892363,0.7570386456332054,0.8700796777498055,0.5519552678854518,0.7369803272221451,0.027963538492498094,0.1279421921371394,0.06221564035018561,0.1907568598615081,0.04429951515462583,0.1523911064734691,0.0501774961893368,0.2240033396834449,0.1681539179254529,0.9826214050834774,0.5848419666290283,0.49627214670181274,0.6634971332151967,0.6956231010395416,0.4247024358114504,0.4247024358114504,0.4629498632333132,0.9985869208332903,0.39356585194396865,0.5265804314437061,0.9780395233765767,0.5963929146537843,0.3102641048917329,0.6709822866344605,0.3798511999881594,0.23469387755102042,0.3103448275862069,0.0,0.0,0.0,0.0,0.0,0.45753935315509875,0.45367495992227125,0.9011036614399078,0.6065808214492633,0.753248892011638,0.8678991254815492,0.5556122009402659,0.7382970100139723,0.5864295959472656,0.49111372232437134,0.6634971332151967,0.6956231010395416,0.4093464175980919,0.4093464175980919,0.46830885069941675,1.013277276445513,0.40663465677873917,0.5281162085936938,0.9580954647706864,0.5983252818035428,0.3195076394314029,0.6542351046698872,0.3732096766522422,0.23469387755102042,0.3103448275862069,0.7643717300427518,0.0025000000000000005,0.26492104756961427,2,0.06122973561286926,0.6742827892303467,3170,5000,0.050177495926618576,5000,5000,8,outer,64,0.0,9d884333bc62,0.08248198589255773
additive,main,both,latent,identity,0.2,1,1988,0,48,True,403,60,242,302,5,12.59375,0,0.44637443327571713,0.40441284664442817,0.8972180242764156,0.5368909125886605,0.7469368272761828,0.8642550707263353,0.4927315572739165,0.7305126390051893,0.41584920706258827,0.3696644225093747,0.9649708399258067,0.5096501134388304,0.08667064873068833,0.18629780666438092,0.7469761578516788,0.864277824459056,0.4490776224112299,0.7308639634352703,0.0,0.0,0.7236853112125092,0.6716918191595322,,,,0.9999999999990453,,,0.9999999999988918,,,,,0.2603305785123967,,0.0,0.0,0.0,0.0,0.0,0.4445384301688398,0.40354123519993296,0.8953731940620784,0.5372454670051199,0.7450949394309988,0.8631888202652991,0.4926773897367243,0.7311771737777711,0.0,0.0,0.7236853112125092,0.6716918191595322,,,,0.9999999999990453,,,0.9999999999988918,,,,,0.2603305785123967,,0.8270751336687069,0.0025000000000000005,0.29530161787387416,2,0.7484040856361389,0.31506723165512085,3080,5000,0.7469761371612549,5000,5000,8,outer,64,0.0,83489948ed3f,0.0
additive,main,both,latent,identity,0.2,3,1988,0,48,True,403,64,257,321,5,12.59375,0,0.38936586580682936,0.3916034422195801,0.7545874471259231,0.5041577920395292,0.6328469200195584,0.7955167628777903,0.46663967543287943,0.756954400692671,0.32974869398621215,0.35530808391806873,0.6993291421863957,0.468974535733589,0.06866341970698352,0.18505422624581158,0.5506225224979775,0.7420394345976348,0.4187164996857709,0.7671698043480595,0.0,0.0,0.624247173031166,0.600675599158459,,,,0.9999999999987169,,,0.9999999999986142,,,,,0.2723735408560311,,0.0,0.0,0.0,0.0,0.0,0.3884773884921384,0.3873670777174395,0.7537263863383475,0.5004791723596951,0.6319767203896112,0.7949696348852647,0.46277514081227655,0.7572886018776448,0.0,0.0,0.624247173031166,0.600675599158459,,,,0.9999999999987169,,,0.9999999999986142,,,,,0.2723735408560311,,0.6351476448634765,0.0025000000000000005,0.24198641121127815,2,0.5520986318588257,0.6904082894325256,560,5000,0.5506225228309631,5000,5000,8,outer,64,0.0,83489948ed3f,0.0
additive,main,both,latent,identity,0.2,2,1988,0,48,True,403,74,294,368,7,12.59375,0,0.42778668838521333,0.4271014935749327,0.9079464135364455,0.5568056493386514,0.7478931718193681,0.8648081705322679,0.5135709307507452,0.7401577601627078,0.38865521823351523,0.38359392940355974,0.9429582595978423,0.5457925060274976,0.08327409070858588,0.1983484233649101,0.7242591924503669,0.8510341899420768,0.476976757661549,0.7633675275580856,0.0,0.0,0.6634971332151967,0.6956231010395416,,,,0.9999999999988642,,,0.9999999999989667,,,,,0.23469387755102042,,0.0,0.0,0.0,0.0,0.0,0.42816528154573547,0.4284061328970907,0.9082938823828217,0.558028216282346,0.7482510154371262,0.8650150376942162,0.5148208551539276,0.7400334337339431,0.0,0.0,0.6634971332151967,0.6956231010395416,,,,0.9999999999988642,,,0.9999999999989667,,,,,0.23469387755102042,,0.7643717300427518,0.0025000000000000005,0.26492104756961427,2,0.7262296676635742,0.6073474884033203,900,5000,0.7242592573165894,5000,5000,8,outer,64,0.0,83489948ed3f,0.0
algebra,main,both,latent,identity,0.1,3,13324,11336,48,True,202,64,257,321,0,6.3125,1,0.4074354988198104,0.3836522226671405,0.7819427812795312,0.5225180222904132,0.6571070204596242,0.81062137922684,0.476229422415989,0.7476372807633687,0.02596821166494356,0.12312954074128375,0.07260538141244201,0.18791864857503,0.033068668018252215,0.1337932759709483,0.05476798149270643,0.23402560007979134,0.1632150312181972,0.9718195498377532,0.3986692726612091,0.33588874340057373,0.624247173031166,0.600675599158459,0.2535678759922853,0.2535678759922853,0.3231790038797393,1.0319681807628192,0.2892691679148732,0.3011607051963623,1.010666522655107,0.6222307104660046,0.3546067085741557,0.5847975553857907,0.3884550301866541,0.2723735408560311,0.28,0.0,0.0,0.0,0.0,0.0,0.42243490547644136,0.3927649295972357,0.7797405382336586,0.5305119842863495,0.6606386606479195,0.8127968138765799,0.48459629938997834,0.7462809502212598,0.4002186954021454,0.3146251142024994,0.624247173031166,0.600675599158459,0.23911439337874918,0.23911439337874918,0.27331166297167675,1.0399361325167642,0.29105418686799045,0.3296642060107682,0.9879223674583816,0.6173414820473644,0.3417585964740565,0.5705882352941176,0.3787767371813554,0.2723735408560311,0.28,0.6351476448634765,0.0025000000000000005,0.24198641121127815,2,0.07315395772457123,0.7280645966529846,1590,5000,0.05476798489689827,5000,5000,8,outer,64,0.0,9d884333bc62,0.04989695260130156
algebra,main,both,latent,identity,0.1,4,13324,11336,48,True,202,73,294,367,0,6.3125,1,0.6233313359923178,0.5273700965695882,1.3044675507660717,0.7302268168403914,1.077422145841487,1.0379894728953116,0.6626079100834571,0.6446821602837574,0.0276984048430853,0.1295810356611678,0.07440376983288788,0.20298061588329688,0.03687379463173481,0.15001467818364467,0.056737497980926796,0.2381963433407969,0.17579175734949418,0.9768270521414203,0.6378112435340881,0.5589186549186707,0.8104189479295445,0.7907564643727457,0.39086098467469166,0.39086098467469166,0.23395839506624655,0.9726025105451811,0.2870835300756282,0.2537143046030815,1.0439156434608032,0.6679130234698574,0.46062471743819294,0.6552001840773125,0.42668799633156074,0.2789115646258503,0.3103448275862069,0.0,0.0,0.0,0.0,0.0,0.6462748059670882,0.5340639345459938,1.3101061521803663,0.7297333515606366,1.0888290367759401,1.043469710521556,0.6645102125557556,0.6409203368792986,0.6529939770698547,0.5505287647247314,0.8104189479295445,0.7907564643727457,0.3745170596314783,0.3745170596314783,0.21739362951752114,0.9927095214661998,0.3003270169900307,0.25598485590800213,1.030441902084114,0.6557179015186377,0.45054347600259737,0.6587666820064426,0.42748892850965814,0.2789115646258503,0.3448275862068966,1.076287525145831,0.0025000000000000005,0.3534790323700732,2,0.09158775955438614,1.2401421070098877,2280,5000,0.056737493723630905,5000,5000,8,outer,64,0.0,9d884333bc62,-0.056065220189481124
additive,main,both,latent,identity,0.2,4,1988,0,48,True,403,73,294,367,8,12.59375,0,0.5327324807868244,0.45097184154216474,1.1579768106424324,0.5939963771187553,0.9495620340238966,0.9744547367753397,0.5463215319265584,0.6868485283060343,0.2741733417662303,0.3345227647014913,0.631403813944333,0.4403101047717987,0.06964500585429392,0.1841088228163946,0.4900711792188515,0.7000508404529284,0.39393997115555385,0.7927056307131035,0.0,0.0,0.8104189479295445,0.7907564643727457,,,,0.9999999999992387,,,0.9999999999992004,,,,,0.2789115646258503,,0.0,0.0,0.0,0.0,0.0,0.5516304915619868,0.4601428077060429,1.1762593870241675,0.6033154021869161,0.9680497552034407,0.9838951952334358,0.5555912040266251,0.6807515521336527,0.0,0.0,0.8104189479295445,0.7907564643727457,,,,0.9999999999992387,,,0.9999999999992004,,,,,0.2789115646258503,,1.076287525145831,0.0025000000000000005,0.3534790323700732,2,0.5010111927986145,1.2641545534133911,280,5000,0.490071177482605,5000,5000,8,outer,64,0.0,83489948ed3f,0.0
unconstrained,main,both,latent,identity,0.2,0,13396,11408,76,True,403,66,266,332,6,12.59375,0,0.1458023314414758,0.2231967501559725,0.24790310515833786,0.28288253996513635,0.21386951391938383,0.4624602836129648,0.26298727669541505,0.921984712551868,0.0490986150129748,0.1465576891962427,0.04355095528051814,0.14956113443172178,0.007372259545009412,0.06574606825484194,0.04348832397266856,0.2085385431345212,0.1443965211833177,0.984287731116281,0.48478513956069946,0.4545745551586151,0.6749444343461529,0.5842553322044434,0.7972482264308998,0.7972482264308998,0.664570478560191,0.5633518331650887,0.7850043974115943,0.7709406545832463,0.6259187555866288,0.885761201032137,0.7378453483075456,0.8675424192665572,0.6724025736655053,0.23684210526315788,0.6538461538461539,0.0,0.0,0.0,0.0,0.24395045638084412,0.14592065708794744,0.22350659447312501,0.24853207119883525,0.28357397274730844,0.21432826649520598,0.46295600924408137,0.2635515133225806,0.9218173688598454,0.4841310977935791,0.45476987957954407,0.6749444343461529,0.5842553322044434,0.7967124720836811,0.7967124720836811,0.662047529253492,0.5643444042522819,0.7844312972702991,0.7701063661910765,0.6264152314335246,0.8859175854249746,0.738465261233109,0.8671514582844632,0.6699008470737186,0.23684210526315788,0.6538461538461539,0.6852257480026052,0.0025000000000000005,0.2487000721143253,2,0.04587404057383537,0.2515536844730377,4460,5000,0.04348832368850708,5000,5000,8,outer,64,0.0,726abda0d341,0.6711133241610903
unconstrained,main,both,latent,identity,0.2,3,13396,11408,76,True,403,64,257,321,5,12.59375,0,0.18687846572759043,0.24009826182501876,0.3208515212327108,0.3099411393034983,0.27619383606433734,0.5255414694049723,0.28666018014400524,0.8939274344431155,0.04272899426082482,0.14361061599346123,0.0484965000900731,0.15446135231321306,0.00643931447174999,0.061119623791270374,0.04455622928979051,0.21108346522120228,0.14633353034756943,0.9811594419785239,0.44033896923065186,0.37906548380851746,0.624247173031166,0.600675599158459,0.7154919827569778,0.7154919827569778,0.6658864299610894,0.6959643959792279,0.7638686963293813,0.771061795878201,0.6663305839902559,0.8689075630252101,0.7473540562991315,0.8550802139037433,0.6866337922039288,0.2723735408560311,0.6,0.0,0.0,0.0,0.0,0.22255757451057434,0.18687846572759043,0.24009826182501876,0.3208515212327108,0.3099411393034983,0.27619383606433734,0.5255414694049723,0.28666018014400524,0.8939274344431155,0.44033896923065186,0.37906548380851746,0.624247173031166,0.600675599158459,0.7154919827569778,0.7154919827569778,0.6658864299610894,0.6959643959792279,0.7638686963293813,0.771061795878201,0.6663305839902559,0.8689075630252101,0.7473540562991315,0.8550802139037433,0.6866337922039288,0.2723735408560311,0.6,0.6351476448634765,0.0025000000000000005,0.24198641121127815,2,0.07879922538995743,0.254265695810318,4999,5000,0.04455622658133507,5000,5000,8,outer,64,0.0,726abda0d341,0.5635692814056812
unconstrained,main,both,latent,identity,0.2,1,13396,11408,76,True,403,60,242,302,5,12.59375,0,0.168946656095363,0.2470788145950352,0.296315829766503,0.31858972381323186,0.25385943854278964,0.5038446571541566,0.294752754073833,0.9084100453233843,0.05098853481482578,0.15368734042400994,0.04292841302571611,0.14900650699788887,0.007819317724261468,0.06988819099186887,0.04371493854159836,0.20908117691843606,0.1465106732558162,0.9842494768084784,0.5540569424629211,0.4932768940925598,0.7236853112125092,0.6716918191595322,0.7843893425542705,0.7843893425542705,0.6300546857569365,0.5817317210368785,0.7981824858572459,0.8255479053919894,0.6073197511163118,0.8914604948124502,0.7891570777188044,0.8500487718364813,0.6798933337857066,0.2603305785123967,0.7083333333333334,0.0,0.0,0.0,0.0,0.287280410528183,0.17178950422207476,0.2508036332808368,0.292874003308331,0.3154775447226616,0.2525125036129123,0.5025062224618838,0.29391957424205334,0.9088960060183577,0.5597806572914124,0.496418833732605,0.7236853112125092,0.6716918191595322,0.7766550401677654,0.7766550401677654,0.6323590488056727,0.5862764349878671,0.8023873593240021,0.819750376898623,0.6033350693586531,0.8812627471845349,0.7723564945479109,0.8514675888977565,0.6836855018514683,0.2603305785123967,0.7083333333333334,0.8270751336687069,0.0025000000000000005,0.29530161787387416,2,0.04547809436917305,0.09339224547147751,2690,5000,0.043714940547943115,5000,5000,8,outer,64,0.0,726abda0d341,0.6601326520898345
unconstrained,main,both,latent,identity,0.2,2,13396,11408,76,True,403,74,294,368,7,12.59375,0,0.1417082243097188,0.21713760574881197,0.24668298836714844,0.27734230888546135,0.2116914003480052,0.4600993374783376,0.25727407450657824,0.9264515713027478,0.037796980581809116,0.13913983559276427,0.03479150357879222,0.13627056052733325,0.00428582138980391,0.05074137947397768,0.03420929114526555,0.18495753876299703,0.13287892679909596,0.9888230218841935,0.5584184527397156,0.5441880822181702,0.6634971332151967,0.6956231010395416,0.8165280745939953,0.8165280745939953,0.7729250362723907,0.5613896556149865,0.8586137503394694,0.8351751876778941,0.5275422235508959,0.9252818035426732,0.8151957023452344,0.9103381642512077,0.773237917001512,0.23469387755102042,0.7586206896551724,0.0,0.0,0.0,0.0,0.22363239526748657,0.14259686620877002,0.2176039062506796,0.24601604708179411,0.27681179908010156,0.21154298679078604,0.4599380249455203,0.25707583480362756,0.926503134965291,0.5586526989936829,0.5443464517593384,0.6634971332151967,0.6956231010395416,0.8154505088828555,0.8154505088828555,0.7730570217327402,0.5629458224356269,0.8594882068040935,0.8349049598436008,0.5264354876005501,0.9240579710144929,0.8144096182504406,0.9107890499194847,0.7747776809412267,0.23469387755102042,0.7586206896551724,0.7643717300427518,0.0025000000000000005,0.26492104756961427,2,0.034981925040483475,0.1901654750108719,4630,5000,0.03420929238200188,5000,5000,8,outer,64,0.0,726abda0d341,0.7169496816864467
unconstrained,main,both,latent,identity,0.2,4,13396,11408,76,True,403,73,294,367,8,12.59375,0,0.3340165017062587,0.34071459317263536,0.7066115221783758,0.48669529883604334,0.5824131820210036,0.7631599976551467,0.4380350636149074,0.8079287728986299,0.07823980032805726,0.18942197155089446,0.114715080813676,0.23455174980033403,0.017879809858552732,0.10433463995576046,0.09829953063548884,0.3135275596107762,0.21371813183915817,0.9584204497869852,0.5416695475578308,0.4432818591594696,0.8104189479295445,0.7907564643727457,0.6592714599358775,0.6592714599358775,0.5402011420638135,0.743059456572859,0.5782788184317653,0.5436736110537232,0.7979535440959878,0.7210078232857801,0.6194873599050026,0.7389553612517257,0.5890870413619874,0.2789115646258503,0.4827586206896552,0.0,0.0,0.0,0.0,0.23319806158542633,0.3351342661897202,0.3399585421740848,0.705662306958439,0.48571960501048567,0.5821529600355327,0.7629894888106472,0.43713258406501876,0.8080145902489424,0.541651725769043,0.4432661235332489,0.8104189479295445,0.7907564643727457,0.6592285776966718,0.6592285776966718,0.5398763728317729,0.7431592563942707,0.5790800828090398,0.5439526930110276,0.7973796369805811,0.7226184997699033,0.6205615121045269,0.7393005062126092,0.5896438673749854,0.2789115646258503,0.4827586206896552,1.076287525145831,0.0025000000000000005,0.3534790323700732,2,0.16474837064743042,0.878928005695343,4980,5000,0.0982995331287384,5000,5000,8,outer,64,0.0,726abda0d341,0.3866507282805427
shared_pair,main,both,latent,identity,0.2,0,13396,11408,76,True,403,66,266,332,6,12.59375,0,0.30594147890857004,0.341178302062834,0.6965525265947387,0.5117042512303007,0.5663488440326825,0.752561521759306,0.4548622681744785,0.793407358283978,0.06875847674915066,0.18823913916898075,0.17234061970332046,0.29028477979326894,0.03160146121089799,0.13433083805657559,0.13247344786196508,0.3639690204701014,0.2501391038759583,0.9521375338799288,0.5132361054420471,0.5322471261024475,0.6749444343461529,0.5842553322044434,0.5520168381354342,0.5520168381354342,0.46962673803440125,0.8329015019615553,0.41496719944728827,0.5573138910451877,1.0457374190791584,0.6853546016107592,0.4216639178672934,0.6548596450074282,0.3493168049329633,0.23684210526315788,0.46153846153846156,0.0,0.0,0.0,0.0,0.4617766737937927,0.31946610349510224,0.3498582349543521,0.7369710069330884,0.5270518476475489,0.5978027057870929,0.7731770209900789,0.46798731008315,0.7819336235699734,0.5289016366004944,0.5651286840438843,0.6749444343461529,0.5842553322044434,0.5380131913043316,0.5380131913043316,0.4454495896302129,0.8513503533614185,0.4060173275577508,0.53741179320997,1.0789493134439962,0.680428493236375,0.41808007546291387,0.6493079990616936,0.34929987334226276,0.23684210526315788,0.46153846153846156,0.6852257480026052,0.0025000000000000005,0.2487000721143253,2,0.134286031126976,0.6409898400306702,2940,5000,0.13247345387935638,5000,5000,8,outer,64,0.0,de343e638d3e,0.12907368018179155
shared_pair,main,both,latent,identity,0.2,1,13396,11408,76,True,403,60,242,302,5,12.59375,0,0.16883900158897508,0.2510325530268422,0.3392891579735535,0.34323652877634014,0.2824724391786941,0.531481362964586,0.31250187019317416,0.8980867599397575,0.04098888505428913,0.14186477453836216,0.04250435210676338,0.15156129450214345,0.008996234667993956,0.07514764923732359,0.04033997446479295,0.2008481378175883,0.14464992699047624,0.9854654787459327,0.5077078938484192,0.4798278212547302,0.7236853112125092,0.6716918191595322,0.7826236235242907,0.7826236235242907,0.6487182059921908,0.5933422121578197,0.7721856121884303,0.8178272519401654,0.64335999632597,0.8566108007448789,0.7342141333061398,0.8500487718364814,0.6784204673237826,0.2603305785123967,0.6666666666666666,0.0,0.0,0.0,0.0,0.23863589763641357,0.16888607089060143,0.25094566446358424,0.3391757501694154,0.343027902592775,0.28241252374314413,0.5314249935250921,0.3123338232163781,0.8981083768316012,0.5081628561019897,0.47989773750305176,0.7236853112125092,0.6716918191595322,0.782631261224763,0.782631261224763,0.6486110952350108,0.5933965181877542,0.7722051028072588,0.8178094707077482,0.6433247540467512,0.8563447725458898,0.7348088233038731,0.8500487718364813,0.6781331866614637,0.2603305785123967,0.6666666666666666,0.8270751336687069,0.0025000000000000005,0.29530161787387416,2,0.1195024698972702,0.10822704434394836,4990,5000,0.04033997282385826,5000,5000,8,outer,64,0.0,de343e638d3e,0.621825529464423
shared_pair,main,both,latent,identity,0.2,2,13396,11408,76,True,403,74,294,368,7,12.59375,0,0.13169898281965908,0.21424748835183577,0.2839520352023503,0.29725251373008915,0.23320101774145324,0.48290891246844186,0.269584171937338,0.918978435603487,0.027466480166041415,0.12005912023546962,0.03891138823068104,0.14441477783576895,0.00513128420045318,0.054145665144464186,0.03358992349542232,0.18327553981757172,0.13216611073037687,0.9890253838284542,0.5150900483131409,0.5274080038070679,0.6634971332151967,0.6956231010395416,0.8320767866382811,0.8320767866382811,0.777006432815505,0.5335294196312931,0.8335896243135009,0.8498452889572559,0.5677390536002421,0.9262479871175523,0.8315595031511737,0.9008695652173914,0.7471385578043105,0.23469387755102042,0.7931034482758621,0.0,0.0,0.0,0.0,0.19985876977443695,0.13169898281965908,0.21424748835183577,0.2839520352023503,0.29725251373008915,0.23320101774145324,0.48290891246844186,0.269584171937338,0.918978435603487,0.5150900483131409,0.5274080038070679,0.6634971332151967,0.6956231010395416,0.8320767866382811,0.8320767866382811,0.777006432815505,0.5335294196312931,0.8335896243135009,0.8498452889572559,0.5677390536002421,0.9262479871175523,0.8315595031511737,0.9008695652173914,0.7471385578043105,0.23469387755102042,0.7931034482758621,0.7643717300427518,0.0025000000000000005,0.26492104756961427,2,0.03395536541938782,0.1996975839138031,4999,5000,0.0335899218916893,5000,5000,8,outer,64,0.0,de343e638d3e,0.688189401202641
shared_pair,main,both,latent,identity,0.2,3,13396,11408,76,True,403,64,257,321,5,12.59375,0,0.2709322590970289,0.31872930040025005,0.6162953964240651,0.4760292938505148,0.5011743506483864,0.7079366854799845,0.4235959627004265,0.807523404859055,0.07178649510565406,0.19584624190649516,0.17399888251387013,0.2900929380711721,0.03192940139714941,0.13448688513289916,0.13449845916981576,0.3667403157137428,0.25243370323816794,0.943127457951908,0.36349865794181824,0.3581707775592804,0.624247173031166,0.600675599158459,0.465562868619083,0.465562868619083,0.4383432141322052,0.8888441766884494,0.3904749383539549,0.4915310972988869,0.9607162452338253,0.6867838044308632,0.468173302245613,0.5950343773873186,0.33491453805407284,0.2723735408560311,0.44,0.0,0.0,0.0,0.0,0.2826502025127411,0.30206729902319424,0.3424183112653823,0.6504282919856255,0.49395456371327034,0.5343079609981484,0.7309637207126961,0.4434424795639743,0.7947984030775428,0.40236735343933105,0.3793819546699524,0.624247173031166,0.600675599158459,0.4181670741538487,0.4181670741538487,0.42459445836349646,0.9315522073452429,0.396397490487837,0.4679249898199258,0.9503476272246474,0.6517188693659283,0.40853387375244976,0.6156608097784568,0.35200590618564687,0.2723735408560311,0.44,0.6351476448634765,0.0025000000000000005,0.24198641121127815,2,0.14478802680969238,0.5079803466796875,1950,5000,0.1344984620809555,5000,5000,8,outer,64,0.0,de343e638d3e,0.2080638543158314
shared_pair,main,both,latent,identity,0.2,4,13396,11408,76,True,403,73,294,367,8,12.59375,0,0.38286723809151113,0.3868006960798159,0.9139000867364893,0.57549804181175,0.7368891371881632,0.8584224701090735,0.512598926567772,0.7569848945961937,0.06661177624896936,0.18007020900732415,0.15465032066906995,0.2618582623604135,0.026353859553722152,0.1255096439879235,0.12032941971645188,0.346885312050614,0.22911128900838335,0.949102064711214,0.4541756212711334,0.4203357994556427,0.8104189479295445,0.7907564643727457,0.5639596915206228,0.5639596915206228,0.42647500835238944,0.8088827523712676,0.40837815794259436,0.4012212787006398,0.920722113922423,0.6893120110446387,0.5427791622714615,0.6182121491026231,0.41525039630402893,0.2789115646258503,0.4482758620689655,0.0,0.0,0.0,0.0,0.31810182332992554,0.38290823759305054,0.38625987479562424,0.9238113610274066,0.5774489980762566,0.7435103198826212,0.8622704447460907,0.5137192903160458,0.754801326771417,0.4579060673713684,0.4208981990814209,0.8104189479295445,0.7907564643727457,0.5613356604972157,0.5613356604972157,0.43208344597745385,0.8110199393253884,0.3956414366427671,0.3964696840730855,0.9285995098172178,0.6891394385641969,0.5392902137700368,0.6098711458812701,0.4036533456282048,0.2789115646258503,0.4827586206896552,1.076287525145831,0.0025000000000000005,0.3534790323700732,2,0.12429706752300262,1.005137324333191,3660,5000,0.12032941728830338,5000,5000,8,outer,64,0.0,de343e638d3e,0.2239694608834596
algebra,main,both,latent,identity,0.2,0,13324,11336,48,True,403,66,266,332,6,12.59375,0,0.12188287395941577,0.22231180857756988,0.25097679861653654,0.3036770251378292,0.20794549039749627,0.4560104060188718,0.2765552862844094,0.9241456769148568,0.027491086526038926,0.12408427317399054,0.054812819146114175,0.1684923473037157,0.009460393542608136,0.07761668940780106,0.04388335058011676,0.209483532956929,0.14986509201729167,0.9841450085713433,0.5532104969024658,0.466016948223114,0.6749444343461529,0.5842553322044434,0.8298681885589708,0.8298681885589708,0.7384791212714849,0.5104725718744016,0.7896755220426381,0.7739000352269269,0.6129653569968894,0.8554226288216435,0.7124998661672951,0.8569082805536007,0.6606039033308553,0.23684210526315788,0.7692307692307693,0.0,0.0,0.0,0.0,0.0,0.12166910860724493,0.2220348207579635,0.250568758556234,0.3034730961606457,0.2076022085732376,0.45563385362946596,0.27632700435975166,0.9242708992043944,0.553589403629303,0.4653876721858978,0.6749444343461529,0.5842553322044434,0.8300864016635987,0.8300864016635987,0.7388154507532345,0.5101091226107486,0.7900562066478993,0.7737796898436466,0.6123557281799308,0.8553444366252247,0.7106154998278413,0.8567518961607631,0.6609620167950421,0.23684210526315788,0.7692307692307693,0.6852257480026052,0.0025000000000000005,0.2487000721143253,2,0.06592472642660141,0.30028003454208374,4970,5000,0.04388334974646568,5000,5000,8,outer,64,0.0,1be44dc9c7aa,0.680223235938603
algebra,main,both,latent,identity,0.2,1,13324,11336,48,True,403,60,242,302,5,12.59375,0,0.16436170355944565,0.25474322751722,0.3398401113014667,0.35426712729180326,0.28134730872079294,0.5304218214975633,0.32109249403360884,0.8984926957924325,0.03255941717872972,0.13679860238196717,0.05789406192600503,0.17501395222738628,0.013153297513602731,0.09020271420127887,0.047624406972709116,0.21823016971241424,0.1586520471045467,0.9828408925751474,0.5470672845840454,0.506033718585968,0.7236853112125092,0.6716918191595322,0.7761346326775342,0.7761346326775342,0.7272701870966678,0.5752387210519877,0.7866652284459255,0.8213887904570667,0.6243712708264747,0.8114746829830629,0.6561977114142038,0.8372794182850049,0.6581083600028286,0.2603305785123967,0.5833333333333334,0.0,0.0,0.0,0.0,0.0,0.16290918561369438,0.2528810195149804,0.33820662637675275,0.35244736263919757,0.2797741461223999,0.5289368073053717,0.31925858159779186,0.8990602771749205,0.5489711165428162,0.5085054039955139,0.7236853112125092,0.6716918191595322,0.7768389727489793,0.7768389727489793,0.7286291812885551,0.5741399108670897,0.7864057389399609,0.8217268455543322,0.6242367033969025,0.812006739381041,0.6574898017066736,0.8373680943513346,0.6578475942295228,0.2603305785123967,0.5833333333333334,0.8270751336687069,0.0025000000000000005,0.29530161787387416,2,0.0582222156226635,0.14653362333774567,4910,5000,0.04762440547347069,5000,5000,8,outer,64,0.0,1be44dc9c7aa,0.6233318555910972
algebra,main,both,latent,identity,0.2,3,13324,11336,48,True,403,64,257,321,5,12.59375,0,0.24425028294612458,0.31882495118110193,0.45774855057857433,0.4204347973451487,0.3865824613677578,0.6217575583519334,0.38656484862379986,0.8515325538727039,0.06489611786917983,0.19004366351962038,0.1225415657350073,0.25023402303639847,0.0366675966515661,0.14233205159695075,0.09997514820848043,0.3161884694426418,0.22575449353334565,0.9577256062608704,0.4419269561767578,0.3484625220298767,0.624247173031166,0.600675599158459,0.5616572939517386,0.5616572939517386,0.526045967276717,0.8425276426111932,0.6190655986673617,0.5953084703872951,0.7657957679000509,0.6756302521008403,0.4695658890977008,0.7524828113063408,0.5631876876425931,0.2723735408560311,0.52,0.0,0.0,0.0,0.0,0.0,0.24558463806699385,0.317118379088169,0.46827347506004535,0.4242142293134674,0.3940438627290282,0.6277291316555479,0.38851561257170125,0.8486669939589946,0.4543728232383728,0.3459457755088806,0.624247173031166,0.600675599158459,0.5608881129046005,0.5608881129046005,0.537981927540494,0.8431712308330065,0.5948262377018345,0.589189998359877,0.7826913779080074,0.6639419404125287,0.4569716703614948,0.7294117647058823,0.5439261785053247,0.2723735408560311,0.48,0.6351476448634765,0.0025000000000000005,0.24198641121127815,2,0.10377945005893707,0.4309674799442291,2180,5000,0.09997515380382538,5000,5000,8,outer,64,0.0,1be44dc9c7aa,0.38913748469249043
algebra,main,both,latent,identity,0.2,2,13324,11336,48,True,403,74,294,368,7,12.59375,0,0.1381204916584891,0.21531565176860504,0.2891222271348969,0.3037695843024479,0.23878831530942762,0.4886597132048309,0.2742849401245002,0.9170372279960313,0.02063386866861537,0.10952737499951824,0.04023725492513043,0.1476455658856404,0.005431803291900479,0.056760151912242894,0.03228147050572565,0.17967044972873433,0.13100904002436417,0.9894528861221819,0.6076744198799133,0.5328418612480164,0.6634971332151967,0.6956231010395416,0.8235430808080506,0.8235430808080506,0.826956318479263,0.551996791989594,0.8393976802492815,0.8269616309530696,0.556925920520605,0.9098228663446055,0.7824364545645758,0.9022222222222221,0.7581101538027522,0.23469387755102042,0.7241379310344828,0.0,0.0,0.0,0.0,0.0,0.13818857834799836,0.21514020555965735,0.28925510782934666,0.30390653554741803,0.23889959800223054,0.488773565163083,0.2743177588848312,0.9169985647948649,0.6084046363830566,0.5334126353263855,0.6634971332151967,0.6956231010395416,0.8234325988176759,0.8234325988176759,0.8271463869865643,0.5522367761199691,0.8393227212601384,0.8270813386961773,0.5569921221666496,0.9100805152979066,0.7828663527700248,0.9021578099838969,0.7579304191086957,0.23469387755102042,0.7241379310344828,0.7643717300427518,0.0025000000000000005,0.26492104756961427,2,0.0328846238553524,0.20561020076274872,4960,5000,0.03228147327899933,5000,5000,8,outer,64,0.0,1be44dc9c7aa,0.6807186850916991
algebra,main,both,latent,identity,0.2,4,13324,11336,48,True,403,73,294,367,8,12.59375,0,0.2905385005808125,0.3394356057759016,0.6134637033135184,0.45454218219275344,0.5058219690692831,0.7112116204543364,0.41617332338713614,0.8331874186692689,0.05134746049997098,0.16433826902129253,0.1021184754984968,0.22070005305191892,0.020196436804561634,0.11455000319651848,0.08192701475944121,0.2862289551380873,0.1975206326630045,0.9653458322540275,0.5748262405395508,0.460086852312088,0.8104189479295445,0.7907564643727457,0.6850624149464987,0.6850624149464987,0.6195601743908068,0.7062174046753115,0.6840627101910299,0.6656843705840062,0.7178032653481143,0.7323400828347906,0.6208218398610831,0.7945236999539808,0.6776084475923183,0.2789115646258503,0.5517241379310345,0.0,0.0,0.0,0.0,0.0,0.29324595930497965,0.3386222620403401,0.6195323090195035,0.4549655995835069,0.5107701924479955,0.7146818819922578,0.416184487069118,0.8315555680078142,0.5756826996803284,0.4575522243976593,0.8104189479295445,0.7907564643727457,0.6800258174282735,0.6800258174282735,0.6148436420903759,0.7118453871694441,0.6794363883706805,0.6618567922338717,0.7215662377462166,0.7283133916244823,0.6159221150159597,0.7890589047399909,0.6681271980754061,0.2789115646258503,0.5517241379310345,1.076287525145831,0.0025000000000000005,0.3534790323700732,2,0.1755305528640747,0.8233221769332886,2630,5000,0.08192700892686844,5000,5000,8,outer,64,0.0,1be44dc9c7aa,0.4673102430961834
wellspecified,ceiling,both,latent,identity,0.05,1,3046,512,48,True,101,60,242,302,0,3.15625,4,0.46483302594911796,0.37664413072544556,0.8771055911450778,0.5072392069432125,0.7396814027464247,0.8600473258759803,0.4637075148706235,0.7331303238454877,0.0063390597443683215,0.06360364740762822,0.01578011912653684,0.09622828241790753,0.021785329919319182,0.11133814417727866,0.014229128644626892,0.11928591134172925,0.08988480289900166,0.9930696565489961,0.27152252197265625,0.3006289601325989,0.7236853112125092,0.6716918191595322,0.29189732093671483,0.2918973250122381,0.3310615692106954,0.9576230242397716,0.3218589017996196,0.3796144944139412,0.9552424451530025,0.7915225680588809,0.5997391640002238,0.7783098341757559,0.5858084801212546,0.2603305785123967,0.4166666666666667,3.212792520912444e-08,1.1832509651040096e-07,3.075115984074728e-08,1.022894024462336e-07,3.212792520912444e-08,,,,,,,,,,,,,,,,,,,,,,,,,,0.8270751336687069,0.0025000000000000005,0.29530161787387416,2,0.017132600769400597,0.23790369927883148,1170,1771,0.014229129068553448,5000,600,8,concat_outer,64,0.0,b35a46275654,
wellspecified,ceiling,both,latent,identity,0.05,0,3046,512,48,True,101,66,266,332,0,3.15625,4,0.3872596880592869,0.3494436783633413,0.7447852732157225,0.47661920699868815,0.6256100781635774,0.7909551682387425,0.43422736412023916,0.7717900546742849,0.004859566719396694,0.054349694949315755,0.011652176385064805,0.08408132675882207,0.018204591683092613,0.10809323506735041,0.010925476120327203,0.10452500236941974,0.08008641482145334,0.9958022690057668,0.3807554543018341,0.31815409660339355,0.6749444343461529,0.5842553322044434,0.3814424128364038,0.3814424143707628,0.3420902797591817,0.9076763896066686,0.23895870113051512,0.31838064527441134,1.025162736053253,0.7573696145124716,0.5230809369589458,0.7020877316443819,0.41439025473790825,0.23684210526315788,0.34615384615384615,4.5402604342825725e-08,1.192434769104857e-07,3.689217464852845e-08,1.1595693698881012e-07,4.5402604342825725e-08,,,,,,,,,,,,,,,,,,,,,,,,,,0.6852257480026052,0.0025000000000000005,0.2487000721143253,2,0.0174788199365139,0.9190672039985657,1950,2551,0.0109254764392972,5000,600,8,concat_outer,64,0.0,b35a46275654,
wellspecified,ceiling,both,latent,identity,0.05,4,3046,512,48,True,101,73,294,367,0,3.15625,2,0.4383216138644878,0.37273876940406375,1.00566178353636,0.5336984283544464,0.8165483936457361,0.9036306732541431,0.4800452087043189,0.7307144535929594,0.004713400337785438,0.05399815145520577,0.014359932427952804,0.08878283399294674,0.012731572914118621,0.08674771734981838,0.011421200139145469,0.10687001515460484,0.07885503998348611,0.9945784884397836,0.41173654794692993,0.3363378942012787,0.8104189479295445,0.7907564643727457,0.5599661487989052,0.5599661446715047,0.39717317366004656,0.8206834681948187,0.314641986858093,0.2949363860775409,0.94949572101295,0.7206626783248964,0.5983542531254619,0.7042107685227795,0.5505523874878744,0.2789115646258503,0.41379310344827586,3.50270319415813e-08,8.50714662838835e-08,2.998359249772875e-08,8.91472402673511e-08,3.50270319415813e-08,,,,,,,,,,,,,,,,,,,,,,,,,,1.076287525145831,0.0025000000000000005,0.3534790323700732,2,0.015017545782029629,1.1755294799804688,1530,2131,0.011421199887990952,5000,600,8,concat_outer,64,0.0,b35a46275654,
wellspecified,ceiling,both,latent,identity,0.05,2,3046,512,48,True,101,74,294,368,0,3.15625,1,0.3738198758782734,0.353644142681754,0.8375033570559574,0.5059726074937537,0.6829421966633961,0.8264031683527091,0.4551964525564205,0.7627238264139722,0.005392491689755454,0.05799546338362354,0.014202232851798164,0.09074332387582616,0.015203337017352976,0.09319965442966612,0.011952333149425396,0.10932672660162014,0.08215932182060352,0.9958808416409484,0.3105020225048065,0.3395509719848633,0.6634971332151967,0.6956231010395416,0.4155776829926492,0.415577679737247,0.4098061183170556,0.900519094730532,0.27147594301251815,0.36089098449584034,0.9808032118242347,0.6881159420289855,0.42302023048939014,0.7063446054750403,0.3981935457474936,0.23469387755102042,0.3103448275862069,3.80939511046563e-08,1.2268504511168145e-07,3.704320405972794e-08,1.0909467799221789e-07,3.80939511046563e-08,,,,,,,,,,,,,,,,,,,,,,,,,,0.7643717300427518,0.0025000000000000005,0.26492104756961427,2,0.013850097544491291,0.636315643787384,2770,3371,0.011952334083616734,5000,600,8,concat_outer,64,0.0,b35a46275654,
wellspecified,ceiling,both,latent,identity,0.05,3,3046,512,48,True,101,64,257,321,0,3.15625,4,0.37949684337284767,0.34732538584674194,0.7778289998361974,0.4818602662185747,0.6450516143484142,0.8031510532573647,0.4370153060946304,0.7522671735707822,0.004793426669170637,0.05468934933237359,0.010090915106549615,0.07523747967886382,0.013904875585475457,0.0916222050060862,0.009298128017928299,0.09642680134655665,0.07243982642531265,0.9951570070013523,0.2647920250892639,0.3301921486854553,0.624247173031166,0.600675599158459,0.28787889307330633,0.28787889350782453,0.3166665841892136,0.9604463615265264,0.2163521714008974,0.2504271742941815,1.044109080931708,0.7336134453781513,0.5119367490840145,0.6853323147440794,0.4539767340084704,0.2723735408560311,0.32,3.163452433341263e-08,1.1946933735539313e-07,2.8507193050586466e-08,8.63351629581222e-08,3.163452433341263e-08,,,,,,,,,,,,,,,,,,,,,,,,,,0.6351476448634765,0.0025000000000000005,0.24198641121127815,2,0.013573531061410904,0.7059845924377441,4620,5000,0.009298128075897694,5000,600,8,concat_outer,64,0.0,b35a46275654,
wellspecified,ceiling,both,latent,identity,0.1,0,3046,512,48,True,202,66,266,332,1,6.3125,0,0.13922833280149527,0.19820252793766147,0.29533917174575863,0.2737908717046571,0.24330222543100422,0.4932567540652679,0.24859475711565857,0.9112482527036329,0.008043249308950031,0.06842937212351417,0.014473013273513292,0.09150877508966104,0.006593672803274175,0.06426523397643467,0.011781834003457945,0.10854415692914081,0.08194813922338022,0.9959258558452916,0.4871346950531006,0.3794046938419342,0.6749444343461529,0.5842553322044434,0.8035901731068509,0.8035901735077955,0.7236154303503086,0.5429006413279908,0.7412756655547252,0.7480345447039265,0.6795289237809724,0.9141449683321603,0.8056612171542838,0.8937368050668543,0.7636308267791305,0.23684210526315788,0.6538461538461539,5.173507844347114e-08,1.0620281350836323e-07,4.307642953449431e-08,1.1353689113531029e-07,5.173507844347114e-08,,,,,,,,,,,,,,,,,,,,,,,,,,0.6852257480026052,0.0025000000000000005,0.2487000721143253,2,0.012016643770039082,0.4252169728279114,2900,3501,0.011781834065914154,5000,600,8,concat_outer,64,0.0,7e3085f3e6e3,
wellspecified,ceiling,both,latent,identity,0.1,1,3046,512,48,True,202,60,242,302,2,6.3125,0,0.12863373822936905,0.20194962619364923,0.2756014912007616,0.2846898904220585,0.22661224021029738,0.4760380659257171,0.25710980234592207,0.9182405628517569,0.007570512618099998,0.06849659583123398,0.014970402191122672,0.09190288926320263,0.006272176417684337,0.06157972720575695,0.011908515410151579,0.10912614448495639,0.08194952561404713,0.9951997196085214,0.5012997984886169,0.42212677001953125,0.7236853112125092,0.6716918191595322,0.8730487325010483,0.8730487317458605,0.822386656285814,0.49339166827042374,0.8486484097137732,0.826811007937627,0.5712513705055431,0.9468830362685111,0.8655550446555538,0.9334929502527267,0.8197674491725098,0.2603305785123967,0.75,4.852377699648969e-08,9.679592340948368e-08,4.276222753674119e-08,1.0130186112920717e-07,4.852377699648969e-08,,,,,,,,,,,,,,,,,,,,,,,,,,0.8270751336687069,0.0025000000000000005,0.29530161787387416,2,0.013461695052683353,0.08207424730062485,1900,2501,0.011908515356481075,5000,600,8,concat_outer,64,0.0,7e3085f3e6e3,
wellspecified,ceiling,both,latent,identity,0.1,2,3046,512,48,True,202,74,294,368,1,6.3125,0,0.11907269725359176,0.1991441293313917,0.2964572769687478,0.2896181436289822,0.2373290837303624,0.4871643292877285,0.2594601388631187,0.9175442121700186,0.0069390262481077245,0.0665967840767828,0.014484519834348897,0.0916599196192271,0.0057880114943469965,0.06141993915613617,0.011378898583332719,0.10667192031332669,0.08121497614279193,0.9960590048509045,0.4711536169052124,0.44823119044303894,0.6634971332151967,0.6956231010395416,0.8698410993895528,0.8698411001040597,0.8381064926693764,0.5111750467120731,0.7978613397581045,0.8511856851261359,0.6067538410122308,0.9199355877616747,0.8176037895362912,0.9113687600644124,0.7698411910625756,0.23469387755102042,0.7586206896551724,3.657221725461568e-08,7.762270279748408e-08,4.669365338827447e-08,1.0417314608996434e-07,3.657221725461568e-08,,,,,,,,,,,,,,,,,,,,,,,,,,0.7643717300427518,0.0025000000000000005,0.26492104756961427,2,0.011581361293792725,0.24437761306762695,2320,2921,0.011378899216651917,5000,600,8,concat_outer,64,0.0,7e3085f3e6e3,
wellspecified,ceiling,both,latent,identity,0.1,3,3046,512,48,True,202,64,257,321,0,6.3125,1,0.208772687633064,0.24102119139418968,0.4131926251427079,0.33440494750774574,0.34505264597282653,0.5874118197421861,0.30327702880322704,0.8674821280153289,0.00702075484121684,0.0648404118791434,0.015194532806689719,0.09203331825044742,0.0100100216586021,0.07299303165916961,0.012234962862655198,0.11061176638430108,0.08201608626709639,0.9937045925047665,0.34965673089027405,0.3186801075935364,0.624247173031166,0.600675599158459,0.6929306273634444,0.6929306293054341,0.6766783690390009,0.7284481566329599,0.6914718006626237,0.7027001232920097,0.7437244866635319,0.9156608097784569,0.7972569732286364,0.8976317799847212,0.7700482453380515,0.2723735408560311,0.48,3.462241693341639e-08,9.901830502803322e-08,3.017694538698379e-08,9.469353302334054e-08,3.462241693341639e-08,,,,,,,,,,,,,,,,,,,,,,,,,,0.6351476448634765,0.0025000000000000005,0.24198641121127815,2,0.012268686667084694,0.25273606181144714,3670,4271,0.012234964407980442,5000,600,8,concat_outer,64,0.0,7e3085f3e6e3,
wellspecified,ceiling,both,latent,identity,0.1,4,3046,512,48,True,202,73,294,367,0,6.3125,1,0.19243519776535825,0.24413505148264952,0.5239517406720007,0.37310642683865464,0.4134462263697866,0.6429978432077254,0.3301159683866529,0.8636515681810032,0.007620386978122158,0.06999163554088891,0.016105841609784927,0.09500062603943928,0.005851027522202295,0.05753885164716589,0.012567976031872737,0.11210698475952663,0.08388216388748006,0.9948669387329634,0.6004337668418884,0.4550594985485077,0.8104189479295445,0.7907564643727457,0.8299351605522677,0.8299351615375048,0.7208671610021923,0.5397257090274259,0.7003682974890143,0.6434426955255985,0.7268176162426178,0.9373561895996319,0.8716057636648118,0.894558214450069,0.7765577687154327,0.2789115646258503,0.6896551724137931,5.025196969654644e-08,8.369277743516124e-08,4.8648210793089675e-08,1.0690516480011192e-07,5.025196969654644e-08,,,,,,,,,,,,,,,,,,,,,,,,,,1.076287525145831,0.0025000000000000005,0.3534790323700732,2,0.012889239005744457,0.6280511021614075,2410,3011,0.01256797555834055,5000,600,8,concat_outer,64,0.0,7e3085f3e6e3,
wellspecified,ceiling,both,latent,identity,0.2,0,3046,512,48,True,403,66,266,332,6,12.59375,0,0.03588343409332105,0.11737766356326981,0.09514862208138021,0.16350010959069866,0.07539355941869383,0.2745788764976174,0.14812596091488905,0.9724979493243514,0.007165404820221142,0.0651534878315961,0.014511710508646712,0.08752955966890753,0.0042532300735448,0.0527996389256217,0.011670309141575207,0.1080292050400039,0.07869980956835232,0.9957835340974788,0.6011596918106079,0.4919344484806061,0.6749444343461529,0.5842553322044434,0.9597858028088322,0.9597858021531253,0.8941408535117739,0.26290977200353943,0.9124552980369172,0.9035324159455242,0.41894216684230684,0.9487059191492688,0.8803011998403104,0.9456564234889357,0.8559769654091739,0.23684210526315788,0.9230769230769231,5.110243250783242e-08,8.500641862549485e-08,5.347478548856088e-08,1.0870307120190626e-07,5.110243250783242e-08,,,,,,,,,,,,,,,,,,,,,,,,,,0.6852257480026052,0.0025000000000000005,0.2487000721143253,2,0.011708778329193592,0.12213315814733505,2020,2621,0.011670309118926525,5000,600,8,concat_outer,64,0.0,71133209f07b,
wellspecified,ceiling,both,latent,identity,0.2,2,3046,512,48,True,403,74,294,368,7,12.59375,0,0.03158196668442077,0.10947735775072585,0.07847011607678676,0.15033103314039964,0.06284073294599811,0.2506805396236375,0.13671314134384172,0.9781671000391898,0.006008046794952835,0.059962519098367105,0.011994085208919354,0.07895589163476145,0.003290734310982485,0.04610920076330911,0.009661494526832577,0.09829290171132693,0.07129169890267985,0.996843363037432,0.571527361869812,0.5590066313743591,0.6634971332151967,0.6956231010395416,0.9726391391206176,0.972639138773036,0.9570603367163955,0.25416187401375534,0.9641535852511949,0.9554893791843111,0.31300514375714106,0.9770692431561996,0.9447277136591274,0.9665056360708535,0.9225905935129758,0.23469387755102042,0.896551724137931,5.1328516548210246e-08,8.980937726318862e-08,5.975073946729026e-08,1.0688735339954966e-07,5.1328516548210246e-08,,,,,,,,,,,,,,,,,,,,,,,,,,0.7643717300427518,0.0025000000000000005,0.26492104756961427,2,0.009733781218528748,0.05442330986261368,2250,2851,0.009661494754254818,5000,600,8,concat_outer,64,0.0,71133209f07b,
wellspecified,ceiling,both,latent,identity,0.2,3,3046,512,48,True,403,64,257,321,5,12.59375,0,0.07305944703938325,0.13808487156101593,0.14739111710664646,0.1936145235550431,0.12261389375089203,0.3501626675573683,0.17510463955703406,0.952909990793398,0.0072646677605751,0.0649516998011274,0.014779374252589522,0.0857663967752104,0.004365215937715541,0.051219151742458405,0.01187683470158108,0.10898089145158009,0.07744012296322958,0.9949778920507106,0.4927680790424347,0.4314206838607788,0.624247173031166,0.600675599158459,0.9189485044130885,0.9189485041240304,0.9073701616369558,0.41877569670792875,0.9198687491312239,0.8966731305424849,0.44823568824598725,0.9726508785332315,0.9401555227132212,0.9679144385026737,0.9187484884932713,0.2723735408560311,0.8,5.217042797767135e-08,1.0587217413347613e-07,4.490171789939268e-08,1.0407873932996696e-07,5.217042797767135e-08,,,,,,,,,,,,,,,,,,,,,,,,,,0.6351476448634765,0.0025000000000000005,0.24198641121127815,2,0.0123279495164752,0.09497980028390884,2380,2981,0.011876835487782955,5000,600,8,concat_outer,64,0.0,71133209f07b,
wellspecified,ceiling,both,latent,identity,0.2,4,3046,512,48,True,403,73,294,367,8,12.59375,0,0.097849107933432,0.1626003195741614,0.2130381911864409,0.22461398869611512,0.1746418301021046,0.41790169908975555,0.20394276565546388,0.9424057153127235,0.007709024046195414,0.06808670118867186,0.015894422390758098,0.08950882020585749,0.003920790010107504,0.0479541246694045,0.012701156086578676,0.11269940588387622,0.08063795258742952,0.9946275597263678,0.6692348122596741,0.577387273311615,0.8104189479295445,0.7907564643727457,0.9236605108174173,0.9236605100681262,0.9124130082414177,0.3791383149653872,0.9175839781661468,0.8922623228732692,0.4301332278496503,0.9706051541647491,0.9324411150660452,0.9580073630924989,0.9064957044128,0.2789115646258503,0.7586206896551724,6.08173422733671e-08,9.087593930916589e-08,5.944142600355917e-08,1.0294898205137135e-07,6.08173422733671e-08,,,,,,,,,,,,,,,,,,,,,,,,,,1.076287525145831,0.0025000000000000005,0.3534790323700732,2,0.013018719851970673,0.3381636142730713,1760,2361,0.012701155617833138,5000,600,8,concat_outer,64,0.0,71133209f07b,
wellspecified,ceiling,both,latent,identity,0.2,1,3046,512,48,True,403,60,242,302,5,12.59375,0,0.0528429186544986,0.1289351269178679,0.11944163064004323,0.18469672431304965,0.09724205997819502,0.31183659178838363,0.16610952518132238,0.9649160341754935,0.006530583503345455,0.06276130276021623,0.01321085110021523,0.08286395216680856,0.00412292928662647,0.050941730863937724,0.010639150520790092,0.10314625790977631,0.07489506774085376,0.9961667065628759,0.6382502317428589,0.5365595817565918,0.7236853112125092,0.6716918191595322,0.938620042457938,0.9386200437510579,0.9100794609407712,0.31471641820285423,0.9328802760188227,0.9159491727704981,0.38429255429256565,0.9699388135142325,0.9197711019388686,0.9523809523809523,0.8851920345580501,0.2603305785123967,0.75,4.5822119432159525e-08,7.179334543324882e-08,5.541695102806443e-08,1.0328200783100005e-07,4.5822119432159525e-08,,,,,,,,,,,,,,,,,,,,,,,,,,0.8270751336687069,0.0025000000000000005,0.29530161787387416,2,0.010765885934233665,0.036854684352874756,2730,3331,0.010639150626957417,5000,600,8,concat_outer,64,0.0,71133209f07b,
wellspecified,ceiling,both,latent,identity,0.4,0,3046,512,48,True,806,66,266,332,13,25.1875,0,0.020638673553087954,0.08937154899243807,0.04860472053108846,0.12003223056326476,0.03928270487175496,0.19819865002505682,0.10981200337298917,0.9856704611323646,0.006653154054737659,0.06124871120304487,0.013321436611394061,0.07887265178008815,0.0034299975155809986,0.04618973240297303,0.010900933854425044,0.10440753734489212,0.07230673600843937,0.9962206102724289,0.6243500709533691,0.5090816020965576,0.6749444343461529,0.5842553322044434,0.9779807343722968,0.9779807332541008,0.928125592760787,0.19532852628043915,0.9626564809804234,0.9261788667131046,0.28956594546973985,0.9569160997732425,0.8884558668222855,0.9546485260770975,0.8837733515056041,0.23684210526315788,0.9615384615384616,7.77809461283141e-08,1.2457906168724416e-07,6.114489536912515e-08,1.2010822594687172e-07,7.77809461283141e-08,,,,,,,,,,,,,,,,,,,,,,,,,,0.6852257480026052,0.0025000000000000005,0.2487000721143253,2,0.011032775044441223,0.05414882302284241,1790,2391,0.010900934226810932,5000,600,8,concat_outer,64,0.0,41590a886bce,
wellspecified,ceiling,both,latent,identity,0.4,3,3046,512,48,True,806,64,257,321,15,25.1875,0,0.025362096676381923,0.08774331027471069,0.048575831294697815,0.118465775267076,0.04083791975525919,0.20208394234886448,0.10822495360295423,0.9843161491864812,0.005971313071448525,0.05859829566491779,0.012115528901710608,0.07709053858878158,0.003592018951718873,0.047157050946165936,0.009900483536686149,0.09950117354426605,0.0703135478531806,0.9960783899022704,0.5384579300880432,0.5029920339584351,0.624247173031166,0.600675599158459,0.9791976117907732,0.9791976104529061,0.9723034821509364,0.23780484596889717,0.979351500374272,0.9658523903379784,0.25009544543869416,0.9893812070282658,0.9728542544177343,0.9761650114591292,0.925225269667142,0.2723735408560311,0.96,5.5622969341584394e-08,1.0330049225793554e-07,5.095581201430832e-08,1.013054174044575e-07,5.5622969341584394e-08,,,,,,,,,,,,,,,,,,,,,,,,,,0.6351476448634765,0.0025000000000000005,0.24198641121127815,2,0.009981304407119751,0.019571444019675255,1960,2561,0.00990048237144947,5000,600,8,concat_outer,64,0.0,41590a886bce,
wellspecified,ceiling,both,latent,identity,0.4,2,3046,512,48,True,806,74,294,368,16,25.1875,0,0.01397699173133658,0.07856316351125799,0.0328490788325107,0.1073384903604905,0.026558383132119324,0.16296742966654204,0.09774671474407964,0.9907727600417596,0.005408773716245471,0.05668393972225595,0.010690078504921756,0.0736106985777573,0.0028054647856307355,0.042680619045244714,0.008771727603347334,0.09365750158608403,0.06731638241030569,0.9971568761160143,0.6082798838615417,0.6125884652137756,0.6634971332151967,0.6956231010395416,0.9897623527402528,0.9897623529184508,0.9879311220062735,0.16105836855860053,0.9852688874802312,0.9822276501275585,0.1981615873542213,0.9902093397745572,0.968599730713544,0.9797101449275363,0.9430165983867179,0.23469387755102042,0.896551724137931,5.6376244117473107e-08,9.268142103746472e-08,6.068771085665503e-08,9.906766810636748e-08,5.6376244117473107e-08,,,,,,,,,,,,,,,,,,,,,,,,,,0.7643717300427518,0.0025000000000000005,0.26492104756961427,2,0.008808509446680546,0.02289048582315445,2090,2691,0.008771727792918682,5000,600,8,concat_outer,64,0.0,41590a886bce,
wellspecified,ceiling,both,latent,identity,0.4,1,3046,512,48,True,806,60,242,302,17,25.1875,0,0.01161858529446845,0.07255417955329052,0.03133252964402524,0.10519332595194891,0.02476121486083964,0.15735696635624252,0.09431361048572943,0.9910664005251868,0.005481064114412943,0.056680612326245744,0.01101341036821746,0.07444116075743427,0.0029214251071461254,0.0431073629412887,0.0090081895232235,0.09491148256783001,0.06786567119427099,0.9968373454290248,0.6847912073135376,0.5969154834747314,0.7236853112125092,0.6716918191595322,0.991775299612866,0.9917753001258409,0.95909279305482,0.1326565229380715,0.9824836652052144,0.9625844767300823,0.2086847010142337,0.9893588720404363,0.9719858677306106,0.9829741952646981,0.9509939186242582,0.2603305785123967,0.9583333333333334,5.657122059687936e-08,8.261090374714294e-08,6.243764971713972e-08,1.0460048589974687e-07,5.657122059687936e-08,,,,,,,,,,,,,,,,,,,,,,,,,,0.8270751336687069,0.0025000000000000005,0.29530161787387416,2,0.009027819149196148,0.014879821799695492,4600,5000,0.009008189663290977,5000,600,8,concat_outer,64,0.0,41590a886bce,
wellspecified,ceiling,both,latent,identity,0.4,4,3046,512,48,True,806,73,294,367,17,25.1875,0,0.021327837437972282,0.09073832574698452,0.051034523334333226,0.12456100973973058,0.04113229470221292,0.20281098269623596,0.11328678174214855,0.9864351794210174,0.006137395300269066,0.05918144672899164,0.012255240542513493,0.0776330312156998,0.0026377625973959965,0.04148589946409213,0.010020550029323918,0.10010269741282658,0.07070902093028897,0.9962585100234834,0.7407494783401489,0.6753039360046387,0.8104189479295445,0.7907564643727457,0.9872487697513249,0.9872487696402132,0.9722569631774733,0.1682596305789498,0.9835863652354535,0.9704336041120909,0.2186599686464419,0.9909111826967326,0.9768745056998125,0.9850437183617119,0.9612271513479682,0.2789115646258503,0.8620689655172413,6.575206867864836e-08,8.876424555467733e-08,7.500923970837903e-08,1.1107478514206232e-07,6.575206867864836e-08,,,,,,,,,,,,,,,,,,,,,,,,,,1.076287525145831,0.0025000000000000005,0.3534790323700732,2,0.010068445466458797,0.04744425043463707,2900,3501,0.010020549409091473,5000,600,8,concat_outer,64,0.0,41590a886bce,
wellspecified,ceiling,both,latent,identity,0.7,0,3046,512,48,True,1411,66,266,332,38,44.09375,0,0.011825048132873037,0.07220139345867314,0.026664161163061258,0.09565862127739069,0.021717790152998517,0.14736956996951073,0.08783954533781818,0.992077787944274,0.005906721655225326,0.05786165258430686,0.011950163272713395,0.07496399648608053,0.003033077646932174,0.04429374339733632,0.009832874559116545,0.09916085194831953,0.0688913170718189,0.9966213486572791,0.6415649056434631,0.521403431892395,0.6749444343461529,0.5842553322044434,0.990024841786047,0.9900248424616532,0.9753392384926702,0.14348941427288034,0.9822364456907525,0.9732766302017498,0.21401562420784556,0.9778716084134803,0.9137522412333117,0.9770114942528736,0.924657786297305,0.23684210526315788,0.9615384615384616,6.61327135276224e-08,1.030803067604651e-07,5.514250389637709e-08,1.057578458785429e-07,6.61327135276224e-08,,,,,,,,,,,,,,,,,,,,,,,,,,0.6852257480026052,0.0025000000000000005,0.2487000721143253,2,0.010146058164536953,0.03308079391717911,2570,3171,0.009832875803112984,5000,600,8,concat_outer,64,0.0,1189c82c82bd,
wellspecified,ceiling,both,latent,identity,0.7,3,3046,512,48,True,1411,64,257,321,36,44.09375,0,0.008726823232648825,0.06604678278415244,0.018866931956457316,0.08911951483886545,0.015486895715187817,0.1244463567774799,0.08142860415396112,0.9940522395994412,0.005301828415678255,0.05542080754136386,0.010619776238317368,0.07249225770735164,0.00305841485536016,0.042851433095875954,0.008760909236629436,0.09359972882775588,0.06644505524997596,0.9968206579275514,0.5810653567314148,0.5455670952796936,0.624247173031166,0.600675599158459,0.9939665710196988,0.9939665706570714,0.9830256099561124,0.12620236588039552,0.9906635528476919,0.9792326486290832,0.1620969357979128,0.9885408708938122,0.9659409263098664,0.9732620320855616,0.9082372172981792,0.2723735408560311,0.96,5.777433642606411e-08,9.94282926306701e-08,5.52650405438726e-08,1.0129834984291696e-07,5.777433642606411e-08,,,,,,,,,,,,,,,,,,,,,,,,,,0.6351476448634765,0.0025000000000000005,0.24198641121127815,2,0.008823294192552567,0.012239065952599049,2300,2901,0.008760908618569374,5000,600,8,concat_outer,64,0.0,1189c82c82bd,
wellspecified,ceiling,both,latent,identity,0.7,1,3046,512,48,True,1411,60,242,302,36,44.09375,0,0.01056363030928678,0.0692580083340337,0.022856330962196376,0.09256611653662698,0.018758764077893175,0.1369626375253236,0.08479674713576256,0.9932320249286537,0.005337947029740479,0.056342275619031455,0.010825681660685819,0.07388598392717047,0.0027925267074470302,0.04204329209496877,0.00890403505112772,0.09436119462537404,0.06765091185362031,0.9966720937274163,0.6832800507545471,0.6062350869178772,0.7236853112125092,0.6716918191595322,0.9933805410794019,0.9933805410610338,0.9626642805946214,0.12188459519685489,0.990077214108762,0.969381352821564,0.1656150882723767,0.9900682805710739,0.9729351488728404,0.9842156601933137,0.9531854868111316,0.2603305785123967,1.0,6.164835752997533e-08,9.022414363140387e-08,6.240917826971781e-08,1.0294550664176005e-07,6.164835752997533e-08,,,,,,,,,,,,,,,,,,,,,,,,,,0.8270751336687069,0.0025000000000000005,0.29530161787387416,2,0.008930251933634281,0.011821023188531399,2640,3241,0.008904035203158855,5000,600,8,concat_outer,64,0.0,1189c82c82bd,
wellspecified,ceiling,both,latent,identity,0.7,4,3046,512,48,True,1411,73,294,367,34,44.09375,0,0.012054031484984417,0.0733064753756725,0.025721322011923287,0.09664762458658019,0.021165558502943667,0.1454838771236994,0.08886724151627762,0.9930199128051336,0.005547038597542639,0.05632236192905269,0.01123561727612271,0.07453938617976316,0.0025435883119374687,0.04024237531551978,0.009238206438518722,0.09611558894642805,0.06804666337011363,0.9966253563340417,0.7590331435203552,0.7132372260093689,0.8104189479295445,0.7907564643727457,0.9944163806442206,0.9944163808759451,0.9784814116541509,0.11717089549760912,0.9923372347067281,0.9806532690012432,0.15043172782697958,0.9943051081454211,0.9860480654020634,0.9869420156465716,0.9669413173998557,0.2789115646258503,0.9310344827586207,6.487999115734056e-08,8.547715159176511e-08,6.810140718016555e-08,9.548213454434524e-08,6.487999115734056e-08,,,,,,,,,,,,,,,,,,,,,,,,,,1.076287525145831,0.0025000000000000005,0.3534790323700732,2,0.009317072108387947,0.02655787393450737,2190,2791,0.009238205850124359,5000,600,8,concat_outer,64,0.0,1189c82c82bd,
wellspecified,ceiling,both,latent,identity,0.7,2,3046,512,48,True,1411,74,294,368,36,44.09375,0,0.008794169258804432,0.06656211327933391,0.021415711429647433,0.09202896828586174,0.017208530706033096,0.13118128946626914,0.08354001661701912,0.9940212007122797,0.005268213415411824,0.05498306014418376,0.010378297760127489,0.07212295279860553,0.00262041479045649,0.040632314407830716,0.008584759589205276,0.09265397773007522,0.06602572464119369,0.9971582567306685,0.6242287755012512,0.6246595978736877,0.6634971332151967,0.6956231010395416,0.9940656250252272,0.9940656244956925,0.988957373890726,0.12210935070918394,0.9908786424235637,0.9830790625962887,0.15943921535010677,0.9907246376811595,0.9710545663856291,0.9824798711755234,0.9523817162689809,0.23469387755102042,0.9310344827586207,5.8007955772154673e-08,9.292739770390641e-08,6.292699339383034e-08,1.007380651986289e-07,5.8007955772154673e-08,,,,,,,,,,,,,,,,,,,,,,,,,,0.7643717300427518,0.0025000000000000005,0.26492104756961427,2,0.008589140139520168,0.013065996579825878,3280,3881,0.008584760129451752,5000,600,8,concat_outer,64,0.0,1189c82c82bd,
additive,control_random_topology,both,random,identity,0.1,1,1988,0,48,True,202,60,242,302,2,6.3125,0,0.517410701224338,0.43592175758139723,0.8813206383244058,0.5208685010349934,0.7600173259577164,0.8717897257697618,0.4925529198837946,0.7195731347564223,0.45570352072324216,0.3303936729184211,0.8754968851003628,0.45404939131050165,0.07516915102845914,0.1771710561797526,0.6724831021380044,0.8200506704698219,0.3903200352454745,0.733588995140115,0.0,0.0,0.6260209320318723,0.604249730550973,,,,0.9999999999987241,,,0.9999999999986305,,,,,0.2231404958677686,,0.0,0.0,0.0,0.0,0.0,0.5172293733653757,0.43570838372640214,0.8811449782473729,0.520804599204661,0.7598397766200404,0.8716878894535821,0.4924391940452414,0.719638645900037,0.0,0.0,0.6260209320318723,0.604249730550973,,,,0.9999999999987241,,,0.9999999999986305,,,,,0.2231404958677686,,0.6377084125134242,0.0025000000000000005,0.23463646984193293,2,0.6730063557624817,0.7917221784591675,950,5000,0.6724831461906433,5000,5000,8,outer,64,0.0,43834c93fd4e,0.0
additive,control_random_topology,both,random,identity,0.1,0,1988,0,48,True,202,66,266,332,1,6.3125,0,0.6683386334484485,0.509376662392492,1.2363281045368837,0.6203511928784823,1.0469982808407385,1.0232293393177985,0.5833596827164855,0.6297504812854907,0.4211682940252515,0.3884788667336453,0.8393437555304681,0.4904675547827827,0.1071577268598356,0.2367779426771133,0.6433268166364767,0.8020765653205912,0.4354856888713073,0.7635558073728035,0.0,0.0,0.7001068871009204,0.7508979827129788,,,,0.9999999999989799,,,0.9999999999991133,,,,,0.21804511278195488,,0.0,0.0,0.0,0.0,0.0,0.6701865806165226,0.5111881225344536,1.2381961320126877,0.6216857081999205,1.0488596148806326,1.0241384744655542,0.5848531796447648,0.6290922585882344,0.0,0.0,0.7001068871009204,0.7508979827129788,,,,0.9999999999989799,,,0.9999999999991133,,,,,0.21804511278195488,,0.8668394370934682,0.0025000000000000005,0.30632445967043737,2,0.643710732460022,0.6117813587188721,390,5000,0.6433268189430237,5000,5000,8,outer,64,0.0,43834c93fd4e,0.0
additive,control_random_topology,both,random,identity,0.1,2,1988,0,48,True,202,74,294,368,1,6.3125,0,0.7927528779821366,0.5400045241097826,1.442504451770602,0.675155527549482,1.2259205938411135,1.107212984859333,0.6301051930695821,0.6000855772604976,0.38612127163063314,0.3794582327775432,1.1115481260032576,0.5499933149469857,0.12252536312118242,0.23579417807896624,0.7983635268872532,0.8935119064048633,0.46856520844283556,0.7185745645305466,0.0,0.0,0.7367009323620028,0.8060441620665957,,,,0.9999999999990787,,,0.9999999999992304,,,,,0.25510204081632654,,0.0,0.0,0.0,0.0,0.0,0.8063649457073532,0.540027742353063,1.4559188501258604,0.675525031779506,1.239400881986358,1.1132838281347475,0.6303592686373584,0.5956880969676865,0.0,0.0,0.7367009323620028,0.8060441620665957,,,,0.9999999999990787,,,0.9999999999992304,,,,,0.25510204081632654,,0.9765790779211858,0.0025000000000000005,0.31810418675169033,2,0.7990440130233765,0.8086921572685242,320,5000,0.7983635067939758,5000,5000,8,outer,64,0.0,43834c93fd4e,0.0
unconstrained,control_random_topology,both,random,identity,0.1,0,13396,11408,76,True,202,66,266,332,1,6.3125,0,0.8395644025655669,0.5677433305051371,1.6031276778759427,0.7618274346064465,1.3486065861058174,1.1612952191866706,0.6971327332393434,0.5230928755298985,0.06263850808594393,0.1821646938659536,0.12937611409780622,0.2522161530495354,0.06738159474194913,0.1872954836835345,0.10333335939158077,0.32145506589814504,0.22489478350549424,0.9620215229631811,0.5942959189414978,0.40463218092918396,0.7001068871009204,0.7508979827129788,0.06105824050847169,0.06105824050847169,0.04514504125233589,1.2620283368331073,0.08901932989217812,0.08702935294551674,1.0951133314177135,0.4820954907161804,0.20866887429989578,0.5242042440318302,0.24465043139586692,0.21804511278195488,0.11538461538461539,0.0,0.0,0.0,0.0,0.31715524196624756,0.8876344066158613,0.6018495482971518,1.892308534202462,0.8394608867536967,1.5574171583402614,1.247965207183382,0.7602571072681816,0.449251289266526,0.6787219643592834,0.6036868095397949,0.7001068871009204,0.7508979827129788,0.11435295770880657,0.11435295770880657,0.0973437435242325,1.30667159144397,0.09669675695201632,0.10704385131145502,1.2214554597989795,0.4843335543766579,0.22680488647825553,0.5103614058355437,0.2186047815222617,0.21804511278195488,0.11538461538461539,0.8668394370934682,0.0025000000000000005,0.30632445967043737,2,0.11583645641803741,1.019808053970337,630,5000,0.10333336144685745,5000,5000,8,outer,64,0.0,709841d00256,-0.28806953247610667
unconstrained,control_random_topology,both,random,identity,0.1,1,13396,11408,76,True,202,60,242,302,2,6.3125,0,0.5471698660599429,0.4421377084508803,1.1956030261700146,0.6472967627030749,0.9794586394666575,0.9896760275295433,0.5789104112856768,0.63860492843994,0.06472704415168723,0.17219027063901865,0.10638944062188295,0.22122815456024497,0.023647838735737316,0.11371714689502996,0.0859248635954757,0.29312943147264436,0.19617389031746665,0.9659599933736007,0.4141477346420288,0.5740646719932556,0.6260209320318723,0.604249730550973,0.158328939898842,0.158328939898842,0.15986686022902577,1.1185654736934763,0.14622461723772448,0.04351004019317959,1.264093995255263,0.48965721040189125,0.29974837695595474,0.5030535855003939,0.28591220702937614,0.2231404958677686,0.2916666666666667,0.0,0.0,0.0,0.0,0.3726901113986969,0.6339407429511222,0.44729438727487275,1.2811564892599703,0.6457797805421825,1.0654179071570211,1.032190828847564,0.5796179827864125,0.6068881673165452,0.48676180839538574,0.5826640725135803,0.6260209320318723,0.604249730550973,0.07361355683807588,0.07361355683807588,0.10242270374146162,1.2098465401071856,0.11823187042841825,0.025331456348992726,1.302556588910662,0.4896572104018912,0.3172864850886554,0.5121158392434988,0.2899280535855755,0.2231404958677686,0.2916666666666667,0.6377084125134242,0.0025000000000000005,0.23463646984193293,2,0.10119719058275223,0.90166175365448,1170,5000,0.08592486381530762,5000,5000,8,outer,64,0.0,709841d00256,-0.2887319880930579
unconstrained,control_random_topology,both,random,identity,0.1,2,13396,11408,76,True,202,74,294,368,1,6.3125,0,1.1437328678098961,0.6354347989384668,2.75329053615247,0.9780619365763157,2.2167713133716123,1.4888825720558396,0.8638528906970327,0.27685461473910533,0.04162118453111427,0.15679385639472362,0.08596739467813454,0.21372071097500625,0.041155825347855,0.15576648669407206,0.06831683514554353,0.2613748938699804,0.19102176324486167,0.9759181194615814,0.6793076992034912,0.8960927128791809,0.7367009323620028,0.8060441620665957,0.013532994446663758,0.013532994446663758,-0.04120986204920066,1.3554684271000845,0.02772897564753899,0.01048383650026977,1.4835153620593937,0.5705327245053272,0.32554322308824335,0.5884322678843227,0.32834778602591985,0.25510204081632654,0.2413793103448276,0.0,0.0,0.0,0.0,0.4114019274711609,1.1453094611630101,0.6385968593861189,2.758240651491035,0.9863832689526845,2.2205969213816936,1.4901667428115868,0.8704544657638293,0.27560664172464955,0.6758036017417908,0.8962518572807312,0.7367009323620028,0.8060441620665957,-0.002852693762464671,-0.002852693762464671,-0.0520902717825665,1.3611026408553875,0.03368153734866537,0.016298188869222678,1.4689299758310193,0.5584170471841705,0.3166012587452751,0.5885540334855403,0.32779339362104487,0.25510204081632654,0.20689655172413793,0.9765790779211858,0.0025000000000000005,0.31810418675169033,2,0.08359602093696594,1.4962702989578247,4520,5000,0.06831683963537216,5000,5000,8,outer,64,0.0,709841d00256,-0.8082503259252032
shared_pair,control_random_topology,both,random,identity,0.1,1,13396,11408,76,True,202,60,242,302,2,6.3125,0,0.6730563801131582,0.5061164501163371,1.2439380424414939,0.6884458541430402,1.0536441549987152,1.0264717019960732,0.6276693861341393,0.6112323793458538,0.03878059805362549,0.1461249542020772,0.10262004031404605,0.22947241978047667,0.0335434200285471,0.13961113531315344,0.0767745611575134,0.2770822281517048,0.19576001641817015,0.9695849785360816,0.5325064659118652,0.5544957518577576,0.6260209320318723,0.604249730550973,0.08070104671324341,0.08070104671324341,0.04811335672904137,1.2575508415074266,0.22073629327382338,0.12403003083164812,1.1959100133334475,0.5168439716312058,0.29823385227638577,0.5056146572104019,0.31655375413585163,0.2231404958677686,0.3333333333333333,0.0,0.0,0.0,0.0,0.7657290697097778,0.7007229273794819,0.50782530016953,1.305791244604957,0.6831836667976185,1.1041018055297989,1.050762487686822,0.624730877921589,0.5926148027686917,0.5194238424301147,0.5721970796585083,0.6260209320318723,0.604249730550973,0.025096135678567947,0.025096135678567947,0.027811304704295145,1.2717700744371687,0.2243704990256441,0.11355733322715775,1.2148391671755643,0.4942868400315209,0.29662679393369445,0.5401891252955082,0.334780600445905,0.2231404958677686,0.3333333333333333,0.6377084125134242,0.0025000000000000005,0.23463646984193293,2,0.08565913885831833,1.0021706819534302,2230,5000,0.07677455991506577,5000,5000,8,outer,64,0.0,705a50b5b31c,-0.3863422832775456
shared_pair,control_random_topology,both,random,identity,0.1,0,13396,11408,76,True,202,66,266,332,1,6.3125,0,0.9930323301205428,0.6507494313949098,1.7636069732242248,0.8296593816146144,1.5067487588563306,1.2274969486138574,0.7700227315413795,0.4671691319853274,0.030390354632215733,0.13138654424945978,0.113838321687304,0.22772510377055744,0.047173969566616736,0.1683575886375896,0.08231144425319681,0.2868997111417103,0.193008820200749,0.969747782189184,0.7076910138130188,0.45125243067741394,0.7001068871009204,0.7508979827129788,0.06605897249144803,0.06605897249144803,0.07968487844923614,1.369230571043544,0.08915173909569567,0.10279837171694274,1.1239561251192722,0.4395722811671088,0.18791112720342418,0.4485245358090186,0.20560304133808743,0.21804511278195488,0.0,0.0,0.0,0.0,0.0,0.9921419024467468,1.088344241636821,0.6754156892484503,1.9596453581234883,0.8700428740035618,1.6692116526279326,1.291979741570251,0.805167145751858,0.40971745386069836,0.7944617867469788,0.5477174520492554,0.7001068871009204,0.7508979827129788,0.09384794482656225,0.09384794482656225,0.10186348802888347,1.4328951611440617,0.101757347024713,0.10861541351778076,1.183915151299602,0.48176392572944293,0.21101158507865758,0.4552387267904509,0.2023378044909223,0.21804511278195488,0.038461538461538464,0.8668394370934682,0.0025000000000000005,0.30632445967043737,2,0.11254770308732986,0.9372421503067017,1100,5000,0.08231144398450851,5000,5000,8,outer,64,0.0,705a50b5b31c,-0.4391129254256396
shared_pair,control_random_topology,both,random,identity,0.1,2,13396,11408,76,True,202,74,294,368,1,6.3125,0,1.2162984273703832,0.6547307576049672,2.750102535993956,1.0037703203094404,2.238834499786098,1.4962735377550784,0.8874237994079495,0.2696572591329831,0.02911972528852376,0.12719569143135648,0.10048275733686025,0.22986514134000846,0.047248072195823575,0.15994078184017346,0.07388223148194933,0.2718128611415386,0.19223172657950527,0.9739563012737694,0.7786105871200562,0.9402963519096375,0.7367009323620028,0.8060441620665957,0.034259708084758735,0.034259708084758735,0.03993922476445759,1.4370878793819002,0.048525652125138076,0.027356309033120866,1.4963947374928068,0.5976864535768646,0.3300314237936465,0.5506849315068494,0.2972389195773497,0.25510204081632654,0.27586206896551724,0.0,0.0,0.0,0.0,0.9690139889717102,1.2162984273703832,0.6547307576049672,2.750102535993956,1.0037703203094404,2.238834499786098,1.4962735377550784,0.8874237994079495,0.2696572591329831,0.7786105871200562,0.9402963519096375,0.7367009323620028,0.8060441620665957,0.034259708084758735,0.034259708084758735,0.03993922476445759,1.4370878793819002,0.048525652125138076,0.027356309033120866,1.4963947374928068,0.5976864535768646,0.3300314237936465,0.5506849315068494,0.2972389195773497,0.25510204081632654,0.27586206896551724,0.9765790779211858,0.0025000000000000005,0.31810418675169033,2,0.09526298940181732,1.539902925491333,4999,5000,0.07388222217559814,5000,5000,8,outer,64,0.0,705a50b5b31c,-0.8262475653266204
additive,control_tanh_observation,both,latent,tanh,0.1,0,2004,0,48,False,202,66,266,332,1,6.3125,0,0.08477974838065809,0.18789425539440024,0.11015167039243913,0.20586539885552682,0.10169436305517879,0.3188955362735245,0.19987501770181798,0.8078724942287423,0.04222293259401313,0.13191549692498006,0.07811946393718869,0.1612174826884238,0.02908194443955571,0.12735531106703885,0.06261274665484544,0.2502253917068478,0.14914855715411893,0.8760516577690947,0.0,0.0,0.6749444343461529,0.5842553322044434,,,,,,,,,,,,0.23684210526315788,,0.0,0.0,0.0,0.0,0.0,0.08373105096454309,0.18319399641845402,0.10877151799072594,0.2006115675396257,0.10042469564866498,0.316898557347087,0.19480571049923515,0.8102712312348456,0.0,0.0,0.6749444343461529,0.5842553322044434,,,,,,,,,,,,0.23684210526315788,,0.08969241683993318,0.0025000000000000005,0.2487000721143253,2,0.06429918110370636,0.153102844953537,480,5000,0.06261274218559265,5000,5000,8,outer,64,0.0,65dee8e0ba5b,0.0
additive,control_tanh_observation,both,latent,tanh,0.1,1,2004,0,48,False,202,60,242,302,2,6.3125,0,0.11393228912607241,0.2061693226614656,0.15513349012341504,0.23604224762406506,0.14139975645763414,0.3760315897070805,0.22608460596986524,0.7054043153891705,0.05014817586308771,0.13613050864359136,0.09333916584466957,0.17679048394752428,0.03367786876244612,0.12573953927268278,0.0746184151140101,0.2731637148561465,0.1596552966779955,0.8370275685622561,0.0,0.0,0.7236853112125092,0.6716918191595322,,,,,,,,,,,,0.2603305785123967,,0.0,0.0,0.0,0.0,0.0,0.11501214590335969,0.20813882320787397,0.15622359579325668,0.23801255964329143,0.14248644582995768,0.37747376839981567,0.2280546474981523,0.7031402803751152,0.0,0.0,0.7236853112125092,0.6716918191595322,,,,,,,,,,,,0.2603305785123967,,0.1302153165307353,0.0025000000000000005,0.29530161787387416,2,0.07590543478727341,0.08666601777076721,1400,5000,0.07461841404438019,5000,5000,8,outer,64,0.0,65dee8e0ba5b,0.0
additive,control_tanh_observation,both,latent,tanh,0.1,2,2004,0,48,False,202,74,294,368,1,6.3125,0,0.08509134559089702,0.19023505266105095,0.11556965460406375,0.21327812879671534,0.1054102182663415,0.3246693984137426,0.20559710341816054,0.8029534936682056,0.04164340895549815,0.1287041030647376,0.09287932450097718,0.17363247758846748,0.024512891277988374,0.1154543321086059,0.07090155335700994,0.2662734559752623,0.15452959256681886,0.8655573416311182,0.0,0.0,0.6634971332151967,0.6956231010395416,,,,,,,,,,,,0.23469387755102042,,0.0,0.0,0.0,0.0,0.0,0.09017356705662857,0.19325954061205164,0.119842570204376,0.2149993758518608,0.10995290248846018,0.3315914692637013,0.20775276410525778,0.79446171677922,0.0,0.0,0.6634971332151967,0.6956231010395416,,,,,,,,,,,,0.23469387755102042,,0.08454765562392579,0.0025000000000000005,0.26492104756961427,2,0.07091382145881653,0.08095383644104004,4690,5000,0.07090155780315399,5000,5000,8,outer,64,0.0,65dee8e0ba5b,0.0
algebra,control_random_topology,both,random,identity,0.1,0,13324,11336,48,True,202,66,266,332,1,6.3125,0,1.2812090527955347,0.7475695946327849,2.074518660073694,0.9034876028593359,1.8100821243143073,1.3453929256222166,0.8515149334504857,0.3599014939900824,0.07688497221990334,0.2139069217111565,0.15388206452077768,0.27995230357525996,0.11119048921997593,0.2582823095225508,0.12659001457446736,0.35579490521150997,0.2579701442380625,0.9534739217817524,0.751291036605835,0.48455020785331726,0.7001068871009204,0.7508979827129788,-0.039220889139448954,-0.039220889139448954,-0.030849286201743438,1.488187550535646,0.02852258110913093,0.064681727339187,1.1861851333707008,0.42092175066313,0.18479856104154033,0.429210875331565,0.18330218110126745,0.21804511278195488,0.038461538461538464,0.0,0.0,0.0,0.0,0.0,1.6176240266508537,0.7747657533636196,2.4333660792427567,0.923121498623347,2.1614520617121222,1.4701877641009404,0.8736695835367713,0.23564670523548914,0.9746009707450867,0.5377193689346313,0.7001068871009204,0.7508979827129788,-0.06168600234329204,-0.06168600234329204,0.015063387892404637,1.764666281116882,0.05949691500045363,0.013677500603119697,1.2044887225686425,0.5346485411140585,0.2307054830495512,0.520805702917772,0.23822732662324492,0.21804511278195488,0.07692307692307693,0.8668394370934682,0.0025000000000000005,0.30632445967043737,2,0.1345919966697693,1.047014594078064,280,5000,0.12659002840518951,5000,5000,8,outer,64,0.0,a1407d821aee,-0.7288300825678655
algebra,control_random_topology,both,random,identity,0.1,1,13324,11336,48,True,202,60,242,302,2,6.3125,0,0.7883103276849075,0.5189645420909379,1.2994036945674337,0.682828126162928,1.129039238939925,1.0625625811875388,0.6282069314722646,0.5834135305876793,0.038628319564705776,0.1446975383837252,0.10249905358578262,0.22500066571411786,0.030632079861374936,0.13513911228042516,0.07637759897291752,0.27636497421510836,0.19220608192233332,0.9697422391336391,0.5714642405509949,0.5327958464622498,0.6260209320318723,0.604249730550973,0.061281128311707046,0.061281128311707046,0.07970354021369049,1.3374602876994637,0.2034740877429862,0.07763235274336235,1.1861339587797624,0.5225571315996849,0.28014603849122865,0.537037037037037,0.2899533538966446,0.2231404958677686,0.25,0.0,0.0,0.0,0.0,0.0,0.7720753015725854,0.5156376224391226,1.3490210125574713,0.6839350650929716,1.1567057755625094,1.0755025688311997,0.6278359175416885,0.5732052894433852,0.5937550663948059,0.620034396648407,0.6260209320318723,0.604249730550973,0.09323658759483845,0.09323658759483845,0.07905714732135906,1.3440019475775193,0.22784316113178588,0.0863524847615451,1.2588582656473335,0.5641252955082743,0.3438064060459878,0.5402876280535854,0.2846245777990777,0.2231404958677686,0.375,0.6377084125134242,0.0025000000000000005,0.23463646984193293,2,0.0771351158618927,0.8319737911224365,1070,5000,0.07637759298086166,5000,5000,8,outer,64,0.0,a1407d821aee,-0.48554407956054835
algebra,control_random_topology,both,random,identity,0.1,2,13324,11336,48,True,202,74,294,368,1,6.3125,0,1.2462352867633775,0.6978549369097198,2.316367969252322,0.9449366338805346,1.9596570750893405,1.3998775214601242,0.8625760682235964,0.3607292903888466,0.0317515211598118,0.13981216821733272,0.0642541620250096,0.18437290717664995,0.061049563884345515,0.17549086046312262,0.054148747494005924,0.23269883432025593,0.17008974261030987,0.9809124110378127,0.7904284000396729,0.6481367945671082,0.7367009323620028,0.8060441620665957,0.04194351619373634,0.04194351619373634,0.05139592183499644,1.449250571625652,-0.0003170942307095066,0.0015408249557953089,1.2823427724480563,0.5289497716894977,0.3248759883552947,0.4905936073059361,0.2467369327513168,0.25510204081632654,0.1724137931034483,0.0,0.0,0.0,0.0,0.0,1.2656816102143653,0.6967550791043361,2.189958770343583,0.9135085577424115,1.8818663836338436,1.371811351328543,0.8412573981963863,0.38610582751875777,0.8602885603904724,0.5385288000106812,0.7367009323620028,0.8060441620665957,0.11171222833127523,0.11171222833127523,0.09329797602948836,1.4437868224331867,0.014349670300035974,0.02789313941433874,1.192962134193734,0.5345509893455098,0.3206904469959986,0.5258447488584476,0.2861723264852717,0.25510204081632654,0.27586206896551724,0.9765790779211858,0.0025000000000000005,0.31810418675169033,2,0.07806310057640076,1.2192633152008057,2590,5000,0.054148752242326736,5000,5000,8,outer,64,0.0,a1407d821aee,-0.5985187661700409
unconstrained,control_tanh_observation,both,latent,tanh,0.1,0,13412,11408,76,False,202,66,266,332,1,6.3125,0,0.09466932130872663,0.20275680371843186,0.12152510690569046,0.22355078918997784,0.11257317837336919,0.33551926676924115,0.21661946069946253,0.7873195393742438,0.029931258072978157,0.11937490337041065,0.04343179057516968,0.12990287196995498,0.02751731122521021,0.12994445361430562,0.03784129170376656,0.19452838277168336,0.12673273998209003,0.9250892889204534,0.15497782826423645,0.020705165341496468,0.6749444343461529,0.5842553322044434,,,,,,,,0.5466416451638126,0.33336565226850756,0.5647040425365548,0.29601631099236403,0.23684210526315788,0.2692307692307692,0.0,0.0,0.0,0.0,0.025926688686013222,0.09595293272263855,0.20386439460520273,0.1270297225122722,0.2266219318721359,0.11667079258239434,0.3415710652007783,0.21903608611649147,0.7795780640953662,0.15670156478881836,0.019903089851140976,0.6749444343461529,0.5842553322044434,,,,,,,,0.6634607866134958,0.41021766285718597,0.6095081710845257,0.31114421626676275,0.23684210526315788,0.2692307692307692,0.08969241683993318,0.0025000000000000005,0.2487000721143253,2,0.04968760535120964,0.1413109302520752,1840,5000,0.03784129396080971,5000,5000,8,outer,64,0.0,df6426add331,-0.10697559816848079
unconstrained,control_tanh_observation,both,latent,tanh,0.1,1,13412,11408,76,False,202,60,242,302,2,6.3125,0,0.11630801297265693,0.2227612665738241,0.16959114798510552,0.26223928214024295,0.15183010298095598,0.38965382454296016,0.24907994361810334,0.6836734782806437,0.030528253366902357,0.12393009339467383,0.04666501034114117,0.14389663450583537,0.03079923834289519,0.12819195292883606,0.04028436210728448,0.200709646273627,0.13637672267690612,0.912015814976617,0.0559852235019207,0.024043796584010124,0.7236853112125092,0.6716918191595322,,,,,,,,0.5248736366054803,0.31856952164416036,0.6040613638379001,0.36584747429100384,0.2603305785123967,0.3333333333333333,0.0,0.0,0.0,0.0,0.027323970571160316,0.11523356158997697,0.22697999852118314,0.17645585168543051,0.27784394723181927,0.15604842165361266,0.39502964655024647,0.2608892976616072,0.6748849307724288,0.0497516430914402,0.02060745656490326,0.7236853112125092,0.6716918191595322,,,,,,,,0.5328544825751531,0.34721044000658785,0.602021814312317,0.34621691068216376,0.2603305785123967,0.375,0.1302153165307353,0.0025000000000000005,0.29530161787387416,2,0.05336705595254898,0.11080896854400635,650,5000,0.04028436169028282,5000,5000,8,outer,64,0.0,df6426add331,-0.07376495394775984
unconstrained,control_tanh_observation,both,latent,tanh,0.1,2,13412,11408,76,False,202,74,294,368,1,6.3125,0,0.09034287441351882,0.206683945852423,0.12644525055926645,0.23692727963304547,0.11441112517735055,0.33824713624412334,0.22684616837283803,0.7861278263865891,0.030884533591994404,0.11964700197704614,0.05790028356047088,0.14482548181609398,0.025340804283646785,0.12268776129074598,0.04664507734054701,0.21597471458609918,0.13511971011294482,0.9115521748034422,0.05088668689131737,0.014634482562541962,0.6634971332151967,0.6956231010395416,,,,,,,,0.5390016103059582,0.2639502064923265,0.5695330112721417,0.26819414685415377,0.23469387755102042,0.2413793103448276,0.0,0.0,0.0,0.0,0.016605393961071968,0.09074293740609204,0.20683201902480386,0.12902194118088478,0.24064866997384976,0.11626227325595387,0.3409725403253961,0.22937645299083442,0.7826674193445512,0.04674098268151283,0.013330995105206966,0.6634971332151967,0.6956231010395416,,,,,,,,0.5116264090177134,0.25316494899461583,0.5560708534621579,0.2591572906656107,0.23469387755102042,0.13793103448275862,0.08454765562392579,0.0025000000000000005,0.26492104756961427,2,0.049670275300741196,0.09366519004106522,1490,5000,0.04664507508277893,5000,5000,8,outer,64,0.0,df6426add331,-0.08538932049515657
shared_pair,control_tanh_observation,both,latent,tanh,0.1,0,13412,11408,76,False,202,66,266,332,1,6.3125,0,0.09035186291455906,0.19854076661612322,0.12214215051560928,0.22356132546141635,0.11154538798192588,0.33398411336757605,0.21522113917965197,0.7892613068275345,0.028506316901718957,0.11547953562012778,0.04438288138473174,0.12702195851917883,0.026592978018213365,0.12720715401203325,0.037896881622006724,0.19467121415865965,0.12355969446833459,0.9249792429860592,0.16192631423473358,0.015468009747564793,0.6749444343461529,0.5842553322044434,,,,,,,,0.5370240050043006,0.33395655702251925,0.6022362968175776,0.29662574089500154,0.23684210526315788,0.3076923076923077,0.0,0.0,0.0,0.0,0.03458411991596222,0.09065767054940929,0.19917744078167865,0.122780246869839,0.2244148793791838,0.11207272142969575,0.3347726413996457,0.2160023998466821,0.788265034694193,0.15946081280708313,0.015334990806877613,0.6749444343461529,0.5842553322044434,,,,,,,,0.5386660411290952,0.33451131450228805,0.6057549456564235,0.29907768288661124,0.23684210526315788,0.3076923076923077,0.08969241683993318,0.0025000000000000005,0.2487000721143253,2,0.041840557008981705,0.14368194341659546,4900,5000,0.037896882742643356,5000,5000,8,outer,64,0.0,7624f363622f,-0.09686893777388605
shared_pair,control_tanh_observation,both,latent,tanh,0.1,1,13412,11408,76,False,202,60,242,302,2,6.3125,0,0.13099072484055582,0.242929442092667,0.17667692765249765,0.276687890413161,0.16144819338185037,0.40180616394208085,0.2654350743063297,0.6636349152923879,0.02271517830336449,0.1119729616553275,0.046971383554483645,0.1408369792995166,0.03240596315845144,0.14117978197799846,0.038266994948405846,0.19561951576569717,0.13216743871339218,0.9164219020059752,0.054316446185112,0.013686887919902802,0.7236853112125092,0.6716918191595322,,,,,,,,0.5810055865921787,0.36194786155012687,0.5638911057905471,0.32578673027183136,0.2603305785123967,0.3333333333333333,0.0,0.0,0.0,0.0,0.055313993245363235,0.1378855328523097,0.2519123841189418,0.18620536809361288,0.2855568770012567,0.1700987563465118,0.41243030483526766,0.27434204604048507,0.645612122448278,0.05418864265084267,0.018985947594046593,0.7236853112125092,0.6716918191595322,,,,,,,,0.5796754455972334,0.33773270274660216,0.5327658065088232,0.29034160086645056,0.2603305785123967,0.25,0.1302153165307353,0.0025000000000000005,0.29530161787387416,2,0.046823494136333466,0.10699773579835892,1330,5000,0.038266997784376144,5000,5000,8,outer,64,0.0,7624f363622f,-0.14178551241156567
shared_pair,control_tanh_observation,both,latent,tanh,0.1,2,13412,11408,76,False,202,74,294,368,1,6.3125,0,0.1001153636938169,0.22150245002027064,0.13128939782243107,0.24544599838134687,0.120898053112893,0.3477039733924434,0.2374648155943215,0.774001615972196,0.025161640557526798,0.1159316230092562,0.06551403503381575,0.15656082827035145,0.027841693578710407,0.132283100484266,0.0497495372168947,0.22304604281828158,0.14199235955236533,0.9056655359526102,0.05049234256148338,0.008867146447300911,0.6634971332151967,0.6956231010395416,,,,,,,,0.5437681159420291,0.2629352072773568,0.4675684380032206,0.22279427323001516,0.23469387755102042,0.2413793103448276,0.0,0.0,0.0,0.0,0.049020059406757355,0.10532850340413606,0.2231293420219636,0.14180938383059066,0.2528358136397229,0.1296490903551058,0.3600681745935147,0.24293365643380316,0.757643037613118,0.057720255106687546,0.016234129667282104,0.6634971332151967,0.6956231010395416,,,,,,,,0.5125925925925926,0.2545814870416635,0.52914653784219,0.2603509663962061,0.23469387755102042,0.1724137931034483,0.08454765562392579,0.0025000000000000005,0.26492104756961427,2,0.051680125296115875,0.10152897238731384,620,5000,0.04974953830242157,5000,5000,8,outer,64,0.0,7624f363622f,-0.14692916020170044
unconstrained,control_unmatched_capacity,both,latent,identity,0.1,0,7852,5864,48,True,202,66,266,332,1,6.3125,0,0.407366618253779,0.3993956138228591,0.8713145377595795,0.5545409391710012,0.716665231257646,0.8465608254919702,0.5028258307216206,0.7385749703357797,0.04108525172248296,0.14581062194740715,0.07111395179591726,0.1961884362170936,0.03340650296192038,0.14389409073714948,0.058458617258291094,0.24178216902470515,0.17600462040635767,0.9797850798334705,0.44757694005966187,0.5186148285865784,0.6749444343461529,0.5842553322044434,0.325834404550017,0.325834404550017,0.316820140238236,0.948887225763885,0.2562543751955176,0.44174996533096567,1.1532910383433437,0.6775353819688795,0.41401964375386,0.6219407303151145,0.3371340401327806,0.23684210526315788,0.3076923076923077,0.0,0.0,0.0,0.0,0.28038060665130615,0.407366618253779,0.3993956138228591,0.8713145377595795,0.5545409391710012,0.716665231257646,0.8465608254919702,0.5028258307216206,0.7385749703357797,0.44757694005966187,0.5186148285865784,0.6749444343461529,0.5842553322044434,0.325834404550017,0.325834404550017,0.316820140238236,0.948887225763885,0.2562543751955176,0.44174996533096567,1.1532910383433437,0.6775353819688795,0.41401964375386,0.6219407303151145,0.3371340401327806,0.23684210526315788,0.3076923076923077,0.6852257480026052,0.0025000000000000005,0.2487000721143253,2,0.06569076329469681,0.7833261489868164,4999,5000,0.05845861881971359,5000,5000,8,outer,64,0.0,ddf957f2cba4,
algebra,control_tanh_observation,both,latent,tanh,0.1,0,13340,11336,48,False,202,66,266,332,1,6.3125,0,0.08345115430650202,0.18367582275334904,0.10803756852573763,0.20200971828818218,0.09984209711932576,0.3159780010053323,0.19589841977657116,0.8113719137008659,0.023727401165029458,0.1065089903409237,0.059292369660525236,0.13962197863116543,0.021476408752183443,0.11489582935725935,0.04495752617660879,0.21203189896005928,0.1272767589473463,0.9110019742288057,0.15720079839229584,1.2671368161785291e-20,0.6749444343461529,0.5842553322044434,,,,,,,,0.5112987723825162,0.30770874464007336,,,0.23684210526315788,0.19230769230769232,0.0,0.0,0.0,0.0,0.0,0.0840466072092118,0.18212721006088212,0.10811509247216886,0.20030056985755468,0.10009226405118317,0.31637361465707464,0.19424278325866384,0.8108992823061629,0.1645698845386505,2.6371976413046576e-16,0.6749444343461529,0.5842553322044434,,,,,,,,0.49425287356321834,0.2983475310968813,,,0.23684210526315788,0.23076923076923078,0.08969241683993318,0.0025000000000000005,0.2487000721143253,2,0.050671570003032684,0.14761674404144287,2590,5000,0.04495752602815628,5000,5000,8,outer,64,0.0,589d5b8de11b,0.01821404727072229
algebra,control_tanh_observation,both,latent,tanh,0.1,1,13340,11336,48,False,202,60,242,302,2,6.3125,0,0.1071228233198688,0.21884641529124227,0.15455002550509417,0.2529341204065211,0.13874095811001905,0.37247947340762155,0.24157155203476152,0.7109437204000446,0.025062314437639947,0.10732456315259765,0.06713260352337726,0.1519302855759078,0.030977737956013482,0.1315878888624947,0.050995126222436626,0.22582100483001272,0.13653883883088228,0.888622671772819,0.06692662835121155,3.447571953859496e-19,0.7236853112125092,0.6716918191595322,,,,,,,,0.6256096479560166,0.4270035596451163,,,0.2603305785123967,0.5,0.0,0.0,0.0,0.0,0.0,0.11237747167211215,0.2237955327787844,0.1596831181943515,0.2585852690100338,0.14391456935360505,0.3793607377597279,0.246988690266284,0.7001648931630178,0.07774416357278824,8.749614598662345e-19,0.7236853112125092,0.6716918191595322,,,,,,,,0.6122195619402323,0.4111458008916984,,,0.2603305785123967,0.5,0.1302153165307353,0.0025000000000000005,0.29530161787387416,2,0.06079627200961113,0.0992046594619751,3970,5000,0.050995122641325,5000,5000,8,outer,64,0.0,589d5b8de11b,0.018803415325624795
unconstrained,control_unmatched_capacity,both,latent,identity,0.1,1,7852,5864,48,True,202,60,242,302,2,6.3125,0,0.6045235069801698,0.44374388130293096,1.2112031444425309,0.6263074185121252,1.008976598621744,1.0044782718514842,0.5654529061090605,0.6359713018038728,0.05740440924510557,0.17264057261972915,0.10874455215333366,0.23308640779731274,0.044760973661704576,0.1590891066991297,0.08715401798777196,0.2952185935671599,0.2077940406687223,0.9648685239783429,0.3295822739601135,0.45647281408309937,0.7236853112125092,0.6716918191595322,0.013484935229520675,0.013484935229520675,0.09934374551500166,1.090735277999082,0.10328609640411543,0.2034755112210161,1.1545306596113416,0.5464219207235966,0.299958611719792,0.6058348851644941,0.3439643831011494,0.2603305785123967,0.2916666666666667,0.0,0.0,0.0,0.0,0.30171164870262146,0.5610659867377072,0.43917600813418756,1.1836098848444532,0.6415837548248186,0.9760952521422044,0.9879753297234726,0.5741145059279416,0.6478345638163252,0.448383092880249,0.5532079935073853,0.7236853112125092,0.6716918191595322,0.24577457920970466,0.24577457920970466,0.2777483540717541,1.032265403475774,0.2118086441372236,0.3228944798163961,1.1574817301803417,0.6205551121752239,0.33628077622523167,0.5896071650261595,0.33207043666842173,0.2603305785123967,0.2916666666666667,0.8270751336687069,0.0025000000000000005,0.29530161787387416,2,0.0905657708644867,0.4381377398967743,570,5000,0.08715401589870453,5000,5000,8,outer,64,0.0,ddf957f2cba4,
unconstrained,control_unmatched_capacity,both,latent,identity,0.1,2,7852,5864,48,True,202,74,294,368,1,6.3125,0,0.5680431370924381,0.4720476422110645,1.277359330959376,0.7151653376552858,1.0409205996703965,1.0202551640008477,0.6341261058405453,0.6383505689012247,0.04494598375477775,0.156173119134515,0.10494503747775825,0.24593059654041904,0.05364480048919386,0.17167515918253773,0.0819554493892356,0.28627862195636544,0.2117763302316175,0.9716153522136131,0.5747535824775696,0.5553295016288757,0.6634971332151967,0.6956231010395416,0.24096686764569342,0.24096686764569342,0.3187820740606071,1.087695920627285,0.24207087977888148,0.3217486774891597,1.1232796562111873,0.6020611916264091,0.3122580751956515,0.5496296296296296,0.2644051124156454,0.23469387755102042,0.3103448275862069,0.0,0.0,0.0,0.0,0.27592745423316956,0.5961575240229114,0.48094294790643666,1.4463783362101117,0.7379937527131767,1.1629713988143784,1.078411516451108,0.6523101511109299,0.5959461798541171,0.5997951030731201,0.6692069172859192,0.6634971332151967,0.6956231010395416,0.2478207921379517,0.2478207921379517,0.2918617623482551,1.1169722753508446,0.19016859381070395,0.2831703190907878,1.254586136561745,0.5836392914653785,0.2975700476029962,0.5839613526570048,0.3046763332512168,0.23469387755102042,0.27586206896551724,0.7643717300427518,0.0025000000000000005,0.26492104756961427,2,0.10762693732976913,0.8201090693473816,1610,5000,0.0819554552435875,5000,5000,8,outer,64,0.0,ddf957f2cba4,
algebra,control_tanh_observation,both,latent,tanh,0.1,2,13340,11336,48,False,202,74,294,368,1,6.3125,0,0.09340415106615617,0.2079765250857745,0.12388118941004421,0.2312362531246603,0.11372217662874819,0.33722718844830435,0.2234830104450317,0.7874156987274037,0.02056353637221161,0.09996348630256999,0.07100318299352111,0.1492600249941575,0.02427256980280193,0.12050376814164047,0.05133218618499791,0.22656607465593323,0.1316506201370504,0.9026645363346586,0.055948179215192795,4.575238538426753e-18,0.6634971332151967,0.6956231010395416,,,,,,,,0.6506280193236715,0.3310109417639741,,,0.23469387755102042,0.20689655172413793,0.0,0.0,0.0,0.0,0.0,0.09292519563183962,0.20741741228451654,0.12348952001512868,0.23089064105159446,0.11330141188736569,0.33660275086125735,0.22306623146256851,0.7882022469733008,0.05550213158130646,7.761110502206749e-19,0.6634971332151967,0.6956231010395416,,,,,,,,0.6504991948470209,0.32972436480618816,,,0.23469387755102042,0.20689655172413793,0.08454765562392579,0.0025000000000000005,0.26492104756961427,2,0.06216225028038025,0.09351864457130432,4960,5000,0.05133218318223953,5000,5000,8,outer,64,0.0,589d5b8de11b,-0.07885344038852793
additive,control_weak_interactions,both,latent,identity,0.1,0,1988,0,48,True,202,66,266,332,1,6.3125,0,0.08267978789690932,0.19241805432503797,0.13623060398851544,0.22970165088256916,0.11838033195798005,0.34406442995168807,0.21727378536339206,0.9439211260719991,0.050329268703376805,0.14878690838984673,0.1279937443423453,0.20850012097274684,0.02213693856217356,0.1017307827502425,0.09446678964234138,0.30735450158138466,0.1802981708414243,0.9556968568084317,0.0,0.0,0.26997777373846116,0.23370213288177732,,,,0.99999999999314,,,0.9999999999908453,,,,,0.23684210526315788,,0.0,0.0,0.0,0.0,0.0,0.08290467957378099,0.19361672732699672,0.13640089444404774,0.23058258900007073,0.11856882282062549,0.3443382389753213,0.21826063510904606,0.9438318345896384,0.0,0.0,0.26997777373846116,0.23370213288177732,,,,0.99999999999314,,,0.9999999999908453,,,,,0.23684210526315788,,0.11158483195085858,0.0025000000000000005,0.05169127181108723,2,0.09484115988016129,0.17060169577598572,4860,5000,0.09446679800748825,5000,5000,8,outer,64,0.0,cba0f8410924,0.0
additive,control_weak_interactions,both,latent,identity,0.1,1,1988,0,48,True,202,60,242,302,2,6.3125,0,0.08698684996173084,0.1922757846685174,0.1586485041210277,0.24287706064549597,0.13476128606792875,0.36709846917132294,0.2260099686531698,0.9376459680464597,0.05399012508666586,0.1355525813899633,0.1344898698553955,0.1927270039952285,0.02244740243204269,0.10235222138247939,0.09951723349960746,0.31546352166234287,0.16685652719899038,0.9474288591999404,0.0,0.0,0.28947412448500365,0.2686767276638129,,,,0.999999999994033,,,0.9999999999930735,,,,,0.2603305785123967,,0.0,0.0,0.0,0.0,0.0,0.08700373962680877,0.19244387277955435,0.1586443029455903,0.24297725114380717,0.1347641151726631,0.3671023224833413,0.22613279168905623,0.9376446590200164,0.0,0.0,0.28947412448500365,0.2686767276638129,,,,0.999999999994033,,,0.9999999999930735,,,,,0.2603305785123967,,0.13450347716588112,0.0025000000000000005,0.060612002765099975,2,0.10024017840623856,0.07404263317584991,2140,5000,0.09951723366975784,5000,5000,8,outer,64,0.0,cba0f8410924,0.0
shared_pair,control_unmatched_capacity,both,latent,identity,0.1,0,7852,5864,48,True,202,66,266,332,1,6.3125,0,0.4555195397004863,0.42397608286724664,0.9828644260113569,0.6041007446998848,0.8070827972410667,0.8983778699640073,0.5440591907556721,0.7055924649226148,0.028877354908046535,0.12340711991884372,0.058220048211629134,0.17718179980767243,0.033277277158147225,0.14080161127977825,0.04699085210006715,0.21677373480213682,0.15749401263852525,0.9837506193558603,0.48374003171920776,0.5428749918937683,0.6749444343461529,0.5842553322044434,0.30096191292060104,0.30096191292060104,0.21357719080401874,0.9936165024339674,0.2626658812643219,0.309888724354877,1.211541170748742,0.6471186175619673,0.3641714929025953,0.6403158964735318,0.3373517916736464,0.23684210526315788,0.23076923076923078,0.0,0.0,0.0,0.0,0.5324050784111023,0.4558291561667826,0.4235279788820613,0.9842993881149354,0.6040782848483129,0.8081426441322178,0.8989675434253551,0.5438948495262291,0.7052058541413544,0.48437514901161194,0.5434152483940125,0.6749444343461529,0.5842553322044434,0.30065904094283624,0.30065904094283624,0.21359584035348067,0.9942679556469726,0.262031364468452,0.3096378321253632,1.2126251538085746,0.6471968097583861,0.36421599664194193,0.6400813198842755,0.33689448766605223,0.23684210526315788,0.23076923076923078,0.6852257480026052,0.0025000000000000005,0.2487000721143253,2,0.057156506925821304,0.8919163942337036,4800,5000,0.04699085280299187,5000,5000,8,outer,64,0.0,ef922219a6e0,
shared_pair,control_unmatched_capacity,both,latent,identity,0.1,1,7852,5864,48,True,202,60,242,302,2,6.3125,0,0.5449225325015835,0.43611554335088565,1.0892854123101312,0.626204691078554,0.9078311190406152,0.9528017207376439,0.5628416418359979,0.6724635825075453,0.032262086883108644,0.13342101493925962,0.07874522662473418,0.2056715199308322,0.034172147437102424,0.14191612501831305,0.060473179914559874,0.2459129519048557,0.17779846428501295,0.975623475323653,0.4969388544559479,0.4767916798591614,0.7236853112125092,0.6716918191595322,0.32131411081861905,0.32131411081861905,0.3017460323508356,1.0119317510452066,0.23832103232769242,0.3839874075005473,1.07656820915957,0.650438946528332,0.3570485622245386,0.5811829387248382,0.2945848643594939,0.2603305785123967,0.25,0.0,0.0,0.0,0.0,0.529306948184967,0.4731558383950234,0.41312291170472154,1.0262476648773073,0.6129282508770163,0.8418837227165459,0.9175422184927219,0.546326471152918,0.6962567456652122,0.45359987020492554,0.5217869877815247,0.7236853112125092,0.6716918191595322,0.33347282214409724,0.33347282214409724,0.33718762714110384,0.9679021894824906,0.2743712904460869,0.4243565204837681,1.0877043389521996,0.6077857586237474,0.3376482208550626,0.5831338121840915,0.3042847908445915,0.2603305785123967,0.25,0.8270751336687069,0.0025000000000000005,0.29530161787387416,2,0.0616750568151474,0.4149627983570099,1050,5000,0.06047317758202553,5000,5000,8,outer,64,0.0,ef922219a6e0,
shared_pair,control_unmatched_capacity,both,latent,identity,0.1,2,7852,5864,48,True,202,74,294,368,1,6.3125,0,0.6772235851265389,0.5300097155362423,1.3921517445371598,0.7614578650415881,1.153842358066953,1.0741705442186325,0.6843084818731395,0.5991179034167302,0.028434523532975896,0.1307977379350883,0.09304061224565911,0.2306093540845718,0.04803142081750063,0.16027469461297478,0.06926297318392156,0.26317859560367285,0.1937983620422168,0.9760112950009423,0.652254581451416,0.6135989427566528,0.6634971332151967,0.6956231010395416,0.2575018727653087,0.2575018727653087,0.315285639911081,1.1797431051913845,0.21595145126759085,0.27648958814161406,1.1727082607807922,0.545378421900161,0.2682437591599718,0.5218679549114332,0.2605982557153725,0.23469387755102042,0.20689655172413793,0.0,0.0,0.0,0.0,0.6624144315719604,0.660983849193021,0.5227984298000768,1.3809546009597622,0.7562549739744615,1.1409643503708484,1.0681593281766764,0.6784361259163333,0.6035921391638723,0.6426078677177429,0.6207060217857361,0.6634971332151967,0.6956231010395416,0.26930404869361013,0.26930404869361013,0.3160521708538798,1.1641964428851586,0.21716537571302608,0.2878154281322641,1.1775597553026884,0.5466666666666666,0.26837913084244736,0.5183252818035426,0.2610929955057507,0.23469387755102042,0.20689655172413793,0.7643717300427518,0.0025000000000000005,0.26492104756961427,2,0.07458335906267166,0.9593761563301086,4480,5000,0.06926298141479492,5000,5000,8,outer,64,0.0,ef922219a6e0,
additive,control_weak_interactions,both,latent,identity,0.1,2,1988,0,48,True,202,74,294,368,1,6.3125,0,0.08392992387481374,0.20051782999035495,0.16024105533147875,0.250840874158675,0.13480401151259042,0.3671566579984495,0.2340665261025683,0.935298818502162,0.05521494215323164,0.15158439535676027,0.14127836455098305,0.21822773520482727,0.02093297400756952,0.103973227618837,0.103835205865723,0.3222347061781567,0.18722140216779307,0.9502349054421498,0.0,0.0,0.26539885328607865,0.27824924041581667,,,,0.9999999999929013,,,0.9999999999935418,,,,,0.23469387755102042,,0.0,0.0,0.0,0.0,0.0,0.08416433899368678,0.2005930713781821,0.16043392165337267,0.2503726722507591,0.13501072743347736,0.36743805931541357,0.23377947195990012,0.9351996021348914,0.0,0.0,0.26539885328607865,0.27824924041581667,,,,0.9999999999929013,,,0.9999999999935418,,,,,0.23469387755102042,,0.12423236095893414,0.0025000000000000005,0.05859990171064074,2,0.10400494188070297,0.11780526489019394,2510,5000,0.10383520275354385,5000,5000,8,outer,64,0.0,cba0f8410924,0.0
unconstrained,control_weak_interactions,both,latent,identity,0.1,0,13396,11408,76,True,202,66,266,332,1,6.3125,0,0.0749442713140556,0.18087118691451937,0.12642669588448713,0.21723051404050142,0.10926588769434331,0.3305539104205898,0.20511073833184074,0.9482388008270057,0.02949052733604892,0.11518048682502623,0.05094854190483205,0.14355316021732936,0.01608442047401346,0.09048166573658355,0.04114880651010581,0.20285168599276124,0.12992949503522044,0.9807019855985214,0.08955737948417664,0.1258133053779602,0.26997777373846116,0.23370213288177732,0.1882895581496971,0.1882895581496971,0.1667041782960688,0.9852198525586359,0.17143463067649906,0.2877279588626006,1.0269544152120516,0.5753381812495112,0.3059918828740546,0.5948862303542106,0.31312699301862934,0.23684210526315788,0.15384615384615385,0.0,0.0,0.0,0.0,0.11307393014431,0.074579971154474,0.17975239802180099,0.1262397117057259,0.21664793630615836,0.10901979818864192,0.33018146251514774,0.20434942354470592,0.9483553778135454,0.08947928249835968,0.12593673169612885,0.26997777373846116,0.23370213288177732,0.18825011504360548,0.18825011504360548,0.16676841563310438,0.9849895371481857,0.17131033125680015,0.2877815165431068,1.0271079818947095,0.5733051841426225,0.30474420059998897,0.5949644225506294,0.313023197077382,0.23684210526315788,0.15384615384615385,0.11158483195085858,0.0025000000000000005,0.05169127181108723,2,0.041414085775613785,0.13910894095897675,4920,5000,0.04114880785346031,5000,5000,8,outer,64,0.0,097bd7c19a12,0.07699289326939862
unconstrained,control_weak_interactions,both,latent,identity,0.1,2,13396,11408,76,True,202,74,294,368,1,6.3125,0,0.07062781701019734,0.17954209093277487,0.14655238463863623,0.24238855479565158,0.12124419542915661,0.34820137195185863,0.22143973350802598,0.9418070530246162,0.03505323357762475,0.12405576475104207,0.05153860994237274,0.14779412235553027,0.014138511452547783,0.0896779697358776,0.04299584527218186,0.20735439535293643,0.13508579100662818,0.9793933831235254,0.09611954540014267,0.13330091536045074,0.26539885328607865,0.27824924041581667,0.17894649656737754,0.17894649656737754,0.22358891841574946,0.964200593975916,0.2475483399301192,0.34227749293736126,0.9966187531329926,0.5558132045088567,0.27991575356783593,0.5842190016103059,0.28473048509061577,0.23469387755102042,0.2413793103448276,0.0,0.0,0.0,0.0,0.10054544359445572,0.0743378528479385,0.18562267662112428,0.14985685443996855,0.24335985381151196,0.12468385390929186,0.3531060094494171,0.2241141280813827,0.9401561380027512,0.09534070640802383,0.13448920845985413,0.26539885328607865,0.27824924041581667,0.1764735958539811,0.1764735958539811,0.22395689576808336,0.967696277336971,0.24598732698613635,0.3410539711922254,0.9983481842675641,0.5651529790660226,0.280493826611655,0.5856360708534621,0.28288183480042106,0.23469387755102042,0.2413793103448276,0.12423236095893414,0.0025000000000000005,0.05859990171064074,2,0.04701472446322441,0.1062673032283783,3740,5000,0.042995844036340714,5000,5000,8,outer,64,0.0,097bd7c19a12,0.10058911401288195
unconstrained,control_weak_interactions,both,latent,identity,0.1,1,13396,11408,76,True,202,60,242,302,2,6.3125,0,0.08510846589663243,0.17877955040809698,0.16374755057427742,0.23273847681417875,0.13753452234839578,0.37085647135838923,0.2147521680121515,0.9363627919304364,0.0234477900954098,0.10311189278192293,0.04724795727540994,0.13622152174274058,0.013204893595573591,0.08371103292613608,0.03682050974426135,0.1918867107025949,0.12122328840789304,0.980549135722275,0.11082803457975388,0.10846953839063644,0.28947412448500365,0.2686767276638129,0.0641869728363997,0.0641869728363997,0.1560392050773039,1.0145026051588657,0.16562386333886958,0.31886576058586624,1.0331460256982565,0.5916467145517424,0.31550498734227533,0.6049481245011972,0.32318682141441846,0.2603305785123967,0.16666666666666666,0.0,0.0,0.0,0.0,0.0725560113787651,0.07640144724285415,0.17353577688056923,0.15363902861222187,0.23173666014123312,0.12789316815576596,0.3576215431930324,0.2123363657210118,0.9408238454343307,0.10477519035339355,0.1295655518770218,0.28947412448500365,0.2686767276638129,0.188113641142254,0.188113641142254,0.20761324634077058,0.9736794183210502,0.22743516046907594,0.35818789766985415,1.0160361361911496,0.6492861576660459,0.3718559013059534,0.5645118382548551,0.30691047253854886,0.2603305785123967,0.2916666666666667,0.13450347716588112,0.0025000000000000005,0.060612002765099975,2,0.04196527227759361,0.04618189111351967,810,5000,0.03682050481438637,5000,5000,8,outer,64,0.0,097bd7c19a12,-0.020578879598025734
shared_pair,control_weak_interactions,both,latent,identity,0.1,0,13396,11408,76,True,202,66,266,332,1,6.3125,0,0.06980824096827519,0.18231146715988844,0.12270901557029373,0.22319655220101742,0.10507542403628754,0.3241533958425972,0.20956819052064107,0.9502238981763136,0.02417920845477133,0.11021114217783,0.06775950302891375,0.15835941737378437,0.016531754231893563,0.09441894786108881,0.04972697254087485,0.22299545408118718,0.13773532537617944,0.976678987469538,0.10117007791996002,0.07759951800107956,0.26997777373846116,0.23370213288177732,0.3135376295845592,0.3135376295845592,0.2463213365191652,0.9263527038751365,0.18721083146115797,0.2883578991999821,0.9904998561355317,0.6029400265853467,0.3384180995294381,0.5649386191258111,0.29895321853247425,0.23684210526315788,0.23076923076923078,0.0,0.0,0.0,0.0,0.11607445776462555,0.06709854621151604,0.17331927230866878,0.1218703580737537,0.21772388887060237,0.10361308745300779,0.32188986851562723,0.20292235001662448,0.950916633088758,0.10615234822034836,0.11139552295207977,0.26997777373846116,0.23370213288177732,0.30954193500064353,0.30954193500064353,0.16250053796777297,0.9336295496860189,0.14716935620854038,0.2205796981323353,1.0124210324197491,0.596293689889749,0.3319075793661309,0.621393384940183,0.3280687918895228,0.23684210526315788,0.19230769230769232,0.11158483195085858,0.0025000000000000005,0.05169127181108723,2,0.0515955351293087,0.14813454449176788,600,5000,0.04972697049379349,5000,5000,8,outer,64,0.0,89af1c873b65,0.11239120301179062
shared_pair,control_weak_interactions,both,latent,identity,0.1,1,13396,11408,76,True,202,60,242,302,2,6.3125,0,0.07899156885998185,0.17876799024193227,0.15092829914426398,0.2278704698818766,0.12694938904950326,0.35629957767236164,0.21150297666856183,0.9412605319209774,0.022785034240958697,0.10295628286545568,0.08849233787951345,0.1593447714342003,0.013389001657143115,0.08515064829896285,0.061508026158289916,0.24800811712177873,0.13525686311846655,0.9675076668654182,0.10454828292131424,0.03985626623034477,0.28947412448500365,0.2686767276638129,0.2075238896136007,0.2075238896136007,0.21608642695025193,0.963726127535036,0.1364786353303146,0.17241953039765187,1.0048566880252436,0.6297774230735124,0.34152597300003845,0.5854393899086636,0.3290753436390558,0.2603305785123967,0.25,0.0,0.0,0.0,0.0,0.12052522599697113,0.08200964404500584,0.18148768923592656,0.16137413257870595,0.23367575395374335,0.1349193030674726,0.36731363038617637,0.2162797323811378,0.9375728535984884,0.13224296271800995,0.0648699477314949,0.28947412448500365,0.2686767276638129,0.17556999845060972,0.17556999845060972,0.11784194262504336,0.9715907454589031,-0.0007632423877479214,0.02505439151987624,1.0415647208355459,0.5967012503325353,0.3423928068152921,0.5132570719162898,0.30157753750209965,0.2603305785123967,0.25,0.13450347716588112,0.0025000000000000005,0.060612002765099975,2,0.06703509390354156,0.04722629114985466,840,5000,0.06150802597403526,5000,5000,8,outer,64,0.0,89af1c873b65,0.05796840655325719
shared_pair,control_weak_interactions,both,latent,identity,0.1,2,13396,11408,76,True,202,74,294,368,1,6.3125,0,0.07532793976563198,0.18548436095192447,0.15658169033663505,0.2428817003064936,0.12949710681296733,0.35985706441998233,0.22374925385497055,0.9378459459971771,0.023739862821055533,0.11004002910521017,0.0734539390252321,0.16593827907642805,0.01648966723789662,0.09389116303117523,0.0530241527750334,0.23026973916481816,0.1422032612837681,0.9745871166267847,0.10931798815727234,0.08948023617267609,0.26539885328607865,0.27824924041581667,0.1643280030051665,0.1643280030051665,0.22570989406927228,0.9751073687697186,0.10926702769937774,0.15513580453874154,1.0170795639899104,0.5716586151368761,0.2978110808008506,0.547181964573269,0.2807652346555616,0.23469387755102042,0.3103448275862069,0.0,0.0,0.0,0.0,0.16108746826648712,0.07052458975067032,0.18125782497618734,0.14944758142510625,0.24143920973269542,0.12313991753362759,0.3509129771519252,0.22137874814719274,0.9408971731287988,0.11973415315151215,0.12028369307518005,0.26539885328607865,0.27824924041581667,0.2039417572406101,0.2039417572406101,0.2322615909324336,0.9653045215600575,0.1809852371515194,0.31537937556002327,1.0074438340347365,0.5618035426731078,0.2870507291976463,0.5507890499194847,0.2731743390787867,0.23469387755102042,0.3103448275862069,0.12423236095893414,0.0025000000000000005,0.05859990171064074,2,0.06550326943397522,0.11941021680831909,900,5000,0.05302415043115616,5000,5000,8,outer,64,0.0,89af1c873b65,0.0393675576867194
algebra,control_weak_interactions,both,latent,identity,0.1,1,13324,11336,48,True,202,60,242,302,2,6.3125,0,0.08735733269975841,0.1808226236698655,0.16434025561818644,0.23894899252739946,0.13867928131204377,0.37239667199378107,0.21957353624155476,0.9358331120863124,0.02474784533226018,0.10611087507277786,0.062408088519819334,0.14868693592769544,0.014976729301609832,0.08916263561493801,0.046523049543920295,0.21569202475733842,0.13016466799827778,0.9754236557627858,0.09433528780937195,0.11466050148010254,0.28947412448500365,0.2686767276638129,-0.08960089111648395,-0.08960089111648395,0.11144027559216797,1.03776616876328,0.1561101647023379,0.2647708062645822,1.036809243367165,0.5335638911057905,0.3065130072200277,0.5686796133723508,0.3063939916890207,0.2603305785123967,0.2916666666666667,0.0,0.0,0.0,0.0,0.0,0.09773673257332713,0.18396563111702144,0.18355308264925096,0.24214410939168798,0.15494763262394304,0.3936338814481587,0.22275128330013247,0.9283057477583831,0.10001301020383835,0.1318565309047699,0.28947412448500365,0.2686767276638129,-0.2270900473886086,-0.2270900473886086,0.056418792053143874,1.0930449795750836,0.04949924653643197,0.1099960889990044,1.0964018513664437,0.570364458632615,0.3167497205320452,0.5552008512902368,0.30005360212469845,0.2603305785123967,0.20833333333333334,0.13450347716588112,0.0025000000000000005,0.060612002765099975,2,0.0740787461400032,0.05282723158597946,610,5000,0.04652305319905281,5000,5000,8,outer,64,0.0,faf110a0e993,-0.029073596419524117
algebra,control_weak_interactions,both,latent,identity,0.1,0,13324,11336,48,True,202,66,266,332,1,6.3125,0,0.06957414137207556,0.17658832707033872,0.12305056031442273,0.21502688657154856,0.10522508733364036,0.3243841662807239,0.2022140334044786,0.9501530000039139,0.021713211738282633,0.10502474997551377,0.0984540688764133,0.17645076135517296,0.017613342621116856,0.09638893549086056,0.06759517391784409,0.2599907189071258,0.14726865515516227,0.9682991379247745,0.11042368412017822,0.0,0.26997777373846116,0.23370213288177732,0.24812010746510177,0.24812010746510177,0.23405088936035234,0.9718129899653155,,,0.9999999999908453,0.5375713503792321,0.30706197783268685,,,0.23684210526315788,0.23076923076923078,0.0,0.0,0.0,0.0,0.0,0.06644135523427078,0.16784739407256494,0.11964822025955663,0.20695755659001702,0.10191259858446133,0.3192375269050638,0.19392083575086635,0.9517221849849044,0.10931115597486496,1.2086611703485519e-15,0.26997777373846116,0.23370213288177732,0.28529494466556377,0.28529494466556377,0.2736805443755669,0.9505366528734731,,,0.9999999999908453,0.6342169051528658,0.35247135783882405,,,0.23684210526315788,0.23076923076923078,0.11158483195085858,0.0025000000000000005,0.05169127181108723,2,0.0690397247672081,0.15249738097190857,480,5000,0.06759517639875412,5000,5000,8,outer,64,0.0,faf110a0e993,0.11112694487973929
algebra,control_weak_interactions,both,latent,identity,0.1,2,13324,11336,48,True,202,74,294,368,1,6.3125,0,0.0719350465385561,0.18505604475773418,0.15194091260545856,0.2466971710460149,0.12527229058315775,0.35393825815127383,0.22615012894992131,0.9398737091075827,0.025702075668829174,0.11242861921470079,0.07739166617597548,0.17021821647953175,0.016714373579112603,0.09387414063689903,0.05601160049143404,0.23666770056649902,0.14550251573113723,0.9731553226908669,0.10714992135763168,0.10205943882465363,0.26539885328607865,0.27824924041581667,0.24883187213155616,0.24883187213155616,0.3894632394520833,0.9352779777394249,0.13770679036596628,0.23407515143501723,1.018628708118646,0.5972302737520128,0.313951459218195,0.5259259259259259,0.2563419066593108,0.23469387755102042,0.3448275862068966,0.0,0.0,0.0,0.0,0.0,0.07376933496936239,0.18415444714724588,0.15055774062432606,0.24175070836001333,0.12496160540600482,0.3534990882675722,0.22255195462242416,0.9400228270589708,0.11932694911956787,0.07830896228551865,0.26539885328607865,0.27824924041581667,0.2153531363294368,0.2153531363294368,0.3642815233341558,0.9603335392644111,0.1412140002697031,0.24516322870908067,0.9995875200254926,0.5585185185185185,0.28508126834625397,0.5511755233494363,0.2745252008752306,0.23469387755102042,0.27586206896551724,0.12423236095893414,0.0025000000000000005,0.05859990171064074,2,0.05943785607814789,0.11144142597913742,2190,5000,0.05601159855723381,5000,5000,8,outer,64,0.0,faf110a0e993,0.07070799171686681
additive,regime_independent,independent,latent,identity,0.1,0,1988,0,48,True,202,66,266,332,1,6.3125,0,0.003127714301859791,0.04406890495351997,0.00320016076734919,0.04465820730188217,0.00317601194551939,0.05635611719697685,0.04446177318576144,0.9983822218608374,0.0026079800668382834,0.04072992531830043,0.002374246196609343,0.03929426318028535,0.002840090372437044,0.042245327175179426,0.00248921376233952,0.049892021028813016,0.04000899728110963,0.9987274485090141,0.0,0.0,0.0,0.0,,,,,,,,,,,,0.0,,0.0,0.0,0.0,0.0,0.0,0.0032564152582036923,0.04500949241764487,0.0032321288605019257,0.045113708579021916,0.003240224326402515,0.056922968355511076,0.0450789698585629,0.9983495137388787,0.0,0.0,0.0,0.0,,,,,,,,,,,,0.0,,0.0024053618874534627,0.0025000000000000005,0.0,2,0.0025045271031558514,0.0033992414828389883,4890,5000,0.0024892138317227364,5000,5000,8,outer,64,0.0,2521629d4d77,0.0
additive,regime_independent,independent,latent,identity,0.1,2,1988,0,48,True,202,74,294,368,1,6.3125,0,0.003197740949583567,0.04534011705713698,0.003267734376124692,0.04539602323771238,0.003244403233944317,0.056959663218318954,0.045377387844187246,0.9982540812113925,0.0021941235914225664,0.037338612479532386,0.002379217831321023,0.03837765642417679,0.00229452079489504,0.038338967473349105,0.002315322836110947,0.048117801655010665,0.03806069676795121,0.9987738414121586,0.0,0.0,0.0,0.0,,,,,,,,,,,,0.0,,0.0,0.0,0.0,0.0,0.0,0.003201576140315905,0.04533653888120694,0.0032709809013499232,0.04545341032093829,0.0032478459810052506,0.05698987612730221,0.04541445317436118,0.9982522285573465,0.0,0.0,0.0,0.0,,,,,,,,,,,,0.0,,0.0026018928702676316,0.0025000000000000005,0.0,2,0.0023190367501229048,0.0031600601505488157,4930,5000,0.0023153226356953382,5000,5000,8,outer,64,0.0,2521629d4d77,0.0
additive,regime_independent,independent,latent,identity,0.1,1,1988,0,48,True,202,60,242,302,2,6.3125,0,0.003117675031876225,0.04526637454666601,0.003045980111755506,0.04372251161522678,0.0030698784184624126,0.055406483541751796,0.044237132592373184,0.9985249955577419,0.0024439044877489747,0.039574080174623306,0.0024387366146375717,0.03951727397295341,0.0024796501878728136,0.04027681558674727,0.0024442028520339286,0.04943887996338437,0.039606953847610316,0.9986603065539404,0.0,0.0,0.0,0.0,,,,,,,,,,,,0.0,,0.0,0.0,0.0,0.0,0.0,0.003134079136817052,0.045258733458222594,0.0030676916006215347,0.043899289612047886,0.003089820779353374,0.0555861563642727,0.044352437560772784,0.9985154137219511,0.0,0.0,0.0,0.0,,,,,,,,,,,,0.0,,0.002589184676786834,0.0025000000000000005,0.0,2,0.0024600320030003786,0.0026722452603280544,4790,5000,0.0024442027788609266,5000,5000,8,outer,64,0.0,2521629d4d77,0.0
unconstrained,regime_independent,independent,latent,identity,0.1,1,13396,11408,76,True,202,60,242,302,2,6.3125,0,0.0031502145057695644,0.04539533819760156,0.0030624820033337643,0.04387823575226501,0.0030917261708123646,0.05560329280548378,0.0443839365673772,0.998514498226129,0.0024259429124690902,0.03927854133113459,0.002431971524258023,0.039444236556603916,0.0024752320745992924,0.04022113964127641,0.002434286293870675,0.04933848694346712,0.039468492320595315,0.9986657419243998,0.004161612130701542,0.0,0.0,0.0,,,,,,,,,,,,0.0,,0.0,0.0,0.0,0.0,0.0,0.003135581299317374,0.0452325380492749,0.0030749164240682896,0.04401998944179526,0.0030951380491513183,0.055633964887929016,0.04442417231095514,0.9985128588987615,0.004151142667979002,0.0,0.0,0.0,,,,,,,,,,,,0.0,,0.002589184676786834,0.0025000000000000005,0.0,2,0.0024999408051371574,0.002679022727534175,4810,5000,0.0024342862889170647,5000,5000,8,outer,64,0.0,7c5d600faf2b,-0.007116813558008861
unconstrained,regime_independent,independent,latent,identity,0.1,2,13396,11408,76,True,202,74,294,368,1,6.3125,0,0.0032017988515182475,0.045374603466138856,0.003269894476174508,0.04536520398221344,0.003247195934622421,0.05698417266770152,0.04536833714352191,0.9982525783684246,0.002191016401016499,0.03729814809210214,0.0023783537694650825,0.03835965429711108,0.0022841184104402936,0.03824551917457168,0.002312871364384187,0.04809232126217435,0.03802871563852254,0.9987751396730593,0.005223123822361231,0.0,0.0,0.0,,,,,,,,,,,,0.0,,0.0,0.0,0.0,0.0,0.0,0.003620188232926543,0.047855522179300586,0.0036720740999332878,0.04868366515460974,0.0036547788109310402,0.06045476665186162,0.04840761749617335,0.9980332447805966,0.0051774876192212105,0.0,0.0,0.0,,,,,,,,,,,,0.0,,0.0026018928702676316,0.0025000000000000005,0.0,2,0.0023225764743983746,0.003171386197209358,4960,5000,0.0023128711618483067,5000,5000,8,outer,64,0.0,7c5d600faf2b,-0.0008607748410820459
unconstrained,regime_independent,independent,latent,identity,0.1,0,13396,11408,76,True,202,66,266,332,1,6.3125,0,0.0031144819149947073,0.04401753140538623,0.0031653462175661893,0.04451157365736819,0.0031483914500423623,0.05611052886974389,0.044346892906707534,0.9983962910251044,0.002565235233070513,0.04041181320925058,0.0023742952470106973,0.039313124445460666,0.0027928941759738585,0.04203512927104533,0.002471847797216257,0.04971768093159874,0.03990438330982333,0.9987363264467567,0.011969657614827156,0.0,0.0,0.0,,,,,,,,,,,,0.0,,0.0,0.0,0.0,0.0,0.0,0.0031161853034987128,0.04408179125047386,0.003150316901357644,0.044381420856311846,0.0031389397020713337,0.056026241191707064,0.044281544321032526,0.9984011055004611,0.011957570910453796,0.0,0.0,0.0,,,,,,,,,,,,0.0,,0.0024053618874534627,0.0025000000000000005,0.0,2,0.0024785923305898905,0.0033864006400108337,4970,5000,0.002471847692504525,5000,5000,8,outer,64,0.0,7c5d600faf2b,0.008696596848759897
shared_pair,regime_independent,independent,latent,identity,0.1,0,13396,11408,76,True,202,66,266,332,1,6.3125,0,0.0031187941984456764,0.04402870738156892,0.0031733709807455933,0.04454743391458178,0.0031551787199789543,0.05617097755940299,0.04437452507024417,0.9983928337657753,0.0025674092331384912,0.04032836636512056,0.0023752564949223254,0.0393215836367274,0.0027900749481425207,0.042030812507580145,0.0024728135607816654,0.04972739245910311,0.039883913127578136,0.9987358327230421,0.012734552845358849,0.0,0.0,0.0,,,,,,,,,,,,0.0,,0.0,0.0,0.0,0.0,0.0,0.00314790934551627,0.04421361633405936,0.003188689087369964,0.044684140398307884,0.003175095840085399,0.0563479887847419,0.04452729904355838,0.9983826885011932,0.01273816917091608,0.0,0.0,0.0,,,,,,,,,,,,0.0,,0.0024053618874534627,0.0025000000000000005,0.0,2,0.002477911999449134,0.0033953755628317595,4870,5000,0.002472813706845045,5000,5000,8,outer,64,0.0,754c8da085ca,0.006559555158420216
shared_pair,regime_independent,independent,latent,identity,0.1,2,13396,11408,76,True,202,74,294,368,1,6.3125,0,0.003184235088204694,0.045294584260388515,0.003257059981705025,0.0452585524726215,0.0032327850172049147,0.056857585397244184,0.045270563068543844,0.9982603333512878,0.0021979856029463543,0.03738248921623834,0.0023825913022279465,0.03832544936958613,0.002285709595515853,0.03824474950407716,0.00231767968956458,0.04814228587805714,0.03803344527649833,0.9987725932596084,0.005921746138483286,0.0,0.0,0.0,,,,,,,,,,,,0.0,,0.0,0.0,0.0,0.0,0.0,0.0031971446523692076,0.045271997564806474,0.003259521600945652,0.04534708785057612,0.0032387292847535034,0.05690983469272691,0.04532205775531957,0.9982571345477947,0.005906442645937204,0.0,0.0,0.0,,,,,,,,,,,,0.0,,0.0026018928702676316,0.0025000000000000005,0.0,2,0.0023266104981303215,0.0031496607698500156,4960,5000,0.00231767981313169,5000,5000,8,outer,64,0.0,754c8da085ca,0.003581002699617475
shared_pair,regime_independent,independent,latent,identity,0.1,1,13396,11408,76,True,202,60,242,302,2,6.3125,0,0.003163769704547847,0.04556940409562909,0.0030643778067437582,0.04383962048140129,0.0030975084393451207,0.055655264255460336,0.044416215019477234,0.9985117199819742,0.0024475469384288096,0.03953909118543933,0.00244810183019083,0.039600351169526954,0.0025032276819478283,0.04024574123597804,0.0024532002874692173,0.04952979191829113,0.03964353094186601,0.9986553749643737,0.00830539595335722,0.0,0.0,0.0,,,,,,,,,,,,0.0,,0.0,0.0,0.0,0.0,0.0,0.003146566788622442,0.045322863240474895,0.003094401184900184,0.04418298061046249,0.0031117897194742703,0.055783417961561575,0.044562941487133294,0.9985048581624621,0.0052765533328056335,0.0,0.0,0.0,,,,,,,,,,,,0.0,,0.002589184676786834,0.0025000000000000005,0.0,2,0.002464243210852146,0.0026790981646627188,2540,5000,0.002453200053423643,5000,5000,8,outer,64,0.0,754c8da085ca,-0.009000363244531018
additive,regime_symmetric,symmetric,latent,identity,0.1,0,1988,0,48,True,202,66,266,332,1,6.3125,0,0.4968959761881862,0.4616003861583834,0.49717216780080015,0.4594219500065525,0.4970801039299288,0.7050390797182301,0.4601480953904961,0.8024200232497125,0.3068498529707006,0.3554113846341993,0.30848470535731515,0.35406650294811526,0.12349257554551812,0.22732029250631175,0.2903209195512687,0.5388143646482234,0.3423648740411206,0.8883853819925256,0.0,0.0,0.6749444343461529,0.0,,,,0.9999999999989024,,,,,,,,0.23684210526315788,,0.0,0.0,0.0,0.0,0.0,0.49827314171047393,0.4625503505435228,0.4985764880658096,0.4603201156917515,0.49847537261403096,0.7060278837369179,0.4610635273090086,0.8018654302334445,0.0,0.0,0.6749444343461529,0.0,,,,0.9999999999989024,,,,,,,,0.23684210526315788,,0.4596887003196675,0.0025000000000000005,0.18063182505145975,2,0.29054543375968933,0.5808119177818298,640,5000,0.29032090306282043,5000,5000,8,outer,64,0.0,f8f8691f9a3b,0.0
additive,regime_symmetric,symmetric,latent,identity,0.1,1,1988,0,48,True,202,60,242,302,2,6.3125,0,0.5268785468643282,0.46343506234239323,0.5268771812483577,0.462657716868822,0.5268776364536811,0.7258633731313912,0.462916832026679,0.7868363385485404,0.32216688627996876,0.3211095325888776,0.3193666135084161,0.3246092038086541,0.12544009447949123,0.22821796688073395,0.30168655064573324,0.5492600027725788,0.3143465579134575,0.861193403457693,0.0,0.0,0.7236853112125092,0.0,,,,0.9999999999990453,,,,,,,,0.2603305785123967,,0.0,0.0,0.0,0.0,0.0,0.5274418500585395,0.46311104176000717,0.52737373700411,0.46247151519717133,0.5273964413555865,0.7262206561063838,0.4626846907181166,0.7866264409464833,0.0,0.0,0.7236853112125092,0.0,,,,0.9999999999990453,,,,,,,,0.2603305785123967,,0.5270846839543126,0.0025000000000000005,0.20940897819943768,2,0.3035486936569214,0.3656456768512726,2850,5000,0.3016865849494934,5000,5000,8,outer,64,0.0,f8f8691f9a3b,0.0
additive,regime_symmetric,symmetric,latent,identity,0.1,2,1988,0,48,True,202,74,294,368,1,6.3125,0,0.5002727354728003,0.48584187063829254,0.4989735859035828,0.48555917788219854,0.49940663575998867,0.7066870847553312,0.48565340880089664,0.8046706331279028,0.3362791860703404,0.36285119360807533,0.336078260264954,0.3623071028162558,0.12155375939154808,0.24089012605119722,0.31564694527508846,0.5618246570551069,0.35087310255802273,0.8767914876654093,0.0,0.0,0.6634971332151967,0.0,,,,0.9999999999988642,,,,,,,,0.23469387755102042,,0.0,0.0,0.0,0.0,0.0,0.5059373990551468,0.4873319040848478,0.5045823915505003,0.48718368444112425,0.5050340607187158,0.7106574848115763,0.48723309098903217,0.8024696184124381,0.0,0.0,0.6634971332151967,0.0,,,,0.9999999999988642,,,,,,,,0.23469387755102042,,0.44285426920710075,0.0025000000000000005,0.17200928266553367,2,0.3160892426967621,0.4790472090244293,550,5000,0.3156469762325287,5000,5000,8,outer,64,0.0,f8f8691f9a3b,0.0
algebra,regime_independent,independent,latent,identity,0.1,0,13324,11336,48,True,202,66,266,332,1,6.3125,0,0.0031365703191879937,0.0440899905866792,0.0032086171654105446,0.04473589603531934,0.003184601550003028,0.056432274010560904,0.044520594219105966,0.99837784653902,0.002623847488090582,0.04092663044330608,0.0023837694126704625,0.0394178308605667,0.0028072763631515683,0.04206385612349617,0.0024966055560520367,0.04996604403044168,0.04012547732704557,0.9987236696298145,0.011780455708503723,8.415728934669603e-18,0.0,0.0,,,,,,,,,,,,0.0,,0.0,0.0,0.0,0.0,0.0,0.003115638043613787,0.044022041224105773,0.0031582290567135655,0.0443929001311529,0.003144032052346973,0.05607166889211496,0.04426928049547053,0.9983985115892624,0.011769206263124943,1.5246604961978227e-16,0.0,0.0,,,,,,,,,,,,0.0,,0.0024053618874534627,0.0025000000000000005,0.0,2,0.0025062118656933308,0.0034019863232970238,4640,5000,0.0024966055061668158,5000,5000,8,outer,64,0.0,eeb43ca93b2e,-0.002704525244546341
algebra,regime_independent,independent,latent,identity,0.1,1,13324,11336,48,True,202,60,242,302,2,6.3125,0,0.00311643749904231,0.045175133392893224,0.003046792947146534,0.043775910003570874,0.003070007797778459,0.055407651076168705,0.044242317800011664,0.9985249333940207,0.0024404422494381114,0.03954927964312737,0.0024310376802089578,0.03945498066391415,0.0024755348902797273,0.04018651610415554,0.002438123567416149,0.04937735885419702,0.03955328911462538,0.9986636386741663,0.0038746227510273457,3.6520445906328574e-18,0.0,0.0,,,,,,,,,,,,0.0,,0.0,0.0,0.0,0.0,0.0,0.0034163443854513054,0.046932241046716956,0.003371759951107928,0.0461787608930094,0.0033866214292223866,0.05819468557542335,0.04642992094424525,0.9983728079840857,0.003857258940115571,8.556522486464417e-16,0.0,0.0,,,,,,,,,,,,0.0,,0.002589184676786834,0.0025000000000000005,0.0,2,0.002481036586686969,0.002672342350706458,4810,5000,0.002438123570755124,5000,5000,8,outer,64,0.0,eeb43ca93b2e,-4.214476875330497e-05
algebra,regime_independent,independent,latent,identity,0.1,2,13324,11336,48,True,202,74,294,368,1,6.3125,0,0.003191664698763678,0.04530299037772123,0.003257739739841355,0.04533106706347657,0.0032357147261487963,0.05688334313442553,0.04532170816822479,0.9982587567797209,0.0022018069563890597,0.037424350207871916,0.002383608786700676,0.03841476116794281,0.0022832785951444525,0.03819054467122737,0.002319213112099863,0.048158209187010505,0.03809474195939936,0.998771781183132,0.007766299415379763,2.120140407636459e-15,0.0,0.0,,,,,,,,,,,,0.0,,0.0,0.0,0.0,0.0,0.0,0.005536024991989644,0.05985688254002673,0.005565195215694016,0.06119654120828087,0.005555471807792559,0.07453503745080269,0.06074998831886283,0.9970104201267816,0.007657607551664114,5.006916571547392e-16,0.0,0.0,,,,,,,,,,,,0.0,,0.0026018928702676316,0.0025000000000000005,0.0,2,0.002319642808288336,0.0031695507932454348,4870,5000,0.0023192132357507944,5000,5000,8,outer,64,0.0,eeb43ca93b2e,0.002677998747078636
unconstrained,regime_symmetric,symmetric,latent,identity,0.1,0,13396,11408,76,True,202,66,266,332,1,6.3125,0,0.4107001224467281,0.4007242075747348,0.42202977209974757,0.40631044821875933,0.4182532222154078,0.6467249973639552,0.4044483680040844,0.833752223700544,0.022973621932058402,0.11346420922968956,0.0213597203680748,0.1110894308243732,0.040596739705110754,0.14857894438772473,0.023683865671798664,0.1538956324000089,0.11538649665411709,0.9908946774349434,0.4342595934867859,0.014838597737252712,0.6749444343461529,0.0,0.30274972071786765,0.30274972071786765,0.28656116653728875,0.9633904174211106,,,,0.6560325279537101,0.37146873438409933,0.6020017202283212,0.3221793876283897,0.23684210526315788,0.2692307692307692,0.0,0.0,0.0,0.0,0.027767624706029892,0.404479262241057,0.39573289017355234,0.41523558571802044,0.402429670689852,0.41165014455903265,0.6415996762460473,0.40019741051775226,0.8363768226726462,0.42929384112358093,0.01476062647998333,0.6749444343461529,0.0,0.300382449124259,0.300382449124259,0.2904165225444362,0.964774309729298,,,,0.6486042692939245,0.3683319071681353,0.6004378762999453,0.31766261071193813,0.23684210526315788,0.2692307692307692,0.4596887003196675,0.0025000000000000005,0.18063182505145975,2,0.03007853403687477,0.4631969928741455,3520,5000,0.023683864623308182,5000,5000,8,outer,64,0.0,017d6b7788f8,0.15857983671306408
unconstrained,regime_symmetric,symmetric,latent,identity,0.1,2,13396,11408,76,True,202,74,294,368,1,6.3125,0,0.5380940853205352,0.47066064007246455,0.5587863035783689,0.48063749871023376,0.5518888974924242,0.7428922516034369,0.4773118791643107,0.7841436192234679,0.02401476195241698,0.11758204953190463,0.023053765377964688,0.1144600602091893,0.04436985084294417,0.1541407630328741,0.025379662061245364,0.1593099559388721,0.11919171218516589,0.9900933924660811,0.4958415925502777,0.02202554978430271,0.6634971332151967,0.0,0.22556983045157608,0.22556983045157608,0.30566215263799745,1.086444733914376,,,,0.5797745571658616,0.31236138929956647,0.5594202898550725,0.27150811564774857,0.23469387755102042,0.27586206896551724,0.0,0.0,0.0,0.0,0.04097294807434082,0.5451479634710812,0.4713097874804038,0.5657957805634168,0.481056974311754,0.5589131748659716,0.7476049590966954,0.47780791203463724,0.7813962635540321,0.5021451711654663,0.021936124190688133,0.6634971332151967,0.0,0.22308763537331905,0.22308763537331905,0.3019163863844838,1.0946175064685564,,,,0.5793880837359098,0.3133810634076499,0.5594202898550724,0.2728962658350472,0.23469387755102042,0.27586206896551724,0.44285426920710075,0.0025000000000000005,0.17200928266553367,2,0.029731523245573044,0.5286076664924622,3450,5000,0.025379665195941925,5000,5000,8,outer,64,0.0,017d6b7788f8,-0.10508923585400276
unconstrained,regime_symmetric,symmetric,latent,identity,0.1,1,13396,11408,76,True,202,60,242,302,2,6.3125,0,0.6003780756738738,0.42558133110033763,0.6096884882308418,0.43057717219539204,0.6065850173785191,0.7788356806018322,0.4289118918303739,0.754588400911623,0.026824470590368726,0.12142163255614795,0.024800083316169536,0.11841220346040793,0.04109055976279736,0.1480588540422127,0.02696652618478508,0.16421487808595506,0.12215144273589298,0.987592646366677,0.36364996433258057,0.020023288205266,0.7236853112125092,0.0,0.03836920448919164,0.03836920448919164,0.22806356875261696,1.1066706441222114,,,,0.6347432827879754,0.3802372892439231,0.6097366320830008,0.3500160511872673,0.2603305785123967,0.20833333333333334,0.0,0.0,0.0,0.0,0.03628922626376152,0.6424204291830974,0.43103367715912255,0.6510665312088836,0.4360944450223005,0.6481844972002883,0.805099060489011,0.4344075224012412,0.737758122266718,0.4053349196910858,0.020232006907463074,0.7236853112125092,0.0,0.04395772626846098,0.04395772626846098,0.22988635675672014,1.1540947082212534,,,,0.6303981555378203,0.3833124630683223,0.6213531967721911,0.34692401454929744,0.2603305785123967,0.2916666666666667,0.5270846839543126,0.0025000000000000005,0.20940897819943768,2,0.03394449129700661,0.1754787713289261,1710,5000,0.026966527104377747,5000,5000,8,outer,64,0.0,017d6b7788f8,-0.15128252825709976
shared_pair,regime_symmetric,symmetric,latent,identity,0.1,1,13396,11408,76,True,202,60,242,302,2,6.3125,0,0.6012012218238467,0.4332333273187577,0.6170728168699864,0.4416467159957108,0.6117822851879399,0.7821651265480581,0.43884225310339314,0.7524856951614667,0.015731166399829178,0.09453515248351294,0.013275326220310385,0.08898422049933682,0.027270138132831925,0.12351246515263796,0.015352561561600198,0.12390545412369948,0.09395600545249332,0.9929362551495562,0.4818040132522583,0.01668422296643257,0.7236853112125092,0.0,0.20232927292415143,0.20232927292415143,0.2269945779942008,1.088056608469428,,,,0.593863616209985,0.34099762080142837,0.5552008512902368,0.296296825224768,0.2603305785123967,0.25,0.0,0.0,0.0,0.0,0.5237680077552795,0.6052447507924636,0.43483540694196343,0.6206126100343264,0.4436745320284203,0.6154899902870389,0.7845317012632689,0.44072815699960133,0.7509856352997009,0.4817419648170471,0.015168591402471066,0.7236853112125092,0.0,0.19619023321351292,0.19619023321351292,0.2052947006423682,1.0880468531617837,,,,0.606455617628802,0.3433656726371928,0.5744435576837811,0.3256834842537339,0.2603305785123967,0.2916666666666667,0.5270846839543126,0.0025000000000000005,0.20940897819943768,2,0.017325278371572495,0.2020547091960907,4160,5000,0.015352562069892883,5000,5000,8,outer,64,0.0,41804a8e0c8e,-0.16114680688619987
shared_pair,regime_symmetric,symmetric,latent,identity,0.1,0,13396,11408,76,True,202,66,266,332,1,6.3125,0,0.4405547881084797,0.39574944133442547,0.44611510909906943,0.39691979863707466,0.4442616687688729,0.6665295708135333,0.39652967953619156,0.8234143561723174,0.015229192000030863,0.09122389752290298,0.013601689332947503,0.08824365116221795,0.02905530476057204,0.12785802962827422,0.015568535491333786,0.12477393754840706,0.09292623323189851,0.9940146368216013,0.41792574524879456,0.015591416507959366,0.6749444343461529,0.0,0.2291888060700196,0.2291888060700196,0.19205385734848038,1.0154626492160672,,,,0.6465712721870358,0.3498556340751222,0.6241301118148408,0.3801678738475103,0.23684210526315788,0.19230769230769232,0.0,0.0,0.0,0.0,0.5789949893951416,0.4405547881084797,0.39574944133442547,0.44611510909906943,0.39691979863707466,0.4442616687688729,0.6665295708135333,0.39652967953619156,0.8234143561723174,0.41792574524879456,0.015591416507959366,0.6749444343461529,0.0,0.2291888060700196,0.2291888060700196,0.19205385734848038,1.0154626492160672,,,,0.6465712721870358,0.3498556340751222,0.6241301118148408,0.3801678738475103,0.23684210526315788,0.19230769230769232,0.4596887003196675,0.0025000000000000005,0.18063182505145975,2,0.01783437468111515,0.5431395769119263,4999,5000,0.015568536706268787,5000,5000,8,outer,64,0.0,41804a8e0c8e,0.10625739140124879
shared_pair,regime_symmetric,symmetric,latent,identity,0.1,2,13396,11408,76,True,202,74,294,368,1,6.3125,0,0.5610138242774169,0.4825669177970458,0.5725681776748289,0.49055392508745943,0.5687167265423583,0.7541330960396568,0.4878915893239882,0.777561870086007,0.01657413156437036,0.10047780482291346,0.015809002362907876,0.09963334651856173,0.03990948210473609,0.14508925911065915,0.018341818485553288,0.13543196995374943,0.10423000171762634,0.9928405194381127,0.5104016065597534,0.019020618870854378,0.6634971332151967,0.0,0.19454244762956316,0.19454244762956316,0.2785248558843912,1.1145496258838647,,,,0.5735265700483092,0.29431578390362423,0.5589049919484702,0.2911656663281592,0.23469387755102042,0.20689655172413793,0.0,0.0,0.0,0.0,0.5828650593757629,0.5647088446479841,0.47914424177459136,0.5762123071059922,0.48525822099446675,0.5723778196199896,0.7565565541451541,0.48322022792117497,0.7761299327793966,0.5005765557289124,0.018956899642944336,0.6634971332151967,0.0,0.19427288185893346,0.19427288185893346,0.27821661434863765,1.1166672070029169,,,,0.5721095008051529,0.29201230114600385,0.5590338164251207,0.2907322152611679,0.23469387755102042,0.20689655172413793,0.44285426920710075,0.0025000000000000005,0.17200928266553367,2,0.018618334084749222,0.46673837304115295,4990,5000,0.01834181882441044,5000,5000,8,outer,64,0.0,41804a8e0c8e,-0.1387848815362549
additive,regime_antisymmetric,antisymmetric,latent,identity,0.1,1,1988,0,48,True,202,60,242,302,2,6.3125,0,0.0031227202627387833,0.04527883171536651,0.45303704673654105,0.31212706644734506,0.303065604578607,0.5505139458529702,0.2231776548700189,0.8727287658068672,0.002445938077269227,0.03958127012433341,0.5121770078445559,0.2864523421904419,0.0024828849418640367,0.04030335986628257,0.309809694473266,0.5566055106386084,0.1885098176738746,0.8546732210077078,0.0,0.0,0.0,0.6716918191595322,,,,,,,0.9999999999988918,,,,,0.2603305785123967,,0.0,0.0,0.0,0.0,0.0,0.003139218499536815,0.04525763448357153,0.4530504990003066,0.312253783436097,0.3030800721667167,0.5505270857702795,0.22325506711858845,0.8727226901989239,0.0,0.0,0.0,0.6716918191595322,,,,,,,0.9999999999988918,,,,,0.2603305785123967,,0.30257963439118124,0.0025000000000000005,0.1264330529684223,2,0.3098604679107666,0.08471719920635223,4180,5000,0.30980968475341797,5000,5000,8,outer,64,0.0,2eda9c0b0b57,0.0
additive,regime_antisymmetric,antisymmetric,latent,identity,0.1,0,1988,0,48,True,202,66,266,332,1,6.3125,0,0.0031381343180698464,0.0441467048103157,0.34146922578648975,0.266680939343188,0.22869219529701643,0.4782177279200515,0.1925028611655639,0.8955137860508122,0.0025805567781403047,0.040485932723549466,0.48458153505926066,0.31123474349056035,0.0028537164457995224,0.04237791720791115,0.2932460455009803,0.5415219713926485,0.2039241514651488,0.8694848164437886,0.0,0.0,0.0,0.5842553322044434,,,,,,,0.9999999999985353,,,,,0.23684210526315788,,0.0,0.0,0.0,0.0,0.0,0.0032288783242819504,0.04486431053496238,0.34151236190247897,0.26693049074915187,0.22875120070974658,0.4782794169831549,0.1929084306777554,0.8954868273162971,0.0,0.0,0.0,0.5842553322044434,,,,,,,0.9999999999985353,,,,,0.23684210526315788,,0.22794240957039105,0.0025000000000000005,0.10398690483187885,2,0.2932508885860443,0.483249306678772,4870,5000,0.2932460606098175,5000,5000,8,outer,64,0.0,2eda9c0b0b57,0.0
additive,regime_antisymmetric,antisymmetric,latent,identity,0.1,2,1988,0,48,True,202,74,294,368,1,6.3125,0,0.0031905389484762755,0.04525522150489676,0.48552989946822456,0.30592352666337486,0.3247501126283085,0.5698685046818331,0.2190340916105488,0.8510181098768822,0.0021930846090472264,0.03736842500858642,0.5420622700390635,0.3404874655500723,0.002303571871115455,0.03849631927259445,0.3277366996814337,0.5724829252313415,0.2202524214438951,0.8519505331615747,0.0,0.0,0.0,0.6956231010395416,,,,,,,0.9999999999989667,,,,,0.23469387755102042,,0.0,0.0,0.0,0.0,0.0,0.00318989999529872,0.04523240399429696,0.4855263902717829,0.30593097025229454,0.32474756017962153,0.5698662651707166,0.21903144816629533,0.8510192808345356,0.0,0.0,0.0,0.6956231010395416,,,,,,,0.9999999999989667,,,,,0.23469387755102042,,0.3241193537059187,0.0025000000000000005,0.1482200660466993,2,0.32774052023887634,0.22942624986171722,4890,5000,0.3277367055416107,5000,5000,8,outer,64,0.0,2eda9c0b0b57,0.0
algebra,regime_symmetric,symmetric,latent,identity,0.1,0,13324,11336,48,True,202,66,266,332,1,6.3125,0,0.5290479867330968,0.4342251628303194,0.5304048917680609,0.43227961903460543,0.5299525900897394,0.7279784269397956,0.4329281336331767,0.7893538292905693,0.025978992575688063,0.12175507073551342,0.024404956030136996,0.11933963021567488,0.03782275443061538,0.1496098082458031,0.026161216447796603,0.1617442934010242,0.12295934719916082,0.989942253610436,0.47437480092048645,2.2770165844439453e-22,0.6749444343461529,0.0,0.1633086083288465,0.1633086083288465,0.21724190697222173,1.115152039274709,,,,0.6709672374697006,0.3554924681239531,,,0.23684210526315788,0.23076923076923078,0.0,0.0,0.0,0.0,0.0,0.5549227629628258,0.43752782744264485,0.5562262162201359,0.43578122417815424,0.5557917318010326,0.7455144075073483,0.4363634252663177,0.7790832572475482,0.47414472699165344,1.455035060265921e-14,0.6749444343461529,0.0,0.1462914041948256,0.1462914041948256,0.19683308334435837,1.1381878704480917,,,,0.6381265149738056,0.3365911402875581,,,0.23684210526315788,0.2692307692307692,0.4596887003196675,0.0025000000000000005,0.18063182505145975,2,0.026468032971024513,0.5432060956954956,2310,5000,0.02616121619939804,5000,5000,8,outer,64,0.0,31f9f2a4431d,-0.06613116457472312
algebra,regime_symmetric,symmetric,latent,identity,0.1,1,13324,11336,48,True,202,60,242,302,2,6.3125,0,0.6003794031031854,0.4393355371407666,0.6001163275716863,0.4385285355243129,0.6002040194155194,0.7747283520147688,0.4387975360631308,0.7571700191003595,0.03040214438202734,0.13551219004414367,0.03080352192220368,0.1349928300367569,0.04123207415941903,0.1487221645591608,0.03167866980289944,0.17798502690647727,0.1364608720232136,0.9854245794884916,0.3787565529346466,0.0,0.7236853112125092,0.0,0.08556151302174288,0.08556151302174288,0.22425055280581496,1.0922569790299306,,,,0.6521237917885963,0.4310730589290981,,,0.2603305785123967,0.375,0.0,0.0,0.0,0.0,0.0,0.6452261050031443,0.4394346250906606,0.6445230825674868,0.4405464748662747,0.6447574233793725,0.8029678844009719,0.4401758582744033,0.7391446445883862,0.45975542068481445,3.313364190763064e-14,0.7236853112125092,0.0,0.0815987258207281,0.0815987258207281,0.23053473669593375,1.1582229084517346,,,,0.6141704353994857,0.37515052391994563,,,0.2603305785123967,0.2916666666666667,0.5270846839543126,0.0025000000000000005,0.20940897819943768,2,0.036237142980098724,0.19135117530822754,830,5000,0.03167866915464401,5000,5000,8,outer,64,0.0,31f9f2a4431d,-0.13917156069744197
algebra,regime_symmetric,symmetric,latent,identity,0.1,2,13324,11336,48,True,202,74,294,368,1,6.3125,0,0.5836600603564255,0.5030809035329459,0.5832750098579829,0.5032363417045034,0.5834033600241305,0.7638084576804125,0.5031845289806509,0.7718175915481147,0.022752397313349153,0.11721131497934248,0.021754121664965705,0.11415392095208539,0.05407836070304641,0.16615265683002922,0.02514278282826514,0.15856475909944537,0.12004274586207696,0.9901858550681601,0.5441049337387085,8.67518015567172e-15,0.6634971332151967,0.0,0.18772836384202798,0.18772836384202798,0.2147389273289,1.1427250478561488,,,,0.5688244766505636,0.2812933110765288,,,0.23469387755102042,0.27586206896551724,0.0,0.0,0.0,0.0,0.0,0.591670471126655,0.5059707495134064,0.5913146952978664,0.5057923771417603,0.5914332872407959,0.769046999370517,0.5058518345989755,0.7686769032052908,0.5447805523872375,3.436929448098389e-18,0.6634971332151967,0.0,0.18807153744407265,0.18807153744407265,0.21233096003484986,1.1477299721943386,,,,0.5632850241545894,0.27701449806050205,,,0.23469387755102042,0.3103448275862069,0.44285426920710075,0.0025000000000000005,0.17200928266553367,2,0.025196610018610954,0.5133845806121826,4090,5000,0.025142783299088478,5000,5000,8,outer,64,0.0,31f9f2a4431d,-0.16819304800849721
unconstrained,regime_antisymmetric,antisymmetric,latent,identity,0.1,0,13396,11408,76,True,202,66,266,332,1,6.3125,0,0.010413997746937874,0.07749588228876328,0.425029617501313,0.3860366679633688,0.2868244109165213,0.5355599041344686,0.2831897394051669,0.8689540028860601,0.0064236716902165035,0.06182956290287407,0.04903176037691218,0.151723140438554,0.006059916551020429,0.06127852546883834,0.03208096646710681,0.17911160338489188,0.1159814120500926,0.9857217060848614,0.016038784757256508,0.46860256791114807,0.0,0.5842553322044434,,,,,0.28354144079620275,0.3798366490744563,1.1019059478758833,0.566189694268512,0.28963198814907,0.630229103135507,0.3133744880529266,0.23684210526315788,,0.0,0.0,0.0,0.0,0.015395324677228928,0.006466768768723186,0.06111254213384227,0.4890629340920726,0.40845794637316596,0.3281975456509561,0.5728852814054103,0.29267614496005806,0.8500512056043413,0.012161077000200748,0.5210046172142029,0.0,0.5842553322044434,,,,,0.2467567381456502,0.31880751273987384,1.1906719754407273,0.5806552506059895,0.28425826472036353,0.6443818906873094,0.31796231068332914,0.23684210526315788,,0.22794240957039105,0.0025000000000000005,0.10398690483187885,2,0.035589754581451416,0.3852722942829132,1000,5000,0.03208096697926521,5000,5000,8,outer,64,0.0,074ee4f789dd,-0.2541941387374633
unconstrained,regime_antisymmetric,antisymmetric,latent,identity,0.1,1,13396,11408,76,True,202,60,242,302,2,6.3125,0,0.01291025154397387,0.0834936806959745,0.6208049217146517,0.45551981861431673,0.4181733649910925,0.6466632547091975,0.3315111059748693,0.8243897048524769,0.008025937814607934,0.06595463522260245,0.0857866463274731,0.19498662969282496,0.008912348587933328,0.06648972694600558,0.05499915651414577,0.23451898966639304,0.14381011527673335,0.9742007741975826,0.026348290964961052,0.5044141411781311,0.0,0.6716918191595322,,,,,0.15900661753643383,0.1701028898312942,1.1602325267512217,0.5457125121929591,0.32281841336031847,0.6198457036445864,0.3241790225320009,0.2603305785123967,,0.0,0.0,0.0,0.0,0.038649048656225204,0.005857266267388608,0.0614540270595669,0.6720678661714982,0.4660422730053963,0.44999766620346165,0.6708186537384464,0.3311795243567865,0.8110252120448422,0.00912901945412159,0.558862030506134,0.0,0.6716918191595322,,,,,0.1218728929603618,0.21510845916730492,1.2149231657635085,0.5321450740445154,0.29939802601255844,0.5827791079187726,0.33270537085947266,0.2603305785123967,,0.30257963439118124,0.0025000000000000005,0.1264330529684223,2,0.0659908801317215,0.15653301775455475,540,5000,0.054999154061079025,5000,5000,8,outer,64,0.0,074ee4f789dd,-0.3798113631948943
unconstrained,regime_antisymmetric,antisymmetric,latent,identity,0.1,2,13396,11408,76,True,202,74,294,368,1,6.3125,0,0.00784545503196162,0.07029797460335756,0.6494309477341965,0.5045001096420728,0.43556911683345156,0.6599766032470027,0.35976606462916777,0.8001789444200239,0.004853335232152708,0.0551583223329913,0.05822603002765615,0.1773132148699667,0.004718791937991296,0.055521180599131185,0.03702342168970056,0.19241471276828226,0.12885056041354506,0.983275300425548,0.011994956061244011,0.6263898015022278,0.0,0.6956231010395416,,,,,0.258748033395087,0.31643431480303125,1.1520770847509472,0.518389694041868,0.26922747405016045,0.556328502415459,0.27281046916642415,0.23469387755102042,,0.0,0.0,0.0,0.0,0.021643882617354393,0.00784545503196162,0.07029797460335756,0.6494309477341965,0.5045001096420728,0.43556911683345156,0.6599766032470027,0.35976606462916777,0.8001789444200239,0.011994956061244011,0.6263898015022278,0.0,0.6956231010395416,,,,,0.258748033395087,0.31643431480303125,1.1520770847509472,0.518389694041868,0.26922747405016045,0.556328502415459,0.27281046916642415,0.23469387755102042,,0.3241193537059187,0.0025000000000000005,0.1482200660466993,2,0.044951245188713074,0.30960413813591003,4999,5000,0.03702342137694359,5000,5000,8,outer,64,0.0,074ee4f789dd,-0.34124392847241447
shared_pair,regime_antisymmetric,antisymmetric,latent,identity,0.1,0,13396,11408,76,True,202,66,266,332,1,6.3125,0,0.008435506882721962,0.07073055263382082,0.4295702394640667,0.38163707898051435,0.28919199527028516,0.5377657438609168,0.2780015701982832,0.8678722872419873,0.005304916947503269,0.05697347398010988,0.044506091089937715,0.14666968739525285,0.005065223143151514,0.05735270217448131,0.02891974373864506,0.1700580599049779,0.11109517670273306,0.9871286732750323,0.017143888399004936,0.48982271552085876,0.0,0.5842553322044434,,,,,0.3067945563889263,0.3687761910606493,1.1125296858407607,0.5485182578778638,0.30061550651011615,0.642583470169677,0.37031746286384326,0.23684210526315788,,0.0,0.0,0.0,0.0,0.014462076127529144,0.008435506882721962,0.07073055263382082,0.4295702394640667,0.38163707898051435,0.28919199527028516,0.5377657438609168,0.2780015701982832,0.8678722872419873,0.017143888399004936,0.48982271552085876,0.0,0.5842553322044434,,,,,0.3067945563889263,0.3687761910606493,1.1125296858407607,0.5485182578778638,0.30061550651011615,0.642583470169677,0.37031746286384326,0.23684210526315788,,0.22794240957039105,0.0025000000000000005,0.10398690483187885,2,0.02992253005504608,0.42949968576431274,4999,5000,0.02891974151134491,5000,5000,8,outer,64,0.0,0cc9527fdc42,-0.2645468503841768
shared_pair,regime_antisymmetric,antisymmetric,latent,identity,0.1,1,13396,11408,76,True,202,60,242,302,2,6.3125,0,0.007140075507514723,0.06676800918641146,0.6020220649258782,0.44806129599953193,0.40372806845309034,0.6353959934191357,0.32096353372849173,0.8304559515360409,0.005422297785811722,0.05734230984047677,0.06280439736258456,0.16709553974411165,0.00511514705635069,0.055679669037839455,0.03999350761018592,0.1999837683668,0.1233630499445062,0.9812396844086053,0.020137256011366844,0.5028045773506165,0.0,0.6716918191595322,,,,,0.16720871608056073,0.2828852251082856,1.149532670487665,0.43672962667376075,0.24318413638080982,0.5975880109958323,0.3165598461689276,0.2603305785123967,,0.0,0.0,0.0,0.0,0.03517642989754677,0.004747831702033707,0.055220195031269584,0.6130727054738712,0.45263815441466687,0.41029774754992543,0.640544883321946,0.32016550128686777,0.827697040084939,0.011044207960367203,0.5537071228027344,0.0,0.6716918191595322,,,,,0.21789245349258865,0.28496499425708527,1.1614012400132694,0.5172474949011262,0.27863068964155246,0.594129644408974,0.3210825380667496,0.2603305785123967,,0.30257963439118124,0.0025000000000000005,0.1264330529684223,2,0.05138278752565384,0.15864728391170502,770,5000,0.03999350592494011,5000,5000,8,outer,64,0.0,0cc9527fdc42,-0.3321474372337565
shared_pair,regime_antisymmetric,antisymmetric,latent,identity,0.1,2,13396,11408,76,True,202,74,294,368,1,6.3125,0,0.009020742450012779,0.07410818073238534,0.7090188847481913,0.5134441634073452,0.4756861706487985,0.6897000584665761,0.3669988358490252,0.7817749030627794,0.005313540646366596,0.05764986309805836,0.061274103975607785,0.180967876690981,0.004717135102784216,0.0533604918731993,0.03899995501983549,0.1974840626983238,0.13159905374455053,0.9823824351895238,0.02213396318256855,0.6341772675514221,0.0,0.6956231010395416,,,,,0.21451219804993685,0.2479343331015521,1.202730481042109,0.5372624798711755,0.2573937117197135,0.5274718196457328,0.2637383516550966,0.23469387755102042,,0.0,0.0,0.0,0.0,0.024332575500011444,0.007205553084168822,0.06729387039465765,0.7167120716594895,0.5167631094571048,0.4802098988010493,0.6929717878824861,0.3669400297696223,0.7796996041042326,0.016288232058286667,0.6369286775588989,0.0,0.6956231010395416,,,,,0.2058486806957477,0.23305173286992822,1.2112656436964282,0.5327536231884058,0.25795162487898626,0.5270853462157811,0.2565117394322375,0.23469387755102042,,0.3241193537059187,0.0025000000000000005,0.1482200660466993,2,0.042676351964473724,0.2868827283382416,1410,5000,0.03899995610117912,5000,5000,8,outer,64,0.0,0cc9527fdc42,-0.4647759989947817
algebra,regime_antisymmetric,antisymmetric,latent,identity,0.1,0,13324,11336,48,True,202,66,266,332,1,6.3125,0,0.005755414922538147,0.06031503375064952,0.49767610230127046,0.4062314006469018,0.3337025398416931,0.5776699229159271,0.2909259450148177,0.8475360519933695,0.004160000235218349,0.05200034107529633,0.04544331133179465,0.14474907795072722,0.003921283635343839,0.05043255360864289,0.029030417877942014,0.1703831502172149,0.10777668629889076,0.9870794154731731,0.011005688458681107,0.5146993398666382,0.0,0.5842553322044434,,,,,0.21721191420501942,0.3017120923997507,1.203475483036915,,,0.6390648213308312,0.3271209008257421,0.23684210526315788,,0.0,0.0,0.0,0.0,0.0,0.005755414922538147,0.06031503375064952,0.49767610230127046,0.4062314006469018,0.3337025398416931,0.5776699229159271,0.2909259450148177,0.8475360519933695,0.011005688458681107,0.5146993398666382,0.0,0.5842553322044434,,,,,0.21721191420501942,0.3017120923997507,1.203475483036915,,,0.6390648213308312,0.3271209008257421,0.23684210526315788,,0.22794240957039105,0.0025000000000000005,0.10398690483187885,2,0.031567156314849854,0.46186041831970215,4999,5000,0.029030418023467064,5000,5000,8,outer,64,0.0,d0bdaf461885,-0.45917764884058854
algebra,regime_antisymmetric,antisymmetric,latent,identity,0.1,1,13324,11336,48,True,202,60,242,302,2,6.3125,0,0.010347216604666608,0.0779896109416369,0.5925679852856185,0.45121550458752674,0.3984943957253012,0.6312641251689353,0.32680687337223013,0.8326538122545306,0.006928321806490068,0.06320906587869933,0.06711725951545292,0.183199344809308,0.006690495983284136,0.05950318667755859,0.04319863521206591,0.20784281371282942,0.1352074187430171,0.979736210247048,0.012105847708880901,0.5045168995857239,0.0,0.6716918191595322,,,,,0.19073517663314699,0.24693792360081815,1.1377743133198763,0.5413673849428039,0.3193956729663056,0.6149685199964529,0.3338423209398339,0.2603305785123967,,0.0,0.0,0.0,0.0,0.0,0.005416347029470054,0.05809251091926517,0.5413302771917939,0.4494756720513684,0.3626923004710193,0.6022394046149914,0.3190146183406673,0.8476887643601917,0.007408134639263153,0.5000906586647034,0.0,0.6716918191595322,,,,,0.23345934357702874,0.27968036964642023,1.0910833149021988,,,0.5649552185865035,0.32114890280896013,0.2603305785123967,,0.30257963439118124,0.0025000000000000005,0.1264330529684223,2,0.045301105827093124,0.16620376706123352,500,5000,0.043198633939027786,5000,5000,8,outer,64,0.0,d0bdaf461885,-0.3148783289987056
algebra,regime_antisymmetric,antisymmetric,latent,identity,0.1,2,13324,11336,48,True,202,74,294,368,1,6.3125,0,0.00539277637639133,0.05864155343538429,0.863226335419615,0.5446457407097648,0.5772818157385404,0.7597906394122926,0.38264434495163796,0.735167032441127,0.003513176033997113,0.04768064755689639,0.06167373235778637,0.18075743639572545,0.003640109741552453,0.04915627481442325,0.038595248440108164,0.1964567342701903,0.1280649204455063,0.9825652544874934,0.012317229993641376,0.6917503476142883,0.0,0.6956231010395416,,,,,0.10482971746018852,0.16068403412733173,1.333008528596902,,,0.5759742351046698,0.28478918383466273,0.23469387755102042,,0.0,0.0,0.0,0.0,0.0,0.00539277637639133,0.05864155343538429,0.863226335419615,0.5446457407097648,0.5772818157385404,0.7597906394122926,0.38264434495163796,0.735167032441127,0.012317229993641376,0.6917503476142883,0.0,0.6956231010395416,,,,,0.10482971746018852,0.16068403412733173,1.333008528596902,,,0.5759742351046698,0.28478918383466273,0.23469387755102042,,0.3241193537059187,0.0025000000000000005,0.1482200660466993,2,0.04740458354353905,0.35528311133384705,4999,5000,0.03859524428844452,5000,5000,8,outer,64,0.0,d0bdaf461885,-0.7776185235669684
additive,misspec_0.3,both,latent,identity,0.1,1,1988,0,48,True,202,60,242,302,2,6.3125,0,0.6107403205539873,0.49485204888832346,0.9880485593610725,0.6007245029049465,0.8622791464253774,0.9285898698701044,0.5654336848994055,0.691507337102633,0.412168065271464,0.3528486061451981,0.8298152830795369,0.4675300266741211,0.13543167630163067,0.23509151899432826,0.6375685833317507,0.7984789185268142,0.4107513528855402,0.746710618829012,0.0,0.0,0.7236853112125092,0.6716918191595322,,,,0.9999999999990453,,,0.9999999999988918,,,,,0.2603305785123967,,0.0,0.0,0.0,0.0,0.0,0.6121040038325041,0.4947737497469264,0.9881996530789332,0.6005765703046557,0.8628344366634567,0.9288888182465417,0.5653089634520793,0.6913086741001283,0.0,0.0,0.7236853112125092,0.6716918191595322,,,,0.9999999999990453,,,0.9999999999988918,,,,,0.2603305785123967,,0.8590391082157544,0.0025000000000000005,0.3045387150852265,2,0.6383901834487915,0.4766843914985657,4990,5000,0.6375685334205627,5000,5000,8,outer,64,0.3,071a1633e073,0.0
additive,misspec_0.3,both,latent,identity,0.1,2,1988,0,48,True,202,74,294,368,1,6.3125,0,0.535685186736011,0.49298377564997586,0.9866291105132489,0.6106061188436985,0.8363144692541693,0.9145023068610431,0.5713986711124576,0.7077531066713507,0.37445186721876117,0.37325965267627437,0.8767846923081531,0.530949348848546,0.12218752829537449,0.24026131979628812,0.6532541711665487,0.8082414064909993,0.455639867525944,0.774363736564496,0.0,0.0,0.6634971332151967,0.6956231010395416,,,,0.9999999999988642,,,0.9999999999989667,,,,,0.23469387755102042,,0.0,0.0,0.0,0.0,0.0,0.5549440054497893,0.49747511621203416,1.0047128307831756,0.6126157476197466,0.8547898890053803,0.9245484784506328,0.5742355371505091,0.7012969418867698,0.0,0.0,0.6634971332151967,0.6956231010395416,,,,0.9999999999988642,,,0.9999999999989667,,,,,0.23469387755102042,,0.7719694947770736,0.0025000000000000005,0.2690346561113594,2,0.6545289158821106,0.7230384349822998,530,5000,0.6532541513442993,5000,5000,8,outer,64,0.3,071a1633e073,0.0
additive,misspec_0.3,both,latent,identity,0.1,0,1988,0,48,True,202,66,266,332,1,6.3125,0,0.4636846246076573,0.4389263589908121,0.8340267803770194,0.5530426454804744,0.7105793951205651,0.8429587149561746,0.5150038833172537,0.7371314632193893,0.2948648451009147,0.3450219864975948,0.7934042409789583,0.5051206740701172,0.11905295015805717,0.22227967460421977,0.5786826878746262,0.7607119611749418,0.4298344668231516,0.7970769201077426,0.0,0.0,0.6749444343461529,0.5842553322044434,,,,0.9999999999989024,,,0.9999999999985353,,,,,0.23684210526315788,,0.0,0.0,0.0,0.0,0.0,0.46590009377904706,0.44133656804740823,0.835433850188357,0.5548994589603586,0.7122559313852537,0.8439525646535199,0.5170451619893751,0.7365112529546609,0.0,0.0,0.6749444343461529,0.5842553322044434,,,,0.9999999999989024,,,0.9999999999985353,,,,,0.23684210526315788,,0.6815428349123204,0.0025000000000000005,0.25105102738535434,2,0.5788411498069763,1.0550904273986816,590,5000,0.5786827206611633,5000,5000,8,outer,64,0.3,071a1633e073,0.0
unconstrained,misspec_0.3,both,latent,identity,0.1,1,13396,11408,76,True,202,60,242,302,2,6.3125,0,0.7088696504976516,0.470968687314433,1.4071842570751472,0.6602683834297011,1.1744127215493154,1.0837032442275494,0.5971684847246117,0.5798370987942638,0.057996089570025264,0.17159539812516658,0.09343234928471365,0.2244578388218084,0.03675106397195288,0.14410959465378537,0.07733424969906627,0.27809036247066576,0.20084515128826344,0.9692771181615659,0.4014957845211029,0.621103048324585,0.7236853112125092,0.6716918191595322,0.07619201500030803,0.07619201500030803,0.2575948088962046,1.1165415300722756,0.0706781416212779,0.2327504052639222,1.3087976943873163,0.6250775915580385,0.32349047977882844,0.5591912742750732,0.31428601349974034,0.2603305785123967,0.20833333333333334,0.0,0.0,0.0,0.0,0.42527076601982117,0.6688704270212082,0.4652702507491504,1.1841884434348644,0.6218740610808968,1.012415771296979,1.0061887354254067,0.5696727909703146,0.6377938182299234,0.4487350285053253,0.5581120848655701,0.7236853112125092,0.6716918191595322,0.12347964483691036,0.12347964483691036,0.2913573473110755,1.1186631517538714,0.21557498949836906,0.37351108638673086,1.1515158857674606,0.6447636782832313,0.3493199772301652,0.5920900948833909,0.32625740161600003,0.2603305785123967,0.25,0.8590391082157544,0.0025000000000000005,0.3045387150852265,2,0.08229602128267288,0.4475586414337158,1390,5000,0.07733425498008728,5000,5000,8,outer,64,0.3,f3f8aa4d540d,-0.36198669122163496
unconstrained,misspec_0.3,both,latent,identity,0.1,2,13396,11408,76,True,202,74,294,368,1,6.3125,0,0.6430983457670583,0.5184219810864185,1.3830086774946655,0.7485859785555072,1.1363719002521298,1.0660074578782879,0.6718646460658109,0.6028991847877166,0.054081935641992034,0.17860789886517445,0.12019160024977457,0.2600381664638052,0.060754439763915924,0.1831937365370365,0.09458245021713722,0.30754259902839026,0.22814718501569084,0.9673308926363848,0.5378860235214233,0.5730927586555481,0.6634971332151967,0.6956231010395416,0.1821532826031253,0.1821532826031253,0.19195915770137523,1.149380804299335,0.09113554372032572,0.10309752639414071,1.2254876210390995,0.5454428341384863,0.2708755163976261,0.5040901771336554,0.23934278942059345,0.23469387755102042,0.2413793103448276,0.0,0.0,0.0,0.0,0.36814984679222107,0.5475481967904816,0.4671558047176947,1.3066653390066998,0.7173421310532774,1.0536262916012937,1.0264630006002622,0.6339466889414164,0.6318143213228538,0.5140367746353149,0.6492480635643005,0.6634971332151967,0.6956231010395416,0.28544689585066996,0.28544689585066996,0.32893244068032723,1.0661539063178977,0.2163044952169889,0.2901234028637776,1.2153038452938691,0.5778421900161032,0.28921579454398716,0.5440257648953302,0.2755036036018058,0.23469387755102042,0.3103448275862069,0.7719694947770736,0.0025000000000000005,0.2690346561113594,2,0.09695505350828171,0.8083521127700806,1200,5000,0.0945824533700943,5000,5000,8,outer,64,0.3,f3f8aa4d540d,-0.35878541150382537
unconstrained,misspec_0.3,both,latent,identity,0.1,0,13396,11408,76,True,202,66,266,332,1,6.3125,0,0.38475760027223227,0.39162822882886533,0.8686334929604054,0.5651062755814169,0.7073415287310142,0.8410359853959961,0.507280259997233,0.7383292649090485,0.045170006837355975,0.15115927939249443,0.07018909567682018,0.19470769500927632,0.038853288395957586,0.14777679626625906,0.05965275595809334,0.2442391368271951,0.17709522116727178,0.979081936928965,0.4117075502872467,0.5252648591995239,0.6749444343461529,0.5842553322044434,0.3715850992205784,0.3715850992205784,0.41936683982587386,0.9362058954264855,0.2659561505173028,0.40974829484140707,1.1523841987530732,0.6539995308468215,0.3613475230974639,0.6323402924388145,0.3387964808773401,0.23684210526315788,0.15384615384615385,0.0,0.0,0.0,0.0,0.24678169190883636,0.39270025277048276,0.3953870967665391,0.8925598839091248,0.5708180236386945,0.7259400068629107,0.8520211305260631,0.5123410480146426,0.7314490277864278,0.42019301652908325,0.534218966960907,0.6749444343461529,0.5842553322044434,0.368207087331582,0.368207087331582,0.40632012509543947,0.9408943933687173,0.2623866117582704,0.3984656362126431,1.1630693931431,0.6598639455782312,0.36685751606679756,0.6364844788490108,0.3454033875111926,0.23684210526315788,0.19230769230769232,0.6815428349123204,0.0025000000000000005,0.25105102738535434,2,0.06859640032052994,0.7765123844146729,2590,5000,0.05965275689959526,5000,5000,8,outer,64,0.3,f3f8aa4d540d,0.0045566567392536506
shared_pair,misspec_0.3,both,latent,identity,0.1,1,13396,11408,76,True,202,60,242,302,2,6.3125,0,0.6539867931946626,0.4707486423041219,1.1134231595563597,0.6221237772539654,0.9602777041024607,0.979937602147433,0.5716653989373509,0.6564469553883908,0.03660671352156806,0.13936778452420215,0.06905444466526607,0.1914689630407972,0.03404815545498874,0.13944175886171373,0.055927811530214214,0.2364906161567816,0.17079108374555307,0.9777813381288197,0.5024594068527222,0.5046604871749878,0.7236853112125092,0.6716918191595322,0.22716612703684527,0.22716612703684527,0.29390154531610585,1.0765223702071303,0.24153215480814894,0.41834709897076305,1.0979337498861952,0.5992728562560965,0.3055025999193643,0.5790547131329254,0.3071349959565073,0.2603305785123967,0.16666666666666666,0.0,0.0,0.0,0.0,0.5895999670028687,0.6223126792750541,0.46565680666915876,1.1127556676451942,0.6306009495486468,0.9492746715218142,0.9743072777731953,0.5756195685888175,0.6603834472249632,0.5224906802177429,0.539774477481842,0.7236853112125092,0.6716918191595322,0.3020596548336761,0.3020596548336761,0.33743042563613423,1.0439144176981638,0.23272970580327892,0.4127371201431306,1.1291330338784564,0.6268511128846324,0.32035074617582093,0.567172120244746,0.320519522920772,0.2603305785123967,0.16666666666666666,0.8590391082157544,0.0025000000000000005,0.3045387150852265,2,0.05726481229066849,0.47416919469833374,1270,5000,0.055927813053131104,5000,5000,8,outer,64,0.3,28b23077aecd,-0.11365061776495633
shared_pair,misspec_0.3,both,latent,identity,0.1,0,13396,11408,76,True,202,66,266,332,1,6.3125,0,0.4092420908108649,0.4063709112728887,0.8824597894061231,0.5753920729345584,0.7247205565410371,0.8513052076318088,0.5190516857140018,0.7319001457388885,0.036350754877571834,0.13839150310150358,0.0598954554143158,0.1806208919870866,0.0333469967445838,0.13317604335941421,0.050260931737770825,0.22418949961532728,0.16335700114073018,0.9823753098542796,0.40992140769958496,0.48093342781066895,0.6749444343461529,0.5842553322044434,0.301499627019244,0.301499627019244,0.2452642099206039,0.9683482838681197,0.30518481553968324,0.31390650677998794,1.0872917353014326,0.6747204628978027,0.3942835931877256,0.6432871999374463,0.33646412934166536,0.23684210526315788,0.3076923076923077,0.0,0.0,0.0,0.0,0.45068076252937317,0.40635229070534656,0.40479856432527656,0.8766972119059873,0.5737303685102904,0.7199155715057738,0.8484783859980016,0.5174197671152858,0.7336776802327758,0.410621702671051,0.48072272539138794,0.6749444343461529,0.5842553322044434,0.3014029256992171,0.3014029256992171,0.24529417671802994,0.9665169615275616,0.30534748052084926,0.3138052891397457,1.0869394868349627,0.6756587692548284,0.39403199240518627,0.6430526233481897,0.33561517996898405,0.23684210526315788,0.3076923076923077,0.6815428349123204,0.0025000000000000005,0.25105102738535434,2,0.05547952651977539,1.041971206665039,4960,5000,0.05026093125343323,5000,5000,8,outer,64,0.3,28b23077aecd,-0.01990088865167916
shared_pair,misspec_0.3,both,latent,identity,0.1,2,13396,11408,76,True,202,74,294,368,1,6.3125,0,0.6276483017700902,0.5096237353255186,1.3681521882387013,0.7385217647106906,1.1213175594158311,1.0589228297736484,0.6622224215822999,0.6081598666272194,0.034477994373974724,0.13795897123417072,0.0945108000696489,0.22912082759342894,0.0535459910254145,0.16419274565042036,0.07249830077210086,0.26925508495124256,0.19543412277414127,0.9749588346869207,0.5905067920684814,0.6637760400772095,0.6634971332151967,0.6956231010395416,0.22385235323365743,0.22385235323365743,0.263843067162655,1.1709628959070058,0.24383715199575395,0.33981888005968863,1.2098652825705591,0.5741062801932366,0.2845715486520882,0.5361030595813204,0.280403075408996,0.23469387755102042,0.20689655172413793,0.0,0.0,0.0,0.0,0.6362839341163635,0.626801571672411,0.5110442302482917,1.3664176275099402,0.7398950434362194,1.1198789422307638,1.0582433284603139,0.6636114390402434,0.6086625859014658,0.589545488357544,0.6625910401344299,0.6634971332151967,0.6956231010395416,0.22448699702602565,0.22448699702602565,0.2678437141039096,1.168476027526882,0.24308432647794778,0.3403354886236325,1.209372108967967,0.5724959742351047,0.28298225254189696,0.5368115942028986,0.2799557599661288,0.23469387755102042,0.20689655172413793,0.7719694947770736,0.0025000000000000005,0.2690346561113594,2,0.07285714894533157,0.9238318204879761,4920,5000,0.07249830663204193,5000,5000,8,outer,64,0.3,28b23077aecd,-0.3407845979465469
additive,misspec_0.8,both,latent,identity,0.1,0,1988,0,48,True,202,66,266,332,1,6.3125,0,0.5814919477262879,0.47123032259678455,0.8420192174900107,0.5491633768345545,0.7551767942354365,0.8690090875447946,0.5231856920886312,0.7205662737141687,0.404013099717261,0.3940495410432652,0.807531090908703,0.5062678464555168,0.11582797732117484,0.21736239571316474,0.6198002946545641,0.7872739641665817,0.44483792624538937,0.7814784196798413,0.0,0.0,0.6749444343461529,0.5842553322044434,,,,0.9999999999989024,,,0.9999999999985353,,,,,0.23684210526315788,,0.0,0.0,0.0,0.0,0.0,0.586671491566689,0.47619263415973473,0.8411126432664189,0.5513416647725967,0.7562989260331755,0.8696544865825597,0.5262919879016427,0.7201510577382283,0.0,0.0,0.6749444343461529,0.5842553322044434,,,,0.9999999999989024,,,0.9999999999985353,,,,,0.23684210526315788,,0.7385619876039937,0.0025000000000000005,0.27250275974567323,2,0.6198127269744873,1.1209200620651245,590,5000,0.6198002696037292,5000,5000,8,outer,64,0.8,0507f745349a,0.0
additive,misspec_0.8,both,latent,identity,0.1,1,1988,0,48,True,202,60,242,302,2,6.3125,0,0.9498735447274799,0.6029789993745347,1.0180812167971076,0.6187173608677834,0.9953453261072317,0.9976699484835813,0.6134712403700339,0.6576217384567724,0.7159379572368987,0.44848002067057113,0.8399700296423993,0.47953069932361647,0.15556607236689007,0.2519325004549549,0.7371993850281549,0.8586031592232554,0.4484284279571844,0.7205174996720681,0.0,0.0,0.7236853112125092,0.6716918191595322,,,,0.9999999999990453,,,0.9999999999988918,,,,,0.2603305785123967,,0.0,0.0,0.0,0.0,0.0,0.9514237232340279,0.6039890798169303,1.0176792474294603,0.6189456737595224,0.9955940726976494,0.9977946044640899,0.613960142445325,0.657536174760477,0.0,0.0,0.7236853112125092,0.6716918191595322,,,,0.9999999999990453,,,0.9999999999988918,,,,,0.2603305785123967,,0.9853285036102818,0.0025000000000000005,0.3366808398223856,2,0.7387272119522095,0.5666041970252991,2390,5000,0.7371993660926819,5000,5000,8,outer,64,0.8,0507f745349a,0.0
additive,misspec_0.8,both,latent,identity,0.1,2,1988,0,48,True,202,74,294,368,1,6.3125,0,0.7871917364740936,0.5590791173923656,0.9978639757307337,0.6165230700765679,0.9276398959785203,0.963140641847555,0.5973750858485005,0.6807619022175981,0.5710100365226091,0.4359970819947624,0.887052920820938,0.5389409049643055,0.12918295328503407,0.24596224206123243,0.7193748005962212,0.8481596551335256,0.4799180890454332,0.7569335877438949,0.0,0.0,0.6634971332151967,0.6956231010395416,,,,0.9999999999988642,,,0.9999999999989667,,,,,0.23469387755102042,,0.0,0.0,0.0,0.0,0.0,0.7948883206143385,0.5608563372177814,1.0038188363529006,0.6171885194732266,0.934175331106713,0.9665274600893204,0.5984111253880783,0.6785127968400166,0.0,0.0,0.6634971332151967,0.6956231010395416,,,,0.9999999999988642,,,0.9999999999989667,,,,,0.23469387755102042,,0.8564233608585277,0.0025000000000000005,0.29390295952276807,2,0.7207155227661133,0.8066388964653015,540,5000,0.7193747758865356,5000,5000,8,outer,64,0.8,0507f745349a,0.0
algebra,misspec_0.3,both,latent,identity,0.1,0,13324,11336,48,True,202,66,266,332,1,6.3125,0,0.3701652850094137,0.39690348747039894,0.74490022446556,0.5279739541895372,0.6199885779801779,0.787393534377936,0.4842837986164911,0.7706442215557228,0.038829369962393494,0.14006258465542232,0.06226865573870602,0.184319045369279,0.038541611138940675,0.14787181715702064,0.05293542203542227,0.2300769915385332,0.16749452645915425,0.981437462879222,0.4994533061981201,0.4360750615596771,0.6749444343461529,0.5842553322044434,0.41564372806962885,0.41564372806962885,0.3908357389126835,0.9318728055008013,0.2815891675948858,0.4398657232438739,1.0546324198058408,0.6695597779341622,0.3531358235207587,0.644929236062241,0.36640672130667856,0.23684210526315788,0.3076923076923077,0.0,0.0,0.0,0.0,0.0,0.3761544133334965,0.3991165475797882,0.7473881822349236,0.5291163299417363,0.6236435926011146,0.7897110817261681,0.4857830691544202,0.7692921019306465,0.5009165406227112,0.4381769299507141,0.6749444343461529,0.5842553322044434,0.4148091735734375,0.4148091735734375,0.3902772088159767,0.9343926040995297,0.28039975058010447,0.43732555896844083,1.0545470879775998,0.67425130971929,0.3582882598390721,0.6443036984908904,0.3677680995029003,0.23684210526315788,0.3076923076923077,0.6815428349123204,0.0025000000000000005,0.25105102738535434,2,0.06041395291686058,0.7329701781272888,4350,5000,0.05293542146682739,5000,5000,8,outer,64,0.3,ff6d2e97c05b,0.127488663142303
algebra,misspec_0.3,both,latent,identity,0.1,1,13324,11336,48,True,202,60,242,302,2,6.3125,0,0.7699744647442356,0.49967724136318337,1.3549583788432933,0.6730163097514176,1.1599637408102739,1.0770161283891129,0.6152366202886729,0.5850064277323671,0.05534207186485188,0.16314627249038585,0.08342634783700503,0.20646387313749565,0.03800672067615217,0.1497247175787733,0.07062055696436395,0.2657452858742069,0.18798408017260848,0.9719442933057026,0.4590877890586853,0.5050587058067322,0.7236853112125092,0.6716918191595322,0.09829304361295853,0.09829304361295853,0.20713082457078436,1.1391292984141042,0.05634424674906199,0.1324308087793565,1.2227456296156494,0.6481333688037598,0.3844285430000686,0.6597499334929503,0.360723931126027,0.2603305785123967,0.3333333333333333,0.0,0.0,0.0,0.0,0.0,0.7972645083533261,0.48788874476606464,1.3135159042577487,0.6510262610484587,1.141432105622941,1.0683782596173235,0.5966470889543274,0.5916363845282405,0.5286956429481506,0.5096455812454224,0.7236853112125092,0.6716918191595322,0.1436740297484679,0.1436740297484679,0.2718464666786055,1.1698352284409292,0.17127939134562054,0.3030425805479245,1.159304891531554,0.649286157666046,0.37082543365651455,0.625787000088676,0.31907681000664034,0.2603305785123967,0.375,0.8590391082157544,0.0025000000000000005,0.3045387150852265,2,0.08047913014888763,0.41644740104675293,750,5000,0.07062055915594101,5000,5000,8,outer,64,0.3,ff6d2e97c05b,-0.3452299590207688
algebra,misspec_0.3,both,latent,identity,0.1,2,13324,11336,48,True,202,74,294,368,1,6.3125,0,0.49850160365666824,0.4572894310788822,0.8879748506772789,0.6019312854357949,0.7581504350037419,0.8707183442444186,0.5537173339834905,0.7350672295515792,0.04514424767608884,0.15114929187311485,0.07095653390770858,0.20320906338478886,0.042996861080360285,0.1526209907698028,0.0605035475200407,0.24597468877923334,0.18268113727625565,0.9791018641907242,0.5622745156288147,0.4045553207397461,0.6634971332151967,0.6956231010395416,0.3822774685046437,0.3822774685046437,0.4649431034055319,1.0251025914385512,0.3655711395140353,0.4461957375071276,0.9464921419139211,0.5971658615136877,0.3037329056839506,0.6595169082125604,0.36517178637711734,0.23469387755102042,0.3448275862068966,0.0,0.0,0.0,0.0,0.0,0.5045090011913371,0.4636891956645223,0.8978084386556797,0.6070483710769177,0.7667086261675655,0.8756189960065768,0.5592619792727859,0.7320766023747343,0.5661339163780212,0.4398959279060364,0.6634971332151967,0.6956231010395416,0.3759663423455698,0.3759663423455698,0.4570789894022051,1.039445300406208,0.3847481216108367,0.48647101809428583,0.9413084876444906,0.5843478260869566,0.28735769449529747,0.6507246376811594,0.3531191496422444,0.23469387755102042,0.3103448275862069,0.7719694947770736,0.0025000000000000005,0.2690346561113594,2,0.06580187380313873,0.7014026641845703,1690,5000,0.06050354614853859,5000,5000,8,outer,64,0.3,ff6d2e97c05b,0.09346249183053668
unconstrained,misspec_0.8,both,latent,identity,0.1,0,13396,11408,76,True,202,66,266,332,1,6.3125,0,0.4927514229254813,0.40973876718422797,0.9319035819090417,0.5750474149054875,0.7855195289145216,0.8862953959682526,0.5199445323317343,0.709338726096444,0.058476731544410306,0.1671192760366267,0.07537845538959317,0.19831842817968978,0.02971312739967584,0.12985481114286473,0.06592065060141161,0.2567501715703645,0.1823723084434875,0.9767585061359451,0.4558231234550476,0.5611879229545593,0.6749444343461529,0.5842553322044434,0.33528115269013997,0.33528115269013997,0.2943157129627121,1.0066649370631056,0.2660976284141826,0.37828809887767967,1.2022753715126808,0.6518883415435139,0.3611174145723601,0.6419579325983268,0.34176717005884993,0.23684210526315788,0.2692307692307692,0.0,0.0,0.0,0.0,0.31499040126800537,0.5128458048181617,0.41644843406883714,0.9096215428314446,0.5663139509231951,0.7773629634936836,0.8816818947294334,0.5163587786384092,0.7123568530921848,0.43922892212867737,0.533307671546936,0.6749444343461529,0.5842553322044434,0.292556738665901,0.292556738665901,0.3020128761590217,1.0234293105994225,0.24406426577875434,0.3918778821125317,1.1944087367454859,0.6734693877551019,0.3680802246215137,0.5941825005864414,0.3249133890885181,0.23684210526315788,0.23076923076923078,0.7385619876039937,0.0025000000000000005,0.27250275974567323,2,0.0682019293308258,0.836463987827301,3450,5000,0.0659206435084343,5000,5000,8,outer,64,0.8,d8342dc42a10,-0.04017964390683515
unconstrained,misspec_0.8,both,latent,identity,0.1,1,13396,11408,76,True,202,60,242,302,2,6.3125,0,1.1051292640710488,0.6045639188711338,1.0644546340318202,0.6214675897498084,1.0780128440448964,1.0382739734987565,0.6158330327902503,0.6291858174400076,0.06517505342351672,0.18412699979988673,0.08960084437722,0.2193526401910383,0.03948393562673924,0.1489157463555587,0.07744936388068444,0.27829725812642214,0.20200407218434682,0.9706378731374622,0.5701662302017212,0.480197012424469,0.7236853112125092,0.6716918191595322,0.1591914388013841,0.1591914388013841,0.2689070596149686,1.2004518975266167,0.2504310282964615,0.3865563722221588,1.0772807928524215,0.6224173095681476,0.3415498281309698,0.5717832756938903,0.3121387219481039,0.2603305785123967,0.2916666666666667,0.0,0.0,0.0,0.0,0.4947092831134796,0.8787601065719922,0.5791029999288019,0.9859506454186521,0.6173121432066858,0.9502204658030985,0.9747925244907751,0.6045757621140578,0.6731437596267855,0.6592440009117126,0.5310671925544739,0.7236853112125092,0.6716918191595322,0.33231596699686494,0.33231596699686494,0.29708121069871357,1.0838524721983278,0.23746969327172504,0.3351499825786259,1.1172933635829267,0.63341314179303,0.37022156159349223,0.5685022612396914,0.319655809559358,0.2603305785123967,0.3333333333333333,0.9853285036102818,0.0025000000000000005,0.3366808398223856,2,0.08577928692102432,0.49736863374710083,2120,5000,0.07744936645030975,5000,5000,8,outer,64,0.8,d8342dc42a10,-0.08305410772457744
unconstrained,misspec_0.8,both,latent,identity,0.1,2,13396,11408,76,True,202,74,294,368,1,6.3125,0,0.8004137956467264,0.5467688992041848,1.2744199556181333,0.7064418449797996,1.116417902294331,1.056606786981009,0.6532175297212613,0.6157958179637046,0.06630777883381513,0.1897070871534557,0.11641740314438863,0.2531549623375022,0.050207442259580654,0.16265799406396508,0.09498519179011466,0.3081966771237397,0.2253814149394667,0.9679058680304814,0.6513383984565735,0.6146555542945862,0.6634971332151967,0.6956231010395416,0.18931937847663413,0.18931937847663413,0.29306840223218344,1.202100929652522,0.23184264905564758,0.32386339622908805,1.1830165913957544,0.5953623188405798,0.30630673004621606,0.554524959742351,0.2762254065555507,0.23469387755102042,0.3448275862068966,0.0,0.0,0.0,0.0,0.3823719024658203,0.8181359330916848,0.5700592510734179,1.3319894526952005,0.7246776629890269,1.1607049461606955,1.0773601747608343,0.6731381923504907,0.600554869723342,0.6687560677528381,0.6704965829849243,0.6634971332151967,0.6956231010395416,0.18771811485072162,0.18771811485072162,0.24823112330487815,1.2248174483284888,0.1947146230303064,0.3268553814769386,1.2486776390626406,0.5882769726247987,0.3053089631612402,0.5525281803542673,0.26091961608983116,0.23469387755102042,0.2413793103448276,0.8564233608585277,0.0025000000000000005,0.29390295952276807,2,0.0991697832942009,0.92413729429245,1530,5000,0.09498518705368042,5000,5000,8,outer,64,0.8,d8342dc42a10,-0.20350354392280479
shared_pair,misspec_0.8,both,latent,identity,0.1,0,13396,11408,76,True,202,66,266,332,1,6.3125,0,0.5071245777453608,0.438780514506188,0.9816204507970369,0.598832999387897,0.8234551597798114,0.9074443011996998,0.545482171093994,0.6953016227683102,0.054215188016860025,0.1616916647616159,0.05691247069413687,0.17488345867362057,0.026870995564099456,0.12526275987748264,0.053229626650655795,0.23071546686482855,0.16616634360917612,0.9812329515880012,0.5140689611434937,0.5722404718399048,0.6749444343461529,0.5842553322044434,0.33664592353768075,0.33664592353768075,0.32455157397415524,1.0285996366499737,0.22125636635290974,0.35095311949579266,1.2229542102795383,0.6852764094143404,0.3778690380138864,0.5853467823911174,0.2904547005417629,0.23684210526315788,0.23076923076923078,0.0,0.0,0.0,0.0,0.4588170051574707,0.5072022114395524,0.4381302241158634,0.9814044117199834,0.5978528223977617,0.8233370116265063,0.907379199467624,0.5446119563037956,0.6953453404500289,0.513576328754425,0.5718505382537842,0.6749444343461529,0.5842553322044434,0.33652523896920306,0.33652523896920306,0.3249008146824556,1.0294511413151506,0.22251391735940534,0.3519562102202719,1.2220716449625106,0.681992337164751,0.374547061724116,0.585112205801861,0.28834125405707556,0.23684210526315788,0.23076923076923078,0.7385619876039937,0.0025000000000000005,0.27250275974567323,2,0.06292903423309326,0.8844788670539856,4850,5000,0.05322962626814842,5000,5000,8,outer,64,0.8,e9c1e5e6c9e4,-0.09041374955582682
shared_pair,misspec_0.8,both,latent,identity,0.1,1,13396,11408,76,True,202,60,242,302,2,6.3125,0,1.0242283198515105,0.5925451643113272,1.157689166948348,0.6357788416212012,1.1132022179160688,1.0550839861907055,0.6213676158512432,0.6170813986671517,0.06970681892168722,0.18344820811229992,0.07777018722703835,0.20397076399896816,0.04163593032171478,0.14889919452966674,0.07188751134700606,0.2681184651362268,0.1925227987226364,0.9727464484891744,0.5709291100502014,0.5111214518547058,0.7236853112125092,0.6716918191595322,0.12690889544158873,0.12690889544158873,0.2429460369231525,1.1956129201642411,0.25800843820577896,0.3854175266221035,1.087674394912468,0.6287133102775561,0.32952412474468235,0.595016405072271,0.32044596038647666,0.2603305785123967,0.2916666666666667,0.0,0.0,0.0,0.0,0.6050901412963867,1.0017889444270192,0.5921091600811419,1.1971048403856464,0.6552032297317559,1.1319995417327706,1.063954670901336,0.6341718731815512,0.6106155069999877,0.6382400393486023,0.5590749382972717,0.7236853112125092,0.6716918191595322,0.2603886201487745,0.2603886201487745,0.30942561962302945,1.1466917594047377,0.20317898998781686,0.38025080851687165,1.1655269249978157,0.6140817593331559,0.3135094246259044,0.5612308238006561,0.2997679037746587,0.2603305785123967,0.16666666666666666,0.9853285036102818,0.0025000000000000005,0.3366808398223856,2,0.07902514934539795,0.5517512559890747,1090,5000,0.07188750803470612,5000,5000,8,outer,64,0.8,e9c1e5e6c9e4,-0.1184080426335774
shared_pair,misspec_0.8,both,latent,identity,0.1,2,13396,11408,76,True,202,74,294,368,1,6.3125,0,0.8455415543797449,0.5704494358175088,1.316775533705641,0.7181524322768751,1.1596975405970091,1.076892539020031,0.6689181001237529,0.6009015583869504,0.07163875228301624,0.19174947476472615,0.10244826452577409,0.24030303261349018,0.05003311093189129,0.1646640674475784,0.08815260586451203,0.2969050451988178,0.2184392826790593,0.9702145006737035,0.5992254018783569,0.6145877242088318,0.6634971332151967,0.6956231010395416,0.16623081821372138,0.16623081821372138,0.2353316105177537,1.1627063565345088,0.19261757049056885,0.3009118566151514,1.2019936145809986,0.5661835748792271,0.30008633323148143,0.5201932367149759,0.2510193546314975,0.23469387755102042,0.3103448275862069,0.0,0.0,0.0,0.0,0.6422529220581055,0.8481919232274655,0.5659395697844726,1.396961116090577,0.7356179355381504,1.2140380518028733,1.1018339492876743,0.6790584802869245,0.5822008087694662,0.5982784032821655,0.6876187324523926,0.6634971332151967,0.6956231010395416,0.14391808551168694,0.14391808551168694,0.21886400421220148,1.1781231966016827,0.18907797754011718,0.2959759781739965,1.2664929536306266,0.5626409017713364,0.30243433741088577,0.5507246376811594,0.2662387971461111,0.23469387755102042,0.3103448275862069,0.8564233608585277,0.0025000000000000005,0.29390295952276807,2,0.08988527953624725,0.903400719165802,3020,5000,0.08815260976552963,5000,5000,8,outer,64,0.8,e9c1e5e6c9e4,-0.25015918959986405
algebra,misspec_0.8,both,latent,identity,0.1,0,13324,11336,48,True,202,66,266,332,1,6.3125,0,0.5423825579783591,0.44855302987671813,0.7635574990079322,0.5243379891389198,0.6898325186647413,0.8305615682565268,0.49907633605151935,0.7447452402204873,0.1445703881690241,0.2072635377355301,0.0785402085285408,0.19512852632212638,0.035717353995476826,0.14177033830421337,0.0943572735990804,0.3071762907502472,0.19369024016147138,0.9667326706369761,0.48956534266471863,0.4779050946235657,0.6749444343461529,0.5842553322044434,0.40331600159616815,0.40331600159616815,0.3542416567175837,0.9540464027446499,0.3889083999635945,0.4640373882292783,1.023719786948941,0.6323402924388145,0.3430845450724517,0.6762843068261787,0.3787224400712561,0.23684210526315788,0.19230769230769232,0.0,0.0,0.0,0.0,0.0,0.5448438444363864,0.4489526950688053,0.7653739560270263,0.5248908647593821,0.6918639188301464,0.831783576917786,0.4995781415291899,0.7439935728994971,0.49054035544395447,0.4786565899848938,0.6749444343461529,0.5842553322044434,0.40285641997438326,0.40285641997438326,0.3551073464879073,0.9554499106990303,0.3886926202668972,0.4642229912283359,1.0245078173330349,0.6324966768316521,0.3403458922058108,0.6747204628978027,0.3768151589555311,0.23684210526315788,0.19230769230769232,0.7385619876039937,0.0025000000000000005,0.27250275974567323,2,0.11101493239402771,0.8196882605552673,4490,5000,0.09435727447271347,5000,5000,8,outer,64,0.8,6c3c73fec2c8,0.08652844747017385
algebra,misspec_0.8,both,latent,identity,0.1,1,13324,11336,48,True,202,60,242,302,2,6.3125,0,1.1519856526681154,0.6075685639162538,1.3513353422931034,0.6745291344939296,1.2848854457514407,1.1335278760363332,0.652208944301371,0.5580259095412884,0.1885471967986244,0.2377012724716282,0.10412994928022555,0.22355460583874187,0.039866096882291084,0.14789861311192076,0.12344248278059683,0.3513438241674341,0.2205928791601247,0.9532012445549025,0.5300397276878357,0.4796289801597595,0.7236853112125092,0.6716918191595322,0.1362468832972881,0.1362468832972881,0.26510335764705184,1.1789247604534612,0.09477559707578301,0.24402053139636445,1.1811839325939748,0.6357187195176022,0.35711094109206737,0.6225059856344772,0.33784156596312975,0.2603305785123967,0.375,0.0,0.0,0.0,0.0,0.0,1.1543773115436087,0.5950629664152168,1.2132089039130411,0.6419391370332724,1.1935983731232305,1.0925192781471778,0.6263137468272538,0.5894267795790805,0.6383618712425232,0.48248448967933655,0.7236853112125092,0.6716918191595322,0.20947428982954736,0.20947428982954736,0.2911340234991688,1.2046461891223592,0.3006196043333172,0.45874330716528633,1.0449411054752982,0.626673760751973,0.34205681136555116,0.6435222133546156,0.3641902802548168,0.2603305785123967,0.2916666666666667,0.9853285036102818,0.0025000000000000005,0.3366808398223856,2,0.1316782832145691,0.5370462536811829,990,5000,0.12344246357679367,5000,5000,8,outer,64,0.8,6c3c73fec2c8,-0.29089413698921196
algebra,misspec_0.8,both,latent,identity,0.1,2,13324,11336,48,True,202,74,294,368,1,6.3125,0,0.7491708957045008,0.5371507122922751,0.8855450876960698,0.6021461747961919,0.8400870236988801,0.9165626130815505,0.5804810206282196,0.7108923574978281,0.15794020863042657,0.23917937767547587,0.09451910863626647,0.22283442110933716,0.046740825403453576,0.16233552887986838,0.10907620128092366,0.33026686373434994,0.2219833048760148,0.9631447183222084,0.5561938285827637,0.44515156745910645,0.6634971332151967,0.6956231010395416,0.3750358211898148,0.3750358211898148,0.4651751994833915,1.027428956754797,0.430873304859011,0.505754707737205,0.9247324187204795,0.582866344605475,0.2855504123291618,0.663059581320451,0.3688378225942427,0.23469387755102042,0.2413793103448276,0.0,0.0,0.0,0.0,0.0,0.7390274230601955,0.5356895793998131,0.9220859340590152,0.6112788578804065,0.861066430392742,0.927936652144284,0.5860824317202087,0.7036725021265937,0.5712698698043823,0.46615132689476013,0.6634971332151967,0.6956231010395416,0.3533196121059201,0.3533196121059201,0.43701377583485523,1.0506955484028537,0.39412987604613803,0.4934913932021585,0.9491702203914474,0.5884702093397747,0.287736604750454,0.6455394524959742,0.3528491222676817,0.23469387755102042,0.27586206896551724,0.8564233608585277,0.0025000000000000005,0.29390295952276807,2,0.11778942495584488,0.7726595997810364,2010,5000,0.10907620191574097,5000,5000,8,outer,64,0.8,6c3c73fec2c8,0.09438239198119558
unconstrained,control_double_capacity,both,latent,identity,0.1,4,25276,23288,120,True,202,73,294,367,0,6.3125,1,0.5697313585514877,0.49214063549356923,1.2546629020383502,0.7106948646347404,1.0263523875427296,1.0130905130059848,0.6378434549210167,0.6615242089306903,0.04794761308785894,0.1591538039044072,0.08161327660778271,0.20815897749498774,0.03168450816810431,0.1362073591374825,0.06669401509858268,0.258251844327553,0.18651129295740923,0.9727605730009751,0.5550453066825867,0.5187273621559143,0.8104189479295445,0.7907564643727457,0.3823661108515588,0.3823661108515588,0.2134866001702353,0.9447863791531154,0.27248575975586814,0.22510143873596183,1.0359246436044176,0.6301196502531063,0.43601405684513195,0.6344914864242982,0.3884615384004136,0.2789115646258503,0.4482758620689655,0.0,0.0,0.0,0.0,0.2884598970413208,0.5743260679885008,0.4925371517567339,1.2606358263786626,0.7110997277644628,1.0318659069152754,1.0158080069163047,0.6382455357618865,0.6597059320368581,0.5623873472213745,0.5234307050704956,0.8104189479295445,0.7907564643727457,0.38200642647460714,0.38200642647460714,0.21380180694942408,0.9476282970493302,0.27104521123733394,0.22232218855032035,1.0388088619128875,0.6301196502531062,0.43954262684823353,0.633571099861942,0.3877840196012958,0.2789115646258503,0.4482758620689655,1.076287525145831,0.0025000000000000005,0.3534790323700732,2,0.08131337910890579,1.1413640975952148,3900,5000,0.06669401377439499,5000,5000,8,outer,64,0.0,37adf2549a53,
unconstrained,control_double_capacity,both,latent,identity,0.1,2,25276,23288,120,True,202,74,294,368,1,6.3125,0,0.5609989583635453,0.4751928205877518,1.4185034200555762,0.7384818968817393,1.132668599491566,1.064269044692913,0.6507188714504103,0.6064743509166032,0.04611010435818725,0.16042380828015768,0.10613436060915551,0.24169691362976517,0.048934507173070144,0.16344752766461879,0.08257362869481961,0.2873562748485225,0.20971911067097404,0.9714012505036157,0.5347070693969727,0.6601303219795227,0.6634971332151967,0.6956231010395416,0.20331066485379495,0.20331066485379495,0.21899882299191445,1.1037417077171268,0.17291663445685207,0.20480944156455896,1.2647594066294934,0.5656682769726247,0.28721737605662123,0.5594847020933977,0.2685640723317414,0.23469387755102042,0.3103448275862069,0.0,0.0,0.0,0.0,0.301714688539505,0.5850504016145078,0.4828790217438997,1.4678790499300465,0.747531829872772,1.173602833824867,1.0833295130406384,0.6593142271631479,0.5922524760072299,0.5597466230392456,0.6799674034118652,0.6634971332151967,0.6956231010395416,0.19486239419527815,0.19486239419527815,0.2205845373956837,1.1306573875667127,0.16851966814791697,0.20189442815941672,1.2857421361213213,0.5834460547504026,0.2946621211581216,0.5648953301127214,0.266219872329476,0.23469387755102042,0.3103448275862069,0.7643717300427518,0.0025000000000000005,0.26492104756961427,2,0.09139185398817062,0.7365071177482605,2820,5000,0.08257362991571426,5000,5000,8,outer,64,0.0,37adf2549a53,
unconstrained,control_double_capacity,both,latent,identity,0.1,1,25276,23288,120,True,202,60,242,302,2,6.3125,0,0.45038934024465094,0.4176521580497247,0.9790025639015145,0.6038605162368991,0.8027981560158933,0.8959900423642516,0.5417910635078409,0.7103584284829626,0.052545193784476876,0.16358713773117306,0.07294005811495019,0.1986609276922973,0.03651633451713049,0.14704038837499028,0.06331187765970232,0.2516185161304754,0.18315552457520065,0.9744792063149631,0.4367638826370239,0.4936908185482025,0.7236853112125092,0.6716918191595322,0.3776398395086885,0.3776398395086885,0.3370223040158914,0.9223492316010948,0.26073042966787874,0.38266080055341967,1.0770432005610697,0.6139930832668262,0.3427679449235221,0.5677928527090539,0.31276138571972756,0.2603305785123967,0.3333333333333333,0.0,0.0,0.0,0.0,0.35724225640296936,0.45466267496553747,0.4193353588222358,0.9758141751171092,0.6063151808220179,0.8020970083999186,0.895598687136107,0.5439885734887571,0.710611395552997,0.4622623920440674,0.4945426285266876,0.7236853112125092,0.6716918191595322,0.3721853298604596,0.3721853298604596,0.3240934429165286,0.9280037320818062,0.2756524373341867,0.37320563021556363,1.0666184112828858,0.5893411368271703,0.3290368651516067,0.5630043451272501,0.3115774050714534,0.2603305785123967,0.2916666666666667,0.8270751336687069,0.0025000000000000005,0.29530161787387416,2,0.07112179696559906,0.45942917466163635,4020,5000,0.0633118748664856,5000,5000,8,outer,64,0.0,37adf2549a53,
unconstrained,control_double_capacity,both,latent,identity,0.1,3,25276,23288,120,True,202,64,257,321,0,6.3125,1,0.4410418966922782,0.42619241421887716,0.9213685459867025,0.5885814832860099,0.7612596628885611,0.8725019558078716,0.5344517935969657,0.7076373367045423,0.052875908615853374,0.16728559758921152,0.07973156638591511,0.2032622113229723,0.04256302922198264,0.14769377570766445,0.06808435855301341,0.2609297962154062,0.18710750109371949,0.9649677088558167,0.41758179664611816,0.33400237560272217,0.624247173031166,0.600675599158459,0.21624064276612248,0.21624064276612248,0.19588512917383039,1.0637217397228709,0.07291492983536256,0.19529146824947965,1.1108103571010084,0.5914438502673796,0.3386780682952196,0.5970206264323912,0.34774077716655016,0.2723735408560311,0.16,0.0,0.0,0.0,0.0,0.25519147515296936,0.39413726725584874,0.3977843498182658,0.9097628970692712,0.5715857135369145,0.7378876871314637,0.8590038923843498,0.5136519256306982,0.7166133713113072,0.3661660850048065,0.370254784822464,0.624247173031166,0.600675599158459,0.24365175978535544,0.24365175978535544,0.24506831960908512,1.0172766934323885,-0.0047759886269213726,0.13324762747715138,1.1802606448260566,0.6013750954927426,0.36073757457519356,0.5928189457601223,0.34501436152227327,0.2723735408560311,0.2,0.6351476448634765,0.0025000000000000005,0.24198641121127815,2,0.07795282453298569,0.7837521433830261,1640,5000,0.06808435916900635,5000,5000,8,outer,64,0.0,37adf2549a53,
unconstrained,control_double_capacity,both,latent,identity,0.1,0,25276,23288,120,True,202,66,266,332,1,6.3125,0,0.40047448282597775,0.39781574291426824,0.8447058640949487,0.5563103601942203,0.6966287370052917,0.8346428799224802,0.503478821100903,0.7458838795388907,0.0436451396111903,0.15048613391839363,0.07367335295170488,0.1986853047816381,0.03272571591985752,0.13686558211771999,0.06070865464600014,0.24639126333131242,0.17824844692362893,0.9790070195867959,0.42328378558158875,0.5274274349212646,0.6749444343461529,0.5842553322044434,0.38665860904800387,0.38665860904800387,0.3173311697730653,0.936326851640165,0.3223218603620941,0.42087745333229193,1.1268700397672764,0.6649464383454531,0.37046879375498165,0.6375009774024553,0.35104792286254,0.23684210526315788,0.19230769230769232,0.0,0.0,0.0,0.0,0.2638358473777771,0.43409773729427564,0.4165012454297282,0.881640938547676,0.5679181798847807,0.7324598714632092,0.8558386947685932,0.5174458683997631,0.7328134039806922,0.45725157856941223,0.5352450609207153,0.6749444343461529,0.5842553322044434,0.3520047946195195,0.3520047946195195,0.28363685342251116,0.9702995520889588,0.31349823962685436,0.4175578335280644,1.1395222196483454,0.6735475799515208,0.380022100868175,0.6507936507936507,0.3484044578959056,0.23684210526315788,0.19230769230769232,0.6852257480026052,0.0025000000000000005,0.2487000721143253,2,0.06443148106336594,0.7883279323577881,3720,5000,0.060708653181791306,5000,5000,8,outer,64,0.0,37adf2549a53,
shared_pair,control_double_capacity,both,latent,identity,0.1,0,25276,23288,120,True,202,66,266,332,1,6.3125,0,0.40774064736642485,0.40470909853671955,0.902908326879651,0.5764868525859939,0.7378524337085755,0.8589833721956296,0.5192276012362357,0.7308463059780625,0.03348130485910552,0.1332920453390777,0.07059566853753664,0.1917667230408662,0.03221808152705516,0.13895968413311127,0.05574004610214275,0.23609329957062047,0.16909278962913843,0.9807251584987896,0.41068193316459656,0.48780059814453125,0.6749444343461529,0.5842553322044434,0.29744347164836965,0.29744347164836965,0.2650174301558433,0.9586157042479307,0.2103842418806911,0.3408426727195347,1.1829763956584662,0.674955039487059,0.42891374227171364,0.6278833372429431,0.3259112314798343,0.23684210526315788,0.3076923076923077,0.0,0.0,0.0,0.0,0.4406278729438782,0.43822065064212,0.4284413144413213,0.9132280560222131,0.5927537309689468,0.7548922542288486,0.8688453569127527,0.5379829254597382,0.7246305229447931,0.4505211114883423,0.5010787844657898,0.6749444343461529,0.5842553322044434,0.2898875315913096,0.2898875315913096,0.24174279242732655,0.9799045064595641,0.2639206248046802,0.3735917597682992,1.1517698592688508,0.6744858863085463,0.41695079091244946,0.6067714442098678,0.2984660831997643,0.23684210526315788,0.23076923076923078,0.6852257480026052,0.0025000000000000005,0.2487000721143253,2,0.05853390321135521,1.043698787689209,1490,5000,0.05574004724621773,5000,5000,8,outer,64,0.0,1d899fe73b73,
shared_pair,control_double_capacity,both,latent,identity,0.1,2,25276,23288,120,True,202,74,294,368,1,6.3125,0,0.5606971172853297,0.5013689304379945,1.2404081407165073,0.7350219126343112,1.0138377995727816,1.006895128388643,0.6571375852355389,0.6477600082484387,0.031246998397353978,0.13464493379010542,0.09787787426293196,0.23696528136374218,0.04928186023541726,0.16411191636794725,0.07314715512471151,0.27045730739751056,0.19915733275239073,0.9746660380698998,0.5678690671920776,0.5987241864204407,0.6634971332151967,0.6956231010395416,0.2614552457950816,0.2614552457950816,0.30626907325665276,1.1006036698021573,0.22233465742012096,0.3086777488805437,1.1533916770062855,0.5733333333333334,0.288895749550109,0.5272785829307568,0.26219102740717276,0.23469387755102042,0.3103448275862069,0.0,0.0,0.0,0.0,0.667800784111023,0.6097063622055484,0.5089738928312743,1.2588816722629153,0.7324544151586015,1.042489902243793,1.0210239479286434,0.657960907716159,0.6378053425092497,0.6069280505180359,0.5779066681861877,0.6634971332151967,0.6956231010395416,0.24893207712587126,0.24893207712587126,0.2720563877775325,1.1487152846480448,0.24754918288733363,0.312330251705009,1.1220355037765921,0.5957487922705315,0.29423196967285437,0.5115619967793881,0.2630884242894804,0.23469387755102042,0.20689655172413793,0.7643717300427518,0.0025000000000000005,0.26492104756961427,2,0.07627467811107635,0.7510088682174683,3360,5000,0.07314715534448624,5000,5000,8,outer,64,0.0,1d899fe73b73,
shared_pair,control_double_capacity,both,latent,identity,0.1,1,25276,23288,120,True,202,60,242,302,2,6.3125,0,0.43285858266085714,0.4004740091098805,1.0136355939756745,0.6085027610720427,0.8200432568707352,0.9055623981100006,0.539159843751322,0.7041365680126362,0.030717968335532683,0.1299108909489184,0.0671200647017957,0.18738924452467584,0.03408037017909059,0.13885341264764528,0.052989073783231144,0.23019355721486026,0.16542369129716392,0.978640292002526,0.45103371143341064,0.5125910639762878,0.7236853112125092,0.6716918191595322,0.3936558547968227,0.3936558547968227,0.32124167192694797,0.930392106375671,0.2046419015734149,0.35576689820371454,1.1304353608651039,0.6358073955839318,0.3533049862481369,0.5544914427595992,0.28791317616329215,0.2603305785123967,0.25,0.0,0.0,0.0,0.0,0.42964276671409607,0.4484208976835661,0.40977795436210857,1.0508985095126988,0.6223545220937353,0.850072638902988,0.9219938388638983,0.551495666183193,0.693302266341252,0.4756791591644287,0.5262629985809326,0.7236853112125092,0.6716918191595322,0.3683243275507896,0.3683243275507896,0.2716316101202308,0.9503094502868552,0.19219171469464136,0.32556018290961086,1.1489846104389787,0.6102686884809789,0.3359112883228723,0.562472288729272,0.2952469093694425,0.2603305785123967,0.20833333333333334,0.8270751336687069,0.0025000000000000005,0.29530161787387416,2,0.059811949729919434,0.4229081869125366,2870,5000,0.05298907309770584,5000,5000,8,outer,64,0.0,1d899fe73b73,
shared_pair,control_double_capacity,both,latent,identity,0.1,3,25276,23288,120,True,202,64,257,321,0,6.3125,1,0.4558170123926616,0.42115138703612337,0.8687911299273242,0.5809173176305925,0.7311330907491034,0.8550632086279373,0.5276620074324361,0.7192074819467499,0.04031511876285976,0.1520847154414855,0.10372290817069563,0.22766299275740615,0.043673658294178616,0.15031847817461327,0.07886988510729273,0.2808378270591281,0.19748857342738416,0.9594180978376174,0.3674393594264984,0.37455686926841736,0.624247173031166,0.600675599158459,0.1811088983747324,0.1811088983747324,0.2054054426635598,1.058448637873692,0.2190424902003746,0.24551475827979363,1.039783049915425,0.5773109243697478,0.3192726586432195,0.5738731856378916,0.3396314282972962,0.2723735408560311,0.2,0.0,0.0,0.0,0.0,0.49157920479774475,0.498529065107134,0.4426132822367589,0.9925009210884382,0.6105167591176569,0.8278436357613369,0.9098591296246562,0.5545489334906909,0.6820656840991595,0.38178735971450806,0.3899708688259125,0.624247173031166,0.600675599158459,0.06470320781190761,0.06470320781190761,0.12209956253958917,1.1303234747604096,0.10718646683783212,0.15778743863677494,1.1266248487831976,0.5899159663865546,0.31781573274549824,0.5720397249809015,0.3300111548476426,0.2723735408560311,0.16,0.6351476448634765,0.0025000000000000005,0.24198641121127815,2,0.08087388426065445,0.7698145508766174,990,5000,0.07886988669633865,5000,5000,8,outer,64,0.0,1d899fe73b73,
shared_pair,control_double_capacity,both,latent,identity,0.1,4,25276,23288,120,True,202,73,294,367,0,6.3125,1,0.5676269255272477,0.4885498547483428,1.3438930787600978,0.7265007673621432,1.0851376943491475,1.0416994261057972,0.6471837964908763,0.6421376868491346,0.03014250953555797,0.1289793567086969,0.06384395002508454,0.1859440343216839,0.02724577091904419,0.13085548293841207,0.050187271753933865,0.22402515875216752,0.16350741914802303,0.9795023208124328,0.6092643737792969,0.5324059128761292,0.8104189479295445,0.7907564643727457,0.4201138962835281,0.4201138962835281,0.2696925730435635,0.9487552877556686,0.21323186091431198,0.22013923403572108,1.0688342917467906,0.6489875747814081,0.4419440860797185,0.6266682006442705,0.3970604487072753,0.2789115646258503,0.3448275862068966,0.0,0.0,0.0,0.0,0.5510373115539551,0.5676269255272477,0.4885498547483428,1.3438930787600978,0.7265007673621432,1.0851376943491475,1.0416994261057972,0.6471837964908763,0.6421376868491346,0.6092643737792969,0.5324059128761292,0.8104189479295445,0.7907564643727457,0.4201138962835281,0.4201138962835281,0.2696925730435635,0.9487552877556686,0.21323186091431198,0.22013923403572108,1.0688342917467906,0.6489875747814081,0.4419440860797185,0.6266682006442705,0.3970604487072753,0.2789115646258503,0.3448275862068966,1.076287525145831,0.0025000000000000005,0.3534790323700732,2,0.06770285964012146,1.2926571369171143,4999,5000,0.05018727481365204,5000,5000,8,outer,64,0.0,1d899fe73b73,
unconstrained,power10_double,both,latent,identity,0.1,5,25276,23288,120,True,202,70,281,351,2,6.3125,0,0.3876215542641372,0.37519896437815325,0.9687547784105892,0.5833994363725145,0.7750437036951051,0.8803656647638555,0.5139992790410607,0.7033842394819978,0.050255378846205956,0.16229065297910558,0.08181774799043436,0.20557707274930742,0.028353513525460818,0.1282562112818088,0.06719489788163967,0.2592197868250795,0.1851406668873661,0.9728611487060375,0.34069573879241943,0.46890097856521606,0.5741386142827298,0.6593281742668791,0.14565008907465454,0.14565008907465454,0.20572139774362075,1.0745629040778197,0.18402961435320914,0.3103712587480665,1.1323844492484658,0.5995129324823647,0.23803016080705625,0.5534934497816594,0.22173818142514481,0.18505338078291814,0.17857142857142858,0.0,0.0,0.0,0.0,0.3052865266799927,0.3836099543664443,0.37724503994733394,1.0998368899680269,0.598780069833391,0.8610945781008325,0.9279518188466643,0.524935059871372,0.6704518442720176,0.4193517565727234,0.5792782306671143,0.5741386142827298,0.6593281742668791,0.23655442894485085,0.23655442894485085,0.3173545684647751,1.0778135472812573,0.11905592806132133,0.36099944293610525,1.2591072904227971,0.5931306684581794,0.2728685459697515,0.5779308028216326,0.25416953404296994,0.18505338078291814,0.25,0.6197464523919715,0.0025000000000000005,0.2365094833472749,2,0.08543591946363449,0.9581201672554016,970,5000,0.06719489395618439,5000,5000,8,outer,64,0.0,37adf2549a53,
unconstrained,power10_double,both,latent,identity,0.1,6,25276,23288,120,True,202,60,239,299,2,6.3125,0,0.6021304136718778,0.494086029659192,1.2869972727472785,0.7043348165583955,1.0587083197221447,1.0289355274856364,0.6342518875919944,0.5831114014677163,0.0495844819760039,0.15853095976503098,0.0867090951217993,0.2172748374803718,0.03403136202916956,0.13861030218401868,0.07048439844511427,0.26548897989392,0.19204977246922936,0.9716585043290521,0.4713858664035797,0.5590042471885681,0.6655912516856991,0.6941813289483674,0.13683324480886327,0.13683324480886327,0.22601569916669592,1.1279481683424344,0.1992595484065601,0.28606325375338415,1.1396627668513268,0.6546382358301439,0.3581663682305841,0.5874794969928923,0.31742962148913656,0.2594142259414226,0.13043478260869565,0.0,0.0,0.0,0.0,0.33732080459594727,0.6021304136718778,0.494086029659192,1.2869972727472785,0.7043348165583955,1.0587083197221447,1.0289355274856364,0.6342518875919944,0.5831114014677163,0.4713858664035797,0.5590042471885681,0.6655912516856991,0.6941813289483674,0.13683324480886327,0.13683324480886327,0.22601569916669592,1.1279481683424344,0.1992595484065601,0.28606325375338415,1.1396627668513268,0.6546382358301439,0.3581663682305841,0.5874794969928923,0.31742962148913656,0.2594142259414226,0.13043478260869565,0.7668939245118183,0.0025000000000000005,0.3010270624269843,2,0.07667450606822968,0.7506701350212097,4999,5000,0.07048439979553223,5000,5000,8,outer,64,0.0,37adf2549a53,
algebra,power10_algebra,both,latent,identity,0.1,6,13324,11336,48,True,202,60,239,299,2,6.3125,0,0.6373283003451887,0.5091399322093244,1.0994298489092613,0.6448973364010399,0.9453959993879038,0.9723147635348873,0.5996448683371348,0.627730503387101,0.0307319307377503,0.134871828503915,0.07235841843509416,0.19622771677763517,0.03861756619512004,0.14515022365599634,0.05658533625864371,0.2378767249199545,0.17285033022378984,0.9772472618339464,0.5365716218948364,0.44872090220451355,0.6655912516856991,0.6941813289483674,0.15278307287010726,0.15278307287010726,0.27536610878661083,1.1785401479579949,0.37052901983817577,0.41780572061460564,0.9798911816496257,0.6277565154000364,0.34172327904225874,0.7187898669582651,0.459783523177457,0.2594142259414226,0.2608695652173913,0.0,0.0,0.0,0.0,0.0,0.6496156433828398,0.5235392395537479,1.0985597904844566,0.656207873414641,0.9489117414505843,0.9741210096546447,0.6119849954610102,0.6263461062363385,0.5603355169296265,0.43391063809394836,0.6655912516856991,0.6941813289483674,0.1460137240803256,0.1460137240803256,0.29242840441615975,1.203869525289865,0.37440090651928787,0.4135528374529728,0.9673551876154082,0.6056132677237106,0.3066005877958959,0.6655731729542557,0.42797680430514373,0.2594142259414226,0.043478260869565216,0.7668939245118183,0.0025000000000000005,0.3010270624269843,2,0.06515228748321533,0.960071325302124,1730,5000,0.056585341691970825,5000,5000,8,outer,64,0.0,9d884333bc62,
algebra,power10_algebra,both,latent,identity,0.1,5,13324,11336,48,True,202,70,281,351,2,6.3125,0,0.42433170657235025,0.4045956198996272,0.9956444410689913,0.5672333337943484,0.8052068629034445,0.8973331950303881,0.513020762496108,0.6918405441193337,0.029023097727597393,0.13031774502658872,0.06996519562462822,0.18843987230446954,0.03053637580694358,0.1291108277840466,0.0538551236193565,0.23206706707190597,0.1652492326635158,0.9782488516628426,0.39782649278640747,0.4814806580543518,0.5741386142827298,0.6593281742668791,0.16607437941869407,0.16607437941869407,0.2024813681056582,1.124747878503132,0.1811429386286759,0.30336361128838596,1.1461325647096097,0.5446758481692979,0.21742259201161232,0.6058112193483373,0.25059979728041654,0.18505338078291814,0.17857142857142858,0.0,0.0,0.0,0.0,0.0,0.4452763034792626,0.40334598220072304,1.1065986798394072,0.6165781547871022,0.886157887719359,0.9413595953297331,0.5455007639249758,0.6608599043489473,0.4422791600227356,0.5722046494483948,0.5741386142827298,0.6593281742668791,0.16754878888712174,0.16754878888712174,0.21613173209012532,1.166994994142064,0.15194956859778275,0.18752076061963532,1.232657313699432,0.5498824319785018,0.21141291044203733,0.5334229089687605,0.2093065848012444,0.18505338078291814,0.14285714285714285,0.6197464523919715,0.0025000000000000005,0.2365094833472749,2,0.06325297802686691,1.0320528745651245,1120,5000,0.05385512113571167,5000,5000,8,outer,64,0.0,9d884333bc62,
algebra,power10_algebra_wide,both,latent,identity,0.1,5,47596,45608,120,True,202,70,281,351,2,6.3125,0,0.3782621110030913,0.3702915704470386,0.9303075046102492,0.5439679921428497,0.7462923734078631,0.8638821524999015,0.4860758515775793,0.7143876160121159,0.030194257883679805,0.1338283927206203,0.071628159237418,0.19547217813514622,0.026753729103219586,0.12420427511045345,0.054849634458248135,0.23419998816876172,0.17007935657199016,0.9778471860212867,0.3451352119445801,0.4071870744228363,0.5741386142827298,0.6593281742668791,0.17555813200290038,0.17555813200290038,0.295470881242631,1.0634414548359346,0.11483252737054957,0.31503207173684944,1.1272275651591115,0.616392341283171,0.2296596704573593,0.6266375545851528,0.2862013527053415,0.18505338078291814,0.14285714285714285,0.0,0.0,0.0,0.0,0.0,0.40093819440295214,0.3799428484643755,1.0163091853012272,0.5706771434779395,0.8111855216684686,0.9006583823339839,0.5070990451400849,0.6895524609983297,0.3775278329849243,0.5031528472900391,0.5741386142827298,0.6593281742668791,0.18712997901711506,0.18712997901711506,0.332175713095869,1.0890413334416407,0.13597968049213044,0.2813383595279559,1.189753515205137,0.571800470272086,0.2042472741539748,0.6103459858918374,0.25648216058432555,0.18505338078291814,0.10714285714285714,0.6197464523919715,0.0025000000000000005,0.2365094833472749,2,0.06868013739585876,1.0234695672988892,1720,5000,0.05484963580965996,5000,5000,8,outer,64,0.0,9ae6dad07f60,
algebra,power10_algebra_wide,both,latent,identity,0.1,6,47596,45608,120,True,202,60,239,299,2,6.3125,0,0.6313038539570793,0.5051423724787795,1.0594080788122764,0.6344321412198218,0.9167066705272107,0.9574479988632336,0.5913355516394744,0.6390275281471455,0.027440525226795576,0.12503912176749168,0.0703186402619273,0.19131656125523766,0.03832223815220456,0.14650379880238257,0.05433483582592899,0.23309833938904195,0.16705378577239077,0.9781521790876692,0.5246632695198059,0.38337695598602295,0.6655912516856991,0.6941813289483674,0.17729942337823432,0.17729942337823432,0.25022876305333847,1.1554909883606332,0.367153486623579,0.44040997151998873,0.944961566344053,0.6124476034262802,0.32294913771205047,0.68234007654456,0.44796736231114814,0.2594142259414226,0.17391304347826086,0.0,0.0,0.0,0.0,0.0,0.628747645538901,0.5059492052894166,1.0935501815823228,0.6531069163863068,0.9386160029011822,0.9688219665661912,0.6040543460206766,0.6304002691580406,0.5369815230369568,0.4247019588947296,0.6655912516856991,0.6941813289483674,0.1610668770121692,0.1610668770121692,0.23349060335431243,1.168715195355587,0.3306067209614858,0.3764000474666853,0.9832521347080642,0.5661563696008748,0.30714883144769395,0.6420630581374158,0.429678599734134,0.2594142259414226,0.2608695652173913,0.7668939245118183,0.0025000000000000005,0.3010270624269843,2,0.06758695840835571,0.7597049474716187,2010,5000,0.05433483421802521,5000,5000,8,outer,64,0.0,9ae6dad07f60,
algebra,power10_algebra,both,latent,identity,0.1,7,13324,11336,48,True,202,77,309,386,2,6.3125,0,0.38574370550741793,0.39789494408319365,0.7228998687358921,0.51994388004783,0.6105144809930674,0.7813542608785514,0.4792609013929512,0.729580382381155,0.024208232836755723,0.12033613486461896,0.05766525527448937,0.17892914861891643,0.03459596842001099,0.13713948926159475,0.04537457931761054,0.2130130965870656,0.1572719441752796,0.9791327825266364,0.4065400958061218,0.42218270897865295,0.5883808750094432,0.6050900713539559,0.3167388903024775,0.3167388903024775,0.3425161981770186,1.0116834058512272,0.3946778304518098,0.48918311566291517,0.955403167253963,0.6387146407858919,0.36039921831596383,0.6922120961060481,0.43021839684915186,0.2297734627831715,0.23333333333333334,0.0,0.0,0.0,0.0,0.0,0.38446119658195016,0.39722640556369465,0.7208631874181615,0.5194993435865238,0.6087291904727578,0.7802109909971519,0.4787416975789141,0.7303711540907062,0.4009324908256531,0.41905519366264343,0.5883808750094432,0.6050900713539559,0.3230097063215361,0.3230097063215361,0.34427654243657996,1.0111422775625643,0.3930749408796407,0.48609234486152736,0.9542769027434753,0.6575334359095751,0.3680596772369027,0.6929814179192804,0.4372682690040509,0.2297734627831715,0.23333333333333334,0.593011094320587,0.0025000000000000005,0.2592570288382616,2,0.057294465601444244,0.6131129860877991,3470,5000,0.04537457600235939,5000,5000,8,outer,64,0.0,9d884333bc62,
unconstrained,power10_double,both,latent,identity,0.1,7,25276,23288,120,True,202,77,309,386,2,6.3125,0,0.41497749937732425,0.40205540685086605,0.9022042094783461,0.585453087231629,0.7397953061113388,0.8601135425694324,0.524320527104708,0.6723170866161381,0.041072662772338855,0.14780402908687207,0.08035835945307343,0.2069715054270972,0.03972112052468223,0.14467179904867605,0.06463224897408026,0.2542287335728994,0.1831819361301652,0.9702764143399725,0.38253241777420044,0.5110008120536804,0.5883808750094432,0.6050900713539559,0.23411517501468798,0.23411517501468798,0.23187868348375706,1.0407889240336419,0.21751273816413944,0.3397313929415401,1.1230903933558485,0.684814770978814,0.4226664697934841,0.6239791691324417,0.34394222495749,0.2297734627831715,0.2,0.0,0.0,0.0,0.0,0.274166464805603,0.4172579582023241,0.3973638192873386,0.9218960432650823,0.5902891767608928,0.7536833482441629,0.8681493812957324,0.5259807242697081,0.6661655551456253,0.39833715558052063,0.5304989814758301,0.5883808750094432,0.6050900713539559,0.23428708499435336,0.23428708499435336,0.2424695254635749,1.0506315527624905,0.20360721409522692,0.3308005336348587,1.1395594552231778,0.6655817256480058,0.3947467865814922,0.6260504201680671,0.37721739874463783,0.2297734627831715,0.23333333333333334,0.593011094320587,0.0025000000000000005,0.2592570288382616,2,0.07929516583681107,0.6300346851348877,2640,5000,0.06463224440813065,5000,5000,8,outer,64,0.0,37adf2549a53,
algebra,power10_algebra,both,latent,identity,0.1,8,13324,11336,48,True,202,73,294,367,2,6.3125,0,0.5366919093614892,0.4470813066653267,1.0347738155605541,0.5934809202100986,0.8687465134941991,0.9320657238061053,0.544681049028508,0.6648886122144301,0.029257641975121172,0.13469373258283565,0.0773010253491758,0.20749607593024766,0.04381731536843182,0.15865850829322012,0.05961785985615095,0.24416768798543134,0.18088163162435666,0.9763283486976418,0.40540599822998047,0.3822261393070221,0.5831587656871651,0.6393791028694537,0.039842743670686895,0.039842743670686895,0.11927117581573037,1.1946163487196133,0.12258808715425007,0.21461225434235706,1.1110566599448362,0.5962887200467563,0.3364920616040285,0.5875949736995909,0.3227231882382841,0.19727891156462585,0.3448275862068966,0.0,0.0,0.0,0.0,0.0,0.4971658839072756,0.4418593708647251,1.0052729751639669,0.5895024353481421,0.8359039447450699,0.9142778268912957,0.5402880805203364,0.6775573465586942,0.4067319929599762,0.3689424395561218,0.5831587656871651,0.6393791028694537,0.0765877782459174,0.0765877782459174,0.17989086998251608,1.1646712357212796,0.08976921635412768,0.2169386456497333,1.1199305788837526,0.5693308007013442,0.2975079782412643,0.5883985973115138,0.2900482454244925,0.19727891156462585,0.2413793103448276,0.6160502747108332,0.0025000000000000005,0.2332461538305984,2,0.06982956826686859,1.1812456846237183,1120,5000,0.05961785838007927,5000,5000,8,outer,64,0.0,9d884333bc62,
unconstrained,power10_double,both,latent,identity,0.1,8,25276,23288,120,True,202,73,294,367,2,6.3125,0,0.3801243367577408,0.37102624063604067,0.7643648520324029,0.5269403685539183,0.6362846802741823,0.7976745453342373,0.47496899258129255,0.7545587361545104,0.04427776572022216,0.15275607019532558,0.07623967754817028,0.2011978932400142,0.04707227682374747,0.1558646735111787,0.06381725988308284,0.2526207827615987,0.18226270769124914,0.9746609501469978,0.3158392906188965,0.40484970808029175,0.5831587656871651,0.6393791028694537,0.18536294081705185,0.18536294081705185,0.305852575310219,1.0409384614698407,0.35491717419004254,0.349112757846819,0.9792033178049313,0.6179865575686734,0.3316691420980711,0.6205435417884279,0.33257063674222126,0.19727891156462585,0.3103448275862069,0.0,0.0,0.0,0.0,0.27591896057128906,0.3983354476928726,0.38534494299395095,0.8219548494466344,0.5497446173047308,0.6807483821953805,0.8250747736995602,0.49494472586780414,0.7374072510832599,0.32792070508003235,0.4503464996814728,0.5831587656871651,0.6393791028694537,0.1711148083868998,0.1711148083868998,0.2679970675144588,1.0638699231622977,0.34679811000534727,0.3333024816335975,1.0160245172182691,0.6080508474576272,0.3165443579964395,0.6126534190531852,0.3131788722022765,0.19727891156462585,0.3448275862068966,0.6160502747108332,0.0025000000000000005,0.2332461538305984,2,0.06714415550231934,0.7307171821594238,1920,5000,0.06381726264953613,5000,5000,8,outer,64,0.0,37adf2549a53,
algebra,power10_algebra_wide,both,latent,identity,0.1,7,47596,45608,120,True,202,77,309,386,2,6.3125,0,0.34661330537799623,0.3661930192938718,0.7415375673157805,0.5040355461392692,0.6098961466698524,0.7809584794788084,0.45808803719080343,0.7298542656983409,0.023602406932482785,0.11758219784169333,0.0627007489677366,0.17673385614363982,0.026212932453463525,0.1238724288481585,0.0474274872542519,0.21777852799174646,0.1538506228243801,0.9781886751208833,0.425933837890625,0.4021275043487549,0.5883808750094432,0.6050900713539559,0.3513753185057197,0.3513753185057197,0.3646999727488296,0.9954512141547348,0.2666615491766305,0.447832311753389,1.036392166564256,0.650668718191502,0.39090983256459616,0.6661143330571665,0.350952948694781,0.2297734627831715,0.3333333333333333,0.0,0.0,0.0,0.0,0.0,0.4161185597761187,0.4069317767400535,0.9443339541465233,0.5779618714727934,0.7682621560230551,0.8765056508791345,0.5209518398952135,0.6597080578255061,0.45271116495132446,0.5368485450744629,0.5883808750094432,0.6050900713539559,0.29223803219550204,0.29223803219550204,0.29732613143198794,1.0524098483778508,0.1842271663341699,0.3726735838542916,1.1965417585225004,0.6965321339803527,0.39299976667427433,0.6726831577701503,0.3481625861103971,0.2297734627831715,0.26666666666666666,0.593011094320587,0.0025000000000000005,0.2592570288382616,2,0.0519859604537487,0.5873019099235535,1680,5000,0.04742748662829399,5000,5000,8,outer,64,0.0,9ae6dad07f60,
algebra,power10_algebra_wide,both,latent,identity,0.1,8,47596,45608,120,True,202,73,294,367,2,6.3125,0,0.49545477921351944,0.42783470853639655,0.9622536188076581,0.562794168214302,0.806654005609612,0.8981391905543439,0.5178076816550001,0.6888402553751014,0.030552778433989923,0.13377021829944108,0.07004989833815334,0.19248963277698147,0.056715068421205786,0.17713385236329734,0.05686803664363744,0.23847020074558045,0.1733193467009532,0.9774201835334915,0.36301979422569275,0.3067971467971802,0.5831587656871651,0.6393791028694537,0.01985098651766825,0.01985098651766825,0.12907398859352848,1.1618799569356346,0.08613693805213328,0.14916116038594532,1.0730132989288892,0.6041788427819988,0.29407674409447515,0.6183518410286382,0.33166530363694835,0.19727891156462585,0.3103448275862069,0.0,0.0,0.0,0.0,0.0,0.3626073801869498,0.3697012526753251,0.8038813905841977,0.5163431725057888,0.656790053785115,0.8104258471847471,0.4674625325623008,0.746648967231615,0.3683861196041107,0.37962329387664795,0.5831587656871651,0.6393791028694537,0.2894726642763487,0.2894726642763487,0.31286362407518686,1.0141663000624688,0.21379402911532847,0.32128873531248564,1.0408076193987381,0.5943892460549387,0.33762049948760575,0.5997223845704267,0.32297991514761537,0.19727891156462585,0.3793103448275862,0.6160502747108332,0.0025000000000000005,0.2332461538305984,2,0.06594319641590118,0.9576665163040161,1020,5000,0.056868039071559906,5000,5000,8,outer,64,0.0,9ae6dad07f60,
unconstrained,power10_double,both,latent,identity,0.1,9,25276,23288,120,True,202,67,266,333,1,6.3125,0,0.7603846581299375,0.5160162674998434,1.5848743377806684,0.764098314344649,1.310044444563758,1.1445717297591087,0.681404298729714,0.5530008210452818,0.05029722502024814,0.16169385346562345,0.08871350574698664,0.21250681223074144,0.03589106321818414,0.1436692040270175,0.07208555794303956,0.2684875377797628,0.19061155164030535,0.9684790428103248,0.4110254645347595,0.5537118911743164,0.8245509646593266,0.8240694410768805,0.0898089815438463,0.0898089815438463,0.2753335001697587,1.0783421745849786,0.21044902774916285,0.3404205871898317,1.082538257703818,0.5367307828802612,0.2912950211644273,0.5112499112783022,0.292113663154437,0.2744360902255639,0.07692307692307693,0.0,0.0,0.0,0.0,0.38907989859580994,0.6988196467806101,0.5065318923974742,1.5290059321442735,0.7534792960568049,1.2522771703563857,1.1190519069088734,0.671163494837028,0.5727115447908002,0.43899714946746826,0.5705636739730835,0.8245509646593266,0.8240694410768805,0.20137652336414316,0.20137652336414316,0.30607449299526107,1.029554776561373,0.22851350990298386,0.3721724812348871,1.086295418793782,0.5829370430832564,0.33683417220681416,0.5524167790474838,0.2948756788289027,0.2744360902255639,0.15384615384615385,1.1321708361629135,0.0025000000000000005,0.3867803805305995,2,0.07766164839267731,0.8598713874816895,1540,5000,0.07208555936813354,5000,5000,8,outer,64,0.0,37adf2549a53,
algebra,power10_algebra,both,latent,identity,0.1,9,13324,11336,48,True,202,67,266,333,1,6.3125,0,0.6320289340875845,0.5041270613096597,1.375284772575496,0.734757681802204,1.127532826412859,1.0618534863213753,0.6578808083046893,0.6152754589796579,0.028198114692086152,0.1285424643027013,0.07574661111812601,0.19899021987312393,0.04028447524417735,0.15034367894784312,0.05802366638082338,0.24088102121342683,0.17310391353813387,0.9746279066685849,0.5060977935791016,0.5698890686035156,0.8245509646593266,0.8240694410768805,0.3741054309330527,0.3741054309330527,0.4155916609416269,0.972580720090912,0.28885764338432424,0.3826646858826098,1.046613372802741,0.6003264958478246,0.3538971244923798,0.5216126055788203,0.3024719203507523,0.2744360902255639,0.2692307692307692,0.0,0.0,0.0,0.0,0.0,0.6128660141041992,0.5076057817250484,1.351889400931806,0.7366307529294012,1.1055482719892702,1.051450556131514,0.6602890958612836,0.6227767905702071,0.513575553894043,0.6035077571868896,0.8245509646593266,0.8240694410768805,0.39038447786194064,0.39038447786194064,0.37923667553450086,0.9515457140778094,0.3285348332385117,0.39642932856839996,1.0423844262077788,0.5820853147845837,0.3514595092488072,0.5434736319114203,0.3023806600173564,0.2744360902255639,0.34615384615384615,1.1321708361629135,0.0025000000000000005,0.3867803805305995,2,0.07127267867326736,0.9131219387054443,3470,5000,0.058023665100336075,5000,5000,8,outer,64,0.0,9d884333bc62,
algebra,power10_algebra_wide,both,latent,identity,0.1,9,47596,45608,120,True,202,67,266,333,1,6.3125,0,0.804198608997502,0.5455497095506271,1.6812260658502955,0.7622322348285836,1.3888835802326978,1.178509049703352,0.6900047264025981,0.5261001849181992,0.032015516625506474,0.1363558955012579,0.08351147880941068,0.20523274433547306,0.04430053783265148,0.15363032590806863,0.06424030778902076,0.2534567177823874,0.17953770218045015,0.9719095468017418,0.5100043416023254,0.490285724401474,0.8245509646593266,0.8240694410768805,0.16337189736044982,0.16337189736044982,0.23819395850236147,1.1022401028363602,0.059406101411827394,0.19683627130153133,1.138007164526323,0.5243807225495066,0.3108091165895924,0.559372560153311,0.30501639634435207,0.2744360902255639,0.23076923076923078,0.0,0.0,0.0,0.0,0.0,0.7347953846329308,0.5272960134346562,1.5376102099664133,0.7411563838101113,1.2700052681885858,1.1269451043367578,0.6698695936849596,0.5666625552253652,0.49388718605041504,0.494953453540802,0.8245509646593266,0.8240694410768805,0.20463236468016927,0.20463236468016927,0.30069752502944874,1.0566532781982743,0.11132711625998011,0.2985561741963559,1.0903126401924579,0.5896089147561927,0.3327835620139629,0.5596564695862021,0.3132511697578677,0.2744360902255639,0.23076923076923078,1.1321708361629135,0.0025000000000000005,0.3867803805305995,2,0.0758599117398262,0.8537658452987671,740,5000,0.06424031406641006,5000,5000,8,outer,64,0.0,9ae6dad07f60,
unconstrained,power10_double,both,latent,identity,0.1,10,25276,23288,120,True,202,80,320,431,2,6.3125,0,0.4657241516689252,0.4420068516483899,1.203356431955848,0.6694248411985607,0.9574790051935405,0.9785085616352779,0.5936188446818371,0.6870165117356777,0.04965929486506512,0.15895019765937843,0.08899978850778656,0.2093045528329599,0.03914729069700455,0.15236472341770474,0.07237689361865256,0.26902954042010435,0.18868406204543783,0.9749196514562154,0.36788976192474365,0.6124238967895508,0.7281099586147576,0.7313235304340895,0.31566610666878936,0.31566610666878936,0.1704295513139777,0.9638643925116591,0.2659535622749303,0.26750047607886795,1.1483297466520508,0.6339924906132666,0.43254318548145104,0.599549436795995,0.3936533262968184,0.265625,0.40625,0.0,0.0,0.0,0.0,0.24672585725784302,0.47868372594118347,0.4446495163693129,1.2430039446827321,0.6727905732680781,0.9882305384355493,0.9940978515395501,0.596743554301823,0.676964362193647,0.3780594766139984,0.6200788021087646,0.7281099586147576,0.7313235304340895,0.293004540908674,0.293004540908674,0.19068734802097678,0.9740738281977148,0.2548357382309408,0.2843606260803328,1.1713947810154879,0.6365456821026283,0.42762352380489965,0.5835294117647057,0.38896953680089946,0.265625,0.40625,0.8878484319836717,0.0025000000000000005,0.28949924405830346,2,0.07436338067054749,0.7230448126792908,4360,5000,0.07237689197063446,5000,5000,8,outer,64,0.0,37adf2549a53,
algebra,power10_algebra,both,latent,identity,0.1,10,13324,11336,48,True,202,80,320,431,2,6.3125,0,0.4515980990301558,0.4423207484070121,0.846974107237922,0.576192979111593,0.715182104502,0.8456844000583197,0.531568902210066,0.7662192188057335,0.023562640672454088,0.11793563376033842,0.05897093161505735,0.17968198051402617,0.04083561516527848,0.14696910550696984,0.046563267401338385,0.21578523443771214,0.15794110582044926,0.983864698837226,0.5248074531555176,0.5099267959594727,0.7281099586147576,0.7313235304340895,0.4594450872647326,0.4594450872647326,0.35376431898749017,0.9138436365109469,0.4748189208961875,0.5094592293381772,0.8607538141098225,0.5962453066332917,0.38921296912942005,0.6516145181476847,0.47407424667554643,0.265625,0.34375,0.0,0.0,0.0,0.0,0.0,0.4343460831042922,0.44669286376653156,0.8961714638428655,0.6043691146410948,0.7422296702633411,0.8615275214776026,0.5518103643495738,0.7573778327960925,0.5194880366325378,0.4990428388118744,0.7281099586147576,0.7313235304340895,0.4793205304327194,0.4793205304327194,0.3742823111065538,0.8997115198061768,0.39888141886386247,0.4518551147441649,0.9285106651740549,0.615819774718398,0.3980372225019849,0.6161201501877347,0.4195808274960329,0.265625,0.40625,0.8878484319836717,0.0025000000000000005,0.28949924405830346,2,0.06991922855377197,0.6382871270179749,1920,5000,0.04656326398253441,5000,5000,8,outer,64,0.0,9d884333bc62,
algebra,power10_algebra,both,latent,identity,0.1,11,13324,11336,48,True,202,68,273,341,1,6.3125,0,0.48719682289197536,0.4497819269909215,0.9729462274756305,0.5871185645601528,0.8110297592810788,0.9005719067798411,0.541339685370409,0.7329874027104715,0.03043155484141188,0.13616858871080734,0.06590740683354303,0.19221215594358557,0.039622710849832876,0.14322975724972395,0.05270092527329238,0.22956682093301806,0.17063652296234924,0.9787550147297152,0.4699108600616455,0.36978551745414734,0.8086804539213719,0.7357960822138594,0.40340019393840937,0.40340019393840937,0.3634654310910215,0.8902137364849882,0.37170483218359074,0.41964344693520306,0.9482124859276433,0.6728235773461904,0.45395485780974193,0.686337090859704,0.48368538064076483,0.27106227106227104,0.2962962962962963,0.0,0.0,0.0,0.0,0.0,0.517735011584999,0.4606925039424591,1.0016079035561165,0.5938796255203384,0.8403169395657438,0.9166880273930406,0.5494839183277119,0.7233452829416148,0.49013328552246094,0.374024897813797,0.8086804539213719,0.7357960822138594,0.3777594637558994,0.3777594637558994,0.35065720561104846,0.9219617668732735,0.37196351934618554,0.42169902070878884,0.945897159140022,0.65095749015347,0.4166347095021598,0.674453347820182,0.4698301099758808,0.27106227106227104,0.2962962962962963,1.0187389489885685,0.0025000000000000005,0.3346234202050819,2,0.056338198482990265,0.7643673419952393,1450,5000,0.05270092561841011,5000,5000,8,outer,64,0.0,9d884333bc62,
unconstrained,power10_double,both,latent,identity,0.1,11,25276,23288,120,True,202,68,273,341,1,6.3125,0,0.5474157600941516,0.4562357057861706,1.2369381511966895,0.6609821061332936,1.0070973541625101,1.0035424027725535,0.5927333060175859,0.6684367285157182,0.05211915924599339,0.16129400507914113,0.09568587074082685,0.22043667304330375,0.036575763649511386,0.1419652194233712,0.07690449376202006,0.27731659481902643,0.19510981937101043,0.9689979857332635,0.4580315053462982,0.4754642844200134,0.8086804539213719,0.7357960822138594,0.3487324453875775,0.3487324453875775,0.22950751749324094,0.9355984325737683,0.17117437251965467,0.22970214896739155,1.1060487961373797,0.6565937797093576,0.4652956086127722,0.6285481461360859,0.3447131429815415,0.27106227106227104,0.4444444444444444,0.0,0.0,0.0,0.0,0.3235563635826111,0.6855761595894673,0.4955793764201704,1.4680729424840884,0.6932264946522032,1.2072406815192145,1.0987450484617505,0.6273441219081922,0.6025442146392194,0.507590115070343,0.5405746102333069,0.8086804539213719,0.7357960822138594,0.2122969396686005,0.2122969396686005,0.16406740264887537,1.042873994682798,0.11351067608072969,0.22483960597152952,1.1774299034688123,0.6790031237267418,0.4118701175505537,0.6054597310878717,0.34630538498329533,0.27106227106227104,0.25925925925925924,1.0187389489885685,0.0025000000000000005,0.3346234202050819,2,0.07954967767000198,1.058295488357544,1880,5000,0.07690449059009552,5000,5000,8,outer,64,0.0,37adf2549a53,
algebra,power10_algebra_wide,both,latent,identity,0.1,10,47596,45608,120,True,202,80,320,431,2,6.3125,0,0.4710677736670104,0.4461175402975899,0.904101431145547,0.5930971626129367,0.7597568786527015,0.8716403378990106,0.5441039551744878,0.751648488558274,0.02359422108763919,0.11837079565349817,0.060198840836380385,0.17805223524815234,0.040803595531599894,0.151871379959984,0.04731014100242266,0.21750894464923198,0.15755786877567038,0.983605889025188,0.485596239566803,0.5040655136108398,0.7281099586147576,0.7313235304340895,0.42028346471008915,0.42028346471008915,0.34826002329124317,0.9350156680482561,0.444491704776634,0.45294299138663463,0.8988405134997572,0.6072090112640801,0.38155840144751985,0.6508635794743429,0.47165574447595093,0.265625,0.34375,0.0,0.0,0.0,0.0,0.0,0.49391107594104044,0.4576888375776921,0.941017397768006,0.6036433724548619,0.7919819571590174,0.8899336813263208,0.5549918608291388,0.7411146623064288,0.4801374673843384,0.5001298785209656,0.7281099586147576,0.7313235304340895,0.39097206694925546,0.39097206694925546,0.33817914481586736,0.9534430943314978,0.429453718273776,0.43516644629527523,0.9133903576590319,0.5816270337922403,0.36361979528710725,0.6389987484355445,0.4595147102638744,0.265625,0.3125,0.8878484319836717,0.0025000000000000005,0.28949924405830346,2,0.08237926661968231,0.5601223111152649,2990,5000,0.04731013998389244,5000,5000,8,outer,64,0.0,9ae6dad07f60,
algebra,power10_algebra,both,latent,identity,0.1,12,13324,11336,48,True,202,70,279,349,2,6.3125,0,0.5464181953844849,0.45306849343103184,1.0556801327974366,0.6151340150557495,0.885926153659786,0.9412365025113433,0.5611121745141768,0.6435912210423195,0.024342518364435507,0.12274512210700662,0.06369579745578023,0.1892165298101675,0.04156578642406723,0.15695363857935932,0.04971716598939029,0.22297346476518298,0.16609406802686866,0.977301839591923,0.5132736563682556,0.5152170658111572,0.7004007682085326,0.7250544289708886,0.2894519524529329,0.2894519524529329,0.3584551713467935,1.0667133755196931,0.37909863977965186,0.4447664909547017,0.9871544967588034,0.58274622573688,0.28301502452790356,0.6450035945363048,0.384694213554299,0.23297491039426524,0.18518518518518517,0.0,0.0,0.0,0.0,0.0,0.5466630277105886,0.4504441594429245,1.0600404103266856,0.6137818949810971,0.88891461612132,0.9428226854087252,0.5593359831350396,0.6423889602754642,0.5162809491157532,0.5153079032897949,0.7004007682085326,0.7250544289708886,0.2892523700006101,0.2892523700006101,0.35759802296411725,1.0698580370187714,0.37354971164316725,0.4438441412768403,0.9910605812972023,0.5794392523364486,0.2822167819759923,0.6432782171099929,0.3825719022075052,0.23297491039426524,0.2222222222222222,0.8428322392235783,0.0025000000000000005,0.3375737119457348,2,0.062451791018247604,0.5265693068504333,3900,5000,0.049717165529727936,5000,5000,8,outer,64,0.0,9d884333bc62,
algebra,power10_algebra_wide,both,latent,identity,0.1,11,47596,45608,120,True,202,68,273,341,1,6.3125,0,0.5073705723321389,0.43624130408431766,1.0314613682935396,0.5993149188656521,0.8567644363064059,0.9256157066009661,0.5449570472718739,0.71793032896073,0.025656834540410237,0.12275054921901098,0.0685753358549079,0.1919567701635615,0.03768735849113661,0.1382015169608687,0.05268523463578866,0.2295326439437072,0.16595678085643978,0.9787613399955605,0.42270007729530334,0.42751267552375793,0.8086804539213719,0.7357960822138594,0.3860729159428671,0.3860729159428671,0.43814302110512926,0.9180844489866449,0.31520504265606725,0.44094306026734104,0.9857524424296994,0.658902621214179,0.4258881884889971,0.647358413690072,0.39105678895114815,0.27106227106227104,0.37037037037037035,0.0,0.0,0.0,0.0,0.0,0.5123007517828928,0.4458498704834196,1.0419727969657175,0.6081426473979877,0.8654154485714427,0.9302770816114104,0.5540450550931317,0.7150821853166315,0.42943382263183594,0.43281489610671997,0.8086804539213719,0.7357960822138594,0.3767570484016919,0.3767570484016919,0.3937384400700201,0.9224332200365771,0.30916939271529825,0.4452694820207701,0.9915319087661042,0.6696998506043732,0.4310729177177256,0.6607361129974194,0.4039342625718508,0.27106227106227104,0.3333333333333333,1.0187389489885685,0.0025000000000000005,0.3346234202050819,2,0.05299362540245056,0.6695811152458191,4080,5000,0.05268522724509239,5000,5000,8,outer,64,0.0,9ae6dad07f60,
unconstrained,power10_double,both,latent,identity,0.1,12,25276,23288,120,True,202,70,279,349,2,6.3125,0,0.4782193574551904,0.41801668370037093,1.1381777583291781,0.6351590856623288,0.9181916247045155,0.9582231601795667,0.5627782850083428,0.6306107970080579,0.05034692153335313,0.15828777723850115,0.08796374753230417,0.21609856354905785,0.04648291738370583,0.16123131585056183,0.07266020726170953,0.2695555736053505,0.19342799237377997,0.9668272918037532,0.3699207603931427,0.5162186026573181,0.7004007682085326,0.7250544289708886,0.21681779401224002,0.21681779401224002,0.3307099481704958,1.024142930935501,0.20905500755914708,0.3132621092066439,1.0920764311490434,0.6245147375988498,0.3056467007339374,0.5877785765636233,0.29072602067727477,0.23297491039426524,0.25925925925925924,0.0,0.0,0.0,0.0,0.30686309933662415,0.49514389047561685,0.42984273066771606,1.1484680958542914,0.6454292721442871,0.9306933607280666,0.9647244999107604,0.5735670916520968,0.6255813389063883,0.39130648970603943,0.5109625458717346,0.7004007682085326,0.7250544289708886,0.20720744989063206,0.20720744989063206,0.3151594500936807,1.0399309876558813,0.2152187977583765,0.31773475229033366,1.084688353473916,0.6175413371675054,0.29679942807643434,0.5861250898634076,0.2835608804814588,0.23297491039426524,0.2962962962962963,0.8428322392235783,0.0025000000000000005,0.3375737119457348,2,0.07642969489097595,0.5324610471725464,3000,5000,0.07266020774841309,5000,5000,8,outer,64,0.0,37adf2549a53,
algebra,power10_algebra,both,latent,identity,0.1,13,13324,11336,48,True,202,71,286,357,1,6.3125,0,0.45112148384274126,0.44019927974309403,0.9405978305532017,0.59819451026717,0.7774390483163817,0.8817250412211177,0.5455294334258113,0.7337373304403138,0.033430771336703496,0.13872924162119543,0.069217465137819,0.1982238946908398,0.037135261010875054,0.14033078541099844,0.055363475269237294,0.23529444377043265,0.1747566127296786,0.9792475965940292,0.49368250370025635,0.5107961893081665,0.69235364343258,0.6817598717792775,0.36952352860267956,0.36952352860267956,0.25961291596721636,0.9657754525222516,0.33144800013316766,0.3350993037770958,1.028403843797412,0.5532766990291262,0.35131662966280575,0.5796116504854368,0.3665432272715998,0.27972027972027974,0.32142857142857145,0.0,0.0,0.0,0.0,0.0,0.5117052397545084,0.45873213213585096,1.0571028424892106,0.6330059531236737,0.8753036415776432,0.9355766358656266,0.5749146794610661,0.7002199917967933,0.5100350379943848,0.5321103930473328,0.69235364343258,0.6817598717792775,0.33390859256645405,0.33390859256645405,0.2135926974181146,1.0195728321408166,0.27694248364617724,0.31553645327714647,1.0841539867908685,0.5631674757281553,0.3403639831434948,0.5455703883495147,0.33062101122756954,0.27972027972027974,0.2857142857142857,0.7899881343920842,0.0025000000000000005,0.2681018477464162,2,0.05761175975203514,0.8915799856185913,910,5000,0.055363476276397705,5000,5000,8,outer,64,0.0,9d884333bc62,
unconstrained,power10_double,both,latent,identity,0.1,13,25276,23288,120,True,202,71,286,357,1,6.3125,0,0.4724895630493417,0.4363145884477098,1.0522410406240357,0.6252186268276478,0.8589905480991379,0.926817429755795,0.5622506140343352,0.7058070121912152,0.0445109345239034,0.15521214507022468,0.07566548468539624,0.20392226983624423,0.03675254902905511,0.14227655982404414,0.06255556376804193,0.250111102848398,0.1833479852936819,0.976551719553565,0.4811936914920807,0.5816916227340698,0.69235364343258,0.6817598717792775,0.316064775634776,0.316064775634776,0.26751451372760743,0.9895196395596796,0.287547160474126,0.34967522849422716,1.1158866307657143,0.5984830097087378,0.3673068546028243,0.5841626213592233,0.3384785804590754,0.27972027972027974,0.32142857142857145,0.0,0.0,0.0,0.0,0.30465638637542725,0.48722044172995077,0.4384244458716307,1.1117333783390668,0.6358978475576479,0.9035623994693615,0.9505589931557964,0.5700733803289755,0.6905417381369287,0.47937679290771484,0.6256359815597534,0.69235364343258,0.6817598717792775,0.29023550238106904,0.29023550238106904,0.23924304193880572,1.0131772216550041,0.2939334368732657,0.36304337511012735,1.1458428893974841,0.616868932038835,0.3680895344709779,0.566504854368932,0.3302183263023854,0.27972027972027974,0.32142857142857145,0.7899881343920842,0.0025000000000000005,0.2681018477464162,2,0.07402678579092026,0.631747305393219,1650,5000,0.06255556643009186,5000,5000,8,outer,64,0.0,37adf2549a53,
algebra,power10_algebra_wide,both,latent,identity,0.1,12,47596,45608,120,True,202,70,279,349,2,6.3125,0,0.4864085155195384,0.42162281002695784,0.9064884501829359,0.5600713366898478,0.7664618052951367,0.8754780438681126,0.5139218278022178,0.6916518210750966,0.02525149860870424,0.12756639867150452,0.05148812415477359,0.17246049543607794,0.03850433653438719,0.1507897594227393,0.04233773494878742,0.20576135436176402,0.15685521983712641,0.980670887407635,0.42363739013671875,0.4543418288230896,0.7004007682085326,0.7250544289708886,0.3094106237869482,0.3094106237869482,0.3943031749715435,1.0058833349103613,0.4747561087547862,0.5068707246184619,0.895814563667926,0.5800143781452194,0.2956098457466886,0.7270309130122214,0.4992840995960379,0.23297491039426524,0.25925925925925924,0.0,0.0,0.0,0.0,0.0,0.5003124240050499,0.4328170614194596,0.9961392301529084,0.6044838411242209,0.8308636281036224,0.9115172121817681,0.5472615812226339,0.6657429177934853,0.46002197265625,0.47035297751426697,0.7004007682085326,0.7250544289708886,0.30785839776016566,0.30785839776016566,0.3642229994805999,1.0217662701279249,0.3557087016936945,0.4404155477461349,0.9732345290743323,0.5889288281811648,0.30242523580629943,0.6268871315600288,0.3326880868767955,0.23297491039426524,0.25925925925925924,0.8428322392235783,0.0025000000000000005,0.3375737119457348,2,0.05448419973254204,0.44729337096214294,2430,5000,0.04233773797750473,5000,5000,8,outer,64,0.0,9ae6dad07f60,
unconstrained,power10_double,both,latent,identity,0.1,14,25276,23288,120,True,202,73,290,363,2,6.3125,0,1.0701577404988931,0.7358113236719636,1.790290164552736,0.9187522950769629,1.5502460232014554,1.2450887611738592,0.8577719712752965,0.46717160295613025,0.06272680716502972,0.19455324279631486,0.11195316090070434,0.2544194086535976,0.1384067776135816,0.28636741739401417,0.09963869525147728,0.31565597610607227,0.23942195649869544,0.9678855002638272,0.7493563294410706,0.4513757824897766,0.6826052818248248,0.6977634544355721,0.1170833639159625,0.1170833639159625,0.11406359745964423,1.363518885401108,0.07662039496224758,0.1072425724853836,1.1561036174856534,0.5696767001114826,0.27790285559149697,0.5622008000524624,0.29139009037607055,0.23793103448275862,0.13793103448275862,0.0,0.0,0.0,0.0,0.39506030082702637,0.8682090498705396,0.6320254460168365,1.6305278459818362,0.8548572556095053,1.376421580611404,1.1732099473714857,0.7805799857452823,0.5269160549502931,0.74092036485672,0.6694615483283997,0.6826052818248248,0.6977634544355721,0.16530069001155884,0.16530069001155884,0.1588015110270285,1.318619996338627,0.24767271638206156,0.20398827982291806,1.213826619501218,0.5766279756049577,0.2988779828697934,0.5494786543379894,0.3253624572450357,0.23793103448275862,0.1724137931034483,0.7883948224247725,0.0025000000000000005,0.2700465045669941,2,0.10574056953191757,2.0131733417510986,370,5000,0.09963870048522949,5000,5000,8,outer,64,0.0,37adf2549a53,
algebra,power10_algebra,both,latent,identity,0.1,14,13324,11336,48,True,202,73,290,363,2,6.3125,0,0.5134144930010893,0.5062841842749255,0.9055864866010209,0.6521597761774068,0.7748624887343769,0.8802627384675423,0.6035345788765797,0.7336753446726249,0.027096087230752137,0.1286104194470597,0.05878682035845141,0.18267972405421506,0.05803832945780138,0.18548312145250775,0.04916080318018744,0.22172235606764473,0.16664601943159618,0.9841550052740503,0.5943236351013184,0.5218592286109924,0.6826052818248248,0.6977634544355721,0.3639903815702509,0.3639903815702509,0.41417332036011745,1.0541326757655394,0.5107044879684942,0.4940096462666537,0.8988597367814982,0.5958423503180537,0.34042664658716487,0.7069316020722671,0.4693380403656229,0.23793103448275862,0.2413793103448276,0.0,0.0,0.0,0.0,0.0,0.5134144930010893,0.5062841842749255,0.9055864866010209,0.6521597761774068,0.7748624887343769,0.8802627384675423,0.6035345788765797,0.7336753446726249,0.5943236351013184,0.5218592286109924,0.6826052818248248,0.6977634544355721,0.3639903815702509,0.3639903815702509,0.41417332036011745,1.0541326757655394,0.5107044879684942,0.4940096462666537,0.8988597367814982,0.5958423503180537,0.34042664658716487,0.7069316020722671,0.4693380403656229,0.23793103448275862,0.2413793103448276,0.7883948224247725,0.0025000000000000005,0.2700465045669941,2,0.08294828981161118,1.0768414735794067,4999,5000,0.049160804599523544,5000,5000,8,outer,64,0.0,9d884333bc62,
algebra,power10_algebra,both,latent,identity,0.1,15,13324,11336,48,True,202,64,254,318,1,6.3125,0,0.4897659205525454,0.468770961418241,0.8034559137296955,0.5672102531684773,0.6988925826706456,0.8359979561402322,0.5343971559183985,0.7251118729973041,0.02953960608776539,0.13235252977335332,0.06376711311594083,0.18342969951287352,0.03968869056692028,0.15448391437769182,0.05114774675350985,0.2261586760518151,0.16526534348894112,0.9803289336833275,0.5106140375137329,0.4441491961479187,0.6172400476135051,0.5679520642732239,0.24639267496819567,0.24639267496819567,0.2716918057877036,1.1409513691992876,0.3879445395509878,0.26630192209466025,0.9891598750813426,0.6048925891664098,0.2625294413639692,0.7424195703566656,0.46843874804773833,0.18503937007874016,0.2,0.0,0.0,0.0,0.0,0.0,0.49200614513746127,0.47225789616015823,0.8326754519881828,0.590936708051736,0.7191190163712757,0.8480088539462756,0.5513771040878768,0.7171564208809512,0.5585027933120728,0.48996633291244507,0.6172400476135051,0.5679520642732239,0.26464670713178673,0.26464670713178673,0.3304622437191863,1.1646875972018789,0.3851830108620774,0.27153253134685756,1.0271138915098217,0.6194881282762874,0.2688214186270109,0.6842429848905336,0.4149944115546465,0.18503937007874016,0.24,0.597002001844792,0.0025000000000000005,0.23434370842743568,2,0.05505174770951271,0.7454918026924133,1130,5000,0.05114774405956268,5000,5000,8,outer,64,0.0,9d884333bc62,
algebra,power10_algebra_wide,both,latent,identity,0.1,13,47596,45608,120,True,202,71,286,357,1,6.3125,0,0.4498130629251279,0.43572508469087823,0.8359626860312778,0.5683482578554798,0.7072461449958946,0.840979277387912,0.5241405334672794,0.7577774784914468,0.02344706867876405,0.11757412660913094,0.059081295700562246,0.17955704662375455,0.03670976109839564,0.13984133331522847,0.046200859770798214,0.21494385260062268,0.15707591901972523,0.9826821044921101,0.5029914975166321,0.4060736298561096,0.69235364343258,0.6817598717792775,0.3681711750808828,0.3681711750808828,0.3587130456193357,0.9557983029375298,0.4306809946924229,0.4406964024422304,0.9085679624138155,0.5699635922330097,0.3549004566547073,0.6177184466019418,0.41580264505256603,0.27972027972027974,0.32142857142857145,0.0,0.0,0.0,0.0,0.0,0.5336977919627344,0.47120262208886265,0.9601459862352291,0.6042536110310838,0.8179965881443975,0.9044316381819012,0.5599032813836766,0.7198469053982902,0.5549446940422058,0.43017274141311646,0.69235364343258,0.6817598717792775,0.30158724081282745,0.30158724081282745,0.3078550461092181,1.0379915745324422,0.35430141481462735,0.38916680238888196,0.9554496639101917,0.5551577669902912,0.33510004295650975,0.6183252427184466,0.39492049176831434,0.27972027972027974,0.17857142857142858,0.7899881343920842,0.0025000000000000005,0.2681018477464162,2,0.050808683037757874,0.697361171245575,1420,5000,0.04620085656642914,5000,5000,8,outer,64,0.0,9ae6dad07f60,
algebra,power10_algebra_wide,both,latent,identity,0.1,14,47596,45608,120,True,202,73,290,363,2,6.3125,0,0.29791241221754877,0.3712133632673729,0.6428509756916334,0.5253248007529914,0.5278714545336052,0.7265476271612241,0.4739543215911185,0.8185675713694083,0.02359438468113636,0.12152170712333048,0.04324406146690495,0.16119527157558797,0.02732630532270102,0.12890501605676935,0.03579932847592837,0.18920710471842322,0.14614954564639332,0.9884615357317386,0.5466370582580566,0.4956778287887573,0.6826052818248248,0.6977634544355721,0.6213338528414757,0.6213338528414757,0.608819654668082,0.7704325092442486,0.5664319275475941,0.6154134843540311,0.8453857380824787,0.7401141058430061,0.5571443634817481,0.7677880516755198,0.5327241561608649,0.23793103448275862,0.4482758620689655,0.0,0.0,0.0,0.0,0.0,0.29651256930767594,0.3722086901993078,0.6563186580620871,0.5316477632499453,0.5363832951439501,0.7323819325624781,0.4785014055663995,0.8156420032205947,0.5574952960014343,0.5103875398635864,0.6826052818248248,0.6977634544355721,0.6250352321715151,0.6250352321715151,0.5923701991618253,0.7706818004179173,0.549471393653385,0.5956303961956168,0.8630513181972623,0.7340809233392355,0.5579556583893412,0.748245786608958,0.5172241951186127,0.23793103448275862,0.4482758620689655,0.7883948224247725,0.0025000000000000005,0.2700465045669941,2,0.059030767530202866,0.8072237968444824,4300,5000,0.03579932823777199,5000,5000,8,outer,64,0.0,9ae6dad07f60,
unconstrained,power10_double,both,latent,identity,0.1,15,25276,23288,120,True,202,64,254,318,1,6.3125,0,0.4523764905981229,0.44516525461616124,0.9694736365440096,0.6119402542428938,0.797107921228714,0.8928090060190443,0.5563485877006495,0.6864818587024091,0.04968560451268544,0.16633490317148983,0.10739244173994088,0.23623392644740188,0.04449334784043542,0.16187415927475318,0.0839859893078902,0.28980336317560257,0.20805687002832163,0.9676995748550061,0.4321460723876953,0.4779917895793915,0.6172400476135051,0.5679520642732239,0.24360991214841657,0.24360991214841657,0.2396009351423492,1.0811552230354298,0.14286877452103378,0.1802318450021694,1.214418140808056,0.6556686195909137,0.3256888271652797,0.6131154281015521,0.3450605684274594,0.18503937007874016,0.28,0.0,0.0,0.0,0.0,0.26493388414382935,0.525321920718639,0.47645708966926303,1.178362196670719,0.6810046599947178,0.9606821046866922,0.9801439203947001,0.6128221365528996,0.622144931924709,0.5198553204536438,0.5819650292396545,0.6172400476135051,0.5679520642732239,0.1981244810649028,0.1981244810649028,0.31204682302412734,1.1766335535492742,0.138674369343129,0.174768365533011,1.3270985461411082,0.5841299208551752,0.25894763814695076,0.5717956624524618,0.22470961381957955,0.18503937007874016,0.2,0.597002001844792,0.0025000000000000005,0.23434370842743568,2,0.08717315644025803,0.8173933625221252,630,5000,0.08398599177598953,5000,5000,8,outer,64,0.0,37adf2549a53,
unconstrained,power10_double,both,latent,identity,0.1,16,25276,23288,120,True,202,76,302,378,2,6.3125,0,0.6996121483599481,0.542984916001172,1.6849450237564114,0.8323573677545719,1.3565007319575906,1.1646891138658377,0.735899883836772,0.5433189745349587,0.050635830714356775,0.16846376874437466,0.11481211532671481,0.25292678055867396,0.046572664848081556,0.1668490675781487,0.08894504917398517,0.29823656578961805,0.21923946411502906,0.970274555289094,0.635683536529541,0.7266414165496826,0.7807781695763442,0.7349722584166032,0.3041480266482954,0.3041480266482954,0.26800747884077536,1.0444325291466374,0.1739896316307086,0.22672790259818487,1.2856945831425812,0.6241550751354673,0.37401211132774265,0.5641025641025641,0.30077055567140515,0.2682119205298013,0.23333333333333334,0.0,0.0,0.0,0.0,0.3433282673358917,0.7467098872391039,0.5666503854683667,1.889489492648194,0.8740390029011413,1.5085629575118307,1.22823570926424,0.7715761304235499,0.49212553875966736,0.6545730233192444,0.816836953163147,0.7807781695763442,0.7349722584166032,0.28065746048442386,0.28065746048442386,0.2822862658534891,1.0815536313718674,0.15418410103012514,0.23801347594221262,1.3825176016724716,0.6070610580414502,0.3556745766620811,0.5705267862130606,0.2940416129082527,0.2682119205298013,0.26666666666666666,0.9722015114908698,0.0025000000000000005,0.3233084969807744,2,0.10794506967067719,1.029729962348938,2770,5000,0.08894503861665726,5000,5000,8,outer,64,0.0,37adf2549a53,
algebra,power10_algebra_wide,both,latent,identity,0.1,15,47596,45608,120,True,202,64,254,318,1,6.3125,0,0.4396317744831544,0.436690299858836,0.8018419414591652,0.5520003701905185,0.6811052191338282,0.8252909905807939,0.5135636800799577,0.7321079910964081,0.030319565979969723,0.1352046557881786,0.06365672322775744,0.18430929797367002,0.042689662118616446,0.15888575805674454,0.05160299535456618,0.22716292689293774,0.16707609756150213,0.9801538482496504,0.4804212749004364,0.4229922294616699,0.6172400476135051,0.5679520642732239,0.2708283162927405,0.2708283162927405,0.2837082385162213,1.103000232519129,0.26671278921405606,0.31145183229682893,1.0660320415172262,0.6775619282557303,0.37509031450785124,0.7230958988590812,0.4097288903219749,0.18503937007874016,0.32,0.0,0.0,0.0,0.0,0.0,0.49552383475687295,0.4680632103821451,0.9261193481382826,0.5862037797411643,0.7825875103444793,0.8846397630360503,0.5468235899548246,0.6921930204034309,0.5343217253684998,0.48087385296821594,0.6172400476135051,0.5679520642732239,0.22509761754616275,0.22509761754616275,0.28826330445034754,1.1778336417580584,0.22886693234188282,0.26277719702614477,1.159815132133285,0.6351115222530579,0.2818961308512683,0.7529036899989722,0.4602766335486019,0.18503937007874016,0.24,0.597002001844792,0.0025000000000000005,0.23434370842743568,2,0.05527392774820328,0.7435107231140137,650,5000,0.05160299688577652,5000,5000,8,outer,64,0.0,9ae6dad07f60,
algebra,power10_algebra,both,latent,identity,0.1,16,13324,11336,48,True,202,76,302,378,2,6.3125,0,0.7322442322262803,0.5789883035063234,1.4146277331456236,0.7687130368395669,1.1871665661725093,1.089571735211826,0.705471459061819,0.6003272006679439,0.030190263414152894,0.1359518497694106,0.07357454811125028,0.2086066323285419,0.04655195885965384,0.16320715015894466,0.05791324778152514,0.24065171468644295,0.1823650906333199,0.9806453865510681,0.6897534728050232,0.606009304523468,0.7807781695763442,0.7349722584166032,0.2934335859819013,0.2934335859819013,0.30692470250303283,1.08619929038688,0.26641025489011977,0.2678501992462343,1.1240317785542413,0.6396849338025808,0.3993854179705118,0.6713591419473772,0.3951729107955696,0.2682119205298013,0.3333333333333333,0.0,0.0,0.0,0.0,0.0,0.7380788669277615,0.5793966946650985,1.405273682120586,0.7660844723879329,1.1828754103896446,1.0876007587298038,0.7038552131469882,0.601771865884247,0.6860446929931641,0.6001105904579163,0.7807781695763442,0.7349722584166032,0.28567663651270625,0.28567663651270625,0.3008455847674931,1.0903315051063194,0.27641442759412244,0.27327558282219283,1.1116430111653293,0.6370593821574212,0.40111122984539127,0.6814703089212893,0.39862255221495896,0.2682119205298013,0.3333333333333333,0.9722015114908698,0.0025000000000000005,0.3233084969807744,2,0.06030398607254028,0.8789290189743042,4200,5000,0.057913247495889664,5000,5000,8,outer,64,0.0,9d884333bc62,
algebra,power10_algebra_wide,both,latent,identity,0.1,16,47596,45608,120,True,202,76,302,378,2,6.3125,0,0.653858422541229,0.546786885100557,1.2648843794052052,0.7256386938537427,1.0612090604505466,1.0301500184199128,0.6660214242693475,0.6427321928090931,0.0337192343981845,0.14136013011105283,0.07464863743412348,0.20540913831461233,0.04723371837676532,0.16754259573152694,0.05968998932527184,0.24431534811646985,0.1824817377438116,0.980051599341834,0.6272369623184204,0.5615516304969788,0.7807781695763442,0.7349722584166032,0.3193998814076842,0.3193998814076842,0.3959904813169487,1.0353118428088253,0.28088703920775626,0.33595879884571594,1.067367427032586,0.6456063907044299,0.37788026065237057,0.6939277135355567,0.41423909442731605,0.2682119205298013,0.23333333333333334,0.0,0.0,0.0,0.0,0.0,0.6710003394608466,0.5675382372519899,1.2610523477481,0.7316796718855506,1.064368344985682,1.03168228878162,0.6769658603410303,0.6416685846095167,0.6901950836181641,0.559161901473999,0.7807781695763442,0.7349722584166032,0.35521050083921496,0.35521050083921496,0.4063660331842518,1.0473847360472643,0.30360087720785073,0.33550318905072624,1.0469098144784497,0.6504105915870622,0.3712364815146619,0.6897380034634937,0.447737566907811,0.2682119205298013,0.2,0.9722015114908698,0.0025000000000000005,0.3233084969807744,2,0.07949589192867279,0.9102134704589844,2740,5000,0.05968999117612839,5000,5000,8,outer,64,0.0,9ae6dad07f60,
algebra,power10_algebra_m2x,both,latent,identity,0.1,9,25084,23096,78,True,202,67,266,333,1,6.3125,0,0.6188601504804241,0.48356941746249593,1.5128894245597384,0.7416594475627133,1.2148796665333004,1.1022157985318939,0.6556294375293076,0.5854719160692279,0.02768144786605377,0.12824835720304514,0.07480642345718137,0.20136478273063835,0.03583949779004122,0.14526128386605253,0.056876381200308614,0.2384876961193357,0.17396158588898564,0.9751295817348712,0.5265399217605591,0.6768868565559387,0.8245509646593266,0.8240694410768805,0.3575306294486896,0.3575306294486896,0.43887681892881447,0.9825229854164856,0.22964679998584392,0.3937484159837797,1.1493863415221754,0.569025480871602,0.34646265526818987,0.5433316771949748,0.29266695840261636,0.2744360902255639,0.3076923076923077,0.0,0.0,0.0,0.0,0.0,0.6194861238036181,0.4835578320339586,1.5128410334793805,0.7413420220763784,1.2150560635874597,1.1022958149187811,0.6554139587289052,0.5854117277766044,0.5272766947746277,0.6764626502990723,0.8245509646593266,0.8240694410768805,0.3576863000325006,0.3576863000325006,0.4389275074478649,0.9830627193633981,0.22966219330098897,0.3940391576779558,1.1488788753301964,0.5697352544538292,0.34643612744532337,0.5438285187025339,0.29292460290204925,0.2744360902255639,0.3076923076923077,1.1321708361629135,0.0025000000000000005,0.3867803805305995,2,0.05775781348347664,0.8581283092498779,4850,5000,0.05687638372182846,5000,5000,8,outer,64,0.0,fb747bda7207,
algebra,power10_algebra_m2x,both,latent,identity,0.1,7,25084,23096,78,True,202,77,309,386,2,6.3125,0,0.4627027789275854,0.41862264844766855,0.9275535538530676,0.5676090271375056,0.7726032955445735,0.8789785523803033,0.51794690090756,0.6577852053363571,0.022462700288992523,0.11717525763363361,0.061367899199644645,0.18366201844625368,0.03324371664882702,0.13404662997942213,0.04695178298590725,0.21668360110056148,0.15887737584024403,0.9784074457314287,0.4690331518650055,0.4644215404987335,0.5883808750094432,0.6050900713539559,0.23221498032631974,0.23221498032631974,0.26162048881278444,1.1147318739599918,0.19888863055671765,0.35574857338089405,1.1243422813378225,0.6632145816072907,0.3985959756551688,0.6589537223340041,0.34892200663247586,0.2297734627831715,0.26666666666666666,0.0,0.0,0.0,0.0,0.0,0.45998546515460276,0.4150236497025471,0.9246827838135218,0.5639592600494063,0.769783677593882,0.8773731689502945,0.5143140566004533,0.659034119214398,0.46674278378486633,0.4643842279911041,0.5883808750094432,0.6050900713539559,0.23204979250009683,0.23204979250009683,0.26124314144984356,1.11442786542042,0.19926917227311072,0.35602647430865403,1.1240300427223682,0.6574150787075393,0.3944062145163848,0.659427151142147,0.3491341984661217,0.2297734627831715,0.26666666666666666,0.593011094320587,0.0025000000000000005,0.2592570288382616,2,0.05997830256819725,0.6723206043243408,4960,5000,0.0469517819583416,5000,5000,8,outer,64,0.0,fb747bda7207,
algebra,power10_algebra_m2x,both,latent,identity,0.1,10,25084,23096,78,True,202,80,320,431,2,6.3125,0,0.45683409350296245,0.44796728788605017,0.9429948314521177,0.6105449014151718,0.7809412521357326,0.8837088050572612,0.5563523635721312,0.7447236796868011,0.029252556555872947,0.13107684425109586,0.05853571356466525,0.17872792469027687,0.0398203617889514,0.14911521419491122,0.04791932516254327,0.2189048312910048,0.1615328027195038,0.9833947919429662,0.4739244878292084,0.4812125861644745,0.7281099586147576,0.7313235304340895,0.41428465716142465,0.41428465716142465,0.28798541733805993,0.9222124084293808,0.37326166327388655,0.3948476364515278,0.9529559798762564,0.5975969962453066,0.402807240478691,0.630488110137672,0.4333597102431251,0.265625,0.34375,0.0,0.0,0.0,0.0,0.0,0.4626560377169966,0.4459766992412712,1.091506893499139,0.6540457052440509,0.8818899415717584,0.9390899539297385,0.5846893699097909,0.7117252820362828,0.4513327479362488,0.5607753396034241,0.7281099586147576,0.7313235304340895,0.3790851615345241,0.3790851615345241,0.31975425175050537,0.9436944185139896,0.26878864095992916,0.2870046948700671,1.0854648708859589,0.6252816020025032,0.4137723712235268,0.5904881101376721,0.37251998364364247,0.265625,0.40625,0.8878484319836717,0.0025000000000000005,0.28949924405830346,2,0.05218988656997681,0.6044420599937439,1820,5000,0.04791932925581932,5000,5000,8,outer,64,0.0,fb747bda7207,
algebra,power10_algebra_m2x,both,latent,identity,0.1,5,25084,23096,78,True,202,70,281,351,2,6.3125,0,0.4072101202832462,0.3974635062660992,0.9719696716390273,0.5647506050656375,0.7837164878537669,0.8852776332054069,0.5089882387991247,0.700065091856173,0.03119155576774928,0.13358716727854117,0.06906494640389764,0.18984636809397015,0.03241410768821622,0.13616568675595825,0.054145426125829614,0.23269169758680608,0.16775693201882175,0.9781316035264244,0.3845808804035187,0.49678611755371094,0.5741386142827298,0.6593281742668791,0.209815515889517,0.209815515889517,0.28082456273188455,1.0881131823729122,0.20790200496235972,0.3110601520838516,1.1415223248624826,0.588931810547531,0.24435680113427113,0.5729761504870675,0.24114920492582176,0.18505338078291814,0.21428571428571427,0.0,0.0,0.0,0.0,0.0,0.418854030781615,0.40204687252633586,0.9901054011863328,0.5716063479623952,0.7996882777180935,0.8942529159684599,0.515086522817042,0.6939525532020889,0.39878740906715393,0.5043298602104187,0.5741386142827298,0.6593281742668791,0.20997028621092448,0.20997028621092448,0.2767835509307834,1.0975304822991612,0.2030790226925137,0.3377206622029443,1.1485181592455485,0.5615552569701041,0.22131347405390517,0.5904433993953644,0.24093391887352444,0.18505338078291814,0.17857142857142858,0.6197464523919715,0.0025000000000000005,0.2365094833472749,2,0.07351379841566086,0.8174727559089661,2470,5000,0.05414542555809021,5000,5000,8,outer,64,0.0,fb747bda7207,
algebra,power10_algebra_m2x,both,latent,identity,0.1,8,25084,23096,78,True,202,73,294,367,2,6.3125,0,0.37751149313183174,0.36974710666880556,0.7933543358883833,0.5241878004128829,0.6547400549695328,0.8091600922991277,0.4727075691648571,0.7474397363885299,0.028379630686590808,0.12508323492998327,0.07316771871816988,0.19215423013248795,0.039149962285810205,0.14259006621158765,0.056414987085259445,0.2375183931514767,0.16719833830884084,0.9776000697487044,0.40133675932884216,0.38150298595428467,0.5831587656871651,0.6393791028694537,0.2847260496389746,0.2847260496389746,0.3621874642145862,1.0465525858642697,0.2932485532594745,0.22821785392585914,1.0103211750100392,0.6803769725306839,0.3757879914560396,0.6062244301578025,0.3046299412583535,0.19727891156462585,0.3793103448275862,0.0,0.0,0.0,0.0,0.0,0.4307726496852076,0.41402913769107685,0.8710485689154583,0.5645497375151933,0.7242899291720414,0.8510522482033881,0.5143762042404878,0.7206114792360825,0.4389614462852478,0.42482924461364746,0.5831587656871651,0.6393791028694537,0.23333896661097364,0.23333896661097364,0.2975177761276316,1.0936066273788532,0.27783502197807686,0.26173814698552533,1.0386123580475068,0.6046171829339568,0.31283823697204133,0.6263880771478667,0.320682268769381,0.19727891156462585,0.27586206896551724,0.6160502747108332,0.0025000000000000005,0.2332461538305984,2,0.06084003672003746,0.8322344422340393,2800,5000,0.05641498789191246,5000,5000,8,outer,64,0.0,fb747bda7207,
algebra,power10_algebra_m2x,both,latent,identity,0.1,6,25084,23096,78,True,202,60,239,299,2,6.3125,0,0.6501850028243622,0.5202426047691795,1.167321236546488,0.6823588136230208,0.9949424919724463,0.9974680405769633,0.628320077338407,0.6082205331044634,0.028397363647975807,0.12991731113111393,0.07500029680698596,0.20027776111155537,0.029806896297007723,0.13101469996693924,0.05663287870137601,0.23797663478034142,0.1724484375155784,0.9772281452072232,0.5915776491165161,0.49983689188957214,0.6655912516856991,0.6941813289483674,0.1972572492646266,0.1972572492646266,0.3148252083260082,1.197765757803001,0.32070813529149494,0.37303452761857875,1.0341423881437009,0.6212866776016038,0.3469564969476494,0.6298523783488246,0.36897700314720394,0.2594142259414226,0.17391304347826086,0.0,0.0,0.0,0.0,0.0,0.6635971872165434,0.5245377878437222,1.1804087251366295,0.6837791452927504,1.008138212496601,1.0040608609524628,0.630698692809741,0.6030244414770903,0.5989176630973816,0.5026070475578308,0.6655912516856991,0.6941813289483674,0.1939707063378831,0.1939707063378831,0.3126962395836996,1.2090112732307894,0.32406605126800353,0.3718845592630357,1.03375030543755,0.6177328230362675,0.34460683867087955,0.6324038636777838,0.37590389025053217,0.2594142259414226,0.13043478260869565,0.7668939245118183,0.0025000000000000005,0.3010270624269843,2,0.05982924625277519,0.861717164516449,4190,5000,0.0566328763961792,5000,5000,8,outer,64,0.0,fb747bda7207,
algebra,power10_algebra_m2x,both,latent,identity,0.1,11,25084,23096,78,True,202,68,273,341,1,6.3125,0,0.45566651332443264,0.43010274637621204,0.955344626097714,0.5821775946038127,0.7887852551732869,0.8881358314882284,0.5314859785279458,0.740310885911019,0.029091756992351107,0.1290806206269418,0.07107942250892867,0.19251716115574166,0.037831755629652124,0.14525113695342445,0.055244558158746036,0.23504160942000468,0.16887655408743438,0.9777296163537997,0.4844571650028229,0.380678653717041,0.8086804539213719,0.7357960822138594,0.4954417786639348,0.4954417786639348,0.4500867584540834,0.8585982119437747,0.34320949402569934,0.4057196292329397,0.9602741412961744,0.6889854678799403,0.4565513195201378,0.6872198831997828,0.4302863815341256,0.27106227106227104,0.4444444444444444,0.0,0.0,0.0,0.0,0.0,0.48529786105035255,0.4378321203914141,1.0368249865738344,0.6166623579330008,0.8529826113993405,0.9235705773785459,0.5570522787524719,0.7191754064432441,0.5074412822723389,0.4319649636745453,0.8086804539213719,0.7357960822138594,0.44598423334589016,0.44598423334589016,0.38808749215576177,0.8791700827592398,0.27332292510552886,0.33426746611053176,1.0080669954804815,0.6777128887681652,0.44620832548486455,0.6167323101996469,0.3593099498442691,0.27106227106227104,0.4074074074074074,1.0187389489885685,0.0025000000000000005,0.3346234202050819,2,0.05736621469259262,0.7214828729629517,2000,5000,0.0552445612847805,5000,5000,8,outer,64,0.0,fb747bda7207,
algebra,power10_algebra_m2x,both,latent,identity,0.1,12,25084,23096,78,True,202,70,279,349,2,6.3125,0,0.49663747395073954,0.44334502049586555,0.901826435441672,0.5795892522162835,0.7667634482780279,0.8756503002215141,0.5341745083094775,0.6915304698690516,0.02711705540464034,0.13053156355483742,0.059262091451621514,0.18256202624476658,0.038484155382633375,0.15310774977086944,0.047585844899523846,0.2181417999823139,0.1640616872034306,0.9782748851591065,0.4597998559474945,0.5021417737007141,0.7004007682085326,0.7250544289708886,0.33600145862459063,0.33600145862459063,0.3762218335930334,0.9960792502850986,0.4893338131052734,0.5053021637989148,0.8791785924128573,0.595470884255931,0.2990843985416183,0.7214953271028038,0.47900817046269806,0.23297491039426524,0.25925925925925924,0.0,0.0,0.0,0.0,0.0,0.4752835170791626,0.4358188827653409,1.0268150196080243,0.6352459011189496,0.8429711854317371,0.9181346227170267,0.5687702283344135,0.6608720380868109,0.4701453149318695,0.5258883833885193,0.7004007682085326,0.7250544289708886,0.31489553411984456,0.31489553411984456,0.2846758998331289,1.0024228274794837,0.30034158742853956,0.3336576977020475,1.0241254525692989,0.6052480230050324,0.30089894416441393,0.6063263838964775,0.2910273333679262,0.23297491039426524,0.18518518518518517,0.8428322392235783,0.0025000000000000005,0.3375737119457348,2,0.07235763967037201,0.4858471751213074,1070,5000,0.04758584499359131,5000,5000,8,outer,64,0.0,fb747bda7207,
algebra,power10_algebra_m2x,both,latent,identity,0.1,13,25084,23096,78,True,202,71,286,357,1,6.3125,0,0.47150353206088064,0.4549590076025554,0.8651529246950395,0.5782767510337508,0.7339364604836532,0.8567009165885451,0.5371708365566856,0.748636395767919,0.021810938438825516,0.11310726231953741,0.053309785679073594,0.17150638772752566,0.033923817981711235,0.13541054913611117,0.04196132437286269,0.204844634718273,0.15045152653011648,0.9842712487501971,0.5710766315460205,0.3865754306316376,0.69235364343258,0.6817598717792775,0.4085812681236465,0.4085812681236465,0.3904792255241548,0.9731834153335496,0.41519477095863716,0.44561215421292444,0.9179175012060429,0.5871966019417476,0.36833002849449487,0.6084344660194175,0.3822273266163557,0.27972027972027974,0.25,0.0,0.0,0.0,0.0,0.0,0.49148469203986334,0.46837284263013834,0.8653428005832068,0.5895419094637812,0.740723431068759,0.8606529097544253,0.5491522205192335,0.7463119474267572,0.5833520293235779,0.39825165271759033,0.69235364343258,0.6817598717792775,0.37077773136527814,0.37077773136527814,0.3620324476550407,0.9967094281619813,0.45766463764391757,0.44482322638835475,0.8943725472620525,0.5690533980582524,0.35120659838338625,0.6052791262135923,0.37047087409409374,0.27972027972027974,0.2857142857142857,0.7899881343920842,0.0025000000000000005,0.2681018477464162,2,0.05280441790819168,0.6179391741752625,2140,5000,0.04196132719516754,5000,5000,8,outer,64,0.0,fb747bda7207,
algebra,power10_algebra_m2x,both,latent,identity,0.1,15,25084,23096,78,True,202,64,254,318,1,6.3125,0,0.42397194920859055,0.43967070709604555,0.7755929874043854,0.5570450184602054,0.6583859746724539,0.8114098684835266,0.5179202480054854,0.7410439144582486,0.03348698976605996,0.14208748260449652,0.06395020166384045,0.18486567668012055,0.041300870019304076,0.15726421353924142,0.052602252367419576,0.22935180916535097,0.1693318127334156,0.9797695409787559,0.4484957456588745,0.4501061737537384,0.6172400476135051,0.5679520642732239,0.30287943594211564,0.30287943594211564,0.36217561563232864,1.0498045774469578,0.32633016565178075,0.34843389286871573,1.0465609823959146,0.6780758556891767,0.36576492196609167,0.7722273614965568,0.48141733390915675,0.18503937007874016,0.36,0.0,0.0,0.0,0.0,0.0,0.5236919211323404,0.4985200118245967,0.8875312010300882,0.6170400290200531,0.7662514410641722,0.8753578931295315,0.5775333566215676,0.6986183160760365,0.5312251448631287,0.4572869539260864,0.6172400476135051,0.5679520642732239,0.2558922220562925,0.2558922220562925,0.3591113218497072,1.1474129022139248,0.3287735300735314,0.3242789170070319,1.0631870145465556,0.6374755884469113,0.30523788645029826,0.7236098262925275,0.38849023253316156,0.18503937007874016,0.24,0.597002001844792,0.0025000000000000005,0.23434370842743568,2,0.055714916437864304,0.6858077049255371,640,5000,0.05260225012898445,5000,5000,8,outer,64,0.0,fb747bda7207,
algebra,power10_algebra_m2x,both,latent,identity,0.1,16,25084,23096,78,True,202,76,302,378,2,6.3125,0,0.6339758716842101,0.5402974885637288,1.3382472275317778,0.7282023638288273,1.103490108915922,1.050471374629467,0.6655674054071279,0.6284978086204169,0.030193658738816288,0.13718974896230943,0.07231765044057943,0.20461696538550325,0.042269927458112026,0.1605614858932592,0.05674735104560322,0.23821702509603132,0.18007987821387825,0.9810350293618161,0.6252585649490356,0.6701719164848328,0.7807781695763442,0.7349722584166032,0.34058384986904455,0.34058384986904455,0.4236567680001813,1.0147403463043068,0.27574545701927444,0.3726286888001027,1.1433399705726512,0.6150494385788503,0.3451672679544473,0.6487347075582369,0.395575115412231,0.2682119205298013,0.26666666666666666,0.0,0.0,0.0,0.0,0.0,0.6623275614350982,0.537643641442694,1.3356345013254787,0.7251397918171024,1.111198854695352,1.054134173004249,0.6626410750256331,0.625902573804348,0.6296025514602661,0.6398302316665649,0.7807781695763442,0.7349722584166032,0.33412577730517024,0.33412577730517024,0.43088433175015384,1.0270295208519629,0.2770935741866116,0.3916796698261277,1.117426489621811,0.6254399195575666,0.3530931660197818,0.6280096084017652,0.37845052689798125,0.2682119205298013,0.23333333333333334,0.9722015114908698,0.0025000000000000005,0.3233084969807744,2,0.08199109882116318,0.8419871926307678,4420,5000,0.056747350841760635,5000,5000,8,outer,64,0.0,fb747bda7207,
algebra,power10_algebra_m2x,both,latent,identity,0.1,14,25084,23096,78,True,202,73,290,363,2,6.3125,0,0.6151160448780562,0.5588998175712653,1.0505710075433388,0.695537077527829,0.9054193533215779,0.9515352612076853,0.6499913242089744,0.6888022059320962,0.03118046022617923,0.13789076265877875,0.06987398380227418,0.20002121937947426,0.050914003137313854,0.17221392565709426,0.0563970725710374,0.23748067831096786,0.17863313123647007,0.9818226867821551,0.7051228284835815,0.49512752890586853,0.6826052818248248,0.6977634544355721,0.4085196702143321,0.4085196702143321,0.373085046318563,1.0978914668043083,0.43346756842748757,0.4903339291008012,0.9474985834866371,0.5986622073578596,0.4016849152502416,0.6852908387435241,0.401741673323553,0.23793103448275862,0.3103448275862069,0.0,0.0,0.0,0.0,0.0,0.6151160448780562,0.5588998175712653,1.0505710075433388,0.695537077527829,0.9054193533215779,0.9515352612076853,0.6499913242089744,0.6888022059320962,0.7051228284835815,0.49512752890586853,0.6826052818248248,0.6977634544355721,0.4085196702143321,0.4085196702143321,0.373085046318563,1.0978914668043083,0.43346756842748757,0.4903339291008012,0.9474985834866371,0.5986622073578596,0.4016849152502416,0.6852908387435241,0.401741673323553,0.23793103448275862,0.3103448275862069,0.7883948224247725,0.0025000000000000005,0.2700465045669941,2,0.07595166563987732,1.1875489950180054,4999,5000,0.056397076696157455,5000,5000,8,outer,64,0.0,fb747bda7207,
algebra,power10_algebra_m2x,both,latent,identity,0.1,3,25084,23096,78,True,202,64,257,321,0,6.3125,1,0.3887357013205819,0.38935173229276054,0.730442006378104,0.5199475623281461,0.6165399046922633,0.7852005506189251,0.47641561898301765,0.7632171289888184,0.029106160354875187,0.13445093745606793,0.07040860337288893,0.1914856223144529,0.03997482107665339,0.14556689604432016,0.055049117467519004,0.23462548341456646,0.16990382407164356,0.971674893450735,0.3947981297969818,0.27171438932418823,0.624247173031166,0.600675599158459,0.30882618998091826,0.30882618998091826,0.3527872901773595,0.9942716225146577,0.31802789925185027,0.3650443822957198,0.9645323232815058,0.6277310924369747,0.37054224423524207,0.605423987776929,0.39917459604864525,0.2723735408560311,0.24,0.0,0.0,0.0,0.0,0.0,0.38885941667741053,0.38871831036685317,0.7341258063804798,0.5162001914229013,0.6190370098127902,0.7867890503894867,0.47370623107088533,0.7622581128486544,0.39957278966903687,0.2806012034416199,0.624247173031166,0.600675599158459,0.31441730808858803,0.31441730808858803,0.3686173055605827,0.9925957725277553,0.30531333500962343,0.3864163523097457,0.9692231435711873,0.6450725744843392,0.38706718154368247,0.6184110007639418,0.4069065350133621,0.2723735408560311,0.24,0.6351476448634765,0.0025000000000000005,0.24198641121127815,2,0.06026529520750046,0.6274900436401367,2070,5000,0.055049117654561996,5000,5000,8,outer,64,0.0,fb747bda7207,
algebra,power10_algebra_m2x,both,latent,identity,0.1,1,25084,23096,78,True,202,60,242,302,2,6.3125,0,0.6509087347336371,0.4615852223879295,1.2437200952665548,0.6368993411499406,1.0461163084222491,1.0227982735721883,0.5784613015626034,0.6225716647572577,0.035295081818166534,0.14148731012363258,0.0835388619572154,0.20818937070224172,0.04232843438966587,0.15341823575314553,0.06505720381928848,0.25506313692748406,0.1828473276072847,0.9737756715205711,0.3907320201396942,0.4119001626968384,0.7236853112125092,0.6716918191595322,0.05512373832251831,0.05512373832251831,0.10106217461932286,1.1042531573583114,0.050666847672922496,0.12592457116536082,1.14736475694573,0.6416600159616919,0.38089529483736967,0.6259643522213354,0.35135251323198824,0.2603305785123967,0.25,0.0,0.0,0.0,0.0,0.0,0.4782035167780608,0.42428903713464133,1.0528115295289417,0.6146924373301906,0.8612755252786481,0.9280493118787644,0.5512246372650075,0.6892603766195861,0.4408837556838989,0.5212472081184387,0.7236853112125092,0.6716918191595322,0.339844120865964,0.339844120865964,0.3828870879040627,0.9652129137384025,0.20567081740957663,0.34297351316086383,1.1275296005609892,0.6831604150039905,0.3667276943388682,0.5647778664538441,0.3197573168772119,0.2603305785123967,0.3333333333333333,0.8270751336687069,0.0025000000000000005,0.29530161787387416,2,0.0699925646185875,0.4231608211994171,630,5000,0.06505720317363739,5000,5000,8,outer,64,0.0,fb747bda7207,
algebra,power10_algebra_m2x,both,latent,identity,0.1,0,25084,23096,78,True,202,66,266,332,1,6.3125,0,0.4139932285653406,0.41607138045600944,0.779083946673734,0.5360111853238748,0.6573870406376029,0.8107940802926492,0.4960312503679196,0.7601984593309015,0.021712737335897753,0.11223110754639033,0.05013953474440436,0.16873031331877755,0.03772116371051399,0.1427706951914613,0.04038283500905015,0.20095480837504273,0.1492164996976276,0.9860356637893227,0.5058349370956421,0.48303666710853577,0.6749444343461529,0.5842553322044434,0.3977337955047665,0.3977337955047665,0.3491645161238904,0.9582314221969148,0.391014607230058,0.4361538253095108,1.0343068510635467,0.6442255062944718,0.34811631485606337,0.6836343732895457,0.4140502081754394,0.23684210526315788,0.2692307692307692,0.0,0.0,0.0,0.0,0.0,0.42003666447261784,0.42229341683538374,0.7891905412720013,0.5418799618343719,0.6661392490055401,0.8161735409859475,0.5020177801680425,0.7570058301472584,0.5165001749992371,0.48478996753692627,0.6749444343461529,0.5842553322044434,0.3996781101278799,0.3996781101278799,0.3352007855126474,0.9632581061323183,0.3822995310071565,0.42736909052363786,1.0398307674675804,0.6413323950269763,0.3507389709591816,0.6702635077019313,0.39590193031726995,0.23684210526315788,0.2692307692307692,0.6852257480026052,0.0025000000000000005,0.2487000721143253,2,0.058856986463069916,0.7964328527450562,2830,5000,0.040382836014032364,5000,5000,8,outer,64,0.0,fb747bda7207,
algebra,power10_algebra_m2x,both,latent,identity,0.1,4,25084,23096,78,True,202,73,294,367,0,6.3125,1,0.6089190691675173,0.500412148078858,1.223541244512818,0.6701053546823028,1.0186671860643846,1.0092904369230813,0.6135409524811545,0.6640586743652548,0.02521175188455339,0.12032040837350669,0.07175665233478591,0.19301525685403276,0.031132202268829096,0.13217425812789357,0.053843167715131875,0.23204130605375387,0.16528662504576536,0.9780091656769401,0.5790073275566101,0.4316233694553375,0.8104189479295445,0.7907564643727457,0.3607726602364698,0.3607726602364698,0.15848030193740018,0.9780774268036305,0.2763783238796149,0.19160865248511624,0.9901734996648955,0.6255752416014726,0.4397600840967212,0.6477220432581684,0.4329773685644072,0.2789115646258503,0.41379310344827586,0.0,0.0,0.0,0.0,0.0,0.6171693768622647,0.5112968466794683,1.2555673160012064,0.6875483087655003,1.0427680029548925,1.0211601260110446,0.6287978214034897,0.656110582499885,0.6312538385391235,0.45291948318481445,0.8104189479295445,0.7907564643727457,0.3753650489086461,0.3753650489086461,0.1841396684780235,0.9889322177717759,0.25512145210755705,0.2024341754981625,1.0087291401791871,0.6562356189599633,0.4623087139692672,0.6362172112287161,0.42658847265476935,0.2789115646258503,0.3448275862068966,1.076287525145831,0.0025000000000000005,0.3534790323700732,2,0.06605719029903412,1.1083630323410034,1690,5000,0.053843170404434204,5000,5000,8,outer,64,0.0,fb747bda7207,
algebra,power10_algebra_m2x,both,latent,identity,0.1,2,25084,23096,78,True,202,74,294,368,1,6.3125,0,0.6421554453273297,0.5146435004383012,1.3129619647335133,0.7129565739457894,1.0893597915981188,1.0437240016393792,0.64685221610996,0.6215212293636152,0.035980303219054106,0.14594561161371264,0.08876506200177671,0.22820843313531053,0.05144981985003241,0.1654131808294616,0.0692864101035355,0.26322311848227825,0.19740845388913578,0.9760031778017395,0.6202898621559143,0.5913265347480774,0.6634971332151967,0.6956231010395416,0.2583731423382046,0.2583731423382046,0.27145218242326724,1.1493646853967174,0.21001834609169723,0.34539402618223203,1.1747223594390852,0.5451207729468599,0.26882043392182187,0.56682769726248,0.28387217648554713,0.23469387755102042,0.3103448275862069,0.0,0.0,0.0,0.0,0.0,0.5696384081678971,0.5008660722937,1.243654113909597,0.6995760224548974,1.018982211995697,1.0094464879307357,0.6333393724011649,0.6459726732426045,0.5875049829483032,0.5997483730316162,0.6634971332151967,0.6956231010395416,0.26733816876192396,0.26733816876192396,0.2856472304893497,1.1162073583812473,0.22129910092276933,0.316362537379156,1.1804658001758714,0.5605797101449275,0.2848697673867673,0.5627697262479872,0.28912952278907056,0.23469387755102042,0.27586206896551724,0.7643717300427518,0.0025000000000000005,0.26492104756961427,2,0.08046554028987885,0.8031915426254272,2760,5000,0.06928641349077225,5000,5000,8,outer,64,0.0,fb747bda7207,
additive,rep10_matched1x,both,latent,identity,0.1,5,1988,0,48,True,202,70,281,351,2,6.3125,0,0.42715992369663786,0.3896017133129986,0.862784676358407,0.5044237310831424,0.7175764254711506,0.8470988286328524,0.4661497251597612,0.7253774514183449,0.22822539641706543,0.29757449115405543,0.6313665840794775,0.42990559307424625,0.08661117454708916,0.1967283000455617,0.45778618688861167,0.6765989852849409,0.3677351015194487,0.8151081162101913,0.0,0.0,0.5741386142827298,0.6593281742668791,,,,0.9999999999984832,,,0.9999999999988498,,,,,0.18505338078291814,,0.0,0.0,0.0,0.0,0.0,0.43281178779536816,0.39746165575700587,0.8682398716331144,0.5121792031969841,0.7230971770205323,0.8503512080432016,0.4739400207169913,0.7232646132498086,0.0,0.0,0.5741386142827298,0.6593281742668791,,,,0.9999999999984832,,,0.9999999999988498,,,,,0.18505338078291814,,0.6197464523919715,0.0025000000000000005,0.2365094833472749,2,0.45984500646591187,1.1318800449371338,360,5000,0.4577861726284027,5000,5000,8,outer,64,0.0,c26ffacbda9c,0.0
additive,rep10_matched1x,both,latent,identity,0.1,6,1988,0,48,True,202,60,239,299,2,6.3125,0,0.5138662987610761,0.45963102524212607,0.9965550552844789,0.5889596938270331,0.8356588031100112,0.9141437540726356,0.5458501376320641,0.6709418252506708,0.2760477700806372,0.34377739330190876,0.7621798982824994,0.4770637564974839,0.10957467066229533,0.22719343435240272,0.553276279678814,0.7438254362945744,0.41301070279182517,0.7775298132456124,0.0,0.0,0.6655912516856991,0.6941813289483674,,,,0.9999999999988713,,,0.9999999999989624,,,,,0.2594142259414226,,0.0,0.0,0.0,0.0,0.0,0.5133643988306709,0.4589270757578892,0.9960616185236196,0.5883144631018254,0.8351625452926366,0.9138722806238498,0.5451853339871799,0.6711372371711611,0.0,0.0,0.6655912516856991,0.6941813289483674,,,,0.9999999999988713,,,0.9999999999989624,,,,,0.2594142259414226,,0.7668939245118183,0.0025000000000000005,0.3010270624269843,2,0.5537861585617065,0.7520870566368103,3400,5000,0.5532762408256531,5000,5000,8,outer,64,0.0,c26ffacbda9c,0.0
unconstrained,rep10_matched1x,both,latent,identity,0.1,6,13396,11408,76,True,202,60,239,299,2,6.3125,0,0.6127806807777207,0.4913321162875449,1.3109380752937771,0.6903929099578644,1.0782189437884249,1.038373219891781,0.6240393120677579,0.5754286841678121,0.05349127452726948,0.16614048939678863,0.09762514412524008,0.23117203996801552,0.042351225898841466,0.14953028931170287,0.0790392151322855,0.28113913838575644,0.2037668977928038,0.9682186466377928,0.4149223566055298,0.45623788237571716,0.6655912516856991,0.6941813289483674,0.05989379984838494,0.05989379984838494,0.11509462571639531,1.129843212953747,0.0655918487998495,0.1926545304314194,1.1614165914114567,0.6283943867322763,0.35373528194712,0.6211955531255696,0.35506357941427924,0.2594142259414226,0.21739130434782608,0.0,0.0,0.0,0.0,0.2934498190879822,0.6601889620085623,0.5091769398856647,1.3184286530834097,0.7092273055489307,1.0990154227251274,1.0483393642924639,0.6425438503278421,0.5672396345525191,0.5692112445831299,0.5008959174156189,0.6655912516856991,0.6941813289483674,0.14351909154080858,0.14351909154080858,0.2225095372877184,1.1992829268951148,0.1744299309292716,0.2297341426110193,1.1335163347732011,0.6019682886823401,0.3443240653596884,0.6238381629305632,0.34388020403179276,0.2594142259414226,0.30434782608695654,0.7668939245118183,0.0025000000000000005,0.3010270624269843,2,0.08291468024253845,0.8899532556533813,720,5000,0.07903922349214554,5000,5000,8,outer,64,0.0,03d6633dddff,-0.2902621737193398
unconstrained,rep10_matched1x,both,latent,identity,0.1,5,13396,11408,76,True,202,70,281,351,2,6.3125,0,0.3930274622176833,0.38210411398193195,0.9974409066572928,0.5856934771156551,0.7959697585107562,0.8921713728375038,0.5178303560710809,0.6953756618570287,0.052018085598865185,0.16085095830082324,0.07893120377121608,0.19940165520110387,0.029720665524013045,0.13066330011151756,0.06611639135534163,0.2571310781592564,0.18121285594798417,0.9732967387457504,0.3564177453517914,0.4762420356273651,0.5741386142827298,0.6593281742668791,0.17302037999378594,0.17302037999378594,0.1976438360609633,1.0706801220560829,0.1431323428511714,0.27675759067161343,1.1592798425724808,0.6286530063822641,0.2473286745900888,0.5531575411488076,0.21995915326231916,0.18505338078291814,0.17857142857142858,0.0,0.0,0.0,0.0,0.34228280186653137,0.40555159106192357,0.39253603279776067,1.0334590174014566,0.601581036477781,0.8241565419549455,0.9078306791219084,0.531899368584441,0.684588342163966,0.39110422134399414,0.5562592148780823,0.5741386142827298,0.6593281742668791,0.19258290465710964,0.19258290465710964,0.19589395234129087,1.0933772407943056,0.22281691756321054,0.3120934244826877,1.1739659496678807,0.618995633187773,0.2700843080665867,0.5815418206247901,0.2410330718975987,0.18505338078291814,0.21428571428571427,0.6197464523919715,0.0025000000000000005,0.2365094833472749,2,0.08217501640319824,0.9425672292709351,840,5000,0.06611639261245728,5000,5000,8,outer,64,0.0,03d6633dddff,-0.10924736412310865
shared_pair,rep10_matched1x,both,latent,identity,0.1,5,13396,11408,76,True,202,70,281,351,2,6.3125,0,0.4169571606719891,0.3974213689110738,1.143539698536668,0.625510465951054,0.9013455192484418,0.9493921841096238,0.5494807669377272,0.6550474697017287,0.03455047834273403,0.1408729322186271,0.08287123570713312,0.21009080571029873,0.032527394397377556,0.12609605783707067,0.0634939240184272,0.2519800071799888,0.18119875450253117,0.9743559077202335,0.42064788937568665,0.5857531428337097,0.5741386142827298,0.6593281742668791,0.15809004988148317,0.15809004988148317,0.21523610314876307,1.120932265233245,0.11890697076743725,0.24690748412638316,1.2622885832261397,0.5942223715149478,0.22442012450989793,0.613621095062143,0.23041694250975545,0.18505338078291814,0.21428571428571427,0.0,0.0,0.0,0.0,0.5362542867660522,0.43503549999352364,0.40145035898208964,1.2018056479613457,0.6283827911130471,0.9462155986387386,0.9727361402964005,0.5527386470693946,0.637875311977715,0.44742700457572937,0.595187246799469,0.5741386142827298,0.6593281742668791,0.15128217649982972,0.15128217649982972,0.20713474456186648,1.159617480180907,0.06872591508463827,0.23173154928663364,1.3000301632666322,0.5959019146792073,0.2200965054158329,0.5770070540812899,0.24385814610807877,0.18505338078291814,0.17857142857142858,0.6197464523919715,0.0025000000000000005,0.2365094833472749,2,0.06823891401290894,0.884568989276886,2170,5000,0.06349392980337143,5000,5000,8,outer,64,0.0,898d0ae64401,-0.256096894009068
shared_pair,rep10_matched1x,both,latent,identity,0.1,6,13396,11408,76,True,202,60,239,299,2,6.3125,0,0.6897768466919414,0.5218455073719244,1.4151626846771534,0.7442920953425134,1.1733674053487495,1.0832208479108725,0.6701432326856505,0.5379619824772115,0.03263482446825836,0.13384631514206727,0.07943847749285513,0.20547911854852985,0.03570913176023938,0.1393448301090382,0.06115039385426414,0.2472860567324089,0.17756505773027179,0.9754116703706149,0.5257291197776794,0.5059502124786377,0.6655912516856991,0.6941813289483674,0.04962538701238955,0.04962538701238955,0.17974578952920078,1.2287318441342245,0.09516558776839547,0.19723067051088217,1.1755217668681643,0.5993256788773464,0.33038111247703633,0.581465281574631,0.34053418915783695,0.2594142259414226,0.17391304347826086,0.0,0.0,0.0,0.0,0.687409520149231,0.6950457195496701,0.5226599734686631,1.4230419565610193,0.74414824784198,1.180376544223903,1.0864513538230338,0.6703188230508743,0.5352019870864624,0.5324649214744568,0.508164644241333,0.6655912516856991,0.6941813289483674,0.04437045402854585,0.04437045402854585,0.17785569248619948,1.2349866448174722,0.09385991631138296,0.19748690271087513,1.1779128208182283,0.6051576453435393,0.33244868084479107,0.5800072899580828,0.3381207764370365,0.2594142259414226,0.13043478260869565,0.7668939245118183,0.0025000000000000005,0.3010270624269843,2,0.07469123601913452,0.9448282718658447,4660,5000,0.06115039438009262,5000,5000,8,outer,64,0.0,898d0ae64401,-0.40412259283563157
unconstrained,rep10_matched1x,both,latent,identity,0.1,7,13396,11408,76,True,202,77,309,386,2,6.3125,0,0.442085278423513,0.41887771813741576,1.0607999813821762,0.6170675181024823,0.8545617470626219,0.9244250900222375,0.5510042514474601,0.6214827525524484,0.04282343362858483,0.15087843339315196,0.0856287304448486,0.2106999357228837,0.03401748888070774,0.13951004166091835,0.06779322385232578,0.26037131918152157,0.18586397051307535,0.9688227204169836,0.4176414906978607,0.5271369218826294,0.5883808750094432,0.6050900713539559,0.2306024185568138,0.2306024185568138,0.20444549969291592,1.0741717754411597,0.0945270472599801,0.2584044439744408,1.2544795371463133,0.6469404663273759,0.35869231811910307,0.6043318735945082,0.29598602421536857,0.2297734627831715,0.23333333333333334,0.0,0.0,0.0,0.0,0.31818732619285583,0.4408006102858721,0.41778468057730445,1.0459507521537184,0.6176922476004686,0.8442340381977693,0.9188220927893328,0.5510563919260806,0.6260572797243009,0.41396474838256836,0.5226135849952698,0.5883808750094432,0.6050900713539559,0.23452049459621244,0.23452049459621244,0.19667078145781555,1.0702290434701769,0.11206863812169299,0.2826664253378941,1.2388295771877251,0.6506687181915018,0.35701624192327674,0.6088886258728844,0.2963063192098504,0.2297734627831715,0.2,0.593011094320587,0.0025000000000000005,0.2592570288382616,2,0.0749506875872612,0.7302130460739136,4000,5000,0.06779322028160095,5000,5000,8,outer,64,0.0,03d6633dddff,-0.20405182656299203
additive,rep10_matched1x,both,latent,identity,0.1,7,1988,0,48,True,202,77,309,386,2,6.3125,0,0.46540621175758523,0.45541557285071077,0.8319044071158908,0.557849090767529,0.7097383419964556,0.8424596975502482,0.5237045847952563,0.6856304362512018,0.2412413396955515,0.32638514725245343,0.6558110959852961,0.46222100950314476,0.10219979699706766,0.2202653237707322,0.4779391349319005,0.6913314219185328,0.39815532582924323,0.7802016014772295,0.0,0.0,0.5883808750094432,0.6050900713539559,,,,0.9999999999985557,,,0.9999999999986344,,,,,0.2297734627831715,,0.0,0.0,0.0,0.0,0.0,0.4639103870074924,0.4538830853779563,0.830320154912241,0.5562927879552376,0.7081835656106581,0.8415364315409394,0.5221562204294772,0.6863191046592734,0.0,0.0,0.5883808750094432,0.6050900713539559,,,,0.9999999999985557,,,0.9999999999986344,,,,,0.2297734627831715,,0.593011094320587,0.0025000000000000005,0.2592570288382616,2,0.4783880412578583,0.7998768091201782,2910,5000,0.4779391288757324,5000,5000,8,outer,64,0.0,c26ffacbda9c,0.0
additive,rep10_matched1x,both,latent,identity,0.1,8,1988,0,48,True,202,73,294,367,2,6.3125,0,0.4519251410329262,0.440200772772741,0.8586438373719966,0.5395808165949265,0.7230709385923064,0.8503357799083292,0.5064541353208647,0.7210816942165484,0.29305920313968603,0.331638463583228,0.6997313969376918,0.45037798593047706,0.11674629821365158,0.22471191924199552,0.5214346365413699,0.7221043113992396,0.3930227444644963,0.7929610535674791,0.0,0.0,0.5831587656871651,0.6393791028694537,,,,0.9999999999985297,,,0.999999999998777,,,,,0.19727891156462585,,0.0,0.0,0.0,0.0,0.0,0.45619054577210666,0.4399839690455091,0.8628655216338119,0.5402684707429322,0.7273071963465768,0.852823074468894,0.5068403035104578,0.7194475947490973,0.0,0.0,0.5831587656871651,0.6393791028694537,,,,0.9999999999985297,,,0.999999999998777,,,,,0.19727891156462585,,0.6160502747108332,0.0025000000000000005,0.2332461538305984,2,0.530709981918335,0.9241674542427063,440,5000,0.5214346647262573,5000,5000,8,outer,64,0.0,c26ffacbda9c,0.0
shared_pair,rep10_matched1x,both,latent,identity,0.1,7,13396,11408,76,True,202,77,309,386,2,6.3125,0,0.45370086182951813,0.41686568344970093,1.0065117652787545,0.6097354303140007,0.8222414641290091,0.9067753107187079,0.5454455146925674,0.635798610446636,0.023467484129938092,0.11390963755229745,0.07292283678233538,0.19538094063839254,0.029858380991796055,0.13327181668327537,0.053898797369829755,0.23216114526300424,0.16488513891224518,0.9752125982613248,0.451456218957901,0.5353264808654785,0.5883808750094432,0.6050900713539559,0.2698271524356911,0.2698271524356911,0.31681376875551626,1.0713061592730253,0.19863812968129055,0.3203980094443608,1.1963929341370398,0.6485974671558764,0.3846579941528794,0.6345721387146407,0.323576920508215,0.2297734627831715,0.3,0.0,0.0,0.0,0.0,0.45629483461380005,0.45370086182951813,0.41686568344970093,1.0065117652787545,0.6097354303140007,0.8222414641290091,0.9067753107187079,0.5454455146925674,0.635798610446636,0.451456218957901,0.5353264808654785,0.5883808750094432,0.6050900713539559,0.2698271524356911,0.2698271524356911,0.31681376875551626,1.0713061592730253,0.19863812968129055,0.3203980094443608,1.1963929341370398,0.6485974671558764,0.3846579941528794,0.6345721387146407,0.323576920508215,0.2297734627831715,0.3,0.593011094320587,0.0025000000000000005,0.2592570288382616,2,0.06249144673347473,0.7937629818916321,4999,5000,0.05389879643917084,5000,5000,8,outer,64,0.0,898d0ae64401,-0.1585135189626199
unconstrained,rep10_matched1x,both,latent,identity,0.1,8,13396,11408,76,True,202,73,294,367,2,6.3125,0,0.4744545719616431,0.41375072451296724,0.9320305228035598,0.5549131186469343,0.7795052058562543,0.8828959201719386,0.5078589872689453,0.6993126680072599,0.042643028152088626,0.14973497657549273,0.08293543096358652,0.20476740672958416,0.05060553368777762,0.1645441662904656,0.06769934321198301,0.26019097450139006,0.18433331974565872,0.9731195442141087,0.2966647446155548,0.3323608338832855,0.5831587656871651,0.6393791028694537,-0.017461225331078297,-0.017461225331078297,0.09505692020546287,1.122065183114553,0.12965170687503935,0.1950793506504239,1.0583756547158352,0.64114552893045,0.33467291982106395,0.6277030976037405,0.3396839594301289,0.19727891156462585,0.27586206896551724,0.0,0.0,0.0,0.0,0.2549607455730438,0.4817343947188336,0.4130685282674951,1.0647778729647857,0.5865550950107968,0.8704300468828016,0.9329684061546787,0.5287262394296963,0.6642392038985696,0.3052229881286621,0.4331481456756592,0.5831587656871651,0.6393791028694537,-0.07195642482968191,-0.07195642482968191,0.11591699790924644,1.1490959721733307,0.04161718055503297,0.15359896489399255,1.190324742748188,0.6181326709526592,0.3247090733725627,0.5882524839275278,0.32208565649773246,0.19727891156462585,0.3103448275862069,0.6160502747108332,0.0025000000000000005,0.2332461538305984,2,0.07045497000217438,0.9949559569358826,1070,5000,0.06769934296607971,5000,5000,8,outer,64,0.0,03d6633dddff,-0.07804803685488393
unconstrained,rep10_matched1x,both,latent,identity,0.1,9,13396,11408,76,True,202,67,266,333,1,6.3125,0,0.7035789836332923,0.5039152214677878,1.5226661771602024,0.7444540069750134,1.2496371126512322,1.1178716888137172,0.6642744118059382,0.5736123566918726,0.05128420327130565,0.1615063648973629,0.09053900809103055,0.21924648847832906,0.04096637393242515,0.1465004579646632,0.0739686809869482,0.2719718385916972,0.19488939755858312,0.9676556068469542,0.4318690896034241,0.5771353244781494,0.8245509646593266,0.8240694410768805,0.19719754021766417,0.19719754021766417,0.2965951023413952,1.0332868684593328,0.23405534884711976,0.372680482210402,1.0857629039189791,0.5837887713819292,0.35023038607418666,0.5501455035843565,0.2989010284155651,0.2744360902255639,0.15384615384615385,0.0,0.0,0.0,0.0,0.40691712498664856,0.6985604958828877,0.5019906838872844,1.5381077935424943,0.7529221394072548,1.2582586943226255,1.121721308669237,0.669278320900598,0.5706705939567258,0.43567943572998047,0.57559734582901,0.8245509646593266,0.8240694410768805,0.20182573589989808,0.20182573589989808,0.30435315551970876,1.0289518211668163,0.22523365214532046,0.37036299674350176,1.090574671058742,0.5728582582156292,0.3320535923195758,0.5492227979274611,0.29196649656151547,0.2744360902255639,0.15384615384615385,1.1321708361629135,0.0025000000000000005,0.3867803805305995,2,0.07567977905273438,0.8952531218528748,2120,5000,0.07396867871284485,5000,5000,8,outer,64,0.0,03d6633dddff,-0.05155578101106917
additive,rep10_matched1x,both,latent,identity,0.1,9,1988,0,48,True,202,67,266,333,1,6.3125,0,0.7385078984886726,0.523199109219179,1.4133007214879785,0.662859230245835,1.1883697804882096,1.0901237454932398,0.616305856570283,0.5945173323110293,0.19952823684142276,0.30052629788319857,0.5783699158935622,0.43188118496541705,0.07711938548354748,0.20024655519083184,0.41627132915509496,0.6451909245758924,0.3701523737770864,0.8179764280113491,0.0,0.0,0.8245509646593266,0.8240694410768805,,,,0.9999999999992646,,,0.9999999999992637,,,,,0.2744360902255639,,0.0,0.0,0.0,0.0,0.0,0.7250344279677351,0.5198691822486528,1.3994965092707725,0.6591077908611678,1.1746758155030936,1.0838246239604883,0.6126949213236628,0.5991898387518471,0.0,0.0,0.8245509646593266,0.8240694410768805,,,,0.9999999999992646,,,0.9999999999992637,,,,,0.2744360902255639,,1.1321708361629135,0.0025000000000000005,0.3867803805305995,2,0.4175077974796295,0.7933030724525452,2020,5000,0.41627129912376404,5000,5000,8,outer,64,0.0,c26ffacbda9c,0.0
shared_pair,rep10_matched1x,both,latent,identity,0.1,8,13396,11408,76,True,202,73,294,367,2,6.3125,0,0.4480908785284142,0.41418319165978795,0.9549360313879199,0.5589586437760935,0.7859876471014181,0.8865594436367017,0.510700159737325,0.6968121228560996,0.03015281040273566,0.1275817186895822,0.07887849797300879,0.19894610595236192,0.048716452524472986,0.15555778467113557,0.06130691618509616,0.24760233477311186,0.17328571970000373,0.9756576981149925,0.33812564611434937,0.3608782887458801,0.5831587656871651,0.6393791028694537,0.07004629811880025,0.07004629811880025,0.10785207239603195,1.0982797464209308,0.15762835663838903,0.2313408801942713,1.0870411409086638,0.6132378725891292,0.2993973524381092,0.603375219170076,0.3014123667714944,0.19727891156462585,0.20689655172413793,0.0,0.0,0.0,0.0,0.46935901045799255,0.4641421600434137,0.4254136233901276,1.0151859295394277,0.5805893233475381,0.8315046730407564,0.9118687806042909,0.5288640900284013,0.6792543272350813,0.38131123781204224,0.3994691073894501,0.5831587656871651,0.6393791028694537,0.10405441882394521,0.10405441882394521,0.11499982882028846,1.1256117355263948,0.13616748284908048,0.20650046100467145,1.1332330235894932,0.6198129748684978,0.3155609383558942,0.6144798363530101,0.31617108217616674,0.19727891156462585,0.27586206896551724,0.6160502747108332,0.0025000000000000005,0.2332461538305984,2,0.06879953294992447,0.9774752259254456,1630,5000,0.0613069161772728,5000,5000,8,outer,64,0.0,898d0ae64401,-0.08701318937198543
shared_pair,rep10_matched1x,both,latent,identity,0.1,9,13396,11408,76,True,202,67,266,333,1,6.3125,0,0.7605421049238054,0.5442975369231675,1.662807869232399,0.7855269729537732,1.3620526144628677,1.167070098350081,0.7051171609435712,0.5352551565067165,0.03247376014960291,0.1342226269732742,0.09443429013015445,0.21281856414668365,0.04609944951047516,0.16002911435186076,0.07113659333055612,0.2667144415485523,0.1840799013169861,0.9688939979522166,0.4568135142326355,0.5330311059951782,0.8245509646593266,0.8240694410768805,0.11706281210804953,0.11706281210804953,0.1851206880886762,1.071176254554807,0.04716965423786398,0.1525851941705015,1.1322516234663627,0.5436865639860884,0.3075285921645502,0.5007452622613386,0.28293816381065395,0.2744360902255639,0.15384615384615385,0.0,0.0,0.0,0.0,0.6624201536178589,0.7482735365393538,0.532432395566362,1.7804871078539988,0.8012046807892567,1.4364159174157836,1.198505701870368,0.7116139190482919,0.5098817155503806,0.4410557448863983,0.6303054690361023,0.8245509646593266,0.8240694410768805,0.1702093075295197,0.1702093075295197,0.24246980606062538,1.0470795587334938,0.09781591320043265,0.20659142025086036,1.2109513762100688,0.5556817375257292,0.2975766204357184,0.5397828092838385,0.2981430914919645,0.2744360902255639,0.15384615384615385,1.1321708361629135,0.0025000000000000005,0.3867803805305995,2,0.07348090410232544,0.9496310949325562,790,5000,0.07113660126924515,5000,5000,8,outer,64,0.0,898d0ae64401,-0.14615217992442142
additive,rep10_matched1x,both,latent,identity,0.1,10,1988,0,48,True,202,80,320,431,2,6.3125,0,0.5035521226196487,0.4653601513123206,1.0355608395646285,0.6020240315118385,0.8582246005829686,0.9264041237942373,0.5564694047786659,0.7194610766944005,0.26118616064468547,0.3167439616387617,0.767223263833623,0.46506112822956525,0.09791223976441418,0.216189993869686,0.5507226662446757,0.7421069102526102,0.3965718442737823,0.8091612429077892,0.0,0.0,0.7281099586147576,0.7313235304340895,,,,0.9999999999990569,,,0.9999999999990651,,,,,0.265625,,0.0,0.0,0.0,0.0,0.0,0.5045329743306975,0.4666475403551981,1.0366263204722022,0.6035426739615808,0.8592618717583674,0.9269637920428,0.5579109627594531,0.7191220105122792,0.0,0.0,0.7281099586147576,0.7313235304340895,,,,0.9999999999990569,,,0.9999999999990651,,,,,0.265625,,0.8878484319836717,0.0025000000000000005,0.28949924405830346,2,0.5574021339416504,0.6061940789222717,400,5000,0.5507226586341858,5000,5000,8,outer,64,0.0,c26ffacbda9c,0.0
unconstrained,rep10_matched1x,both,latent,identity,0.1,10,13396,11408,76,True,202,80,320,431,2,6.3125,0,0.5198180668461289,0.4556846245845346,1.4439668750618477,0.7293099714448499,1.1359172723232747,1.0657941979215662,0.6381015224914113,0.6286880982841302,0.05247250787075785,0.16512025861202828,0.09431491538407935,0.22111840087693696,0.04153308956773647,0.1500637436104252,0.07665789572745713,0.2768716231892628,0.1974480683357902,0.9734361804250986,0.34992802143096924,0.6544525027275085,0.7281099586147576,0.7313235304340895,0.23622203834936317,0.23622203834936317,0.16459538789441303,0.9939356360739506,0.14674629660091337,0.1558825952890165,1.2617153053455707,0.6089612015018774,0.38614365950424995,0.55549436795995,0.3324291703921526,0.265625,0.34375,0.0,0.0,0.0,0.0,0.26397910714149475,0.5047094065974995,0.4470712875704589,1.2617882365762483,0.6816665235455612,1.0094286265833319,1.0047032529972877,0.6034681115538604,0.6700350702331549,0.33199232816696167,0.5896872282028198,0.7281099586147576,0.7313235304340895,0.2447350249161362,0.2447350249161362,0.24430975888436413,0.9825564914347317,0.21673410368251453,0.2605113636363637,1.161691993114562,0.6059574468085106,0.35931566223164974,0.5762202753441803,0.325499196563768,0.265625,0.25,0.8878484319836717,0.0025000000000000005,0.28949924405830346,2,0.08375635743141174,0.8435792326927185,2420,5000,0.07665789127349854,5000,5000,8,outer,64,0.0,03d6633dddff,-0.3235664318544085
additive,rep10_matched1x,both,latent,identity,0.1,11,1988,0,48,True,202,68,273,341,1,6.3125,0,0.5797807498811847,0.4590205967418487,1.1189311111130649,0.5887180244457215,0.9392143240357714,0.96913070534153,0.5454855485444307,0.6907856299938722,0.2583599384137285,0.3220043602210593,0.6184142226905126,0.44212580701397675,0.08361207778604644,0.2007192307928786,0.4587749649326078,0.6773292884060217,0.3828503545806639,0.8150569971622855,0.0,0.0,0.8086804539213719,0.7357960822138594,,,,0.9999999999992354,,,0.9999999999990764,,,,,0.27106227106227104,,0.0,0.0,0.0,0.0,0.0,0.589143515761531,0.46149641399185937,1.1289715358498456,0.5897478422918098,0.9490288624870741,0.9741811240662971,0.5469973661918263,0.687554422540519,0.0,0.0,0.8086804539213719,0.7357960822138594,,,,0.9999999999992354,,,0.9999999999990764,,,,,0.27106227106227104,,1.0187389489885685,0.0025000000000000005,0.3346234202050819,2,0.4614163637161255,0.9153902530670166,310,5000,0.45877495408058167,5000,5000,8,outer,64,0.0,c26ffacbda9c,0.0
shared_pair,rep10_matched1x,both,latent,identity,0.1,10,13396,11408,76,True,202,80,320,431,2,6.3125,0,0.6176731942115483,0.5081274188858463,1.3513143008028918,0.7187505584861873,1.1067672652724443,1.052030068616123,0.6485428452860738,0.6382167363432533,0.035381331897361486,0.14580709071627573,0.09349995427095412,0.2221674241983055,0.051249448318194155,0.1692746220705922,0.07194175412104017,0.2682196005534274,0.1940929067363,0.9750704378428596,0.3947831094264984,0.48766669631004333,0.7281099586147576,0.7313235304340895,0.1412226326237964,0.1412226326237964,0.11135850936044298,1.0567014965409638,0.12109119724722214,0.19355434989599504,1.1408145126416014,0.6197246558197747,0.42455000664265785,0.5540926157697121,0.3875394485364507,0.265625,0.375,0.0,0.0,0.0,0.0,0.5409132242202759,0.5905411810460172,0.4913887088922791,1.4561391548755689,0.7335829986283964,1.1676064969323852,1.0805584190280437,0.6528515687163574,0.618329433493829,0.4005013108253479,0.6109018921852112,0.7281099586147576,0.7313235304340895,0.12343469462611263,0.12343469462611263,0.09144467963554331,1.0564212380756486,0.11999260671350624,0.2231643497495093,1.2552036971514953,0.5890362953692115,0.3939506909262902,0.5941426783479349,0.36921987473844786,0.265625,0.375,0.8878484319836717,0.0025000000000000005,0.28949924405830346,2,0.09427665919065475,0.7782090902328491,950,5000,0.07194174826145172,5000,5000,8,outer,64,0.0,898d0ae64401,-0.2896009558810684
unconstrained,rep10_matched1x,both,latent,identity,0.1,11,13396,11408,76,True,202,68,273,341,1,6.3125,0,0.4998405363882012,0.4430293666753614,1.0760216283359199,0.6297151924441289,0.8839612643533469,0.9401921422525009,0.5674865838545398,0.7089764088218591,0.05357400799921408,0.16750596913045845,0.09163640655287347,0.2218549580010281,0.04225916275374619,0.156585043065323,0.07544424519319685,0.2746711582842233,0.19923440530290845,0.9695866463530671,0.44284072518348694,0.38595306873321533,0.8086804539213719,0.7357960822138594,0.3912592770859323,0.3912592770859323,0.3259770500002359,0.9002831197168802,0.26286774846306593,0.25849433681389455,1.007661006732032,0.6840961564579655,0.43114860651412656,0.6056634523971207,0.342867629055758,0.27106227106227104,0.3333333333333333,0.0,0.0,0.0,0.0,0.2948128581047058,0.5388593268992136,0.45158222794597397,1.130290992767386,0.6384193322867655,0.9331471041446618,0.9659953955090376,0.5761402975065016,0.6927831203731252,0.4891309142112732,0.45385387539863586,0.8086804539213719,0.7357960822138594,0.3802496394306541,0.3802496394306541,0.33291861101543363,0.9248939387334979,0.27700675421649334,0.3015873671197845,1.0306877514918686,0.6774412603558332,0.4409361818571237,0.6148309113133233,0.3538437436506948,0.27106227106227104,0.37037037037037035,1.0187389489885685,0.0025000000000000005,0.3346234202050819,2,0.09010868519544601,0.7878599166870117,1270,5000,0.07544424384832382,5000,5000,8,outer,64,0.0,03d6633dddff,0.058829021521950464
additive,rep10_matched1x,both,latent,identity,0.1,12,1988,0,48,True,202,70,279,349,2,6.3125,0,0.5275548278660024,0.45466725667148616,1.0482514352897334,0.5893945528810721,0.8746858994818231,0.9352464378343406,0.5444854541445434,0.6481131840187959,0.2111876566321538,0.3058453519643584,0.644130844947443,0.4476062060396627,0.08938152591587359,0.20738697958802144,0.46061072486131044,0.678683081313591,0.3819200522842649,0.7897101351108026,0.0,0.0,0.7004007682085326,0.7250544289708886,,,,0.9999999999989807,,,0.9999999999990489,,,,,0.23297491039426524,,0.0,0.0,0.0,0.0,0.0,0.5263357035463514,0.45071965136086917,1.0471658088160274,0.5859547406307918,0.8735557737261354,0.9346420564719605,0.5408763775408176,0.6485678344871102,0.0,0.0,0.7004007682085326,0.7250544289708886,,,,0.9999999999989807,,,0.9999999999990489,,,,,0.23297491039426524,,0.8428322392235783,0.0025000000000000005,0.3375737119457348,2,0.46174395084381104,0.5311152338981628,3020,5000,0.46061068773269653,5000,5000,8,outer,64,0.0,c26ffacbda9c,0.0
shared_pair,rep10_matched1x,both,latent,identity,0.1,11,13396,11408,76,True,202,68,273,341,1,6.3125,0,0.712694143725597,0.5141650815083849,1.52686429934399,0.7343214704514687,1.2554742474711926,1.1204794721328868,0.6609360074704407,0.5866644401007489,0.035421544283861836,0.14144269658957526,0.08787590241427518,0.2196409373895106,0.04088780143939649,0.15070841225581122,0.06757288927287856,0.2599478587580182,0.18948015194153492,0.9727597754720938,0.4579884707927704,0.5353586673736572,0.8086804539213719,0.7357960822138594,0.2051710984374815,0.2051710984374815,0.20100182127876418,1.0428933294643887,0.102203412273866,0.19232907228023158,1.181442665654531,0.6400923536601928,0.3521546387296435,0.6102811354067635,0.3316223749155368,0.27106227106227104,0.25925925925925924,0.0,0.0,0.0,0.0,0.6278195977210999,0.7023157892305644,0.5133672916242367,1.5089857019625812,0.7313768087638388,1.2400957310519087,1.1135958562476374,0.6587069697173048,0.5917274572891842,0.46229326725006104,0.536037027835846,0.8086804539213719,0.7357960822138594,0.20525500371947267,0.20525500371947267,0.20189181792874364,1.036760971803437,0.10230705855458548,0.19197298515138791,1.1819546071282296,0.6415184028249354,0.35395264312508073,0.6106885780252613,0.33184497020834397,0.27106227106227104,0.25925925925925924,1.0187389489885685,0.0025000000000000005,0.3346234202050819,2,0.07237210124731064,0.9088804721832275,4810,5000,0.06757289171218872,5000,5000,8,outer,64,0.0,898d0ae64401,-0.3367281730504952
unconstrained,rep10_matched1x,both,latent,identity,0.1,12,13396,11408,76,True,202,70,279,349,2,6.3125,0,0.531283924141613,0.43612868957649353,1.1682153661218682,0.659076916704255,0.955904885461783,0.9777038843442236,0.5847608409950011,0.615438722945808,0.04982718354701307,0.15715528695146427,0.08273901324154406,0.2038934796324406,0.04036247081479253,0.14888743614311908,0.06876843366899577,0.26223736131412656,0.18454795469979315,0.9686040644640892,0.4270547926425934,0.5289401412010193,0.7004007682085326,0.7250544289708886,0.2200098463171362,0.2200098463171362,0.31837668114356443,1.0552497329743857,0.24103816633284295,0.34889834676037973,1.079399352158479,0.6027318475916608,0.2911410589603973,0.5646297627606038,0.2668864053451059,0.23297491039426524,0.18518518518518517,0.0,0.0,0.0,0.0,0.33838269114494324,0.5502597591657822,0.44052848045210874,1.2280781217494756,0.6693259473873499,1.002138667554911,1.0010687626506538,0.5930601250756028,0.5968388365395476,0.4441646933555603,0.5526115894317627,0.7004007682085326,0.7250544289708886,0.20809567133153595,0.20809567133153595,0.31013880140127525,1.0731440840487196,0.22213140641328752,0.33179999778978664,1.1109957008829239,0.6174694464414091,0.30084493889031505,0.5682961897915169,0.26305959654403643,0.23297491039426524,0.18518518518518517,0.8428322392235783,0.0025000000000000005,0.3375737119457348,2,0.09116880595684052,0.5496267676353455,2450,5000,0.06876843422651291,5000,5000,8,outer,64,0.0,03d6633dddff,-0.09285503062079226
additive,rep10_matched1x,both,latent,identity,0.1,13,1988,0,48,True,202,71,286,357,1,6.3125,0,0.5216929106525765,0.46150309733329664,0.9867739798581084,0.5911617517158604,0.8317469567895976,0.9120016210454879,0.547942200255006,0.7151375846215302,0.2903538920411509,0.34167994326421713,0.8928571850442559,0.48245278006905457,0.11141742973216037,0.21969833333405164,0.636561946944851,0.797848323270063,0.41491188809052126,0.761391598853802,0.0,0.0,0.69235364343258,0.6817598717792775,,,,0.999999999998957,,,0.9999999999989243,,,,,0.27972027972027974,,0.0,0.0,0.0,0.0,0.0,0.5183635559705746,0.45988793959836255,0.9833576341166275,0.5898462252073973,0.8283596080679433,0.9101426306178297,0.5465267966710524,0.7162977070971257,0.0,0.0,0.69235364343258,0.6817598717792775,,,,0.999999999998957,,,0.9999999999989243,,,,,0.27972027972027974,,0.7899881343920842,0.0025000000000000005,0.2681018477464162,2,0.6498929858207703,0.7462774515151978,350,5000,0.6365619897842407,5000,5000,8,outer,64,0.0,c26ffacbda9c,0.0
unconstrained,rep10_matched1x,both,latent,identity,0.1,13,13396,11408,76,True,202,71,286,357,1,6.3125,0,0.48684291939959295,0.44430696799511626,1.0396836511559302,0.6248368607451004,0.855403407237151,0.9248802123719325,0.5646602298284391,0.7070355608524481,0.04000603246723797,0.1469460967378298,0.07450121081352722,0.20306584466231842,0.03770919529414348,0.14003814849488522,0.060586710784883945,0.24614367914875235,0.18012560341535955,0.9772897229241058,0.48035889863967896,0.6051732897758484,0.69235364343258,0.6817598717792775,0.273874972027942,0.273874972027942,0.24856517038802017,1.0094956214858217,0.371288320660576,0.4227015603138838,1.0513481543725924,0.5574635922330097,0.3301362553511,0.5619538834951456,0.3323454625494819,0.27972027972027974,0.32142857142857145,0.0,0.0,0.0,0.0,0.3237461447715759,0.48501129570759244,0.44194460908969385,1.0377536683129924,0.6229528296540661,0.8535062107778589,0.92385399862633,0.5626167561326086,0.707685325737585,0.4791242480278015,0.6056954860687256,0.69235364343258,0.6817598717792775,0.2739938930556402,0.2739938930556402,0.24753115946954202,1.0087145898067498,0.3709424278971697,0.422178206902212,1.0520303150125068,0.5606796116504855,0.33227937616336634,0.5625,0.3321010165746151,0.27972027972027974,0.32142857142857145,0.7899881343920842,0.0025000000000000005,0.2681018477464162,2,0.06303554028272629,0.7571455836296082,4870,5000,0.060586705803871155,5000,5000,8,outer,64,0.0,03d6633dddff,-0.028441883982194938
shared_pair,rep10_matched1x,both,latent,identity,0.1,12,13396,11408,76,True,202,70,279,349,2,6.3125,0,0.5308969810821851,0.4512407840749638,1.1720340525687185,0.6612514507641671,0.9583216954065407,0.9789390662378025,0.5912478952010994,0.614466438429965,0.027221725525820445,0.12168699452697633,0.07028402422839065,0.19060864832357613,0.03702153197655288,0.13969076678923376,0.05412374983729095,0.2326451156532003,0.16496548640549988,0.9752900325019405,0.4109819531440735,0.544339120388031,0.7004007682085326,0.7250544289708886,0.21721605131493898,0.21721605131493898,0.27370522936489516,1.0373033187716145,0.24647894765797163,0.30169302346141524,1.095118015467368,0.5854780733285407,0.27822775813827394,0.5514737598849749,0.2648212918288231,0.23297491039426524,0.1111111111111111,0.0,0.0,0.0,0.0,0.5060755610466003,0.5275932576560622,0.4502244970534066,1.2056731973773123,0.672617733432194,0.9796465508035622,0.9897709587594304,0.5984866546392649,0.6058874325589856,0.4216499924659729,0.5706762671470642,0.7004007682085326,0.7250544289708886,0.23512036521701266,0.23512036521701266,0.2731345798936887,1.0365212899209124,0.2350087088577517,0.2878536341433765,1.1208867280380004,0.5867002156721783,0.280455362547005,0.5629043853342919,0.2726378816830146,0.23297491039426524,0.14814814814814814,0.8428322392235783,0.0025000000000000005,0.3375737119457348,2,0.09004544466733932,0.7059895992279053,1850,5000,0.05412375181913376,5000,5000,8,outer,64,0.0,898d0ae64401,-0.09561809099045115
additive,rep10_matched1x,both,latent,identity,0.1,14,1988,0,48,True,202,73,290,363,2,6.3125,0,0.5113042129331384,0.5100918186450689,0.9924322974212941,0.6436074932092802,0.8320562692585756,0.9121711841856086,0.5991022683545432,0.7140175162108856,0.40437323376602946,0.4407237101283106,1.0031920017488556,0.6068668823303742,0.13563600323127548,0.2734539077583368,0.7397815912448915,0.8601055698255252,0.5249275522446619,0.7615613526763111,0.0,0.0,0.6826052818248248,0.6977634544355721,,,,0.999999999998927,,,0.999999999998973,,,,,0.23793103448275862,,0.0,0.0,0.0,0.0,0.0,0.5143005084772116,0.5136512561851626,0.9954267008106056,0.6465518044730186,0.835051303366141,0.9138114156466536,0.6022516217103999,0.7129881059116544,0.0,0.0,0.6826052818248248,0.6977634544355721,,,,0.999999999998927,,,0.999999999998973,,,,,0.23793103448275862,,0.7883948224247725,0.0025000000000000005,0.2700465045669941,2,0.7720556259155273,1.16017484664917,2160,5000,0.7397815585136414,5000,5000,8,outer,64,0.0,c26ffacbda9c,0.0
unconstrained,rep10_matched1x,both,latent,identity,0.1,14,13396,11408,76,True,202,73,290,363,2,6.3125,0,0.5004266155062278,0.4658242954573908,1.133146473343339,0.6633719286977436,0.9222398540643018,0.960333199501247,0.597522717617626,0.683020903923198,0.045224379876449665,0.1577081918391342,0.07882663923730189,0.21228078761463792,0.03630852615685211,0.13721768710290277,0.0646343771058975,0.2542329190051861,0.18865735063045466,0.9791677251365427,0.5411030054092407,0.5688140988349915,0.6826052818248248,0.6977634544355721,0.3050822157573525,0.3050822157573525,0.2865535323516496,1.0432787789901001,0.27788891259549675,0.40197538123172566,1.1035621154713113,0.626729621614532,0.421476332942767,0.5821365335431832,0.32451507554588754,0.23793103448275862,0.3103448275862069,0.0,0.0,0.0,0.0,0.3149508833885193,0.5004266155062278,0.4658242954573908,1.133146473343339,0.6633719286977436,0.9222398540643018,0.960333199501247,0.597522717617626,0.683020903923198,0.5411030054092407,0.5688140988349915,0.6826052818248248,0.6977634544355721,0.3050822157573525,0.3050822157573525,0.2865535323516496,1.0432787789901001,0.27788891259549675,0.40197538123172566,1.1035621154713113,0.626729621614532,0.421476332942767,0.5821365335431832,0.32451507554588754,0.23793103448275862,0.3103448275862069,0.7883948224247725,0.0025000000000000005,0.2700465045669941,2,0.09631951153278351,1.4960007667541504,4999,5000,0.06463437527418137,5000,5000,8,outer,64,0.0,03d6633dddff,-0.10838640142220979
shared_pair,rep10_matched1x,both,latent,identity,0.1,13,13396,11408,76,True,202,71,286,357,1,6.3125,0,0.6106694333852282,0.5039975983361713,1.2698863927336095,0.6821616204268115,1.050147406284149,1.0247670009734646,0.6227736130632647,0.6403382973444272,0.030775078938152137,0.12796503062798287,0.0638994195464231,0.18442665228361863,0.041245189610602584,0.1476069231085654,0.051748691906477955,0.22748338819895828,0.16388678625131736,0.9806025592694098,0.5138583779335022,0.5342617034912109,0.69235364343258,0.6817598717792775,0.14102527708243914,0.14102527708243914,0.16548060411988524,1.1299860196682152,0.15866436565898934,0.2401527868793594,1.1547553117756824,0.5677791262135923,0.3242650495358903,0.5825849514563107,0.3414184792102099,0.27972027972027974,0.17857142857142858,0.0,0.0,0.0,0.0,0.6650416851043701,0.6106694333852282,0.5039975983361713,1.2698863927336095,0.6821616204268115,1.050147406284149,1.0247670009734646,0.6227736130632647,0.6403382973444272,0.5138583779335022,0.5342617034912109,0.69235364343258,0.6817598717792775,0.14102527708243914,0.14102527708243914,0.16548060411988524,1.1299860196682152,0.15866436565898934,0.2401527868793594,1.1547553117756824,0.5677791262135923,0.3242650495358903,0.5825849514563107,0.3414184792102099,0.27972027972027974,0.17857142857142858,0.7899881343920842,0.0025000000000000005,0.2681018477464162,2,0.05322447791695595,0.9304873943328857,4999,5000,0.051748692989349365,5000,5000,8,outer,64,0.0,898d0ae64401,-0.26258040106036584
additive,rep10_matched1x,both,latent,identity,0.1,15,1988,0,48,True,202,64,254,318,1,6.3125,0,0.42416603649424167,0.4359277206655162,0.743431443497757,0.5121570870246145,0.6370096411632519,0.7981288374462182,0.48674729823824836,0.7494516446677686,0.2862469994060562,0.3498013165962958,0.8538550558424542,0.49410269551592184,0.09224483823827105,0.22106950942528802,0.6099746359516779,0.7810087297538215,0.42451612469269046,0.76540801351195,0.0,0.0,0.6172400476135051,0.5679520642732239,,,,0.9999999999986876,,,0.9999999999984499,,,,,0.18503937007874016,,0.0,0.0,0.0,0.0,0.0,0.4257302216365862,0.43612781882096835,0.7449206093791422,0.5121875455546204,0.6385238134649568,0.7990768507878055,0.48683430331006966,0.7488560910758497,0.0,0.0,0.6172400476135051,0.5679520642732239,,,,0.9999999999986876,,,0.9999999999984499,,,,,0.18503937007874016,,0.597002001844792,0.0025000000000000005,0.23434370842743568,2,0.610614538192749,0.9005153775215149,3660,5000,0.6099746227264404,5000,5000,8,outer,64,0.0,c26ffacbda9c,0.0
unconstrained,rep10_matched1x,both,latent,identity,0.1,15,13396,11408,76,True,202,64,254,318,1,6.3125,0,0.6512491347410606,0.498371516412699,1.3197237457583435,0.7013403871242864,1.096898875419249,1.0473294015825436,0.6336840968870906,0.5685682108355485,0.047623065815751334,0.16288618344124806,0.09647418232441407,0.22473551927593233,0.04464248613018722,0.16439736259004273,0.07679484785996574,0.27711883346312954,0.20032476126622611,0.970465237651383,0.5463027358055115,0.6060597896575928,0.6172400476135051,0.5679520642732239,0.026726192314659915,0.026726192314659915,0.1549857476836553,1.3175007036673636,0.1383139491897799,0.22306824818253213,1.371947163648887,0.6677973070202486,0.3227403644662311,0.600986740672217,0.25448581946826065,0.18503937007874016,0.28,0.0,0.0,0.0,0.0,0.2974720001220703,0.6788730027188217,0.5023885210022702,1.44928980123065,0.7350624522070204,1.1924842017267074,1.0920092498356904,0.6575044751387704,0.530972631816532,0.5729169249534607,0.659942626953125,0.6172400476135051,0.5679520642732239,0.016156104244793083,0.016156104244793083,0.1574543184426987,1.353187804569552,0.09776673622661629,0.18124204772008706,1.4704579862775553,0.6556686195909137,0.30665958952322975,0.61054579093432,0.2597792994726749,0.18503937007874016,0.28,0.597002001844792,0.0025000000000000005,0.23434370842743568,2,0.07751714438199997,0.8223791122436523,1880,5000,0.07679484784603119,5000,5000,8,outer,64,0.0,03d6633dddff,-0.7219501943741184
shared_pair,rep10_matched1x,both,latent,identity,0.1,14,13396,11408,76,True,202,73,290,363,2,6.3125,0,0.8576052670324142,0.6858058873647681,1.5415033993399874,0.8801462528373994,1.3135373552374632,1.1460965732596287,0.8153661310131889,0.5485297217514807,0.049419434867167954,0.1714498664428873,0.1546145336462777,0.2885446997118117,0.08804311905820622,0.22801798693746672,0.11653993590446164,0.3413794602849762,0.2474598251776612,0.9624380695530843,0.6963537931442261,0.48637354373931885,0.6826052818248248,0.6977634544355721,0.1399095514803534,0.1399095514803534,0.11124081593491414,1.3052182239591896,0.1465514914795426,0.19489094401711957,1.140661788161835,0.5490196078431373,0.32187413729799286,0.5209521935864646,0.2842594998508874,0.23793103448275862,0.13793103448275862,0.0,0.0,0.0,0.0,0.9174774289131165,1.0264053966806563,0.7007698213252838,2.0010641628088472,0.9537443238435611,1.6761779074327834,1.2946728959211216,0.869419489670802,0.42388809633366376,0.7792047262191772,0.7170654535293579,0.6826052818248248,0.6977634544355721,0.14232956575849506,0.14232956575849506,0.15096862441678957,1.405584211311931,0.13920878650576357,0.1730626589106189,1.357509495498399,0.5403633025116401,0.2645780055256453,0.5682339825562331,0.29804285073007714,0.23793103448275862,0.13793103448275862,0.7883948224247725,0.0025000000000000005,0.2700465045669941,2,0.12259136885404587,1.8208980560302734,550,5000,0.11653993278741837,5000,5000,8,outer,64,0.0,898d0ae64401,-0.5786640925233617
additive,rep10_matched1x,both,latent,identity,0.1,16,1988,0,48,True,202,76,302,378,2,6.3125,0,0.7387581703886307,0.5522597170289885,1.279703246363673,0.6777144450853454,1.0993882210386587,1.0485171534308149,0.635896202399893,0.6298787546958591,0.36724176018585747,0.4035766538133038,1.1284317770769237,0.6153439024472389,0.175670088293656,0.2851195591102679,0.8079285957424095,0.8988484831952543,0.519953839465715,0.7299901790360116,0.0,0.0,0.7807781695763442,0.7349722584166032,,,,0.9999999999991798,,,0.9999999999990744,,,,,0.2682119205298013,,0.0,0.0,0.0,0.0,0.0,0.7435894879707391,0.5544170433941071,1.2845485953973184,0.6799471289395876,1.1042288929217918,1.0508229598375702,0.6381037670910941,0.6282490887860304,0.0,0.0,0.7807781695763442,0.7349722584166032,,,,0.9999999999991798,,,0.9999999999990744,,,,,0.2682119205298013,,0.9722015114908698,0.0025000000000000005,0.3233084969807744,2,0.8178789019584656,1.0511940717697144,430,5000,0.8079285621643066,5000,5000,8,outer,64,0.0,c26ffacbda9c,0.0
unconstrained,rep10_matched1x,both,latent,identity,0.1,16,13396,11408,76,True,202,76,302,378,2,6.3125,0,0.6417792369765343,0.5383154831415365,1.6491791161242026,0.8391683011305044,1.313379156408313,1.1460275548207002,0.738884028467515,0.5578363314943562,0.04817592562055198,0.16777156881202518,0.11345432440982792,0.2523342144821048,0.05453324213431695,0.18176515216715103,0.08814509184107203,0.29689239101242054,0.22009828252163746,0.970541901113189,0.5976946353912354,0.7838987708091736,0.7807781695763442,0.7349722584166032,0.32292678053317625,0.32292678053317625,0.3781878253830531,1.0130750502362622,0.17856228036870522,0.24552314090400046,1.3322769135977115,0.6395732082006592,0.3707268971111474,0.5449974861739568,0.30493410295944284,0.2682119205298013,0.3,0.0,0.0,0.0,0.0,0.38988015055656433,0.6699682367863489,0.5436477474433943,1.6880756646180444,0.8429643281363007,1.3487065220074792,1.16133824616581,0.7431921345719986,0.5459429818125442,0.6149697303771973,0.7894747257232666,0.7807781695763442,0.7349722584166032,0.30694572455261454,0.30694572455261454,0.37967522852921143,1.0323362526851505,0.1787492833828003,0.24439538957305995,1.337430176207031,0.6310261996536506,0.361836753353708,0.5466733702027821,0.30487656000290947,0.2682119205298013,0.26666666666666666,0.9722015114908698,0.0025000000000000005,0.3233084969807744,2,0.09451072663068771,0.823915958404541,3020,5000,0.08814509212970734,5000,5000,8,outer,64,0.0,03d6633dddff,-0.1946454685201957
shared_pair,rep10_matched1x,both,latent,identity,0.1,15,13396,11408,76,True,202,64,254,318,1,6.3125,0,0.441026167237975,0.43263945827964856,1.0284867466792322,0.6423822211134215,0.8326665535321467,0.9125056457535737,0.5724679668354972,0.6724959528922245,0.031354792908726635,0.13390850091534673,0.0803501866171495,0.20718319669393845,0.03867136673282371,0.15239885549741658,0.061597180644465524,0.24818779310124325,0.1798582916434117,0.9763101543609214,0.4126538932323456,0.6197324991226196,0.6172400476135051,0.5679520642732239,0.2438560261466004,0.2438560261466004,0.29665230755711447,1.0705758845544109,0.2067023183093353,0.19316364808037684,1.3143479748616294,0.585466132182136,0.2807358757546671,0.5771405077603042,0.2546252941451458,0.18503937007874016,0.2,0.0,0.0,0.0,0.0,0.5369867086410522,0.4772079865157889,0.4532309473157049,1.1161225365682697,0.6770026115252121,0.9031510198841094,0.9503425802751918,0.6024120567887097,0.6447730332065735,0.43294018507003784,0.6493329405784607,0.6172400476135051,0.5679520642732239,0.2173641446020373,0.2173641446020373,0.27155266949455076,1.096842537423538,0.20369392864966418,0.16403400051626885,1.3528133298724185,0.5676842429848905,0.2534904108349877,0.5588446911296125,0.24535084833050086,0.18503937007874016,0.2,0.597002001844792,0.0025000000000000005,0.23434370842743568,2,0.0714949369430542,0.7717666029930115,1720,5000,0.061597179621458054,5000,5000,8,outer,64,0.0,898d0ae64401,-0.30714905980324425
shared_pair,rep10_matched1x,both,latent,identity,0.1,16,13396,11408,76,True,202,76,302,378,2,6.3125,0,0.7399817466127219,0.5797294099341952,1.6063466318019874,0.8434763980730642,1.3175583367388988,1.1478494399262034,0.7555607353601077,0.5564293640567339,0.03291079081470175,0.14162347568809466,0.09278061471217082,0.23204272697083606,0.04354618747441867,0.1603644787554629,0.07002731953231277,0.26462675513317385,0.19793512003815303,0.9765968625084583,0.6567108035087585,0.7794777154922485,0.7807781695763442,0.7349722584166032,0.29847834696216063,0.29847834696216063,0.25791740468627844,1.0693214977136192,0.2843101496214035,0.32131328025764233,1.2409945120211396,0.6047706832020557,0.3620043295515303,0.5719792190380425,0.296704492088257,0.2682119205298013,0.2,0.0,0.0,0.0,0.0,0.8414126038551331,0.7509091072411965,0.5956330919182955,1.6291187759502317,0.8679745616320296,1.3363822197138866,1.156019991052874,0.7771940717274517,0.5500920949512129,0.6772348880767822,0.7851058840751648,0.7807781695763442,0.7349722584166032,0.2988110434705253,0.2988110434705253,0.2548289954735281,1.0795052070585687,0.3036267586838043,0.33536213844481855,1.2301798385242335,0.5904698061560806,0.36307851381521516,0.5658343109323501,0.29465948312095736,0.2682119205298013,0.23333333333333334,0.9722015114908698,0.0025000000000000005,0.3233084969807744,2,0.10459833592176437,1.1466838121414185,3210,5000,0.07002732157707214,5000,5000,8,outer,64,0.0,898d0ae64401,-0.19844683754581394
additive,rep020,both,latent,identity,0.2,6,1988,0,48,True,403,60,239,299,7,12.59375,0,0.4477058520807823,0.4323225236585891,0.9293691748484972,0.5690464654382317,0.7688147339259256,0.8768208106140761,0.5234718181783508,0.6972630789928365,0.36272495557166773,0.3802528327803995,0.849146274336252,0.5069356082081139,0.06771337353358883,0.1917577930592098,0.6558709427467014,0.8098585942908191,0.4509854600015948,0.7631504573917195,0.0,0.0,0.6655912516856991,0.6941813289483674,,,,0.9999999999988713,,,0.9999999999989624,,,,,0.2594142259414226,,0.0,0.0,0.0,0.0,0.0,0.4474688991341208,0.4312105411102351,0.9289408998266866,0.5682733907734239,0.7684502329291647,0.8766129322164742,0.5225857742190275,0.6974066089027018,0.0,0.0,0.6655912516856991,0.6941813289483674,,,,0.9999999999988713,,,0.9999999999989624,,,,,0.2594142259414226,,0.7668939245118183,0.0025000000000000005,0.3010270624269843,2,0.6565991640090942,0.7323675155639648,3920,5000,0.6558709144592285,5000,5000,8,outer,64,0.0,83489948ed3f,0.0
additive,rep020,both,latent,identity,0.2,5,1988,0,48,True,403,70,281,351,6,12.59375,0,0.37016595879514635,0.34840080949461616,0.8064738746254569,0.4679991774760165,0.66103790268202,0.8130423744688957,0.42813305481554964,0.7470152208185845,0.286343198326059,0.32240223120139994,0.6693554555115184,0.44607035217415364,0.058913387449936266,0.16495415306844305,0.5174134036641646,0.7193145373646807,0.3927870140007167,0.7896046092423906,0.0,0.0,0.5741386142827298,0.6593281742668791,,,,0.9999999999984832,,,0.9999999999988498,,,,,0.18505338078291814,,0.0,0.0,0.0,0.0,0.0,0.3699290061663494,0.3478324861980689,0.8062274362801561,0.46731276126460813,0.6607946262422205,0.8128927519926725,0.42748600290909505,0.7471083247633856,0.0,0.0,0.5741386142827298,0.6593281742668791,,,,0.9999999999984832,,,0.9999999999988498,,,,,0.18505338078291814,,0.6197464523919715,0.0025000000000000005,0.2365094833472749,2,0.5174423456192017,1.033079743385315,4640,5000,0.5174133777618408,5000,5000,8,outer,64,0.0,83489948ed3f,0.0
additive,rep020,both,latent,identity,0.2,8,1988,0,48,True,403,73,294,367,7,12.59375,0,0.3439641230090897,0.36834859577003576,0.750139379491176,0.47562189655655396,0.6147476273304805,0.7840584336198932,0.4398641296277146,0.7628664664172153,0.3337486231581538,0.3542214988122682,0.7128411673348921,0.4651960029368031,0.05816553330156653,0.17120254448851943,0.559916158787085,0.7482754564911808,0.41528374331160456,0.7894780945081747,0.0,0.0,0.5831587656871651,0.6393791028694537,,,,0.9999999999985297,,,0.999999999998777,,,,,0.19727891156462585,,0.0,0.0,0.0,0.0,0.0,0.34343243944228014,0.36730271139963805,0.7495511319118984,0.47472291462817356,0.6141782344220256,0.783695243332525,0.4389161802186618,0.7630861047637109,0.0,0.0,0.5831587656871651,0.6393791028694537,,,,0.9999999999985297,,,0.999999999998777,,,,,0.19727891156462585,,0.6160502747108332,0.0025000000000000005,0.2332461538305984,2,0.5625571608543396,0.8523294925689697,860,5000,0.559916079044342,5000,5000,8,outer,64,0.0,83489948ed3f,0.0
additive,rep020,both,latent,identity,0.2,7,1988,0,48,True,403,77,309,386,7,12.59375,0,0.3770662028319017,0.3992838056584969,0.743122107705557,0.502301574532903,0.621103472747672,0.7881011817956322,0.46796231824143425,0.72489012327937,0.2987594011911203,0.3418220348469788,0.7182903554052582,0.46657213042290663,0.06899405632032007,0.1858422626835251,0.5528340021533071,0.7435280775823514,0.41296568890490243,0.7746367821704341,0.0,0.0,0.5883808750094432,0.6050900713539559,,,,0.9999999999985557,,,0.9999999999986344,,,,,0.2297734627831715,,0.0,0.0,0.0,0.0,0.0,0.3773457516337403,0.3989156509313901,0.7433094655186467,0.5021107967623618,0.6213215608903445,0.7882395326868251,0.46771241481870457,0.7247935239127951,0.0,0.0,0.5883808750094432,0.6050900713539559,,,,0.9999999999985557,,,0.9999999999986344,,,,,0.2297734627831715,,0.593011094320587,0.0025000000000000005,0.2592570288382616,2,0.5538816452026367,0.7451881766319275,1240,5000,0.5528340339660645,5000,5000,8,outer,64,0.0,83489948ed3f,0.0
additive,rep020,both,latent,identity,0.2,10,1988,0,48,True,403,80,320,431,7,12.59375,0,0.4740903550529742,0.44995327705801136,1.007211836286485,0.5861685470970481,0.8295046758753148,0.9107714729147564,0.540763457084036,0.7288491282014654,0.36777416503000626,0.3579760391189509,0.8434133783065205,0.49249376010096024,0.0868745647291389,0.2040499926348479,0.6548029407421939,0.8091989500377481,0.43540731652391307,0.7793156973498198,0.0,0.0,0.7281099586147576,0.7313235304340895,,,,0.9999999999990569,,,0.9999999999990651,,,,,0.265625,,0.0,0.0,0.0,0.0,0.0,0.47434266336782216,0.45024491561672086,1.0075602966621102,0.5858668827117869,0.829821085564014,0.9109451605689631,0.540659560346765,0.7287456992933092,0.0,0.0,0.7281099586147576,0.7313235304340895,,,,0.9999999999990569,,,0.9999999999990651,,,,,0.265625,,0.8878484319836717,0.0025000000000000005,0.28949924405830346,2,0.655767023563385,0.5517528653144836,360,5000,0.6548029184341431,5000,5000,8,outer,64,0.0,83489948ed3f,0.0
additive,rep020,both,latent,identity,0.2,9,1988,0,48,True,403,67,266,333,8,12.59375,0,0.6603826602185096,0.4833891623858023,1.3356905878732135,0.6265756844627347,1.1105879453216456,1.0538443648478866,0.578846843770424,0.6210572078101565,0.2838695936692855,0.3413874192324238,0.7657638135413721,0.47351765606594826,0.05693875802879937,0.18211844645623926,0.5775720035168195,0.7599815810378693,0.4170384456504481,0.765239963655013,0.0,0.0,0.8245509646593266,0.8240694410768805,,,,0.9999999999992646,,,0.9999999999992637,,,,,0.2744360902255639,,0.0,0.0,0.0,0.0,0.0,0.6582424271242373,0.4813470540462523,1.3330685122364627,0.6238068590641127,1.1081264838657208,1.0526758683781636,0.5763202573914925,0.6218970810330787,0.0,0.0,0.8245509646593266,0.8240694410768805,,,,0.9999999999992646,,,0.9999999999992637,,,,,0.2744360902255639,,1.1321708361629135,0.0025000000000000005,0.3867803805305995,2,0.5801262855529785,0.7528975605964661,360,5000,0.5775719881057739,5000,5000,8,outer,64,0.0,83489948ed3f,0.0
additive,rep020,both,latent,identity,0.2,11,1988,0,48,True,403,68,273,341,6,12.59375,0,0.5845480367579841,0.43516086608730126,1.1254959944461158,0.5666645181115353,0.9451800085500719,0.9722036867601727,0.5228299674367906,0.6888215677649039,0.2867167111963908,0.3261791242738584,0.7323051594065902,0.44959541618727705,0.05906255307588088,0.16924512947038908,0.5573957552951403,0.7465894154722127,0.3964303070034683,0.788535305340942,0.0,0.0,0.8086804539213719,0.7357960822138594,,,,0.9999999999992354,,,0.9999999999990764,,,,,0.27106227106227104,,0.0,0.0,0.0,0.0,0.0,0.586706271669028,0.43639655516789605,1.127761620764197,0.5672763043389771,0.9474098377324741,0.9733498023488134,0.5236497212819501,0.6880874486099755,0.0,0.0,0.8086804539213719,0.7357960822138594,,,,0.9999999999992354,,,0.9999999999990764,,,,,0.27106227106227104,,1.0187389489885685,0.0025000000000000005,0.3346234202050819,2,0.5582935810089111,0.8947304487228394,440,5000,0.5573956966400146,5000,5000,8,outer,64,0.0,83489948ed3f,0.0
additive,rep020,both,latent,identity,0.2,12,1988,0,48,True,403,70,279,349,6,12.59375,0,0.5366482509090281,0.4390284943437138,1.0591392651607086,0.5748213102038904,0.8849755937434817,0.9407314142429186,0.5295570382504983,0.6439736320341347,0.4292261872761304,0.385214819181147,0.96792530708615,0.5144986885850187,0.08651879931247916,0.20901476599819013,0.7530739624035476,0.8677983420147491,0.45821245887934925,0.7484204446285406,0.0,0.0,0.7004007682085326,0.7250544289708886,,,,0.9999999999989807,,,0.9999999999990489,,,,,0.23297491039426524,,0.0,0.0,0.0,0.0,0.0,0.5375188439428171,0.4394263234017064,1.0599717118961425,0.5748348159098385,0.8858207559117006,0.9411805118635322,0.5296986517404612,0.6436336226381464,0.0,0.0,0.7004007682085326,0.7250544289708886,,,,0.9999999999989807,,,0.9999999999990489,,,,,0.23297491039426524,,0.8428322392235783,0.0025000000000000005,0.3375737119457348,2,0.7531984448432922,0.4734039604663849,2210,5000,0.7530739903450012,5000,5000,8,outer,64,0.0,83489948ed3f,0.0
additive,rep020,both,latent,identity,0.2,14,1988,0,48,True,403,73,290,363,7,12.59375,0,0.4638706017134894,0.44153433540517095,0.9442930215409694,0.5781740630849589,0.7841522149318094,0.885523695296636,0.5326274871916962,0.7304824128123435,0.34829520728473284,0.37462585040350643,0.779314894925442,0.5001414672966298,0.08024510066004506,0.19836213155895382,0.6077191361256061,0.7795634266213405,0.4452344200891357,0.7806587745928002,0.0,0.0,0.6826052818248248,0.6977634544355721,,,,0.999999999998927,,,0.999999999998973,,,,,0.23793103448275862,,0.0,0.0,0.0,0.0,0.0,0.4645785580063917,0.44368231593055424,0.9450070543057234,0.5800404782192178,0.7848642222059463,0.885925630177808,0.5345877574563299,0.7302376918526481,0.0,0.0,0.6826052818248248,0.6977634544355721,,,,0.999999999998927,,,0.999999999998973,,,,,0.23793103448275862,,0.7883948224247725,0.0025000000000000005,0.2700465045669941,2,0.6250582933425903,1.0772888660430908,2760,5000,0.6077191233634949,5000,5000,8,outer,64,0.0,83489948ed3f,0.0
additive,rep020,both,latent,identity,0.2,13,1988,0,48,True,403,71,286,357,6,12.59375,0,0.43977130051055047,0.4127895506457584,0.9044873000409391,0.5456073495510955,0.7495819668641428,0.8657840186005646,0.501334749915983,0.7432780151919707,0.35255295730833347,0.36273773914187274,0.9363763215617952,0.4979929199988184,0.06632491909098083,0.18319505785229795,0.7078106455584352,0.8413148314147536,0.43934806448999947,0.7435735497482316,0.0,0.0,0.69235364343258,0.6817598717792775,,,,0.999999999998957,,,0.9999999999989243,,,,,0.27972027972027974,,0.0,0.0,0.0,0.0,0.0,0.4434246081012411,0.4160992121665915,0.908302051043426,0.5494775625699307,0.7533429033960312,0.8679532841092492,0.5050181124354842,0.741989943794999,0.0,0.0,0.69235364343258,0.6817598717792775,,,,0.999999999998957,,,0.9999999999989243,,,,,0.27972027972027974,,0.7899881343920842,0.0025000000000000005,0.2681018477464162,2,0.7083024978637695,0.674729585647583,400,5000,0.707810640335083,5000,5000,8,outer,64,0.0,83489948ed3f,0.0
additive,rep020,both,latent,identity,0.2,15,1988,0,48,True,403,64,254,318,6,12.59375,0,0.40734217743896306,0.41815721088075625,0.7259461404111215,0.49422936313148885,0.6197448194204019,0.787238730894512,0.4688719790479114,0.7562422368554724,0.3616142509695388,0.3948834866271214,0.9074806224579424,0.5351088106562515,0.0822399441796414,0.21117288498901388,0.6931840387033172,0.8325767464344156,0.47443111636996504,0.7468512476057725,0.0,0.0,0.6172400476135051,0.5679520642732239,,,,0.9999999999986876,,,0.9999999999984499,,,,,0.18503937007874016,,0.0,0.0,0.0,0.0,0.0,0.40972931817635916,0.4177145275740503,0.7282261890707001,0.4938355478702839,0.6220605654392533,0.7887081624018185,0.468461874438206,0.7553314086373456,0.0,0.0,0.6172400476135051,0.5679520642732239,,,,0.9999999999986876,,,0.9999999999984499,,,,,0.18503937007874016,,0.597002001844792,0.0025000000000000005,0.23434370842743568,2,0.6956341862678528,0.8761959075927734,4750,5000,0.6931840181350708,5000,5000,8,outer,64,0.0,83489948ed3f,0.0
additive,rep020,both,latent,identity,0.2,16,1988,0,48,True,403,76,302,378,7,12.59375,0,0.5657383872916819,0.4689770848972187,1.106536298475148,0.6031007271633714,0.9262703280806591,0.9624293886206193,0.5583928464079871,0.6881608145723135,0.4207308726068082,0.4060010929785007,1.0257002725260245,0.5630141385577245,0.0892878217067426,0.20703015389131682,0.7871039920705034,0.8871888142162881,0.4954106567139875,0.729955093142455,0.0,0.0,0.7807781695763442,0.7349722584166032,,,,0.9999999999991798,,,0.9999999999990744,,,,,0.2682119205298013,,0.0,0.0,0.0,0.0,0.0,0.5687739377279403,0.47154644424525266,1.109600577076379,0.6056174631112209,0.9293250306268995,0.9640150572615033,0.5609271234892315,0.6871324150599192,0.0,0.0,0.7807781695763442,0.7349722584166032,,,,0.9999999999991798,,,0.9999999999990744,,,,,0.2682119205298013,,0.9722015114908698,0.0025000000000000005,0.3233084969807744,2,0.787381649017334,0.9098451733589172,330,5000,0.7871040105819702,5000,5000,8,outer,64,0.0,83489948ed3f,0.0
unconstrained,rep020,both,latent,identity,0.2,7,13396,11408,76,True,403,77,309,386,7,12.59375,0,0.1822968967923979,0.23510845486644644,0.31602044921767314,0.3038863445513382,0.2714459317425814,0.5210047329368337,0.28096038132304096,0.8797664799914,0.04745476201886213,0.1430983916413921,0.04201813379412406,0.14713345764602578,0.006100946800869053,0.062120624079899565,0.04193350002114772,0.20477670771146733,0.1415820413474402,0.9829057755803497,0.41250091791152954,0.4430685341358185,0.5883808750094432,0.6050900713539559,0.676347768259706,0.676347768259706,0.672917319135609,0.7232137975647591,0.7179705920753925,0.7658991259288783,0.6713816005285794,0.8794531897265949,0.689277579240029,0.8622322168303942,0.6387248454025978,0.2297734627831715,0.5333333333333333,0.0,0.0,0.0,0.0,0.25061213970184326,0.18225110704282743,0.2344246938292169,0.3157392090170638,0.3032403312198084,0.2712431750256517,0.5208101141737281,0.2803017854229446,0.8798562884981084,0.4121071398258209,0.4432697892189026,0.5883808750094432,0.6050900713539559,0.6766103686985598,0.6766103686985598,0.6729328767067569,0.7229787555001669,0.717840691201139,0.7659988774144739,0.671498967500743,0.8792164753225233,0.6895479550580909,0.8621730382293763,0.6385004091345468,0.2297734627831715,0.5333333333333333,0.593011094320587,0.0025000000000000005,0.2592570288382616,2,0.04376821964979172,0.26463523507118225,4950,5000,0.04193349555134773,5000,5000,8,outer,64,0.0,726abda0d341,0.5629618193217567
unconstrained,rep020,both,latent,identity,0.2,5,13396,11408,76,True,403,70,281,351,6,12.59375,0,0.20310325999007328,0.25426236324146756,0.348446310342728,0.3409233110129002,0.2999986268918431,0.5477213040332127,0.3120363284224226,0.8851879959212132,0.07110539080098416,0.17802177369800712,0.06818938224732314,0.18799789966574215,0.00905398040183106,0.07610620471488261,0.06613948886870091,0.25717598812622633,0.1792143590201395,0.9731057535299744,0.41654983162879944,0.4661339819431305,0.5741386142827298,0.6593281742668791,0.5940132814593813,0.5940132814593813,0.5112875747709547,0.7865253958831817,0.7307531071880485,0.7261598286622893,0.6864212810247539,0.8434665770910312,0.616825235919983,0.8224722875377897,0.5610722236235971,0.18505338078291814,0.5714285714285714,0.0,0.0,0.0,0.0,0.34023040533065796,0.20310325999007328,0.25426236324146756,0.348446310342728,0.3409233110129002,0.2999986268918431,0.5477213040332127,0.3120363284224226,0.8851879959212132,0.41654983162879944,0.4661339819431305,0.5741386142827298,0.6593281742668791,0.5940132814593813,0.5940132814593813,0.5112875747709547,0.7865253958831817,0.7307531071880485,0.7261598286622893,0.6864212810247539,0.8434665770910312,0.616825235919983,0.8224722875377897,0.5610722236235971,0.18505338078291814,0.5714285714285714,0.6197464523919715,0.0025000000000000005,0.2365094833472749,2,0.09285890311002731,0.40923431515693665,4999,5000,0.06613948196172714,5000,5000,8,outer,64,0.0,726abda0d341,0.5461703093352699
unconstrained,rep020,both,latent,identity,0.2,6,13396,11408,76,True,403,60,239,299,7,12.59375,0,0.14399486845185488,0.23063738282906335,0.2818282824350851,0.3129030887890367,0.23588381110734166,0.48567871181197725,0.28548118680237894,0.9071158036664886,0.03825363543394892,0.13700245552336246,0.042134539814285873,0.14920659045975884,0.006147835543153403,0.06207448277961309,0.03909671299682455,0.19772888761337973,0.14096250462244772,0.9858813098930633,0.4847789406776428,0.4878247082233429,0.6655912516856991,0.6941813289483674,0.8275223818110968,0.8275223818110968,0.760595399247565,0.5621047388659126,0.8259334565278662,0.8042761769979958,0.5715579855872328,0.8842719154364863,0.763273307607415,0.8714233643156551,0.7034560661304252,0.2594142259414226,0.6956521739130435,0.0,0.0,0.0,0.0,0.23945027589797974,0.14426811968706016,0.23008556940084654,0.27901516978343954,0.311572719287708,0.23409948641797973,0.4838382853991401,0.28441033599208754,0.9078184189243623,0.4869888722896576,0.48954254388809204,0.6655912516856991,0.6941813289483674,0.82571477180918,0.82571477180918,0.7598864755107063,0.5630397431954064,0.8287365240211294,0.8067565310643086,0.5675276530572411,0.8888281392381994,0.7657268764344364,0.8745215965008201,0.7117750823928573,0.2594142259414226,0.6956521739130435,0.7668939245118183,0.0025000000000000005,0.3010270624269843,2,0.04693131148815155,0.27365410327911377,4360,5000,0.03909671679139137,5000,5000,8,outer,64,0.0,726abda0d341,0.6931851059841045
unconstrained,rep020,both,latent,identity,0.2,8,13396,11408,76,True,403,73,294,367,7,12.59375,0,0.16768722481919898,0.2408362660137571,0.2928215416382717,0.3021910094536354,0.2511101026985808,0.5011088730990311,0.2817394283070093,0.9031364688143174,0.05685172019209732,0.15631666719767456,0.04340563214239631,0.1522443005129257,0.007796871928053431,0.0685522946514037,0.04587209940894114,0.214177728554911,0.14932589941223157,0.9827526288982259,0.3906927704811096,0.3992904722690582,0.5831587656871651,0.6393791028694537,0.6837998371011573,0.6837998371011573,0.6360732318611486,0.7164552277364745,0.7781834155573291,0.7478531112797986,0.6355233221113371,0.7959526592635885,0.6292685019845626,0.8299970777323203,0.6245658349437543,0.19727891156462585,0.4827586206896552,0.0,0.0,0.0,0.0,0.2809204161167145,0.1693810395514933,0.2403126570742506,0.29551248172198086,0.3013939379785951,0.25346866766515175,0.5034567187605621,0.2810335110104803,0.9022266729568917,0.38863322138786316,0.39865148067474365,0.5831587656871651,0.6393791028694537,0.6840324739902102,0.6840324739902102,0.6368098948956571,0.7171673352947949,0.7777008835705737,0.7482382066032869,0.636277209689919,0.793395675043834,0.6279201609290181,0.8305815312682642,0.626347083387018,0.19727891156462585,0.4827586206896552,0.6160502747108332,0.0025000000000000005,0.2332461538305984,2,0.07522111386060715,0.2565295100212097,4750,5000,0.045872095972299576,5000,5000,8,outer,64,0.0,726abda0d341,0.5915232665654727
unconstrained,rep020,both,latent,identity,0.2,10,13396,11408,76,True,403,80,320,431,7,12.59375,0,0.2713134210805709,0.33017610681895493,0.6370559445311703,0.5014844483002587,0.5151417700476372,0.717733773796132,0.4443816678064908,0.831608978091821,0.08043526926884109,0.1999443454764727,0.15959114077603706,0.27661624625360864,0.02653953659016391,0.12517774955746158,0.12784320763754853,0.35755168526738695,0.2447302762600979,0.9569137715018868,0.48461711406707764,0.5453901886940002,0.7281099586147576,0.7313235304340895,0.6589774427286001,0.6589774427286001,0.5094266362464477,0.7467621060175614,0.5657294977261518,0.6259614962060176,0.8360126589256305,0.7022277847309136,0.4813798287804349,0.6410012515644556,0.4089348935207637,0.265625,0.4375,0.0,0.0,0.0,0.0,0.21214406192302704,0.31241564277028144,0.36305171509997464,0.7801153899796479,0.5556214497725795,0.6242154742431926,0.7900730815837181,0.49143153821504465,0.7959546522717628,0.5120604634284973,0.6312337517738342,0.7281099586147576,0.7313235304340895,0.5897974056855981,0.5897974056855981,0.49412536987665895,0.8111190768694084,0.5023461370510567,0.5574270134473969,0.9210054450507014,0.6500125156445558,0.4079035181228674,0.6327909887359197,0.39549998303046224,0.265625,0.40625,0.8878484319836717,0.0025000000000000005,0.28949924405830346,2,0.1429307609796524,0.426729291677475,870,5000,0.1278432011604309,5000,5000,8,outer,64,0.0,726abda0d341,0.37897665314056705
unconstrained,rep020,both,latent,identity,0.2,9,13396,11408,76,True,403,67,266,333,8,12.59375,0,0.37939306123762395,0.3239140604135137,0.4923589726810891,0.371896239882085,0.4547036688666008,0.6743171871356987,0.35590218005922786,0.8448509380773328,0.06332924247769035,0.16197919339828026,0.042453546698322374,0.14867775561855828,0.006017772807343344,0.06197989406203119,0.04723046411392539,0.21732570973984047,0.14852992866302825,0.9808026957600745,0.5184977054595947,0.6606836318969727,0.8245509646593266,0.8240694410768805,0.6654618020594281,0.6654618020594281,0.6133310805102644,0.7456339279803363,0.7836387039347805,0.7913064407892745,0.6072549396694964,0.8469018383135779,0.6979567795400946,0.839875079849528,0.65370282105401,0.2744360902255639,0.6153846153846154,0.0,0.0,0.0,0.0,0.4519366919994354,0.37927997677567354,0.3238360240254357,0.49192984402651047,0.3716260066706511,0.4543798882762315,0.6740770640484895,0.35569601245557925,0.8449614149841714,0.5187857151031494,0.6609922051429749,0.8245509646593266,0.8240694410768805,0.665503042513121,0.665503042513121,0.6135177354027426,0.7455547568097891,0.783659399343758,0.7912804589383147,0.6072199506280398,0.8473277024629143,0.6972979616613479,0.8399460572077507,0.6537376062317831,0.2744360902255639,0.6153846153846154,1.1321708361629135,0.0025000000000000005,0.3867803805305995,2,0.04831190034747124,0.3085964620113373,4970,5000,0.04723046347498894,5000,5000,8,outer,64,0.0,726abda0d341,0.59057392007356
unconstrained,rep020,both,latent,identity,0.2,11,13396,11408,76,True,403,68,273,341,6,12.59375,0,0.24125574250332812,0.27817131603220857,0.37532988851821125,0.322273782079519,0.33063850651325016,0.575011744674185,0.30757296006374885,0.8911449976061399,0.0572934567570795,0.15808055257429543,0.04504741953870914,0.15128550965609447,0.005813410305314298,0.05977040367600476,0.046951721508910235,0.21668345924160948,0.14883573393991947,0.9821874649057174,0.5295080542564392,0.5231696963310242,0.8086804539213719,0.7357960822138594,0.7603362794832328,0.7603362794832328,0.6972706474504455,0.6083665561370208,0.7803711633842749,0.7715856626199047,0.6359996685712523,0.8710444112454163,0.769921532936336,0.8878174657069129,0.7481435165893809,0.27106227106227104,0.7037037037037037,0.0,0.0,0.0,0.0,0.3309672474861145,0.2403290194992908,0.2739704083835131,0.3739679687078937,0.3174820632412199,0.3294216523050261,0.5739526568498713,0.302978178288651,0.8915456184205334,0.5284509062767029,0.5225587487220764,0.8086804539213719,0.7357960822138594,0.759551396900184,0.759551396900184,0.6975953281368695,0.6098721665517904,0.780178450487642,0.7721359388786395,0.6362521465603079,0.8692788265652588,0.7672860750341326,0.8881570012223279,0.748467488468851,0.27106227106227104,0.6666666666666666,1.0187389489885685,0.0025000000000000005,0.3346234202050819,2,0.05609523877501488,0.19076572358608246,4760,5000,0.046951718628406525,5000,5000,8,outer,64,0.0,726abda0d341,0.6501846171921714
unconstrained,rep020,both,latent,identity,0.2,12,13396,11408,76,True,403,70,279,349,6,12.59375,0,0.21522467586138927,0.24493262219121895,0.31642476182397905,0.2959699527821983,0.28269139983644914,0.5316873139698267,0.2789575092518719,0.8862730305214155,0.05867183929920737,0.15382641976937628,0.03976886896711656,0.14192607188427905,0.006433853950566173,0.061899373062306404,0.0440771612552339,0.2099456149940596,0.1416700871812845,0.9852751347354569,0.441781610250473,0.4958508610725403,0.7004007682085326,0.7250544289708886,0.7487981929408494,0.7487981929408494,0.6683060924532264,0.6585789705616475,0.8500990667140021,0.8160012542961024,0.5490230535430216,0.9061107117181884,0.768204419949813,0.9044572250179727,0.7700532555977185,0.23297491039426524,0.7037037037037037,0.0,0.0,0.0,0.0,0.3159000277519226,0.20505955196084383,0.2385285582447263,0.31676094098605784,0.29650089033771565,0.2795271446443198,0.5287032671019916,0.2771767796400525,0.887546012840177,0.45452120900154114,0.5050870776176453,0.7004007682085326,0.7250544289708886,0.7603142943128585,0.7603142943128585,0.6602933782006652,0.6420368218985831,0.8404774417909531,0.7961527091690703,0.5633101399633796,0.91294033069734,0.7808599795752171,0.8990654205607477,0.7560863942277982,0.23297491039426524,0.7777777777777778,0.8428322392235783,0.0025000000000000005,0.3375737119457348,2,0.044937312602996826,0.12331648170948029,2410,5000,0.04407716169953346,5000,5000,8,outer,64,0.0,726abda0d341,0.6805658801948951
unconstrained,rep020,both,latent,identity,0.2,15,13396,11408,76,True,403,64,254,318,6,12.59375,0,0.14797855812237454,0.22128532702489462,0.2155555899278565,0.27144681570576495,0.1930299126593625,0.43935169586489875,0.2547263194788082,0.9240775586089864,0.038666355702450875,0.13469390415593208,0.034724878876637694,0.13621365112066056,0.004141705914651173,0.050850440766517555,0.03443508476134749,0.1855669279838072,0.13144090682415568,0.987424409306609,0.4371301829814911,0.47805148363113403,0.6172400476135051,0.5679520642732239,0.790135633541809,0.790135633541809,0.7130865006673048,0.6212880599822647,0.8229873263824873,0.7607441594794837,0.5655759272550385,0.9322643642717647,0.7810943657834865,0.9239387398499332,0.745932820295045,0.18503937007874016,0.72,0.0,0.0,0.0,0.0,0.2560882270336151,0.1478445710979565,0.22090093365412794,0.21536858316137367,0.27222308284036423,0.1928605791402346,0.4391589451898192,0.25511569977828547,0.9241441607951679,0.43636947870254517,0.47897282242774963,0.6172400476135051,0.5679520642732239,0.7900200331576831,0.7900200331576831,0.7126370538256073,0.6208442454537463,0.8230334906546453,0.7605742667425814,0.5654884844160116,0.9322643642717648,0.7806479841871455,0.9235275979031761,0.7428265096589568,0.18503937007874016,0.72,0.597002001844792,0.0025000000000000005,0.23434370842743568,2,0.037387166172266006,0.2736538350582123,4780,5000,0.03443508222699165,5000,5000,8,outer,64,0.0,726abda0d341,0.6885332372122319
unconstrained,rep020,both,latent,identity,0.2,13,13396,11408,76,True,403,71,286,357,6,12.59375,0,0.17045319231992662,0.2462518721442893,0.28840238347800373,0.3051990730509425,0.24908598642531135,0.4990851494738261,0.2855500060820581,0.9146913190955118,0.04263928908726644,0.14219550773425585,0.0382398039880218,0.1413747382409089,0.005689986933998331,0.060634490195990626,0.037996130935027364,0.19492596270129683,0.1375753621458139,0.9862347182256866,0.5163626074790955,0.5173539519309998,0.69235364343258,0.6817598717792775,0.7864448077296124,0.7864448077296124,0.716057883066869,0.604214379041023,0.8197928162227079,0.8013757744181365,0.5732366775329264,0.8152912621359223,0.6852495457887876,0.8523665048543689,0.6760688174833243,0.27972027972027974,0.6785714285714286,0.0,0.0,0.0,0.0,0.225159153342247,0.16821995702554704,0.2428203695506691,0.2873152901957812,0.302602695532577,0.24761684580570317,0.4976111391495403,0.28267525353860773,0.915194480474121,0.5151411890983582,0.5177275538444519,0.69235364343258,0.6817598717792775,0.7860015122738119,0.7860015122738119,0.7155799271332005,0.6039010468611673,0.819253264565305,0.8009391122356463,0.5739331576795884,0.81498786407767,0.6845266636681235,0.8524878640776699,0.675690088464409,0.27972027972027974,0.6785714285714286,0.7899881343920842,0.0025000000000000005,0.2681018477464162,2,0.04211076721549034,0.26419785618782043,4870,5000,0.03799612820148468,5000,5000,8,outer,64,0.0,726abda0d341,0.6677001349600815
unconstrained,rep020,both,latent,identity,0.2,14,13396,11408,76,True,403,73,290,363,7,12.59375,0,0.1895959553628192,0.25207392806175594,0.28659486468413037,0.31256726471337076,0.25426189491036,0.5042438843559335,0.29240281916283256,0.9126087370218536,0.04954153203635552,0.1457897168050162,0.03662202952127021,0.13982087450535183,0.005072710705398475,0.05663678655631969,0.03912588113899494,0.19780263177974894,0.13752838575281978,0.9858784787181856,0.4810613691806793,0.4601411521434784,0.6826052818248248,0.6977634544355721,0.7343193572347404,0.7343193572347404,0.5789612488729416,0.6346928980717867,0.8305678995421371,0.7681241443274367,0.5948529960672132,0.924650796773559,0.8177891587608888,0.9121253852711654,0.7737764094725396,0.23793103448275862,0.6896551724137931,0.0,0.0,0.0,0.0,0.28400149941444397,0.1895959553628192,0.25207392806175594,0.28659486468413037,0.31256726471337076,0.25426189491036,0.5042438843559335,0.29240281916283256,0.9126087370218536,0.4810613691806793,0.4601411521434784,0.6826052818248248,0.6977634544355721,0.7343193572347404,0.7343193572347404,0.5789612488729416,0.6346928980717867,0.8305678995421371,0.7681241443274367,0.5948529960672132,0.924650796773559,0.8177891587608888,0.9121253852711654,0.7737764094725396,0.23793103448275862,0.6896551724137931,0.7883948224247725,0.0025000000000000005,0.2700465045669941,2,0.043457455933094025,0.29383835196495056,4999,5000,0.03912588581442833,5000,5000,8,outer,64,0.0,726abda0d341,0.675749312354527
unconstrained,rep020,both,latent,identity,0.2,16,13396,11408,76,True,403,76,302,378,7,12.59375,0,0.1455785885860379,0.23396229898010582,0.24713215634612784,0.2885008568397187,0.21328096709276453,0.4618235237542199,0.27032133755318105,0.9281965954979341,0.04177730927336535,0.14484057047388202,0.03780475046772766,0.14312988843403862,0.005111992267237473,0.057439007551813505,0.03741873685723325,0.19343923298347016,0.13936334364660302,0.9871621292597467,0.6330648064613342,0.5822687149047852,0.7807781695763442,0.7349722584166032,0.8561741043724828,0.8561741043724828,0.739001483699887,0.4812006909049133,0.8815471482712269,0.7901938133352622,0.47868900619141247,0.9508965979554215,0.8734290177994186,0.9231886486788448,0.7988323060210987,0.2682119205298013,0.7333333333333333,0.0,0.0,0.0,0.0,0.31717485189437866,0.14557028867170926,0.23402141089505496,0.24698524663150934,0.2883849018593188,0.2131802606449093,0.46171447957033934,0.2702637382045642,0.9282304994412154,0.6333299279212952,0.582345187664032,0.7807781695763442,0.7349722584166032,0.8561278612314831,0.8561278612314831,0.7390782718675819,0.481218509748651,0.8815405910029331,0.7901525328876644,0.4786732587511569,0.9510083235573432,0.8735940908685553,0.9233003742807664,0.7990579805631539,0.2682119205298013,0.7333333333333333,0.9722015114908698,0.0025000000000000005,0.3233084969807744,2,0.05127034708857536,0.23687264323234558,4990,5000,0.03741873428225517,5000,5000,8,outer,64,0.0,726abda0d341,0.7697422009245317
shared_pair,rep020,both,latent,identity,0.2,5,13396,11408,76,True,403,70,281,351,6,12.59375,0,0.27687256790330855,0.31550991071455625,0.6948501250840292,0.4944562701238095,0.5555242726904558,0.7453350070206388,0.4348074836540584,0.7873961766998478,0.07012181936489245,0.18862456725994595,0.15512935233343692,0.27376734202448627,0.02576724036884389,0.11984494872800393,0.12171441835695825,0.3488759354798755,0.23907482717681566,0.9505073652331033,0.356685996055603,0.4623003304004669,0.5741386142827298,0.6593281742668791,0.38207435084358016,0.38207435084358016,0.42020925050568414,0.9454279480190787,0.4073912613888758,0.5065976917002888,0.96670332349354,0.6348673160900236,0.2769995936763149,0.6526704736311724,0.28805138812320596,0.18505338078291814,0.21428571428571427,0.0,0.0,0.0,0.0,0.3506297767162323,0.32425800356457796,0.34478259438841713,0.8109033465452165,0.5371808335905975,0.6486882322183368,0.8054118401279787,0.4730480871898707,0.7517415438365871,0.4178227484226227,0.5545584559440613,0.5741386142827298,0.6593281742668791,0.31276956937733563,0.31276956937733563,0.3822856385682916,1.0200996281172556,0.3798276067928296,0.4814083981438414,1.0395942979923671,0.6398219684245885,0.272933482832148,0.6812227074235808,0.3211662421521902,0.18505338078291814,0.25,0.6197464523919715,0.0025000000000000005,0.2365094833472749,2,0.12530046701431274,0.6035940647125244,1030,5000,0.12171442061662674,5000,5000,8,outer,64,0.0,de343e638d3e,0.15961812410977527
shared_pair,rep020,both,latent,identity,0.2,7,13396,11408,76,True,403,77,309,386,7,12.59375,0,0.2795213308714927,0.32373922611759537,0.508162932279146,0.42910761947655357,0.43194906514326165,0.6572283204056728,0.3939848216902341,0.8086736602269311,0.06089182957949708,0.1701751269427035,0.09297260403925169,0.21659325323609507,0.022678547085389487,0.11533666882490567,0.07928260266271729,0.28157166523412347,0.19680776517753032,0.9676803843750948,0.4037274122238159,0.46303343772888184,0.5883808750094432,0.6050900713539559,0.4666365489813197,0.4666365489813197,0.5087674539678924,0.9018283047954623,0.6006068091414849,0.7282041478721716,0.7883507030448992,0.7344064386317908,0.435779965814504,0.766658776186531,0.4827342855946168,0.2297734627831715,0.3333333333333333,0.0,0.0,0.0,0.0,0.305938720703125,0.27811846803388707,0.3219397095254531,0.5063680749295266,0.42824083214000386,0.43028487263098003,0.6559610298112076,0.39280712460182027,0.8094107931153818,0.40136533975601196,0.46312353014945984,0.5883808750094432,0.6050900713539559,0.4665716286967186,0.4665716286967186,0.5089065569569797,0.901184071088365,0.6014298515418202,0.7294833259443342,0.7878026338490707,0.7343472600307729,0.4379932977657306,0.7671913835956917,0.48293659254467974,0.2297734627831715,0.3333333333333333,0.593011094320587,0.0025000000000000005,0.2592570288382616,2,0.10161473602056503,0.37463247776031494,4980,5000,0.07928260415792465,5000,5000,8,outer,64,0.0,de343e638d3e,0.3045457253162964
shared_pair,rep020,both,latent,identity,0.2,6,13396,11408,76,True,403,60,239,299,7,12.59375,0,0.2866680035709571,0.35026265512421756,0.6251269203638459,0.5000668120431427,0.5123072814328831,0.7157564400219415,0.4501320930701677,0.7982682665320973,0.05457039758867932,0.17149150028909113,0.11678826202536151,0.24952914319236041,0.02246168360218327,0.10972829545212208,0.0923493771965584,0.3038904032649903,0.21779589547406286,0.966650591871682,0.5442704558372498,0.46579912304878235,0.6655912516856991,0.6941813289483674,0.5864713504771268,0.5864713504771268,0.5670392215463591,0.8229474183516218,0.583411119113501,0.6242095478358707,0.810999357774066,0.6839803171131766,0.4836660657070791,0.6533624931656643,0.4352100820056656,0.2594142259414226,0.5217391304347826,0.0,0.0,0.0,0.0,0.39991483092308044,0.288893856912477,0.351859878663328,0.6268484670508448,0.5007153697126744,0.5141969303380556,0.7170752612787974,0.45109687269622556,0.7975241776559446,0.5435608625411987,0.4674457609653473,0.6655912516856991,0.6941813289483674,0.5836091977895668,0.5836091977895668,0.56756289335818,0.8244472417935151,0.5858690960262526,0.6259357090116381,0.8092566721205785,0.6847093129214507,0.48325418660382297,0.654273737926007,0.43637759311402563,0.2594142259414226,0.5217391304347826,0.7668939245118183,0.0025000000000000005,0.3010270624269843,2,0.11977830529212952,0.47923991084098816,4880,5000,0.09234938025474548,5000,5000,8,outer,64,0.0,de343e638d3e,0.3336401361394262
shared_pair,rep020,both,latent,identity,0.2,8,13396,11408,76,True,403,73,294,367,7,12.59375,0,0.2847423855844847,0.34244572675879603,0.5898635743915918,0.48335684980802707,0.4881565114558894,0.6986819816310489,0.4363864754582834,0.8116978848610505,0.06508465128061379,0.18530549601495824,0.16225625543456149,0.2885864610897816,0.032776004068917126,0.13831425899489494,0.12498454093225028,0.3535315274940133,0.2483353614360294,0.9530072792128798,0.4058302640914917,0.35102665424346924,0.5831587656871651,0.6393791028694537,0.4228731050997161,0.4228731050997161,0.4380142917350894,0.9407423079519234,0.528381401510176,0.5586153568270601,0.853106662144187,0.6569257744009351,0.3509237911327385,0.6220046756282875,0.3809603288069321,0.19727891156462585,0.3103448275862069,0.0,0.0,0.0,0.0,0.4134323298931122,0.30133416987976736,0.3529557069954689,0.634113867951574,0.4995765170307622,0.5231873019276385,0.7233168751851698,0.45070291368566445,0.7981850630794737,0.41570428013801575,0.3603579103946686,0.5831587656871651,0.6393791028694537,0.40747531604582043,0.40747531604582043,0.4622174501778498,0.958834036077167,0.47717529662282526,0.5112208891192274,0.8848819015955071,0.6654734073641145,0.32617644803348955,0.6046902396259497,0.342687094223916,0.19727891156462585,0.3448275862068966,0.6160502747108332,0.0025000000000000005,0.2332461538305984,2,0.1357380449771881,0.6599583625793457,2430,5000,0.12498454749584198,5000,5000,8,outer,64,0.0,de343e638d3e,0.20592371608542592
shared_pair,rep020,both,latent,identity,0.2,9,13396,11408,76,True,403,67,266,333,8,12.59375,0,0.4712213884000038,0.41053787983369033,1.0741890596824786,0.6193147244065093,0.8731998359216537,0.9344516231039752,0.5497224428822364,0.7020562078332011,0.06562847418172837,0.18963521353266874,0.1638168521191973,0.29290430582083565,0.030167535530250915,0.1330141656597687,0.12601365292792274,0.3549840178485825,0.2521734235251251,0.9487804644941343,0.43676522374153137,0.5294111967086792,0.8245509646593266,0.8240694410768805,0.47620772418716206,0.47620772418716206,0.5163142114348835,0.8850126517647742,0.38368838932377836,0.4948826911459272,0.951466088194126,0.6192064731350698,0.41995861979765087,0.6171481297466108,0.3878829546147723,0.2744360902255639,0.34615384615384615,0.0,0.0,0.0,0.0,0.5190368294715881,0.4868932688098745,0.42985218836512884,0.9905981759708636,0.6084999196033024,0.8226965402505341,0.9070262070362323,0.5489506758572447,0.7192883954839149,0.48264288902282715,0.5401608347892761,0.8245509646593266,0.8240694410768805,0.4670041475763659,0.4670041475763659,0.5185609242525436,0.8932359945007563,0.5035486431001939,0.5213548499189462,0.866535502701726,0.6379444957058699,0.4300982736752992,0.56767691106537,0.3888151351416161,0.2744360902255639,0.38461538461538464,1.1321708361629135,0.0025000000000000005,0.3867803805305995,2,0.13623936474323273,0.6341689825057983,1340,5000,0.12601366639137268,5000,5000,8,outer,64,0.0,de343e638d3e,0.21374994245164447
shared_pair,rep020,both,latent,identity,0.2,10,13396,11408,76,True,403,80,320,431,7,12.59375,0,0.33668263872324705,0.3621939570386541,0.7618596448059043,0.5270611549384524,0.6201339761116852,0.7874858577217023,0.4721054223051863,0.7972888241080269,0.07396252107838913,0.1937937105464363,0.17806261476639954,0.2864843275618455,0.030032063415921073,0.13408331116926103,0.1376648983149472,0.37103220657369784,0.2494788415395868,0.953603626077783,0.41529616713523865,0.5175836682319641,0.7281099586147576,0.7313235304340895,0.569074720666372,0.569074720666372,0.4768276850848153,0.8284445276416617,0.49979020794772516,0.6083951015146631,0.8859036043000271,0.6494618272841052,0.4382248118564339,0.6338423028785983,0.38844958339533975,0.265625,0.40625,0.0,0.0,0.0,0.0,0.36029261350631714,0.3411636059633767,0.38202906760566957,0.8366922889359947,0.5661951174801271,0.6715160612784552,0.8194608357197158,0.5048064341886412,0.7804929004767411,0.4925571084022522,0.6325470805168152,0.7281099586147576,0.7313235304340895,0.5442338566976713,0.5442338566976713,0.4127028828406527,0.8461742015018704,0.4649008050057741,0.5664610677350365,0.958836501171782,0.64720901126408,0.43083143091357523,0.624630788485607,0.3781788106314409,0.265625,0.4375,0.8878484319836717,0.0025000000000000005,0.28949924405830346,2,0.15671999752521515,0.47509682178497314,650,5000,0.13766488432884216,5000,5000,8,outer,64,0.0,de343e638d3e,0.2524044840888887
shared_pair,rep020,both,latent,identity,0.2,11,13396,11408,76,True,403,68,273,341,6,12.59375,0,0.3694812220261887,0.37637144647508314,0.8545301351402173,0.53587564417819,0.6928471641022077,0.8323744134115414,0.48270757827715444,0.7718962606555851,0.06154751077183874,0.17818173257386122,0.15984505585488393,0.27836304884130353,0.028803761625084377,0.1253992227868009,0.12213841524280665,0.34948306860677336,0.2389578993336308,0.9536631514680526,0.46068069338798523,0.5520374774932861,0.8086804539213719,0.7357960822138594,0.5701043712932913,0.5701043712932913,0.5034200583658506,0.7944556080537274,0.46458438506960764,0.5904213594477656,0.9424938320795936,0.7044003802797772,0.47129193774217,0.6769659106342523,0.43484466592509313,0.27106227106227104,0.37037037037037035,0.0,0.0,0.0,0.0,0.39205440878868103,0.42549867376662964,0.4006698022861227,0.9489906920446269,0.5675918196553561,0.774493352618628,0.8800530396621717,0.511951147198945,0.7450161608749254,0.48117199540138245,0.5705575346946716,0.8086804539213719,0.7357960822138594,0.502531629066943,0.502531629066943,0.4663785924251789,0.8399564976896973,0.43312354596810576,0.5497802433719136,0.9751684474277816,0.6933994295803341,0.4527158020587285,0.6786635882113269,0.4364970344297392,0.27106227106227104,0.37037037037037035,1.0187389489885685,0.0025000000000000005,0.3346234202050819,2,0.1379975974559784,0.4741869270801544,1860,5000,0.12213841825723648,5000,5000,8,outer,64,0.0,de343e638d3e,0.26696802954492094
shared_pair,rep020,both,latent,identity,0.2,12,13396,11408,76,True,403,70,279,349,6,12.59375,0,0.18201381590462407,0.22748471636574014,0.3129782086252083,0.3046440186676869,0.2693234110516802,0.5189637858768954,0.2789242512337046,0.8916509827809997,0.024518186901329436,0.11126015080621762,0.03587276865830752,0.13893794731642975,0.006650406029917296,0.06309670092321787,0.03080903915612438,0.175525038544717,0.12636293414849487,0.9897076186944753,0.43308526277542114,0.5030944347381592,0.7004007682085326,0.7250544289708886,0.8148770394509257,0.8148770394509257,0.7367186895644775,0.6035939502862072,0.8619354670992689,0.8201998309186752,0.5356629222998991,0.9158878504672898,0.791256531550608,0.8971243709561467,0.7521926219351865,0.23297491039426524,0.8148148148148148,0.0,0.0,0.0,0.0,0.19309793412685394,0.18068419910029343,0.2250971586282615,0.31083341229912315,0.30233877967480705,0.2674503412328466,0.5171560124690098,0.27659157265929185,0.8924045202223262,0.4322426915168762,0.5041881203651428,0.7004007682085326,0.7250544289708886,0.8150823106987338,0.8150823106987338,0.7378972858579496,0.6032564573042997,0.8619276624403615,0.8209569671451779,0.5351940839926178,0.9156002875629045,0.7903041484606712,0.8968368080517614,0.7515451412020038,0.23297491039426524,0.8148148148148148,0.8428322392235783,0.0025000000000000005,0.3375737119457348,2,0.14746806025505066,0.14524272084236145,4980,5000,0.030809039250016212,5000,5000,8,outer,64,0.0,de343e638d3e,0.6956713688425784
shared_pair,rep020,both,latent,identity,0.2,13,13396,11408,76,True,403,71,286,357,6,12.59375,0,0.17029641751315222,0.2444746451374649,0.3112832483439838,0.3238000640585793,0.2642876380670399,0.5140891343600251,0.2973582577515412,0.9094849529416524,0.03242696972469006,0.12572355863265708,0.04022729060760452,0.14694227510772878,0.007412011867030669,0.06906511442438452,0.03610811766556896,0.19002136107703513,0.13630968985777756,0.9869187098324158,0.5234547853469849,0.523087203502655,0.69235364343258,0.6817598717792775,0.7874044436234195,0.7874044436234195,0.7035368995574386,0.6063603628585251,0.8114139822930686,0.8070469966490504,0.5805613466018611,0.8263956310679611,0.6948202454011463,0.8524878640776701,0.6696496359391764,0.27972027972027974,0.6428571428571429,0.0,0.0,0.0,0.0,0.21703529357910156,0.17029641751315222,0.2444746451374649,0.3112832483439838,0.3238000640585793,0.2642876380670399,0.5140891343600251,0.2973582577515412,0.9094849529416524,0.5234547853469849,0.523087203502655,0.69235364343258,0.6817598717792775,0.7874044436234195,0.7874044436234195,0.7035368995574386,0.6063603628585251,0.8114139822930686,0.8070469966490504,0.5805613466018611,0.8263956310679611,0.6948202454011463,0.8524878640776701,0.6696496359391764,0.27972027972027974,0.6428571428571429,0.7899881343920842,0.0025000000000000005,0.2681018477464162,2,0.11547156423330307,0.28858381509780884,4999,5000,0.036108117550611496,5000,5000,8,outer,64,0.0,de343e638d3e,0.6474199623922643
shared_pair,rep020,both,latent,identity,0.2,14,13396,11408,76,True,403,73,290,363,7,12.59375,0,0.22850652846495817,0.28269989095084447,0.35976714125816484,0.35042517547264745,0.31601360366042924,0.5621508726849308,0.32785008063204646,0.8913843226414379,0.06046487853186316,0.15907664073597036,0.0514258634270114,0.16405246290819098,0.007816130398205823,0.06932763625567695,0.05209491305262939,0.22824310077772206,0.1577149568271495,0.9811976266877277,0.45739227533340454,0.4361923038959503,0.6826052818248248,0.6977634544355721,0.6492404489929973,0.6492404489929973,0.5610666984846677,0.7087488572741996,0.8094675466225438,0.7653744293978649,0.6236772561978314,0.8682536559774412,0.7464562357184746,0.9019607843137255,0.7716537647673153,0.23793103448275862,0.6206896551724138,0.0,0.0,0.0,0.0,0.24034366011619568,0.226266224431809,0.28093209678717224,0.3573751585715967,0.34737910680881506,0.3136721805250008,0.5600644431893537,0.32523010346826736,0.8921890831229229,0.45616865158081055,0.4361516833305359,0.6826052818248248,0.6977634544355721,0.64960755280703,0.64960755280703,0.560689802781697,0.7073733874814833,0.8092903096963239,0.7647991222167962,0.6238569329764805,0.8683848121188275,0.7485002054701523,0.9018296281723392,0.7715473860391664,0.23793103448275862,0.6206896551724138,0.7883948224247725,0.0025000000000000005,0.2700465045669941,2,0.07355955243110657,0.37153756618499756,4850,5000,0.05209490656852722,5000,5000,8,outer,64,0.0,de343e638d3e,0.5969996671017372
shared_pair,rep020,both,latent,identity,0.2,15,13396,11408,76,True,403,64,254,318,6,12.59375,0,0.17360664082499933,0.2427077972312153,0.2826983690831803,0.31391097948189933,0.24633445966378664,0.4963209240640441,0.290176585398338,0.9031118373377987,0.03764471365244316,0.13470664544958494,0.04123235202406561,0.14905996111223047,0.006173851256016812,0.06121783994270652,0.038334031275503964,0.19579078444989173,0.14009980245795264,0.9860005256182932,0.41934987902641296,0.5027276873588562,0.6172400476135051,0.5679520642732239,0.743058148053845,0.743058148053845,0.7059707777169564,0.6745257072933595,0.7832391063311108,0.7435328169424067,0.6264117253121776,0.9137629766676946,0.7160704104190948,0.9125295508274232,0.701564825161935,0.18503937007874016,0.64,0.0,0.0,0.0,0.0,0.24897924065589905,0.17440186282816736,0.24224146860540877,0.28341018079443425,0.3145468387770338,0.2470740748056786,0.49706546330003515,0.29044504871982546,0.9028209322314937,0.41940444707870483,0.5032839179039001,0.6172400476135051,0.5679520642732239,0.7425678871868535,0.7425678871868535,0.7052474520666316,0.6749168986978472,0.7834343623479815,0.7437843607145014,0.626346736018665,0.9144824750745194,0.71463465859624,0.9127351218008017,0.7014871498935896,0.18503937007874016,0.64,0.597002001844792,0.0025000000000000005,0.23434370842743568,2,0.05497969314455986,0.29144877195358276,4960,5000,0.03833403438329697,5000,5000,8,outer,64,0.0,de343e638d3e,0.602522761070978
shared_pair,rep020,both,latent,identity,0.2,16,13396,11408,76,True,403,76,302,378,7,12.59375,0,0.1778283172423386,0.25991362598955947,0.2986797452788365,0.3259744470998633,0.25839593593333715,0.5083266036057302,0.30395417339642866,0.9130081405649217,0.030839214030181004,0.1293396301571631,0.04002339117498944,0.14800852014211105,0.006238001197417508,0.06230215064425689,0.03541735162438268,0.18819498299471926,0.13778953325146165,0.9878487779036819,0.5963073968887329,0.5652337670326233,0.7807781695763442,0.7349722584166032,0.8330912875530518,0.8330912875530518,0.7737932766676594,0.5380971569771161,0.8619905147337685,0.8132119651867501,0.5108136480778988,0.9386067817440367,0.8286065700695322,0.9071560248030835,0.7647916157526048,0.2682119205298013,0.6333333333333333,0.0,0.0,0.0,0.0,0.2409786880016327,0.1778283172423386,0.25991362598955947,0.2986797452788365,0.3259744470998633,0.25839593593333715,0.5083266036057302,0.30395417339642866,0.9130081405649217,0.5963073968887329,0.5652337670326233,0.7807781695763442,0.7349722584166032,0.8330912875530518,0.8330912875530518,0.7737932766676594,0.5380971569771161,0.8619905147337685,0.8132119651867501,0.5108136480778988,0.9386067817440367,0.8286065700695322,0.9071560248030835,0.7647916157526048,0.2682119205298013,0.6333333333333333,0.9722015114908698,0.0025000000000000005,0.3233084969807744,2,0.03829260542988777,0.33308008313179016,4999,5000,0.0354173518717289,5000,5000,8,outer,64,0.0,de343e638d3e,0.7210361510027382
algebra,rep020,both,latent,identity,0.2,5,13324,11336,48,True,403,70,281,351,6,12.59375,0,0.2653949434078946,0.3129781624344321,0.5121011042393111,0.43216590017844025,0.42986571729550566,0.6556414548329793,0.39243665426377095,0.8354867653935781,0.06075559398158488,0.1808185611070214,0.1206856404979586,0.24446353460463122,0.02909220293372848,0.1275663891648349,0.09710843016786484,0.3116222555721347,0.2184381287698443,0.9605128781621454,0.4034038782119751,0.48767125606536865,0.5741386142827298,0.6593281742668791,0.4612993073193989,0.4612993073193989,0.5199908868673538,0.9127886897863572,0.6742274028837545,0.6944688422806087,0.7517038473668664,0.6616560295599597,0.3285519092167488,0.819281155525697,0.5803574290755247,0.18505338078291814,0.39285714285714285,0.0,0.0,0.0,0.0,0.0,0.268681144566355,0.31583742651747115,0.5169524585047744,0.43477409122655525,0.43419535385863467,0.6589350148980054,0.39512853632352724,0.8338297769736782,0.4100795090198517,0.49023476243019104,0.5741386142827298,0.6593281742668791,0.45970593260226883,0.45970593260226883,0.5175961881686117,0.9166344181815501,0.6723317501708796,0.6916667568064553,0.7539869643267418,0.6644272757809876,0.32922104718338674,0.8183574067853544,0.5791913821472078,0.18505338078291814,0.39285714285714285,0.6197464523919715,0.0025000000000000005,0.2365094833472749,2,0.10041555017232895,0.5194573998451233,3620,5000,0.09710843116044998,5000,5000,8,outer,64,0.0,1be44dc9c7aa,0.3497109385839793
algebra,rep020,both,latent,identity,0.2,6,13324,11336,48,True,403,60,239,299,7,12.59375,0,0.16100958450135328,0.2491431644646088,0.33979765082937013,0.3439510717700543,0.28020162872003124,0.5293407491588299,0.3123484360015724,0.8896647337821862,0.026175182760589097,0.12193467713319484,0.05105458052749469,0.16349468866471215,0.007472660126206123,0.0692655583093062,0.0409873062103341,0.20245321980727818,0.14560046322091993,0.9851985747561737,0.5226637721061707,0.4716963768005371,0.6655912516856991,0.6941813289483674,0.7994549044548592,0.7994549044548592,0.7677246316936815,0.591296009985337,0.7982741756807863,0.7732072536127422,0.6102928851100053,0.8478221250227811,0.6918925182496358,0.8485511208310553,0.6882798506661614,0.2594142259414226,0.6521739130434783,0.0,0.0,0.0,0.0,0.0,0.15700258863492628,0.245961400854014,0.3327172317767429,0.3415519188796071,0.274145684062804,0.5235892321876033,0.30968841287107607,0.89204938896427,0.520864725112915,0.47278890013694763,0.6655912516856991,0.6941813289483674,0.8046613466456533,0.8046613466456533,0.7673079796772265,0.585318104894824,0.8025392214115152,0.7759963608874512,0.6051549018137449,0.8525605977765628,0.699963243646439,0.8512848551120831,0.6916605472710298,0.2594142259414226,0.6956521739130435,0.7668939245118183,0.0025000000000000005,0.3010270624269843,2,0.051598913967609406,0.3028174936771393,4450,5000,0.04098730534315109,5000,5000,8,outer,64,0.0,1be44dc9c7aa,0.6355407663830902
algebra,rep020,both,latent,identity,0.2,7,13324,11336,48,True,403,77,309,386,7,12.59375,0,0.2428111655519594,0.32205349726705124,0.47095149630208183,0.4208818757234805,0.3949047193853743,0.6284144487401402,0.3879390829046708,0.8250819816126804,0.05508523288706237,0.17618903730592314,0.08631711057390644,0.21554505258829795,0.027893430238916092,0.12674018486340904,0.07349263119508669,0.27109524377068417,0.19862126178453524,0.9700406708191345,0.3732878565788269,0.48625633120536804,0.5883808750094432,0.6050900713539559,0.5308484758399804,0.5308484758399804,0.6150652197786552,0.8466476499762464,0.622196490327168,0.7080625841430725,0.7870097067905523,0.7312107941768257,0.42657668254287423,0.8475559237779619,0.5862249037626898,0.2297734627831715,0.43333333333333335,0.0,0.0,0.0,0.0,0.0,0.19733690459382666,0.28182718130698325,0.36658440474377724,0.3615722303783626,0.3101685713604604,0.5569277972596272,0.33499054735456957,0.8626147797047395,0.38146886229515076,0.4533889591693878,0.5883808750094432,0.6050900713539559,0.6386103795628412,0.6386103795628412,0.6046263945888123,0.7619664309161192,0.699299713624045,0.7349675222991853,0.678179652264021,0.7837022132796782,0.5781857943430121,0.8616404308202155,0.6592362112694471,0.2297734627831715,0.5,0.593011094320587,0.0025000000000000005,0.2592570288382616,2,0.0749991163611412,0.3132132887840271,1480,5000,0.073492631316185,5000,5000,8,outer,64,0.0,1be44dc9c7aa,0.36418851815725173
algebra,rep020,both,latent,identity,0.2,8,13324,11336,48,True,403,73,294,367,7,12.59375,0,0.1688450766301249,0.25919101497590086,0.35109862852215173,0.3509314127816694,0.29034744455814276,0.5388389783211147,0.3203512801797465,0.8880010065369629,0.036024463161431305,0.1438511594624843,0.05956161975874985,0.17825840918519267,0.01572819550494578,0.0955808705465285,0.04990662112484345,0.2233978986580748,0.163209325044481,0.9812356960752479,0.3939434885978699,0.4107861816883087,0.5831587656871651,0.6393791028694537,0.7056319346348585,0.7056319346348585,0.6534852779545324,0.7055644843337512,0.7382232141955748,0.7457542119063164,0.6690838053674224,0.7349503214494447,0.5865926063974476,0.8021624780829923,0.575498986030217,0.19727891156462585,0.6206896551724138,0.0,0.0,0.0,0.0,0.0,0.16571844128899493,0.25374074069085867,0.3497092854763253,0.3442705303784586,0.2883790040805485,0.5370093147055724,0.3140939338159253,0.8887603152765937,0.40178182721138,0.40792208909988403,0.5831587656871651,0.6393791028694537,0.7233539661560896,0.7233539661560896,0.6503537517280297,0.6918478105925981,0.7357817471885919,0.747825604470978,0.6725419983471209,0.7572326125073057,0.6007443080763322,0.7973407364114553,0.5592216950884356,0.19727891156462585,0.5862068965517241,0.6160502747108332,0.0025000000000000005,0.2332461538305984,2,0.07448432594537735,0.33360642194747925,2940,5000,0.049906618893146515,5000,5000,8,outer,64,0.0,1be44dc9c7aa,0.5276965186202245
algebra,rep020,both,latent,identity,0.2,9,13324,11336,48,True,403,67,266,333,8,12.59375,0,0.48126951538474216,0.41675025645440233,0.7268414210687434,0.5003005382043506,0.6449841191740763,0.8031090331792292,0.47245044428770117,0.7799255033628649,0.06829174642622589,0.19562149872971377,0.09961498619168081,0.2318214544302666,0.032413926609148755,0.13998672457548375,0.08632030163648806,0.2938031681866076,0.2157444671105267,0.9649142322929404,0.48367437720298767,0.6687774062156677,0.8245509646593266,0.8240694410768805,0.4851768251482636,0.4851768251482636,0.5664448379800466,0.8834823453287604,0.7614676449525128,0.7301937799767597,0.6059899095175486,0.6610121371282561,0.4558968662692753,0.8519412307473916,0.6993034784046905,0.2744360902255639,0.5,0.0,0.0,0.0,0.0,0.0,0.5580214889436418,0.44508072453729824,0.830922259999702,0.5325907695113925,0.7399553363143486,0.8602065660725617,0.5034207545200278,0.7475204530898045,0.5205702185630798,0.6486443281173706,0.8245509646593266,0.8240694410768805,0.403171598743138,0.403171598743138,0.5033263145142908,0.9431360807475573,0.7316570319829623,0.7309904504742882,0.6388773988899353,0.668535737099865,0.48529644485691326,0.8432819930442188,0.6863146634692792,0.2744360902255639,0.5,1.1321708361629135,0.0025000000000000005,0.3867803805305995,2,0.08973727375268936,0.4677242040634155,1100,5000,0.08632030338048935,5000,5000,8,outer,64,0.0,1be44dc9c7aa,0.41924084275263973
algebra,rep020,both,latent,identity,0.2,10,13324,11336,48,True,403,80,320,431,7,12.59375,0,0.28177076747009094,0.3372883215535442,0.5443971523423514,0.4455899403957215,0.4568550240515979,0.6759105148254448,0.4094894007816624,0.8506619170935794,0.05067825929303672,0.16877389133358559,0.0934187214893573,0.21628747089053899,0.02544283147335106,0.12444507334120378,0.07647067496450137,0.276533316192645,0.19662848738338295,0.9742275476670867,0.5308190584182739,0.5418174266815186,0.7281099586147576,0.7313235304340895,0.6606461997121145,0.6606461997121145,0.6011510122169161,0.757072970466773,0.719192991594375,0.7206572451879412,0.7014930618208782,0.7083854818523154,0.4811885020948703,0.8042553191489362,0.608777725688444,0.265625,0.46875,0.0,0.0,0.0,0.0,0.0,0.2809052001877819,0.3365198369094854,0.5436004729423082,0.44453339212637283,0.4560353820241327,0.6753039182650525,0.40852887372074365,0.8509298440345282,0.5317004323005676,0.5430608987808228,0.7281099586147576,0.7313235304340895,0.6609197772865456,0.6609197772865456,0.6014091018955263,0.7568548781770406,0.7191499713575557,0.720817921805877,0.7015971429184372,0.7094367959949939,0.4818593783903579,0.8040550688360449,0.6084669508630313,0.265625,0.46875,0.8878484319836717,0.0025000000000000005,0.28949924405830346,2,0.08506258577108383,0.3402714431285858,4990,5000,0.07647067308425903,5000,5000,8,outer,64,0.0,1be44dc9c7aa,0.4492435819370004
algebra,rep020,both,latent,identity,0.2,11,13324,11336,48,True,403,68,273,341,6,12.59375,0,0.3323775390529798,0.35679858289424343,0.6612067819793886,0.4771446882884475,0.5515970343372524,0.7426957885549456,0.43702931982371285,0.8183995653548553,0.05829305847374909,0.18031165799495552,0.09473634961621036,0.22232391819870664,0.03125239148348378,0.13226187283712834,0.08000766175218334,0.2828562563426578,0.20449602207517742,0.9696467086408791,0.4727090895175934,0.5298768281936646,0.8086804539213719,0.7357960822138594,0.6127736193251656,0.6127736193251656,0.6133392155289966,0.7829197474898576,0.6343749685413445,0.6969381520154385,0.7787502393939554,0.7110552763819096,0.5067584690161583,0.8567839195979898,0.6588527252785024,0.27106227106227104,0.4444444444444444,0.0,0.0,0.0,0.0,0.0,0.3323775390529798,0.35679858289424343,0.6612067819793886,0.4771446882884475,0.5515970343372524,0.7426957885549456,0.43702931982371285,0.8183995653548553,0.4727090895175934,0.5298768281936646,0.8086804539213719,0.7357960822138594,0.6127736193251656,0.6127736193251656,0.6133392155289966,0.7829197474898576,0.6343749685413445,0.6969381520154385,0.7787502393939554,0.7110552763819096,0.5067584690161583,0.8567839195979898,0.6588527252785024,0.27106227106227104,0.4444444444444444,1.0187389489885685,0.0025000000000000005,0.3346234202050819,2,0.08495946228504181,0.3328522741794586,4999,5000,0.08000766485929489,5000,5000,8,outer,64,0.0,1be44dc9c7aa,0.4164105997296589
algebra,rep020,both,latent,identity,0.2,12,13324,11336,48,True,403,70,279,349,6,12.59375,0,0.1912418625923967,0.23203479744336816,0.3569856087198068,0.315090421214249,0.3017376933440034,0.549306556800484,0.2874052132906221,0.8786106918663769,0.020831275007867463,0.10840621633965886,0.042082141820771315,0.14946109715798278,0.006849369989194283,0.0662535403101873,0.03358332271407753,0.18325753112512874,0.13228089243838856,0.9887808132824856,0.451908677816391,0.5018947720527649,0.7004007682085326,0.7250544289708886,0.8174629479021642,0.8174629479021642,0.7709859761960017,0.6207118013768654,0.83735060425403,0.818931168429312,0.5648853919733385,0.8888569374550683,0.7631850288534922,0.8907979870596693,0.7577065316805041,0.23297491039426524,0.7777777777777778,0.0,0.0,0.0,0.0,0.0,0.18949901640478947,0.23151086150457262,0.3674367785968882,0.3199887516017595,0.30812419119952195,0.5550893542480543,0.29049612156936394,0.8760413988241768,0.46100446581840515,0.5023872256278992,0.7004007682085326,0.7250544289708886,0.814249965613178,0.814249965613178,0.7612789952369902,0.6188715095002585,0.8209662544137781,0.8059265490833141,0.5843217238634925,0.887275341480949,0.7595575001001227,0.8750539180445723,0.7383777220061144,0.23297491039426524,0.7777777777777778,0.8428322392235783,0.0025000000000000005,0.3375737119457348,2,0.047790270298719406,0.13657508790493011,2060,5000,0.033583320677280426,5000,5000,8,outer,64,0.0,1be44dc9c7aa,0.659044051070786
algebra,rep020,both,latent,identity,0.2,13,13324,11336,48,True,403,71,286,357,6,12.59375,0,0.15766477715903612,0.24184783906622925,0.35226627528296894,0.34479188624916823,0.28739910924165796,0.5360961753656315,0.3104772038548552,0.9015695774202762,0.023054689805655323,0.11304946877358064,0.04507279316838171,0.1537871500162833,0.007452530340036449,0.06827262915751876,0.036211055166659144,0.19029202601963946,0.13659138027883624,0.986881417516783,0.5740735530853271,0.6181545853614807,0.69235364343258,0.6817598717792775,0.8116116646965249,0.8116116646965249,0.7611657918461512,0.5760857002881548,0.7649513075921177,0.7575415598522146,0.6470174386084858,0.8126820388349515,0.6717965028363639,0.8369538834951457,0.6345757462192582,0.27972027972027974,0.7142857142857143,0.0,0.0,0.0,0.0,0.0,0.15743293533092856,0.24151821077806507,0.35196730590624015,0.34455144730742854,0.2871225157144696,0.5358381432060147,0.31020703513097403,0.9016643070728343,0.5736690759658813,0.6176034212112427,0.69235364343258,0.6817598717792775,0.8117367043381642,0.8117367043381642,0.7616301541847112,0.5759594197474338,0.7649185603683579,0.7575230930815012,0.6468912455293411,0.812864077669903,0.6720008228974675,0.8368325242718445,0.6344151755216809,0.27972027972027974,0.7142857142857143,0.7899881343920842,0.0025000000000000005,0.2681018477464162,2,0.041784584522247314,0.2542774975299835,4990,5000,0.036211058497428894,5000,5000,8,outer,64,0.0,1be44dc9c7aa,0.6165874821615775
algebra,rep020,both,latent,identity,0.2,14,13324,11336,48,True,403,73,290,363,7,12.59375,0,0.1559525887100498,0.24638195695370185,0.35873824455776115,0.3617850909722429,0.2911430259418573,0.5395767099698219,0.32331737963272916,0.8999324820051853,0.02950562386662485,0.130519340295279,0.06542973169726349,0.1833144926992964,0.008408215822392406,0.07200682528333796,0.05119030320414556,0.22625274187100045,0.1610048798686284,0.9815241232893435,0.5243253707885742,0.4631619453430176,0.6826052818248248,0.6977634544355721,0.8058709084978803,0.8058709084978803,0.7125134539711202,0.5811310953840764,0.7774042330973578,0.760519806090605,0.6494285190482908,0.8994688176273854,0.7744709323855089,0.8864843596301397,0.7163279758758739,0.23793103448275862,0.5862068965517241,0.0,0.0,0.0,0.0,0.0,0.15824819008199556,0.24790785187659808,0.3694120306421756,0.3643845943206401,0.2990240837887823,0.5468309462610746,0.3255590135059594,0.8972237174886248,0.5253733396530151,0.4563288688659668,0.6826052818248248,0.6977634544355721,0.8000687916328335,0.8000687916328335,0.710415434026646,0.5820969831992546,0.7649639200792455,0.7482960353376623,0.6621998698388577,0.89520624303233,0.767689137404091,0.8741556823398255,0.7100956932887391,0.23793103448275862,0.5862068965517241,0.7883948224247725,0.0025000000000000005,0.2700465045669941,2,0.06185716390609741,0.3377601206302643,4080,5000,0.05119030550122261,5000,5000,8,outer,64,0.0,1be44dc9c7aa,0.6287161849473634
algebra,rep020,both,latent,identity,0.2,15,13324,11336,48,True,403,64,254,318,6,12.59375,0,0.16395934255721753,0.2349872423932683,0.2889787217802496,0.31325647652698446,0.2473055953725723,0.49729829616898175,0.28716673181574576,0.9027298706627005,0.025247274155655943,0.12120814101397864,0.046048184711908316,0.15617507886461562,0.007938491048095998,0.0677273170990755,0.03754717344038146,0.19377093032852336,0.14065871381606787,0.9862878837629578,0.44283169507980347,0.4626511335372925,0.6172400476135051,0.5679520642732239,0.7589239615586845,0.7589239615586845,0.7855933522143723,0.6561857169903467,0.780602743183523,0.7771942800337588,0.6220712578211383,0.9171548977284407,0.7384364741090045,0.8712097851783327,0.6354225074671711,0.18503937007874016,0.68,0.0,0.0,0.0,0.0,0.0,0.16404822404776426,0.2342989528787338,0.2890185139318333,0.3129633039902905,0.2473617506371436,0.4973547533070772,0.28674185361977156,0.9027077836984343,0.44241636991500854,0.46198683977127075,0.6172400476135051,0.5679520642732239,0.7589143697599325,0.7589143697599325,0.7853275286648225,0.6564285442928256,0.7803997439914183,0.777105122961699,0.6222308910683578,0.9159214718881694,0.7377519314922847,0.8712097851783327,0.6354225074671711,0.18503937007874016,0.68,0.597002001844792,0.0025000000000000005,0.23434370842743568,2,0.03982086479663849,0.23643378913402557,4910,5000,0.03754717484116554,5000,5000,8,outer,64,0.0,1be44dc9c7aa,0.6009557682081836
algebra,rep020,both,latent,identity,0.2,16,13324,11336,48,True,403,76,302,378,7,12.59375,0,0.14621473942871363,0.23615883369185914,0.2698650198597665,0.31286321617788815,0.22864825971608224,0.47817178891699813,0.28729508868254516,0.9230230258945396,0.02134554347111752,0.11158616311259938,0.04129558409808524,0.1486451816699972,0.005463944585986881,0.0597867214230716,0.033178466029395316,0.18214957048918703,0.13244586828866606,0.9886169097618022,0.6786255836486816,0.6137674450874329,0.7807781695763442,0.7349722584166032,0.869213416509038,0.869213416509038,0.8029191920534158,0.4822900513728644,0.8778586064566023,0.7946657165991622,0.47961686465020564,0.9351432880844646,0.8331632895582514,0.9129657561030109,0.7786727068161454,0.2682119205298013,0.6333333333333333,0.0,0.0,0.0,0.0,0.0,0.14297031692075562,0.23246370141753078,0.26709811112979237,0.31044549883018735,0.22572217972678013,0.4751022834367144,0.28445156635930186,0.9240081231957249,0.6794350743293762,0.6126919388771057,0.7807781695763442,0.7349722584166032,0.8709415729302008,0.8709415729302008,0.805381750469606,0.47638350443898175,0.8770633700560515,0.7937317328573412,0.4808605934954893,0.938439193341154,0.8393712410862575,0.9120160884866767,0.7764646910718694,0.2682119205298013,0.6333333333333333,0.9722015114908698,0.0025000000000000005,0.3233084969807744,2,0.036470841616392136,0.22948221862316132,4250,5000,0.03317846730351448,5000,5000,8,outer,64,0.0,1be44dc9c7aa,0.7531516958015181
additive,rep_regime_sym,symmetric,latent,identity,0.1,5,1988,0,48,True,202,70,281,351,2,6.3125,0,0.4270478251458132,0.3894780725788074,0.4283284806343675,0.3892103295392746,0.4279015954715161,0.6541418771730764,0.3892995772191189,0.8158289167974859,0.22877885906619072,0.2980617041199275,0.22928176276999118,0.29802515129882595,0.08622032499167413,0.1961103074904358,0.21546457088046883,0.46418161411291253,0.28830102244229694,0.9035163476396583,0.0,0.0,0.5741386142827298,0.0,,,,0.9999999999984832,,,,,,,,0.18505338078291814,,0.0,0.0,0.0,0.0,0.0,0.43103322925537596,0.39698222746667744,0.43219931773489834,0.3971498022546696,0.43181062157505756,0.6571229881651208,0.39709394399200554,0.8141464515312304,0.0,0.0,0.5741386142827298,0.0,,,,0.9999999999984832,,,,,,,,0.18505338078291814,,0.3301830787109856,0.0025000000000000005,0.14103445905620304,2,0.2169722318649292,0.6370037794113159,350,5000,0.21546457707881927,5000,5000,8,outer,64,0.0,f8f8691f9a3b,0.0
additive,rep_regime_sym,symmetric,latent,identity,0.1,8,1988,0,48,True,202,73,294,367,2,6.3125,0,0.4524980666221848,0.44022862673700325,0.4506102486993261,0.44157803012873076,0.45123952134027895,0.6717436425752602,0.44112822899815496,0.805501174616795,0.29278064853333813,0.3314317093205779,0.2926128149654096,0.33173673070437576,0.11714493293397436,0.22476304288505666,0.2759023044142301,0.5252640330483613,0.32142638691338526,0.8786278842282118,0.0,0.0,0.5831587656871651,0.0,,,,0.9999999999985297,,,,,,,,0.19727891156462585,,0.0,0.0,0.0,0.0,0.0,0.4551561756058847,0.4396256140814862,0.4532137168307234,0.4410759072505504,0.45386120308911054,0.6736922168832816,0.4405924761941957,0.8043711450059982,0.0,0.0,0.5831587656871651,0.0,,,,0.9999999999985297,,,,,,,,0.19727891156462585,,0.34365062898135096,0.0025000000000000005,0.14290123256139595,2,0.28537076711654663,0.4676417410373688,450,5000,0.27590233087539673,5000,5000,8,outer,64,0.0,f8f8691f9a3b,0.0
additive,rep_regime_sym,symmetric,latent,identity,0.1,6,1988,0,48,True,202,60,239,299,2,6.3125,0,0.5133300689020642,0.4591096291294295,0.5147644779594763,0.46073854437643225,0.5142863416070056,0.7171376029793763,0.46019557262743127,0.7682031965261433,0.27505462026718774,0.3428665555597254,0.27549744338998233,0.34101267443013095,0.10957448735228717,0.22664120680282535,0.2595145785284644,0.5094257340657855,0.3306465700421168,0.8817219143463091,0.0,0.0,0.6655912516856991,0.0,,,,0.9999999999988713,,,,,,,,0.2594142259414226,,0.0,0.0,0.0,0.0,0.0,0.513547174666295,0.4589180955558144,0.514986336216751,0.46068135995488335,0.5145066156999324,0.717291165218095,0.4600936051551937,0.7681039155876899,0.0,0.0,0.6655912516856991,0.0,,,,0.9999999999988713,,,,,,,,0.2594142259414226,,0.4460413224744385,0.0025000000000000005,0.19967911897510093,2,0.260124146938324,0.432949036359787,3850,5000,0.25951457023620605,5000,5000,8,outer,64,0.0,f8f8691f9a3b,0.0
additive,rep_regime_sym,symmetric,latent,identity,0.1,7,1988,0,48,True,202,77,309,386,2,6.3125,0,0.46761364387447607,0.45762471033552343,0.4686363140533242,0.45875405434755456,0.4682954239937082,0.6843211409811246,0.4583776063435442,0.76747580318491,0.24234150342080954,0.3282001746353294,0.24284232767614838,0.3276530749947065,0.10276172615329227,0.22110097241763324,0.22931049932235545,0.4788637586228002,0.3176399101625768,0.8808588174697627,0.0,0.0,0.5883808750094432,0.0,,,,0.9999999999985557,,,,,,,,0.2297734627831715,,0.0,0.0,0.0,0.0,0.0,0.46307298322101137,0.4531712776244025,0.46397700747073595,0.45436439438178267,0.46367566605416116,0.6809373437065712,0.4539666887959893,0.7697696660956604,0.0,0.0,0.5883808750094432,0.0,,,,0.9999999999985557,,,,,,,,0.2297734627831715,,0.34931933063302006,0.0025000000000000005,0.16937450870514545,2,0.2298693060874939,0.4657873213291168,4930,5000,0.22931049764156342,5000,5000,8,outer,64,0.0,f8f8691f9a3b,0.0
additive,rep_regime_sym,symmetric,latent,identity,0.1,9,1988,0,48,True,202,67,266,333,1,6.3125,0,0.7470005293196148,0.5268265534310693,0.7442689495727852,0.525681728542696,0.7451794761550617,0.8632377865658232,0.5260633368388203,0.6993897926024123,0.20146577246938202,0.303610569393444,0.20047562627622617,0.30276251392270936,0.0778427440373838,0.2007862434913393,0.18905996219821358,0.4348102599964881,0.2932771794413373,0.9081263496908965,0.0,0.0,0.8245509646593266,0.0,,,,0.9999999999992646,,,,,,,,0.2744360902255639,,0.0,0.0,0.0,0.0,0.0,0.7326053813234231,0.5193912300316336,0.7297356537944253,0.5182659706799557,0.7306922296374245,0.8548053752974559,0.518641057130515,0.7052340412963749,0.0,0.0,0.8245509646593266,0.0,,,,0.9999999999992646,,,,,,,,0.2744360902255639,,0.6803067197397888,0.0025000000000000005,0.2746326624283715,2,0.1903366595506668,0.5128362774848938,3440,5000,0.18905997276306152,5000,5000,8,outer,64,0.0,f8f8691f9a3b,0.0
additive,rep_regime_sym,symmetric,latent,identity,0.1,10,1988,0,48,True,202,80,320,431,2,6.3125,0,0.5035521265871449,0.46536006422492876,0.5014840201424564,0.46342507510727693,0.5021733889573526,0.7086419328245772,0.4640700714798276,0.8142264904177965,0.2611861627195188,0.3167439411773281,0.2613248533570916,0.3189702690304582,0.09791225135810118,0.21618998962052674,0.24567347718287505,0.49565459463508965,0.3084812300624464,0.904805459836141,0.0,0.0,0.7281099586147576,0.0,,,,0.9999999999990569,,,,,,,,0.265625,,0.0,0.0,0.0,0.0,0.0,0.5039068969735934,0.4661984676641165,0.5019149571097752,0.46449470920177716,0.5025789370643813,0.7089280196637605,0.46506262868922366,0.8140764623661239,0.0,0.0,0.7281099586147576,0.0,,,,0.9999999999990569,,,,,,,,0.265625,,0.5317972222526118,0.0025000000000000005,0.1956917186526339,2,0.2523474395275116,0.327308714389801,400,5000,0.24567347764968872,5000,5000,8,outer,64,0.0,f8f8691f9a3b,0.0
additive,rep_regime_sym,symmetric,latent,identity,0.1,11,1988,0,48,True,202,68,273,341,1,6.3125,0,0.5808644360338925,0.46015597782726336,0.5790726257615917,0.45875259825810594,0.5796698958523586,0.7613605557502691,0.4592203914478251,0.7834547750909813,0.26044757712354477,0.3247194443533507,0.259703826664484,0.32347257900446363,0.08445357448902886,0.2027835892050659,0.24318773928164988,0.4931406891361226,0.3123199990840364,0.892537982242772,0.0,0.0,0.8086804539213719,0.0,,,,0.9999999999992354,,,,,,,,0.27106227106227104,,0.0,0.0,0.0,0.0,0.0,0.5894801830917401,0.46132695216882097,0.5885143376258358,0.4591864813228442,0.5888362861144707,0.7673566876716921,0.45989997160483637,0.7800305192255043,0.0,0.0,0.8086804539213719,0.0,,,,0.9999999999992354,,,,,,,,0.27106227106227104,,0.6582175384854537,0.0025000000000000005,0.2446025996884715,2,0.24551568925380707,0.5506730675697327,290,5000,0.2431877702474594,5000,5000,8,outer,64,0.0,f8f8691f9a3b,0.0
additive,rep_regime_sym,symmetric,latent,identity,0.1,12,1988,0,48,True,202,70,279,349,2,6.3125,0,0.5248769507391775,0.4470847373957263,0.5195108019576116,0.44274520876462353,0.5212995182181335,0.7220107466084792,0.44419171830832443,0.7558331943393303,0.21090023096700747,0.3008828469043048,0.2133370060996149,0.2997581506992075,0.08639707080068429,0.20276952543560828,0.20047673082212497,0.44774627951790397,0.2908326531119826,0.896176875583355,0.0,0.0,0.7004007682085326,0.0,,,,0.9999999999989807,,,,,,,,0.23297491039426524,,0.0,0.0,0.0,0.0,0.0,0.53182262820236,0.45281582961161615,0.5267131014343877,0.44818136479560455,0.5284162770237117,0.7269224697474358,0.44972618640094175,0.7524998395145357,0.0,0.0,0.7004007682085326,0.0,,,,0.9999999999989807,,,,,,,,0.23297491039426524,,0.4921437255612004,0.0025000000000000005,0.22889689657527457,2,0.20369186997413635,0.28940463066101074,360,5000,0.20047670602798462,5000,5000,8,outer,64,0.0,f8f8691f9a3b,0.0
additive,rep_regime_sym,symmetric,latent,identity,0.1,13,1988,0,48,True,202,71,286,357,1,6.3125,0,0.5203137740515807,0.46023006481656636,0.5217252970630015,0.4612377457915144,0.521254789392528,0.7219797707640624,0.4609018521331984,0.8003414761350471,0.28989659339968804,0.34154648219700523,0.2910286019881857,0.34218538787763936,0.11087269083035779,0.21909980950224114,0.2734783869897118,0.5229516105623079,0.3302353342007534,0.881368156109213,0.0,0.0,0.69235364343258,0.0,,,,0.999999999998957,,,,,,,,0.27972027972027974,,0.0,0.0,0.0,0.0,0.0,0.518325672194318,0.459841912998476,0.5196908919913267,0.46061529446996285,0.519235818725657,0.7205801959016478,0.460357500646134,0.8011148113854415,0.0,0.0,0.69235364343258,0.0,,,,0.999999999998957,,,,,,,,0.27972027972027974,,0.48089966709797327,0.0025000000000000005,0.18113624206820214,2,0.2873523533344269,0.4336666464805603,370,5000,0.2734783887863159,5000,5000,8,outer,64,0.0,f8f8691f9a3b,0.0
additive,rep_regime_sym,symmetric,latent,identity,0.1,14,1988,0,48,True,202,73,290,363,2,6.3125,0,0.5106152589884585,0.5101251810799552,0.507501535383708,0.5072181153537093,0.5085394432519581,0.7131195154053478,0.5081871372624579,0.8033965345978822,0.4040523475011034,0.44005114967467196,0.40400687743081726,0.4374356889775528,0.13526930003420606,0.27321305070209545,0.37835013116337646,0.615101724240289,0.4225372922778345,0.8619901492269727,0.0,0.0,0.6826052818248248,0.0,,,,0.999999999998927,,,,,,,,0.23793103448275862,,0.0,0.0,0.0,0.0,0.0,0.5124632412386014,0.5127330773712149,0.5093609611598962,0.5095811828237211,0.5103950545194645,0.7144193827993922,0.5106318143395524,0.802679147558446,0.0,0.0,0.6826052818248248,0.0,,,,0.999999999998927,,,,,,,,0.23793103448275862,,0.4655539991801127,0.0025000000000000005,0.17869600081345677,2,0.4109198749065399,0.7089852094650269,910,5000,0.3783501386642456,5000,5000,8,outer,64,0.0,f8f8691f9a3b,0.0
additive,rep_regime_sym,symmetric,latent,identity,0.1,15,1988,0,48,True,202,64,254,318,1,6.3125,0,0.41532502830620865,0.43130209273984044,0.41285172346408144,0.42948551497607446,0.41367615841145716,0.64317661525545,0.43009104089732986,0.8222915654523943,0.28780769595416994,0.3502041034897081,0.2871137126784663,0.3514195212023024,0.09063438668159339,0.22159145175887726,0.2685547690335294,0.5182227021595343,0.33865159460182,0.8810371873076316,0.0,0.0,0.6172400476135051,0.0,,,,0.9999999999986876,,,,,,,,0.18503937007874016,,0.0,0.0,0.0,0.0,0.0,0.4259620647998101,0.4361940354063916,0.42321028639436004,0.43410285951162736,0.4241275458628433,0.6512507549806321,0.43479991814321545,0.8178018222920236,0.0,0.0,0.6172400476135051,0.0,,,,0.9999999999986876,,,,,,,,0.18503937007874016,,0.3823765041368116,0.0025000000000000005,0.16362013252078939,2,0.269607812166214,0.5339393019676208,390,5000,0.2685547471046448,5000,5000,8,outer,64,0.0,f8f8691f9a3b,0.0
additive,rep_regime_sym,symmetric,latent,identity,0.1,16,1988,0,48,True,202,76,302,378,2,6.3125,0,0.738408677699652,0.5520127011632109,0.7377387849581956,0.551076520349981,0.737962082538681,0.8590471945933361,0.5513885806210576,0.7171758267422618,0.3674802320066511,0.40351319114379863,0.3721191513713457,0.4073095302439616,0.17536915676098325,0.2849662631311159,0.35192652246577627,0.5932339525564735,0.3944784412985063,0.8612298047483744,0.0,0.0,0.7807781695763442,0.0,,,,0.9999999999991798,,,,,,,,0.2682119205298013,,0.0,0.0,0.0,0.0,0.0,0.7435604945429957,0.5544411211063754,0.7428898461151578,0.5538323987579019,0.7431133955911038,0.8620402517232614,0.554035306207393,0.7152015845830558,0.0,0.0,0.7807781695763442,0.0,,,,0.9999999999991798,,,,,,,,0.2682119205298013,,0.6111163387448346,0.0025000000000000005,0.22992634668035272,2,0.3597460091114044,0.6545281410217285,420,5000,0.3519265353679657,5000,5000,8,outer,64,0.0,f8f8691f9a3b,0.0
unconstrained,rep_regime_sym,symmetric,latent,identity,0.1,5,13396,11408,76,True,202,70,281,351,2,6.3125,0,0.36224896274437274,0.3708858134003563,0.3696269630893926,0.3773271594342007,0.36716762964105265,0.6059435861869096,0.3751800440895859,0.8419691331288959,0.02503173146757955,0.12006611393877652,0.023420638432170984,0.11596829143122679,0.031801815927358916,0.12885878373791226,0.024706961048356887,0.1571844809399353,0.11843508494488787,0.9889363813692015,0.3405201733112335,0.018408531323075294,0.5741386142827298,0.0,0.25885790705163725,0.25885790705163725,0.31891394174085164,1.0113284088926349,,,,0.6168962042324487,0.26067084327986745,0.5733120591199193,0.2155889232128186,0.18505338078291814,0.21428571428571427,0.0,0.0,0.0,0.0,0.03322980925440788,0.3793452357746257,0.37458175190418924,0.38792646429387195,0.3814608194834166,0.38506605478745654,0.6205369084812413,0.3791677969570075,0.8342655573962559,0.34022602438926697,0.01875675655901432,0.5741386142827298,0.0,0.2208016127492993,0.2208016127492993,0.28548753907559843,1.0322483227477848,,,,0.5947262344642258,0.25719099016228747,0.5839771582129661,0.23503708704554724,0.18505338078291814,0.21428571428571427,0.3301830787109856,0.0025000000000000005,0.14103445905620304,2,0.034864336252212524,0.5955793261528015,3260,5000,0.02470695972442627,5000,5000,8,outer,64,0.0,017d6b7788f8,0.1419344224775304
unconstrained,rep_regime_sym,symmetric,latent,identity,0.1,6,13396,11408,76,True,202,60,239,299,2,6.3125,0,0.6233892795185361,0.5049324642246767,0.6474216968276338,0.5162904632453811,0.6394108910579346,0.7996317221433468,0.5125044635718129,0.7118076280414665,0.02370333359322582,0.11632098278900539,0.022131541173410874,0.11422813615751787,0.03396354256495912,0.1397740638796786,0.0237356458866373,0.15406377214204936,0.11729932181987425,0.9891820845936891,0.5194515585899353,0.018087884411215782,0.6655912516856991,0.0,0.15575428650187553,0.15575428650187553,0.1614100242607503,1.1594574195524652,,,,0.5736285766356843,0.313562342906689,0.5569527975214141,0.30023683913046983,0.2594142259414226,0.21739130434782608,0.0,0.0,0.0,0.0,0.03332170844078064,0.6285739353811407,0.5205488730742236,0.6555904685019107,0.5326370196933489,0.646584957461654,0.8041050661833029,0.5286076374869738,0.7085741654239387,0.5290921330451965,0.017816543579101562,0.6655912516856991,0.0,0.15648551638985086,0.15648551638985086,0.15191185260715165,1.167893155967568,,,,0.5459267359212685,0.30675450885367206,0.5669764898851832,0.3023670578559194,0.2594142259414226,0.21739130434782608,0.4460413224744385,0.0025000000000000005,0.19967911897510093,2,0.04447222501039505,0.5870475172996521,1560,5000,0.023735644295811653,5000,5000,8,outer,64,0.0,017d6b7788f8,-0.2432974382713502
unconstrained,rep_regime_sym,symmetric,latent,identity,0.1,7,13396,11408,76,True,202,77,309,386,2,6.3125,0,0.3893653070995214,0.38212466712586396,0.3963347236032074,0.38800542467237814,0.3940115847686454,0.6277034210267182,0.38604517215687334,0.8043601910459819,0.025719935143913724,0.11966704878463495,0.023991747881065683,0.11650583023977845,0.038083071920452995,0.1370115774929347,0.025858820367059852,0.16080677960540052,0.11941767198643964,0.9865647214302318,0.3334323465824127,0.01579783298075199,0.5883808750094432,0.0,0.2117806181073737,0.2117806181073737,0.22105996884418427,1.0327071813569078,,,,0.6827435199431886,0.3822966973681665,0.5990057995028997,0.30641557093914584,0.2297734627831715,0.3,0.0,0.0,0.0,0.0,0.029135607182979584,0.4286179144284528,0.3970578955113917,0.4384364645485389,0.40365741294174634,0.4351636145085101,0.659669322091387,0.4014575737982948,0.7839268445465266,0.37099793553352356,0.016174932941794395,0.5883808750094432,0.0,0.19838939642808712,0.19838939642808712,0.20679530303708188,1.0674262906105827,,,,0.6695466919162032,0.37819106285423776,0.6092436974789915,0.33045801165680017,0.2297734627831715,0.26666666666666666,0.34931933063302006,0.0025000000000000005,0.16937450870514545,2,0.026686688885092735,0.4509204626083374,1040,5000,0.025858819484710693,5000,5000,8,outer,64,0.0,017d6b7788f8,0.15862601985634794
unconstrained,rep_regime_sym,symmetric,latent,identity,0.1,8,13396,11408,76,True,202,73,294,367,2,6.3125,0,0.4485820587590968,0.4093829306108952,0.45359723535134466,0.4141282604126413,0.4519255098205953,0.6722540515464338,0.4125464838120593,0.8052054913990404,0.025422526814261895,0.12169356225753072,0.02390866783745399,0.11931301069896198,0.053435365407716665,0.17007622999550637,0.0271855456849346,0.16488039812219826,0.12487975316136456,0.9880408131958287,0.3303554356098175,0.013348592445254326,0.5831587656871651,0.0,0.07719160183197851,0.07719160183197851,0.10713370788241253,1.0930853795333375,,,,0.6132378725891292,0.3267687540447067,0.6152834599649327,0.3362456329956097,0.19727891156462585,0.3103448275862069,0.0,0.0,0.0,0.0,0.024838382378220558,0.4529581219498189,0.41301703842054455,0.459476691329163,0.41842991873666807,0.45730383486938175,0.6762424379387778,0.41662562529796027,0.8028872593846749,0.34137675166130066,0.014317969791591167,0.5831587656871651,0.0,0.11563746967863817,0.11563746967863817,0.11907555872467573,1.0862001340949474,,,,0.5748831092928113,0.2775782874431282,0.614187609585038,0.3243686301785337,0.19727891156462585,0.3103448275862069,0.34365062898135096,0.0025000000000000005,0.14290123256139595,2,0.02939886413514614,0.4235727787017822,1250,5000,0.02718554623425007,5000,5000,8,outer,64,0.0,017d6b7788f8,-0.0015202313801743195
unconstrained,rep_regime_sym,symmetric,latent,identity,0.1,9,13396,11408,76,True,202,67,266,333,1,6.3125,0,0.7060629616815717,0.5117377034124894,0.722776354743237,0.5221532970278949,0.717205223722682,0.8468796984948228,0.5186814324894264,0.7106747864791629,0.02527250004136162,0.11874478093688112,0.021934902583238602,0.11289054181990628,0.042692419667731185,0.15271425471155023,0.024923970911519763,0.1578732748489109,0.11845960738213632,0.9878882013874597,0.384888231754303,0.023853346705436707,0.8245509646593266,0.0,0.13296775529991856,0.13296775529991856,0.2682289782119067,1.0392804125766648,,,,0.5255873376392931,0.28854681964745554,0.5223223791610476,0.29910258689328284,0.2744360902255639,0.15384615384615385,0.0,0.0,0.0,0.0,0.042654842138290405,0.7302455076788632,0.5300274001833386,0.7481664740442611,0.5401998745816969,0.7421928185891284,0.8615061338081862,0.5368090497822441,0.7005946295296896,0.40970414876937866,0.022537250071763992,0.8245509646593266,0.0,0.11456246549081221,0.11456246549081221,0.24124642749549302,1.0507410657914924,,,,0.503229469799134,0.2712827568442796,0.5379373979700476,0.29031919518574595,0.2744360902255639,0.11538461538461539,0.6803067197397888,0.0025000000000000005,0.2746326624283715,2,0.03543146699666977,0.42566636204719543,1610,5000,0.02492397092282772,5000,5000,8,outer,64,0.0,017d6b7788f8,0.037540288383571485
unconstrained,rep_regime_sym,symmetric,latent,identity,0.1,10,13396,11408,76,True,202,80,320,431,2,6.3125,0,0.44937885658845966,0.43463571326604916,0.4547028096606165,0.4394154049503808,0.45292815863656427,0.6729993749154335,0.43782217438893695,0.8324442205246655,0.02767345039034825,0.1223319378715095,0.025768556468460158,0.1210790722889427,0.04603211641795449,0.1573369205739285,0.028278491407249754,0.16816209860503573,0.12492023816643164,0.989042537204629,0.38481849431991577,0.01752198301255703,0.7281099586147576,0.0,0.3767662310922182,0.3767662310922182,0.2013936293323177,0.942300825038688,,,,0.6172215269086359,0.3623109948742824,0.6346933667083855,0.3858227249501349,0.265625,0.28125,0.0,0.0,0.0,0.0,0.0318891741335392,0.4500803055031602,0.43560697867052356,0.4561225102842673,0.4399890869487398,0.4541084420238983,0.6738756873666673,0.4385283841893344,0.8320075876962676,0.3944278657436371,0.01776299439370632,0.7281099586147576,0.0,0.3765505339702058,0.3765505339702058,0.19966720256057188,0.9445703998282924,,,,0.6190738423028787,0.36723194291549743,0.6370463078848561,0.3803919745752034,0.265625,0.3125,0.5317972222526118,0.0025000000000000005,0.1956917186526339,2,0.03305015340447426,0.35605067014694214,3330,5000,0.028278490528464317,5000,5000,8,outer,64,0.0,017d6b7788f8,0.09806419735429384
unconstrained,rep_regime_sym,symmetric,latent,identity,0.1,12,13396,11408,76,True,202,70,279,349,2,6.3125,0,0.5698876738467132,0.45629331088513675,0.582856554423899,0.46306277980016564,0.5785335942315039,0.7606139587409002,0.4608062901618226,0.7290258388234615,0.021497400050675793,0.10963100132969006,0.019726426716810887,0.10615896320446752,0.04576207316380808,0.15882048698813245,0.022747349084047498,0.1508222433331619,0.11223611129916829,0.9882195761851416,0.36033377051353455,0.018652064725756645,0.7004007682085326,0.0,0.1185581056660899,0.1185581056660899,0.16345605543215197,1.067100215188203,,,,0.5618979151689433,0.28851401893072315,0.5884974838245866,0.29314662826297966,0.23297491039426524,0.2222222222222222,0.0,0.0,0.0,0.0,0.03402864187955856,0.5721816495893098,0.45780037705534776,0.5852802950039896,0.4644024685681855,0.580914079865763,0.7621771971567787,0.4622017713972396,0.7279108645084555,0.3644059896469116,0.018732571974396706,0.7004007682085326,0.0,0.11910442603439916,0.11910442603439916,0.16334982705080175,1.069314625632065,,,,0.5657800143781452,0.2911131195945177,0.588138030194105,0.2936851426899556,0.23297491039426524,0.25925925925925924,0.4921437255612004,0.0025000000000000005,0.22889689657527457,2,0.023686962202191353,0.3138885796070099,3690,5000,0.022747350856661797,5000,5000,8,outer,64,0.0,017d6b7788f8,-0.10979115463026634
unconstrained,rep_regime_sym,symmetric,latent,identity,0.1,11,13396,11408,76,True,202,68,273,341,1,6.3125,0,0.6094233405667216,0.4619178591893642,0.6172453774321359,0.4650328720150038,0.6146380318103312,0.7839885406116158,0.4639945344064572,0.7703918526935123,0.02589635297023651,0.11814643179730344,0.023685120850819936,0.1134165618476394,0.04706089218328847,0.15257581171876317,0.0265847003335067,0.16304815341949352,0.11858316740224246,0.9882525099836501,0.38983339071273804,0.018589772284030914,0.8086804539213719,0.0,0.16538152147302573,0.16538152147302573,0.2118958757000835,1.0168897424198042,,,,0.6339128072796415,0.3918128823525042,0.6146271900040744,0.3373248446625625,0.27106227106227104,0.3333333333333333,0.0,0.0,0.0,0.0,0.03420833498239517,0.6066884467495307,0.461203467108003,0.6145735785788726,0.46424066571959,0.6119452013024252,0.7822692639382077,0.4632282661823943,0.7713978038256113,0.39188018441200256,0.018533313646912575,0.8086804539213719,0.0,0.16393618432797763,0.16393618432797763,0.20822736730851799,1.0179159805057718,,,,0.6256281407035176,0.3898707123351608,0.6076327583865273,0.3315588416695705,0.27106227106227104,0.3333333333333333,0.6582175384854537,0.0025000000000000005,0.2446025996884715,2,0.030941175296902657,0.44972965121269226,2960,5000,0.026584701612591743,5000,5000,8,outer,64,0.0,017d6b7788f8,-0.06032422281746186
unconstrained,rep_regime_sym,symmetric,latent,identity,0.1,13,13396,11408,76,True,202,71,286,357,1,6.3125,0,0.570766020127336,0.4700612483839253,0.5877538499374865,0.4795088666307043,0.5820912400007697,0.762949041549152,0.47635966054844464,0.7770390218021475,0.0279065960212934,0.13091006890613677,0.02699264773484777,0.12913794139128307,0.03927414915542032,0.13949398705477933,0.02844135466735323,0.16864564823129363,0.13066145882481173,0.9876624607009004,0.49979859590530396,0.01913643442094326,0.69235364343258,0.0,0.16550719420858806,0.16550719420858806,0.2040647414203255,1.0986429474731296,,,,0.5730582524271846,0.323368291185309,0.5108616504854369,0.2833426514099924,0.27972027972027974,0.14285714285714285,0.0,0.0,0.0,0.0,0.03567260503768921,0.5652468872386075,0.4630322181203938,0.582645117005221,0.4738174322111073,0.5768457070830165,0.759503592541218,0.47022236084753605,0.7790482414401371,0.4901982545852661,0.019070589914917946,0.69235364343258,0.0,0.16427492235535054,0.16427492235535054,0.20319500781631716,1.0967731976110873,,,,0.5682645631067961,0.3208093739248088,0.5108616504854369,0.2838155400318617,0.27972027972027974,0.14285714285714285,0.48089966709797327,0.0025000000000000005,0.18113624206820214,2,0.0384025052189827,0.5373395681381226,4750,5000,0.028441354632377625,5000,5000,8,outer,64,0.0,017d6b7788f8,-0.11671154269707662
unconstrained,rep_regime_sym,symmetric,latent,identity,0.1,14,13396,11408,76,True,202,73,290,363,2,6.3125,0,0.4996359130135994,0.5092958372822844,0.5186190426621704,0.5191153869837933,0.5122913327793134,0.7157452988174727,0.515842203749957,0.8019460384905065,0.028276947404171988,0.1304700092184723,0.027407008021222836,0.12805310700759515,0.06013696959496711,0.18970786201367207,0.030795732343723382,0.17548712871240268,0.13467119442100725,0.9887667161310746,0.5970607995986938,0.02227969281375408,0.6826052818248248,0.0,0.3773724886096034,0.3773724886096034,0.38904037974948247,1.0375262919185444,,,,0.6108597285067874,0.35058582746571976,0.5431175814807528,0.275330871924815,0.23793103448275862,0.27586206896551724,0.0,0.0,0.0,0.0,0.04183083400130272,0.5142585358818544,0.5116502574535914,0.5350561235500977,0.5229254689494686,0.5281235943273499,0.7267211255546036,0.5191670651175094,0.7958252202790576,0.6215518712997437,0.02329663373529911,0.6826052818248248,0.0,0.3598828579270533,0.3598828579270533,0.3585985482627002,1.0669552865223424,,,,0.610269525870549,0.354957039495283,0.5442324086825365,0.30495842363195313,0.23793103448275862,0.20689655172413793,0.4655539991801127,0.0025000000000000005,0.17869600081345677,2,0.049972180277109146,0.827903151512146,2390,5000,0.030795732513070107,5000,5000,8,outer,64,0.0,017d6b7788f8,-0.007377774874969489
unconstrained,rep_regime_sym,symmetric,latent,identity,0.1,16,13396,11408,76,True,202,76,302,378,2,6.3125,0,0.9643727737518366,0.6318567565033523,0.9958777206249413,0.6428801276605584,0.9853760716672395,0.9926611061521649,0.6392056706081563,0.622354346637265,0.024116559432669195,0.1205516060861789,0.024437619747728012,0.12175634707190777,0.055556794059097775,0.17837308608536612,0.02731340030337843,0.1652676626063866,0.1268012927700333,0.9892298941650406,0.6768128275871277,0.02589411474764347,0.7807781695763442,0.0,0.08419601766494517,0.08419601766494517,0.11016259268222922,1.233851895858272,,,,0.5982347354896375,0.34493665803859075,0.5909725713647282,0.38636874415067374,0.2682119205298013,0.13333333333333333,0.0,0.0,0.0,0.0,0.04876125231385231,1.0156573380851397,0.640631812821138,1.0511503529215154,0.6518906055698559,1.039319347976057,1.0194701309876897,0.6481376746536166,0.6016805709977755,0.6906944513320923,0.023210827261209488,0.7807781695763442,0.0,0.050211806542253254,0.050211806542253254,0.1062184038473813,1.2739450295873118,,,,0.6147701245740462,0.34545171524023477,0.5695212557957656,0.3640668206324229,0.2682119205298013,0.06666666666666667,0.6111163387448346,0.0025000000000000005,0.22992634668035272,2,0.03771970793604851,0.9212716221809387,2710,5000,0.02731340005993843,5000,5000,8,outer,64,0.0,017d6b7788f8,-0.3352665333121503
unconstrained,rep_regime_sym,symmetric,latent,identity,0.1,15,13396,11408,76,True,202,64,254,318,1,6.3125,0,0.45356926737329123,0.4390556588857409,0.4684212073754664,0.44956870365865376,0.46347056070807474,0.6807867218946583,0.446064355401016,0.8009007139337913,0.023255947737300473,0.1148901221660901,0.022076929704249633,0.11182914949139822,0.03868920863447592,0.14911038013514588,0.02401923939710151,0.15498141629595952,0.11631320209063346,0.989360098546402,0.4607270061969757,0.0186418779194355,0.6172400476135051,0.0,0.24239989112050392,0.24239989112050392,0.3164440791099671,1.094650348503436,,,,0.5906054065165999,0.2755502672142402,0.6287388220783225,0.26616213422838814,0.18503937007874016,0.36,0.0,0.0,0.0,0.0,0.03393493592739105,0.4667644756935563,0.4456279890372059,0.4827556543816702,0.45717129057051487,0.4774252614856322,0.6909596670469501,0.45332352339274523,0.7949060053209409,0.47018900513648987,0.019153498113155365,0.6172400476135051,0.0,0.24126324127202026,0.24126324127202026,0.29618217334551383,1.1030535755485207,,,,0.5962586082845103,0.28027353381801007,0.6252441155308871,0.2540417610316438,0.18503937007874016,0.32,0.3823765041368116,0.0025000000000000005,0.16362013252078939,2,0.02787747234106064,0.4871756136417389,3290,5000,0.024019241333007812,5000,5000,8,outer,64,0.0,017d6b7788f8,-0.12037049098461772
shared_pair,rep_regime_sym,symmetric,latent,identity,0.1,5,13396,11408,76,True,202,70,281,351,2,6.3125,0,0.3821716292654956,0.38367787394429875,0.39043905098196546,0.38955700188367287,0.3876832437431422,0.6226421474194807,0.38759729257054815,0.8331391055904777,0.02321480103270633,0.11355498735052304,0.020247133757997138,0.10580634653728911,0.034781885418385824,0.13666236154627065,0.022530257483006293,0.15010082439149458,0.11108994415646535,0.9899110952594369,0.3335842490196228,0.015420512296259403,0.5741386142827298,0.0,0.19386327779709103,0.19386327779709103,0.2718662451730143,1.04936048007701,,,,0.5557608330534095,0.22455230745006116,0.5842290896876049,0.2250913721215273,0.18505338078291814,0.17857142857142858,0.0,0.0,0.0,0.0,0.30027341842651367,0.3837385343863822,0.3805875962152433,0.39511169378872585,0.38905654985767746,0.3913206406546113,0.6255562649791074,0.3862335653101994,0.8315735509482133,0.32841670513153076,0.017011700198054314,0.5741386142827298,0.0,0.15427994742125964,0.15427994742125964,0.19997038907938428,1.0735190394886074,,,,0.5811219348337252,0.23968160740542824,0.5761672824991603,0.2609479079741438,0.18505338078291814,0.17857142857142858,0.3301830787109856,0.0025000000000000005,0.14103445905620304,2,0.029192062094807625,0.6175791621208191,1080,5000,0.02253025770187378,5000,5000,8,outer,64,0.0,41804a8e0c8e,0.09398972136118411
shared_pair,rep_regime_sym,symmetric,latent,identity,0.1,6,13396,11408,76,True,202,60,239,299,2,6.3125,0,0.5446576705050002,0.476045589198276,0.5602401344563614,0.48525171176877496,0.5550459798059078,0.7450140802735931,0.48218300424527527,0.7498321975691535,0.015282773473631647,0.09325098836253484,0.011740750019558752,0.08409648076628844,0.030375788154872088,0.1304353996711812,0.014588707002219614,0.1207837199386557,0.09128290068323607,0.9933509541307104,0.46332791447639465,0.018885603174567223,0.6655912516856991,0.0,0.14751592796431875,0.14751592796431875,0.17937704370451107,1.1196446698230278,,,,0.5749043193001641,0.31750412693031527,0.5667031164570804,0.2881230225017651,0.2594142259414226,0.30434782608695654,0.0,0.0,0.0,0.0,0.48440536856651306,0.5446576705050002,0.476045589198276,0.5602401344563614,0.48525171176877496,0.5550459798059078,0.7450140802735931,0.48218300424527527,0.7498321975691535,0.46332791447639465,0.018885603174567223,0.6655912516856991,0.0,0.14751592796431875,0.14751592796431875,0.17937704370451107,1.1196446698230278,,,,0.5749043193001641,0.31750412693031527,0.5667031164570804,0.2881230225017651,0.2594142259414226,0.30434782608695654,0.4460413224744385,0.0025000000000000005,0.19967911897510093,2,0.021016988903284073,0.5134819746017456,4999,5000,0.014588708057999611,5000,5000,8,outer,64,0.0,41804a8e0c8e,-0.07925475537915183
shared_pair,rep_regime_sym,symmetric,latent,identity,0.1,8,13396,11408,76,True,202,73,294,367,2,6.3125,0,0.4772623906438816,0.40821894559137,0.4821177683667379,0.41031667039956815,0.4804993091257858,0.6931805746887212,0.40961742879683544,0.7928892599105223,0.01896047982866526,0.10290663504713957,0.01627273110953309,0.09635569109094343,0.040946473598895444,0.14279339172964833,0.019439962095479192,0.13942726453416202,0.10276659186710572,0.9914481709927683,0.37192779779434204,0.012849639169871807,0.5831587656871651,0.0,0.04855717772936112,0.04855717772936112,0.13607334991612197,1.1421061402406676,,,,0.6149912331969608,0.3269120485052825,0.6310637054354178,0.3685662606880382,0.19727891156462585,0.3103448275862069,0.0,0.0,0.0,0.0,0.4775918126106262,0.39994540787490923,0.38584034333538264,0.40819558227259506,0.39092153765007714,0.40544552414003304,0.6367460436783514,0.38922780621184555,0.8252398682458333,0.3530571460723877,0.013998335227370262,0.5831587656871651,0.0,0.18670708830224633,0.18670708830224633,0.15649013119449204,1.0486484794498423,,,,0.6034482758620688,0.29263483898853926,0.5654587960257158,0.2966531382410328,0.19727891156462585,0.27586206896551724,0.34365062898135096,0.0025000000000000005,0.14290123256139595,2,0.019545378163456917,0.4009397029876709,1060,5000,0.01943996176123619,5000,5000,8,outer,64,0.0,41804a8e0c8e,-0.06484314073066777
shared_pair,rep_regime_sym,symmetric,latent,identity,0.1,7,13396,11408,76,True,202,77,309,386,2,6.3125,0,0.43134267954483657,0.4012782661087872,0.44213988929660614,0.40532880435617796,0.4385408193793496,0.6622241458746045,0.40397862494038106,0.7822499504112499,0.016409617856908604,0.09677362525638535,0.014592747714971903,0.09300200041946777,0.033224982903084586,0.1295149967894765,0.01692031610409194,0.1300781153926053,0.09762692576982285,0.9912088348532483,0.3775847852230072,0.014513514935970306,0.5883808750094432,0.0,0.16918687561888796,0.16918687561888796,0.2125671619329621,1.0785847071031271,,,,0.6401941058113386,0.37169440113206464,0.6272931707894425,0.33935467601399927,0.2297734627831715,0.23333333333333334,0.0,0.0,0.0,0.0,0.3938254714012146,0.4321750105586134,0.4016989938952266,0.44289022227625835,0.404846945284505,0.43931848503704335,0.6628110477632697,0.4037976281547455,0.7818638136412089,0.3785478472709656,0.014512719586491585,0.5883808750094432,0.0,0.16931252530800905,0.16931252530800905,0.21281659148868665,1.0790799940483402,,,,0.6359332465380517,0.36946588892629595,0.6272931707894425,0.33949856905886505,0.2297734627831715,0.23333333333333334,0.34931933063302006,0.0025000000000000005,0.16937450870514545,2,0.019101198762655258,0.43579190969467163,4980,5000,0.016920316964387894,5000,5000,8,outer,64,0.0,41804a8e0c8e,0.06353810669471416
shared_pair,rep_regime_sym,symmetric,latent,identity,0.1,9,13396,11408,76,True,202,67,266,333,1,6.3125,0,0.7196886228678105,0.5115491976637411,0.7308135929037067,0.518607086817559,0.7271052695584079,0.852704678982359,0.5162544570996196,0.7066810441296301,0.020108905879504396,0.10854615460025355,0.019654259521976553,0.1093307949401236,0.03506563933755325,0.13575484298700954,0.0212634638091669,0.1458199705430189,0.11161831990482056,0.9896670240718892,0.3915129601955414,0.02141719125211239,0.8245509646593266,0.0,0.1271182788093429,0.1271182788093429,0.2660645146893097,1.0537272925766734,,,,0.543544609269643,0.29796082974287674,0.5756263751863155,0.31708820628533846,0.2744360902255639,0.19230769230769232,0.0,0.0,0.0,0.0,0.44515764713287354,0.725731986322227,0.5091835227813305,0.7354879306985378,0.5165853743663649,0.7322359492397675,0.8557078644255688,0.5141180905046867,0.704611294851158,0.4171319901943207,0.020096125081181526,0.8245509646593266,0.0,0.12999001819001707,0.12999001819001707,0.27272957675086595,1.0680422470579478,,,,0.5338916885513522,0.2968607714803375,0.5714387110511747,0.3178433402574335,0.2744360902255639,0.23076923076923078,0.6803067197397888,0.0025000000000000005,0.2746326624283715,2,0.024921579286456108,0.4699191451072693,1740,5000,0.02126346342265606,5000,5000,8,outer,64,0.0,41804a8e0c8e,0.024254836821207326
shared_pair,rep_regime_sym,symmetric,latent,identity,0.1,10,13396,11408,76,True,202,80,320,431,2,6.3125,0,0.44911139553460133,0.41782977571100066,0.45475548560541,0.42229891016517696,0.45287412224847373,0.6729592277757054,0.42080919868045163,0.8324642106907744,0.016063375795923207,0.09494628113354298,0.013528856667540279,0.0903873432683839,0.031285229804425954,0.1342798758477619,0.015989126435740332,0.1264481175650327,0.09595454854277542,0.9938044694277718,0.39389100670814514,0.01719043403863907,0.7281099586147576,0.0,0.3729099724354028,0.3729099724354028,0.27299497553687047,0.9376242208838195,,,,0.6315394242803505,0.3952946828349229,0.5881351689612015,0.3856169159445056,0.265625,0.3125,0.0,0.0,0.0,0.0,0.4154343605041504,0.44934311819648787,0.41843117598181534,0.4553393542264332,0.42337850119623416,0.45334060888311806,0.6733057321032683,0.42172939279142785,0.8322916391025605,0.3984863758087158,0.017194649204611778,0.7281099586147576,0.0,0.3732662467235947,0.3732662467235947,0.27328538364632465,0.9380927043583845,,,,0.6281351689612016,0.39826274762482694,0.5882853566958698,0.3862734681918276,0.265625,0.28125,0.5317972222526118,0.0025000000000000005,0.1956917186526339,2,0.019832484424114227,0.2929038405418396,4990,5000,0.01598912663757801,5000,5000,8,outer,64,0.0,41804a8e0c8e,0.09817180239525924
shared_pair,rep_regime_sym,symmetric,latent,identity,0.1,11,13396,11408,76,True,202,68,273,341,1,6.3125,0,0.5806988139612772,0.4598941358846738,0.5906773263620059,0.4673491038374915,0.5873511555617631,0.766388384281601,0.4648641145198856,0.7805853141732089,0.022100721218758234,0.11787092590799801,0.02319558427795665,0.1215376327953579,0.030963763427901664,0.12624216542022607,0.023607526259506503,0.15364740889291464,0.12088153622333528,0.9895680908355122,0.3891884982585907,0.014271705411374569,0.8086804539213719,0.0,0.25173694225654397,0.25173694225654397,0.20597554013183036,0.9663071814329541,,,,0.6840282493548826,0.4535252678081225,0.6134048621485807,0.36140628302363814,0.27106227106227104,0.37037037037037035,0.0,0.0,0.0,0.0,0.43984195590019226,0.5806988139612772,0.4598941358846738,0.5906773263620059,0.4673491038374915,0.5873511555617631,0.766388384281601,0.4648641145198856,0.7805853141732089,0.3891884982585907,0.014271705411374569,0.8086804539213719,0.0,0.25173694225654397,0.25173694225654397,0.20597554013183036,0.9663071814329541,,,,0.6840282493548826,0.4535252678081225,0.6134048621485807,0.36140628302363814,0.27106227106227104,0.37037037037037035,0.6582175384854537,0.0025000000000000005,0.2446025996884715,2,0.024772735312581062,0.731279730796814,4999,5000,0.0236075259745121,5000,5000,8,outer,64,0.0,41804a8e0c8e,-0.013251093017535132
shared_pair,rep_regime_sym,symmetric,latent,identity,0.1,12,13396,11408,76,True,202,70,279,349,2,6.3125,0,0.578743101999109,0.44765046752848636,0.5924257929223324,0.4528476302290697,0.5878648959479247,0.7667234807594747,0.4511152426622086,0.7246552341074965,0.014184633751918505,0.09069614817033861,0.011238352995733345,0.08121302442450028,0.036947044801024724,0.13896379833859623,0.014582390291685659,0.12075756825841459,0.08958860730086071,0.9924480546179244,0.38379165530204773,0.020350554957985878,0.7004007682085326,0.0,0.1282983928601011,0.1282983928601011,0.16787178552089205,1.0816325329080558,,,,0.6416966211358736,0.32151059574673607,0.5647016534867003,0.27518726600540333,0.23297491039426524,0.2222222222222222,0.0,0.0,0.0,0.0,0.42007002234458923,0.578743101999109,0.44765046752848636,0.5924257929223324,0.4528476302290697,0.5878648959479247,0.7667234807594747,0.4511152426622086,0.7246552341074965,0.38379165530204773,0.020350554957985878,0.7004007682085326,0.0,0.1282983928601011,0.1282983928601011,0.16787178552089205,1.0816325329080558,,,,0.6416966211358736,0.32151059574673607,0.5647016534867003,0.27518726600540333,0.23297491039426524,0.2222222222222222,0.4921437255612004,0.0025000000000000005,0.22889689657527457,2,0.015951059758663177,0.32147416472435,4999,5000,0.014582390896975994,5000,5000,8,outer,64,0.0,41804a8e0c8e,-0.1276912320144088
shared_pair,rep_regime_sym,symmetric,latent,identity,0.1,14,13396,11408,76,True,202,73,290,363,2,6.3125,0,0.7632222445472645,0.6095968834612145,0.7904281861733057,0.6197513907393536,0.7813595389646253,0.8839454389070772,0.6163665549799738,0.6979231500646141,0.023242688038176317,0.11805638178287983,0.02125097611263825,0.1136041760294764,0.0519797109833663,0.1784594507555073,0.024786744531571512,0.1574380657006796,0.12114161355880992,0.9909585998994297,0.6333456039428711,0.020022980868816376,0.6826052818248248,0.0,0.11894743744391148,0.11894743744391148,0.16969040182937106,1.2690224568271362,,,,0.5446258771066956,0.28676997685389505,0.5684307167683126,0.29357400046809823,0.23793103448275862,0.2413793103448276,0.0,0.0,0.0,0.0,0.7118308544158936,0.7566498566387353,0.6180268204006134,0.7905337847813678,0.6345186118435767,0.7792391420671569,0.882745230554749,0.6290213480292556,0.6987429043306832,0.6685950756072998,0.02111878991127014,0.6826052818248248,0.0,0.14618566268952943,0.14618566268952943,0.14486153634202056,1.2756388055307688,,,,0.5777428028067415,0.3081005180136629,0.5941373204800314,0.2946276512499184,0.23793103448275862,0.20689655172413793,0.4655539991801127,0.0025000000000000005,0.17869600081345677,2,0.030833018943667412,1.0462760925292969,1410,5000,0.02478674426674843,5000,5000,8,outer,64,0.0,41804a8e0c8e,-0.5364777488410024
shared_pair,rep_regime_sym,symmetric,latent,identity,0.1,16,13396,11408,76,True,202,76,302,378,2,6.3125,0,0.7273769322635415,0.5670648857720418,0.7423155466794674,0.5749310944625412,0.7373360085408255,0.8586827170386193,0.5723090248990416,0.7174157697759642,0.020242927218622565,0.11096813256263068,0.020630895267855665,0.11374010186489411,0.05166689358643939,0.1760345055346596,0.02347855847150383,0.15322714665327364,0.1188548840078908,0.9907420329661737,0.6118457317352295,0.018916843459010124,0.7807781695763442,0.0,0.20092490445348563,0.20092490445348563,0.22883745328175203,1.0859528596312091,,,,0.6204122674710909,0.3321118896456755,0.5302497067202949,0.3256549097830336,0.2682119205298013,0.16666666666666666,0.0,0.0,0.0,0.0,0.6393811106681824,0.8498684467541323,0.5959107647812115,0.8738498304477272,0.6071646485800378,0.8658560358831956,0.9305138558254764,0.6034133539804292,0.6681604335734264,0.6407303810119629,0.019251832738518715,0.7807781695763442,0.0,0.11798556356969495,0.11798556356969495,0.15309937739500118,1.1614054737309436,,,,0.602592033964583,0.32588502678490583,0.5437126417518574,0.31899940537454485,0.2682119205298013,0.23333333333333334,0.6111163387448346,0.0025000000000000005,0.22992634668035272,2,0.02779470756649971,0.7183833718299866,1480,5000,0.023478560149669647,5000,5000,8,outer,64,0.0,41804a8e0c8e,0.0008483823392412271
shared_pair,rep_regime_sym,symmetric,latent,identity,0.1,13,13396,11408,76,True,202,71,286,357,1,6.3125,0,0.6103797173321609,0.49806628695589045,0.6163818198114481,0.5020659678010544,0.614381118985019,0.7838246736260724,0.5007327408526665,0.7646708868612935,0.014221780367208078,0.0905090486224911,0.012882363950468267,0.08768320631580438,0.04097519594658517,0.14736636904570488,0.015969682404099496,0.12637120876251637,0.09423625491381088,0.9930725316512129,0.5229477286338806,0.01583816669881344,0.69235364343258,0.0,0.2075725688835226,0.2075725688835226,0.17745399658108257,1.119762225046964,,,,0.5501820388349514,0.31551857846324866,0.5485436893203883,0.30071901060717066,0.27972027972027974,0.14285714285714285,0.0,0.0,0.0,0.0,0.7672697305679321,0.5838402450547305,0.4835506753096498,0.5947594464737905,0.4891647880163091,0.5911197126674372,0.7688431001624696,0.48729341711408924,0.7735808060465039,0.4646446406841278,0.01507758442312479,0.69235364343258,0.0,0.13038598824004183,0.13038598824004183,0.11152570151286456,1.1079964256923833,,,,0.572997572815534,0.3288130174728633,0.5359223300970873,0.2971366030014363,0.27972027972027974,0.17857142857142858,0.48089966709797327,0.0025000000000000005,0.18113624206820214,2,0.016320863738656044,0.6393020749092102,3100,5000,0.01596968248486519,5000,5000,8,outer,64,0.0,41804a8e0c8e,-0.17865798355737073
shared_pair,rep_regime_sym,symmetric,latent,identity,0.1,15,13396,11408,76,True,202,64,254,318,1,6.3125,0,0.4234831296755604,0.4307501626467189,0.43351656382545617,0.44071484512970494,0.4301720857754909,0.65587505347855,0.43739328430204294,0.8152051879354244,0.0166165127600234,0.09939033883134729,0.014867239030254598,0.09424994065821557,0.03398286870238548,0.14120764663552526,0.017220602601045156,0.13122729365892277,0.10028524455899232,0.9923717187035986,0.44618284702301025,0.017820067703723907,0.6172400476135051,0.0,0.23044894694259854,0.23044894694259854,0.2781169733462461,1.0943613639593337,,,,0.5732346592661117,0.27930965393192786,0.5688148833384725,0.2388784581177993,0.18503937007874016,0.24,0.0,0.0,0.0,0.0,0.5056025385856628,0.4131843951173969,0.4282714701642222,0.4236661458377789,0.43826045953043696,0.4201722289309849,0.6482069337264026,0.43493079640836535,0.8195009610163806,0.4453851282596588,0.01777900941669941,0.6172400476135051,0.0,0.24431795698941267,0.24431795698941267,0.2942851598328167,1.0834791971652313,,,,0.5748792270531401,0.27196619358344054,0.57487922705314,0.2511319023735077,0.18503937007874016,0.24,0.3823765041368116,0.0025000000000000005,0.16362013252078939,2,0.018802950158715248,0.4985608160495758,3920,5000,0.017220603302121162,5000,5000,8,outer,64,0.0,41804a8e0c8e,-0.039876427559613514
algebra,rep_regime_sym,symmetric,latent,identity,0.1,5,13324,11336,48,True,202,70,281,351,2,6.3125,0,0.3532655550882025,0.36442467439296583,0.35206011490193767,0.3643269915718676,0.3524619282973593,0.593685041328615,0.3643595525122337,0.8482985438494525,0.025720481822817647,0.12009151565592803,0.026218005294554564,0.12129133417311423,0.029471027905691685,0.12585153908459648,0.02637874216891564,0.16241533846566228,0.12136519950723848,0.9881877685100225,0.34433096647262573,0.0,0.5741386142827298,0.0,0.2428967213402889,0.2428967213402889,0.28998096247660865,1.0232887152974008,,,,0.6022002015451796,0.24442946911682734,,,0.18505338078291814,0.25,0.0,0.0,0.0,0.0,0.0,0.37567816585110914,0.3821042112963217,0.374777641315419,0.3831800523806408,0.375077816160649,0.6124359690291296,0.3828214386858678,0.8385645475067212,0.35755792260169983,2.3380991241472824e-17,0.5741386142827298,0.0,0.26653427710916217,0.26653427710916217,0.26923465910934674,1.027943624187739,,,,0.5707927443735304,0.23114677641517214,,,0.18505338078291814,0.21428571428571427,0.3301830787109856,0.0025000000000000005,0.14103445905620304,2,0.0349210686981678,0.5817809104919434,1110,5000,0.02637874335050583,5000,5000,8,outer,64,0.0,31f9f2a4431d,0.17630143933216202
algebra,rep_regime_sym,symmetric,latent,identity,0.1,7,13324,11336,48,True,202,77,309,386,2,6.3125,0,0.4117459754330194,0.39994300779747705,0.4116498172369048,0.4001293033836461,0.41168186996894296,0.6416243994495089,0.4000672048549231,0.7955863088699562,0.020260172567002504,0.10563033009049799,0.020316132909524512,0.10774170051714417,0.033828208438291596,0.13437320353516966,0.021589967006019506,0.14693524766379068,0.10964904285590701,0.9887826584151735,0.37870416045188904,0.0,0.5883808750094432,0.0,0.17998348141799986,0.17998348141799986,0.22446921227848252,1.078665493847377,,,,0.6636880104154337,0.35642659421811806,,,0.2297734627831715,0.16666666666666666,0.0,0.0,0.0,0.0,0.0,0.4425230246659521,0.4090086753550974,0.44249601203930644,0.4099524680866438,0.44250501624818833,0.6652105052148443,0.4096378705094616,0.7802815952966887,0.40116268396377563,5.116872671287551e-15,0.5883808750094432,0.0,0.15280944029342686,0.15280944029342686,0.20984855263746585,1.113607374167208,,,,0.6597230441472364,0.36460328545446796,,,0.2297734627831715,0.23333333333333334,0.34931933063302006,0.0025000000000000005,0.16937450870514545,2,0.024964353069663048,0.4788968861103058,1150,5000,0.021589966490864754,5000,5000,8,outer,64,0.0,31f9f2a4431d,0.12089281919937334
algebra,rep_regime_sym,symmetric,latent,identity,0.1,8,13324,11336,48,True,202,73,294,367,2,6.3125,0,0.4617462646760232,0.41872574256548173,0.45829610229664847,0.41919302846600026,0.4594461564231067,0.6778245764378175,0.4190372664991608,0.8019638495189898,0.020547646688953335,0.11105568798748003,0.020345499259387514,0.11062169629443633,0.051715674328095096,0.16775559090502665,0.02340299923725256,0.1529803884073137,0.11621010760349992,0.9897047922855827,0.3555406630039215,0.0,0.5831587656871651,0.0,0.09670816310827676,0.09670816310827676,0.11760294098549931,1.1057247122348064,,,,0.6207627118644069,0.32027341073647175,,,0.19727891156462585,0.3103448275862069,0.0,0.0,0.0,0.0,0.0,0.48389272148577556,0.4225101388668188,0.48124714894361703,0.424260169594706,0.4821290064576698,0.6943551011245398,0.42367682601874357,0.7921868076611269,0.3741879165172577,1.295248504576692e-16,0.5831587656871651,0.0,0.0486409404236101,0.0486409404236101,0.12302945589643274,1.1455624411086291,,,,0.5900789012273524,0.2676232440649602,,,0.19727891156462585,0.27586206896551724,0.34365062898135096,0.0025000000000000005,0.14290123256139595,2,0.02430141158401966,0.43801265954971313,1160,5000,0.023403000086545944,5000,5000,8,outer,64,0.0,31f9f2a4431d,-0.018186871261746562
algebra,rep_regime_sym,symmetric,latent,identity,0.1,6,13324,11336,48,True,202,60,239,299,2,6.3125,0,0.6456517674324349,0.515013126147878,0.6449781791749659,0.5145039799255621,0.6452027085941222,0.8032451111548219,0.5146736953330007,0.7091971663539227,0.018010850271847016,0.10208004184526326,0.018330647034713262,0.10293866462187166,0.03144701336675701,0.13583416389960173,0.01948713733195478,0.13959633710078062,0.10582205290978189,0.991118413032656,0.5547714829444885,5.314960219848916e-15,0.6655912516856991,0.0,0.14478725824264596,0.14478725824264596,0.1919484634858127,1.1964013745441324,,,,0.590486604702023,0.3335679726681987,,,0.2594142259414226,0.13043478260869565,0.0,0.0,0.0,0.0,0.0,0.6456517674324349,0.515013126147878,0.6449781791749659,0.5145039799255621,0.6452027085941222,0.8032451111548219,0.5146736953330007,0.7091971663539227,0.5547714829444885,5.314960219848916e-15,0.6655912516856991,0.0,0.14478725824264596,0.14478725824264596,0.1919484634858127,1.1964013745441324,,,,0.590486604702023,0.3335679726681987,,,0.2594142259414226,0.13043478260869565,0.4460413224744385,0.0025000000000000005,0.19967911897510093,2,0.022868648171424866,0.5470916032791138,4999,5000,0.019487136974930763,5000,5000,8,outer,64,0.0,31f9f2a4431d,-0.2545592919657138
algebra,rep_regime_sym,symmetric,latent,identity,0.1,9,13324,11336,48,True,202,67,266,333,1,6.3125,0,0.6970204306568449,0.5056581704103743,0.6951478007702176,0.5047538986088458,0.6957720107324267,0.8341294927841999,0.5050553225426886,0.7193210828525438,0.020928852270614716,0.11163762276475063,0.020310866169924387,0.10927758123450333,0.03646211597664073,0.13749944816241638,0.02203999031913229,0.14845871587459017,0.11268493626808003,0.9892896711717679,0.4456639289855957,1.4483327649980585e-19,0.8245509646593266,0.0,0.21092967880071084,0.21092967880071084,0.25967521092321644,1.0342009385986364,,,,0.5607921073177656,0.32509262276929857,,,0.2744360902255639,0.23076923076923078,0.0,0.0,0.0,0.0,0.0,0.7013897029141318,0.511034808757788,0.6993011634145213,0.5107827691909215,0.6999973432477249,0.8366584388194055,0.5108667823798769,0.7176165564607255,0.44906607270240784,2.9781106678221803e-15,0.8245509646593266,0.0,0.21173663202119333,0.21173663202119333,0.2582637428848781,1.0351039147505046,,,,0.5527716658385975,0.317364005153863,,,0.2744360902255639,0.15384615384615385,0.6803067197397888,0.0025000000000000005,0.2746326624283715,2,0.026187561452388763,0.5400763154029846,2590,5000,0.02203998900949955,5000,5000,8,outer,64,0.0,31f9f2a4431d,0.06630277269251317
algebra,rep_regime_sym,symmetric,latent,identity,0.1,10,13324,11336,48,True,202,80,320,431,2,6.3125,0,0.4490297681556384,0.43318672890156124,0.447986450915684,0.43226636493394344,0.4483342233290021,0.6695776454818381,0.43257315292314935,0.834143696250871,0.023167668711791982,0.1159940412865816,0.022767258007621017,0.11617138990331685,0.04149511180420414,0.15190953858453315,0.024676908164671548,0.1570888543617005,0.11953171392573077,0.9904380930642624,0.4187856912612915,3.0194117900554628e-21,0.7281099586147576,0.0,0.3838080992879308,0.3838080992879308,0.2778163727184836,0.913020692073233,,,,0.6071088861076346,0.3843766282277008,,,0.265625,0.3125,0.0,0.0,0.0,0.0,0.0,0.4557899995476011,0.4416474387753399,0.45588808972083933,0.44162612087200304,0.4558553929964265,0.6751706399099612,0.441633226839782,0.8313613224413355,0.40570563077926636,1.5079832115597736e-16,0.7281099586147576,0.0,0.3977489556293954,0.3977489556293954,0.2803839026748308,0.9181367269840586,,,,0.6166708385481852,0.3764068721310082,,,0.265625,0.28125,0.5317972222526118,0.0025000000000000005,0.1956917186526339,2,0.03306674584746361,0.34026554226875305,2370,5000,0.024676909670233727,5000,5000,8,outer,64,0.0,31f9f2a4431d,0.10721230318503172
algebra,rep_regime_sym,symmetric,latent,identity,0.1,11,13324,11336,48,True,202,68,273,341,1,6.3125,0,0.5844621930281879,0.4629545028909645,0.5844254981580344,0.4624560875838572,0.584437729781419,0.7644852711343881,0.4626222260195596,0.7816736722980218,0.029088996891180743,0.1341148933233566,0.028578017468867168,0.132573486745636,0.03496444579023883,0.1316254951605536,0.029342120835844972,0.17129541977485846,0.132947654905717,0.9870340358456787,0.44327718019485474,3.743392066509216e-23,0.8086804539213719,0.0,0.2918449076185984,0.2918449076185984,0.2196584276607892,0.9706428404873907,,,,0.6660328670378922,0.4558004413890876,,,0.27106227106227104,0.37037037037037035,0.0,0.0,0.0,0.0,0.0,0.5930153969187328,0.45069834655974816,0.5933045581541337,0.4528815340457458,0.5932081710756668,0.7702000850919628,0.4521538048837467,0.7783973296826757,0.44766610860824585,1.3723066652086618e-15,0.8086804539213719,0.0,0.2537797186853963,0.2537797186853963,0.2561752733097731,0.9919952332188036,,,,0.6739100909955181,0.452485422377297,,,0.27106227106227104,0.4074074074074074,0.6582175384854537,0.0025000000000000005,0.2446025996884715,2,0.029845107346773148,0.4986031949520111,1570,5000,0.02934211865067482,5000,5000,8,outer,64,0.0,31f9f2a4431d,-0.008225084592412113
algebra,rep_regime_sym,symmetric,latent,identity,0.1,12,13324,11336,48,True,202,70,279,349,2,6.3125,0,0.4792321094007416,0.42576800034312035,0.47380136323049327,0.42156446391283964,0.47561161195390944,0.6896460048125483,0.42296564272293324,0.7772325429671412,0.018948915084542883,0.10573374315101756,0.01882319464288805,0.10501556214175772,0.04507420384761533,0.15659368555406217,0.021368657506047484,0.14618022269119543,0.11015895387647111,0.9889335745960688,0.3985278010368347,1.0667416470690411e-16,0.7004007682085326,0.0,0.2701038694791391,0.2701038694791391,0.2977779067068926,0.9947980623657516,,,,0.568943206326384,0.32281248162244824,,,0.23297491039426524,0.2222222222222222,0.0,0.0,0.0,0.0,0.0,0.4805310299788534,0.4268714332722246,0.4751637029164566,0.42329161949490457,0.4769528119372555,0.6906177031739452,0.42448489075401125,0.77660435033653,0.4008042514324188,6.617001945206199e-18,0.7004007682085326,0.0,0.27096102812026246,0.27096102812026246,0.29596981401054273,0.996916437580667,,,,0.5722501797268152,0.3279856214694409,,,0.23297491039426524,0.2222222222222222,0.4921437255612004,0.0025000000000000005,0.22889689657527457,2,0.030331728979945183,0.23993003368377686,4390,5000,0.021368658170104027,5000,5000,8,outer,64,0.0,31f9f2a4431d,0.08764233356744888
algebra,rep_regime_sym,symmetric,latent,identity,0.1,13,13324,11336,48,True,202,71,286,357,1,6.3125,0,0.5411097318813429,0.4879676027422488,0.5421420422216807,0.49008104411789216,0.5417979387749015,0.7360692486273974,0.48937656365934434,0.7924727429076711,0.02988535076677452,0.13901460284235145,0.029702269520547143,0.13690547216010934,0.04872202008929149,0.16570741589639398,0.031574279144633066,0.1776915280609435,0.1402925897674752,0.9863034333510562,0.5035211443901062,0.0,0.69235364343258,0.0,0.1913702351643481,0.1913702351643481,0.15701410271371757,1.066390795435935,,,,0.5788834951456311,0.3739628576854718,,,0.27972027972027974,0.21428571428571427,0.0,0.0,0.0,0.0,0.0,0.5614488416213514,0.48903890657019294,0.5619389701825565,0.49202342320987014,0.5617755939954882,0.7495169070778112,0.49102858432997776,0.7848206134063311,0.5292379260063171,1.8682044533716316e-17,0.69235364343258,0.0,0.1833051604374467,0.1833051604374467,0.15376600293159984,1.0886976744737904,,,,0.5630461165048544,0.3506992377454671,,,0.27972027972027974,0.25,0.48089966709797327,0.0025000000000000005,0.18113624206820214,2,0.03737246245145798,0.4175236225128174,2300,5000,0.03157427906990051,5000,5000,8,outer,64,0.0,31f9f2a4431d,-0.03941095564093433
algebra,rep_regime_sym,symmetric,latent,identity,0.1,14,13324,11336,48,True,202,73,290,363,2,6.3125,0,0.6420546077603103,0.5562861604686394,0.6390916189777205,0.554607732220006,0.6400792819052504,0.8000495496563013,0.5551672083028837,0.7525426854799099,0.03562425500214583,0.15202432072962158,0.03551972910720328,0.1490817733934581,0.0606686072915221,0.1882524238546492,0.037953523785673134,0.1948166414495259,0.15371060352990773,0.9861557860760739,0.675195038318634,7.040148751817599e-16,0.6826052818248248,0.0,0.3028574331269824,0.3028574331269824,0.32640201142249836,1.1609515098425531,,,,0.5788576300085252,0.32250472130462493,,,0.23793103448275862,0.20689655172413793,0.0,0.0,0.0,0.0,0.0,0.6554418757849773,0.5770916955422114,0.6520082937664423,0.5754159525491999,0.653152821105954,0.8081787061695909,0.5759745335468703,0.7474884008102833,0.6727926135063171,1.0415807318941991e-16,0.6826052818248248,0.0,0.28887736723286084,0.28887736723286084,0.29040109132463343,1.1709249190292546,,,,0.557151288609089,0.31401217828357064,,,0.23793103448275862,0.1724137931034483,0.4655539991801127,0.0025000000000000005,0.17869600081345677,2,0.1066281870007515,0.7385299205780029,3240,5000,0.03795352205634117,5000,5000,8,outer,64,0.0,31f9f2a4431d,-0.25866201805731004
algebra,rep_regime_sym,symmetric,latent,identity,0.1,15,13324,11336,48,True,202,64,254,318,1,6.3125,0,0.46657327772331975,0.45997733485722053,0.46399611673367275,0.45896495221315237,0.46485517039688834,0.6818028823618218,0.45930241309450837,0.8003059085159413,0.02097141882825099,0.11034429828893931,0.021488079227133527,0.11043096749552335,0.03924496443046049,0.15432350121869648,0.02302849005166883,0.15175140873042606,0.11459755701575186,0.9897989748666026,0.47768130898475647,1.0763757514210457e-19,0.6172400476135051,0.0,0.2105497182253865,0.2105497182253865,0.2935197271464061,1.1292638279288267,,,,0.5839243498817968,0.2706851992740695,,,0.18503937007874016,0.2,0.0,0.0,0.0,0.0,0.0,0.4958026416100168,0.47404699614604606,0.4939083324407471,0.4726227004376995,0.4945397688305037,0.7032352158634433,0.47309746567381505,0.7875538960768652,0.49960821866989136,2.6661674915897347e-15,0.6172400476135051,0.0,0.20162193642327364,0.20162193642327364,0.2503565367512042,1.1547552108601977,,,,0.5839243498817966,0.27329615361055937,,,0.18503937007874016,0.24,0.3823765041368116,0.0025000000000000005,0.16362013252078939,2,0.029984435066580772,0.47778216004371643,2320,5000,0.02302849106490612,5000,5000,8,outer,64,0.0,31f9f2a4431d,-0.12371757700990527
algebra,rep_regime_sym,symmetric,latent,identity,0.1,16,13324,11336,48,True,202,76,302,378,2,6.3125,0,0.7472536358446121,0.584617559151682,0.7426495749916615,0.5841269732262815,0.7441842619426451,0.8626611512886418,0.5842905018680817,0.7147911747561684,0.02675427585823531,0.12581009165994766,0.028122042431214838,0.1307278746964495,0.06235269761263161,0.1970563122631021,0.030979464944451866,0.1760098433169346,0.1355810505634531,0.9877843068802792,0.6363030076026917,0.0,0.7807781695763442,0.0,0.27429170123425817,0.27429170123425817,0.31241086309682653,1.079728323287645,,,,0.5879001173118821,0.3128986141513683,,,0.2682119205298013,0.26666666666666666,0.0,0.0,0.0,0.0,0.0,0.906303125861835,0.6198870497641139,0.898890609155403,0.6183306301775444,0.9013614480575471,0.9494005730236037,0.6188494367064009,0.6545529744884808,0.6895577311515808,3.0397109271530125e-15,0.7807781695763442,0.0,0.1337962916883402,0.1337962916883402,0.21885858582117923,1.1914420564056023,,,,0.6423663482487012,0.3649782898287424,,,0.2682119205298013,0.3333333333333333,0.6111163387448346,0.0025000000000000005,0.22992634668035272,2,0.03292674571275711,0.5426267385482788,880,5000,0.030979463830590248,5000,5000,8,outer,64,0.0,31f9f2a4431d,-0.008431570606661776
additive,rep_regime_antisym,antisymmetric,latent,identity,0.1,5,1988,0,48,True,202,70,281,351,2,6.3125,0,0.0029359612816029024,0.04381363030083823,0.4373173927638328,0.2657058804283688,0.29252358226975617,0.5408544926962854,0.19174179705252528,0.8713364269369122,0.0024438578422552003,0.03952886716016251,0.40508967919183214,0.26112413311689353,0.0021686738575144,0.038079746409016436,0.24520699224554726,0.49518379642870713,0.17300908166530576,0.8835201224628985,0.0,0.0,0.0,0.6593281742668791,,,,,,,0.9999999999988498,,,,,0.18505338078291814,,0.0,0.0,0.0,0.0,0.0,0.0030403121625380758,0.04460261780163209,0.4374392981127849,0.26617469214094314,0.29263963612936933,0.5409617695635888,0.19231733402783946,0.871285381807047,0.0,0.0,0.0,0.6593281742668791,,,,,,,0.9999999999988498,,,,,0.18505338078291814,,0.2919824815176411,0.0025000000000000005,0.12788192609369645,2,0.24522459506988525,0.4973680078983307,4710,5000,0.24520698189735413,5000,5000,8,outer,64,0.0,2eda9c0b0b57,0.0
unconstrained,rep_regime_antisym,antisymmetric,latent,identity,0.1,5,13396,11408,76,True,202,70,281,351,2,6.3125,0,0.004689398062441566,0.05489946348788858,0.6028771980850682,0.40765659760142225,0.4034812647441927,0.635201751213103,0.2900708862302444,0.8225327996355225,0.0035737063956214096,0.04750055074610732,0.05765233513740021,0.15311043863949866,0.0030238362806650878,0.044993765796090344,0.03612978747669818,0.1900783719329955,0.11094228279406106,0.9828373849285951,0.021586019545793533,0.44993874430656433,0.0,0.6593281742668791,,,,,0.06701951559283671,0.20231884606647985,1.1736199831275773,0.4725394692643601,0.2041814558623699,0.6004366812227074,0.24951531003963634,0.18505338078291814,,0.0,0.0,0.0,0.0,0.017756592482328415,0.00450674901855002,0.05338376046564678,0.7442336702567101,0.45760944905865375,0.49765802984398994,0.7054488144748632,0.32286755286098473,0.7811100910687685,0.01841626688838005,0.5853385925292969,0.0,0.6593281742668791,,,,,0.0502821129316042,0.1870639487717552,1.3044475926448482,0.6005206583809204,0.29826777715414293,0.6129492777964394,0.2497233035266116,0.18505338078291814,,0.2919824815176411,0.0025000000000000005,0.12788192609369645,2,0.04941047728061676,0.2737460732460022,590,5000,0.03612978756427765,5000,5000,8,outer,64,0.0,074ee4f789dd,-0.37931192286615323
additive,rep_regime_antisym,antisymmetric,latent,identity,0.1,6,1988,0,48,True,202,60,239,299,2,6.3125,0,0.0031946383299276213,0.04502009251663771,0.48439411610071864,0.32021628249486733,0.3239942901771216,0.5692049632400631,0.2284842191687908,0.8528416011086521,0.0023717408887114445,0.0388969892701713,0.4881596615359798,0.29842935595018183,0.0027428709917716905,0.04234962014899939,0.29533005770675963,0.5434427823669753,0.19572093630743884,0.8613762053090872,0.0,0.0,0.0,0.6941813289483674,,,,,,,0.9999999999989624,,,,,0.2594142259414226,,0.0,0.0,0.0,0.0,0.0,0.003212253738041657,0.04519882037194023,0.4844017835845618,0.32019223480861825,0.3240052736357218,0.5692146112282447,0.2285277633297256,0.8528366124152371,0.0,0.0,0.0,0.6941813289483674,,,,,,,0.9999999999989624,,,,,0.2594142259414226,,0.32337560913334923,0.0025000000000000005,0.14605598751351323,2,0.2953336238861084,0.32265424728393555,4970,5000,0.2953300476074219,5000,5000,8,outer,64,0.0,2eda9c0b0b57,0.0
shared_pair,rep_regime_antisym,antisymmetric,latent,identity,0.1,5,13396,11408,76,True,202,70,281,351,2,6.3125,0,0.0031837472896065894,0.0454078168243465,0.6610400294636445,0.4210783244353502,0.44175460207229855,0.6646462232438386,0.29585482189834894,0.8056986548617113,0.0027031792430852446,0.041646836116251966,0.07042202471644221,0.14674110253311434,0.0022747874443379236,0.03847009437897159,0.04349571132684105,0.20855625458576169,0.10471366023748549,0.979338374153433,0.01288582943379879,0.4914185702800751,0.0,0.6593281742668791,,,,,0.028833449062763424,0.14698712262977426,1.2311312619835466,0.542324487739335,0.2197574666711531,0.5870843130668458,0.24808687676808788,0.18505338078291814,,0.0,0.0,0.0,0.0,0.01008161623030901,0.009276141480469225,0.0811216963431185,0.6734891188207973,0.4437873656127855,0.452084793040688,0.6723725106224139,0.3228988091895631,0.8011550236436602,0.016740739345550537,0.4911648631095886,0.0,0.6593281742668791,,,,,0.02900999739758734,0.14732501162803274,1.2307965404021384,0.5334229089687605,0.21469814551043193,0.5880920389654014,0.24844554722931855,0.18505338078291814,,0.2919824815176411,0.0025000000000000005,0.12788192609369645,2,0.05878029391169548,0.3841133415699005,4980,5000,0.04349571093916893,5000,5000,8,outer,64,0.0,0cc9527fdc42,-0.510150390763799
algebra,rep_regime_antisym,antisymmetric,latent,identity,0.1,5,13324,11336,48,True,202,70,281,351,2,6.3125,0,0.0051531427384044854,0.057032637353443646,0.591702993478052,0.4297265727479787,0.39618637656483613,0.6294333773838469,0.3054952609498004,0.8257413832682301,0.004113375356671464,0.05069569714434922,0.05367319343483232,0.15898476445681767,0.0037908343880179614,0.05035054581131729,0.0339663960754523,0.18429974518553274,0.11595941879945851,0.9838650536878513,0.029140684753656387,0.48524805903434753,0.0,0.6593281742668791,,,,,0.14006634744623483,0.25985597464548016,1.1613450886474934,0.47363117232112867,0.20702279958267772,0.5670137722539469,0.24169378134913347,0.18505338078291814,,0.0,0.0,0.0,0.0,0.0,0.0034081736190508132,0.04684707420597594,0.705679700333698,0.448233971646926,0.47158919142881567,0.6867235189134093,0.31443833916660935,0.7925762090141161,0.01256669219583273,0.5039349794387817,0.0,0.6593281742668791,,,,,-0.019238930451038083,0.14475306284114905,1.27047297663809,,,0.5564326503191132,0.2117858103990245,0.18505338078291814,,0.2919824815176411,0.0025000000000000005,0.12788192609369645,2,0.04788801819086075,0.23641589283943176,530,5000,0.03396639600396156,5000,5000,8,outer,64,0.0,d0bdaf461885,-0.3543741447808655
unconstrained,rep_regime_antisym,antisymmetric,latent,identity,0.1,6,13396,11408,76,True,202,60,239,299,2,6.3125,0,0.00554513765070185,0.058282682497894714,0.6579625999610239,0.4794935541499531,0.4404901125242499,0.6636942914657696,0.3390899302659336,0.7999291294574933,0.004226220649277991,0.05160099643231126,0.05221348707305839,0.150406663453678,0.00431968481841969,0.05165818280902894,0.03317075399559493,0.18212839975027215,0.11118480151401589,0.9844301124398457,0.013477466069161892,0.5665924549102783,0.0,0.6941813289483674,,,,,0.19723719662414635,0.25763488449773214,1.1642447884665041,0.5216876252961546,0.3160378736380005,0.5833788955713504,0.327036835446736,0.2594142259414226,,0.0,0.0,0.0,0.0,0.012706741690635681,0.0055874116446342345,0.05849574828159128,0.6648971318770137,0.4831212092180438,0.44512722513288716,0.6671785556602424,0.3415793889058929,0.7978229501584911,0.014143331907689571,0.5720728039741516,0.0,0.6941813289483674,,,,,0.19408785925357075,0.2561656147814774,1.1703148353361301,0.5354474211773282,0.3239425114339805,0.5829232731911791,0.3274606260330882,0.2594142259414226,,0.32337560913334923,0.0025000000000000005,0.14605598751351323,2,0.04385916888713837,0.37291866540908813,2500,5000,0.033170755952596664,5000,5000,8,outer,64,0.0,074ee4f789dd,-0.3595613437614664
additive,rep_regime_antisym,antisymmetric,latent,identity,0.1,7,1988,0,48,True,202,77,309,386,2,6.3125,0,0.0031432073607917466,0.045100015844520044,0.3687404691661715,0.26591190270172643,0.24687471523104496,0.4968648862930897,0.192307940415991,0.8757829211453912,0.0024787346627846594,0.040091315568760146,0.4164011794496132,0.28338009166622113,0.00248352798151259,0.03837718725253069,0.2520682487915568,0.5020639887420296,0.18662707874955947,0.8708380383243105,0.0,0.0,0.0,0.6050900713539559,,,,,,,0.9999999999986344,,,,,0.2297734627831715,,0.0,0.0,0.0,0.0,0.0,0.006326653626495856,0.06496657882186445,0.37195889728581355,0.2804259958336033,0.25008148273270764,0.5000814760943537,0.2086061901630237,0.8741694092421992,0.0,0.0,0.0,0.6050900713539559,,,,,,,0.9999999999986344,,,,,0.2297734627831715,,0.2461699752265379,0.0025000000000000005,0.12290114564200107,2,0.25207117199897766,0.3368450701236725,4940,5000,0.25206828117370605,5000,5000,8,outer,64,0.0,2eda9c0b0b57,0.0
shared_pair,rep_regime_antisym,antisymmetric,latent,identity,0.1,6,13396,11408,76,True,202,60,239,299,2,6.3125,0,0.0109568364968534,0.08369220711260553,0.540211368446352,0.4495639684209873,0.3637931911298525,0.6031527096265527,0.3276067146515267,0.834764916674993,0.008854516195821806,0.07502668703089581,0.07528971689138797,0.1854000456996061,0.007661597734053629,0.06891154882726924,0.04880000022485996,0.22090722085269182,0.1409960423400404,0.9770939630574127,0.02431601658463478,0.4648185074329376,0.0,0.6941813289483674,,,,,0.2649040467338833,0.30706638303857103,1.0485923743903107,0.5143065427373793,0.291749194626278,0.5854747585201385,0.324882389938296,0.2594142259414226,,0.0,0.0,0.0,0.0,0.017564035952091217,0.006674418121958232,0.06457671145590622,0.5984963706475723,0.47392251834495,0.40122238647236763,0.6334211762108745,0.337473916048602,0.8177645539359308,0.015557416714727879,0.5228713154792786,0.0,0.6941813289483674,,,,,0.2327761913002382,0.28991552688020816,1.1090149001364837,0.519409513395298,0.29856456118437613,0.5650628758884636,0.2948697746457539,0.2594142259414226,,0.32337560913334923,0.0025000000000000005,0.14605598751351323,2,0.05514467880129814,0.36523327231407166,630,5000,0.04879999905824661,5000,5000,8,outer,64,0.0,0cc9527fdc42,-0.1228382788195852
unconstrained,rep_regime_antisym,antisymmetric,latent,identity,0.1,7,13396,11408,76,True,202,77,309,386,2,6.3125,0,0.0052415360247473775,0.05661771884684331,0.5172785244468985,0.41154241616159,0.3465995283061815,0.5887270405766848,0.29323418372334104,0.8256055469338518,0.003579824690287867,0.04818905512872991,0.060925847469759334,0.16004233687144437,0.0040222054677257054,0.048294873451674075,0.03820087778381397,0.19545044841036813,0.1156450225865285,0.980425538178865,0.014939658343791962,0.48254668712615967,0.0,0.6050900713539559,,,,,0.1221305275293029,0.309034474764196,1.1824482267781007,0.5190555095277547,0.26577818077126475,0.6122026275298852,0.30258277061063527,0.2297734627831715,,0.0,0.0,0.0,0.0,0.01345497090369463,0.004911693553508974,0.0550316005454075,0.5858093091586141,0.4431415170943708,0.39217677062357903,0.6262401860497129,0.313771544911383,0.8026729760643834,0.009389637969434261,0.556075930595398,0.0,0.6050900713539559,,,,,0.10248824824681538,0.26975587832149056,1.2577328401816414,0.5281098354834892,0.26875201131172977,0.6222629897029234,0.3094134407446755,0.2297734627831715,,0.2461699752265379,0.0025000000000000005,0.12290114564200107,2,0.06381929665803909,0.298259973526001,830,5000,0.038200877606868744,5000,5000,8,outer,64,0.0,074ee4f789dd,-0.4039490758776416
algebra,rep_regime_antisym,antisymmetric,latent,identity,0.1,6,13324,11336,48,True,202,60,239,299,2,6.3125,0,0.006081047081782975,0.06224802513571028,0.6182670525754295,0.4738792933484109,0.41420505074421393,0.643587640297896,0.336668870610844,0.8118678201183553,0.005204538722585596,0.057523132277001725,0.04995515316198417,0.15052378268190156,0.004615351977287225,0.05253763971720898,0.03213221078500041,0.17925459766767604,0.11312491024678199,0.9849175900840821,0.01957057975232601,0.5129963159561157,0.0,0.6941813289483674,,,,,0.18863175640493868,0.21670431771034773,1.125896473496009,,,0.6119008565700748,0.3214142342944693,0.2594142259414226,,0.0,0.0,0.0,0.0,0.0,0.005162714682235828,0.05643545037152671,0.606676888407368,0.4759421355795025,0.4061721638323239,0.6373163765605933,0.33610657384351056,0.8155163621213108,0.009442559443414211,0.5072457194328308,0.0,0.6941813289483674,,,,,0.198845213421186,0.20345320136422768,1.1169800038432038,,,0.6079825041006015,0.32970894985329424,0.2594142259414226,,0.32337560913334923,0.0025000000000000005,0.14605598751351323,2,0.032248012721538544,0.38631391525268555,1250,5000,0.032132212072610855,5000,5000,8,outer,64,0.0,d0bdaf461885,-0.27843318015813123
additive,rep_regime_antisym,antisymmetric,latent,identity,0.1,8,1988,0,48,True,202,73,294,367,2,6.3125,0,0.0031545303601110417,0.045841708407812515,0.41172314345532857,0.2746375312192606,0.2755336057569227,0.5249129506469836,0.19837225694877791,0.878976623892285,0.0024862622263413727,0.03979517685145184,0.4092901461955705,0.2553745974882464,0.0023553216940266843,0.03920324362701608,0.24777042480768538,0.49776543151135494,0.1697298070169759,0.879717065193859,0.0,0.0,0.0,0.6393791028694537,,,,,,,0.999999999998777,,,,,0.19727891156462585,,0.0,0.0,0.0,0.0,0.0,0.0031538410704206677,0.045865513081995615,0.41173009965062146,0.27462942199641843,0.2755380134572212,0.5249171491361482,0.19837478569161082,0.878974687886078,0.0,0.0,0.0,0.6393791028694537,,,,,,,0.999999999998777,,,,,0.19727891156462585,,0.27492620724062267,0.0025000000000000005,0.1200057168347973,2,0.24777300655841827,0.45941123366355896,4990,5000,0.24777039885520935,5000,5000,8,outer,64,0.0,2eda9c0b0b57,0.0
shared_pair,rep_regime_antisym,antisymmetric,latent,identity,0.1,7,13396,11408,76,True,202,77,309,386,2,6.3125,0,0.006729007508125911,0.06431955895740621,0.524052030066132,0.42911648848181916,0.35161102254679666,0.5929679776740028,0.3075175119736815,0.8230839716697211,0.004764555201522554,0.054556114328825615,0.06201719075415469,0.16558898760483265,0.004740052320558394,0.053613525579967306,0.039284699349107145,0.19820368147213396,0.12141724137894488,0.9798701785881557,0.02566428855061531,0.5175800919532776,0.0,0.6050900713539559,,,,,0.16202097848723448,0.348277278624914,1.1846217630784317,0.6413776778316961,0.3165353350795982,0.6361699609421233,0.3238429098600155,0.2297734627831715,,0.0,0.0,0.0,0.0,0.03649643063545227,0.004151844497553702,0.050565260261964014,0.5864785457579035,0.4564814002843909,0.39236964533778684,0.626394161321597,0.3211760202769153,0.802575929537924,0.0064658368937671185,0.5597368478775024,0.0,0.6050900713539559,,,,,0.14646722892865593,0.25590506424361725,1.2581794156272799,0.6069357320392945,0.31030599925475155,0.606284767428098,0.27685905981674835,0.2297734627831715,,0.2461699752265379,0.0025000000000000005,0.12290114564200107,2,0.07943567633628845,0.2835119366645813,700,5000,0.03928469866514206,5000,5000,8,outer,64,0.0,0cc9527fdc42,-0.4242488227995773
unconstrained,rep_regime_antisym,antisymmetric,latent,identity,0.1,8,13396,11408,76,True,202,73,294,367,2,6.3125,0,0.013411983552914498,0.07836667143325217,0.5023328594904913,0.37328566476905883,0.33935923417796576,0.5825454782057499,0.27497933365712324,0.8509423192836282,0.005824286718591958,0.05702214580170072,0.05731348485129986,0.15646806979852926,0.007611263499943194,0.05666429416493724,0.03704220098668221,0.192463505596989,0.11695237086135125,0.9820174476037026,0.02280830778181553,0.3400447368621826,0.0,0.6393791028694537,,,,,0.10428160004621873,0.22193992654619552,1.095086688210957,0.5184102863822326,0.26837635863943,0.587448860315605,0.32723556969638495,0.19727891156462585,,0.0,0.0,0.0,0.0,0.036684516817331314,0.006884439391762388,0.06021963063751049,0.4841048835617947,0.3707124528952083,0.32503140217178395,0.5701152534109081,0.26721484547597574,0.8572355719593908,0.0178251713514328,0.37037014961242676,0.0,0.6393791028694537,,,,,0.15542140425200487,0.2325230826986895,1.0811947473797807,0.4732612507305669,0.23627631864388263,0.5897136177673875,0.32262718811163127,0.19727891156462585,,0.27492620724062267,0.0025000000000000005,0.1200057168347973,2,0.060334932059049606,0.4690839648246765,800,5000,0.037042200565338135,5000,5000,8,outer,64,0.0,074ee4f789dd,-0.2316437163652203
algebra,rep_regime_antisym,antisymmetric,latent,identity,0.1,7,13324,11336,48,True,202,77,309,386,2,6.3125,0,0.004162264277096051,0.05138337317011111,0.5045737867934268,0.4219800917409923,0.3377699459546499,0.5811797879784274,0.2984478522173652,0.8300482251813468,0.003371785552296429,0.04620784027642361,0.042608918879241224,0.14710209834886148,0.003380262199014933,0.045125170004986226,0.027032001029125806,0.16441411444619286,0.10694215275984587,0.9861485677086272,0.019422952085733414,0.45907720923423767,0.0,0.6050900713539559,,,,,0.1348225725625661,0.25666805163375495,1.169578943143768,0.6489821280624927,0.3853782547011192,0.5996567641140963,0.27427655794094125,0.2297734627831715,,0.0,0.0,0.0,0.0,0.0,0.003897245883881621,0.04987889383991907,0.6177471510342903,0.4500334204898579,0.4131305159841541,0.6427522975331587,0.3166485782732117,0.7921299237420019,0.004500195384025574,0.5600039958953857,0.0,0.6050900713539559,,,,,0.10504264184287089,0.26347855088851013,1.2947494508636068,,,0.6167002012072433,0.2948676395658449,0.2297734627831715,,0.2461699752265379,0.0025000000000000005,0.12290114564200107,2,0.036303721368312836,0.3664688169956207,780,5000,0.027032000944018364,5000,5000,8,outer,64,0.0,d0bdaf461885,-0.36818363775544194
shared_pair,rep_regime_antisym,antisymmetric,latent,identity,0.1,8,13396,11408,76,True,202,73,294,367,2,6.3125,0,0.021236041737717322,0.1111501111112452,0.525021874657353,0.4096052977917938,0.357093263684141,0.5975728103621691,0.3101202355649442,0.8431529532027278,0.009090552068940688,0.07340667781482661,0.08748574590269001,0.17973214180430996,0.009785749225852567,0.07436660307965141,0.05642809076577217,0.23754597610940953,0.13761104000691624,0.9726063497365249,0.04164561629295349,0.3592391610145569,0.0,0.6393791028694537,,,,,0.08655902738573541,0.1552503178630161,1.105300234132707,0.5734219754529515,0.30370354480142636,0.6214932787843367,0.3384059258258828,0.19727891156462585,,0.0,0.0,0.0,0.0,0.06604813039302826,0.004133707991213643,0.05179952102394244,0.5069080307787079,0.37439713524591184,0.3393165898495432,0.5825088753397181,0.26686459717192207,0.8509610500681485,0.015887459740042686,0.3373298645019531,0.0,0.6393791028694537,,,,,0.052260585104860056,0.19273288999755628,1.1074586278736922,0.5444915254237289,0.2685590310486535,0.5765634132086499,0.27960817630586204,0.19727891156462585,,0.27492620724062267,0.0025000000000000005,0.1200057168347973,2,0.06208047270774841,0.6009674668312073,630,5000,0.05642808973789215,5000,5000,8,outer,64,0.0,0cc9527fdc42,-0.29600620840120206
additive,rep_regime_antisym,antisymmetric,latent,identity,0.1,9,1988,0,48,True,202,67,266,333,1,6.3125,0,0.0028113516436427777,0.04264759233288735,0.6807387425645705,0.350397688996687,0.45476294559092784,0.6743611388498953,0.2478143234420871,0.807508811413639,0.0023339772951554267,0.03846776626045861,0.38214677999890795,0.26561669558600537,0.0026529478395238043,0.04152469497879122,0.2313858973058354,0.4810258800790612,0.17572718549253946,0.892956132505448,0.0,0.0,0.0,0.8240694410768805,,,,,,,0.9999999999992637,,,,,0.2744360902255639,,0.0,0.0,0.0,0.0,0.0,0.002812134587669633,0.042808495590509574,0.6807696635391836,0.35049540189249045,0.45478382055534566,0.674376616257819,0.24793309979183017,0.8074999754986827,0.0,0.0,0.0,0.8240694410768805,,,,,,,0.9999999999992637,,,,,0.2744360902255639,,0.454204427814432,0.0025000000000000005,0.19199045027329384,2,0.23139160871505737,0.2823781967163086,4490,5000,0.23138591647148132,5000,5000,8,outer,64,0.0,2eda9c0b0b57,0.0
unconstrained,rep_regime_antisym,antisymmetric,latent,identity,0.1,9,13396,11408,76,True,202,67,266,333,1,6.3125,0,0.00645168882399448,0.06433852001324826,0.8259256717007787,0.5016120459710661,0.5527676774085172,0.7434834748725201,0.35585420398512674,0.7660255562417785,0.0046649771657450295,0.05446114345724397,0.07148791945069871,0.17449663013199737,0.0042881312497233095,0.05210959515915773,0.04492221678439562,0.21194861826488895,0.12661612483862136,0.9792180600588871,0.03329260274767876,0.4765397906303406,0.0,0.8240694410768805,,,,,0.11816802343009652,0.2922172401535958,1.0994949035474177,0.5431187451203067,0.2971880281746594,0.531052594222443,0.2752948911281472,0.2744360902255639,,0.0,0.0,0.0,0.0,0.06063307821750641,0.0032739137774531815,0.04609655585540895,0.9263587370375089,0.5389844576024084,0.6186637959508235,0.7865518393283583,0.3746884903534086,0.7381331733983305,0.009704005904495716,0.6014302968978882,0.0,0.8240694410768805,,,,,0.1330468320342669,0.19854836370128207,1.1662944136123863,0.4947121868124068,0.2666797588995381,0.5198381716232522,0.2756350170250649,0.2744360902255639,,0.454204427814432,0.0025000000000000005,0.19199045027329384,2,0.047377098351716995,0.45542752742767334,760,5000,0.04492221772670746,5000,5000,8,outer,64,0.0,074ee4f789dd,-0.21550729400400037
algebra,rep_regime_antisym,antisymmetric,latent,identity,0.1,8,13324,11336,48,True,202,73,294,367,2,6.3125,0,0.01496592783737906,0.09349930356068056,0.47882861233504725,0.391050520147974,0.32420771750249117,0.5693924108227042,0.29186678128554283,0.8575973612200951,0.007899936743816323,0.06912662847101447,0.07473004857331558,0.18825016391537028,0.00829218693393465,0.06958016985898531,0.04823496538752569,0.21962460105262727,0.14099966573720832,0.9765837944476726,0.020675554871559143,0.3283007740974426,0.0,0.6393791028694537,,,,,0.15557044159231356,0.1609387967600993,1.0665526803721304,0.5337521917007598,0.2599947200984337,0.6242694330800701,0.302535258251583,0.19727891156462585,,0.0,0.0,0.0,0.0,0.0,0.005580324908430017,0.056094983078861585,0.5475813495171379,0.394651165763498,0.3669143413142352,0.6057345469050244,0.2817991048686192,0.8388392145262974,0.013211758807301521,0.40112972259521484,0.0,0.6393791028694537,,,,,0.08279638530761625,0.19545724462053002,1.1522345003537013,,,0.6181326709526592,0.317142879746641,0.19727891156462585,,0.27492620724062267,0.0025000000000000005,0.1200057168347973,2,0.049873773008584976,0.5575742721557617,400,5000,0.0482349693775177,5000,5000,8,outer,64,0.0,d0bdaf461885,-0.17665399330094433
additive,rep_regime_antisym,antisymmetric,latent,identity,0.1,10,1988,0,48,True,202,80,320,431,2,6.3125,0,0.0033161165179842926,0.04550618789590327,0.537191783914593,0.326616489643581,0.35923322811572345,0.5993606828243937,0.23291305572768842,0.8515427955219129,0.002478796888341887,0.039585938275626786,0.5082298778617392,0.28678877898000604,0.0024253168762445347,0.039634618711541086,0.30743404165323485,0.554467349492497,0.1886502116972204,0.871404993026276,0.0,0.0,0.0,0.7313235304340895,,,,,,,0.9999999999990651,,,,,0.265625,,0.0,0.0,0.0,0.0,0.0,0.004244198165051323,0.052224151770829105,0.5381582523767883,0.3316119126555638,0.36018690097287603,0.6001557306007134,0.23848265902731886,0.8511486794010237,0.0,0.0,0.0,0.7313235304340895,,,,,,,0.9999999999990651,,,,,0.265625,,0.358554043787466,0.0025000000000000005,0.14752824333694572,2,0.3074360489845276,0.28221777081489563,4960,5000,0.3074340224266052,5000,5000,8,outer,64,0.0,2eda9c0b0b57,0.0
shared_pair,rep_regime_antisym,antisymmetric,latent,identity,0.1,9,13396,11408,76,True,202,67,266,333,1,6.3125,0,0.004553483827127513,0.05379183233324104,0.8233476283152481,0.5066614141966446,0.5504162468192079,0.7419004291811725,0.3557048869088434,0.7670208652778441,0.003396555731494065,0.04582069226217165,0.07480581106295892,0.1693924397109278,0.0033478002009865266,0.0470281561125963,0.046450613641881106,0.21552404423145252,0.12044795144982039,0.9785109922877018,0.015940386801958084,0.4585566520690918,0.0,0.8240694410768805,,,,,0.07001350844766024,0.17285932660780637,1.0984387278585723,0.5292781602668748,0.29348193872408196,0.5233160621761659,0.273673101532793,0.2744360902255639,,0.0,0.0,0.0,0.0,0.025096779689192772,0.003725811957939325,0.048575576107541825,0.8819172700114621,0.5295557266724956,0.5891867839936212,0.7675850337217508,0.369229009817511,0.7506101465612236,0.008383789099752903,0.5158594846725464,0.0,0.8240694410768805,,,,,0.07082397898934274,0.13551448049846898,1.137398456216648,0.43658173042799353,0.2429457647130336,0.4969124849173113,0.2694085608020181,0.2744360902255639,,0.454204427814432,0.0025000000000000005,0.19199045027329384,2,0.04713533818721771,0.36184820532798767,880,5000,0.04645061120390892,5000,5000,8,outer,64,0.0,0cc9527fdc42,-0.21033662077279902
unconstrained,rep_regime_antisym,antisymmetric,latent,identity,0.1,10,13396,11408,76,True,202,80,320,431,2,6.3125,0,0.008413202626114785,0.06935661769630429,0.5494590061178468,0.44431074939450743,0.3691104049539361,0.607544570343556,0.3193260388284397,0.847460940206835,0.005411217561181318,0.056830463887326245,0.057434877378165404,0.16090625267882955,0.004687784532737035,0.052418389036147456,0.03671160390780987,0.1916027241659415,0.11916515923253801,0.9846440916719746,0.027051657438278198,0.5055086016654968,0.0,0.7313235304340895,,,,,0.31540129523453103,0.3032706618228694,1.0060887416311022,0.5755694618272841,0.3290521155410274,0.5996996245306633,0.36570621188135083,0.265625,,0.0,0.0,0.0,0.0,0.022025346755981445,0.005543911091399373,0.05892134778841098,0.5842451841861596,0.4552677133368457,0.39134475982123945,0.6255755428573271,0.32315225815403414,0.8382723409664823,0.02332807332277298,0.5565688014030457,0.0,0.7313235304340895,,,,,0.30577779473732325,0.28807706252014176,1.040017593975866,0.5699624530663329,0.3222862486128909,0.611514392991239,0.41066292027984513,0.265625,,0.358554043787466,0.0025000000000000005,0.14752824333694572,2,0.050311602652072906,0.3953652083873749,1420,5000,0.03671160340309143,5000,5000,8,outer,64,0.0,074ee4f789dd,-0.027495164882216372
algebra,rep_regime_antisym,antisymmetric,latent,identity,0.1,9,13324,11336,48,True,202,67,266,333,1,6.3125,0,0.019877861776906897,0.10559858858796616,0.84744176200517,0.527500351816596,0.5715871285957489,0.7560338144526003,0.3868664307403861,0.7580596949887998,0.007787622159344352,0.06885091244389828,0.07811861400547034,0.1932107299632993,0.007748058351309024,0.06680289620818053,0.050192381296837854,0.2240365624107767,0.14364239488979688,0.976779973735075,0.0645354837179184,0.4570171535015106,0.0,0.8240694410768805,,,,,0.11710179216423451,0.2507969095943165,1.104084298315089,0.5605081978848747,0.306126470974065,0.4932926396479522,0.2606277832250527,0.2744360902255639,,0.0,0.0,0.0,0.0,0.0,0.0043045763603474,0.052345171766506056,0.9597730652456289,0.5563825846201013,0.641283568950535,0.8008018287632309,0.38837011366890284,0.7285587192074545,0.0075689698569476604,0.6062117218971252,0.0,0.8240694410768805,,,,,0.11920513484767117,0.26150206978119456,1.1867130035899431,,,0.49173113776705224,0.26443813221831813,0.2744360902255639,,0.454204427814432,0.0025000000000000005,0.19199045027329384,2,0.07111043483018875,0.44606128334999084,500,5000,0.05019238591194153,5000,5000,8,outer,64,0.0,d0bdaf461885,-0.25689028566964134
additive,rep_regime_antisym,antisymmetric,latent,identity,0.1,11,1988,0,48,True,202,68,273,341,1,6.3125,0,0.0031832046424281712,0.04596252205301411,0.5440435336558178,0.3267417710847314,0.36375675731802126,0.6031225060615971,0.23314868807415892,0.8497276074032876,0.0024104967511866895,0.038216649083412144,0.36336886781882705,0.25840886538584,0.0021299058068773,0.03636684143454015,0.2200362043495313,0.46908016836094374,0.1708125710187152,0.8971741808044167,0.0,0.0,0.0,0.7357960822138594,,,,,,,0.9999999999990764,,,,,0.27106227106227104,,0.0,0.0,0.0,0.0,0.0,0.0032110578134792117,0.0461555223681136,0.5440595625425527,0.3268505505911494,0.36377672763286156,0.6031390616042552,0.23328554118347078,0.8497193574204857,0.0,0.0,0.0,0.7357960822138594,,,,,,,0.9999999999990764,,,,,0.27106227106227104,,0.3631247420014258,0.0025000000000000005,0.14953882040654398,2,0.22003847360610962,0.3679754137992859,4950,5000,0.22003620862960815,5000,5000,8,outer,64,0.0,2eda9c0b0b57,0.0
shared_pair,rep_regime_antisym,antisymmetric,latent,identity,0.1,10,13396,11408,76,True,202,80,320,431,2,6.3125,0,0.008033310393599771,0.07022754791492683,0.6682647276124535,0.4690971470101794,0.44818758853950225,0.6694681385544067,0.3361406139784286,0.8147813975189525,0.0054644809239167424,0.05684156978309189,0.05939565163978317,0.16047527011923182,0.004505687979066782,0.049808769815354086,0.03789258573099083,0.19466018013705533,0.11865935446647297,0.9841501048480982,0.027443502098321915,0.578355610370636,0.0,0.7313235304340895,,,,,0.2824544161942304,0.27637165646148887,1.1099149842497569,0.5843304130162703,0.3411804290562196,0.5880851063829787,0.36476518141864145,0.265625,,0.0,0.0,0.0,0.0,0.021764764562249184,0.008250520844010779,0.06934733872269491,0.7142907059435343,0.49866578883642454,0.4789439775770264,0.6920577848540007,0.35555963879851465,0.8020709710355749,0.02738773077726364,0.603101372718811,0.0,0.7313235304340895,,,,,0.25443973915165563,0.24052859402923854,1.1486974598478739,0.5426282853566958,0.31191116305406696,0.5766708385481851,0.3584265388671652,0.265625,,0.358554043787466,0.0025000000000000005,0.14752824333694572,2,0.04195946082472801,0.3358367681503296,1670,5000,0.03789258748292923,5000,5000,8,outer,64,0.0,0cc9527fdc42,-0.247622862980601
unconstrained,rep_regime_antisym,antisymmetric,latent,identity,0.1,11,13396,11408,76,True,202,68,273,341,1,6.3125,0,0.005670868686517339,0.060285574947385547,0.6258153592059149,0.44961448939478466,0.4191005290327824,0.6473797409811203,0.31983818457898494,0.8268644142842868,0.004106645646125668,0.050037661656527586,0.04403048850600465,0.14755655037859478,0.003472016688492268,0.04674736678096059,0.028119505738816067,0.16768871679041517,0.10852579922619753,0.9868593842476231,0.019858263432979584,0.41936373710632324,0.0,0.7357960822138594,,,,,0.1705928684635832,0.3129523707293136,1.0699352563368887,0.47725112046720086,0.27751011634891726,0.5718457150617955,0.3184761755242478,0.27106227106227104,,0.0,0.0,0.0,0.0,0.008234442211687565,0.004997257381657181,0.056272157906859306,0.6002272624116265,0.43474874360875365,0.4018172607349699,0.6338905747327136,0.3085898817081222,0.8340043450945138,0.018069438636302948,0.45543625950813293,0.0,0.7357960822138594,,,,,0.25183268241949114,0.372261299241763,1.049083175888693,0.46604644845850873,0.27834816298390397,0.5816922450088279,0.32916714880124887,0.27106227106227104,,0.3631247420014258,0.0025000000000000005,0.14953882040654398,2,0.04090962931513786,0.33185550570487976,3000,5000,0.028119506314396858,5000,5000,8,outer,64,0.0,074ee4f789dd,-0.15214499964979566
algebra,rep_regime_antisym,antisymmetric,latent,identity,0.1,10,13324,11336,48,True,202,80,320,431,2,6.3125,0,0.008685245613215719,0.0712650871835016,0.48944043338017307,0.41907649438808736,0.3291887041245206,0.573749687690129,0.30313935865322544,0.863959035703826,0.0059781028314800705,0.05948942087162252,0.051252183508751825,0.16072746289026757,0.005584133741599658,0.05717640057317204,0.03324006487904043,0.18231858072900972,0.12031350397077441,0.9860961839100805,0.031748492270708084,0.5099064707756042,0.0,0.7313235304340895,,,,,0.4300032849245457,0.4110009924413325,0.9470877024256118,0.5028035043804756,0.31176971166546086,0.6175219023779724,0.381126880411075,0.265625,,0.0,0.0,0.0,0.0,0.0,0.0057718143994201845,0.058514413100148356,0.63092493962999,0.46522454848011535,0.42254056455313344,0.6500312027534781,0.3296545033534597,0.8253803209653443,0.020218107849359512,0.64579838514328,0.0,0.7313235304340895,,,,,0.3297587180331654,0.3299423395248,1.0813436620854542,,,0.60360450563204,0.3806899333783872,0.265625,,0.358554043787466,0.0025000000000000005,0.14752824333694572,2,0.03365478664636612,0.2739148437976837,670,5000,0.03324006497859955,5000,5000,8,outer,64,0.0,d0bdaf461885,0.08363514741883593
additive,rep_regime_antisym,antisymmetric,latent,identity,0.1,12,1988,0,48,True,202,70,279,349,2,6.3125,0,0.003275066116041984,0.045566085831039514,0.5288944076184389,0.31937975250994444,0.3536879604509731,0.5947167060466463,0.22810853028364284,0.8367042692003452,0.0024216042470869923,0.03887314566777431,0.43239761217386014,0.2841481720354813,0.0026864148571894434,0.04116421801674523,0.26171601481643464,0.5115818749881925,0.1869891744482038,0.870602029734393,0.0,0.0,0.0,0.7250544289708886,,,,,,,0.9999999999990489,,,,,0.23297491039426524,,0.0,0.0,0.0,0.0,0.0,0.0032752467179049437,0.04558999332712808,0.5288927848945537,0.31936724147175266,0.3536869388356708,0.5947158471368245,0.2281081587568778,0.8367047408743519,0.0,0.0,0.0,0.7250544289708886,,,,,,,0.9999999999990489,,,,,0.23297491039426524,,0.3531496923834609,0.0025000000000000005,0.16180685358154231,2,0.26172304153442383,0.24336691200733185,4940,5000,0.2617160379886627,5000,5000,8,outer,64,0.0,2eda9c0b0b57,0.0
shared_pair,rep_regime_antisym,antisymmetric,latent,identity,0.1,11,13396,11408,76,True,202,68,273,341,1,6.3125,0,0.005959276911171525,0.06015859613331961,0.608089709105746,0.4284211600112365,0.40737956504088796,0.6382629278290319,0.3056669720519309,0.831706488739723,0.0038506112775145603,0.048480654654359995,0.07019439077657022,0.16280304022901135,0.003610955589865789,0.04702660218312056,0.04383202762618466,0.20936099834062852,0.11727645228719558,0.9795167156196426,0.019645515829324722,0.39739349484443665,0.0,0.7357960822138594,,,,,0.19163266948848479,0.27560082146277937,1.0537845379330135,0.5630177916610077,0.31105747517817495,0.6079722939019421,0.3261529872642468,0.27106227106227104,,0.0,0.0,0.0,0.0,0.016667349264025688,0.0038627989729594268,0.04979109384493462,0.6848519121761919,0.4210861333811472,0.4578555411084478,0.6766502354307192,0.29732112020240964,0.8108542419024356,0.013827894814312458,0.47940874099731445,0.0,0.7357960822138594,,,,,0.15389654987786094,0.2803508615686589,1.1217900579897793,0.5009506994431617,0.29782779875136267,0.5881434198017113,0.3263892911885656,0.27106227106227104,,0.3631247420014258,0.0025000000000000005,0.14953882040654398,2,0.06037593260407448,0.356417715549469,2410,5000,0.04383202642202377,5000,5000,8,outer,64,0.0,0cc9527fdc42,-0.11992301681073281
unconstrained,rep_regime_antisym,antisymmetric,latent,identity,0.1,12,13396,11408,76,True,202,70,279,349,2,6.3125,0,0.004504803730733801,0.05314682286289733,0.6478209357404857,0.45805817574858493,0.43338222507056834,0.6583177234972246,0.32308772478668907,0.7999098779945927,0.0030208314824664464,0.04415488983485447,0.0610727643306509,0.16084153788202368,0.003382822740700907,0.046199944388412906,0.03805985881260605,0.19508936109538635,0.11471054551020386,0.9811823954204673,0.010476792231202126,0.515650749206543,0.0,0.7250544289708886,,,,,0.20569858203219674,0.2932926930345125,1.1072311342025731,0.5901509705248024,0.2828088892739793,0.5348670021567219,0.2599957277339513,0.23297491039426524,,0.0,0.0,0.0,0.0,0.012906229123473167,0.0046154855790660676,0.05390498209243921,0.6976618389503171,0.473011763933724,0.4666463878265667,0.6831152083115751,0.33330950331996245,0.7845520021999136,0.010527098551392555,0.5519591569900513,0.0,0.7250544289708886,,,,,0.1916966608182397,0.28511145001049853,1.1490286754429702,0.5110352264557871,0.24650401872272154,0.5437095614665708,0.2579003506743528,0.23297491039426524,,0.3531496923834609,0.0025000000000000005,0.16180685358154231,2,0.04181497544050217,0.32323703169822693,990,5000,0.03805986046791077,5000,5000,8,outer,64,0.0,074ee4f789dd,-0.22532365681314204
algebra,rep_regime_antisym,antisymmetric,latent,identity,0.1,11,13324,11336,48,True,202,68,273,341,1,6.3125,0,0.004975359871147728,0.05690394407274183,0.6858544493251387,0.46094150915094945,0.4588947528404751,0.677417709275802,0.32626232079154693,0.8104249307480871,0.0037017111060728097,0.048179447072161055,0.0431978994187965,0.14619727306484273,0.002899884864127179,0.042531348521900686,0.027440730805857665,0.16565243978238794,0.10674321333160394,0.9871765847225958,0.01579943299293518,0.4199239909648895,0.0,0.7357960822138594,,,,,0.07049198731010711,0.1616862635003468,1.1213504878653988,,,0.6038299606138802,0.35183561564436217,0.27106227106227104,,0.0,0.0,0.0,0.0,0.0,0.004286543054803459,0.052661742212948004,0.7344708417286407,0.47275077295773493,0.4910760755040282,0.7007682038334989,0.33272109604280586,0.7971304303538277,0.015105200000107288,0.4549088478088379,0.0,0.7357960822138594,,,,,0.026474563516302205,0.1289151890402427,1.1612673982662256,,,0.6031508895830504,0.3420208337132957,0.27106227106227104,,0.3631247420014258,0.0025000000000000005,0.14953882040654398,2,0.055632006376981735,0.37304508686065674,2590,5000,0.027440732344985008,5000,5000,8,outer,64,0.0,d0bdaf461885,-0.2615428953785115
shared_pair,rep_regime_antisym,antisymmetric,latent,identity,0.1,12,13396,11408,76,True,202,70,279,349,2,6.3125,0,0.005181498971167707,0.05717010080076293,0.6575863180433709,0.4674009196664898,0.44011804501930313,0.6634139318851414,0.33065731337791426,0.7967999880236107,0.0032100183733514693,0.044859044503197255,0.07831486460708299,0.17000129983176654,0.0035539569906305607,0.047245548217184144,0.048529973522505786,0.220295196321903,0.12054592120534229,0.976005747774891,0.022285738959908485,0.524076521396637,0.0,0.7250544289708886,,,,,0.18177382134734194,0.26836645890660743,1.1148884987343584,0.5737598849748383,0.2727658242153438,0.48713156002875635,0.23218169117368817,0.23297491039426524,,0.0,0.0,0.0,0.0,0.03468776494264603,0.003984903120358351,0.050413939701508544,0.7031995954283862,0.47731857220412294,0.4701280313257103,0.6856588301230505,0.3350170280365848,0.7829445470893365,0.008322461508214474,0.5441057085990906,0.0,0.7250544289708886,,,,,0.14527472850486067,0.23059280686050238,1.1543990049830999,0.5443565780014378,0.25980742176381044,0.5269590222861251,0.24759782352090634,0.23297491039426524,,0.3531496923834609,0.0025000000000000005,0.16180685358154231,2,0.07341808080673218,0.32024046778678894,620,5000,0.0485299751162529,5000,5000,8,outer,64,0.0,0cc9527fdc42,-0.24436818391591997
algebra,rep_regime_antisym,antisymmetric,latent,identity,0.1,12,13324,11336,48,True,202,70,279,349,2,6.3125,0,0.004686143588951316,0.05441930550569231,0.7495489272267721,0.4987583799867123,0.501261332680832,0.7079981162975166,0.35064535515970563,0.7685704779507994,0.0035309916266639567,0.04687377147214336,0.05077497666930389,0.15573028973979938,0.0034530462027666103,0.04632733202576435,0.03201096394024172,0.17891608072010107,0.11246043006253856,0.9841730978403516,0.010761715471744537,0.6272792816162109,0.0,0.7250544289708886,,,,,0.21939521232417578,0.3533029742860301,1.1916873767920253,0.4877426312005752,0.22933553901295836,0.5447879223580159,0.2541288579974129,0.23297491039426524,,0.0,0.0,0.0,0.0,0.0,0.004155316369109954,0.05183871670994877,0.738393219013158,0.49575164236627106,0.493647251465142,0.702600349747381,0.347780667147497,0.7720858561810865,0.006850380450487137,0.6302109956741333,0.0,0.7250544289708886,,,,,0.23278565482002805,0.342465106256009,1.1824485942406004,,,0.5304097771387492,0.2567554272355661,0.23297491039426524,,0.3531496923834609,0.0025000000000000005,0.16180685358154231,2,0.05744296312332153,0.3377918004989624,890,5000,0.03201096132397652,5000,5000,8,outer,64,0.0,d0bdaf461885,-0.4172417179303871
additive,rep_regime_antisym,antisymmetric,latent,identity,0.1,13,1988,0,48,True,202,71,286,357,1,6.3125,0,0.0027820963296382095,0.04220851916171226,0.4668043350696521,0.3132779278703713,0.31213025548964746,0.5586861869508207,0.22292145830081828,0.8689723505606236,0.0024358714563951795,0.03914765893248761,0.6036724975106059,0.2945005528104966,0.00219114572764455,0.03732263683755795,0.3649492065000684,0.6041102602175106,0.19294731223493555,0.833955255399518,0.0,0.0,0.0,0.6817598717792775,,,,,,,0.9999999999989243,,,,,0.27972027972027974,,0.0,0.0,0.0,0.0,0.0,0.009478364558527927,0.0799806101279387,0.47328523829661945,0.33644822498790283,0.31868294705058897,0.5645201033183752,0.2509590200345814,0.8662216278811303,0.0,0.0,0.0,0.6817598717792775,,,,,,,0.9999999999989243,,,,,0.27972027972027974,,0.3115795402181117,0.0025000000000000005,0.13024940411403377,2,0.364953875541687,0.3162469267845154,4660,5000,0.36494922637939453,5000,5000,8,outer,64,0.0,2eda9c0b0b57,0.0
unconstrained,rep_regime_antisym,antisymmetric,latent,identity,0.1,13,13396,11408,76,True,202,71,286,357,1,6.3125,0,0.003463187970279612,0.04706757356472662,0.7002615623573955,0.4375878164043776,0.4679954375616902,0.6841019204487663,0.307414402124494,0.8035424600673018,0.0028676714948184753,0.042534663411769195,0.05237262757556096,0.1442370089022776,0.0024460247954890945,0.039483581153512116,0.03267814443192726,0.18077097231559955,0.10356821313361537,0.9851320840008019,0.020820356905460358,0.47438153624534607,0.0,0.6817598717792775,,,,,-0.031402082468579534,0.15856325959021722,1.2245671063340828,0.49120145631067963,0.3168899959020482,0.5413228155339805,0.3308083514408862,0.27972027972027974,,0.0,0.0,0.0,0.0,0.008650265634059906,0.00508342497364399,0.05690916191685222,0.733003273698673,0.4572031501092278,0.4903633241236633,0.7002594691424482,0.32377182071176924,0.7941527532138464,0.013778400607407093,0.51301509141922,0.0,0.6817598717792775,,,,,-0.018758902249633738,0.1396570053822942,1.2497671769926877,0.5111650485436894,0.33818860743480117,0.5532766990291262,0.3399873160410622,0.27972027972027974,,0.3115795402181117,0.0025000000000000005,0.13024940411403377,2,0.0329190194606781,0.4771508574485779,830,5000,0.03267814591526985,5000,5000,8,outer,64,0.0,074ee4f789dd,-0.4993594159192696
additive,rep_regime_antisym,antisymmetric,latent,identity,0.1,14,1988,0,48,True,202,73,290,363,2,6.3125,0,0.0031330338370331693,0.044437508384124316,0.48723536433014386,0.3126678992014291,0.32586792083244037,0.5708484219409216,0.22325776892899418,0.8601216868151212,0.0024471438335967144,0.03942280890119847,0.6013240336735282,0.3574924398133889,0.0026485779915532024,0.04138072932030622,0.36358021141783775,0.602976128397997,0.23140107426738926,0.8499796602443712,0.0,0.0,0.0,0.6977634544355721,,,,,,,0.999999999998973,,,,,0.23793103448275862,,0.0,0.0,0.0,0.0,0.0,0.003217481127861223,0.044988432671301246,0.48730662663676183,0.31287354421518804,0.32594357813379493,0.5709146855124634,0.22357850703389245,0.8600892110327044,0.0,0.0,0.0,0.6977634544355721,,,,,,,0.999999999998973,,,,,0.23793103448275862,,0.32538005643791756,0.0025000000000000005,0.13897756739656034,2,0.36358365416526794,0.45418962836265564,4710,5000,0.36358022689819336,5000,5000,8,outer,64,0.0,2eda9c0b0b57,0.0
shared_pair,rep_regime_antisym,antisymmetric,latent,identity,0.1,13,13396,11408,76,True,202,71,286,357,1,6.3125,0,0.004659102234276685,0.054000545602746926,0.6489166963140288,0.4356462413760911,0.4341641649541115,0.6589113483270048,0.308431009451643,0.8177443262733186,0.003831307929901059,0.049119196961478,0.051323001042445374,0.1506637422992596,0.00347294987825342,0.0469761895467958,0.03243385882865099,0.18009402774287378,0.11014433702405131,0.985243229168083,0.032984938472509384,0.555201530456543,0.0,0.6817598717792775,,,,,0.1906158327220388,0.32824838832541015,1.1769533115607484,0.5157160194174757,0.3336877891934974,0.5649878640776699,0.3350361245344503,0.27972027972027974,,0.0,0.0,0.0,0.0,0.032308317720890045,0.003694623368326222,0.048669595270070476,0.6678446445745829,0.44908498873018154,0.44646130417249735,0.6681775992746969,0.3156131909101445,0.8125821697111928,0.02014320343732834,0.5676102042198181,0.0,0.6817598717792775,,,,,0.16053287227088803,0.27445250513286457,1.1964909445578977,0.5523665048543689,0.3486250994416038,0.5586771844660193,0.32000739315581206,0.27972027972027974,,0.3115795402181117,0.0025000000000000005,0.13024940411403377,2,0.03706798702478409,0.2777182459831238,930,5000,0.03243386000394821,5000,5000,8,outer,64,0.0,0cc9527fdc42,-0.3909711004241676
algebra,rep_regime_antisym,antisymmetric,latent,identity,0.1,13,13324,11336,48,True,202,71,286,357,1,6.3125,0,0.019583847071231352,0.10837802155882412,0.601935493267408,0.44884503655204405,0.4078182778686824,0.6386065125479714,0.3353560315543041,0.8288039387155142,0.011513540304989325,0.08404370260003043,0.07545958103863062,0.19677860389385926,0.010944803744320053,0.08028370016118319,0.05001772137440462,0.22364642043727107,0.15166200105767316,0.977242915936825,0.030647287145256996,0.41511261463165283,0.0,0.6817598717792775,,,,,0.09306495462463037,0.1872421545078798,1.118116563391491,0.5124393203883495,0.3191329920177241,0.5638956310679611,0.3393271516318461,0.27972027972027974,,0.0,0.0,0.0,0.0,0.0,0.00312011207984139,0.044796582328604576,0.6442272909913815,0.4582076751316463,0.4305248980208682,0.6561439613536562,0.32040397753063243,0.8192720365274793,0.016502732411026955,0.5226525664329529,0.0,0.6817598717792775,,,,,0.1313544652126299,0.14356670287350645,1.1742057865113245,,,0.5592839805825243,0.3517423304652161,0.27972027972027974,,0.3115795402181117,0.0025000000000000005,0.13024940411403377,2,0.08549154549837112,0.3700735569000244,360,5000,0.05001772567629814,5000,5000,8,outer,64,0.0,d0bdaf461885,-0.30656439321758944
unconstrained,rep_regime_antisym,antisymmetric,latent,identity,0.1,14,13396,11408,76,True,202,73,290,363,2,6.3125,0,0.015096446264994965,0.08995727948656743,0.8044602922582405,0.5594193478142958,0.541339010260492,0.7357574398268033,0.402931991705053,0.7676310468886409,0.009930391942287425,0.0745937276520981,0.0847230257668443,0.21174547110673433,0.00833588983283886,0.06900904109417103,0.054876923181266926,0.2342582403700389,0.15676071931771854,0.9773567031376854,0.0250245314091444,0.630813717842102,0.0,0.6977634544355721,,,,,0.1121155006236868,0.20023912703869945,1.2732023630040512,0.5143288084464555,0.24654548192761805,0.5345924322906419,0.26649551238728114,0.23793103448275862,,0.0,0.0,0.0,0.0,0.025046195834875107,0.01378571248072525,0.08560105054745379,0.9957247983278985,0.6049824742986428,0.6684117697121742,0.8175645355029622,0.4318553330482465,0.7130852566849197,0.024717090651392937,0.7884283065795898,0.0,0.6977634544355721,,,,,0.12038342838470795,0.20771073992843408,1.4213325586237087,0.5303298576955865,0.27130622154012807,0.5730211817168339,0.30141977022130806,0.23793103448275862,,0.32538005643791756,0.0025000000000000005,0.13897756739656034,2,0.08801732212305069,0.7696759700775146,860,5000,0.05487692356109619,5000,5000,8,outer,64,0.0,074ee4f789dd,-0.6612221567487331
additive,rep_regime_antisym,antisymmetric,latent,identity,0.1,15,1988,0,48,True,202,64,254,318,1,6.3125,0,0.0030420358930938122,0.043908548598002015,0.32491889059601103,0.23491555624640678,0.2176266056950386,0.4665046684600687,0.1712465536969385,0.9040528845803304,0.0026200185773730096,0.04099594467009562,0.5707072178225154,0.2970719268508105,0.002644745274894817,0.041012236775658795,0.3451704827619685,0.58751211286404,0.19540749615631187,0.8352604185033694,0.0,0.0,0.0,0.5679520642732239,,,,,,,0.9999999999984499,,,,,0.18503937007874016,,0.0,0.0,0.0,0.0,0.0,0.003023991516329443,0.043821396368016644,0.3249069890593604,0.23491013382396284,0.21761265654501674,0.46648971751263363,0.17121388800531415,0.9040590344750221,0.0,0.0,0.0,0.5679520642732239,,,,,,,0.9999999999984499,,,,,0.18503937007874016,,0.2170713672313001,0.0025000000000000005,0.09482587587817098,2,0.3451728820800781,0.36667099595069885,4850,5000,0.3451704978942871,5000,5000,8,outer,64,0.0,2eda9c0b0b57,0.0
shared_pair,rep_regime_antisym,antisymmetric,latent,identity,0.1,14,13396,11408,76,True,202,73,290,363,2,6.3125,0,0.010737749513989352,0.0783974569371327,1.1740130595345313,0.660957171725252,0.7862546228610173,0.8867099993013597,0.4667706001292123,0.6625013898309946,0.0076984201508249785,0.06587488485330836,0.08075196304582641,0.19837125448607415,0.0062140060782257915,0.06073749891840065,0.05160682138804024,0.22717134807902215,0.14527748281122374,0.9787060113966313,0.021229134872555733,0.8383291959762573,0.0,0.6977634544355721,,,,,0.03995897351227529,0.14649852329212984,1.5438221933057923,0.46271886681093843,0.23699497410046133,0.5160994163551709,0.27170952095160716,0.23793103448275862,,0.0,0.0,0.0,0.0,0.037519484758377075,0.010417289819226735,0.07698405587376693,1.1740787482798687,0.6669238748640057,0.7861915954596544,0.8866744585583,0.47027726853392615,0.6625284442479024,0.01974976249039173,0.8429979681968689,0.0,0.6977634544355721,,,,,0.045390671470886455,0.13445840308897025,1.5438638434179568,0.5183946488294314,0.25411354013586096,0.5231818479900321,0.28039134360736506,0.23793103448275862,,0.32538005643791756,0.0025000000000000005,0.13897756739656034,2,0.05372099205851555,0.7387372851371765,2050,5000,0.05160681903362274,5000,5000,8,outer,64,0.0,0cc9527fdc42,-1.412801545032429
algebra,rep_regime_antisym,antisymmetric,latent,identity,0.1,14,13324,11336,48,True,202,73,290,363,2,6.3125,0,0.006395812294333244,0.06258667691942954,0.7820383140831139,0.5367946996401097,0.5234908134868537,0.7235266501566157,0.3787253587332163,0.7752923584154422,0.0045905376753585005,0.053014814197358866,0.05224089526096046,0.16483832742410293,0.004043978715814604,0.050126622960788125,0.033270783483078464,0.18240280557896707,0.1201668367413351,0.9862718209481119,0.02443009242415428,0.5926936268806458,0.0,0.6977634544355721,,,,,0.08672165621306578,0.1803909677879642,1.2653432327226772,,,0.5749885238376287,0.2945904423586645,0.23793103448275862,,0.0,0.0,0.0,0.0,0.0,0.006621407521512715,0.061732811525886826,0.9589118686475057,0.6036214711816938,0.6414817149388413,0.8009255364506999,0.42299191796309155,0.7246449420508416,0.020895354449748993,0.7798607349395752,0.0,0.6977634544355721,,,,,0.14897437259588964,0.14458882819140495,1.3996541854797682,,,0.5692832316873238,0.2928998029789913,0.23793103448275862,,0.32538005643791756,0.0025000000000000005,0.13897756739656034,2,0.036569442600011826,0.566487729549408,1330,5000,0.03327077999711037,5000,5000,8,outer,64,0.0,d0bdaf461885,-0.606450896269811
unconstrained,rep_regime_antisym,antisymmetric,latent,identity,0.1,15,13396,11408,76,True,202,64,254,318,1,6.3125,0,0.01236426184931721,0.08626854235254423,0.4509058346189257,0.4150060166344195,0.30472531036238953,0.5520193025269946,0.3054268585404611,0.865652848688889,0.008869343126502673,0.07457450894133463,0.07903376939460421,0.19240505027029065,0.007549558153293002,0.06548871281157628,0.051051375923558795,0.22594551538713664,0.14475666975416102,0.9756347001714109,0.04105832800269127,0.49643242359161377,0.0,0.5679520642732239,,,,,0.2620633928184994,0.2433645718721337,1.1670177127093073,0.6240106896906157,0.3155844495462697,0.6067427279268168,0.32805951194921507,0.18503937007874016,,0.0,0.0,0.0,0.0,0.02012140117585659,0.009582491930763796,0.07378815348904873,0.6769837542950171,0.5061852313569306,0.4545166668402659,0.6741785125916324,0.3620528720676366,0.7996129059946059,0.029385529458522797,0.6622087955474854,0.0,0.5679520642732239,,,,,0.1409505180753207,0.15090374514624869,1.4391071537559363,0.5819714256347003,0.32600331702051716,0.5610031863500873,0.2452022894557599,0.18503937007874016,,0.2170713672313001,0.0025000000000000005,0.09482587587817098,2,0.07976726442575455,0.2889944016933441,560,5000,0.05105138197541237,5000,5000,8,outer,64,0.0,074ee4f789dd,-0.40022084794817236
additive,rep_regime_antisym,antisymmetric,latent,identity,0.1,16,1988,0,48,True,202,76,302,378,2,6.3125,0,0.003110117666300152,0.04534491379748372,0.5447847610676142,0.32705557357982706,0.36422654660050957,0.60351184462321,0.23315202031904594,0.8518378525625682,0.0023888324104072325,0.03894322015422708,0.7590314121981986,0.40847600964187053,0.002399455735093395,0.03870021707414345,0.4586340296149559,0.6772252428955642,0.26174276456599216,0.8167702745708828,0.0,0.0,0.0,0.7349722584166032,,,,,,,0.9999999999990744,,,,,0.2682119205298013,,0.0,0.0,0.0,0.0,0.0,0.003102848614861081,0.0452861888387091,0.5447661011438675,0.3269600529476842,0.36421168363419865,0.6034995307655165,0.2330687649113592,0.8518438986045891,0.0,0.0,0.0,0.7349722584166032,,,,,,,0.9999999999990744,,,,,0.2682119205298013,,0.36363171263403254,0.0025000000000000005,0.14657690674174204,2,0.4586379826068878,0.3992950916290283,4890,5000,0.45863401889801025,5000,5000,8,outer,64,0.0,2eda9c0b0b57,0.0
shared_pair,rep_regime_antisym,antisymmetric,latent,identity,0.1,15,13396,11408,76,True,202,64,254,318,1,6.3125,0,0.012464829417242475,0.08568834622827387,0.5144324046299203,0.4226201068228518,0.3471098795590278,0.5891603173661883,0.31030951995799244,0.8469663597840283,0.008820633475557022,0.07159970600465924,0.08700235397813678,0.20028745772258563,0.007756717629108844,0.06449749963257498,0.05586141626491454,0.2363501983602183,0.1485180798647023,0.9733390113092687,0.04277961328625679,0.5324572324752808,0.0,0.5679520642732239,,,,,0.1991197986050317,0.26130747839268287,1.2473443004201175,0.5651146058176586,0.25268147174598515,0.5737485866995581,0.2527703439037752,0.18503937007874016,,0.0,0.0,0.0,0.0,0.052463945001363754,0.008212499658536168,0.07080468983539963,0.7110031137897748,0.4855011709908121,0.47673957574602854,0.6904633051408514,0.3472690106056746,0.7898152803829199,0.03454948961734772,0.6914077997207642,0.0,0.5679520642732239,,,,,0.11794619966003148,0.18330108178467924,1.4753253801653003,0.6337753109260973,0.28110988642484097,0.6036591633261383,0.2511231195781191,0.18503937007874016,,0.2170713672313001,0.0025000000000000005,0.09482587587817098,2,0.07355789840221405,0.3167852461338043,530,5000,0.05586141720414162,5000,5000,8,outer,64,0.0,0cc9527fdc42,-0.5949790626493288
algebra,rep_regime_antisym,antisymmetric,latent,identity,0.1,15,13324,11336,48,True,202,64,254,318,1,6.3125,0,0.010247407116544366,0.07855909570702985,0.4389438555800045,0.4032816201512403,0.29604503942551774,0.5441002108302456,0.2950407786698368,0.869479802451248,0.0070747977903880864,0.06560037673611774,0.05633980672681773,0.17129575637160582,0.007237492524816244,0.06264549873100847,0.036796403869971635,0.1918238876416898,0.12905085610986428,0.9824381733756175,0.04296807199716568,0.47301557660102844,0.0,0.5679520642732239,,,,,0.2171710465836273,0.25020568371757523,1.153139260369406,0.41186144516394285,0.1690288125818421,0.6406619385342789,0.3157980064812097,0.18503937007874016,,0.0,0.0,0.0,0.0,0.0,0.007126369622901536,0.06692883503101756,0.6892634513843076,0.49702517700420584,0.46188442413050557,0.6796207943629341,0.35365972967980974,0.7963646126305981,0.026845891028642654,0.6390848755836487,0.0,0.5679520642732239,,,,,0.07518480667559424,0.12856852553974812,1.4564665047025458,,,0.5979031760715386,0.22086316326191346,0.18503937007874016,,0.2170713672313001,0.0025000000000000005,0.09482587587817098,2,0.05008411034941673,0.2942245304584503,490,5000,0.03679640591144562,5000,5000,8,outer,64,0.0,d0bdaf461885,-0.36033477377470713
unconstrained,rep_regime_antisym,antisymmetric,latent,identity,0.1,16,13396,11408,76,True,202,76,302,378,2,6.3125,0,0.008642387630305632,0.07245803513589916,0.8496707943311657,0.5699724905359584,0.5693279920975456,0.7545382641705758,0.4041343387359387,0.7684055193320838,0.005323057491758735,0.05753274506576255,0.06018156097190209,0.1786627399717699,0.005137850077557222,0.05542547564458432,0.03838422485216026,0.1959189241807954,0.1303710326763171,0.9846650476712872,0.016801079735159874,0.7502079606056213,0.0,0.7349722584166032,,,,,0.2392488150750419,0.22894256049001527,1.2480204747913108,0.6438187810736831,0.3892118600462168,0.5876766661080386,0.3336967468940054,0.2682119205298013,,0.0,0.0,0.0,0.0,0.017776943743228912,0.00847454974718817,0.07188894268967147,0.8721316199898344,0.5792706331052331,0.5842459299089523,0.7643598170423092,0.41014340296671253,0.7623371156912576,0.017523033544421196,0.7713990211486816,0.0,0.7349722584166032,,,,,0.24151119366846593,0.23532523655657023,1.2647196755704524,0.6414725434333277,0.3867792358100993,0.5897435897435898,0.33946373773383165,0.2682119205298013,,0.36363171263403254,0.0025000000000000005,0.14657690674174204,2,0.041513942182064056,0.47938457131385803,2020,5000,0.038384225219488144,5000,5000,8,outer,64,0.0,074ee4f789dd,-0.563115037636164
shared_pair,rep_regime_antisym,antisymmetric,latent,identity,0.1,16,13396,11408,76,True,202,76,302,378,2,6.3125,0,0.013695644686409695,0.0903063607234631,0.8685741927829346,0.5845560924449629,0.5836146767507596,0.7639467761243316,0.41980618187112967,0.7625939004434055,0.007796441581770713,0.06910996918749424,0.0722697359697432,0.19934514627722644,0.007255751890729088,0.06656484476967742,0.04662122783925463,0.21591949388430548,0.14739672080169056,0.9813742674451639,0.024190885946154594,0.7041650414466858,0.0,0.7349722584166032,,,,,0.17040074853611936,0.23736050421833896,1.2539028499609393,0.5704709234120999,0.3251907753932584,0.5739344170716719,0.35422249585265875,0.2682119205298013,,0.0,0.0,0.0,0.0,0.037285540252923965,0.007442037179678358,0.06824429155589459,0.9745588000110755,0.6204577933854863,0.6521865457339432,0.807580674443082,0.43638662610895573,0.7346998453362963,0.022831059992313385,0.7701131701469421,0.0,0.7349722584166032,,,,,0.1524886267073804,0.19720247090164122,1.3347354655420223,0.5335456119769846,0.29794005263868606,0.6119769845260041,0.3228630722056944,0.2682119205298013,,0.36363171263403254,0.0025000000000000005,0.14657690674174204,2,0.11886867880821228,0.5216063857078552,1610,5000,0.04662122577428818,5000,5000,8,outer,64,0.0,0cc9527fdc42,-0.6023397585867869
algebra,rep_regime_antisym,antisymmetric,latent,identity,0.1,16,13324,11336,48,True,202,76,302,378,2,6.3125,0,0.01085432412744164,0.08192447972503036,0.7697494124593776,0.5557324421526193,0.5167843830153991,0.7188771682390526,0.39779645467675634,0.7897795076599101,0.007466516902332703,0.06774956811767902,0.06931175509176475,0.19686118202764394,0.006949788616152212,0.06454485767581788,0.04470891334742971,0.2114448234112855,0.14529582267192784,0.9821382597279986,0.010603442788124084,0.6552324891090393,0.0,0.7349722584166032,,,,,0.2148624979195854,0.2422236459196293,1.1839411622195934,0.5630691022847886,0.38763495341569576,0.5405843248980504,0.3068024690531592,0.2682119205298013,,0.0,0.0,0.0,0.0,0.0,0.00899192289675111,0.07564266980565909,0.9291692006328157,0.6124132803550829,0.622443441387461,0.7889508485244572,0.4334897435052749,0.7467989145902018,0.017921606078743935,0.7733286619186401,0.0,0.7349722584166032,,,,,0.1939416287350433,0.2155942717987449,1.3036337240117928,,,0.565890173733311,0.2974378946953223,0.2682119205298013,,0.36363171263403254,0.0025000000000000005,0.14657690674174204,2,0.0623910017311573,0.4375125467777252,690,5000,0.04470891132950783,5000,5000,8,outer,64,0.0,d0bdaf461885,-0.4188542483758544
unconstrained,rep_misspec_0.8,both,latent,identity,0.1,5,13396,11408,76,True,202,70,281,351,2,6.3125,0,0.46730737551286633,0.41719584445085034,0.9623845355920573,0.5719835147644222,0.7973588155656601,0.8929495033682813,0.5203876246598982,0.6969253813431909,0.0702168241547335,0.18268136672671226,0.07734342704959186,0.19968176417194694,0.02794316980102947,0.12587989021593704,0.07047597891724951,0.26547312277752244,0.18750653996728717,0.9721093462315501,0.3900989592075348,0.4489971399307251,0.5741386142827298,0.6593281742668791,0.15101373809614999,0.15101373809614999,0.16552139558026585,1.1181450292719677,0.1840422691665741,0.2956501692825233,1.1152651084349299,0.6429291232784683,0.25164068268834044,0.5584481021162244,0.22616201977367834,0.18505338078291814,0.17857142857142858,0.0,0.0,0.0,0.0,0.3513786494731903,0.4708619721761845,0.4268565692907889,0.9765345683857505,0.5784592271389936,0.8079770363158952,0.8988754286973781,0.5279250078562586,0.6928894151735457,0.4350937306880951,0.48288068175315857,0.5741386142827298,0.6593281742668791,0.1450138034004675,0.1450138034004675,0.13211257017382555,1.1629733622034526,0.21214001562007795,0.31837837618578885,1.1229617386740725,0.6273933490090695,0.2682181043440768,0.5577762848505207,0.23378379641364294,0.18505338078291814,0.25,0.6341871894312242,0.0025000000000000005,0.2404490387067162,2,0.07611870020627975,0.9127294421195984,930,5000,0.0704759806394577,5000,5000,8,outer,64,0.8,d8342dc42a10,
unconstrained,rep_misspec_0.3,both,latent,identity,0.1,5,13396,11408,76,True,202,70,281,351,2,6.3125,0,0.35898868461327194,0.3831580387694547,1.05288529865257,0.6092478475073317,0.8215864273061374,0.9064140484933678,0.5338845779280393,0.6840550222842976,0.047726584183405064,0.16039303531450874,0.07255876473290641,0.1983928511742531,0.02274360702167353,0.11377241608892379,0.060313584785864356,0.24558824236079455,0.17885304423525397,0.9756445848128653,0.4118494987487793,0.5595698356628418,0.5741386142827298,0.6593281742668791,0.21944585382382215,0.21944585382382215,0.3174024326926197,1.0844231992403468,0.11962513303387154,0.2874698482406516,1.240856936891869,0.534934497816594,0.2053270085373558,0.5377057440376217,0.1949439729627575,0.18505338078291814,0.14285714285714285,0.0,0.0,0.0,0.0,0.3112681806087494,0.3597728725710406,0.377190974315376,1.0564155394371582,0.6062586547354842,0.8242013171484522,0.9078553393291534,0.5299027612621149,0.6830494539283694,0.4101226329803467,0.5595365762710571,0.5741386142827298,0.6593281742668791,0.21984961893738636,0.21984961893738636,0.3178303713398738,1.0871896068495748,0.12007701577832874,0.2887543402308299,1.2404055595723336,0.5239334900906953,0.20108419906457828,0.5378736983540476,0.1951492973576054,0.18505338078291814,0.14285714285714285,0.6058841724681453,0.0025000000000000005,0.23233254996963112,2,0.0648404136300087,0.923348069190979,4930,5000,0.06031358614563942,5000,5000,8,outer,64,0.3,f3f8aa4d540d,
algebra,rep_misspec_0.8,both,latent,identity,0.1,5,13324,11336,48,True,202,70,281,351,2,6.3125,0,0.41884987896799675,0.40975276193302645,0.9521811674122013,0.5646595151838908,0.774404071264133,0.880002313215217,0.5130239307669359,0.7056504374154868,0.1470241767979474,0.21331284701762857,0.10980949583561236,0.22178468384810127,0.03401407899825483,0.13866720195977214,0.11378928520397177,0.3373266743143385,0.21129090790689448,0.9549682373350249,0.394387811422348,0.4664992690086365,0.5741386142827298,0.6593281742668791,0.23811303712143886,0.23811303712143886,0.3043602418630812,1.0638578474384583,0.1319238713109587,0.3154259375439431,1.1568046227028366,0.6030399731273093,0.23125680434159912,0.5424084648975478,0.2205636478078224,0.18505338078291814,0.17857142857142858,0.0,0.0,0.0,0.0,0.0,0.4542708577135107,0.42675230427613653,1.085712785289238,0.6040774611561851,0.8752321427639956,0.9355384239912307,0.5449690755295021,0.6673258729619747,0.45678362250328064,0.5471864342689514,0.5741386142827298,0.6593281742668791,0.23298272412864413,0.23298272412864413,0.3231776438901448,1.1150766755950485,0.09750783880256134,0.3001150634403833,1.2438960779538684,0.5662579778300303,0.2311040416840674,0.5778468256634196,0.24826130669758367,0.18505338078291814,0.25,0.6341871894312242,0.0025000000000000005,0.2404490387067162,2,0.12936995923519135,1.0207384824752808,1480,5000,0.11378929764032364,5000,5000,8,outer,64,0.8,6c3c73fec2c8,
algebra,rep_misspec_0.3,both,latent,identity,0.1,5,13324,11336,48,True,202,70,281,351,2,6.3125,0,0.39961510516580256,0.3982065615848504,1.0072449531311298,0.5653281224751429,0.8047016704760208,0.8970516542964629,0.5096209355117121,0.690548136025134,0.04407287597008507,0.14863706789531206,0.0834309000040376,0.2012097050053516,0.029626131671487005,0.12815127939638873,0.06642518951427394,0.25773084703673704,0.17838073196773727,0.9731766388078559,0.3989528715610504,0.4688265025615692,0.5741386142827298,0.6593281742668791,0.15330859036810082,0.15330859036810082,0.20143416910945489,1.134684764700793,0.1609152217746122,0.30363985032142926,1.1472626990384018,0.5536614040980854,0.2180943097860964,0.594222371514948,0.23993051715282004,0.18505338078291814,0.14285714285714285,0.0,0.0,0.0,0.0,0.0,0.4214318966251335,0.40037225526125575,1.1560192988811215,0.6124760109866917,0.9111568314624588,0.954545353276867,0.541774759078213,0.6496102963192584,0.4013555347919464,0.5882603526115417,0.5741386142827298,0.6593281742668791,0.1112993987134749,0.1112993987134749,0.15568407987106403,1.16708460311783,0.1088672029922293,0.17265992601326136,1.273097018200071,0.534598589183742,0.19550373768354046,0.5623950285522339,0.2305158204590255,0.18505338078291814,0.07142857142857142,0.6058841724681453,0.0025000000000000005,0.23233254996963112,2,0.06998428702354431,0.9948946237564087,1370,5000,0.06642518937587738,5000,5000,8,outer,64,0.3,ff6d2e97c05b,
algebra,rep_misspec_0.3,both,latent,identity,0.1,6,13324,11336,48,True,202,60,239,299,2,6.3125,0,0.7009599247232301,0.5381330448191703,1.312158086544534,0.7012421979664724,1.1084253659374323,1.0528178218179214,0.646872480250705,0.5660631678144594,0.04657106963666938,0.15091287784498783,0.07364987542865668,0.19428521832738277,0.034395250706533056,0.14114136765366075,0.0617361220671681,0.2484675473118534,0.1761323538190813,0.9753648246929333,0.5807300806045532,0.4888795018196106,0.6655912516856991,0.6941813289483674,0.1166561424114886,0.1166561424114886,0.23296978833374354,1.244475608257965,0.18117711960795788,0.29073894202032274,1.1274059631885682,0.5630581374157099,0.28157987802060735,0.6560962274466922,0.42726673493274603,0.2594142259414226,0.17391304347826086,0.0,0.0,0.0,0.0,0.0,0.7686701816844144,0.5575861583793387,1.3436575607303478,0.714665208582688,1.15199510104837,1.0733103470331262,0.6623055251815715,0.5490060763636395,0.6297622323036194,0.4907628297805786,0.6655912516856991,0.6941813289483674,0.08404726854412589,0.08404726854412589,0.22265721142013287,1.310938885286248,0.23448211884360554,0.30554986639007065,1.0900601804434442,0.5749043193001642,0.29582131339511597,0.6413340623291416,0.3929012155605138,0.2594142259414226,0.13043478260869565,0.7682393268712924,0.0025000000000000005,0.29986368370408756,2,0.06768273562192917,0.9849075078964233,2390,5000,0.06173612177371979,5000,5000,8,outer,64,0.3,ff6d2e97c05b,
unconstrained,rep_misspec_0.3,both,latent,identity,0.1,6,13396,11408,76,True,202,60,239,299,2,6.3125,0,0.6658184838038862,0.5048535335909533,1.2854178215724903,0.7018634879568331,1.0788847089829556,1.0386937512967698,0.6361935031682066,0.577628023233177,0.055825314468621386,0.1709143568886627,0.09351779868286587,0.22302026516188914,0.03621546740524821,0.14041637897828652,0.07668014045444063,0.27691179182989056,0.1994202021963036,0.9694015652520189,0.5199553370475769,0.4739924669265747,0.6655912516856991,0.6941813289483674,0.11708644554630462,0.11708644554630462,0.21867879997187156,1.1774938260730041,0.20475622248646036,0.25011646918181496,1.0878702422862172,0.6155458356114453,0.3559990494292034,0.6108984873336979,0.3327300933667089,0.2594142259414226,0.2608695652173913,0.0,0.0,0.0,0.0,0.27631616592407227,0.6459293913151566,0.5091007910182831,1.3577322762289254,0.7144468243289072,1.1204646479243359,1.0585200271720587,0.645998146558699,0.5613499159819674,0.5720198154449463,0.574317455291748,0.6655912516856991,0.6941813289483674,0.15641770119817125,0.15641770119817125,0.24303206638303854,1.1936987000984798,0.17122457704402305,0.2153442653211912,1.200092719326103,0.5976854383087297,0.32261164935980213,0.6428831784217242,0.3633361569025887,0.2594142259414226,0.13043478260869565,0.7682393268712924,0.0025000000000000005,0.29986368370408756,2,0.08908849954605103,0.9129961729049683,1370,5000,0.07668013870716095,5000,5000,8,outer,64,0.3,f3f8aa4d540d,
unconstrained,rep_misspec_0.8,both,latent,identity,0.1,6,13396,11408,76,True,202,60,239,299,2,6.3125,0,0.8691889735247187,0.5678155818645513,1.3184742049944413,0.6706916368567469,1.1687124611712003,1.08107005377598,0.636399618526015,0.5562497955690224,0.06888271241566969,0.19287836083491156,0.10238263032532341,0.2347133282221812,0.033289865632543346,0.13933449050776353,0.08568274919384881,0.2927161580675874,0.21298958340732868,0.9669085672204,0.5608299374580383,0.4188780188560486,0.6655912516856991,0.6941813289483674,0.025670469097121652,0.025670469097121652,0.13759317534545198,1.2835368715858149,0.07527312583342977,0.15975770015119017,1.1337847996891648,0.645252414798615,0.3530715880747691,0.61928193912885,0.36334599675809404,0.2594142259414226,0.17391304347826086,0.0,0.0,0.0,0.0,0.3995274305343628,0.9606941958899016,0.61564597333376,1.5721662817843676,0.782738703686461,1.368342253152879,1.1697616223628124,0.7270411269022273,0.48045205750639486,0.6230297684669495,0.49925607442855835,0.6655912516856991,0.6941813289483674,0.006276715301427618,0.006276715301427618,0.12381465138356597,1.3404936593409087,0.07684790871354298,0.12475079990155058,1.1885195114184952,0.5615090213231273,0.30873949533835565,0.557590668853654,0.30036937132016084,0.2594142259414226,0.13043478260869565,0.8252132936579574,0.0025000000000000005,0.31255029249503097,2,0.09138735383749008,1.0875067710876465,500,5000,0.08568274974822998,5000,5000,8,outer,64,0.8,d8342dc42a10,
unconstrained,rep_misspec_0.3,both,latent,identity,0.1,7,13396,11408,76,True,202,77,309,386,2,6.3125,0,0.6643114221772403,0.4959782437558081,1.1137663553780757,0.6247491821935891,0.9639480443111305,0.9818085578722211,0.5818255360476621,0.5784237475249738,0.04251336320911941,0.14928415749009863,0.09169765165218617,0.21148334544912142,0.03786237979117134,0.1419414858923824,0.07172648200352284,0.2678180016420159,0.18608794995754843,0.967317887570583,0.5281392335891724,0.47101715207099915,0.5883808750094432,0.6050900713539559,0.16999730065280008,0.16999730065280008,0.092870361708445,1.2123730973232532,0.09519046408105657,0.21452314519179533,1.1892661952571397,0.619659131258137,0.35452386567206284,0.6114924843176708,0.3091546792926366,0.2297734627831715,0.26666666666666666,0.0,0.0,0.0,0.0,0.3626270890235901,0.6320938525978486,0.4845210109649662,1.2478755081218307,0.6659467729275265,1.0426149562805034,1.021085185614062,0.6054715189400064,0.5440192978893805,0.4868922233581543,0.6253836750984192,0.5883808750094432,0.6050900713539559,0.12023273632402949,0.12023273632402949,0.12229745669300944,1.1991463833168137,0.07667574199141469,0.22754066322027483,1.3701617062561586,0.6376494259675701,0.34680096321452275,0.6098946620901883,0.3062276326395841,0.2297734627831715,0.23333333333333334,0.6191384105655653,0.0025000000000000005,0.2671343417079664,2,0.07768797129392624,0.8253391981124878,2810,5000,0.0717264786362648,5000,5000,8,outer,64,0.3,f3f8aa4d540d,
algebra,rep_misspec_0.8,both,latent,identity,0.1,6,13324,11336,48,True,202,60,239,299,2,6.3125,0,0.9017696083055738,0.6016755651184128,1.2521104852210128,0.6918141566609386,1.1353301929158666,1.0655187435779188,0.6617679594800966,0.5689247595613026,0.16887032258487794,0.2383060297487188,0.10597305940674592,0.22899739072787928,0.04665552598070002,0.16069030931173173,0.1192699624257246,0.3453548355325644,0.22527902038694816,0.9539368894979431,0.5916462540626526,0.4463801980018616,0.6655912516856991,0.6941813289483674,0.12829560771757775,0.12829560771757775,0.1959444551879329,1.233529900883424,0.23746893103864708,0.29439959038008506,1.0515022128155338,0.5992345544013122,0.3192790915531812,0.6556406050665209,0.4106452026900554,0.2594142259414226,0.08695652173913043,0.0,0.0,0.0,0.0,0.0,0.8685141512393958,0.5861915251585168,1.3650405653205429,0.7240098417343618,1.1995317606268274,1.0952313731019703,0.6780704028757467,0.5445479690819934,0.5606714487075806,0.5576749444007874,0.6655912516856991,0.6941813289483674,0.07110286953446693,0.07110286953446693,0.21729413522731267,1.2477787796051734,0.19516058020602445,0.2171427252909532,1.167609262990863,0.585657007472207,0.30281206004089084,0.6722252597047568,0.39530054085150756,0.2594142259414226,0.21739130434782608,0.8252132936579574,0.0025000000000000005,0.31255029249503097,2,0.12215106934309006,1.0954023599624634,1020,5000,0.119269959628582,5000,5000,8,outer,64,0.8,6c3c73fec2c8,
algebra,rep_misspec_0.3,both,latent,identity,0.1,7,13324,11336,48,True,202,77,309,386,2,6.3125,0,0.5518763011108065,0.46078249040907565,0.9640477789801338,0.5924194980890063,0.8266572863570246,0.9092069546352055,0.5485404955290294,0.6384669454746204,0.04339536493876161,0.1458441944400757,0.07080176022784836,0.1951287831481293,0.04239094945615339,0.15011217078465292,0.05982506808190209,0.2445916353473726,0.1759697531327721,0.972740757018388,0.4684348404407501,0.4571826457977295,0.5883808750094432,0.6050900713539559,0.1769855540697483,0.1769855540697483,0.24897645417532666,1.1600731716955188,0.203503096440469,0.3057979915480698,1.1339589003723376,0.6365842111492485,0.3511781653703683,0.6499585749792876,0.3397670685654719,0.2297734627831715,0.3,0.0,0.0,0.0,0.0,0.0,0.571814143365372,0.47613336410966617,1.0018237848100877,0.6107837269365625,0.858487237661849,0.9265458637659816,0.5659002726609303,0.6245463284177748,0.48430749773979187,0.48380109667778015,0.5883808750094432,0.6050900713539559,0.1605534318272584,0.1605534318272584,0.2241958871069425,1.1834653994694535,0.20616224384949622,0.29080150979618563,1.153518259066018,0.6235057403242988,0.35177698301927873,0.645105929695822,0.3501022984101546,0.2297734627831715,0.3,0.6191384105655653,0.0025000000000000005,0.2671343417079664,2,0.061717018485069275,0.8627341389656067,3540,5000,0.05982506647706032,5000,5000,8,outer,64,0.3,ff6d2e97c05b,
unconstrained,rep_misspec_0.8,both,latent,identity,0.1,7,13396,11408,76,True,202,77,309,386,2,6.3125,0,0.8794395789917142,0.5491784886721661,1.0199133410130783,0.604650496944782,0.9730887536726236,0.9864526109614307,0.5861598275205767,0.5934358725474815,0.047260761856551446,0.1578529305677394,0.08148562326584492,0.20265038857595055,0.03067442833358973,0.12863471329251466,0.06631347628026042,0.2575140312298738,0.1820741352389378,0.9708831761152535,0.6152236461639404,0.5664660930633545,0.5883808750094432,0.6050900713539559,0.1819017972091303,0.1819017972091303,0.18249427522055142,1.3087504085485124,0.15925335247709063,0.30696186056348906,1.2232195338402774,0.5929104035980589,0.3225720360980666,0.6140963427624571,0.32577319687893047,0.2297734627831715,0.2,0.0,0.0,0.0,0.0,0.4929320514202118,0.8850730310127174,0.5562929524079429,1.028538997150784,0.6154055834148157,0.980717008438095,0.9903115713946268,0.5957013730791912,0.5902487277664898,0.6215540766716003,0.5680898427963257,0.5883808750094432,0.6050900713539559,0.181095719752128,0.181095719752128,0.1825485741943618,1.3126774232803449,0.1585776062176375,0.30564597475809496,1.2253639317495015,0.5943898686235057,0.32253531298622795,0.6145105929695822,0.32613627337756423,0.2297734627831715,0.2,0.7215367497780438,0.0025000000000000005,0.2975336391517426,2,0.07999415695667267,0.9185907244682312,4790,5000,0.0663134753704071,5000,5000,8,outer,64,0.8,d8342dc42a10,
algebra,rep_misspec_0.8,both,latent,identity,0.1,7,13324,11336,48,True,202,77,309,386,2,6.3125,0,0.9277384989183134,0.527841797545379,0.9168253001921984,0.5685563656478684,0.9204630331009034,0.9594076469889655,0.5549848429470385,0.6154233121156092,0.14525432482144748,0.21282249373922188,0.08398708071963294,0.20241808045098547,0.03266872900227559,0.13420630966561142,0.09755664609076078,0.3123405930883157,0.19903918217331354,0.9571649709478921,0.5656975507736206,0.4148261845111847,0.5883808750094432,0.6050900713539559,0.24058346047602136,0.24058346047602136,0.28536368110436383,1.1941589640273222,0.2683260603436204,0.3887173036797214,1.0166699586215562,0.6605515445614865,0.3765049310092129,0.6721505503609894,0.4395060544495753,0.2297734627831715,0.26666666666666666,0.0,0.0,0.0,0.0,0.0,0.9299974489595034,0.5285334139621011,0.915875752525771,0.5696441267873678,0.9205829846703485,0.9594701583011055,0.5559405558456123,0.6153731954073605,0.5609076023101807,0.41559526324272156,0.5883808750094432,0.6050900713539559,0.24088546841939362,0.24088546841939362,0.28538086561105663,1.1932699431723441,0.26868638022872887,0.3889318558047026,1.016829057898503,0.6684814770978814,0.37917674287990777,0.672328086164043,0.43957817077735195,0.2297734627831715,0.26666666666666666,0.7215367497780438,0.0025000000000000005,0.2975336391517426,2,0.10961735248565674,0.816074013710022,4990,5000,0.09755663573741913,5000,5000,8,outer,64,0.8,6c3c73fec2c8,
unconstrained,rep_misspec_0.3,both,latent,identity,0.1,8,13396,11408,76,True,202,73,294,367,2,6.3125,0,0.48657870180120083,0.42634333434465055,0.9455413643761212,0.5681754826210882,0.7925538101844811,0.8902549130358569,0.5208980998622755,0.6950294482626524,0.04749492405131304,0.15931107203225228,0.0789430966436947,0.20225258136753654,0.04909583724785321,0.16525032529306216,0.06661062580041864,0.2580903442603358,0.18577149289814285,0.9737039711227148,0.3088817298412323,0.3367052376270294,0.5831587656871651,0.6393791028694537,-0.012923898598050793,-0.012923898598050793,0.06601315368514503,1.1363386177417338,0.12804265192158829,0.17323280558825022,1.0688069053464484,0.5927089421390999,0.2964422797005603,0.641218585622443,0.3644991900038618,0.19727891156462585,0.3103448275862069,0.0,0.0,0.0,0.0,0.283907949924469,0.5260546648788471,0.4305523307118746,1.068344921550683,0.5965830026256277,0.8875815026600712,0.9421154401983184,0.5412394453210432,0.6584632903157719,0.3497173488140106,0.43718621134757996,0.5831587656871651,0.6393791028694537,-0.017588160417355787,-0.017588160417355787,0.0868388773916462,1.1667149890859028,0.08896038675333443,0.21135842316333026,1.1637848183149766,0.5770748100526009,0.27751490012856217,0.5539158386908241,0.2792548423198757,0.19727891156462585,0.2413793103448276,0.620956287804403,0.0025000000000000005,0.23474228499843747,2,0.07205361127853394,1.0502376556396484,890,5000,0.06661062687635422,5000,5000,8,outer,64,0.3,f3f8aa4d540d,
unconstrained,rep_misspec_0.8,both,latent,identity,0.1,8,13396,11408,76,True,202,73,294,367,2,6.3125,0,0.6418730757355076,0.4682563262343836,0.9469727815017407,0.5643907053501572,0.8452728795796629,0.9193872304854266,0.5323459123115659,0.6823017989479132,0.06823717127686144,0.17693418137188147,0.09021022729653186,0.2161278897592312,0.043114692579461086,0.14931780530828664,0.07908683694150805,0.28122382001087326,0.1979294203575818,0.9697058239449692,0.401764839887619,0.3539050221443176,0.5831587656871651,0.6393791028694537,0.10377005602121273,0.10377005602121273,0.15005637124983623,1.1681910050492945,0.1449562152083439,0.22098084794165251,1.08150463354754,0.6219316189362946,0.29507131795880853,0.6079047340736412,0.30089069597885953,0.19727891156462585,0.3103448275862069,0.0,0.0,0.0,0.0,0.36625880002975464,0.6367963505109744,0.47956858088970944,0.9472505823218919,0.5749022994820295,0.8437658383849193,0.9185672748279895,0.5431243932845896,0.6828682246407849,0.46797582507133484,0.4226554036140442,0.5831587656871651,0.6393791028694537,0.08902210301308089,0.08902210301308089,0.1864985249031064,1.2327132162693306,0.23103050961574773,0.221059354499016,1.0663286148445241,0.613822326125073,0.28190501195951106,0.6004529514903565,0.3021926689722046,0.19727891156462585,0.2413793103448276,0.6803396489119753,0.0025000000000000005,0.25193116885073125,2,0.08130474388599396,1.2010586261749268,1180,5000,0.07908683270215988,5000,5000,8,outer,64,0.8,d8342dc42a10,
algebra,rep_misspec_0.3,both,latent,identity,0.1,8,13324,11336,48,True,202,73,294,367,2,6.3125,0,0.449307968616915,0.4019860672858019,0.8725568761031619,0.5365159857411737,0.7314739069410797,0.8552624783895758,0.49167267958938304,0.7185326748610685,0.04586211269959292,0.15113975663103657,0.07325290092847365,0.19606737831952234,0.04478175299628411,0.15159182186119913,0.06227515064504972,0.24954989610306338,0.17827362429801963,0.9754154965514642,0.35794928669929504,0.3470987379550934,0.5831587656871651,0.6393791028694537,0.16048791267688048,0.16048791267688048,0.2736814144874703,1.0753352849309517,0.19034011307311063,0.23187330812466134,1.0458712356953046,0.6526884862653419,0.33347457812054687,0.6013296317942725,0.3355474943602747,0.19727891156462585,0.3448275862068966,0.0,0.0,0.0,0.0,0.0,0.4617806897850898,0.4085851648601996,0.8828814194665919,0.545133583002525,0.7425145095727579,0.861692816247622,0.49961744362174987,0.7142843088412119,0.3592299818992615,0.3476370871067047,0.5831587656871651,0.6393791028694537,0.13967564933340673,0.13967564933340673,0.24669416560515572,1.0887512213216977,0.18681000235481426,0.2208097862850815,1.0429527124788562,0.6154295733489188,0.3173221564984223,0.6008182349503215,0.3415550060023669,0.19727891156462585,0.27586206896551724,0.620956287804403,0.0025000000000000005,0.23474228499843747,2,0.06800883263349533,1.038375973701477,4430,5000,0.062275148928165436,5000,5000,8,outer,64,0.3,ff6d2e97c05b,
unconstrained,rep_misspec_0.3,both,latent,identity,0.1,9,13396,11408,76,True,202,67,266,333,1,6.3125,0,0.7867962258647269,0.5139448896772166,1.5614666479581616,0.748470739786313,1.3032431739270167,1.1415967650300245,0.6702954564166143,0.5578087554631963,0.05301523405233862,0.16363659432258942,0.07701507362525059,0.2002135786766868,0.03734274386868218,0.14225176277786028,0.06598970541905866,0.25688461499096954,0.18364923978556355,0.9714363993039082,0.4564797878265381,0.6031636595726013,0.8245509646593266,0.8240694410768805,0.22499890670978642,0.22499890670978642,0.33874738786759134,1.0473062045093386,0.20559853392666216,0.3555515883199625,1.1145335047626708,0.5710128469018383,0.3359735068770436,0.5128823905174249,0.27364011035171965,0.2744360902255639,0.23076923076923078,0.0,0.0,0.0,0.0,0.44842904806137085,0.7956316447398037,0.519122002473573,1.5734463701314358,0.7537244171423894,1.314174795000892,1.1463746311746836,0.675523612252784,0.5540996494236106,0.46222740411758423,0.6026703715324402,0.8245509646593266,0.8240694410768805,0.22172554747315573,0.22172554747315573,0.3359708365677816,1.052936498849455,0.1884175646540351,0.3504001683241387,1.1213209347664663,0.5657605223933565,0.336854971130672,0.5067783377102704,0.26956175528720144,0.2744360902255639,0.2692307692307692,1.1595667042617024,0.0025000000000000005,0.3938699962711601,2,0.08281029015779495,0.90605229139328,2690,5000,0.06598970293998718,5000,5000,8,outer,64,0.3,f3f8aa4d540d,
algebra,rep_misspec_0.8,both,latent,identity,0.1,8,13324,11336,48,True,202,73,294,367,2,6.3125,0,0.6981725866488658,0.48427507157279426,0.9963490617476123,0.5720746393110572,0.8969569033813635,0.9470780872670234,0.5428081167316361,0.6628762125111418,0.16404409124940614,0.2296518260008494,0.09594056396907477,0.2162839391447308,0.050606463884772954,0.16252306244302325,0.11214284770822643,0.3348773621913348,0.21517888994477058,0.9570437344169155,0.38438642024993896,0.349595844745636,0.5831587656871651,0.6393791028694537,0.07058114818525284,0.07058114818525284,0.13674827019950112,1.1563839880468574,0.1555845972194948,0.21356038452865964,1.0928858756854904,0.5998684979544127,0.3505928446932706,0.5954120397428404,0.35729323293864507,0.19727891156462585,0.3448275862068966,0.0,0.0,0.0,0.0,0.0,0.6763998697265402,0.48590375162216254,1.040049748322378,0.5874829587423872,0.9188331221237654,0.9585578345221354,0.5536232230356456,0.6546539738611343,0.4045235216617584,0.39829501509666443,0.5831587656871651,0.6393791028694537,0.1190478927655035,0.1190478927655035,0.1532250847929847,1.1361715273693518,0.09352470204830395,0.2286783863774005,1.1541498167970876,0.6289450613676213,0.36588196031148956,0.5659701928696669,0.31685811638178796,0.19727891156462585,0.3793103448275862,0.6803396489119753,0.0025000000000000005,0.25193116885073125,2,0.11770951002836227,1.460737705230713,1410,5000,0.11214285343885422,5000,5000,8,outer,64,0.8,6c3c73fec2c8,
unconstrained,rep_misspec_0.8,both,latent,identity,0.1,9,13396,11408,76,True,202,67,266,333,1,6.3125,0,1.2696765349913628,0.6775463311980582,1.4860429773000454,0.7329414415234082,1.413920829863818,1.189084029774102,0.7144764047482917,0.5390458181766913,0.07396119700937799,0.19616898245454578,0.09490863717885967,0.22227310655145618,0.03980995367881286,0.14989842998625394,0.08332998246507119,0.28866933066238815,0.20748950600257732,0.9653594208567499,0.595938503742218,0.5639458298683167,0.8245509646593266,0.8240694410768805,0.15716140301395076,0.15716140301395076,0.2740052378136353,1.1404956925255103,0.19700914000962322,0.36518957984318445,1.1129412624092319,0.5720775072751793,0.327575709228467,0.5714387110511746,0.32118513587115893,0.2744360902255639,0.23076923076923078,0.0,0.0,0.0,0.0,0.6535161733627319,1.2000712450877855,0.6728615141099944,1.5406439355654533,0.7686423730524367,1.4271197054062308,1.1946211555996449,0.7367154200716226,0.5347428354720468,0.6161543726921082,0.654900074005127,0.8245509646593266,0.8240694410768805,0.2132180770506577,0.2132180770506577,0.2910792988406994,1.1220198713577707,0.22941511117049063,0.3430245106087245,1.1353220698679583,0.5751295336787565,0.35989113023105834,0.5774717865001064,0.3284916208825351,0.2744360902255639,0.3076923076923077,1.2979316867471018,0.0025000000000000005,0.42348971629627946,2,0.08495882153511047,0.9643509387969971,1060,5000,0.08332998305559158,5000,5000,8,outer,64,0.8,d8342dc42a10,
algebra,rep_misspec_0.3,both,latent,identity,0.1,9,13324,11336,48,True,202,67,266,333,1,6.3125,0,0.7399746834636879,0.5304902860743707,1.404817958960781,0.7075370592790567,1.1832035337950833,1.0877515956297574,0.6485214682108282,0.5985382823278904,0.05314485583939879,0.15941967733003765,0.07132511990990723,0.1946033829449727,0.040436391197281575,0.15618706380772246,0.06289334083550312,0.2507854478144677,0.1803261397225833,0.9727766586824363,0.521873414516449,0.5038455128669739,0.8245509646593266,0.8240694410768805,0.27858319376569024,0.27858319376569024,0.41005657030003456,1.02482735614829,0.22765572882930285,0.40559821219361736,1.0457215744122037,0.5477322734047839,0.30090033476815903,0.5644119525871247,0.30720335153227607,0.2744360902255639,0.11538461538461539,0.0,0.0,0.0,0.0,0.0,0.725914179234943,0.5231354848194938,1.4241562140120236,0.7178288523273323,1.1914088690863298,1.0915167745327279,0.6529310631580528,0.5957542068024113,0.5161240696907043,0.5327416658401489,0.8245509646593266,0.8240694410768805,0.29018026807607744,0.29018026807607744,0.4151879061656686,1.0209750883026267,0.20859340592615488,0.3683592062624231,1.0635610553023749,0.5575271488395201,0.31757583758746627,0.5420540847469657,0.29043456404181256,0.2744360902255639,0.15384615384615385,1.1595667042617024,0.0025000000000000005,0.3938699962711601,2,0.06718213111162186,0.8228213787078857,1870,5000,0.0628933385014534,5000,5000,8,outer,64,0.3,ff6d2e97c05b,
unconstrained,rep_misspec_0.3,both,latent,identity,0.1,10,13396,11408,76,True,202,80,320,431,2,6.3125,0,0.5201054877657028,0.4549066169079848,1.3173964339646766,0.7006894849614651,1.0516327852316854,1.025491484719247,0.6187618622769716,0.6592886016498802,0.05603296104577154,0.16762117021174996,0.09488318373246968,0.22177315222055113,0.03857932955189413,0.1455956967182659,0.07779185291117138,0.2789119088729834,0.19817008129827637,0.9733538412206044,0.3472883403301239,0.6378282308578491,0.7281099586147576,0.7313235304340895,0.2097636175067023,0.2097636175067023,0.13364128922157442,1.0085598110042375,0.2262771988684539,0.2072573645738728,1.1724651313092622,0.560650813516896,0.37220778169548985,0.5657071339173967,0.32583067372111485,0.265625,0.34375,0.0,0.0,0.0,0.0,0.2666356563568115,0.5256661659707597,0.45738937276208597,1.3091454233345305,0.7076057616859911,1.0479856708799404,1.0237117127785247,0.6242002987113561,0.6604702055787195,0.36227619647979736,0.649092972278595,0.7281099586147576,0.7313235304340895,0.19011330986890623,0.19011330986890623,0.14101803972695048,1.0220201765884371,0.24649108464831626,0.22535614361468376,1.15915512533526,0.5773216520650813,0.3801570622544609,0.5610012515644556,0.32966604441807124,0.265625,0.34375,0.8878262338773087,0.0025000000000000005,0.28674497115904934,2,0.08986882120370865,0.8279759883880615,2650,5000,0.07779184728860855,5000,5000,8,outer,64,0.3,f3f8aa4d540d,
algebra,rep_misspec_0.8,both,latent,identity,0.1,9,13324,11336,48,True,202,67,266,333,1,6.3125,0,1.0812278796144064,0.623900558353262,1.4607267616608954,0.7441415153502369,1.334227134312066,1.1550875007167491,0.7040611963512452,0.5650268642534166,0.18751184816929695,0.2500936455019198,0.11489067901659392,0.23838097234885217,0.0457961533629255,0.1609253073022319,0.13018534547481964,0.36081206392638765,0.23451350580248792,0.9458814747128725,0.533803403377533,0.5651950240135193,0.8245509646593266,0.8240694410768805,0.2660697840496279,0.2660697840496279,0.3638334228617973,1.0299087143024497,0.21407341198488128,0.3294720264727964,1.068707034615184,0.5950741713393427,0.3692243876592804,0.5624955639151111,0.30813676298065296,0.2744360902255639,0.2692307692307692,0.0,0.0,0.0,0.0,0.0,1.1221135684334418,0.6265553449599722,1.560367955363341,0.7654725856978704,1.4142831597200411,1.189236376722492,0.7191668387852376,0.538927694545652,0.5376802086830139,0.5429173111915588,0.8245509646593266,0.8240694410768805,0.2666519027239119,0.2666519027239119,0.39180216812967333,1.051139243591478,0.12666894903715692,0.2285342888703633,1.1089675804435666,0.567180069557811,0.3580554701811689,0.5500035488679111,0.2975408186508225,0.2744360902255639,0.2692307692307692,1.2979316867471018,0.0025000000000000005,0.42348971629627946,2,0.13153941929340363,0.8938388824462891,1230,5000,0.1301853507757187,5000,5000,8,outer,64,0.8,6c3c73fec2c8,
unconstrained,rep_misspec_0.8,both,latent,identity,0.1,10,13396,11408,76,True,202,80,320,431,2,6.3125,0,0.7087494058206707,0.5398742331997386,1.1815266854129667,0.6754409390279067,1.0239342588822014,1.0118963676593573,0.630252037085184,0.6798813635617539,0.07050279322150939,0.18822157735665318,0.08786877514049322,0.220172200506928,0.03941122468359877,0.14746404474603597,0.07800428024963356,0.2792924636463246,0.20359406939490915,0.9743060744944289,0.5928253531455994,0.5446692109107971,0.7281099586147576,0.7313235304340895,0.3090473227130356,0.3090473227130356,0.18907847610816514,1.0830466613331522,0.17777931398440516,0.1774799131339173,1.1150778389094331,0.5896871088861075,0.38286036350200825,0.5951939924906133,0.3690307645907549,0.265625,0.34375,0.0,0.0,0.0,0.0,0.4472998380661011,0.6595241927375362,0.5171774154925062,1.2162907593011658,0.6848051546152185,1.030701903779956,1.0152349007889534,0.6289292415743143,0.6777655546240468,0.5610464811325073,0.5670639872550964,0.7281099586147576,0.7313235304340895,0.3087677309399688,0.3087677309399688,0.20643887513549938,1.054300568752136,0.1380241789154802,0.20044815501127938,1.1810655722662216,0.6118147684605757,0.40621720571279574,0.5585481852315394,0.30871480080810626,0.265625,0.4375,0.9542842673192288,0.0025000000000000005,0.2971717879765086,2,0.09084582328796387,0.8066180944442749,1860,5000,0.07800428569316864,5000,5000,8,outer,64,0.8,d8342dc42a10,
algebra,rep_misspec_0.3,both,latent,identity,0.1,10,13324,11336,48,True,202,80,320,431,2,6.3125,0,0.40610942726123583,0.42461774715129624,0.8378446247071156,0.5815644889945982,0.6939328922251558,0.8330263454568263,0.5292489083801643,0.7751773723761497,0.04519670733951311,0.14834255952870748,0.06027810044434949,0.18006855960550902,0.038340139358084724,0.15006326396198832,0.05363560653883025,0.23159362370071904,0.1676372298492415,0.9816281161255433,0.48871466517448425,0.5943425297737122,0.7281099586147576,0.7313235304340895,0.49077056780997963,0.49077056780997963,0.3747518896668913,0.8755747264842308,0.4781953145140804,0.44019323308821373,0.9038490764144934,0.6246307884856069,0.40536174180963735,0.6442052565707134,0.4630636558002148,0.265625,0.375,0.0,0.0,0.0,0.0,0.0,0.4090708894664804,0.4277557818063623,0.8558404021585864,0.5856361344767028,0.7069172312612176,0.8407837006395983,0.533009350253256,0.7709706641299304,0.5010064840316772,0.5810846090316772,0.7281099586147576,0.7313235304340895,0.49066891145019853,0.49066891145019853,0.3684943822693581,0.8795381981285294,0.4532643933180849,0.4254816636392934,0.9185457336214546,0.6257822277847309,0.41249118000010837,0.627334167709637,0.45259193753052207,0.265625,0.40625,0.8878262338773087,0.0025000000000000005,0.28674497115904934,2,0.06376099586486816,0.5597633123397827,2180,5000,0.0536356046795845,5000,5000,8,outer,64,0.3,ff6d2e97c05b,
unconstrained,rep_misspec_0.3,both,latent,identity,0.1,11,13396,11408,76,True,202,68,273,341,1,6.3125,0,0.5628940136653292,0.46339086180253103,1.1382868734718936,0.6408194989689816,0.9464892535363721,0.972876792577751,0.5816766199134981,0.6892008951663056,0.05591273484322868,0.1744874311251224,0.09692947961830672,0.2311389529103649,0.04350312407433715,0.1568693075735944,0.07945982409684432,0.28188618997184717,0.20696452798174955,0.9681782382622253,0.4112184941768646,0.3819895386695862,0.8086804539213719,0.7357960822138594,0.4239681995467466,0.4239681995467466,0.3479898697266667,0.8899558090763503,0.1547902149922659,0.21477760110220395,1.0574892956300361,0.7156729593915524,0.48256670673792057,0.6347276925166373,0.3767085384180979,0.27106227106227104,0.37037037037037035,0.0,0.0,0.0,0.0,0.2996836006641388,0.6085464777184559,0.47140734491099484,1.1747322292710245,0.6498658787999547,0.9860036454201684,0.9929771625874224,0.5903797008369681,0.6762255364079828,0.4751285910606384,0.4781372845172882,0.8086804539213719,0.7357960822138594,0.3580888481408937,0.3580888481408937,0.33986415312896634,0.9304904968167375,0.276927609479829,0.3089582969628053,1.0447621981195976,0.6935352437865001,0.4563364073355401,0.6206709221784599,0.3564053996823223,0.27106227106227104,0.3333333333333333,1.026642627754969,0.0025000000000000005,0.33624079744708774,2,0.08012424409389496,0.8120333552360535,1310,5000,0.07945982366800308,5000,5000,8,outer,64,0.3,f3f8aa4d540d,
algebra,rep_misspec_0.8,both,latent,identity,0.1,10,13324,11336,48,True,202,80,320,431,2,6.3125,0,0.5880580483782066,0.48400722562126575,0.9113770244031855,0.5851005644481242,0.8036040323948593,0.8964396423601867,0.5514027848391714,0.7487645082142781,0.17391961998227698,0.23913913447401638,0.09057393615836937,0.20622100309146116,0.034113565307551066,0.14213206084424046,0.11030880839415588,0.33212769892641575,0.21002364523392986,0.9636652463631818,0.5084823369979858,0.4759927988052368,0.7281099586147576,0.7313235304340895,0.41766321807020707,0.41766321807020707,0.34730978818152525,0.933592401969953,0.42581430231320133,0.4811881097471655,0.9226084735477819,0.6113642052565708,0.3935851670328757,0.6686357947434294,0.45824211637810985,0.265625,0.34375,0.0,0.0,0.0,0.0,0.0,0.6072607000091392,0.5019341060056344,0.9589708119005508,0.6067083987496478,0.8417341079367469,0.9174606846817726,0.5717836345016433,0.7368436766922608,0.5620180368423462,0.49280962347984314,0.7281099586147576,0.7313235304340895,0.4330124248620917,0.4330124248620917,0.3659151334485689,0.9495545100034235,0.4241841280779939,0.45212523437728885,0.9473152166259001,0.6272340425531915,0.3995193123506373,0.6520650813516896,0.423882124341468,0.265625,0.34375,0.9542842673192288,0.0025000000000000005,0.2971717879765086,2,0.11135846376419067,0.6153661608695984,1660,5000,0.11030880361795425,5000,5000,8,outer,64,0.8,6c3c73fec2c8,
algebra,rep_misspec_0.3,both,latent,identity,0.1,11,13324,11336,48,True,202,68,273,341,1,6.3125,0,0.608431131410434,0.4600851945838908,1.0636590616007207,0.5936856564490821,0.9119164182039585,0.9549431491999713,0.549152169160685,0.7005535927618984,0.04566599054660492,0.1531661367899926,0.07081230296174362,0.19424982671750993,0.033882266543147924,0.13854922641106565,0.05970323215779117,0.24434244853850337,0.17654274644143392,0.9760902814687236,0.5046544075012207,0.3648203909397125,0.8086804539213719,0.7357960822138594,0.3791892778319458,0.3791892778319458,0.39138516860983585,0.9214886208998778,0.31154950688118166,0.4220601210725728,0.9745455652509295,0.6776449816650821,0.45027531649438296,0.6639277468423197,0.43774425122527305,0.27106227106227104,0.25925925925925924,0.0,0.0,0.0,0.0,0.0,0.6087356472742972,0.4544791869913779,1.0654975304218628,0.5906188154114879,0.9132435693726743,0.9556377814698801,0.5452389392714513,0.7001177955315816,0.5082549452781677,0.3647185266017914,0.8086804539213719,0.7357960822138594,0.3754718166757798,0.3754718166757798,0.38900963248859344,0.9260080475302859,0.3107590873075422,0.4187720287441198,0.9748952368988014,0.6758793969849247,0.4495651955107565,0.6645389107700665,0.43640564206206456,0.27106227106227104,0.2962962962962963,1.026642627754969,0.0025000000000000005,0.33624079744708774,2,0.062115028500556946,0.7215028405189514,3430,5000,0.05970323085784912,5000,5000,8,outer,64,0.3,ff6d2e97c05b,
unconstrained,rep_misspec_0.8,both,latent,identity,0.1,11,13396,11408,76,True,202,68,273,341,1,6.3125,0,0.8807560592498535,0.5637590857315331,1.2482170119368778,0.6523447281886535,1.1257300277078697,1.0610042543307117,0.6228161807029468,0.6409957920698114,0.06880835796732965,0.1882586001440267,0.09037288984291,0.22590142919834685,0.03360106425392178,0.1350285734824534,0.07844836405699587,0.28008635107230034,0.20587200496731725,0.969491204964421,0.49025094509124756,0.4565771520137787,0.8086804539213719,0.7357960822138594,0.26295952458085736,0.26295952458085736,0.32024471074224187,1.0321129868232912,0.29822504357219076,0.3670540226197161,1.0358927549073078,0.6693603150889583,0.4237526014970459,0.647697949205487,0.3780117076821464,0.27106227106227104,0.25925925925925924,0.0,0.0,0.0,0.0,0.4438071846961975,0.8694613798231592,0.5570250060915133,1.233933059549813,0.639573390286835,1.1124424996409286,1.054723897349884,0.6120572622217278,0.6452332898460191,0.49315619468688965,0.45741358399391174,0.8086804539213719,0.7357960822138594,0.26104395815307846,0.26104395815307846,0.31887565525929634,1.0325290292501152,0.29924565790133156,0.36776752391018164,1.0356339814597675,0.6750645117479288,0.4267445591646158,0.647154692380823,0.3780212073846008,0.27106227106227104,0.25925925925925924,1.1170068050334765,0.0025000000000000005,0.3552340243463461,2,0.08306076377630234,0.9527124166488647,4640,5000,0.07844837009906769,5000,5000,8,outer,64,0.8,d8342dc42a10,
unconstrained,rep_misspec_0.3,both,latent,identity,0.1,12,13396,11408,76,True,202,70,279,349,2,6.3125,0,0.5585227181333734,0.45683235281347345,1.194159110888373,0.6658106798746247,0.9822803133033732,0.991100556605319,0.5961512375209076,0.6093200026023923,0.04730200770493648,0.15154323859523255,0.07861690272816854,0.20066007886210058,0.03978487005983513,0.1485764293666254,0.06546636707821897,0.2558639620544851,0.18087656348655168,0.9701993537720933,0.4654587209224701,0.5518385767936707,0.7004007682085326,0.7250544289708886,0.22650758323690173,0.22650758323690173,0.34730768380687155,1.0760153251697602,0.24048241944641605,0.34471206444982266,1.0973796966070724,0.6138749101365925,0.29601096527180415,0.5659956865564343,0.2689282915140179,0.23297491039426524,0.18518518518518517,0.0,0.0,0.0,0.0,0.30579254031181335,0.5759862326247928,0.46254734713154777,1.2500301602416484,0.6775035514667977,1.0253488510360298,1.0125951071558807,0.6058514833550477,0.5921904561975297,0.4785919785499573,0.5762734413146973,0.7004007682085326,0.7250544289708886,0.21501001788559707,0.21501001788559707,0.33832952071522504,1.0912676015422957,0.2223457782259084,0.32909980771143454,1.1274810843793284,0.6179007907979871,0.2976800416855667,0.5670740474478793,0.2646941727948933,0.23297491039426524,0.2222222222222222,0.8526619556733743,0.0025000000000000005,0.33768703398988953,2,0.09432687610387802,0.5537732839584351,2180,5000,0.06546637415885925,5000,5000,8,outer,64,0.3,f3f8aa4d540d,
algebra,rep_misspec_0.8,both,latent,identity,0.1,11,13324,11336,48,True,202,68,273,341,1,6.3125,0,0.8476139648690119,0.5298335644232277,1.071447192997571,0.6012728607491562,0.996836116954718,0.9984168052245104,0.5774597619738466,0.6821010794815529,0.14306077744239143,0.21254904765761262,0.09084656991565492,0.2098678557730097,0.04092685132904507,0.14249126010942514,0.1018203130960396,0.3190929536922425,0.20424024180020428,0.9604017865758345,0.4670026898384094,0.3667612075805664,0.8086804539213719,0.7357960822138594,0.35295867175922907,0.35295867175922907,0.3770588176314883,0.9315379847624318,0.31937592021029126,0.4356374357716135,0.9750910753492398,0.658834714111096,0.4283815483014708,0.6738421838924351,0.4222742353932869,0.27106227106227104,0.3333333333333333,0.0,0.0,0.0,0.0,0.0,0.8899374111113426,0.5406179233497952,1.0938489410169185,0.607171913608644,1.025878431048393,1.0128565698302958,0.5849872501890278,0.6728392558550756,0.49425575137138367,0.38614916801452637,0.8086804539213719,0.7357960822138594,0.3610489379316827,0.3610489379316827,0.3657716666116194,0.9219248329503795,0.3012774211819796,0.4178227579633762,0.9910640518764331,0.6487165557517316,0.42104338992360313,0.6563900584001087,0.4036012861711834,0.27106227106227104,0.2962962962962963,1.1170068050334765,0.0025000000000000005,0.3552340243463461,2,0.10895456373691559,0.8426361083984375,2740,5000,0.10182031989097595,5000,5000,8,outer,64,0.8,6c3c73fec2c8,
algebra,rep_misspec_0.3,both,latent,identity,0.1,12,13324,11336,48,True,202,70,279,349,2,6.3125,0,0.5039508819744241,0.45066369580395393,0.9215484511837453,0.5844091534103171,0.7823492614473049,0.8845050940765151,0.5398273342081961,0.6888381012153552,0.0437420154526648,0.14902886479184585,0.06758820757220707,0.19180914284925088,0.04325391367141358,0.15534836485040845,0.05807428873967227,0.24098607582114007,0.17542838768578561,0.9735642680217691,0.4479231536388397,0.4526839256286621,0.7004007682085326,0.7250544289708886,0.3358727180097639,0.3358727180097639,0.3451085214777487,1.0062971406085204,0.41802404583220587,0.43278948269955464,0.916313214970744,0.5705248023005032,0.2918425723185397,0.6549964054636953,0.40994681788789666,0.23297491039426524,0.2222222222222222,0.0,0.0,0.0,0.0,0.0,0.4985452386106733,0.44937933351272585,0.9229651559249307,0.5876320319363115,0.7814918501535115,0.8840202770035943,0.5415477991284496,0.6891791173565638,0.48337990045547485,0.46594446897506714,0.7004007682085326,0.7250544289708886,0.3572519765153869,0.3572519765153869,0.3628273878592978,1.0005027373531643,0.41156346863116944,0.44258501033274766,0.9228848562011507,0.6115744069015098,0.32025601469270026,0.6242990654205608,0.3852359154578161,0.23297491039426524,0.25925925925925924,0.8526619556733743,0.0025000000000000005,0.33768703398988953,2,0.06534988433122635,0.49666866660118103,2660,5000,0.05807429179549217,5000,5000,8,outer,64,0.3,ff6d2e97c05b,
unconstrained,rep_misspec_0.8,both,latent,identity,0.1,12,13396,11408,76,True,202,70,279,349,2,6.3125,0,0.816300880575899,0.5500181698208266,1.218311261180666,0.664222142831819,1.0843078009790768,1.0413010136262602,0.6261541518281549,0.5878437181186745,0.0727727753803325,0.18955236473451342,0.09162524764735229,0.22163164088057954,0.037504100634919824,0.14472406298733206,0.08077158674177964,0.2842034249297141,0.20461358301987323,0.9641400318980367,0.5941601991653442,0.5483177900314331,0.7004007682085326,0.7250544289708886,0.2319791156561503,0.2319791156561503,0.3014094254550277,1.175594889373605,0.21405606459960716,0.33359482920575984,1.1156958238105241,0.5803019410496046,0.2874518872713292,0.5612508986340763,0.2883215576171842,0.23297491039426524,0.2962962962962963,0.0,0.0,0.0,0.0,0.3945651948451996,0.8629757985009634,0.5659856413928577,1.313588258435083,0.6916483017281402,1.16338410512371,1.0786028486536228,0.649760748283046,0.5577860209668695,0.6315650343894958,0.6117652058601379,0.7004007682085326,0.7250544289708886,0.20871570881099563,0.20871570881099563,0.2954599454077291,1.2189037144272432,0.21056034289474757,0.31794665649968507,1.16126474439126,0.5923076923076923,0.2863031826097413,0.5486700215672178,0.2593774545477986,0.23297491039426524,0.18518518518518517,0.9379470094385784,0.0025000000000000005,0.3552033619474285,2,0.09770596772432327,0.656541645526886,1220,5000,0.08077158778905869,5000,5000,8,outer,64,0.8,d8342dc42a10,
algebra,rep_misspec_0.8,both,latent,identity,0.1,12,13324,11336,48,True,202,70,279,349,2,6.3125,0,0.7756480448134908,0.5418107637978384,0.8992423280802142,0.5998907086191239,0.8580442336579729,0.9263067708151403,0.5805307270120287,0.6738487718018313,0.15358374338006295,0.23436217180412172,0.08639089152857123,0.21195065021049933,0.04254498234560251,0.15613896895685125,0.10246076897079709,0.3200949374338762,0.21337629164584002,0.9545107375599582,0.48921999335289,0.46372464299201965,0.7004007682085326,0.7250544289708886,0.336534649510306,0.336534649510306,0.3337349014797379,1.010599271896985,0.45909716621270186,0.45277160759871365,0.8759849368694961,0.6043853342918764,0.3186387290555489,0.6426312005751259,0.4287735277791258,0.23297491039426524,0.2962962962962963,0.0,0.0,0.0,0.0,0.0,0.7177644307102871,0.5396222840560807,1.0883466894500506,0.6566436507543335,0.9648192698701292,0.9822521416979091,0.6176365285215826,0.6332625084887673,0.5174675583839417,0.594158947467804,0.7004007682085326,0.7250544289708886,0.36140867400033894,0.36140867400033894,0.3470916354474025,1.0006743638222908,0.31051889018438544,0.3728893843450585,1.0648199730007708,0.5999281092739037,0.29863742760808304,0.5835370237239397,0.2878107997829896,0.23297491039426524,0.25925925925925924,0.9379470094385784,0.0025000000000000005,0.3552033619474285,2,0.10711715370416641,0.5637494325637817,1140,5000,0.10246077924966812,5000,5000,8,outer,64,0.8,6c3c73fec2c8,
unconstrained,rep_misspec_0.3,both,latent,identity,0.1,13,13396,11408,76,True,202,71,286,357,1,6.3125,0,0.5211651633483955,0.45898737935208067,1.308418869743217,0.6910494700042163,1.04600096761161,1.0227418870915623,0.6136954397868378,0.6391932047709645,0.04497172017341623,0.15250069353378976,0.07204905856441877,0.19946474523468877,0.04314644166595947,0.14916444755293923,0.061124596121905475,0.24723388950931763,0.18050062957019092,0.977060530838168,0.5174659490585327,0.6452177166938782,0.69235364343258,0.6817598717792775,0.26771103241104094,0.26771103241104094,0.262445000442433,1.0429326128683727,0.18111593781739427,0.32094811478636887,1.2505473361164066,0.589745145631068,0.3593594312011795,0.5763956310679612,0.33115636096618817,0.27972027972027974,0.2857142857142857,0.0,0.0,0.0,0.0,0.34616267681121826,0.5240612513466475,0.4600978919056141,1.318266249449061,0.6928409547715941,1.0535312500815899,1.0264167039178531,0.6152599338162675,0.6365957147405616,0.5214155316352844,0.6495627164840698,0.69235364343258,0.6817598717792775,0.26500181360699726,0.26500181360699726,0.2603907004420483,1.0473529104478527,0.1787944160779042,0.32096542738391254,1.255999211384656,0.5902305825242719,0.3598618929848644,0.5756067961165049,0.33091809994152194,0.27972027972027974,0.2857142857142857,0.780924981208435,0.0025000000000000005,0.26645863964008515,2,0.06265950947999954,0.8131207227706909,4210,5000,0.06112459674477577,5000,5000,8,outer,64,0.3,f3f8aa4d540d,
unconstrained,rep_misspec_0.8,both,latent,identity,0.1,13,13396,11408,76,True,202,71,286,357,1,6.3125,0,0.641378166170586,0.502836118430075,1.429168301473361,0.6858638125370131,1.1665715897057691,1.0800794367572086,0.6248545811680337,0.6018806070761535,0.07097117999014813,0.18451542680872646,0.07601567182586808,0.20215412074719574,0.034721646842229156,0.13730257293880138,0.0705502913038258,0.2656130480677216,0.19064141144076582,0.974056349407992,0.5630636811256409,0.6629462838172913,0.69235364343258,0.6817598717792775,0.22336177225736223,0.22336177225736223,0.20606633417929948,1.1167132546585201,0.06595376293654051,0.2964528411254984,1.3363944181892653,0.558495145631068,0.33146290315678073,0.5589805825242719,0.3094976799673571,0.27972027972027974,0.25,0.0,0.0,0.0,0.0,0.43690985441207886,0.6922613255308224,0.5159051430573361,1.3151273964056704,0.6854702102307262,1.1075053727807211,1.05238081167452,0.6289485211729295,0.6220383124686184,0.6227562427520752,0.6474679112434387,0.69235364343258,0.6817598717792775,0.23076354375256358,0.23076354375256358,0.24016548278422473,1.1431073731047696,0.163484626281601,0.24071499745440694,1.2622119907787366,0.6026699029126213,0.3414681927299374,0.5652912621359224,0.30654243651712587,0.27972027972027974,0.21428571428571427,0.8317990767831607,0.0025000000000000005,0.28019922369481826,2,0.07373342663049698,1.045501947402954,1530,5000,0.07055028527975082,5000,5000,8,outer,64,0.8,d8342dc42a10,
algebra,rep_misspec_0.3,both,latent,identity,0.1,13,13324,11336,48,True,202,71,286,357,1,6.3125,0,0.4976604422439071,0.4589941553168082,1.0113673002770553,0.6271600648082584,0.8401316809326727,0.91658697401429,0.5711047616444418,0.7102056032894097,0.043348584688576795,0.14536432414337824,0.06555074598034007,0.1920636204180708,0.03559210954012648,0.1360993060771991,0.055995239542862674,0.23663313280870596,0.1726382861414981,0.9789855287036807,0.5300515294075012,0.5007657408714294,0.69235364343258,0.6817598717792775,0.31769956552724093,0.31769956552724093,0.24985566423307115,1.0294474946987398,0.3250950453605822,0.3378830412206535,1.0272523248675547,0.5450849514563106,0.33079027056820365,0.5612257281553398,0.3441939484954468,0.27972027972027974,0.21428571428571427,0.0,0.0,0.0,0.0,0.0,0.4989373475071079,0.4587551899213484,1.0129935104630219,0.6278857620314535,0.8416414561443838,0.9174101896885514,0.5715089046614185,0.7096848225516084,0.5307302474975586,0.5002958178520203,0.69235364343258,0.6817598717792775,0.31708706606050663,0.31708706606050663,0.2508957025003238,1.030086272713822,0.3246583381447775,0.3393319132728633,1.027389025857563,0.5460558252427185,0.3267090375688615,0.562257281553398,0.3446911898559261,0.27972027972027974,0.21428571428571427,0.780924981208435,0.0025000000000000005,0.26645863964008515,2,0.0609598308801651,0.8385307192802429,4890,5000,0.05599523335695267,5000,5000,8,outer,64,0.3,ff6d2e97c05b,
algebra,rep_misspec_0.8,both,latent,identity,0.1,13,13324,11336,48,True,202,71,286,357,1,6.3125,0,0.6432242647370836,0.5064723868808296,1.0369027092201044,0.6356400121879767,0.9056765610590976,0.9516704056862846,0.5925841370855943,0.6909170377060643,0.1717778590743614,0.21834566042110207,0.09127267581244515,0.20823933791556554,0.03467979032197986,0.1358904543609214,0.11013850021172471,0.3318712102785126,0.20437538060007474,0.9594984696248046,0.5487289428710938,0.5025850534439087,0.69235364343258,0.6817598717792775,0.3017807021781159,0.3017807021781159,0.2574417879937777,1.0443385572029567,0.31448978895023894,0.36343425509022426,1.0413176579983892,0.5510315533980582,0.32107353435558567,0.5651699029126214,0.3253961231773822,0.27972027972027974,0.21428571428571427,0.0,0.0,0.0,0.0,0.0,0.6439354949542154,0.5065382174576757,1.0374856722467392,0.6357051941076837,0.9063022798158977,0.9519990965415344,0.5926495352243476,0.6907034967851327,0.5489103198051453,0.502556562423706,0.69235364343258,0.6817598717792775,0.30152743661860354,0.30152743661860354,0.25663938115799473,1.0447859125491332,0.3143316663003914,0.3625983772325235,1.0415168362412999,0.5516990291262136,0.3211102184576344,0.5654126213592233,0.32532827992551655,0.27972027972027974,0.21428571428571427,0.8317990767831607,0.0025000000000000005,0.28019922369481826,2,0.11151118576526642,0.8549360036849976,4980,5000,0.11013849824666977,5000,5000,8,outer,64,0.8,6c3c73fec2c8,
unconstrained,rep_misspec_0.3,both,latent,identity,0.1,14,13396,11408,76,True,202,73,290,363,2,6.3125,0,0.9375113940584464,0.6753795012356643,1.7183881733519422,0.8807598532646851,1.4580959135874434,1.207516423734039,0.812299735921678,0.5007737212855037,0.06313876775903356,0.19070660029765296,0.11220616453417315,0.25376778021912094,0.08667204393882069,0.2249652568502159,0.09497363040479889,0.30817792004749284,0.2320040192642755,0.9693965862946031,0.7011736035346985,0.6579940319061279,0.6826052818248248,0.6977634544355721,0.11014980770528061,0.11014980770528061,0.15767488317340278,1.3301334703145216,0.14165650229829158,0.18323441461233497,1.2749394037403676,0.5909239950160666,0.33229297802163804,0.5521017771657157,0.3400007730179681,0.23793103448275862,0.27586206896551724,0.0,0.0,0.0,0.0,0.38851866126060486,0.8183309573485533,0.6178239039991272,1.6177090269515793,0.8501909929422895,1.3512496704172372,1.1624326519920356,0.7727352966279021,0.5373559871539055,0.712029218673706,0.7491515278816223,0.6826052818248248,0.6977634544355721,0.19044802693265783,0.19044802693265783,0.24948478209794614,1.2883314734085245,0.2834899100254762,0.28729219380606846,1.2576302712185006,0.5655452816578137,0.3125036159208366,0.6002360810544953,0.35836210319894546,0.23793103448275862,0.20689655172413793,0.8097027541241386,0.0025000000000000005,0.27617528711468287,2,0.11342226713895798,1.7251083850860596,1200,5000,0.09497363865375519,5000,5000,8,outer,64,0.3,f3f8aa4d540d,
algebra,rep_misspec_0.3,both,latent,identity,0.1,14,13324,11336,48,True,202,73,290,363,2,6.3125,0,0.6964385781637573,0.5987884098257396,1.2503471076432595,0.747133850025757,1.065710931150092,1.0323327618312286,0.6976853699590847,0.6351194064905972,0.06333592719520405,0.18674820860235525,0.0811142727322496,0.2106609822655104,0.06531516452275901,0.19492397718413906,0.07424506568166661,0.27247947754219326,0.20194822315332367,0.9760759649709505,0.677489697933197,0.5356913805007935,0.6826052818248248,0.6977634544355721,0.29376614706543214,0.29376614706543214,0.25577625876891397,1.179145966261006,0.24432224683529924,0.2653382651234936,1.1068904029693254,0.5995147222768706,0.3584356582287601,0.6510590858416945,0.39033871388637764,0.23793103448275862,0.27586206896551724,0.0,0.0,0.0,0.0,0.0,0.7952545312868095,0.6362170233144546,1.2871359955288735,0.769382433062112,1.1231755074481855,1.0597997487488782,0.7249939631462261,0.615444550868363,0.755045473575592,0.5453874468803406,0.6826052818248248,0.6977634544355721,0.27007017078278517,0.27007017078278517,0.2722848809961658,1.2821770192651747,0.32999846800360577,0.3042547145789999,1.0586766479858278,0.5851531247950686,0.32001191570569576,0.693422519509476,0.43859440810432493,0.23793103448275862,0.20689655172413793,0.8097027541241386,0.0025000000000000005,0.27617528711468287,2,0.09576139599084854,1.5341074466705322,1310,5000,0.07424506545066833,5000,5000,8,outer,64,0.3,ff6d2e97c05b,
algebra,rep_misspec_0.8,both,latent,identity,0.1,14,13324,11336,48,True,202,73,290,363,2,6.3125,0,1.0195350832975827,0.7091815023877622,1.390468701854986,0.7948663517896938,1.2668241623358516,1.1255328348546085,0.7663047353223832,0.5791875208498816,0.2462178725637081,0.301498138406343,0.11736721460058144,0.24438562105253808,0.06290367166671035,0.1947917247013587,0.15101223872115435,0.38860293195130985,0.2568672914092442,0.9526350112518491,0.747340977191925,0.6043314933776855,0.6826052818248248,0.6977634544355721,0.2847881049861709,0.2847881049861709,0.3220405261286882,1.2645497164186055,0.2810093091660639,0.3417149984562529,1.1349114873470538,0.5729556036461406,0.3667955331825449,0.6397140796117778,0.3925748560893645,0.23793103448275862,0.2413793103448276,0.0,0.0,0.0,0.0,0.0,1.0311844269214956,0.7106154784896864,1.419378350241358,0.8006283265179059,1.289980375801404,1.135773030055479,0.7706240438418328,0.5714955112672722,0.7556822299957275,0.5993722677230835,0.6826052818248248,0.6977634544355721,0.2817520296858745,0.2817520296858745,0.3137944565333714,1.276047910612275,0.25312230697142296,0.3207026939924252,1.147800667127547,0.5760377729687193,0.3704162990919651,0.6265984654731458,0.37797250235073154,0.23793103448275862,0.2413793103448276,0.9162175317039414,0.0025000000000000005,0.30306448199628494,2,0.16893650591373444,1.412596344947815,3440,5000,0.15101222693920135,5000,5000,8,outer,64,0.8,6c3c73fec2c8,
unconstrained,rep_misspec_0.8,both,latent,identity,0.1,14,13396,11408,76,True,202,73,290,363,2,6.3125,0,1.3782252118053953,0.8095719441848334,1.6599646311302958,0.8687322998704285,1.5660514913553287,1.2514197902204234,0.8490121813085635,0.47979046331193753,0.08784330190103637,0.21889032418903717,0.0947752630505617,0.23585468448856342,0.07076536922553237,0.2042440944150017,0.0903918460998065,0.3006523675273596,0.22772053740615708,0.9716485974269438,0.8653113842010498,0.6650048494338989,0.6826052818248248,0.6977634544355721,0.13714854611418578,0.13714854611418578,0.12898960215607957,1.5059111004131127,0.19035707243969618,0.17879371233656885,1.2577102383139145,0.5948586792576562,0.39883257327723665,0.593940586267952,0.35349086112611094,0.23793103448275862,0.20689655172413793,0.0,0.0,0.0,0.0,0.8076894879341125,1.3738472179991488,0.8067557132770568,1.6291067160095465,0.8679239721226344,1.5440202166727472,1.2425861003056276,0.8475345525074418,0.4871087917695507,0.8459692001342773,0.6719599366188049,0.6826052818248248,0.6977634544355721,0.13511157803250573,0.13511157803250573,0.13658926609894495,1.4873042348555385,0.20812628528914523,0.21039083247945464,1.2482953233510379,0.5847596563709097,0.3963649602814729,0.5765623975342645,0.3413055320009595,0.23793103448275862,0.20689655172413793,0.9162175317039414,0.0025000000000000005,0.30306448199628494,2,0.09393800050020218,1.8079638481140137,3080,5000,0.0903918445110321,5000,5000,8,outer,64,0.8,d8342dc42a10,
additive,main,both,latent,identity,0.05,2,1988,0,48,True,101,74,294,368,0,3.15625,1,0.6117813344208936,0.5344283251016014,1.0922691306139645,0.6531384821131441,0.9321065318829409,0.9654566442274561,0.6135684297759633,0.6761560900171846,0.19845951695709332,0.27284199229589207,0.7985636993795661,0.47930257360731077,0.1428595299265597,0.23753955759103149,0.5190661809336201,0.7204624771170391,0.38032341355964006,0.821113102240085,0.0,0.0,0.6634971332151967,0.6956231010395416,,,,0.9999999999988642,,,0.9999999999989667,,,,,0.23469387755102042,,0.0,0.0,0.0,0.0,0.0,,,,,,,,,,,,,,,,,,,,,,,,,,0.7643717300427518,0.0025000000000000005,0.26492104756961427,2,0.5196394920349121,0.7722203135490417,4120,5000,0.5190661549568176,5000,5000,8,outer,64,0.0,7d00aa8b0ab5,0.0
additive,main,both,latent,identity,0.05,0,1988,0,48,True,101,66,266,332,0,3.15625,4,0.6802787277023062,0.5065370154376689,1.0212984595812808,0.5960737707573045,0.9076252156216228,0.9526936630531468,0.5662281856507595,0.668916617454022,0.17139210663761,0.24664390437013783,0.6398325290994233,0.40391573667718944,0.14755659656076803,0.235029322473639,0.4250691984424285,0.6519733111427404,0.33118226100405745,0.8366820695643784,0.0,0.0,0.6749444343461529,0.5842553322044434,,,,0.9999999999989024,,,0.9999999999985353,,,,,0.23684210526315788,,0.0,0.0,0.0,0.0,0.0,,,,,,,,,,,,,,,,,,,,,,,,,,0.6852257480026052,0.0025000000000000005,0.2487000721143253,2,0.42626649141311646,1.118514060974121,530,5000,0.4250692129135132,5000,5000,8,outer,64,0.0,7d00aa8b0ab5,0.0
additive,main,both,latent,identity,0.05,1,1988,0,48,True,101,60,242,302,0,3.15625,4,0.6114856034157564,0.503560587688295,1.0632083971826642,0.6207123310813943,0.912634132593695,0.9553188643556113,0.5816617499503612,0.6707307030993069,0.11684856954485918,0.21782923086203798,0.5267776309796786,0.37578157836514237,0.11719489997199697,0.2092345556630713,0.3425374947687566,0.5852670286021215,0.30326878122414486,0.8331659975194374,0.0,0.0,0.7236853112125092,0.6716918191595322,,,,0.9999999999990453,,,0.9999999999988918,,,,,0.2603305785123967,,0.0,0.0,0.0,0.0,0.0,,,,,,,,,,,,,,,,,,,,,,,,,,0.8270751336687069,0.0025000000000000005,0.29530161787387416,2,0.3592990040779114,0.5632709264755249,530,5000,0.3425374925136566,5000,5000,8,outer,64,0.0,7d00aa8b0ab5,0.0
additive,main,both,latent,identity,0.05,3,1988,0,48,True,101,64,257,321,0,3.15625,4,0.4798159507496898,0.4549139443082777,0.8446382169960898,0.5587000629267234,0.7230307949139564,0.850312174976906,0.5241046900539081,0.7223191781322313,0.12771468428432625,0.22921652317425473,0.47191527228726315,0.36766519770056155,0.08766464251258885,0.20369633763468636,0.31018148565544906,0.556939391366286,0.30096949423632996,0.8384398708597076,0.0,0.0,0.624247173031166,0.600675599158459,,,,0.9999999999987169,,,0.9999999999986142,,,,,0.2723735408560311,,0.0,0.0,0.0,0.0,0.0,,,,,,,,,,,,,,,,,,,,,,,,,,0.6351476448634765,0.0025000000000000005,0.24198641121127815,2,0.3185705244541168,0.7875251770019531,4180,5000,0.31018146872520447,5000,5000,8,outer,64,0.0,7d00aa8b0ab5,0.0
additive,main,both,latent,identity,0.05,4,1988,0,48,True,101,73,294,367,0,3.15625,2,0.6405566279797285,0.5227636759603874,1.2671714068278332,0.6648680366072265,1.0582998138784652,1.0287369993727578,0.6174999163916135,0.6509884216778288,0.1444270092610249,0.25265136905171315,0.45810317229183195,0.3854349955771099,0.15590040711120476,0.2649418224407002,0.319077914968476,0.5648698212583816,0.32787992920164594,0.8485374055671899,0.0,0.0,0.8104189479295445,0.7907564643727457,,,,0.9999999999992387,,,0.9999999999992004,,,,,0.2789115646258503,,0.0,0.0,0.0,0.0,0.0,,,,,,,,,,,,,,,,,,,,,,,,,,1.076287525145831,0.0025000000000000005,0.3534790323700732,2,0.3567083179950714,1.342840552330017,3040,5000,0.31907790899276733,5000,5000,8,outer,64,0.0,7d00aa8b0ab5,0.0
unconstrained,main,both,latent,identity,0.05,0,13396,11408,76,True,101,66,266,332,0,3.15625,4,0.5278484318482731,0.41362114916297893,1.09376985150565,0.578433705807708,0.9051293782865244,0.9513828768096073,0.5234961869261316,0.6698270486022166,0.03065963317354228,0.12087448010161621,0.02754526332091722,0.1222590275111592,0.026971396607684647,0.12332874281377501,0.0283022766328198,0.16823280486522182,0.12206453838582833,0.9891258428904615,0.32332566380500793,0.42877382040023804,0.6749444343461529,0.5842553322044434,0.059366642638382,0.059366642638382,0.12303681612341219,1.0628163081773818,-0.0026122526623496393,0.04311775835603424,1.272634500021624,0.6333567909922591,0.348914055370905,0.5907420439440144,0.32876869200037817,0.23684210526315788,0.11538461538461539,0.0,0.0,0.0,0.0,0.27473655343055725,,,,,,,,,,,,,,,,,,,,,,,,,,0.6852257480026052,0.0025000000000000005,0.2487000721143253,2,0.0287155918776989,1.1762505769729614,1470,5000,0.028302278369665146,5000,5000,8,outer,64,0.0,637fdc61543e,0.002749854556860276
unconstrained,main,both,latent,identity,0.05,1,13396,11408,76,True,101,60,242,302,0,3.15625,4,0.5222639735660731,0.418943470686666,1.1423069582299725,0.6158217227607197,0.9356259633420059,0.9672776040734148,0.5501956387360352,0.6624354797731304,0.02578938308241347,0.11122641348816349,0.022060898954029004,0.10940922378937261,0.03841069024110644,0.12629114686933152,0.0259381838023663,0.1610533570043366,0.11285330890298366,0.987366723097725,0.25513869524002075,0.4479771852493286,0.7236853112125092,0.6716918191595322,0.1015876055498516,0.1015876055498516,0.12429335477241929,1.0112800345612507,0.04346193975110718,0.04057677237609339,1.1795869346573349,0.6045934202358784,0.3428549957838219,0.5973219827968431,0.3320373782815403,0.2603305785123967,0.25,0.0,0.0,0.0,0.0,0.2395806908607483,,,,,,,,,,,,,,,,,,,,,,,,,,0.8270751336687069,0.0025000000000000005,0.29530161787387416,2,0.027050085365772247,0.48206329345703125,4840,5000,0.025938184931874275,5000,5000,8,outer,64,0.0,637fdc61543e,-0.025192823637845363
unconstrained,main,both,latent,identity,0.05,2,13396,11408,76,True,101,74,294,368,0,3.15625,1,0.5167688114925604,0.43646706302159677,1.317098153689066,0.7000071507171455,1.0503217062902308,1.0248520411699586,0.6121604548186294,0.6350843208686288,0.024161102298631824,0.1086226439585618,0.019117819408825464,0.10553743196175751,0.03981689777342486,0.1367535362818103,0.02411540139030994,0.15529134357815938,0.11183017607118699,0.9916890571926908,0.3128035366535187,0.5569061040878296,0.6634971332151967,0.6956231010395416,0.12221223031928297,0.12221223031928297,0.15775190275103507,1.045511842878287,0.04994009388456161,0.14606139094730855,1.245168051744236,0.5397745571658615,0.29379509143567767,0.487085346215781,0.23216063383309998,0.23469387755102042,0.20689655172413793,0.0,0.0,0.0,0.0,0.26915109157562256,,,,,,,,,,,,,,,,,,,,,,,,,,0.7643717300427518,0.0025000000000000005,0.26492104756961427,2,0.026310928165912628,0.7881167531013489,4999,5000,0.02411540225148201,5000,5000,8,outer,64,0.0,637fdc61543e,-0.12682581911370616
unconstrained,main,both,latent,identity,0.05,4,13396,11408,76,True,101,73,294,367,0,3.15625,2,0.5682198383779015,0.44290018486838667,1.1609363082539335,0.6147061439129932,0.9633641516285895,0.9815111571595044,0.5574374908981244,0.6822967946798624,0.029023007416448927,0.11870092190505517,0.024589551667218868,0.11119387036250551,0.027671801167282396,0.12027930649590336,0.026347162017835497,0.16231808900376907,0.1148442249083774,0.9874933070326812,0.3521217703819275,0.3400355577468872,0.8104189479295445,0.7907564643727457,0.3092514026024895,0.3092514026024895,0.18100542698713085,0.9434259967072681,0.2505872817510317,0.2055574378765216,0.9719205593511896,0.628969167050161,0.4377400045427887,0.6193051081454212,0.40292810408901436,0.2789115646258503,0.2413793103448276,0.0,0.0,0.0,0.0,0.23207193613052368,,,,,,,,,,,,,,,,,,,,,,,,,,1.076287525145831,0.0025000000000000005,0.3534790323700732,2,0.02918124385178089,1.287170171737671,760,5000,0.026347162202000618,5000,5000,8,outer,64,0.0,637fdc61543e,0.08970582910900715
unconstrained,main,both,latent,identity,0.05,3,13396,11408,76,True,101,64,257,321,0,3.15625,4,0.45475297916131713,0.3970909958165916,0.9483823847302414,0.5665707215645691,0.7838392495405999,0.8853469656245511,0.5100774796485766,0.6989656200597225,0.029110776813239155,0.11898401080934984,0.02575957563357588,0.113907766704379,0.02526365314380548,0.11710660516192734,0.026595358412324337,0.163080833982183,0.11586260680215871,0.9861476273138999,0.2510722279548645,0.3469619154930115,0.624247173031166,0.600675599158459,0.0883580717424669,0.0883580717424669,0.11602580507420142,1.031150998750913,0.07966939532376059,0.19674265903538138,1.12617642184388,0.5750954927425516,0.3645927917774578,0.5532467532467532,0.3285614063883724,0.2723735408560311,0.2,0.0,0.0,0.0,0.0,0.24720942974090576,,,,,,,,,,,,,,,,,,,,,,,,,,0.6351476448634765,0.0025000000000000005,0.24198641121127815,2,0.027440795674920082,0.9183176159858704,1650,5000,0.026595357805490494,5000,5000,8,outer,64,0.0,637fdc61543e,-0.08410216418773686
shared_pair,main,both,latent,identity,0.05,0,13396,11408,76,True,101,66,266,332,0,3.15625,4,0.524650193825408,0.41036564721262137,0.9618152738914194,0.5594426001052889,0.8160935805360823,0.9033789794632606,0.5097502824743997,0.7023055128179851,0.024838257533426118,0.10570516300515022,0.017818296294380045,0.0988594655877058,0.029748009614924326,0.12651986462741252,0.021830606206256035,0.14775183994203264,0.10556704318362711,0.9916123552616254,0.310762882232666,0.375061571598053,0.6749444343461529,0.5842553322044434,0.14330892477813645,0.14330892477813645,0.1605302210370106,1.0585205648613065,0.16907417962301569,0.13837344049120043,1.1010137889752172,0.5944952693721167,0.30379037678290943,0.5964500742825866,0.33022983591524,0.23684210526315788,0.038461538461538464,0.0,0.0,0.0,0.0,0.4049637019634247,,,,,,,,,,,,,,,,,,,,,,,,,,0.6852257480026052,0.0025000000000000005,0.2487000721143253,2,0.023056048899888992,0.9929323792457581,4720,5000,0.0218306053429842,5000,5000,8,outer,64,0.0,0ada562eefbc,0.10084739109286589
shared_pair,main,both,latent,identity,0.05,1,13396,11408,76,True,101,60,242,302,0,3.15625,4,0.5348144835903651,0.41606055645150947,1.1388796867778654,0.6131257617536309,0.9375246190486985,0.9682585496904732,0.5474373599862571,0.6617504637220406,0.01806446060223302,0.09639294196700764,0.01867985342700679,0.09983039321538062,0.025661043845024205,0.11410290406960147,0.019727922940497154,0.1404561246101328,0.1013733308681993,0.9903914508774779,0.2837911546230316,0.44337156414985657,0.7236853112125092,0.6716918191595322,0.08804508260691457,0.08804508260691457,0.12164564459296007,1.0351547136982777,0.08239562020569169,0.0721122114307076,1.154813672263993,0.6443202979515829,0.3405365304263308,0.5447370754633325,0.30934394235490825,0.2603305785123967,0.2916666666666667,0.0,0.0,0.0,0.0,0.40864014625549316,,,,,,,,,,,,,,,,,,,,,,,,,,0.8270751336687069,0.0025000000000000005,0.29530161787387416,2,0.027313845232129097,0.49819856882095337,4330,5000,0.019727922976017,5000,5000,8,outer,64,0.0,0ada562eefbc,-0.02727323641103041
shared_pair,main,both,latent,identity,0.05,2,13396,11408,76,True,101,74,294,368,0,3.15625,1,0.5903396661802096,0.46140645705478317,1.3706289694999745,0.7035680972961437,1.110532535060053,1.053818074935163,0.6228475505490235,0.6141651345469371,0.011232929697630673,0.08075936228501554,0.020185137233942618,0.10721418635229629,0.02726531489300799,0.12308140431667328,0.01895614107321422,0.1376813025549011,0.10270073871993872,0.9934671042062742,0.37927889823913574,0.5775958895683289,0.6634971332151967,0.6956231010395416,0.012632668690838646,0.012632668690838646,0.11012947088941438,1.133601086828263,0.06086637082202633,0.16996988417626552,1.2562182295059006,0.5398389694041867,0.27962128450798496,0.509951690821256,0.23605985154966827,0.23469387755102042,0.2413793103448276,0.0,0.0,0.0,0.0,0.6224482655525208,,,,,,,,,,,,,,,,,,,,,,,,,,0.7643717300427518,0.0025000000000000005,0.26492104756961427,2,0.019127871841192245,0.7388757467269897,3880,5000,0.018956143409013748,5000,5000,8,outer,64,0.0,0ada562eefbc,-0.1914223289656336
shared_pair,main,both,latent,identity,0.05,3,13396,11408,76,True,101,64,257,321,0,3.15625,4,0.4285007410113211,0.39054823799956256,0.8465172128334628,0.5416656607429041,0.7071783888927489,0.8409389923726625,0.4912931864951236,0.7284073131930269,0.016359838787183015,0.09095814840164766,0.029029302039894872,0.11397143752173075,0.02248427251562723,0.1118412600908552,0.024401242971565096,0.15620897212249077,0.10726660494215466,0.9872904472124142,0.23904618620872498,0.32644879817962646,0.624247173031166,0.600675599158459,0.11599532292974496,0.11599532292974496,0.14694672003664824,1.0159183084477827,0.14550016650459607,0.17929072453850328,1.056449590417122,0.5926661573720398,0.387392077566328,0.5760122230710465,0.3490778581001702,0.2723735408560311,0.2,0.0,0.0,0.0,0.0,0.31200501322746277,,,,,,,,,,,,,,,,,,,,,,,,,,0.6351476448634765,0.0025000000000000005,0.24198641121127815,2,0.025152109563350677,0.8989432454109192,1670,5000,0.024401243776082993,5000,5000,8,outer,64,0.0,0ada562eefbc,0.021924938927523896
shared_pair,main,both,latent,identity,0.05,4,13396,11408,76,True,101,73,294,367,0,3.15625,2,0.5929001429638895,0.46411416680411427,1.2816398111858838,0.650551523572977,1.0520599217785522,1.0256997230079339,0.588405737983356,0.6530462455211208,0.02690242903501056,0.12017498663899329,0.024160056274051725,0.11967559667663392,0.024832559765305122,0.11153166368611522,0.02503204502690475,0.1582151858289992,0.11839283557256064,0.9881175778520789,0.35429510474205017,0.33513060212135315,0.8104189479295445,0.7907564643727457,0.2746813821398145,0.2746813821398145,0.15109997721539015,0.9525515786441169,0.12431212984727867,0.1548969793273936,1.034945636070926,0.5795559134836632,0.37219873497055744,0.6190174873446848,0.3752327733104766,0.2789115646258503,0.20689655172413793,0.0,0.0,0.0,0.0,0.3887963891029358,,,,,,,,,,,,,,,,,,,,,,,,,,1.076287525145831,0.0025000000000000005,0.3534790323700732,2,0.026463700458407402,1.3605232238769531,2580,5000,0.02503204345703125,5000,5000,8,outer,64,0.0,0ada562eefbc,0.005896147781643157
algebra,main,both,latent,identity,0.05,0,13324,11336,48,True,101,66,266,332,0,3.15625,4,0.5107027517992216,0.4052111395756435,0.9584411372721441,0.5576773005734437,0.8091950087811698,0.8995526714879846,0.5068552469075103,0.7048219727312195,0.01100181939866078,0.07830599310093479,0.02241202220858121,0.10847929996038339,0.027452426755134172,0.12549197325487968,0.020150865279909346,0.14195374345155307,0.1031422620803928,0.9922577367965947,0.3527977168560028,0.43375712633132935,0.6749444343461529,0.5842553322044434,0.20115132891605256,0.20115132891605256,0.27347077679358456,1.040443200233065,0.19564408576471048,0.24268738413768148,1.142316282176672,0.6206896551724138,0.31523639838799544,0.597466572836031,0.3275866699778648,0.23684210526315788,0.07692307692307693,0.0,0.0,0.0,0.0,0.0,,,,,,,,,,,,,,,,,,,,,,,,,,0.6852257480026052,0.0025000000000000005,0.2487000721143253,2,0.027056075632572174,1.0736980438232422,1750,5000,0.020150866359472275,5000,5000,8,outer,64,0.0,ff8bef52dedc,0.10844807432221815
algebra,main,both,latent,identity,0.05,1,13324,11336,48,True,101,60,242,302,0,3.15625,4,0.5698742677651634,0.43464033195993107,1.1888198118809266,0.6296037187417957,0.9825046305090054,0.9912137158600084,0.5646159231478408,0.6455221239973045,0.011593947682973353,0.08447252629636164,0.02473039408413321,0.11846606166993187,0.03420054235941669,0.13027371690399903,0.022766656762882517,0.1508862378180413,0.11116999317469946,0.9889114256720508,0.2648358643054962,0.4800368845462799,0.7236853112125092,0.6716918191595322,0.005635353913665157,0.005635353913665157,0.008946076719244082,1.0600543151006194,0.09816630555264001,0.09124841609438618,1.1728171169086363,0.6263190564866542,0.32431678238784123,0.567438148443735,0.3033020727102911,0.2603305785123967,0.125,0.0,0.0,0.0,0.0,0.0,,,,,,,,,,,,,,,,,,,,,,,,,,0.8270751336687069,0.0025000000000000005,0.29530161787387416,2,0.024915440008044243,0.41842541098594666,1190,5000,0.022766657173633575,5000,5000,8,outer,64,0.0,ff8bef52dedc,-0.07655915489018517
algebra,main,both,latent,identity,0.05,2,13324,11336,48,True,101,74,294,368,0,3.15625,1,0.5040627240274693,0.45732726801765805,1.2548746640449115,0.6884776566544414,1.0046040173724309,1.0022993651461778,0.611427527108847,0.6509681223742464,0.007280297051259904,0.06547040624304291,0.021837875622420604,0.10910718792383646,0.03308539942820893,0.12961459179875706,0.01979298757850568,0.14068755303332872,0.10067437838224182,0.9931786999897568,0.39477887749671936,0.5915301442146301,0.6634971332151967,0.6956231010395416,0.17845964279876397,0.17845964279876397,0.2061294142230271,1.0466393017094129,0.09781500808364291,0.16598151495225266,1.2477570734746253,0.5046054750402578,0.2663800445482929,0.5143317230273752,0.23726323771188973,0.23469387755102042,0.2413793103448276,0.0,0.0,0.0,0.0,0.0,,,,,,,,,,,,,,,,,,,,,,,,,,0.7643717300427518,0.0025000000000000005,0.26492104756961427,2,0.022478919476270676,0.7301602959632874,4160,5000,0.019792988896369934,5000,5000,8,outer,64,0.0,ff8bef52dedc,-0.07777811120263078
algebra,main,both,latent,identity,0.05,3,13324,11336,48,True,101,64,257,321,0,3.15625,4,0.4786795926553941,0.4176294177383872,0.9669144126133868,0.5847496109083294,0.8041694726273892,0.8967549679970495,0.529042879851682,0.6911577741212014,0.012910986769677009,0.09055295414803659,0.02687019335627024,0.12083836205872707,0.027826745202385945,0.12679349133889178,0.023195368977266123,0.15230025928167726,0.1135421824264404,0.9879185348554732,0.239460751414299,0.3735215365886688,0.624247173031166,0.600675599158459,0.04255216926223843,0.04255216926223843,0.14203872245724367,1.0466385581849447,0.0034085800548232514,0.03080197069269749,1.1581079739925788,0.6210847975553858,0.39692287135571813,0.5464476699770818,0.3316691689377542,0.2723735408560311,0.16,0.0,0.0,0.0,0.0,0.0,,,,,,,,,,,,,,,,,,,,,,,,,,0.6351476448634765,0.0025000000000000005,0.24198641121127815,2,0.029428638517856598,0.9584668278694153,2570,5000,0.02319536730647087,5000,5000,8,outer,64,0.0,ff8bef52dedc,-0.11222022392986553
algebra,main,both,latent,identity,0.05,4,13324,11336,48,True,101,73,294,367,0,3.15625,2,0.5645916901204404,0.458750501651813,1.2211190545705877,0.6393619100303748,1.002276599753872,1.0011376527500462,0.5791581072375208,0.6694640465696524,0.0130114030236575,0.08771307556397429,0.025420831147451334,0.11005441101889213,0.029345035033563352,0.12061140934419558,0.02269003225973469,0.15063210899318474,0.1057469805335317,0.9892293042150438,0.44893065094947815,0.371520459651947,0.8104189479295445,0.7907564643727457,0.3816615895340697,0.3816615895340697,0.23294548339379714,0.9288488479830825,0.17557629993347834,0.21290116555675315,1.0221744923031026,0.5949148642429821,0.4106944476360561,0.5917510354348826,0.35142269696098594,0.2789115646258503,0.27586206896551724,0.0,0.0,0.0,0.0,0.0,,,,,,,,,,,,,,,,,,,,,,,,,,1.076287525145831,0.0025000000000000005,0.3534790323700732,2,0.025432448834180832,1.3016598224639893,760,5000,0.022690029814839363,5000,5000,8,outer,64,0.0,ff8bef52dedc,0.05293699704933219
additive,cov040,both,latent,identity,0.4,1,1988,0,48,True,806,60,242,302,17,25.1875,0,0.42220770138823654,0.39999754368638324,0.872699097824454,0.5348965591762946,0.7225352990123817,0.8500207638713196,0.4899302206796575,0.7393164671415419,0.40846082006973666,0.380802011165535,0.9455877166519888,0.5158846599770531,0.08441505913351469,0.18901740333740052,0.7489562385188391,0.8654225780038554,0.4635896884351428,0.7370515057320467,0.0,0.0,0.7236853112125092,0.6716918191595322,,,,0.9999999999990453,,,0.9999999999988918,,,,,0.2603305785123967,,0.0,0.0,0.0,0.0,0.0,0.42143542381744836,0.39752915635054964,0.8718306136614882,0.5332768388437852,0.7216988837134749,0.8495286244226706,0.48802761134603995,0.7396182374430813,0.0,0.0,0.7236853112125092,0.6716918191595322,,,,0.9999999999990453,,,0.9999999999988918,,,,,0.2603305785123967,,0.8270751336687071,0.0025000000000000005,0.29530161787387427,2,0.7490870356559753,0.3207986056804657,2760,5000,0.7489562630653381,5000,5000,8,outer,64,0.0,f23457da206b,0.0
additive,cov040,both,latent,identity,0.4,0,1988,0,48,True,806,66,266,332,13,25.1875,0,0.39211848516289644,0.39116599274901037,0.7328210172515928,0.4900211143392523,0.6192535065553606,0.7869266208201122,0.457069407142505,0.7741088038597653,0.3350780118495018,0.35346035281081717,0.7946632199705154,0.4799802672080192,0.06434065716944024,0.17745097739495488,0.6265865391627774,0.7915721945361506,0.4310935123521847,0.7827603798747198,0.0,0.0,0.6749444343461529,0.5842553322044433,,,,0.9999999999989024,,,0.9999999999985353,,,,,0.23684210526315788,,0.0,0.0,0.0,0.0,0.0,0.39102824933378144,0.390514495239848,0.7317943276102862,0.49001342404771614,0.6182056348514512,0.7862605387856185,0.4568471144450934,0.7744910463341185,0.0,0.0,0.6749444343461529,0.5842553322044433,,,,0.9999999999989024,,,0.9999999999985353,,,,,0.23684210526315788,,0.6852257480026048,0.0025000000000000005,0.24870007211432524,2,0.6270788908004761,0.9595833420753479,3770,5000,0.6265865564346313,5000,5000,8,outer,64,0.0,f23457da206b,0.0
unconstrained,cov040,both,latent,identity,0.4,0,13396,11408,76,True,806,66,266,332,13,25.1875,0,0.10596032842784707,0.19136050988052078,0.17478222505655625,0.22835623398730584,0.1518415928469865,0.38966856794843807,0.2160243259517108,0.9446112477863249,0.048824937737710086,0.14467848510641396,0.04524800001659242,0.14435626624182782,0.004509056040993591,0.053569600462277246,0.045359087602725584,0.2129767301907079,0.1421199091890338,0.9842738546965728,0.5296769142150879,0.48716872930526733,0.6749444343461529,0.5842553322044433,0.8508653672124461,0.8508653672124461,0.7149604454213763,0.4811407913464844,0.8395362239743649,0.8063564678072115,0.5499291580018197,0.8899835796387521,0.7607855239244755,0.8849010868715302,0.7022727256536307,0.23684210526315788,0.6923076923076923,0.0,0.0,0.0,0.0,0.22202883660793304,0.10650342106758164,0.19291815985447563,0.17571834371483488,0.23025060612535767,0.15264670283241713,0.39070027237310334,0.217806457368397,0.9443175598932276,0.5307891964912415,0.4869789183139801,0.6749444343461529,0.5842553322044433,0.8514196978998625,0.8514196978998625,0.7163331797800628,0.47941645520740717,0.8397641986658533,0.8056587833799042,0.5496429874297298,0.8884979279067948,0.759634728295551,0.8854484322464617,0.7036862606007983,0.23684210526315788,0.6538461538461539,0.6852257480026048,0.0025000000000000005,0.24870007211432524,2,0.04879489541053772,0.1836889237165451,4990,5000,0.045359086245298386,5000,5000,8,outer,64,0.0,1bbe2e44625d,0.7547989777375415
unconstrained,cov040,both,latent,identity,0.4,1,13396,11408,76,True,806,60,242,302,17,25.1875,0,0.08323855644822178,0.18326152160159298,0.12781218919472545,0.2141923885076798,0.11295431161255755,0.3360867620311124,0.20388209953898417,0.959247210422792,0.05119207760492464,0.14611917467766655,0.03934377786273661,0.1412735241104407,0.004254101075805753,0.05153023407675349,0.042286562019803485,0.20563696656925157,0.14053300186830855,0.9851537550006053,0.6292351484298706,0.5631423592567444,0.7236853112125092,0.6716918191595322,0.9127882666684041,0.9127882666684041,0.7580863329637377,0.40103716882516044,0.9112274871910564,0.8587071519927048,0.42046442550889424,0.9677219118559901,0.9196246147505029,0.9423605568856965,0.8357084943481343,0.2603305785123967,0.7916666666666666,0.0,0.0,0.0,0.0,0.25812003016471863,0.08303835547653221,0.18271095952257788,0.12749267570630196,0.21320629276579,0.1126745689630454,0.3356703277965531,0.2030411816847193,0.9593481387819541,0.6289955973625183,0.5633695721626282,0.7236853112125092,0.6716918191595322,0.9128423494489825,0.9128423494489825,0.7586417847954375,0.4010012396372474,0.91131038258528,0.8582255769480717,0.4202145818611304,0.967455883657001,0.9185831879825377,0.9426265850846856,0.836180989887935,0.2603305785123967,0.7916666666666666,0.8270751336687071,0.0025000000000000005,0.29530161787387427,2,0.04291904345154762,0.05223950371146202,4840,5000,0.04228655993938446,5000,5000,8,outer,64,0.0,1bbe2e44625d,0.8436694902422727
shared_pair,cov040,both,latent,identity,0.4,0,13396,11408,76,True,806,66,266,332,13,25.1875,0,0.09853561509086688,0.18060934736243606,0.1749064759351319,0.23253346068681546,0.1494495223203769,0.38658701778561694,0.21522542291202232,0.9454838268945376,0.0375779414734794,0.12682665385789335,0.04623073777637232,0.14735673638608388,0.004814426545174867,0.05587234012995017,0.04235289823611111,0.20579819784466313,0.13833085085904354,0.9853161104668621,0.5381937623023987,0.47544288635253906,0.6749444343461529,0.5842553322044433,0.8541843452477478,0.8541843452477478,0.7118561721241837,0.4630355145996992,0.8571180750834795,0.8033887984748813,0.5312747582053277,0.8981155680663069,0.7420793483327286,0.894205958245367,0.7234808631793302,0.23684210526315788,0.6538461538461539,0.0,0.0,0.0,0.0,0.13095101714134216,0.09850919602630265,0.18061345799230158,0.17483759310117178,0.23228153348599095,0.1493947940762154,0.386516227442284,0.21505884165476116,0.9455037906547835,0.5384114980697632,0.4755912721157074,0.6749444343461529,0.5842553322044433,0.8542762567470332,0.8542762567470332,0.7110072191290182,0.4629081685493094,0.8574382788710588,0.8029844061074883,0.5308856929939993,0.8988192978340761,0.7429497692442695,0.8943623426382048,0.7236387811026336,0.23684210526315788,0.6538461538461539,0.6852257480026048,0.0025000000000000005,0.24870007211432524,2,0.04286365583539009,0.2080138623714447,4910,5000,0.04235290363430977,5000,5000,8,outer,64,0.0,1ac40ceb49f7,0.7586618069363871
additive,cov040,both,latent,identity,0.4,2,1988,0,48,True,806,74,294,368,16,25.1875,0,0.3814121942237963,0.3890903964208327,0.8626380063228167,0.5197511062350119,0.7022294022898099,0.8379912901037874,0.47619753629695216,0.7560228283316147,0.39576769722994276,0.38406827601543003,0.9181623539953784,0.535725099632469,0.06271954639736974,0.1809997804914528,0.7264627435847363,0.852327838090917,0.4773295233793029,0.7645362840128171,0.0,0.0,0.6634971332151967,0.6956231010395416,,,,0.9999999999988642,,,0.9999999999989667,,,,,0.23469387755102042,,0.0,0.0,0.0,0.0,0.0,0.3800257093892953,0.3929649430255998,0.861429572521483,0.5245483124390962,0.7009616181440872,0.8372345060639147,0.48068718930126403,0.7564632974847872,0.0,0.0,0.6634971332151967,0.6956231010395416,,,,0.9999999999988642,,,0.9999999999989667,,,,,0.23469387755102042,,0.7643717300427518,0.0025000000000000005,0.26492104756961427,2,0.7321230173110962,0.5377402901649475,540,5000,0.7264627814292908,5000,5000,8,outer,64,0.0,f23457da206b,0.0
algebra,cov040,both,latent,identity,0.4,0,13324,11336,48,True,806,66,266,332,13,25.1875,0,0.08671673549502347,0.1808619237427255,0.18493486535757656,0.2502665738304721,0.15219548873672553,0.3901224022492499,0.22713169046788995,0.9444821536996609,0.029963246806828412,0.12428909727845591,0.057380578484276634,0.16454424181115096,0.0061062395247275855,0.06229795740001646,0.0471549833894199,0.21715198223691143,0.14883537448815948,0.9836512117029851,0.5994665622711182,0.493007093667984,0.6749444343461529,0.5842553322044433,0.870134175087404,0.870134175087404,0.7843908052939217,0.4337127277949586,0.842744431650759,0.7949933132598297,0.5404744664275671,0.8988974900304949,0.7623112520690026,0.8827117053718039,0.7154458003991625,0.23684210526315788,0.7692307692307693,0.0,0.0,0.0,0.0,0.0,0.08619173856260753,0.1796778283036339,0.18452865444270328,0.24924902779155447,0.15174968248267137,0.3895506160727658,0.2260586279622476,0.9446447748344773,0.6003890037536621,0.4904714524745941,0.6749444343461529,0.5842553322044433,0.8703619366806088,0.8703619366806088,0.7832342144315633,0.4328748638136522,0.8428038742678656,0.793706494346955,0.5403698042599709,0.8992102588161701,0.7619342245626777,0.8829462819610603,0.7161680397573428,0.23684210526315788,0.7692307692307693,0.6852257480026048,0.0025000000000000005,0.24870007211432524,2,0.40083444118499756,0.19173116981983185,4460,5000,0.0471549816429615,5000,5000,8,outer,64,0.0,941040808436,0.7542274898315502
shared_pair,cov040,both,latent,identity,0.4,1,13396,11408,76,True,806,60,242,302,17,25.1875,0,0.06515374077872718,0.16020743938114224,0.12616887687666592,0.21669130763841574,0.105830498177353,0.32531599741997475,0.1978633515526579,0.9618174112922194,0.029113371288646918,0.1179577419348558,0.038478190337462345,0.139870394432635,0.004182176018766892,0.0504122211776388,0.034552731405253743,0.18588365018272518,0.130447783231374,0.9878689992437683,0.6231563091278076,0.571350634098053,0.7236853112125092,0.6716918191595322,0.9371059074629703,0.9371059074629703,0.8094321817445168,0.35454404654620925,0.9154177025163086,0.8567080334337973,0.40913199633819886,0.9580562206260531,0.8996654637765908,0.9417398244213886,0.8468986079673926,0.2603305785123967,0.8333333333333334,0.0,0.0,0.0,0.0,0.1463979333639145,0.06466230963425419,0.15973607247482757,0.12611609845023627,0.21658311234988012,0.10563150217824226,0.32501000319719736,0.19763409905819593,0.961889207064888,0.6260972023010254,0.5720610022544861,0.7236853112125092,0.6716918191595322,0.9377441274943121,0.9377441274943121,0.8098405150460979,0.35287356229030514,0.9158524630043896,0.8569874528003537,0.40793660276628585,0.9587656291566905,0.9003083939632894,0.9419171765540482,0.8469457340221975,0.2603305785123967,0.8333333333333334,0.8270751336687071,0.0025000000000000005,0.29530161787387427,2,0.034653130918741226,0.053005196154117584,4600,5000,0.03455273061990738,5000,5000,8,outer,64,0.0,1ac40ceb49f7,0.8535289579318679
unconstrained,cov040,both,latent,identity,0.4,2,13396,11408,76,True,806,74,294,368,16,25.1875,0,0.07938670837894155,0.1767693170067852,0.11816713265097042,0.20522572903075198,0.10524032456029415,0.32440765182143,0.19574025835609637,0.9634361126891595,0.049513003203171126,0.14782011598363654,0.03872596566794743,0.13945549770679277,0.004013512187107636,0.05036869505464895,0.041333844487696246,0.20330726619502867,0.13987464636166744,0.9866027257349997,0.5471965670585632,0.5777553915977478,0.6634971332151967,0.6956231010395416,0.8964166225759402,0.8964166225759402,0.7650648180831887,0.4175975694099187,0.9338653584614203,0.8274031565538809,0.36966423611752497,0.9645732689210951,0.896693153382723,0.9431239935587762,0.8526158983458486,0.23469387755102042,0.8275862068965517,0.0,0.0,0.0,0.0,0.23368564248085022,0.08020891148384013,0.1788106063455854,0.11920162813913517,0.20731352476133405,0.10620405592070348,0.3258896376393448,0.1978125519560845,0.9631012812924762,0.5487481951713562,0.5777037143707275,0.6634971332151967,0.6956231010395416,0.8961760446831002,0.8961760446831002,0.7655745794586708,0.4177232884247619,0.9340480278962393,0.8285997617650636,0.3694236601775783,0.965024154589372,0.8989328300554144,0.9435748792270531,0.8541281015676494,0.23469387755102042,0.8275862068965517,0.7643717300427518,0.0025000000000000005,0.26492104756961427,2,0.047172609716653824,0.10013877600431442,4180,5000,0.041333846747875214,5000,5000,8,outer,64,0.0,1bbe2e44625d,0.8501339815491498
additive,cov040,both,latent,identity,0.4,3,1988,0,48,True,806,64,257,321,15,25.1875,0,0.3509530555345883,0.3664132003644783,0.7161665198124814,0.47974917641541737,0.594428698386517,0.7709920222586722,0.44197051773177104,0.7717089636141999,0.3405465766522055,0.36024195038840007,0.772648721944664,0.47856062167577845,0.04976214771389567,0.16652711774403617,0.6136885809871737,0.7833827806297339,0.43209205064062195,0.75691618221041,0.0,0.0,0.624247173031166,0.600675599158459,,,,0.9999999999987169,,,0.9999999999986142,,,,,0.2723735408560311,,0.0,0.0,0.0,0.0,0.0,0.34862043293519446,0.3629099929106577,0.7137720131455608,0.47618885863667115,0.5920548197421054,0.7694509859257478,0.438429236728,0.7726206544821843,0.0,0.0,0.624247173031166,0.600675599158459,,,,0.9999999999987169,,,0.9999999999986142,,,,,0.2723735408560311,,0.6351476448634765,0.0025000000000000005,0.24198641121127817,2,0.6142444610595703,0.6557053327560425,4290,5000,0.6136886477470398,5000,5000,8,outer,64,0.0,f23457da206b,0.0
algebra,cov040,both,latent,identity,0.4,1,13324,11336,48,True,806,60,242,302,17,25.1875,0,0.05704880155925929,0.15674666135972323,0.14493746570921162,0.23189122829023356,0.11564124432589416,0.34006064801134245,0.20684303931339676,0.9582777918861157,0.02296135979226377,0.112096451067439,0.04430426264928494,0.1504083983341196,0.004333619070828906,0.05147056203918672,0.036342739324635366,0.19063771747646205,0.1354158717346755,0.9872405514614787,0.6804919838905334,0.5913352966308594,0.7236853112125092,0.6716918191595322,0.9402278593359708,0.9402278593359708,0.8472407972596581,0.3269462574990645,0.900551956818861,0.8409147004645559,0.439535170497514,0.9498980225237209,0.8845645544725556,0.934291034849694,0.8181568415328243,0.2603305785123967,0.7916666666666666,0.0,0.0,0.0,0.0,0.0,0.05710656195767068,0.1562615679091531,0.1447420671690741,0.23114263262033663,0.11553023209860626,0.3398973846598503,0.20618227771660877,0.9583178439910294,0.6818361282348633,0.5932638645172119,0.7236853112125092,0.6716918191595322,0.940314628625057,0.940314628625057,0.847780796353662,0.3268096471319043,0.9006751095371976,0.8413975455972188,0.43911491768890715,0.9498093464573911,0.8849492189573769,0.9342023587833643,0.8165695399455227,0.2603305785123967,0.7916666666666666,0.8270751336687071,0.0025000000000000005,0.29530161787387427,2,0.03652004897594452,0.05466940626502037,4900,5000,0.036342740058898926,5000,5000,8,outer,64,0.0,941040808436,0.8399507339171363
additive,cov040,both,latent,identity,0.4,4,1988,0,48,True,806,73,294,367,17,25.1875,0,0.51294014420549,0.4473117981424881,1.1378324808123848,0.5945927088160243,0.9295350352767533,0.9641239729810442,0.5454990719248455,0.6934531353844207,0.3430927851091706,0.3655828380921735,0.7738619500383881,0.4840903265225763,0.06410816701190217,0.18088564785230543,0.6156733162565008,0.784648530398484,0.43778809642193084,0.7701188522744353,0.0,0.0,0.8104189479295445,0.7907564643727457,,,,0.9999999999992387,,,0.9999999999992004,,,,,0.2789115646258503,,0.0,0.0,0.0,0.0,0.0,0.520723382311301,0.45005813388349686,1.1456375568237718,0.5978490995618068,0.9373328319862814,0.9681595075122081,0.5485854443357034,0.6908815377130064,0.0,0.0,0.8104189479295445,0.7907564643727457,,,,0.9999999999992387,,,0.9999999999992004,,,,,0.2789115646258503,,1.076287525145831,0.0025000000000000005,0.3534790323700732,2,0.6258378624916077,1.2397191524505615,390,5000,0.615673303604126,5000,5000,8,outer,64,0.0,f23457da206b,0.0
shared_pair,cov040,both,latent,identity,0.4,2,13396,11408,76,True,806,74,294,368,16,25.1875,0,0.06831184226063235,0.16071821034940087,0.13289181765308108,0.21945505390678485,0.11136515918893149,0.3337141878747913,0.19987610605432354,0.9613081473479778,0.026196946649916928,0.11386557188638348,0.03927581012954088,0.14274572798277763,0.003988521099311197,0.05061445854318856,0.034118698742549906,0.18471247587141998,0.13099157526004296,0.9889413247114015,0.5516284704208374,0.5675904154777527,0.6634971332151967,0.6956231010395416,0.9254191954867906,0.9254191954867906,0.8235721546095155,0.3836095931020103,0.9284739664629758,0.8363990635879504,0.38866208363757887,0.9601932367149759,0.8855638708873627,0.938743961352657,0.8457407830496965,0.23469387755102042,0.7931034482758621,0.0,0.0,0.0,0.0,0.1374422013759613,0.06985852431870343,0.16422519479028916,0.13462567897097721,0.2207165742250065,0.11303662742021929,0.33620920186725894,0.20188611441343407,0.9607274253071839,0.5482751727104187,0.566958487033844,0.6634971332151967,0.6956231010395416,0.9257986737325045,0.9257986737325045,0.8239992775035624,0.38438556388896844,0.9285178551312446,0.8361973076382749,0.38883500099100615,0.9599355877616748,0.8856922735852859,0.9388727858293077,0.8469508694152122,0.23469387755102042,0.8275862068965517,0.7643717300427518,0.0025000000000000005,0.26492104756961427,2,0.04529799893498421,0.11657293140888214,4710,5000,0.03411870077252388,5000,5000,8,outer,64,0.0,1ac40ceb49f7,0.8414119961001418
unconstrained,cov040,both,latent,identity,0.4,3,13396,11408,76,True,806,64,257,321,15,25.1875,0,0.11324513463799638,0.1905005262891496,0.13251567594507502,0.21277755648590355,0.1260921621760488,0.35509458201449484,0.20535187975365227,0.9515741577393035,0.04505995913383093,0.1370557480505857,0.04260424462403901,0.14627542377860636,0.004445520137201255,0.05177503900936206,0.04241776095269924,0.20595572570991863,0.14084468918472393,0.9831982024858894,0.46579527854919434,0.4817992150783539,0.624247173031166,0.600675599158459,0.8545656452388951,0.8545656452388951,0.7334628582820558,0.5304392412382744,0.9236347621448366,0.8252422362795221,0.4139311585061508,0.9527119938884645,0.8643210786246323,0.9385790679908327,0.8079260152187355,0.2723735408560311,0.76,0.0,0.0,0.0,0.0,0.2233579158782959,0.1125468645146686,0.18756491148161267,0.13573621403690503,0.2111818094144627,0.12800643086282623,0.35777986369110576,0.20330951010351275,0.9508389806127424,0.4668971300125122,0.4792877435684204,0.624247173031166,0.600675599158459,0.8518773231505683,0.8518773231505683,0.7261342652814224,0.5318406794914508,0.9186378537124639,0.8353456064496425,0.42351338564253077,0.9504201680672268,0.8547517737651849,0.9412528647822765,0.8085164866111361,0.2723735408560311,0.76,0.6351476448634765,0.0025000000000000005,0.24198641121127817,2,0.05725621432065964,0.09190467745065689,2710,5000,0.04241776093840599,5000,5000,8,outer,64,0.0,1bbe2e44625d,0.7878767251340555
algebra,cov040,both,latent,identity,0.4,2,13324,11336,48,True,806,74,294,368,16,25.1875,0,0.068169844370083,0.16216453419887594,0.14656491097471355,0.23090906044265352,0.12043322210650335,0.34703490041565466,0.20799421836139434,0.9581576094526318,0.022251410363160782,0.10996365099153264,0.04541099704937057,0.15256687864839238,0.004180570144326647,0.05191162934705024,0.03682704290311437,0.19190373342672198,0.13613652512433325,0.9880634864659439,0.6000248789787292,0.567554235458374,0.6634971332151967,0.6956231010395416,0.9222071729876047,0.9222071729876047,0.8625188445251416,0.38508793536585634,0.923166560868546,0.8300533726535099,0.4002344844523004,0.9547181964573268,0.8666462759258095,0.9338486312399356,0.8451022299389838,0.23469387755102042,0.7931034482758621,0.0,0.0,0.0,0.0,0.0,0.06799505224311149,0.16209726886555414,0.14642768239397463,0.23070731530485294,0.12028347234368691,0.34681907724876804,0.2078372998250867,0.9582096373561501,0.5999231934547424,0.5676472187042236,0.6634971332151967,0.6956231010395416,0.9222707697608171,0.9222707697608171,0.8627627461003491,0.38482192702422474,0.9230988039401357,0.8300223241954849,0.40032919802479555,0.9546537842190016,0.8665261401611597,0.9338486312399357,0.8447570101788171,0.23469387755102042,0.7931034482758621,0.7643717300427518,0.0025000000000000005,0.26492104756961427,2,0.037966761738061905,0.12113684415817261,4780,5000,0.03682704269886017,5000,5000,8,outer,64,0.0,941040808436,0.8284987473982176
shared_pair,cov040,both,latent,identity,0.4,3,13396,11408,76,True,806,64,257,321,15,25.1875,0,0.11690664602067156,0.19124274150153106,0.16084728329640338,0.23238040359444065,0.1462004042044928,0.3823616144495846,0.2186678495634708,0.9438515638856921,0.04917414776846701,0.1381364895369124,0.0512490439330119,0.1578889097329799,0.004735004331456056,0.052640541866937576,0.049375851006693304,0.2222067753393071,0.1487606477581785,0.9804420829372287,0.4444355368614197,0.47070714831352234,0.624247173031166,0.600675599158459,0.8540110905965803,0.8540110905965803,0.7189689776377703,0.5411258681065315,0.905543744051669,0.8064805009162066,0.45195957388295505,0.9515660809778457,0.8600943049422529,0.9361344537815126,0.797778201273219,0.2723735408560311,0.72,0.0,0.0,0.0,0.0,0.1756862998008728,0.11620758964435692,0.19023488596302784,0.1597062213886183,0.23174980187429894,0.1452066774738645,0.38105993947654027,0.21791149657054196,0.9442332057980614,0.44507336616516113,0.4712066948413849,0.624247173031166,0.600675599158459,0.8542163114800921,0.8542163114800921,0.7193106110306758,0.5406590029748106,0.905558717850821,0.8064656549746628,0.45204331001479564,0.9514132925897631,0.8584996495244973,0.9361344537815126,0.7978590999663626,0.2723735408560311,0.72,0.6351476448634765,0.0025000000000000005,0.24198641121127817,2,0.05058194696903229,0.11650844663381577,4970,5000,0.04937585070729256,5000,5000,8,outer,64,0.0,1ac40ceb49f7,0.754048879871832
additive,cov040,both,latent,identity,0.4,5,1988,0,48,True,806,70,281,351,17,25.1875,0,0.33115065749745076,0.32866735979635,0.7683256568749665,0.4484202060461545,0.6226006570824613,0.7890504781586924,0.408502590629553,0.7617254788096817,0.38186296251749074,0.36312310206062487,0.8793657133018117,0.500832570332668,0.051964461269280976,0.15440330967407578,0.6964725234298357,0.8345492935889621,0.4471801512716621,0.7498932819467131,0.0,0.0,0.5741386142827298,0.6593281742668791,,,,0.9999999999984832,,,0.9999999999988498,,,,,0.18505338078291814,,0.0,0.0,0.0,0.0,0.0,0.3304898157807559,0.32590708924943085,0.7676377541418621,0.44563357816017773,0.62192177468816,0.7886201713677884,0.40572474852326207,0.7619852928262691,0.0,0.0,0.5741386142827298,0.6593281742668791,,,,0.9999999999984832,,,0.9999999999988498,,,,,0.18505338078291814,,0.6197464523919715,0.0025000000000000005,0.2365094833472749,2,0.6967397928237915,1.009313702583313,2500,5000,0.6964725255966187,5000,5000,8,outer,64,0.0,f23457da206b,0.0
unconstrained,cov040,both,latent,identity,0.4,4,13396,11408,76,True,806,73,294,367,17,25.1875,0,0.1952296496504667,0.24416219257021893,0.18177079247956546,0.2339831902716104,0.1862570782031992,0.43157511304893287,0.23737619103781327,0.9385751788057671,0.07374957116956699,0.159709927110324,0.04636881262247166,0.1478646919582774,0.0037471224749970533,0.04753482473454375,0.05416136025322124,0.2327259337788147,0.1491242197706185,0.9797771393876666,0.6137893795967102,0.605196475982666,0.8104189479295445,0.7907564643727457,0.8293133649740256,0.8293133649740256,0.6334700016409641,0.5528737761253564,0.9281829614017716,0.8196593405685292,0.39430875406460886,0.9567418315692591,0.8747627415459374,0.9547860101242521,0.8832443461873648,0.2789115646258503,0.7931034482758621,0.0,0.0,0.0,0.0,0.3617691397666931,0.19521438275267436,0.24273079243161688,0.18154520099071433,0.23324672452950324,0.18610159491136766,0.43139494075773266,0.23640808049687445,0.9386264548887573,0.6140912175178528,0.6055238842964172,0.8104189479295445,0.7907564643727457,0.82916662024401,0.82916662024401,0.6329725179827239,0.5530644092206005,0.928092549904385,0.8200478594862485,0.3942150063081225,0.95651173492867,0.8742153550216099,0.9546709618039576,0.8828036144966012,0.2789115646258503,0.7931034482758621,1.076287525145831,0.0025000000000000005,0.3534790323700732,2,0.05503722280263901,0.23418399691581726,4950,5000,0.05416136234998703,5000,5000,8,outer,64,0.0,1bbe2e44625d,0.7996233911207614
algebra,cov040,both,latent,identity,0.4,3,13324,11336,48,True,806,64,257,321,15,25.1875,0,0.08408960186400033,0.16397641409490188,0.15926329934790825,0.22976896081804324,0.1342054001866056,0.36634055220055234,0.20783811191032944,0.9484582591985666,0.0250730785521557,0.11576920392386399,0.058806303725209536,0.167730640860874,0.004531158527211922,0.05195452526289069,0.046452319526114755,0.2155280017216203,0.14787141863303313,0.9816001021928321,0.49133843183517456,0.47787511348724365,0.624247173031166,0.600675599158459,0.900814110200302,0.900814110200302,0.8246038607931407,0.45296375661745075,0.9017743459158156,0.7873847318681566,0.4521848876493869,0.9503437738731857,0.88182494772577,0.9259740259740259,0.8050581560961384,0.2723735408560311,0.76,0.0,0.0,0.0,0.0,0.0,0.08238439579753323,0.16486065636701855,0.1567756291435856,0.23026212971131738,0.13197855136156814,0.36328852357536445,0.2084616385965511,0.9493134830925715,0.49554499983787537,0.4796648621559143,0.624247173031166,0.600675599158459,0.9031737462721321,0.9031737462721321,0.8131419102343679,0.4481369595467413,0.9027228083782649,0.7920193166907971,0.44936515238184604,0.9520244461420933,0.8824232183419818,0.9258212375859435,0.8049821575008645,0.2723735408560311,0.76,0.6351476448634765,0.0025000000000000005,0.24198641121127817,2,0.04984574392437935,0.10900499671697617,4010,5000,0.046452321112155914,5000,5000,8,outer,64,0.0,941040808436,0.774227925820397
shared_pair,cov040,both,latent,identity,0.4,4,13396,11408,76,True,806,73,294,367,17,25.1875,0,0.18964019350532374,0.23229682878955354,0.20644651844178968,0.252130221621315,0.20084441012963436,0.4481566803358334,0.24551909067739452,0.9337644931452487,0.052139986155707016,0.13963509899606263,0.04644647540885168,0.1509493868888463,0.0038194471391350265,0.048570291724861846,0.04719620943492079,0.21724688590385086,0.14463529416842782,0.9823777992212421,0.6210566759109497,0.5902966856956482,0.8104189479295445,0.7907564643727457,0.8280019965395586,0.8280019965395586,0.7081185224711739,0.546577964033115,0.9254583676310044,0.8510912411473528,0.4051961499850934,0.9554187758858721,0.8677163753432656,0.9531753336401287,0.8874442692282443,0.2789115646258503,0.6206896551724138,0.0,0.0,0.0,0.0,0.16167865693569183,0.18973842923274606,0.23118144009487204,0.2061670622743295,0.25099150981849144,0.20069085126046832,0.44798532482712905,0.24438815324395166,0.9338151345821932,0.6237878203392029,0.5902604460716248,0.8104189479295445,0.7907564643727457,0.8274770884657914,0.8274770884657914,0.7070311181104594,0.5463461696856742,0.9254282145776505,0.8506401530936897,0.40531644714819515,0.9554187758858721,0.8676749999614154,0.9533479061205706,0.8876211643081447,0.2789115646258503,0.6206896551724138,1.076287525145831,0.0025000000000000005,0.3534790323700732,2,0.057707805186510086,0.24153032898902893,4930,5000,0.04719620943069458,5000,5000,8,outer,64,0.0,1ac40ceb49f7,0.7839302419947665
unconstrained,cov040,both,latent,identity,0.4,5,13396,11408,76,True,806,70,281,351,17,25.1875,0,0.06183908940156294,0.15122086848250715,0.10691356157060898,0.19300370154584823,0.09188873751426029,0.30313155149911447,0.17907609052473453,0.964833405353934,0.04254865211204396,0.1338958861125503,0.03799484370538148,0.13910343345047002,0.0030008324646874657,0.044906596718025805,0.03857129529940467,0.19639576191813476,0.13498341705029282,0.9861488576306052,0.46675023436546326,0.5657752156257629,0.5741386142827298,0.6593281742668791,0.9004035841714476,0.9004035841714476,0.7633030103083861,0.4266604378605588,0.9198768750825821,0.8089475007842161,0.38658647082565534,0.9458347329526369,0.8017413706019206,0.9432314410480349,0.7867489404034375,0.18505338078291814,0.7857142857142857,0.0,0.0,0.0,0.0,0.2030424326658249,0.06183908940156294,0.15122086848250715,0.10691356157060898,0.19300370154584823,0.09188873751426029,0.30313155149911447,0.17907609052473453,0.964833405353934,0.46675023436546326,0.5657752156257629,0.5741386142827298,0.6593281742668791,0.9004035841714476,0.9004035841714476,0.7633030103083861,0.4266604378605588,0.9198768750825821,0.8089475007842161,0.38658647082565534,0.9458347329526369,0.8017413706019206,0.9432314410480349,0.7867489404034375,0.18505338078291814,0.7857142857142857,0.6197464523919715,0.0025000000000000005,0.2365094833472749,2,0.04685496538877487,0.15679550170898438,4999,5000,0.03857129439711571,5000,5000,8,outer,64,0.0,1bbe2e44625d,0.8524114350523566
additive,cov040,both,latent,identity,0.4,6,1988,0,48,True,806,60,239,299,19,25.1875,0,0.41582914251801834,0.389804875243991,0.8970482729791616,0.525801049208505,0.7366418961587805,0.8582784490821033,0.48046899122033365,0.7099318084225549,0.36419211934562584,0.36529051108032295,0.797919505662305,0.48433993700012207,0.04507093886143965,0.16038844046431555,0.6376589973438123,0.798535532924999,0.4373267488173462,0.7620109940011299,0.0,0.0,0.6655912516856991,0.6941813289483674,,,,0.9999999999988713,,,0.9999999999989624,,,,,0.2594142259414226,,0.0,0.0,0.0,0.0,0.0,0.4157296362845304,0.3895116425267546,0.8968914370962349,0.5255762729876354,0.736504170159,0.8581982114634125,0.4802213961673418,0.7099860409226311,0.0,0.0,0.6655912516856991,0.6941813289483674,,,,0.9999999999988713,,,0.9999999999989624,,,,,0.2594142259414226,,0.7668939245118183,0.0025000000000000005,0.3010270624269843,2,0.6383772492408752,0.7311026453971863,1110,5000,0.6376590132713318,5000,5000,8,outer,64,0.0,f23457da206b,0.0
algebra,cov040,both,latent,identity,0.4,4,13324,11336,48,True,806,73,294,367,17,25.1875,0,0.164228575287812,0.2485795036253492,0.38210448178054823,0.3556485913567741,0.30947917961630284,0.5563085291601261,0.31995889544629913,0.8979383578081772,0.05006673226199648,0.1588479736969798,0.15732322293997653,0.24617660872048489,0.008811736563191088,0.07155220167655471,0.11866348618954699,0.3444756685014879,0.2133148674313001,0.9556932261345479,0.6700610518455505,0.5456516742706299,0.8104189479295445,0.7907564643727457,0.8308569829168905,0.8308569829168905,0.77551350962089,0.5305486985774487,0.7817353315807852,0.6116305398771993,0.5898367797943326,0.899620340543028,0.8106946718769243,0.908594109526001,0.8169596107221672,0.2789115646258503,0.6896551724137931,0.0,0.0,0.0,0.0,0.0,0.16428128847640924,0.2486120292189191,0.3819229027087637,0.35578051274185923,0.3093756979646456,0.5562155139553783,0.3200576849008792,0.8979724845217026,0.6713539361953735,0.5460502505302429,0.8104189479295445,0.7907564643727457,0.8310469933219835,0.8310469933219835,0.7754968638696296,0.530358656979263,0.7819062101641203,0.6117514281700416,0.5895210161255435,0.8999654855039116,0.8109614249416405,0.9088817303267371,0.8174050001539622,0.2789115646258503,0.6896551724137931,1.076287525145831,0.0025000000000000005,0.3534790323700732,2,0.37652185559272766,0.3985420763492584,4990,5000,0.1186634823679924,5000,5000,8,outer,64,0.0,941040808436,0.6670602313293542
additive,cov040,both,latent,identity,0.4,7,1988,0,48,True,806,77,309,386,18,25.1875,0,0.3607255121428083,0.39230537317000963,0.7270616170499621,0.4978051795688023,0.6049495820809108,0.7777850487640597,0.4626385774358714,0.7320452835141553,0.3919428810035026,0.38004018965757447,0.9292191662039332,0.522132615989893,0.07691262762786376,0.18882748091439217,0.7327677945921623,0.8560185714061128,0.4673952975899411,0.740455612987214,0.0,0.0,0.5883808750094432,0.6050900713539559,,,,0.9999999999985557,,,0.9999999999986344,,,,,0.2297734627831715,,0.0,0.0,0.0,0.0,0.0,0.36174395933144654,0.3932669339209487,0.7280362902441788,0.49937901569093823,0.6059388466066014,0.7784207388081341,0.46400832176760837,0.731607101385656,0.0,0.0,0.5883808750094432,0.6050900713539559,,,,0.9999999999985557,,,0.9999999999986344,,,,,0.2297734627831715,,0.593011094320587,0.0025000000000000005,0.2592570288382616,2,0.7328938245773315,0.7374327778816223,360,5000,0.7327678203582764,5000,5000,8,outer,64,0.0,f23457da206b,0.0
shared_pair,cov040,both,latent,identity,0.4,5,13396,11408,76,True,806,70,281,351,17,25.1875,0,0.052067188419027646,0.13905110923757708,0.1121467698363275,0.1988191450675851,0.09212024269722754,0.30351316725510863,0.17889646645758245,0.9647448063683771,0.027316926066400533,0.11499497979293888,0.03756092619744885,0.13910126271490858,0.003188311828277462,0.04514244817773845,0.033347988475751864,0.18261431618510052,0.12885024411479315,0.9880245728714818,0.4735269844532013,0.5740824937820435,0.5741386142827298,0.6593281742668791,0.9208583438869956,0.9208583438869956,0.7929599022163569,0.38964309751562914,0.9182436492308126,0.8144667600514877,0.3861321916825173,0.9532247228753779,0.8382485558459271,0.9415518978837756,0.7885255959271127,0.18505338078291814,0.8928571428571429,0.0,0.0,0.0,0.0,0.1108204796910286,0.05216007715133835,0.1391675182347355,0.1122423964054641,0.1988494015793245,0.09221495665408887,0.3036691565735461,0.1789554404644615,0.9647085585384648,0.4732517898082733,0.5740888714790344,0.5741386142827298,0.6593281742668791,0.9208430297261693,0.9208430297261693,0.7930457603651743,0.38975876935243364,0.9182456245656629,0.8145369338770563,0.38613591761651544,0.9532247228753779,0.8382485558459271,0.9415518978837756,0.7885255959271127,0.18505338078291814,0.8928571428571429,0.6197464523919715,0.0025000000000000005,0.2365094833472749,2,0.03437548130750656,0.1426427960395813,4990,5000,0.03334798663854599,5000,5000,8,outer,64,0.0,1ac40ceb49f7,0.8520395993012475
unconstrained,cov040,both,latent,identity,0.4,6,13396,11408,76,True,806,60,239,299,19,25.1875,0,0.09109784750752055,0.1834817075335632,0.14908935959934658,0.2323988366748509,0.1297588555687379,0.3602205651663129,0.21609312696108832,0.9489047300021206,0.04095266227060192,0.13578620376790848,0.03965459605778842,0.14224770468705367,0.0036424790873095013,0.04852166497297403,0.03914753154586941,0.1978573515082758,0.13773262157563862,0.9853892407090313,0.5189839601516724,0.5256373882293701,0.6655912516856991,0.6941813289483674,0.8952846339769044,0.8952846339769044,0.8106019918427622,0.45081243547405614,0.9199336044004975,0.8446292324461165,0.419739568603251,0.9418625842901404,0.8552522409170815,0.9303809003098232,0.8268937457248485,0.2594142259414226,0.7391304347826086,0.0,0.0,0.0,0.0,0.2274230271577835,0.08833415588669993,0.18263011971706952,0.14587251529728854,0.2294826329133068,0.12669306216042567,0.3559396889367996,0.21386512851456102,0.9501119504362778,0.5259034633636475,0.5319975018501282,0.6655912516856991,0.6941813289483674,0.8989492263594239,0.8989492263594239,0.8112353204880278,0.44281724386884047,0.9203445106882758,0.8502338173763228,0.41631902560304535,0.9436850738108256,0.8619180619322654,0.9319300164024058,0.8301485663516377,0.2594142259414226,0.6956521739130435,0.7668939245118183,0.0025000000000000005,0.3010270624269843,2,0.03934842348098755,0.13284285366535187,2150,5000,0.03914752975106239,5000,5000,8,outer,64,0.0,1bbe2e44625d,0.8238508341089945
algebra,cov040,both,latent,identity,0.4,5,13324,11336,48,True,806,70,281,351,17,25.1875,0,0.04968819337463158,0.14054367534519688,0.1244962960586799,0.20683854149568226,0.0995602618306638,0.315531712876319,0.18474025277885378,0.9618974483122941,0.023678747161882435,0.11273749890658474,0.04466015406160057,0.1516362095948987,0.0036824590338253842,0.049042862985537866,0.0367900547695174,0.1918073376321078,0.13635887881416536,0.9867885098896775,0.5158594250679016,0.5924737453460693,0.5741386142827298,0.6593281742668791,0.920829060639236,0.920829060639236,0.7999605187725123,0.3820572195181544,0.9087036461788095,0.8135309738342219,0.41303599368892313,0.9507893852872018,0.8242893891462796,0.9387806516627477,0.774535663635743,0.18505338078291814,0.7857142857142857,0.0,0.0,0.0,0.0,0.0,0.050521110776102655,0.14118296988096507,0.12500192927224793,0.20731569738526345,0.10017498977353283,0.3165043282066342,0.18527145488383065,0.9616621867452154,0.5234717726707458,0.5884434580802917,0.5741386142827298,0.6593281742668791,0.9200754315745916,0.9200754315745916,0.8008650715529642,0.38689041291301196,0.9087014699933174,0.8135954688530973,0.41248037679188215,0.9449949613705073,0.8051186991052035,0.9381088343970441,0.774138895982027,0.18505338078291814,0.7857142857142857,0.6197464523919715,0.0025000000000000005,0.2365094833472749,2,0.038848575204610825,0.14612767100334167,4430,5000,0.03679005429148674,5000,5000,8,outer,64,0.0,941040808436,0.840089693613225
shared_pair,cov040,both,latent,identity,0.4,6,13396,11408,76,True,806,60,239,299,19,25.1875,0,0.08756820452293125,0.17804590816762147,0.1460092056307755,0.2341036589287404,0.12652887192816073,0.35570897082890773,0.21541774200836744,0.9501766037827629,0.028566362358304082,0.11818680203833384,0.039794914752121116,0.14291383062284604,0.0035037523953915066,0.04737018774268459,0.03521278436523666,0.18765069774780124,0.1324203664071139,0.9868577788685748,0.49671658873558044,0.5478497743606567,0.6655912516856991,0.6941813289483674,0.9113686077064976,0.9113686077064976,0.8175831106501177,0.4367589564267128,0.9246052154596348,0.8393424106044092,0.40000030746047627,0.9380353562967013,0.8593270674616282,0.9322945143065428,0.8348874360086431,0.2594142259414226,0.7391304347826086,0.0,0.0,0.0,0.0,0.14081665873527527,0.08640386847122038,0.1768474102630761,0.14403700354685867,0.23277467026273171,0.12482595852164591,0.3533071730401831,0.21413225026284646,0.950847161641088,0.4974270761013031,0.5483171939849854,0.6655912516856991,0.6941813289483674,0.9115731366193768,0.9115731366193768,0.8182333602897225,0.43578662226129555,0.9246903537156007,0.8397432403923912,0.39956405515364224,0.9380353562967013,0.8587643789182681,0.9322945143065428,0.8348911127656373,0.2594142259414226,0.7391304347826086,0.7668939245118183,0.0025000000000000005,0.3010270624269843,2,0.04068656638264656,0.13031961023807526,4950,5000,0.03521278500556946,5000,5000,8,outer,64,0.0,1ac40ceb49f7,0.8282355747236947
additive,cov040,both,latent,identity,0.4,8,1988,0,48,True,806,73,294,367,17,25.1875,0,0.33655760476807856,0.38286329663383384,0.7421680598799003,0.4938251578241484,0.6069645748426263,0.7790793122928027,0.4568378707607102,0.765868711007438,0.39712712450060195,0.3944697755810262,0.9208024140818145,0.5280780577129657,0.06716791394483801,0.18786899269540575,0.7287335617807574,0.8536589259070377,0.4759178419355817,0.7405299290630756,0.0,0.0,0.5831587656871651,0.6393791028694537,,,,0.9999999999985297,,,0.999999999998777,,,,,0.19727891156462585,,0.0,0.0,0.0,0.0,0.0,0.33640085090435434,0.382942284149405,0.7420311756457861,0.49415228471874734,0.6068210673986422,0.7789872061841852,0.4570822845289665,0.7659240677518555,0.0,0.0,0.5831587656871651,0.6393791028694537,,,,0.9999999999985297,,,0.999999999998777,,,,,0.19727891156462585,,0.6160502747108333,0.0025000000000000005,0.2332461538305984,2,0.7288802266120911,0.8449925780296326,500,5000,0.7287335991859436,5000,5000,8,outer,64,0.0,f23457da206b,0.0
unconstrained,cov040,both,latent,identity,0.4,7,13396,11408,76,True,806,77,309,386,18,25.1875,0,0.10665817711782298,0.17968450895012045,0.1717178220571166,0.22566566810694275,0.15003127374401876,0.3873387067464582,0.21033861505466864,0.9335455571656022,0.039728362963046195,0.13120277138666187,0.039935786974874314,0.1398344433418148,0.003613768984766593,0.048220315137974624,0.03893184140480971,0.19731153388692135,0.13466908000543323,0.9862104462187585,0.462415486574173,0.48805418610572815,0.5883808750094432,0.6050900713539559,0.8260447694357853,0.8260447694357853,0.7877485652462162,0.5513074186511976,0.8540973988303631,0.8245542196607024,0.502629558445575,0.9303467866019648,0.7821482234160089,0.9150787075393538,0.7705642606437916,0.2297734627831715,0.7,0.0,0.0,0.0,0.0,0.2060408890247345,0.10657230640959212,0.18002829801323073,0.17056456571054057,0.22521289767035246,0.1492338126102244,0.3863079246018963,0.21015136445131188,0.933898782423283,0.45998504757881165,0.48801326751708984,0.5883808750094432,0.6050900713539559,0.827024513240113,0.827024513240113,0.786006930745421,0.5500111470042968,0.8557069308754919,0.8177614587104094,0.5000788348853624,0.9295774647887324,0.7769622337998601,0.9156113149485147,0.7729553754245125,0.2297734627831715,0.7,0.593011094320587,0.0025000000000000005,0.2592570288382616,2,0.04139980673789978,0.19559887051582336,3200,5000,0.038931842893362045,5000,5000,8,outer,64,0.0,1bbe2e44625d,0.7519937558631913
algebra,cov040,both,latent,identity,0.4,6,13324,11336,48,True,806,60,239,299,19,25.1875,0,0.07934316643853248,0.17841396596490694,0.16014686678104195,0.24483502438647234,0.13321230000020542,0.36498260232537855,0.2226946715792839,0.9475448638498253,0.024206761572752,0.11596188984040459,0.04733649617803788,0.15513334599797818,0.004441073016901323,0.05336542747451231,0.03871930311833879,0.19677221124523347,0.13978872857311675,0.985549065408805,0.5403392314910889,0.545953631401062,0.6655912516856991,0.6941813289483674,0.9120278701606668,0.9120278701606668,0.8377520568897014,0.42299105675588267,0.9191427948208083,0.8374406666432261,0.41057846730862607,0.9302897758337889,0.8331603607204675,0.9221796974667396,0.8163714175271292,0.2594142259414226,0.7391304347826086,0.0,0.0,0.0,0.0,0.0,0.07720330693649569,0.17524741187694123,0.16206928956413616,0.24701709992247137,0.133780628688256,0.3657603432416587,0.22309387057396127,0.9473210725129165,0.5473926663398743,0.5437091588973999,0.6655912516856991,0.6941813289483674,0.9151049660903047,0.9151049660903047,0.8309139973981223,0.4100459673499602,0.9139428398541936,0.8381298125944938,0.4209551121709898,0.9357572443958447,0.8429046607946229,0.9188992163295061,0.8071975372837055,0.2594142259414226,0.7391304347826086,0.7668939245118183,0.0025000000000000005,0.3010270624269843,2,0.038849297910928726,0.12059232592582703,1830,5000,0.0387193039059639,5000,5000,8,outer,64,0.0,941040808436,0.8191627428539687
shared_pair,cov040,both,latent,identity,0.4,7,13396,11408,76,True,806,77,309,386,18,25.1875,0,0.1022169262350168,0.17731651185921524,0.19660883952038508,0.24131769269529504,0.16514486842526233,0.40638020181261575,0.2199839657499351,0.9268511827948254,0.030977288090572853,0.12127291899982086,0.04314070345305434,0.14667251199386558,0.004101306944085257,0.050904671539347156,0.03818412240602207,0.19540758021638277,0.13595485939826157,0.9864752862821871,0.4481830596923828,0.48410600423812866,0.5883808750094432,0.6050900713539559,0.8406189615848807,0.8406189615848807,0.8237675963247525,0.5444095583636138,0.8500200783128589,0.8529285856642572,0.5207551005668829,0.9261451059296958,0.7750918759954959,0.909930169250799,0.7501524997792263,0.2297734627831715,0.6666666666666666,0.0,0.0,0.0,0.0,0.11580315232276917,0.09815756695329,0.1717807121626836,0.18346150653240786,0.23417564622825715,0.15502686000603522,0.3937345044646649,0.21337733487306598,0.9313328258237362,0.4517758786678314,0.48866701126098633,0.5883808750094432,0.6050900713539559,0.8480700900702818,0.8480700900702818,0.8068525508315672,0.5335571937296808,0.858402348678182,0.8356955759555196,0.5055991172793431,0.933009823647769,0.7912750165645172,0.9131258137057641,0.7595862143396399,0.2297734627831715,0.6333333333333333,0.593011094320587,0.0025000000000000005,0.2592570288382616,2,0.04788777604699135,0.19289931654930115,2310,5000,0.03818412125110626,5000,5000,8,outer,64,0.0,1ac40ceb49f7,0.7270105256421608
additive,cov040,both,latent,identity,0.4,9,1988,0,48,True,806,67,266,333,17,25.1875,0,0.6624909239840432,0.48978865873990735,1.3366277989450572,0.630725646696038,1.1119155072913858,1.054474042967102,0.5837466507106611,0.6206042314909578,0.38739947070670916,0.3778522968279963,0.9375372274655973,0.5099651662078406,0.05302365521972824,0.17133784323458517,0.7360787663167659,0.8579503285836342,0.4583313542052447,0.7126776286085443,0.0,0.0,0.8245509646593265,0.8240694410768806,,,,0.9999999999992646,,,0.9999999999992637,,,,,0.2744360902255639,,0.0,0.0,0.0,0.0,0.0,0.6607654051866944,0.4861685804156663,1.3346545603235935,0.6264667974442247,1.1100248419446272,1.0535771646844987,0.5797007251013718,0.6212493438466387,0.0,0.0,0.8245509646593265,0.8240694410768806,,,,0.9999999999992646,,,0.9999999999992637,,,,,0.2744360902255639,,1.1321708361629133,0.0025000000000000005,0.3867803805305994,2,0.7375779747962952,0.7520931959152222,4050,5000,0.7360787391662598,5000,5000,8,outer,64,0.0,f23457da206b,0.0
unconstrained,cov040,both,latent,identity,0.4,8,13396,11408,76,True,806,73,294,367,17,25.1875,0,0.07588431410841567,0.16661589016182707,0.12278969821431382,0.19971506533250633,0.10715457017901445,0.32734472682329013,0.18868200694227993,0.9586660594747866,0.03389293164504229,0.12759095452305605,0.03421076862454537,0.13351462838180125,0.003771911177303193,0.0497073830706108,0.03332266891378672,0.18254497778297468,0.12942996084349956,0.9881352585906162,0.4728526175022125,0.5014067888259888,0.5831587656871651,0.6393791028694537,0.8837147349580672,0.8837147349580672,0.7899842160500459,0.4612157306252964,0.9193273639463359,0.7858918403943982,0.4097036732344875,0.9464494447691408,0.8282957799807343,0.934979544126242,0.809848405633828,0.19727891156462585,0.7931034482758621,0.0,0.0,0.0,0.0,0.18558882176876068,0.0759908752662773,0.16650565870064293,0.12304719580973308,0.19958381531171437,0.10736175562858116,0.3276610377029609,0.18855776310802388,0.9585861394953048,0.4725596010684967,0.5015674233436584,0.5831587656871651,0.6393791028694537,0.8837132073997156,0.8837132073997156,0.7898434945216589,0.46131083700927183,0.9195188886068997,0.7864294627436212,0.40915372681103535,0.9466686148451198,0.8287990817297415,0.9351987142022209,0.8112204497018249,0.19727891156462585,0.7931034482758621,0.6160502747108333,0.0025000000000000005,0.2332461538305984,2,0.034009553492069244,0.07951203733682632,4840,5000,0.03332266956567764,5000,5000,8,outer,64,0.0,1bbe2e44625d,0.8234582797409594
algebra,cov040,both,latent,identity,0.4,7,13324,11336,48,True,806,77,309,386,18,25.1875,0,0.09686096561498608,0.17325242443768543,0.1997394387070921,0.2451739325205488,0.16544661434305674,0.40675129298264895,0.22120009649292768,0.9267175282817084,0.02234762293433788,0.11068035276169069,0.04736546141702452,0.15374978197843142,0.004153521861087158,0.05008296312226791,0.03812696748123667,0.19526128003584498,0.1370903797401206,0.9864955304032137,0.4897681772708893,0.49412691593170166,0.5883808750094432,0.6050900713539559,0.8480319680853488,0.8480319680853488,0.8431551771122706,0.5256272864662181,0.8358861156759255,0.8225917286596898,0.5285895004829739,0.9240146762930523,0.7574294922589575,0.903834773345958,0.736567272021156,0.2297734627831715,0.7333333333333333,0.0,0.0,0.0,0.0,0.0,0.09712368310582475,0.1726528560515312,0.20004271453156067,0.2446335368511877,0.16573637072298203,0.4071073208909194,0.22063997658463555,0.926589184381766,0.4911348223686218,0.4953240156173706,0.5883808750094432,0.6050900713539559,0.8477762027944102,0.8477762027944102,0.8445222097038568,0.5261698814365654,0.835575089682455,0.8231158052720845,0.5288867694993621,0.9240146762930525,0.7588766690819747,0.9037164161439223,0.7359604800154851,0.2297734627831715,0.7333333333333333,0.593011094320587,0.0025000000000000005,0.2592570288382616,2,0.045980047434568405,0.18002104759216309,4960,5000,0.03812696784734726,5000,5000,8,outer,64,0.0,941040808436,0.7265117304917345
additive,cov040,both,latent,identity,0.4,10,1988,0,48,True,806,80,320,431,17,25.1875,0,0.44181416430935316,0.4169391887324264,0.9754311280963183,0.5532035917932607,0.7975588068339966,0.8930614798735844,0.5077821241063158,0.7392916856611624,0.36328978962728586,0.3528152073254332,0.788422948081179,0.46471517678868957,0.062194954067674675,0.1732704675311769,0.6316397420655859,0.7947576624767992,0.4208618984728695,0.7774298121381858,0.0,0.0,0.7281099586147576,0.7313235304340895,,,,0.9999999999990569,,,0.9999999999990651,,,,,0.265625,,0.0,0.0,0.0,0.0,0.0,0.4415689141727528,0.4162933668401346,0.9751938370643882,0.5526170745903035,0.7973188627671762,0.8929271318350542,0.5071758386735805,0.7393701192671365,0.0,0.0,0.7281099586147576,0.7313235304340895,,,,0.9999999999990569,,,0.9999999999990651,,,,,0.265625,,0.8878484319836716,0.0025000000000000005,0.28949924405830346,2,0.6319392919540405,0.5358029007911682,3910,5000,0.6316397786140442,5000,5000,8,outer,64,0.0,f23457da206b,0.0
shared_pair,cov040,both,latent,identity,0.4,8,13396,11408,76,True,806,73,294,367,17,25.1875,0,0.07726085470523779,0.16034162234089278,0.13381534806637682,0.2065939975183857,0.1149638502793305,0.3390631951116642,0.19117653912588806,0.9556536978118921,0.02555363019542511,0.1111798066861969,0.03572511463362397,0.13653106271944798,0.0036497253553152784,0.048390144314473436,0.03159496097891001,0.17774971442708426,0.1260257721712132,0.9887504196370285,0.46238234639167786,0.508071780204773,0.5831587656871651,0.6393791028694537,0.8861128236020939,0.8861128236020939,0.770519666187757,0.4636562590250822,0.9171961423403137,0.7905278592029165,0.41034298912089,0.9552893045002921,0.8486645197394379,0.9308883693746347,0.809838424239099,0.19727891156462585,0.7586206896551724,0.0,0.0,0.0,0.0,0.11332877725362778,0.07726085470523779,0.16034162234089278,0.13381534806637682,0.2065939975183857,0.1149638502793305,0.3390631951116642,0.19117653912588806,0.9556536978118921,0.46238234639167786,0.508071780204773,0.5831587656871651,0.6393791028694537,0.8861128236020939,0.8861128236020939,0.770519666187757,0.4636562590250822,0.9171961423403137,0.7905278592029165,0.41034298912089,0.9552893045002921,0.8486645197394379,0.9308883693746347,0.809838424239099,0.19727891156462585,0.7586206896551724,0.6160502747108333,0.0025000000000000005,0.2332461538305984,2,0.03238145262002945,0.08516719937324524,4999,5000,0.03159496188163757,5000,5000,8,outer,64,0.0,1ac40ceb49f7,0.8105921580198675
unconstrained,cov040,both,latent,identity,0.4,9,13396,11408,76,True,806,67,266,333,17,25.1875,0,0.1729363814211105,0.22395108882910714,0.1828882495507024,0.23912792707278258,0.17957096017417173,0.4237581387704214,0.23406898099155746,0.9387287415361741,0.04867809465384082,0.14450578854678556,0.039429750339546515,0.13793898718139486,0.003935829697786351,0.05028175088976293,0.0415178061800979,0.2037591867379184,0.1378111784698076,0.9837938613739293,0.5926414728164673,0.6934170722961426,0.8245509646593265,0.8240694410768806,0.8659680893127442,0.8659680893127442,0.7234651181696026,0.5048837383102497,0.9295035979064775,0.8084619541221083,0.3665882441275635,0.9347718077933138,0.8589941855690083,0.9181631059691958,0.8254301514021468,0.2744360902255639,0.7692307692307693,0.0,0.0,0.0,0.0,0.3351314067840576,0.1729363814211105,0.22395108882910714,0.1828882495507024,0.23912792707278258,0.17957096017417173,0.4237581387704214,0.23406898099155746,0.9387287415361741,0.5926414728164673,0.6934170722961426,0.8245509646593265,0.8240694410768806,0.8659680893127442,0.8659680893127442,0.7234651181696026,0.5048837383102497,0.9295035979064775,0.8084619541221083,0.3665882441275635,0.9347718077933138,0.8589941855690083,0.9181631059691958,0.8254301514021468,0.2744360902255639,0.7692307692307693,1.1321708361629133,0.0025000000000000005,0.3867803805305994,2,0.04619371518492699,0.136770099401474,4999,5000,0.04151780530810356,5000,5000,8,outer,64,0.0,1bbe2e44625d,0.8385030526180854
algebra,cov040,both,latent,identity,0.4,8,13324,11336,48,True,806,73,294,367,17,25.1875,0,0.0642778856177737,0.161755169061995,0.13814638791476103,0.2216549374327355,0.11352355381576526,0.33693256568008567,0.201688347975822,0.9562092796061564,0.021967331013091583,0.10924147114641375,0.04305881287848369,0.14936724283263864,0.00448279912866128,0.05371401123429294,0.035214896978606705,0.18765632677478983,0.1338703940004906,0.987461519139111,0.4959258735179901,0.49837684631347656,0.5831587656871651,0.6393791028694537,0.9030038072249811,0.9030038072249811,0.7724281428890177,0.42446399437023247,0.910464270842565,0.7734951237393206,0.4280304436837844,0.9492255990648744,0.8421282024871244,0.9253360607831677,0.8055007873603035,0.19727891156462585,0.7931034482758621,0.0,0.0,0.0,0.0,0.0,0.06435811822537403,0.16175204389165368,0.13820508288784683,0.2217468782574991,0.11358942800035587,0.3370303072430666,0.20174860013555063,0.9561838692142014,0.49585598707199097,0.49864867329597473,0.5831587656871651,0.6393791028694537,0.9030260346564617,0.9030260346564617,0.7727871480633675,0.4245308673150545,0.9104244058920499,0.7736496576996045,0.4279406837277447,0.9492255990648744,0.8420206463686739,0.9252630040911748,0.8053443957301282,0.19727891156462585,0.7931034482758621,0.6160502747108333,0.0025000000000000005,0.2332461538305984,2,0.038635388016700745,0.10058609396219254,4930,5000,0.035214897245168686,5000,5000,8,outer,64,0.0,941040808436,0.8129651078150655
shared_pair,cov040,both,latent,identity,0.4,9,13396,11408,76,True,806,67,266,333,17,25.1875,0,0.1464313635926801,0.2082592073714991,0.2038169138779683,0.25531146650982883,0.18468839711620558,0.4297538796988406,0.2396273801303856,0.936982625119335,0.02966972193917304,0.11954398233121181,0.04152722567274181,0.14272324958464871,0.004045529019453431,0.05060000228097586,0.03671015210502751,0.1915989355529605,0.13282059961135895,0.9856704901165178,0.5860177874565125,0.6882711052894592,0.8245509646593265,0.8240694410768806,0.9038751725783065,0.9038751725783065,0.806297171803794,0.4627364338513324,0.9208213132631691,0.8215985692448209,0.3844603377941168,0.9315778266732911,0.8642063399432124,0.9117751437291504,0.8152301636622116,0.2744360902255639,0.7692307692307693,0.0,0.0,0.0,0.0,0.1885538399219513,0.1461661134003786,0.20850985468425096,0.2034893266710741,0.2552528414716548,0.18438158891417558,0.42939677329269205,0.23967184587585352,0.9370873108916179,0.5862788558006287,0.6882449388504028,0.8245509646593265,0.8240694410768806,0.9038732376226801,0.9038732376226801,0.8068531515347623,0.4625995167585262,0.920834315904729,0.8215655738880804,0.3844270765713919,0.9312939172404003,0.8636575431985892,0.9118461210873732,0.8153006842806774,0.2744360902255639,0.7692307692307693,1.1321708361629133,0.0025000000000000005,0.3867803805305994,2,0.03786225616931915,0.13309909403324127,4990,5000,0.03671015426516533,5000,5000,8,outer,64,0.0,1ac40ceb49f7,0.8339006912799476
additive,cov040,both,latent,identity,0.4,11,1988,0,48,True,806,68,273,341,19,25.1875,0,0.5519325603451936,0.41395900739958796,1.0935698988343168,0.5469550544383343,0.9130241193379423,0.9555229559450376,0.5026230387587522,0.6994081429163458,0.32741259028982084,0.3312790649835047,0.7589296332048809,0.4466730987532954,0.04951527912276742,0.15646175128343848,0.6005068873342954,0.7749237945335627,0.40171696762657416,0.7684287939932779,0.0,0.0,0.8086804539213719,0.7357960822138596,,,,0.9999999999992354,,,0.9999999999990764,,,,,0.27106227106227104,,0.0,0.0,0.0,0.0,0.0,0.5527690672783143,0.4133990434075492,1.094403046988566,0.5457897782719312,0.9138583870851487,0.9559594066094798,0.5016595333171372,0.699133479754523,0.0,0.0,0.8086804539213719,0.7357960822138596,,,,0.9999999999992354,,,0.9999999999990764,,,,,0.27106227106227104,,1.0187389489885685,0.0025000000000000005,0.33462342020508196,2,0.602564811706543,0.8497986793518066,610,5000,0.6005068421363831,5000,5000,8,outer,64,0.0,f23457da206b,0.0
unconstrained,cov040,both,latent,identity,0.4,10,13396,11408,76,True,806,80,320,431,17,25.1875,0,0.1345317532602292,0.20866192538047418,0.18252996817509912,0.24538041381680992,0.1665305632034758,0.40808156440039756,0.23314091767136466,0.9455640110213064,0.06010498694623025,0.146952950062584,0.04246784575788617,0.14170330977604356,0.0035703451904895043,0.045925078327823596,0.0471923001339909,0.21723788834821356,0.14093836346591684,0.9833709021029857,0.5718638300895691,0.5838634371757507,0.7281099586147576,0.7313235304340895,0.8604368045537019,0.8604368045537019,0.675656256408754,0.5049732909716399,0.9016258252120184,0.8386001999531245,0.44565896606217237,0.9338673341677096,0.8375313454134418,0.9189987484355444,0.7966829886809306,0.265625,0.78125,0.0,0.0,0.0,0.0,0.26828280091285706,0.1317391863958746,0.20766753121309786,0.18511057781223741,0.24651115263900833,0.16732011400678312,0.4090478138393886,0.23356327883037148,0.9453059203861691,0.5751068592071533,0.5856712460517883,0.7281099586147576,0.7313235304340895,0.8647246591957989,0.8647246591957989,0.6716533486655143,0.4987078205978939,0.8973202912149705,0.8253993569273138,0.4500480514348703,0.9322653316645806,0.8340194487558769,0.9173967459324156,0.793326759292169,0.265625,0.78125,0.8878484319836716,0.0025000000000000005,0.28949924405830346,2,0.0482507087290287,0.137070432305336,2990,5000,0.047192297875881195,5000,5000,8,outer,64,0.0,1bbe2e44625d,0.7911996434914456
algebra,cov040,both,latent,identity,0.4,9,13324,11336,48,True,806,67,266,333,17,25.1875,0,0.11866056899153402,0.19678447531412124,0.22968860336144187,0.27090369681891774,0.19267925857147258,0.438952455935119,0.24619728965065224,0.9342560699062906,0.023760433153601657,0.11322134436544572,0.049236812306349347,0.15694161596026227,0.0046555035149829825,0.05588812959177258,0.03981410265293997,0.19953471540797096,0.1401382468897524,0.9844588882161251,0.6400659680366516,0.6975165009498596,0.8245509646593265,0.8240694410768806,0.920778090077704,0.920778090077704,0.8189897044923099,0.4149553267930781,0.9093563116489861,0.8206421820929258,0.4073294268740392,0.9366881964653275,0.8707515600544773,0.9047483852651004,0.7954997934578005,0.2744360902255639,0.8461538461538461,0.0,0.0,0.0,0.0,0.0,0.11747763548807572,0.19658831431820267,0.2284041966878997,0.2700956833797274,0.19142867628795837,0.4375256292926831,0.24559322702588582,0.9346827800505654,0.6406551003456116,0.6969023942947388,0.8245509646593265,0.8240694410768806,0.9209072457753436,0.9209072457753436,0.8196633198429613,0.41442416444897406,0.9094891226131033,0.8204295453494878,0.4072799579010753,0.9369011285399957,0.8709094559941863,0.9047483852651004,0.7954903349217537,0.2744360902255639,0.8461538461538461,1.1321708361629133,0.0025000000000000005,0.3867803805305994,2,0.03983299806714058,0.14074452221393585,4770,5000,0.03981410339474678,5000,5000,8,outer,64,0.0,941040808436,0.8267141187365601
shared_pair,cov040,both,latent,identity,0.4,10,13396,11408,76,True,806,80,320,431,17,25.1875,0,0.11794322735600207,0.20270171722041921,0.20698044237143334,0.26242669198328883,0.17730137069962293,0.4210716930638094,0.24251836706233226,0.9420432185200794,0.04161450768805534,0.13108046282303198,0.0437473174047909,0.14395245818262142,0.004016080793806487,0.04960149714515254,0.04203021677030587,0.2050127234351709,0.13733952918736472,0.9851898596313017,0.5611164569854736,0.5881351828575134,0.7281099586147576,0.7313235304340895,0.8909562220263942,0.8909562220263942,0.7456811406849676,0.47115906327169377,0.8912133797849171,0.8346975434330414,0.4705671102596769,0.921602002503129,0.8262599581890564,0.9132916145181477,0.7898578977652523,0.265625,0.8125,0.0,0.0,0.0,0.0,0.15080195665359497,0.1198764738349349,0.2023349656497399,0.2083644802636389,0.26065663806698947,0.17886847812073758,0.42292845508518057,0.24121608059457292,0.9415309579436231,0.5677782893180847,0.5884588360786438,0.7281099586147576,0.7313235304340895,0.8883952178324677,0.8883952178324677,0.742319749216301,0.47481740883613144,0.8916469969671854,0.8291233007646559,0.4683302482253773,0.9219023779724654,0.8236186592324766,0.9113391739674593,0.7868645514958235,0.265625,0.8125,0.8878484319836716,0.0025000000000000005,0.28949924405830346,2,0.043896522372961044,0.14076969027519226,2790,5000,0.042030218988657,5000,5000,8,outer,64,0.0,1ac40ceb49f7,0.7776949245868884
unconstrained,cov040,both,latent,identity,0.4,11,13396,11408,76,True,806,68,273,341,19,25.1875,0,0.14928694473819384,0.22515276163645465,0.20964666644889726,0.25251497599066797,0.18952675921199613,0.4353467114978545,0.24339423787259684,0.9376027431127547,0.05279957080340841,0.1472319260460477,0.044096411832701354,0.1456735380594401,0.0037665417824799983,0.04836695165612197,0.045882727081362,0.21420253752316287,0.14367049180133915,0.9823064170133432,0.6330603957176208,0.594992458820343,0.8086804539213719,0.7357960822138596,0.8383411350550607,0.8383411350550607,0.754181922628681,0.47641462573966686,0.876958835464221,0.8293087869622864,0.4783884363190415,0.9308705690615239,0.8339343898723796,0.9192584544343338,0.7770835420226534,0.27106227106227104,0.7777777777777778,0.0,0.0,0.0,0.0,0.2936749756336212,0.148485481536146,0.22291814844047567,0.2100288284283543,0.2512740538971017,0.18951437946428482,0.43533249300308935,0.2418220854115597,0.9376068188554169,0.6328967213630676,0.5950490236282349,0.8086804539213719,0.7357960822138596,0.8395196156555551,0.8395196156555551,0.7589294561170903,0.47445051816085476,0.8765094265551183,0.8273469901717005,0.47877427119358834,0.9322966182262664,0.8362991348284887,0.9195979899497487,0.7772877900356482,0.27106227106227104,0.7777777777777778,1.0187389489885685,0.0025000000000000005,0.33462342020508196,2,0.047916561365127563,0.13675524294376373,4130,5000,0.045882731676101685,5000,5000,8,outer,64,0.0,1bbe2e44625d,0.7924186719739376
algebra,cov040,both,latent,identity,0.4,10,13324,11336,48,True,806,80,320,431,17,25.1875,0,0.09369903180590061,0.18542521633104908,0.2053895043806188,0.26382643565482705,0.16815934685571268,0.41007236782757345,0.23769269588023437,0.9450315895412115,0.02841214631548314,0.12037027472291757,0.051999875865101464,0.15873104048581824,0.0048206110936575355,0.05419501405568346,0.04312349272152178,0.20766196744113202,0.14357830765083576,0.9848046232099024,0.5928611755371094,0.591806948184967,0.7281099586147576,0.7313235304340895,0.9086575834190453,0.9086575834190453,0.8574267387865115,0.4250213972888149,0.8956440565562883,0.812362303342806,0.45509980512534776,0.9280100125156445,0.8207452333172998,0.9194493116395493,0.7924762590495499,0.265625,0.75,0.0,0.0,0.0,0.0,0.0,0.09179058357015782,0.18274626347484918,0.20828802929894294,0.2618047423677572,0.1694555473893479,0.41164978730633145,0.23545191607012123,0.9446078837865091,0.6258485317230225,0.6017877459526062,0.7281099586147576,0.7313235304340895,0.9095902613892526,0.9095902613892526,0.8296414943017022,0.4147081438304996,0.8889005100817302,0.8279390545806111,0.4648139716032962,0.9231038798498123,0.8148582790441881,0.9092365456821027,0.7718069315878591,0.265625,0.78125,0.8878484319836716,0.0025000000000000005,0.28949924405830346,2,0.3773319125175476,0.1478038728237152,1160,5000,0.04312349110841751,5000,5000,8,outer,64,0.0,941040808436,0.7891574321356428
shared_pair,cov040,both,latent,identity,0.4,11,13396,11408,76,True,806,68,273,341,19,25.1875,0,0.11477628528079628,0.19722954025924122,0.22545795377009453,0.26374147202981324,0.18856406427366176,0.4342396392243133,0.24157082810628924,0.937919687926358,0.03163707619320915,0.11987406750010325,0.0457560428338107,0.14802041583808556,0.0039921036196304775,0.050696238275259195,0.040094165629124,0.2002352756861887,0.13637065591687902,0.9845386381332195,0.6307740211486816,0.5948337316513062,0.8086804539213719,0.7357960822138596,0.9086577583769959,0.9086577583769959,0.8270899881569698,0.4181811084476644,0.864270648225612,0.8448738493151332,0.4971441448699877,0.9414640771424692,0.8514876407159134,0.9138937932907782,0.7666491369904024,0.27106227106227104,0.7407407407407407,0.0,0.0,0.0,0.0,0.14170318841934204,0.11849947017721643,0.19772427210038163,0.21908662455585312,0.2589770019798631,0.18555757309630758,0.43076394126749695,0.2385594253533693,0.9389095048952262,0.6327125430107117,0.5963550806045532,0.8086804539213719,0.7357960822138596,0.9065448243310271,0.9065448243310271,0.8362991532941082,0.4193037628255722,0.8733041882493967,0.8366171988166407,0.4829800558554261,0.9430938476164606,0.8530585028733029,0.9166779845171805,0.7742934402892931,0.27106227106227104,0.7407407407407407,1.0187389489885685,0.0025000000000000005,0.33462342020508196,2,0.05155618116259575,0.13344046473503113,2580,5000,0.04009416326880455,5000,5000,8,outer,64,0.0,1ac40ceb49f7,0.7934730745006008
algebra,cov040,both,latent,identity,0.4,11,13324,11336,48,True,806,68,273,341,19,25.1875,0,0.10823333903710203,0.2021570185213002,0.234135820498723,0.27140766693855517,0.19216832667818268,0.4383700795882204,0.24832411746613686,0.9367330687487866,0.02686640719981537,0.11680519498803993,0.05328420632213941,0.15856664620675218,0.004223867663002123,0.050779415334157835,0.04344028699628206,0.20842333601658442,0.14222574674739355,0.983248285971103,0.6908962726593018,0.6013157367706299,0.8086804539213719,0.7357960822138596,0.9052518411763177,0.9052518411763177,0.8632793516058865,0.4072944367329659,0.8743894524949181,0.825945643557816,0.4835261782954611,0.9254380008148853,0.816535813233761,0.9121961157137036,0.7787867649364203,0.27106227106227104,0.7777777777777778,0.0,0.0,0.0,0.0,0.0,0.10363134783474968,0.19817730342100906,0.2262836075415633,0.26636290262782786,0.1853995209726254,0.4305804465748827,0.24363436955888823,0.9389615398638184,0.704105794429779,0.5994166135787964,0.8086804539213719,0.7357960822138596,0.9119695686334685,0.9119695686334685,0.860484620574788,0.39506542533011507,0.8781890254508071,0.8310976271474338,0.47768075403304344,0.9310063832676898,0.8281385461897429,0.9138258861876952,0.778192349672759,0.27106227106227104,0.7777777777777778,1.0187389489885685,0.0025000000000000005,0.33462342020508196,2,0.05708424374461174,0.14913725852966309,1930,5000,0.043440286070108414,5000,5000,8,outer,64,0.0,941040808436,0.7895254653102385
additive,cov040,both,latent,identity,0.4,13,1988,0,48,True,806,71,286,357,17,25.1875,0,0.4098594085795642,0.4020809919152479,0.8722217969456488,0.5356280805054929,0.7181010008236206,0.8474084026156576,0.49111238430874454,0.754059832848827,0.4051323860008616,0.3849033517306426,0.9758699150475405,0.519283103617054,0.07430117853173954,0.18530570760940285,0.7672821440770995,0.8759464276296236,0.46703304988420263,0.7353674730201267,0.0,0.0,0.69235364343258,0.6817598717792775,,,,0.999999999998957,,,0.9999999999989243,,,,,0.27972027972027974,,0.0,0.0,0.0,0.0,0.0,0.40905816408530143,0.400117668141527,0.8715289316969731,0.534146467855679,0.7173720091597492,0.8469781633311152,0.489470201284295,0.7543095029251238,0.0,0.0,0.69235364343258,0.6817598717792775,,,,0.999999999998957,,,0.9999999999989243,,,,,0.27972027972027974,,0.7899881343920842,0.0025000000000000005,0.26810184774641627,2,0.7830547094345093,0.66414874792099,710,5000,0.7672821283340454,5000,5000,8,outer,64,0.0,f23457da206b,0.0
additive,cov040,both,latent,identity,0.4,12,1988,0,48,True,806,70,279,349,14,25.1875,0,0.5006848558232544,0.4095371422479201,1.0239269132799935,0.5468465911166437,0.8495128941277472,0.9216902376220263,0.5010767748270691,0.6582403036030617,0.4196341470203217,0.3851455392664639,0.9582737515115273,0.5264405574478425,0.0704900991147954,0.1946737203711566,0.7604648574852169,0.8720463620044618,0.47200185389139643,0.7392141310497065,0.0,0.0,0.7004007682085326,0.7250544289708886,,,,0.9999999999989807,,,0.9999999999990489,,,,,0.23297491039426524,,0.0,0.0,0.0,0.0,0.0,0.4999789876125804,0.40776221069421204,1.0232976074340308,0.5453778776123108,0.8488580674935475,0.9213349377362977,0.4995059886396112,0.6585037408660436,0.0,0.0,0.7004007682085326,0.7250544289708886,,,,0.9999999999989807,,,0.9999999999990489,,,,,0.23297491039426524,,0.8428322392235783,0.0025000000000000005,0.3375737119457348,2,0.7617642283439636,0.4535685181617737,2690,5000,0.7604649066925049,5000,5000,8,outer,64,0.0,f23457da206b,0.0
unconstrained,cov040,both,latent,identity,0.4,13,13396,11408,76,True,806,71,286,357,17,25.1875,0,0.08896521674294158,0.18316219786910715,0.12852122940135718,0.21080231427492785,0.11533589184855199,0.3396113835673828,0.20158894213965428,0.9604989709146365,0.04584872286937655,0.13953279631980503,0.04099601888975706,0.14158743693365655,0.003849607002721696,0.0495582966937789,0.041614032204343294,0.20399517691441457,0.13854718499565635,0.9856474875831978,0.5803722143173218,0.5936550498008728,0.69235364343258,0.6817598717792775,0.893148546804494,0.893148546804494,0.8012494565767994,0.43030830419311344,0.9170117208801116,0.8431940331811961,0.39485673321711634,0.9207524271844659,0.835476747115231,0.9132888349514563,0.7740584923397522,0.27972027972027974,0.8214285714285714,0.0,0.0,0.0,0.0,0.2330986112356186,0.08880098416295001,0.18284912949575957,0.12829466110268048,0.21071757251413098,0.1151301021227703,0.3393082700477109,0.20142809150800717,0.9605694511945675,0.5797916054725647,0.5933583974838257,0.69235364343258,0.6817598717792775,0.8932565967070041,0.8932565967070041,0.801647005112987,0.43024535291442534,0.9170066815424274,0.8431374786958868,0.39489129518224353,0.9217233009708737,0.8368872405263865,0.9131067961165048,0.7736844495981164,0.27972027972027974,0.8214285714285714,0.7899881343920842,0.0025000000000000005,0.26810184774641627,2,0.047451451420784,0.162546306848526,4990,5000,0.04161403328180313,5000,5000,8,outer,64,0.0,1bbe2e44625d,0.8393876464226225
unconstrained,cov040,both,latent,identity,0.4,12,13396,11408,76,True,806,70,279,349,14,25.1875,0,0.11500997201989548,0.18626295125181944,0.1651408599567197,0.21169969399466043,0.1484305639777783,0.38526687370935264,0.20322077974704678,0.9402862689528011,0.0467987568506034,0.13942140024680014,0.03910577748175433,0.13948567080432858,0.004454513103593306,0.052745145791830386,0.04071047548783412,0.2017683708806564,0.13722813830224645,0.9860391750901115,0.5192042589187622,0.5962647795677185,0.7004007682085326,0.7250544289708886,0.8569594556906032,0.8569594556906032,0.718303744101493,0.4817713015405624,0.8998763272420441,0.8221387406204069,0.43984411657258615,0.9623292595255212,0.8862412138134901,0.9344356578001438,0.8140393857636281,0.23297491039426524,0.8888888888888888,0.0,0.0,0.0,0.0,0.28402236104011536,0.12311854782596851,0.19100683751221967,0.16639639756948418,0.21054975486189667,0.15197044765497897,0.3898338718672083,0.204035449078671,0.9388621710030663,0.5196325778961182,0.5936844348907471,0.7004007682085326,0.7250544289708886,0.838573567162195,0.838573567162195,0.7139334615257102,0.4992045084381594,0.9001505223982479,0.8193145023151986,0.4402272000525369,0.9616103522645578,0.883835410130883,0.9349388928828182,0.8138567815922665,0.23297491039426524,0.8888888888888888,0.8428322392235783,0.0025000000000000005,0.3375737119457348,2,0.04589654505252838,0.08125115185976028,3080,5000,0.04071047529578209,5000,5000,8,outer,64,0.0,1bbe2e44625d,0.8252756785637938
shared_pair,cov040,both,latent,identity,0.4,12,13396,11408,76,True,806,70,279,349,14,25.1875,0,0.09688201913980313,0.16530198958887204,0.16445393714220702,0.21554921205891947,0.14192996447473905,0.3767359346740619,0.19880013790223697,0.9429014651763239,0.027273376587791782,0.11220754680937352,0.03780526805947208,0.1379273951948639,0.004618665905486621,0.05322013951270285,0.03352942315051584,0.18311041245793708,0.1273909479094636,0.9885017701138421,0.523465096950531,0.5956313610076904,0.7004007682085326,0.7250544289708886,0.8924820556623518,0.8924820556623518,0.8101747173689621,0.4437205889695185,0.9142286373409508,0.8318798417487208,0.41820927986968887,0.9540618260244429,0.8830573461841711,0.9411214953271028,0.8401353793526682,0.23297491039426524,0.9259259259259259,0.0,0.0,0.0,0.0,0.12840226292610168,0.09740960287723913,0.16652859662262307,0.16502875502435252,0.2166175835021879,0.1424890376419814,0.37747720148636976,0.19992125454233292,0.9426765496073888,0.5231794714927673,0.59530109167099,0.7004007682085326,0.7250544289708886,0.8925846783345479,0.8925846783345479,0.8098032633800792,0.44387321788707906,0.9141639631885983,0.8307650653670612,0.41847204198418286,0.9536304816678648,0.8827021619355877,0.9412652767792955,0.8411455677326651,0.23297491039426524,0.9259259259259259,0.8428322392235783,0.0025000000000000005,0.3375737119457348,2,0.04487350583076477,0.08011510968208313,4980,5000,0.03352942317724228,5000,5000,8,outer,64,0.0,1ac40ceb49f7,0.8329278278695602
additive,cov040,both,latent,identity,0.4,14,1988,0,48,True,806,73,290,363,18,25.1875,0,0.4289381001466317,0.4244154048771529,0.9100925971080769,0.5668049118081788,0.7497077647875953,0.8658566652671764,0.5193417428311701,0.7423211667150936,0.42231805217734636,0.41167524678301703,0.9152548986224314,0.5502263145076924,0.06915165604240603,0.19177287218995898,0.7333621888078219,0.8563656863792605,0.4959905446066355,0.7507236940094757,0.0,0.0,0.6826052818248248,0.6977634544355722,,,,0.999999999998927,,,0.999999999998973,,,,,0.23793103448275862,,0.0,0.0,0.0,0.0,0.0,0.4271256848345786,0.4236010500823548,0.9083289038248478,0.5650945099931499,0.7479278308280914,0.8648282088531175,0.5179300233562182,0.7429329401654314,0.0,0.0,0.6826052818248248,0.6977634544355722,,,,0.999999999998927,,,0.999999999998973,,,,,0.23793103448275862,,0.7883948224247724,0.0025000000000000005,0.270046504566994,2,0.7458986043930054,1.064695119857788,3250,5000,0.7333621978759766,5000,5000,8,outer,64,0.0,f23457da206b,0.0
shared_pair,cov040,both,latent,identity,0.4,13,13396,11408,76,True,806,71,286,357,17,25.1875,0,0.07596012877758998,0.16904677144976682,0.13399784993956035,0.2182903978647276,0.11465194288557023,0.33860292805226927,0.20187585572640732,0.9607332144570987,0.02881853598271916,0.11702475965621585,0.04070991388869876,0.1445314792723431,0.0037124667262452664,0.04865535041958977,0.03589432677724969,0.18945798156121502,0.13312677006316712,0.9876201909915026,0.5753313302993774,0.5912261605262756,0.69235364343258,0.6817598717792775,0.916519433269777,0.916519433269777,0.8257306236767084,0.39656300176352766,0.9157564475949057,0.8494523448310354,0.3965620693719383,0.9296116504854369,0.852995951591613,0.9113470873786407,0.7750441753829951,0.27972027972027974,0.8571428571428571,0.0,0.0,0.0,0.0,0.14095182716846466,0.07581735640740866,0.16795183799560925,0.13386206166522155,0.21825907572012507,0.11451382657928394,0.33839891633881447,0.20148999647861981,0.9607805174791185,0.5732345581054688,0.5909517407417297,0.69235364343258,0.6817598717792775,0.9167499306518068,0.9167499306518068,0.8258493752717115,0.39644086174471854,0.9157758988379845,0.8492787058897457,0.3965375243319912,0.9305218446601943,0.8538769059417277,0.9112864077669902,0.7742234597376008,0.27972027972027974,0.8571428571428571,0.7899881343920842,0.0025000000000000005,0.26810184774641627,2,0.04372425004839897,0.17136472463607788,4990,5000,0.03589432314038277,5000,5000,8,outer,64,0.0,1ac40ceb49f7,0.8403400876003918
algebra,cov040,both,latent,identity,0.4,12,13324,11336,48,True,806,70,279,349,14,25.1875,0,0.08186745382045087,0.1587511893560094,0.17956673940391663,0.22556814398831943,0.1470003108760947,0.3834061956673297,0.20329582577754943,0.9408616608852615,0.020813083925789386,0.10469902252728833,0.04397624986856042,0.14785889229967278,0.004697267810971671,0.05333959643533937,0.035441452688238444,0.18825900426868947,0.13140599545363765,0.9878460786909635,0.5716941356658936,0.6037279367446899,0.7004007682085326,0.7250544289708886,0.9150516538957221,0.9150516538957221,0.8324770422148058,0.4056487095731346,0.9056794228254804,0.8209503365049896,0.43269164626711126,0.9442846872753415,0.8708277412916302,0.935585909417685,0.8265186540079164,0.23297491039426524,0.8888888888888888,0.0,0.0,0.0,0.0,0.0,0.08162786746411511,0.15844242619047516,0.17919711017711587,0.22506299056883936,0.14667402927278228,0.38298045547101,0.2028561357760513,0.9409929242274176,0.5722123384475708,0.6046934723854065,0.7004007682085326,0.7250544289708886,0.9154181897010051,0.9154181897010051,0.8329477892340507,0.40542887596222227,0.905592682845537,0.8210470333410691,0.43248924224934776,0.9446441409058232,0.8719476369055889,0.9356578001437814,0.827080704247724,0.23297491039426524,0.8888888888888888,0.8428322392235783,0.0025000000000000005,0.3375737119457348,2,0.035929467529058456,0.081000417470932,4210,5000,0.03544145077466965,5000,5000,8,outer,64,0.0,941040808436,0.8269592940940232
unconstrained,cov040,both,latent,identity,0.4,14,13396,11408,76,True,806,73,290,363,18,25.1875,0,0.09242872414369709,0.18378940623226317,0.1482778165431565,0.21914072008917204,0.12966145241000335,0.3600853404541809,0.20735694880353572,0.9554346195300485,0.047786711514913226,0.14445263859497287,0.04022269553351968,0.1446486575022471,0.003969547360098864,0.049705122391767595,0.04174420858666403,0.20431399508272563,0.1421368212869636,0.9858107736234702,0.5654051303863525,0.5725572109222412,0.6826052818248248,0.6977634544355722,0.8676465832294062,0.8676465832294062,0.7202161983967172,0.453502287134681,0.9061515165992161,0.7988870260050653,0.4363328749016677,0.9617024067151945,0.8927782476929621,0.9483244802937898,0.8359089694627155,0.23793103448275862,0.7586206896551724,0.0,0.0,0.0,0.0,0.274516224861145,0.09339634515069857,0.18772280062138044,0.13685186099442864,0.21091441795815075,0.12236668904651861,0.34980950393967086,0.203183878845894,0.9579418712898389,0.5620430707931519,0.5723699927330017,0.6826052818248248,0.6977634544355722,0.8547092447990822,0.8547092447990822,0.7036311883654363,0.45465342046486706,0.9140652439820671,0.790379564970841,0.41898002919878813,0.9679323234310446,0.9123657500031714,0.9501606662731982,0.8471533896139025,0.23793103448275862,0.7586206896551724,0.7883948224247724,0.0025000000000000005,0.270046504566994,2,0.04660540074110031,0.07135101407766342,1850,5000,0.041744206100702286,5000,5000,8,outer,64,0.0,1bbe2e44625d,0.8270506742760779
algebra,cov040,both,latent,identity,0.4,13,13324,11336,48,True,806,71,286,357,17,25.1875,0,0.06667258934466926,0.1691076484660942,0.15413483213378232,0.237376878388364,0.12498075120407798,0.3535261676369629,0.21462046841427404,0.9571957331816059,0.02452587399562469,0.11438972570217293,0.04857406920230755,0.15643070594701144,0.004485412935612696,0.053701812918727616,0.03962784867948126,0.19906744756358652,0.14012946532205173,0.9863325142963664,0.6228799819946289,0.6204110980033875,0.69235364343258,0.6817598717792775,0.9254134656202722,0.9254134656202722,0.8721472365888283,0.37023269430543426,0.8966410978970956,0.844252538219162,0.4323573650501949,0.914745145631068,0.8285667792786945,0.9047936893203884,0.756162956040136,0.27972027972027974,0.8214285714285714,0.0,0.0,0.0,0.0,0.0,0.06765493581900688,0.16964695814043207,0.1570189090360804,0.2381770540144428,0.12723091796372255,0.3566944322017412,0.21533368872310588,0.9564250806016064,0.6200085282325745,0.6264316439628601,0.69235364343258,0.6817598717792775,0.9237420158228931,0.9237420158228931,0.8733170552169267,0.37339636547293004,0.8946548451365661,0.8486081312782212,0.43799301415862474,0.9205097087378641,0.8313736239869037,0.9045509708737864,0.7483976972858705,0.27972027972027974,0.8214285714285714,0.7899881343920842,0.0025000000000000005,0.26810184774641627,2,0.03975106403231621,0.1510826051235199,3440,5000,0.03962785005569458,5000,5000,8,outer,64,0.0,941040808436,0.8259565840171059
additive,cov040,both,latent,identity,0.4,15,1988,0,48,True,806,64,254,318,14,25.1875,0,0.3750768626873193,0.39854267532718785,0.6931991374808034,0.47576164896098394,0.5871583792163086,0.7662626046051763,0.4500219910830519,0.7690591213603262,0.40683142176755094,0.4137591824367607,0.931920834444686,0.5515293112171651,0.06570071507825223,0.19631767366793895,0.73906823401873,0.8596907781398669,0.49763073402129226,0.7377761034761241,0.0,0.0,0.6172400476135051,0.5679520642732239,,,,0.9999999999986876,,,0.9999999999984499,,,,,0.18503937007874016,,0.0,0.0,0.0,0.0,0.0,0.3783145873093238,0.3990826333559073,0.696494270828999,0.4760145811655529,0.5904343763224406,0.7683972776646469,0.4503705985623377,0.7677706076017029,0.0,0.0,0.6172400476135051,0.5679520642732239,,,,0.9999999999986876,,,0.9999999999984499,,,,,0.18503937007874016,,0.597002001844792,0.0025000000000000005,0.23434370842743574,2,0.7403882145881653,0.8200703263282776,3970,5000,0.7390682697296143,5000,5000,8,outer,64,0.0,f23457da206b,0.0
additive,cov040,both,latent,identity,0.4,16,1988,0,48,True,806,76,302,378,16,25.1875,0,0.5263760976803755,0.4285432398558127,1.0675453588544566,0.5636462613945775,0.887155605129763,0.9418893805165036,0.5186119208816559,0.7013292201375784,0.43705310527717867,0.3904149030087673,1.0261855469578813,0.5345934450645694,0.061189399106011816,0.1728961524172633,0.8099887292877902,0.8999937384714353,0.4784465749491769,0.7196519374869682,0.0,0.0,0.7807781695763442,0.7349722584166031,,,,0.9999999999991798,,,0.9999999999990744,,,,,0.2682119205298013,,0.0,0.0,0.0,0.0,0.0,0.5204438192098232,0.43202319626753416,1.0616009467295147,0.567776332004859,0.8812152375562842,0.9387306522939816,0.522525286759084,0.7033291108056656,0.0,0.0,0.7807781695763442,0.7349722584166031,,,,0.9999999999991798,,,0.9999999999990744,,,,,0.2682119205298013,,0.9722015114908694,0.0025000000000000005,0.3233084969807744,2,0.8135585784912109,0.8612992167472839,4510,5000,0.8099887371063232,5000,5000,8,outer,64,0.0,f23457da206b,0.0
shared_pair,cov040,both,latent,identity,0.4,14,13396,11408,76,True,806,73,290,363,18,25.1875,0,0.06309533335274577,0.156219920967346,0.1237376224768539,0.21432252819188988,0.10352352610215118,0.3217507204376568,0.19495499245037526,0.9644183738298354,0.025648903568892475,0.11288350625356905,0.03786394504335988,0.1409854288829233,0.003744061826683983,0.049452551942704405,0.033017451911092364,0.18170704970113946,0.1294994281724344,0.9887770755416275,0.5650939345359802,0.57551509141922,0.6826052818248248,0.6977634544355722,0.9285183265039872,0.9285183265039872,0.79187632310196,0.37217658853620667,0.9309497226902257,0.7808575361304472,0.38326368163224717,0.9710800708243164,0.9153885148250731,0.9528493671716178,0.8640505103441123,0.23793103448275862,0.7931034482758621,0.0,0.0,0.0,0.0,0.1251961886882782,0.06309533335274577,0.156219920967346,0.1237376224768539,0.21432252819188988,0.10352352610215118,0.3217507204376568,0.19495499245037526,0.9644183738298354,0.5650939345359802,0.57551509141922,0.6826052818248248,0.6977634544355722,0.9285183265039872,0.9285183265039872,0.79187632310196,0.37217658853620667,0.9309497226902257,0.7808575361304472,0.38326368163224717,0.9710800708243164,0.9153885148250731,0.9528493671716178,0.8640505103441123,0.23793103448275862,0.7931034482758621,0.7883948224247724,0.0025000000000000005,0.270046504566994,2,0.03329010307788849,0.06409855931997299,4999,5000,0.03301744908094406,5000,5000,8,outer,64,0.0,1ac40ceb49f7,0.8619148273974712
unconstrained,cov040,both,latent,identity,0.4,15,13396,11408,76,True,806,64,254,318,14,25.1875,0,0.08541150543958888,0.17993274282601257,0.08295315564106492,0.18245506605723782,0.08377260557390624,0.2894349764176856,0.18161429164682938,0.9670505951682152,0.04673501092742678,0.1458320946772111,0.03559257619144566,0.13461275179240956,0.0033106641817189767,0.04550367082627464,0.038378539136078325,0.19590441326340335,0.1359583638727147,0.9863831651640145,0.5056851506233215,0.5022168159484863,0.6172400476135051,0.5679520642732239,0.8860892983003535,0.8860892983003535,0.7747927143843127,0.46382614263026417,0.9303687914718336,0.791879200405692,0.3542588769175457,0.9606331585980059,0.8602465864417542,0.9702949943467982,0.8845915624376129,0.18503937007874016,0.8,0.0,0.0,0.0,0.0,0.2517462372779846,0.08447515560968223,0.17648947367730428,0.08168323334846717,0.17918042990835978,0.08261387410220551,0.2874262933383192,0.17828344449800798,0.9675063469272878,0.5068395733833313,0.5023037791252136,0.6172400476135051,0.5679520642732239,0.886021190945746,0.886021190945746,0.7771161074058952,0.4626228231351214,0.9299529539781215,0.7922167889906576,0.3552112955777953,0.9605303731113167,0.8604251373930693,0.9702949943467982,0.8840290444335841,0.18503937007874016,0.8,0.597002001844792,0.0025000000000000005,0.23434370842743574,2,0.04000627622008324,0.11325279623270035,4870,5000,0.03837854042649269,5000,5000,8,outer,64,0.0,1bbe2e44625d,0.8573253681813771
algebra,cov040,both,latent,identity,0.4,14,13324,11336,48,True,806,73,290,363,18,25.1875,0,0.06305576804482041,0.16379818350373607,0.14674921829846627,0.23405595621936298,0.11885140154725099,0.3447483162355561,0.21063669864748732,0.9591500956460705,0.02263408817827182,0.11299257519908598,0.04538758718686383,0.1550596489867821,0.003902087817027216,0.05040865737169075,0.03692892797630996,0.1921690088862144,0.13870037221955853,0.9874475301691114,0.6086506843566895,0.5828023552894592,0.6826052818248248,0.6977634544355722,0.9254782313797826,0.9254782313797826,0.8265868920496409,0.36205886923148933,0.91523665032424,0.7892048410924561,0.4161110416934084,0.9648501541084662,0.8941003558253496,0.9483900583644829,0.8415733655610671,0.23793103448275862,0.8620689655172413,0.0,0.0,0.0,0.0,0.0,0.06229150571129799,0.16366322433438804,0.14608985065139013,0.2331705822781286,0.11815706900469275,0.34373982749267323,0.21000146296354844,0.9593887416997483,0.6085553169250488,0.5826887488365173,0.6826052818248248,0.6977634544355722,0.9254801517002973,0.9254801517002973,0.8266597126293272,0.36210372632747556,0.9151749790964089,0.7891331275823936,0.41629220589859234,0.9650468883205456,0.8942968284257641,0.9483900583644829,0.8415733655610671,0.23793103448275862,0.8620689655172413,0.7883948224247724,0.0025000000000000005,0.270046504566994,2,0.03825176879763603,0.06735444068908691,4910,5000,0.0369289256632328,5000,5000,8,outer,64,0.0,941040808436,0.8414696937533739
shared_pair,cov040,both,latent,identity,0.4,15,13396,11408,76,True,806,64,254,318,14,25.1875,0,0.06190272206061097,0.15657141906460084,0.09064428348545009,0.19366971033947056,0.08106376301050373,0.2847169875692417,0.18130361324784733,0.9681160359484757,0.028833065653922366,0.11886398824617486,0.038605275682953286,0.14126905928397163,0.00341258540628572,0.04646968362182026,0.034524399993547304,0.18580742717541543,0.13154881460272994,0.9877506267016376,0.49689289927482605,0.5035303831100464,0.6172400476135051,0.5679520642732239,0.9286768594097317,0.9286768594097317,0.8025687122752994,0.3892640423132357,0.9310527459621328,0.8169209870621553,0.35503540435488784,0.9669030732860521,0.8888402013032548,0.9689587830198375,0.8782098787112979,0.18503937007874016,0.88,0.0,0.0,0.0,0.0,0.11950841546058655,0.06090220666323274,0.15302694908368789,0.08875875716292005,0.19104471718945143,0.07947324032969094,0.2819099862184576,0.17837212782086356,0.9687416196383373,0.4961100220680237,0.5057466626167297,0.6172400476135051,0.5679520642732239,0.9300655462007541,0.9300655462007541,0.7891327232084828,0.3880824803519268,0.9355911574949689,0.8042216880527691,0.34528217442282605,0.967622571692877,0.8917561338343583,0.969883852400041,0.8815524455270511,0.18503937007874016,0.88,0.597002001844792,0.0025000000000000005,0.23434370842743574,2,0.03705643117427826,0.12903977930545807,2660,5000,0.034524399787187576,5000,5000,8,outer,64,0.0,1ac40ceb49f7,0.8619388466895405
unconstrained,cov040,both,latent,identity,0.4,16,13396,11408,76,True,806,76,302,378,16,25.1875,0,0.09159953184843475,0.18169282028033645,0.12218255944180709,0.20875773581449394,0.11198821691068298,0.33464640579376165,0.19973609730310812,0.962297923964282,0.04067120682119582,0.13532759282620838,0.0384958019237185,0.1381661770209396,0.003982415948797176,0.04962752649382386,0.03831228848494806,0.1957352510023375,0.1349613532922173,0.9867395983933755,0.6557574272155762,0.6052589416503906,0.7807781695763442,0.7349722584166031,0.9041193488095305,0.9041193488095305,0.718881241053634,0.38225199004456045,0.9412480483288224,0.8179984276397323,0.3549761385332651,0.9682699290542428,0.9337104885739951,0.9583822132841741,0.8866165972193485,0.2682119205298013,0.8,0.0,0.0,0.0,0.0,0.29860079288482666,0.09252538689069174,0.1826816319474339,0.1255999737531508,0.21051899511128,0.11457511146566444,0.33848945547190157,0.20123987405666466,0.9614270172037424,0.6512682437896729,0.6146631240844727,0.7807781695763442,0.7349722584166031,0.9033645151326869,0.9033645151326869,0.7401199768829494,0.3856747470765077,0.9394559320070387,0.8119478467835344,0.3538632600284927,0.9658678286129265,0.930427822519961,0.9565387408524664,0.8797935409320655,0.2682119205298013,0.8333333333333334,0.9722015114908694,0.0025000000000000005,0.3233084969807744,2,0.038507673889398575,0.12282317876815796,2980,5000,0.038312286138534546,5000,5000,8,outer,64,0.0,1bbe2e44625d,0.8737671088779261
algebra,cov040,both,latent,identity,0.4,15,13324,11336,48,True,806,64,254,318,14,25.1875,0,0.0506256107706827,0.14955426475318156,0.09765996850215866,0.20262665700238094,0.08198184925833334,0.2863247269418646,0.18493585958598116,0.967754934664315,0.02216062581644234,0.11100898272202904,0.04397156019390588,0.1515269050828503,0.0035371063550778464,0.04868649668284171,0.03584608954365583,0.18933063551273427,0.1357173839062095,0.9872816868015424,0.5582776069641113,0.5120906233787537,0.6172400476135051,0.5679520642732239,0.9379612175511132,0.9379612175511132,0.8085806816579919,0.35021367576536944,0.9194905194160607,0.7993837726805888,0.37955010803982064,0.9633055812519272,0.8806059495686255,0.9639222941720629,0.8619927819980842,0.18503937007874016,0.88,0.0,0.0,0.0,0.0,0.0,0.05090326113894456,0.14906819877093394,0.09786123899735595,0.20172625640178277,0.08220857971121884,0.286720385935878,0.18417357052483319,0.9676657571410824,0.5576866269111633,0.5103607177734375,0.6172400476135051,0.5679520642732239,0.9377406426831725,0.9377406426831725,0.8061426842686282,0.350591593441271,0.9192516235740704,0.7988526748036987,0.380036919565969,0.9637167231986844,0.8809743740557585,0.9633055812519271,0.8583747153521151,0.18503937007874016,0.88,0.597002001844792,0.0025000000000000005,0.23434370842743574,2,0.038049422204494476,0.12222840636968613,3660,5000,0.03584608808159828,5000,5000,8,outer,64,0.0,941040808436,0.8603752374823365
shared_pair,cov040,both,latent,identity,0.4,16,13396,11408,76,True,806,76,302,378,16,25.1875,0,0.07922638159642735,0.17326281370012833,0.13004954480619793,0.21586658711337722,0.11310849040294105,0.3363160573076181,0.20166532930896094,0.9619207714606431,0.026057787026800967,0.11275993976428228,0.03725017867138885,0.1377929205060566,0.0038206082242898173,0.049758189748592654,0.032753579084703846,0.18097949907297192,0.1273937241940712,0.9886635429546804,0.643020749092102,0.6020852327346802,0.7807781695763442,0.7349722584166031,0.9340935832726647,0.9340935832726647,0.7586840882499727,0.35592477237821146,0.9432052359787143,0.7939870399000033,0.3532572788892123,0.9672643986369477,0.9300207563950704,0.9622926093514329,0.899687078600681,0.2682119205298013,0.9,0.0,0.0,0.0,0.0,0.15493057668209076,0.07925786050298717,0.1733517399374972,0.13003496635059567,0.21591265481808156,0.11310926440139282,0.33631720800665676,0.20172568319122014,0.9619205108854748,0.6430941224098206,0.6021455526351929,0.7807781695763442,0.7349722584166031,0.9340970975171036,0.9340970975171036,0.7586630668083201,0.355971567300366,0.9431895528349348,0.79414344813945,0.3532508920300149,0.9672085358359868,0.9299305668300486,0.9622926093514329,0.899687078600681,0.2682119205298013,0.9,0.9722015114908694,0.0025000000000000005,0.3233084969807744,2,0.03277582302689552,0.13907699286937714,4980,5000,0.03275357931852341,5000,5000,8,outer,64,0.0,1ac40ceb49f7,0.8725043388680425
algebra,cov040,both,latent,identity,0.4,16,13324,11336,48,True,806,76,302,378,16,25.1875,0,0.06801461127954733,0.16251581286311095,0.14188638656418512,0.22962732536263647,0.11726246146930586,0.34243606917102914,0.20725682119612793,0.9605222910015859,0.022090118196953584,0.10944244124634028,0.043618826009219944,0.14849412984859958,0.003792078463063724,0.04892890100552759,0.035600675187446904,0.1886814118758043,0.13324520331379797,0.9876781244576918,0.6854085326194763,0.6232566237449646,0.7807781695763442,0.7349722584166031,0.9427882416675697,0.9427882416675697,0.7947646154023777,0.3310313225428388,0.931363050025598,0.8082282497242708,0.36946114000920577,0.9664823194234958,0.9274159923900016,0.9512876375621474,0.8643783257586228,0.2682119205298013,0.8333333333333334,0.0,0.0,0.0,0.0,0.0,0.06891186852707352,0.16562096855078207,0.14248411078898587,0.23212258922152953,0.11796003003501511,0.34345309728551743,0.2099553823312804,0.9602874468025263,0.68674236536026,0.6251940131187439,0.7807781695763442,0.7349722584166031,0.9427468826342207,0.9427468826342207,0.7950784121557523,0.33085072347873196,0.9313328845566728,0.8090444916089594,0.368895636753001,0.9655885146081225,0.926277204538722,0.951064186358304,0.8636672209520827,0.2682119205298013,0.8333333333333334,0.9722015114908694,0.0025000000000000005,0.3233084969807744,2,0.035603754222393036,0.14260564744472504,4980,5000,0.035600677132606506,5000,5000,8,outer,64,0.0,941040808436,0.8678219911013761
wellspecified,ceiling_fixedlen,both,latent,identity,0.05,2,3046,512,48,True,101,74,294,368,0,3.15625,1,0.3738197817565333,0.35364413924552207,0.8375037530339918,0.5059727628048601,0.6829424292748391,0.8264033090899618,0.45519655495174743,0.7627237455972451,0.0053924882396584085,0.05799542663787639,0.014202219249062202,0.09074328935580166,0.01520335350269558,0.09319972003515695,0.011952327587707305,0.10932670116539374,0.08215930414863078,0.9958808435576953,0.3105023205280304,0.33955150842666626,0.6634971332151967,0.6956231010395416,0.4155779494332717,0.4155779497392923,0.4098106044060478,0.90051909034117,0.2714755143687709,0.36088779701155643,0.9808037255263254,0.6881803542673107,0.42303808808182364,0.7063446054750403,0.3981935457474936,0.23469387755102042,0.3103448275862069,3.0497012915020605e-08,9.821831827882643e-08,3.816035842874044e-08,1.1238459370472042e-07,3.0497012915020605e-08,0.3597699177898083,0.35730732660531866,0.8336421731653729,0.5171470755512518,0.6756847547068514,0.8220004590672997,0.46386715923594074,0.7652452961165104,0.33932945132255554,0.366693377494812,0.6634971332151967,0.6956231010395416,0.4495329489865968,0.4495329490157271,0.3985555973994851,0.884005129297984,0.2696761861889947,0.3164617035568783,0.9921406298256565,0.6949436392914654,0.43410271307384374,0.6882447665056362,0.3952387683371629,0.23469387755102042,0.3103448275862069,0.7643717300427518,0.0025000000000000005,0.26492104756961427,2,0.013850097544491291,0.6363157033920288,2770,5000,0.011952327564358711,5000,5000,8,concat_outer,64,0.0,dd81714879a2,
wellspecified,ceiling_fixedlen,both,latent,identity,0.05,1,3046,512,48,True,101,60,242,302,0,3.15625,4,0.4648330204951868,0.37664411370860434,0.87710558336286,0.5072391972347999,0.7396813957403022,0.8600473218028775,0.46370750272606814,0.7331303263732268,0.006339058613299762,0.06360363896578847,0.015780122008349436,0.09622829099662175,0.021785327781203723,0.1113381385575109,0.014229129546667302,0.11928591512273065,0.08988480431755566,0.9930696561096544,0.27152249217033386,0.3006289303302765,0.7236853112125092,0.6716918191595322,0.2918972922289143,0.291897284332966,0.3310615692106954,0.9576230362830607,0.32185890522949145,0.37959057442271327,0.9552424373549558,0.7915225680588809,0.5997391640002238,0.7783098341757559,0.5858084801212546,0.2603305785123967,0.4166666666666667,3.18738564430987e-08,1.1738937747269179e-07,3.0798730676906416e-08,1.0244765028916149e-07,3.18738564430987e-08,0.5136190575374772,0.3791075845011931,0.8978918308346785,0.504385984240929,0.7698009064022779,0.8773829872993195,0.4626265176610171,0.7222635071907397,0.27423158288002014,0.3271580934524536,0.7236853112125092,0.6716918191595322,0.2194228333382895,0.21942283888195013,0.3197095224003309,0.9951129496830037,0.40424090788742695,0.41344985120918737,0.9205506454555284,0.7018710649995566,0.5026170078553035,0.7213797995920901,0.5236201764794424,0.2603305785123967,0.4583333333333333,0.8270751336687071,0.0025000000000000005,0.29530161787387427,2,0.0171325895935297,0.23790369927883148,1170,5000,0.014229129999876022,5000,5000,8,concat_outer,64,0.0,dd81714879a2,
wellspecified,ceiling_fixedlen,both,latent,identity,0.05,3,3046,512,48,True,101,64,257,321,0,3.15625,4,0.379496859582385,0.3473253949932718,0.777829141551033,0.4818606879906062,0.6450517142281503,0.803151115437282,0.43701559032482806,0.7522671352118527,0.004793417683351988,0.054689233092251065,0.010090835118712307,0.07523743535805238,0.013904853898092772,0.09162207267528918,0.009298077736992844,0.09642654062545666,0.07243974696420286,0.9951570331905184,0.26479196548461914,0.33019301295280457,0.624247173031166,0.600675599158459,0.287878972465153,0.2878789752430454,0.3166665841892136,0.9604463407859324,0.21635356322927812,0.2504674704212288,1.0441091698641514,0.7336134453781513,0.5119367490840145,0.6853323147440794,0.4539767340084704,0.2723735408560311,0.32,2.8409925079131426e-08,1.0729147964255325e-07,3.168290874100421e-08,9.595269252284283e-08,2.8409925079131426e-08,0.38415896523818194,0.35072616506645327,0.7873455413685129,0.48960988576336606,0.6529500159917359,0.8080532259645622,0.4433153121977285,0.7492337831879834,0.26833781599998474,0.32771411538124084,0.624247173031166,0.600675599158459,0.2772214678630441,0.2772214670140398,0.2822607611867704,0.9675596439024573,0.19333337133611636,0.2180561289702289,1.0510214886035332,0.7206264323911382,0.48926679392186917,0.6668449197860963,0.43663888766426684,0.2723735408560311,0.28,0.6351476448634765,0.0025000000000000005,0.24198641121127817,2,0.013573531992733479,0.705983579158783,4620,5000,0.009298077784478664,5000,5000,8,concat_outer,64,0.0,dd81714879a2,
wellspecified,ceiling_fixedlen,both,latent,identity,0.05,4,3046,512,48,True,101,73,294,367,0,3.15625,2,0.5029756435791344,0.402882007942354,1.120971117543159,0.5708595924398381,0.9149726262218174,0.9565420148753621,0.51486706427401,0.6982556018516592,0.004106549043479215,0.05032474845464185,0.00998729455285142,0.07378144493026177,0.014468412689259188,0.09058998086263093,0.009150336144904564,0.09565738938997115,0.07025724862408742,0.9956564413034462,0.4346316456794739,0.34405001997947693,0.8104189479295445,0.7907564643727457,0.4536759129879017,0.4536759128856039,0.3011177444888987,0.8797016455223536,0.2278295764678404,0.16850942609935746,0.9934489090558698,0.6824091118269673,0.5249800202119532,0.6658996778647033,0.49177309287087745,0.2789115646258503,0.27586206896551724,4.799362685048436e-08,1.1042368225403989e-07,3.779199531095401e-08,1.098444790189632e-07,4.799362685048436e-08,0.5067374169618659,0.4040378031427916,1.1112270817219527,0.5713973300788775,0.9097305268019238,0.953797948625349,0.5156108211001821,0.6999843684717287,0.4285525381565094,0.3542863726615906,0.8104189479295445,0.7907564643727457,0.4516116647858883,0.451611665447411,0.29806531509462697,0.8836148509524483,0.2539094328764857,0.21674562576809517,0.9828123070095071,0.6795329038196042,0.5222371659344203,0.6688334100322135,0.4865775511355388,0.2789115646258503,0.27586206896551724,1.076287525145831,0.0025000000000000005,0.3534790323700732,2,0.011421199887990952,1.258766531944275,4330,5000,0.009150336496531963,5000,5000,8,concat_outer,64,0.0,dd81714879a2,
wellspecified,ceiling_fixedlen,both,latent,identity,0.05,0,3046,512,48,True,101,66,266,332,0,3.15625,4,0.40831358759107517,0.33474895988847,0.7662532757257738,0.45387503145798763,0.646940046347541,0.8043258334453401,0.41416634093481497,0.7640093122550605,0.004360853873888201,0.05264655656573597,0.010797002834450804,0.07987130874187365,0.011639508562909958,0.0878232027396584,0.009172668560893753,0.0957740495170469,0.07376564456222329,0.9964757238317282,0.3815194368362427,0.362678587436676,0.6749444343461529,0.5842553322044433,0.3556272755740221,0.3556272799281759,0.39244422270431223,0.939469318222846,0.29438995603775725,0.41295107601524483,1.022947257238377,0.7257799671592774,0.4591739211912972,0.7090468371256549,0.4172848108102437,0.23684210526315788,0.23076923076923078,3.968133555076747e-08,1.0400867823699062e-07,4.24524628783729e-08,1.1705257556384564e-07,3.968133555076747e-08,0.40831358759107517,0.33474895988847,0.7662532757257738,0.45387503145798763,0.646940046347541,0.8043258334453401,0.41416634093481497,0.7640093122550605,0.3815194368362427,0.362678587436676,0.6749444343461529,0.5842553322044433,0.3556272755740221,0.3556272799281759,0.39244422270431223,0.939469318222846,0.29438995603775725,0.41295107601524483,1.022947257238377,0.7257799671592774,0.4591739211912972,0.7090468371256549,0.4172848108102437,0.23684210526315788,0.23076923076923078,0.6852257480026048,0.0025000000000000005,0.24870007211432524,2,0.009803189896047115,0.8834955096244812,4999,5000,0.009172668680548668,5000,5000,8,concat_outer,64,0.0,dd81714879a2,
wellspecified,ceiling_fixedlen,both,latent,identity,0.1,0,3046,512,48,True,202,66,266,332,1,6.3125,0,0.13922833844337582,0.19820253358074102,0.29533917026514267,0.2737908787396875,0.24330222632455373,0.49325675497103305,0.2485947636867053,0.911248252377684,0.008043250230215092,0.06842937376024444,0.014473013416990643,0.09150877600196523,0.006593672364943507,0.06426523123703665,0.011781834325856796,0.10854415841424538,0.08194814000527414,0.9959258557338064,0.4871346652507782,0.3794046938419342,0.6749444343461529,0.5842553322044433,0.8035901639810246,0.803590163012102,0.7236154303503086,0.5429006589769098,0.7412756800745091,0.7480345447039265,0.6795289132312673,0.9141449683321603,0.8056612171542838,0.8937368050668543,0.7636308267791305,0.23684210526315788,0.6538461538461539,5.271585123978184e-08,1.0821617694652751e-07,4.3151256789997205e-08,1.1373411393334148e-07,5.271585123978184e-08,0.16342976398256615,0.2013169508994581,0.33607450266882877,0.2744086964149181,0.27852625644007456,0.5277558682194586,0.2500447812430981,0.8983992362454463,0.48634737730026245,0.35338112711906433,0.6749444343461529,0.5842553322044433,0.7696997586716859,0.7696997581367652,0.7003084348564862,0.5952150843307361,0.6905258528779685,0.7402691592241151,0.7151524982873789,0.8845101258894362,0.7516213722182691,0.8581593556963015,0.7132989679530706,0.23684210526315788,0.5384615384615384,0.6852257480026048,0.0025000000000000005,0.24870007211432524,2,0.012016646564006805,0.4252169728279114,2900,5000,0.011781834065914154,5000,5000,8,concat_outer,64,0.0,e0743cf2d50f,
wellspecified,ceiling_fixedlen,both,latent,identity,0.1,1,3046,512,48,True,202,60,242,302,2,6.3125,0,0.1286337485577957,0.2019496286400547,0.2756015256539782,0.2846899001233754,0.22661226662191736,0.4760380936667961,0.2571098096289352,0.9182405533227077,0.007570511058495331,0.06849658881865166,0.014970400626068789,0.0919028838412455,0.0062721762683533785,0.061579726233052356,0.011908513981973826,0.10912613794125506,0.08194952013753157,0.9951997201842148,0.5012997984886169,0.42212674021720886,0.7236853112125092,0.6716918191595322,0.8730487103220035,0.8730487143106025,0.822386656285814,0.49339169672244376,0.8486483773785987,0.826811007937627,0.5712514270403288,0.9468830362685111,0.8655550446555538,0.9334929502527267,0.8197674491725098,0.2603305785123967,0.75,5.209203024492126e-08,1.039139259542116e-07,5.228233490583989e-08,1.2385459105263737e-07,5.209203024492126e-08,0.15537023355125668,0.21367581918872078,0.3160685797240015,0.2985623461536185,0.2625024643330866,0.5123499432351746,0.27026683716531924,0.9052917277814163,0.5110424160957336,0.42670750617980957,0.7236853112125092,0.6716918191595322,0.831652550255952,0.8316525517783047,0.8203189529732974,0.5450319429426624,0.8230418188090962,0.8309464145626602,0.5979148978797921,0.9375720493038929,0.8368695540233273,0.9214330052318879,0.7972047450915093,0.2603305785123967,0.5833333333333334,0.8270751336687071,0.0025000000000000005,0.29530161787387427,2,0.013461695052683353,0.08207424730062485,1900,5000,0.0119085144251585,5000,5000,8,concat_outer,64,0.0,e0743cf2d50f,
wellspecified,ceiling_fixedlen,both,latent,identity,0.1,2,3046,512,48,True,202,74,294,368,1,6.3125,0,0.1190726815692454,0.19914412937613638,0.29645731169228373,0.28961815158704834,0.23732910165127097,0.4871643476808119,0.259460144183411,0.9175442059437162,0.006939026855362272,0.0665967877386786,0.014484525779742272,0.09165996115702076,0.005788012770268247,0.06141994840751628,0.011378902473277946,0.10667193854654534,0.08121500317720971,0.9960590035036515,0.4711536169052124,0.4482311010360718,0.6634971332151967,0.6956231010395416,0.8698411257006347,0.8698411296367021,0.8381064926693764,0.5111750066300883,0.7978612943919834,0.8511856851261359,0.6067539224478568,0.9199355877616747,0.8176037895362912,0.9113687600644124,0.7698411910625756,0.23469387755102042,0.7586206896551724,4.6511036799756766e-08,9.871735041863553e-08,4.77325059478062e-08,1.064908456924513e-07,4.6511036799756766e-08,0.12959701448707486,0.20129277218417269,0.3210206088866678,0.2938621747129866,0.25721274408680345,0.5071614576116795,0.26300570720338196,0.9106359864529513,0.46739792823791504,0.4360988438129425,0.6634971332151967,0.6956231010395416,0.8598489806937486,0.8598489828861472,0.8293509455613102,0.5319956748178095,0.7822437763265563,0.8351683404894323,0.6309063566218415,0.9098228663446054,0.7910659678176842,0.9033816425120772,0.7550621386657103,0.23469387755102042,0.7586206896551724,0.7643717300427518,0.0025000000000000005,0.26492104756961427,2,0.011581283062696457,0.24437765777111053,2320,5000,0.01137890201061964,5000,5000,8,concat_outer,64,0.0,e0743cf2d50f,
wellspecified,ceiling_fixedlen,both,latent,identity,0.1,3,3046,512,48,True,202,64,257,321,0,6.3125,1,0.20877269783232838,0.24102118795246358,0.4131916592387206,0.3344046059986429,0.34505200543658976,0.5874112745228761,0.3032767999832498,0.8674823740140193,0.007020752973261218,0.06484039349243832,0.015194456375630421,0.09203325066097946,0.010010021146139353,0.07299303052684869,0.012234916163740858,0.11061155529030797,0.08201603986003964,0.9937046165333392,0.34965670108795166,0.31868162751197815,0.624247173031166,0.600675599158459,0.6929306082602743,0.6929306085838631,0.6766783690390009,0.7284481857515764,0.6914743874591642,0.7027001232920097,0.7437226758423313,0.9156608097784569,0.7972569732286364,0.8976317799847212,0.7700482453380515,0.2723735408560311,0.48,3.995293695879809e-08,1.1426332376934802e-07,3.4742200227810827e-08,1.0901852231028431e-07,3.995293695879809e-08,0.22949164880142423,0.2497915096352752,0.44060227786252437,0.3426208627753642,0.370232068175491,0.6084669819928531,0.3116777450620012,0.857811941488594,0.34850507974624634,0.31022343039512634,0.624247173031166,0.600675599158459,0.6435369844996424,0.6435369828939035,0.6522164990724819,0.7682460065613845,0.680364314574961,0.7132365000904894,0.7559023414574666,0.907563025210084,0.7513255335624518,0.892742551566081,0.7582100272990516,0.2723735408560311,0.48,0.6351476448634765,0.0025000000000000005,0.24198641121127817,2,0.012268813326954842,0.2527361810207367,3670,5000,0.012234916910529137,5000,5000,8,concat_outer,64,0.0,e0743cf2d50f,
wellspecified,ceiling_fixedlen,both,latent,identity,0.1,4,3046,512,48,True,202,73,294,367,0,6.3125,1,0.21319664091067428,0.25629283297453404,0.5109801102312295,0.3706067542463022,0.4117189537910444,0.6416532971870746,0.3325021138223795,0.8642211970527027,0.007248157001010275,0.06730140914406607,0.01533119651229953,0.09245561687394327,0.005683355492775461,0.058849891350244266,0.01197263560703092,0.1094195394206671,0.08166171180685083,0.9951100899665197,0.6093342304229736,0.43945741653442383,0.8104189479295445,0.7907564643727457,0.8128555723121837,0.8128555713355953,0.7293228484776222,0.5633023226104285,0.7419026811128409,0.7190931489157242,0.6901323924829179,0.9287275655775425,0.8447679349893613,0.895651173492867,0.7864038647504218,0.2789115646258503,0.7241379310344828,6.297184995673888e-08,1.033453445895264e-07,4.6495340910723826e-08,1.0580170503145107e-07,6.297184995673888e-08,0.21380805887812862,0.2564936896874368,0.5153841697688832,0.3724359181143536,0.4148587994719651,0.6440953341485754,0.3337885086387146,0.8631857225279835,0.609794020652771,0.4361150860786438,0.8104189479295445,0.7907564643727457,0.8117515042170219,0.8117515024113144,0.725117730322302,0.5640440024591732,0.7371901114800735,0.713923049407187,0.6945103334127344,0.9273469857340083,0.8444753980551072,0.8954210768522779,0.7892352183687442,0.2789115646258503,0.7241379310344828,1.076287525145831,0.0025000000000000005,0.3534790323700732,2,0.012567977420985699,0.6762192249298096,4910,5000,0.011972635053098202,5000,5000,8,concat_outer,64,0.0,e0743cf2d50f,
wellspecified,ceiling_fixedlen,both,latent,identity,0.2,0,3046,512,48,True,403,66,266,332,6,12.59375,0,0.0358834355291512,0.1173776705954555,0.09514861444289494,0.1635001077757575,0.07539355480498035,0.2745788680961817,0.14812596204899017,0.972497951007341,0.007165405438779354,0.06515349347037298,0.014511712788465393,0.08752956739940487,0.004253230477082173,0.05279964398241224,0.011670310801150387,0.10802921272114495,0.07869981650224274,0.9957835334978766,0.6011596918106079,0.4919344484806061,0.6749444343461529,0.5842553322044433,0.9597858052426402,0.959785805006155,0.8941408535117739,0.2629097657412836,0.9124553088239727,0.9035324159455242,0.4189421465761797,0.9487059191492688,0.8803011998403104,0.9456564234889357,0.8559769654091739,0.23684210526315788,0.9230769230769231,6.371955407757923e-08,1.0599438857863303e-07,5.622580090403062e-08,1.1429531101835804e-07,6.371955407757923e-08,0.042288422527019275,0.12197094195748348,0.11244456992993865,0.17032778309784202,0.08905918746229885,0.2984278597287774,0.15420883605105584,0.9675130036888413,0.599136233329773,0.4957905113697052,0.6749444343461529,0.5842553322044433,0.9502943294072823,0.9502943278681805,0.8843453769042067,0.2901464459864606,0.8961632842896106,0.894470169487743,0.4560003744312043,0.9444053483462351,0.8777220743388516,0.9350222847759794,0.8277564862736791,0.23684210526315788,0.8846153846153846,0.6852257480026048,0.0025000000000000005,0.24870007211432524,2,0.011708779260516167,0.12213315814733505,2020,5000,0.011670310981571674,5000,5000,8,concat_outer,64,0.0,4533e0917edc,
wellspecified,ceiling_fixedlen,both,latent,identity,0.2,1,3046,512,48,True,403,60,242,302,5,12.59375,0,0.05746357490395333,0.13073200860245268,0.12805925288252096,0.1887039876196953,0.10452736022299842,0.32330691335478495,0.16937999461394773,0.9622875704750407,0.0064698686504522625,0.06252633972213908,0.013461269148431921,0.08268134046045714,0.0038696027235736443,0.04955419408299189,0.010765745934074705,0.10375811261812112,0.07463530537349723,0.9961210941461734,0.6236243844032288,0.5291347503662109,0.7236853112125092,0.6716918191595322,0.9343668522719724,0.9343668541728032,0.9087651315112651,0.3314488663278617,0.9294433243153213,0.9357667796621651,0.39584657358629033,0.9710916023765185,0.9248663565185076,0.9543318258402057,0.88492273813943,0.2603305785123967,0.7916666666666666,5.601491892548438e-08,8.982156605256182e-08,6.29252241424183e-08,1.1892096841438801e-07,5.601491892548438e-08,0.05746357490395333,0.13073200860245268,0.12805925288252096,0.1887039876196953,0.10452736022299842,0.32330691335478495,0.16937999461394773,0.9622875704750407,0.6236243844032288,0.5291347503662109,0.7236853112125092,0.6716918191595322,0.9343668522719724,0.9343668541728032,0.9087651315112651,0.3314488663278617,0.9294433243153213,0.9357667796621651,0.39584657358629033,0.9710916023765185,0.9248663565185076,0.9543318258402057,0.88492273813943,0.2603305785123967,0.7916666666666666,0.8270751336687071,0.0025000000000000005,0.29530161787387427,2,0.010807337239384651,0.03647565469145775,4999,5000,0.010765745304524899,5000,5000,8,concat_outer,64,0.0,4533e0917edc,
wellspecified,ceiling_fixedlen,both,latent,identity,0.2,2,3046,512,48,True,403,74,294,368,7,12.59375,0,0.03158195963860818,0.10947735166149172,0.07847016204117113,0.15033101352085412,0.06284076124031683,0.25068059605864357,0.13671312623440002,0.9781670902088297,0.006008047393084643,0.059962519806391786,0.011994132567428935,0.07895602553650233,0.0032907340356141965,0.046109200349943764,0.009661524687384244,0.09829305513302679,0.07129178388593335,0.9968433531832721,0.571527361869812,0.5590063333511353,0.6634971332151967,0.6956231010395416,0.9726391447480496,0.9726391444319872,0.9570603367163955,0.25416183692633587,0.9641535463595858,0.9554893791843111,0.31300532242202667,0.9770692431561996,0.9447277136591274,0.9665056360708535,0.9225905935129758,0.23469387755102042,0.896551724137931,6.367602622958657e-08,1.1141378412723751e-07,6.154979814709804e-08,1.1010572575808425e-07,6.367602622958657e-08,0.034778016609164214,0.11114385039247059,0.0909352451741018,0.15589135245158867,0.07221616898578928,0.26873066253367756,0.14097551843188263,0.9749097707950889,0.5744194388389587,0.554287850856781,0.6634971332151967,0.6956231010395416,0.9677064553150725,0.9677064561662516,0.9587445089680461,0.2682643666886151,0.9542947946371287,0.9466378533828064,0.3414879173868244,0.972109500805153,0.9303683258004791,0.9625764895330113,0.9143496372592195,0.23469387755102042,0.896551724137931,0.7643717300427518,0.0025000000000000005,0.26492104756961427,2,0.009733871556818485,0.054423343390226364,2250,5000,0.00966152548789978,5000,5000,8,concat_outer,64,0.0,4533e0917edc,
wellspecified,ceiling_fixedlen,both,latent,identity,0.2,3,3046,512,48,True,403,64,257,321,5,12.59375,0,0.0730594409929076,0.13808486224076905,0.14739111278874154,0.19361451793496037,0.12261388885679689,0.35016266056905165,0.17510463270356327,0.9529099926729809,0.007264667346548506,0.06495170212770061,0.014779375677327277,0.08576639787465633,0.004365215253462177,0.05121915099348952,0.01187683543818257,0.1089808948310784,0.07744012435822441,0.9949778917392393,0.4927680790424347,0.4314206838607788,0.624247173031166,0.600675599158459,0.918948502934722,0.9189485023479667,0.9073701616369558,0.4187756901480203,0.9198687442746454,0.8966731305424849,0.4482356955930324,0.9726508785332315,0.9401555227132212,0.9679144385026737,0.9187484884932713,0.2723735408560311,0.8,5.537863501103857e-08,1.1238275621722422e-07,4.9156433590269444e-08,1.1394083620754629e-07,5.537863501103857e-08,0.08036773357824144,0.1403215288368528,0.1650653032944291,0.19861466645267084,0.13683278005569985,0.36990915108401934,0.1791836205807315,0.9474492108889497,0.48894748091697693,0.4132995903491974,0.624247173031166,0.600675599158459,0.9068199493665543,0.906819950894814,0.9031616906841009,0.44274651775376717,0.9080751883590739,0.8975958765043887,0.47902331050423386,0.9695187165775401,0.9321982200064475,0.9624140565317035,0.9113749592639926,0.2723735408560311,0.8,0.6351476448634765,0.0025000000000000005,0.24198641121127817,2,0.012132598087191582,0.09497980028390884,2380,5000,0.011876835487782955,5000,5000,8,concat_outer,64,0.0,4533e0917edc,
wellspecified,ceiling_fixedlen,both,latent,identity,0.2,4,3046,512,48,True,403,73,294,367,8,12.59375,0,0.09784910834253002,0.16260031626424415,0.2130381934759969,0.22461398409444316,0.17464183176484124,0.4179017010791428,0.20394276148437682,0.9424057147643776,0.007709023593667071,0.06808669865165556,0.01589442227228327,0.08950881530594236,0.003920791020202662,0.0479541291504849,0.012701155919089643,0.11269940514079763,0.08063794890717813,0.9946275597972137,0.6692348122596741,0.577387273311615,0.8104189479295445,0.7907564643727457,0.9236605113432225,0.923660513437012,0.9124130082414177,0.3791383117688155,0.9175839761375205,0.8922623228732692,0.43013322565684387,0.9706051541647491,0.9324411150660452,0.9580073630924989,0.9064957044128,0.2789115646258503,0.7586206896551724,7.994116657528139e-08,1.194515960487891e-07,6.511936589959078e-08,1.127828215078498e-07,7.994116657528139e-08,0.11492998059595966,0.17062468268974892,0.2585432682826827,0.24260828277709992,0.21067217238710836,0.45899038376322043,0.2186137494146496,0.9305234429514612,0.6501867175102234,0.5681371688842773,0.8104189479295445,0.7907564643727457,0.9114219115568604,0.9114219123201899,0.894445159332895,0.4113662143980356,0.8848804834458694,0.8608448250012101,0.47996382356699596,0.9615163368614819,0.9149583722499939,0.9454670961803957,0.8875824037009238,0.2789115646258503,0.7241379310344828,1.076287525145831,0.0025000000000000005,0.3534790323700732,2,0.013018719851970673,0.3381635546684265,1760,5000,0.012701155617833138,5000,5000,8,concat_outer,64,0.0,4533e0917edc,
wellspecified,ceiling_fixedlen,both,latent,identity,0.4,0,3046,512,48,True,806,66,266,332,13,25.1875,0,0.020638675419666092,0.08937155651720062,0.048604712898163455,0.12003220621692581,0.03928270040533101,0.19819863875751267,0.10981198965035076,0.9856704627616261,0.006653155252619767,0.061248716495085356,0.013321441130003149,0.07887266135027435,0.003429996834511447,0.04618972644396374,0.010900937160590386,0.10440755317787304,0.0723067437889181,0.9962206091261705,0.6243500709533691,0.5090816020965576,0.6749444343461529,0.5842553322044433,0.9779807378261859,0.9779807382423648,0.928125592760787,0.19532852765127784,0.9626565250682012,0.9261788667131046,0.28956588109398174,0.9569160997732425,0.8884558668222855,0.9546485260770975,0.8837733515056041,0.23684210526315788,0.9615384615384616,7.912813515531525e-08,1.2673680793813554e-07,5.9593837420379714e-08,1.1706146334476074e-07,7.912813515531525e-08,0.020483807745279286,0.08882143428841538,0.05217797306576971,0.12082708030642791,0.041613251292272904,0.20399326286000943,0.11015853163375709,0.9848203247778374,0.6220640540122986,0.5016284584999084,0.6749444343461529,0.5842553322044433,0.9780928001778832,0.9780928009510693,0.9249287093077192,0.1974281519137794,0.9600115503374183,0.9204620625126522,0.30736213815321917,0.9530846821487216,0.8834984966922054,0.9530846821487216,0.8870164865426831,0.23684210526315788,0.9615384615384616,0.6852257480026048,0.0025000000000000005,0.24870007211432524,2,0.011034647934138775,0.054148826748132706,1790,5000,0.010900937020778656,5000,5000,8,concat_outer,64,0.0,b484e8cecee3,
wellspecified,ceiling_fixedlen,both,latent,identity,0.4,1,3046,512,48,True,806,60,242,302,17,25.1875,0,0.011618953851489644,0.07255700882376752,0.031330022980119804,0.10518552650371443,0.02475966660390975,0.15735204671026606,0.09430935394373213,0.9910669591208523,0.0054810860334819035,0.05668044992411569,0.011013016084114991,0.07444021152695458,0.0029215305563641226,0.04310842770856394,0.009007943282105996,0.09491018534438754,0.0678650294092007,0.9968374318809798,0.6848087906837463,0.5969293713569641,0.7236853112125092,0.6716918191595322,0.9917743345005101,0.9917743339267711,0.9590705665142986,0.13265837657424445,0.9824862450269548,0.9625844767300823,0.2086680183134031,0.9893588720404363,0.9719858677306106,0.9830628713310278,0.9514474333634872,0.2603305785123967,0.9583333333333334,7.013553471324485e-08,1.0241623891142728e-07,7.098597620824876e-08,1.1891855133206464e-07,7.013553471324485e-08,0.01161318210993891,0.0725138845696761,0.031347727918502946,0.10533185852423829,0.024769545982314928,0.1573834361752053,0.09439253387271755,0.9910633947396122,0.6844673156738281,0.5967687368392944,0.7236853112125092,0.6716918191595322,0.9917914156520212,0.991791415443805,0.9591535455989122,0.13264210022794465,0.982457930996727,0.962616017249489,0.20881413174875005,0.9892701959741066,0.9717683768881198,0.9829741952646981,0.9510055229598309,0.2603305785123967,0.9583333333333334,0.8270751336687071,0.0025000000000000005,0.29530161787387427,2,0.009027821943163872,0.01487971656024456,4580,5000,0.009007943794131279,5000,5000,8,concat_outer,64,0.0,b484e8cecee3,
wellspecified,ceiling_fixedlen,both,latent,identity,0.4,2,3046,512,48,True,806,74,294,368,16,25.1875,0,0.013976990615419472,0.07856316549507009,0.032849077599828067,0.10733849547563716,0.026558381938358536,0.16296742600396724,0.09774671881544814,0.9907727604565106,0.005408773833537519,0.05668393756467272,0.010690083876098322,0.07361071714497201,0.0028054647627238135,0.0426806195454668,0.008771731129297364,0.0936575204097213,0.06731639378151932,0.9971568749731707,0.6082798838615417,0.6125884652137756,0.6634971332151967,0.6956231010395416,0.9897623525108261,0.9897623524509797,0.9879311220062735,0.16105836097051285,0.9852688907091665,0.9822276501275585,0.19816158054647484,0.9902093397745572,0.968599730713544,0.9797101449275363,0.9430165983867179,0.23469387755102042,0.896551724137931,6.110312256168982e-08,1.0045230509007265e-07,6.113945971719659e-08,9.980511075417585e-08,6.110312256168982e-08,0.014074932532371711,0.07840318794677273,0.03296149174589662,0.10698845618932522,0.02666597200805498,0.16329718922276334,0.09746003344180772,0.9907353801918585,0.609277069568634,0.6109720468521118,0.6634971332151967,0.6956231010395416,0.9895787611790509,0.9895787612786409,0.9861134295796181,0.1618781858006381,0.9857711368356161,0.9808746220765161,0.19767524935542455,0.9903381642512077,0.9684994861107331,0.980096618357488,0.9432472478886064,0.23469387755102042,0.896551724137931,0.7643717300427518,0.0025000000000000005,0.26492104756961427,2,0.008777126669883728,0.02289048582315445,2090,5000,0.00877173151820898,5000,5000,8,concat_outer,64,0.0,b484e8cecee3,
wellspecified,ceiling_fixedlen,both,latent,identity,0.4,3,3046,512,48,True,806,64,257,321,15,25.1875,0,0.025362092181641233,0.08774330612271523,0.04857566872850475,0.11846547066321557,0.04083780987955025,0.20208367049207673,0.10822474914971549,0.9843161913843756,0.0059713129968356135,0.05859829492396171,0.012115114565566465,0.07708897427919884,0.003592018941585562,0.047157055744659976,0.009900214410718824,0.09949982115923035,0.07031253175440767,0.9960784965038426,0.538457989692688,0.5029969215393066,0.624247173031166,0.600675599158459,0.9791976109080485,0.9791976109693259,0.9723034821509364,0.23780482750673154,0.9793496128252086,0.9658534507623744,0.25009440018044327,0.9893812070282658,0.9728542544177343,0.9761650114591292,0.925225269667142,0.2723735408560311,0.96,5.868329466807154e-08,1.0898397959064486e-07,5.624103494028532e-08,1.1181188675342317e-07,5.868329466807154e-08,0.027260163382411055,0.0886902033911507,0.05278562815665194,0.12058016824181862,0.044277139898571655,0.21042133898103504,0.10995017995826264,0.9829953126706689,0.5352875590324402,0.5008842349052429,0.624247173031166,0.600675599158459,0.9768480027249199,0.9768480029399431,0.9647718178784723,0.24895628943964274,0.9764800650246468,0.9667353703850328,0.26294054125538996,0.9886936592818947,0.9697597923383288,0.9745607333842627,0.9169906284016639,0.2723735408560311,0.96,0.6351476448634765,0.0025000000000000005,0.24198641121127817,2,0.009981316514313221,0.019571350887417793,1960,5000,0.009900214150547981,5000,5000,8,concat_outer,64,0.0,b484e8cecee3,
wellspecified,ceiling_fixedlen,both,latent,identity,0.4,4,3046,512,48,True,806,73,294,367,17,25.1875,0,0.02081676439817011,0.08939373618306805,0.04816997764372269,0.12283775934113303,0.039052239895205156,0.1976163958157449,0.11168975162177805,0.9871211506379355,0.006134096980304228,0.059383681799297615,0.012330744679305155,0.07784491447438074,0.002634890168352269,0.04127357938451143,0.01006844301367432,0.10034163150793553,0.07090683269280595,0.9962406276597041,0.7412734031677246,0.67890465259552,0.8104189479295445,0.7907564643727457,0.9876804470096552,0.9876804459690676,0.9729379042644999,0.16548162329259267,0.9845798591383843,0.9708864629903562,0.21051440234724084,0.9909111826967326,0.9763674273535153,0.984813621721123,0.960071245836058,0.2789115646258503,0.896551724137931,6.757728954198683e-08,9.116378540231077e-08,7.815593505711149e-08,1.1512063533987128e-07,6.757728954198683e-08,0.023555870818355817,0.09347855923840379,0.05452092463386007,0.12852533488766033,0.04419924002869199,0.21023615300107637,0.11684307633790814,0.9854237463516876,0.7389761805534363,0.6749118566513062,0.8104189479295445,0.7907564643727457,0.985082679931293,0.9850826792503865,0.9717074172759289,0.17925644675630278,0.9817395684917354,0.9696702606535761,0.22379217641858992,0.9884376438104003,0.9690610370285144,0.9817073170731707,0.9506182968904983,0.2789115646258503,0.8620689655172413,1.076287525145831,0.0025000000000000005,0.3534790323700732,2,0.010080625303089619,0.04443822428584099,2210,5000,0.010068442672491074,5000,5000,8,concat_outer,64,0.0,b484e8cecee3,
wellspecified,ceiling_fixedlen,both,latent,identity,0.7,0,3046,512,48,True,1411,66,266,332,38,44.09375,0,0.011820961336779465,0.07219822809828179,0.026659105415456054,0.0956540786262017,0.021713057389230527,0.14735351162843227,0.08783546178356173,0.9920795143610925,0.005907137641842435,0.05786360442436134,0.011951613578127506,0.07496663340805115,0.0030335445766358536,0.04429817735863044,0.009833970580176913,0.09916637827498245,0.06889375579968503,0.9966209720560111,0.641556441783905,0.5213759541511536,0.6749444343461529,0.5842553322044433,0.9900325381896095,0.9900325382199874,0.9753378039119422,0.14345953681248708,0.982247999405154,0.973269297900252,0.214002558993331,0.9778716084134803,0.9137522412333117,0.9770114942528736,0.924657786297305,0.23684210526315788,0.9615384615384616,6.079739733877432e-08,9.476546923129047e-08,5.541494374483591e-08,1.0628597182604633e-07,6.079739733877432e-08,0.013082489477466779,0.07249408815830458,0.03045645269189127,0.09805658738252365,0.024665131620416437,0.1570513661844953,0.08953575430778396,0.9910026571901307,0.6411802768707275,0.5202171206474304,0.6749444343461529,0.5842553322044433,0.9874667583331276,0.9874667581829977,0.9749727828156356,0.15335363299864957,0.9779583736492767,0.9728183613581336,0.23027204432117487,0.9746657283603096,0.9021291744110222,0.9756040347173351,0.9124784716685465,0.23684210526315788,0.9230769230769231,0.6852257480026048,0.0025000000000000005,0.24870007211432524,2,0.009922124445438385,0.033082541078329086,2560,5000,0.009833971038460732,5000,5000,8,concat_outer,64,0.0,ea36f05819f6,
wellspecified,ceiling_fixedlen,both,latent,identity,0.7,1,3046,512,48,True,1411,60,242,302,36,44.09375,0,0.010565346584786492,0.06926287045082755,0.022857826494385728,0.09257113013216144,0.01876033319118598,0.1369683656585928,0.08480171023838347,0.9932314588082203,0.0053374822801057625,0.05633857243941364,0.010825781014614932,0.07388494235129224,0.002791826440280665,0.04204041697274847,0.008903937261496516,0.09436067645739149,0.06764896898152555,0.9966721302765454,0.6832707524299622,0.6062303185462952,0.7236853112125092,0.6716918191595322,0.9933803392287832,0.9933803395441051,0.9626325283938764,0.12189241013707683,0.9900770545398085,0.9693838929976237,0.1656178970788207,0.9900682805710739,0.9729351488728404,0.9842156601933137,0.9531854868111316,0.2603305785123967,1.0,6.249223361010081e-08,9.146042516293141e-08,6.714312661415534e-08,1.107551444546777e-07,6.249223361010081e-08,0.010522499739114892,0.06956044592082923,0.022882097371012808,0.09306888581503824,0.018762231493713505,0.1369752951948398,0.08523273918363523,0.9932307739195928,0.6809436082839966,0.6052230000495911,0.7236853112125092,0.6716918191595322,0.993519458509252,0.9935194587822578,0.9606291762082031,0.12178607421417198,0.9899531936316737,0.9677967063230487,0.16650522246936114,0.9907776891017114,0.9756905862697907,0.9840383080606544,0.9526993646693203,0.2603305785123967,1.0,0.8270751336687071,0.0025000000000000005,0.29530161787387427,2,0.008930262178182602,0.011821027845144272,2650,5000,0.00890393741428852,5000,5000,8,concat_outer,64,0.0,ea36f05819f6,
wellspecified,ceiling_fixedlen,both,latent,identity,0.7,2,3046,512,48,True,1411,74,294,368,36,44.09375,0,0.008792675124777818,0.06655678480631658,0.02141113401403761,0.09202263600049806,0.017204981050951012,0.131167759190096,0.0835340189357709,0.9940224339770855,0.005268415221253541,0.05498481779131804,0.010378566362597236,0.07212386209170593,0.0026206269164382396,0.04063375340670988,0.008585005416590689,0.0926553043089854,0.06602692039664262,0.9971581753564249,0.6242349743843079,0.6246758103370667,0.6634971332151967,0.6956231010395416,0.9940670683720836,0.9940670680046778,0.9889577280556465,0.12209197445877719,0.9908788226111984,0.9830689098685694,0.15942084780401644,0.9907246376811595,0.9710545663856291,0.9824798711755234,0.9523817162689809,0.23469387755102042,0.9310344827586207,5.834358063339096e-08,9.346413279305915e-08,6.686250486609424e-08,1.070355273129283e-07,5.834358063339096e-08,0.009010038659216455,0.06714501693473679,0.0221540735589587,0.09306470240467982,0.017772728592377947,0.13331439754346844,0.08442480724803213,0.9938251801467454,0.622978925704956,0.6219740509986877,0.6634971332151967,0.6956231010395416,0.9938701735571585,0.9938701736212221,0.98904166514179,0.12449803212079764,0.9907707118019512,0.9827485086705476,0.16262060553986643,0.9905958132045088,0.9701901777049196,0.9822866344605475,0.9516321914589285,0.23469387755102042,0.9310344827586207,0.7643717300427518,0.0025000000000000005,0.26492104756961427,2,0.008589358069002628,0.013066073879599571,3270,5000,0.008585005067288876,5000,5000,8,concat_outer,64,0.0,ea36f05819f6,
wellspecified,ceiling_fixedlen,both,latent,identity,0.7,3,3046,512,48,True,1411,64,257,321,36,44.09375,0,0.0087269837258634,0.06604967548565854,0.018869007265124235,0.08912292436064384,0.015488332752037289,0.12445213036359518,0.0814318414023154,0.9940516877037595,0.005301915194638517,0.05542004315872393,0.010620825827568866,0.07249374349056321,0.0030589822363384254,0.04285834669352055,0.008761635487121234,0.09360360830182368,0.06644588299178827,0.9968203943705756,0.5810758471488953,0.5455451011657715,0.624247173031166,0.600675599158459,0.9939668252946352,0.993966825670906,0.983011470964166,0.1261914312789483,0.9906646601949861,0.979211086666365,0.16211163158436365,0.9885408708938122,0.9659409263098664,0.973414820473644,0.9089060716795982,0.2723735408560311,0.96,6.792787132781086e-08,1.1690018014723094e-07,6.088914261681566e-08,1.1161156497435412e-07,6.792787132781086e-08,0.008820177569325826,0.06593132453621889,0.018843425919069078,0.08910532113800475,0.01550234313582133,0.1245084058841865,0.08138065560407612,0.9940463069994919,0.5801571607589722,0.5460746884346008,0.624247173031166,0.600675599158459,0.993870069893527,0.9938700700003397,0.9834586165844719,0.1275889886063794,0.9907288857282703,0.97998042456565,0.16092448171102505,0.9883116883116884,0.9644073762426453,0.9739495798319328,0.9079551961961125,0.2723735408560311,0.96,0.6351476448634765,0.0025000000000000005,0.24198641121127817,2,0.00882480014115572,0.012238574214279652,2280,5000,0.008761635981500149,5000,5000,8,concat_outer,64,0.0,ea36f05819f6,
wellspecified,ceiling_fixedlen,both,latent,identity,0.7,4,3046,512,48,True,1411,73,294,367,34,44.09375,0,0.014085845763290342,0.07649142035050183,0.030520611883010876,0.1018639303563539,0.0250423565097707,0.1582477693674407,0.09340642702106988,0.9917414023363088,0.005538146699395711,0.05634492036593376,0.011187984788457086,0.07462021163039281,0.002507832395493841,0.04001255311117999,0.009203472036114697,0.09593472799833591,0.06810372894028778,0.9966380445362207,0.7601698040962219,0.7094711661338806,0.8104189479295445,0.7907564643727457,0.9925411555723571,0.9925411552270755,0.9777659985148685,0.12945953935744886,0.9903897340629738,0.9789105414827468,0.16366907670694011,0.9922917625402669,0.9807372353143317,0.984813621721123,0.9604901203423098,0.2789115646258503,0.9310344827586207,8.987915833813531e-08,1.1823563332242387e-07,7.394699252927239e-08,1.0422832661121836e-07,8.987915833813531e-08,0.014085845763290342,0.07649142035050183,0.030520611883010876,0.1018639303563539,0.0250423565097707,0.1582477693674407,0.09340642702106988,0.9917414023363088,0.7601698040962219,0.7094711661338806,0.8104189479295445,0.7907564643727457,0.9925411555723571,0.9925411552270755,0.9777659985148685,0.12945953935744886,0.9903897340629738,0.9789105414827468,0.16366907670694011,0.9922917625402669,0.9807372353143317,0.984813621721123,0.9604901203423098,0.2789115646258503,0.9310344827586207,1.076287525145831,0.0025000000000000005,0.3534790323700732,2,0.009238204918801785,0.027408549562096596,4999,5000,0.0092034712433815,5000,5000,8,concat_outer,64,0.0,ea36f05819f6,
