tag,screen,representation,coverage,fold_key,partition,fold,model,n_params,synthetic_target,mse,mse_zero,skill,pearson,spearman,mae,rmse,sign_accuracy,n_pairs
control_random,A375,random,1.0,p0f3,0,3,zero,0,False,0.049716285185832335,0.049716285185832335,0.0,,,0.1371382143777778,0.2229714896255401,,900
control_random,A375,random,1.0,p0f5,0,5,zero,0,False,0.0627908918204923,0.0627908918204923,0.0,,,0.1636025799566667,0.25058110826734786,,900
control_random,A375,random,1.0,p0f1,0,1,zero,0,False,0.05498616695905571,0.05498616695905571,0.0,,,0.16136696978555556,0.2344912939941603,,900
control_random,A375,random,1.0,p0f0,0,0,zero,0,False,0.04720622579083599,0.04720622579083599,0.0,,,0.1399710212366667,0.2172699376141025,,900
control_random,A375,random,1.0,p0f4,0,4,zero,0,False,0.042738339298179884,0.042738339298179884,0.0,,,0.1385179575888889,0.20673253081743057,,900
control_random,A375,random,1.0,p0f2,0,2,zero,0,False,0.06240251652380649,0.06240251652380649,0.0,,,0.1735544849888889,0.24980495696404123,,900
control_random,A375,random,1.0,p0f8,0,8,zero,0,False,0.043628033075616246,0.043628033075616246,0.0,,,0.1320727284,0.20887324643337224,,900
control_random,A375,random,1.0,p0f7,0,7,zero,0,False,0.05378434351846589,0.05378434351846589,0.0,,,0.14940337348333332,0.2319145176966416,,900
control_random,A375,random,1.0,p0f9,0,9,zero,0,False,0.04058104429398822,0.04058104429398822,0.0,,,0.13317899278,0.20144737350977854,,900
control_random,A375,random,1.0,p0f6,0,6,zero,0,False,0.03249369476850163,0.03249369476850163,0.0,,,0.10886890190222222,0.18026007535919214,,900
control_random,A375,random,1.0,p0f2,0,2,potential,1724,False,0.05049563433908279,0.06240251652380649,0.19080772455997408,0.43755489098133415,0.34091589413484874,0.16905323859348764,0.22471233686445163,0.6983372921615202,900
control_random,A375,random,1.0,p0f5,0,5,potential,1732,False,0.051211809501570324,0.0627908918204923,0.1844070371229073,0.4279661785884779,0.41199830287856326,0.15708120801967693,0.22630026403336415,0.727027027027027,900
control_random,A375,random,1.0,p0f3,0,3,potential,1684,False,0.03614486093433099,0.049716285185832335,0.2729774399027062,0.5401671689217826,0.4440824412540427,0.13322163354396643,0.19011801843678833,0.7427652733118971,900
control_random,A375,random,1.0,p0f0,0,0,potential,54912,False,0.039130469050567704,0.04720622579083599,0.17107397604821883,0.42858266913411114,0.3495333368724324,0.14358024019038582,0.1978142286352721,0.6766467065868264,900
control_random,A375,random,1.0,p0f1,0,1,potential,54080,False,0.04285553354091226,0.05498616695905571,0.22061245744181934,0.47302327173030256,0.44564162013368747,0.1505010095409426,0.20701578089825004,0.7574931880108992,900
control_random,A375,random,1.0,p0f4,0,4,potential,1725,False,0.029879466982685496,0.042738339298179884,0.30087440285827893,0.5542171674808729,0.47209520011753103,0.13001645998271574,0.1728567817086894,0.7903682719546742,900
control_random,A375,random,1.0,p0f6,0,6,potential,56480,False,0.02541994228526019,0.03249369476850163,0.21769615716642077,0.47660500392122396,0.4528202627410652,0.11363387545559356,0.15943632674287309,0.8115384615384615,900
control_random,A375,random,1.0,p0f8,0,8,potential,1714,False,0.03127085738151897,0.043628033075616246,0.2832393491744123,0.5288304988903108,0.4171846138081652,0.1250608662469662,0.1768356790399465,0.7540983606557377,900
control_random,A375,random,1.0,p0f7,0,7,potential,55360,False,0.04545600312443381,0.05378434351846589,0.1548469284778513,0.40757364475719593,0.331118812080838,0.14927979483979104,0.21320413486711232,0.6843657817109144,900
control_random,A375,random,1.0,p0f9,0,9,potential,1705,False,0.026979070346952995,0.04058104429398822,0.3351804810269571,0.5790310916279211,0.5188061713656437,0.11832067634243448,0.16425306799860084,0.8,900
control_random,A375,random,1.0,p0f1,0,1,lowrank,8456,False,0.04408456494458612,0.05498616695905571,0.19826081026137432,0.46301401072994036,0.4391933817202244,0.15235355784955756,0.20996324665185123,0.7411444141689373,900
control_random,A375,random,1.0,p0f0,0,0,lowrank,15490,False,0.03898035471050854,0.04720622579083599,0.17425394516340076,0.44784909326804423,0.3838816755740851,0.1457589403803447,0.19743443142093667,0.7095808383233533,900
control_random,A375,random,1.0,p0f4,0,4,lowrank,8641,False,0.030817664623714835,0.042738339298179884,0.2789222714363335,0.5344861071285418,0.4603734243293305,0.13180219782133815,0.1755496073015113,0.7762039660056658,900
control_random,A375,random,1.0,p0f2,0,2,lowrank,15580,False,0.05073797410836878,0.06240251652380649,0.1869242310282102,0.432448596415723,0.33755840850832325,0.1689903442882138,0.22525091366822195,0.7197149643705463,900
control_random,A375,random,1.0,p0f5,0,5,lowrank,8676,False,0.050909061336059866,0.0627908918204923,0.18922856707307834,0.44064071259933546,0.4568653706156839,0.15161617747784803,0.22563036439287126,0.7621621621621621,900
control_random,A375,random,1.0,p0f3,0,3,lowrank,15220,False,0.03605336043711611,0.049716285185832335,0.2748178931238764,0.5398895191806972,0.4320634305309843,0.13243721999137137,0.18987722464033466,0.729903536977492,900
control_random,PANC1,random,1.0,p0f1,0,1,zero,0,False,0.029085872123542585,0.029085872123542585,0.0,,,0.11768620779,0.17054580652582046,,900
control_random,PANC1,random,1.0,p0f0,0,0,zero,0,False,0.02475102825608407,0.02475102825608407,0.0,,,0.10717258571333334,0.15732459520394154,,900
control_random,PANC1,random,1.0,p0f2,0,2,zero,0,False,0.030094389082679626,0.030094389082679626,0.0,,,0.11534724906777778,0.17347734458043687,,900
control_random,PANC1,random,1.0,p0f3,0,3,zero,0,False,0.03431265894358678,0.03431265894358678,0.0,,,0.12617947214444444,0.18523676455711155,,900
control_random,PANC1,random,1.0,p0f4,0,4,zero,0,False,0.0305336392038994,0.0305336392038994,0.0,,,0.11970558801333334,0.17473877418563802,,900
control_random,PANC1,random,1.0,p0f5,0,5,zero,0,False,0.020459058036238174,0.020459058036238174,0.0,,,0.09716873035000001,0.1430351636355137,,900
control_random,PANC1,random,1.0,p0f6,0,6,zero,0,False,0.02117219936406537,0.02117219936406537,0.0,,,0.09735119630777778,0.14550669869138455,,900
control_random,PANC1,random,1.0,p0f7,0,7,zero,0,False,0.026437030479925832,0.026437030479925832,0.0,,,0.10898388941333334,0.16259468158560977,,900
control_random,PANC1,random,1.0,p0f8,0,8,zero,0,False,0.018701166458354103,0.018701166458354103,0.0,,,0.09375286591666666,0.13675220823940687,,900
control_random,PANC1,random,1.0,p0f9,0,9,zero,0,False,0.02526178318111573,0.02526178318111573,0.0,,,0.10704528021888889,0.15893955826387504,,900
control_random,PANC1,random,1.0,p0f0,0,0,potential,1714,False,0.019928969230221704,0.02475102825608407,0.19482257367134037,0.44600939979568055,0.3970398152754922,0.10508957391896372,0.1411700011695888,0.73224043715847,900
control_random,PANC1,random,1.0,p0f1,0,1,potential,1688,False,0.024080936249989193,0.029085872123542585,0.17207446461618436,0.4206332339991521,0.4405734163457815,0.1122373431981894,0.15518033461102343,0.7783505154639175,900
control_random,A375,random,1.0,p0f7,0,7,lowrank,15616,False,0.04500597547488599,0.05378434351846589,0.16321418965662382,0.412974811415715,0.3515541788734719,0.14554164950756898,0.2121461182178123,0.672566371681416,900
control_random,PANC1,random,1.0,p0f2,0,2,potential,55232,False,0.024962749008199454,0.030094389082679626,0.17051816736939873,0.4282801298529732,0.3596941574812403,0.11443140078294047,0.1579960411155908,0.7010869565217391,900
control_random,PANC1,random,1.0,p0f3,0,3,potential,1684,False,0.027604101514789207,0.03431265894358678,0.195512607747102,0.4504081458201545,0.4380687877392442,0.12164148184822833,0.16614482090871568,0.7611940298507462,900
control_random,A375,random,1.0,p0f6,0,6,lowrank,112996,False,0.02541994191286258,0.03249369476850163,0.21769616862703234,0.47660501520909526,0.4528202627410652,0.11363387478302021,0.15943632557501625,0.8115384615384615,900
control_random,PANC1,random,1.0,p0f4,0,4,potential,55264,False,0.024920722338265026,0.0305336392038994,0.18382731348045656,0.4356053093430088,0.4021374841203508,0.11481861929431482,0.1578629859665179,0.7127937336814621,900
control_random,PANC1,random,1.0,p0f5,0,5,potential,55488,False,0.016695417712872387,0.020459058036238174,0.1839596093182505,0.436333647451042,0.4108003096300119,0.09777009135227675,0.1292107492156608,0.8,900
control_random,A375,random,1.0,p0f8,0,8,lowrank,15490,False,0.03130259812328203,0.043628033075616246,0.28251181828371064,0.528739737838375,0.38734739178690347,0.12663117817586994,0.1769254027077006,0.7540983606557377,900
control_random,A375,random,1.0,p0f9,0,9,lowrank,5119,False,0.026979068832529013,0.04058104429398822,0.33518051834546403,0.5790311482655448,0.5187867968561278,0.11832071413727505,0.16425306338856824,0.8,900
control_random,PANC1,random,1.0,p0f7,0,7,potential,1728,False,0.02262056491316776,0.026437030479925832,0.14436059941210078,0.38352034584529127,0.3410092934271112,0.10988132809378985,0.15040134611487943,0.7232876712328767,900
control_random,PANC1,random,1.0,p0f6,0,6,potential,1763,False,0.01830315931209796,0.02117219936406537,0.135509778773239,0.386150983797943,0.3882717386070847,0.09945162959154336,0.13528916923426634,0.739938080495356,900
control_random,PANC1,random,1.0,p0f8,0,8,potential,54912,False,0.015149277378114983,0.018701166458354103,0.1899287452549483,0.4437493885450128,0.4158511800631853,0.09280497179285602,0.12308240076515807,0.7703488372093024,900
control_random,PANC1,random,1.0,p0f9,0,9,potential,54624,False,0.02045642858569953,0.02526178318111573,0.1902223038240788,0.4365937975515294,0.39132196459501806,0.10556763168177025,0.1430259717173756,0.7506775067750677,900
control_random,PANC1,random,1.0,p0f1,0,1,lowrank,8456,False,0.024475492313754222,0.029085872123542585,0.1585092511651609,0.4119802414515418,0.432200467737203,0.11326431131085744,0.15644645190529002,0.7448453608247423,900
control_random,PANC1,random,1.0,p0f0,0,0,lowrank,8586,False,0.018395412689543773,0.02475102825608407,0.2567818799599979,0.5080408133685183,0.44320693400033007,0.10156547164453397,0.13562968955779472,0.7704918032786885,900
control_random,PANC1,random,1.0,p0f3,0,3,lowrank,8436,False,0.02700829862006651,0.03431265894358678,0.2128765461029798,0.471754385795694,0.4845486969737,0.11839257752045824,0.16434201720821887,0.7835820895522388,900
control_random,PANC1,random,1.0,p0f2,0,2,lowrank,110500,False,0.024962748643309465,0.030094389082679626,0.17051817949424997,0.4282801444353952,0.3596941574812403,0.11443140184692194,0.15799603996084668,0.7010869565217391,900
control_random,PANC1,random,1.0,p0f4,0,4,lowrank,110564,False,0.024920891434056375,0.0305336392038994,0.18382177546416512,0.43559817519408583,0.4020820601836135,0.11481905507581094,0.15786352154331404,0.7127937336814621,900
control_shuffled,A375,shuffled,1.0,p0f0,0,0,zero,0,False,0.04720622579083599,0.04720622579083599,0.0,,,0.1399710212366667,0.2172699376141025,,900
control_shuffled,A375,shuffled,1.0,p0f1,0,1,zero,0,False,0.05498616695905571,0.05498616695905571,0.0,,,0.16136696978555556,0.2344912939941603,,900
control_shuffled,A375,shuffled,1.0,p0f2,0,2,zero,0,False,0.06240251652380649,0.06240251652380649,0.0,,,0.1735544849888889,0.24980495696404123,,900
control_shuffled,A375,shuffled,1.0,p0f3,0,3,zero,0,False,0.049716285185832335,0.049716285185832335,0.0,,,0.1371382143777778,0.2229714896255401,,900
control_shuffled,A375,shuffled,1.0,p0f4,0,4,zero,0,False,0.042738339298179884,0.042738339298179884,0.0,,,0.1385179575888889,0.20673253081743057,,900
control_random,PANC1,random,1.0,p0f5,0,5,lowrank,15652,False,0.01634702973683999,0.020459058036238174,0.20098815361463562,0.4524936129259438,0.42109329353081504,0.09616549066486417,0.12785550334983625,0.784375,900
control_shuffled,A375,shuffled,1.0,p0f5,0,5,zero,0,False,0.0627908918204923,0.0627908918204923,0.0,,,0.1636025799566667,0.25058110826734786,,900
control_shuffled,A375,shuffled,1.0,p0f6,0,6,zero,0,False,0.03249369476850163,0.03249369476850163,0.0,,,0.10886890190222222,0.18026007535919214,,900
control_shuffled,A375,shuffled,1.0,p0f7,0,7,zero,0,False,0.05378434351846589,0.05378434351846589,0.0,,,0.14940337348333332,0.2319145176966416,,900
control_shuffled,A375,shuffled,1.0,p0f8,0,8,zero,0,False,0.043628033075616246,0.043628033075616246,0.0,,,0.1320727284,0.20887324643337224,,900
control_shuffled,A375,shuffled,1.0,p0f9,0,9,zero,0,False,0.04058104429398822,0.04058104429398822,0.0,,,0.13317899278,0.20144737350977854,,900
control_shuffled,A375,shuffled,1.0,p0f0,0,0,potential,1089,False,0.037874978722394266,0.04720622579083599,0.19766983935100302,0.46446079490345094,0.4026575999888066,0.1377734550874775,0.1946149498943857,0.7395209580838323,900
control_shuffled,A375,shuffled,1.0,p0f1,0,1,potential,36864,False,0.05218261894528172,0.05498616695905571,0.05098642383750074,0.3160263930283685,0.2662173657004515,0.17384020048870627,0.22843515260415093,0.6757493188010899,900
control_shuffled,A375,shuffled,1.0,p0f3,0,3,potential,35552,False,0.0335230207954339,0.049716285185832335,0.3257134826117909,0.5775373825614223,0.48136510456597276,0.13228396703720124,0.1830929293977075,0.7781350482315113,900
control_shuffled,A375,shuffled,1.0,p0f2,0,2,potential,36448,False,0.051128646722594984,0.06240251652380649,0.18066370443426805,0.4234798299007766,0.36263149296069086,0.1687725424915416,0.22611644505120582,0.7125890736342043,900
control_random,PANC1,random,1.0,p0f6,0,6,lowrank,5293,False,0.01918954226548527,0.02117219936406537,0.09364436185808722,0.3455695361597889,0.3609879518369776,0.10174051454403184,0.13852632336666296,0.718266253869969,900
control_random,PANC1,random,1.0,p0f7,0,7,lowrank,8656,False,0.023201559683788488,0.026437030479925832,0.12238404758030985,0.36459116866570557,0.33298836171402685,0.11118278976447461,0.1523205819440974,0.7041095890410959,900
control_random,PANC1,random,1.0,p0f8,0,8,lowrank,109860,False,0.015127107646231144,0.018701166458354103,0.19111421846771337,0.44329457248954607,0.41602634077326023,0.09251265644605296,0.12299230726444293,0.7761627906976745,900
control_random,PANC1,random,1.0,p0f9,0,9,lowrank,109284,False,0.020456428748104244,0.02526178318111573,0.19022229739520902,0.4365937903070865,0.39132196459501806,0.10556763171186138,0.14302597228512115,0.7506775067750677,900
control_shuffled,A375,shuffled,1.0,p0f4,0,4,potential,1142,False,0.03459161471164163,0.042738339298179884,0.1906186510828044,0.44127128652800296,0.3818558294516413,0.13467744980803295,0.18598821121684467,0.7337110481586402,900
control_shuffled,A375,shuffled,1.0,p0f5,0,5,potential,1130,False,0.054081422041730005,0.0627908918204923,0.13870594167799177,0.37014998285731515,0.3189641139474658,0.16375451076315004,0.23255412712254755,0.6972972972972973,900
control_shuffled,A375,shuffled,1.0,p0f6,0,6,potential,35328,False,0.028619860792477976,0.03249369476850163,0.1192180207151704,0.4235359721337286,0.3667583787140478,0.12416747852027422,0.16917405472612512,0.7576923076923077,900
control_shuffled,A375,shuffled,1.0,p0f7,0,7,potential,1100,False,0.04651351502094627,0.05378434351846589,0.1351848516106422,0.3800122474727858,0.28891923734885266,0.15484070631086364,0.21566992145625286,0.6902654867256637,900
control_shuffled,A375,shuffled,1.0,p0f8,0,8,potential,1128,False,0.04080957435777377,0.043628033075616246,0.06460201203564497,0.29694862559495117,0.18678161331063373,0.14772186370453697,0.20201379744407008,0.5770491803278689,900
control_shuffled,A375,shuffled,1.0,p0f9,0,9,potential,35072,False,0.03281484138702111,0.04058104429398822,0.19137513689162544,0.474043177520427,0.407271202392431,0.13246928289990986,0.18114867205425797,0.7424242424242424,900
control_shuffled,A375,shuffled,1.0,p0f0,0,0,lowrank,3271,False,0.037874973196184075,0.04720622579083599,0.19766995641628615,0.4644609573065593,0.4026575999888066,0.13777344469795774,0.19461493569658028,0.7395209580838323,900
control_shuffled,A375,shuffled,1.0,p0f1,0,1,lowrank,73764,False,0.05215199136309071,0.05498616695905571,0.051543429060538215,0.31878060800396096,0.26924935298274033,0.17394171147808385,0.22836810496015136,0.6784741144414169,900
control_shuffled,A375,shuffled,1.0,p0f2,0,2,lowrank,72932,False,0.05112719072890574,0.06240251652380649,0.18068703672550168,0.42350945958806635,0.36268932019257644,0.1687702136639828,0.22611322546216914,0.7125890736342043,900
control_shuffled,A375,shuffled,1.0,p0f3,0,3,lowrank,71140,False,0.03352302037545075,0.049716285185832335,0.32571349105938807,0.5775373843059264,0.48136510456597276,0.13228396755508773,0.18309292825079496,0.7781350482315113,900
control_shuffled,A375,shuffled,1.0,p0f4,0,4,lowrank,73252,False,0.035682729512020436,0.042738339298179884,0.1650885341363727,0.40751699861358326,0.3711160301843994,0.13699049966302576,0.18889872819058479,0.7422096317280453,900
control_shuffled,PANC1,shuffled,1.0,p0f0,0,0,zero,0,False,0.02475102825608407,0.02475102825608407,0.0,,,0.10717258571333334,0.15732459520394154,,900
control_shuffled,PANC1,shuffled,1.0,p0f1,0,1,zero,0,False,0.029085872123542585,0.029085872123542585,0.0,,,0.11768620779,0.17054580652582046,,900
control_shuffled,PANC1,shuffled,1.0,p0f2,0,2,zero,0,False,0.030094389082679626,0.030094389082679626,0.0,,,0.11534724906777778,0.17347734458043687,,900
control_shuffled,PANC1,shuffled,1.0,p0f3,0,3,zero,0,False,0.03431265894358678,0.03431265894358678,0.0,,,0.12617947214444444,0.18523676455711155,,900
control_shuffled,PANC1,shuffled,1.0,p0f4,0,4,zero,0,False,0.0305336392038994,0.0305336392038994,0.0,,,0.11970558801333334,0.17473877418563802,,900
control_shuffled,PANC1,shuffled,1.0,p0f5,0,5,zero,0,False,0.020459058036238174,0.020459058036238174,0.0,,,0.09716873035000001,0.1430351636355137,,900
control_shuffled,PANC1,shuffled,1.0,p0f6,0,6,zero,0,False,0.02117219936406537,0.02117219936406537,0.0,,,0.09735119630777778,0.14550669869138455,,900
control_shuffled,PANC1,shuffled,1.0,p0f7,0,7,zero,0,False,0.026437030479925832,0.026437030479925832,0.0,,,0.10898388941333334,0.16259468158560977,,900
control_shuffled,PANC1,shuffled,1.0,p0f8,0,8,zero,0,False,0.018701166458354103,0.018701166458354103,0.0,,,0.09375286591666666,0.13675220823940687,,900
control_shuffled,A375,shuffled,1.0,p0f5,0,5,lowrank,3394,False,0.05408140359188891,0.0627908918204923,0.13870623550788586,0.37015030035739427,0.3189437023996326,0.1637545853641902,0.2325540874547014,0.6972972972972973,900
control_shuffled,PANC1,shuffled,1.0,p0f9,0,9,zero,0,False,0.02526178318111573,0.02526178318111573,0.0,,,0.10704528021888889,0.15893955826387504,,900
control_shuffled,PANC1,shuffled,1.0,p0f0,0,0,potential,34912,False,0.02460938108029325,0.02475102825608407,0.005722880452693868,0.255043906033456,0.22200713828041763,0.11914660211252706,0.1568737743547125,0.6284153005464481,900
control_shuffled,PANC1,shuffled,1.0,p0f1,0,1,potential,36864,False,0.024668409117316877,0.029085872123542585,0.1518765876251701,0.40871543888010997,0.45315883106028526,0.11090584232291299,0.15706180031222383,0.7577319587628866,900
control_shuffled,PANC1,shuffled,1.0,p0f3,0,3,potential,1109,False,0.030219531928442536,0.03431265894358678,0.11928912364016231,0.374625124347009,0.3613128575878901,0.12310102079808896,0.173837659695598,0.6766169154228856,900
control_shuffled,PANC1,shuffled,1.0,p0f2,0,2,potential,36448,False,0.02572212400544298,0.030094389082679626,0.14528505846138073,0.39578804460068384,0.3785531438045115,0.11519564856455478,0.16038118345193422,0.6847826086956522,900
control_shuffled,A375,shuffled,1.0,p0f6,0,6,lowrank,70692,False,0.028619882722748312,0.03249369476850163,0.11921734580668453,0.4235354840435831,0.3667551194507648,0.12416753152779206,0.169174119541815,0.7576923076923077,900
control_shuffled,A375,shuffled,1.0,p0f7,0,7,lowrank,3304,False,0.046513384584652075,0.05378434351846589,0.13518727678283293,0.38001491616336835,0.2889533114649936,0.1548404977195392,0.21566961905806778,0.6902654867256637,900
control_shuffled,A375,shuffled,1.0,p0f8,0,8,lowrank,3388,False,0.04080960232572851,0.043628033075616246,0.06460137098096597,0.2969470248962641,0.18678599191686246,0.14772173306257563,0.20201386666694074,0.5770491803278689,900
control_shuffled,A375,shuffled,1.0,p0f9,0,9,lowrank,70180,False,0.032814849863251665,0.04058104429398822,0.19137492801995382,0.4740429896471108,0.407271202392431,0.13246931040936782,0.1811486954500409,0.7424242424242424,900
control_shuffled,PANC1,shuffled,1.0,p0f4,0,4,potential,36608,False,0.030422100276566454,0.0305336392038994,0.0036529850434172673,0.06939902682145711,0.06914136931033248,0.12040654321417084,0.17441932311692548,0.5718015665796344,900
control_shuffled,PANC1,shuffled,1.0,p0f5,0,5,potential,1130,False,0.017363317726455454,0.020459058036238174,0.15131392189705795,0.3884724102899563,0.34611334911113056,0.10017298946908385,0.1317699424241183,0.753125,900
control_shuffled,PANC1,shuffled,1.0,p0f6,0,6,potential,35328,False,0.01937871326579593,0.02117219936406537,0.08470948470820872,0.36318321845838586,0.3767362511147133,0.10393541247133274,0.13920744687622114,0.7461300309597523,900
control_shuffled,PANC1,shuffled,1.0,p0f7,0,7,potential,1100,False,0.02544285511518981,0.026437030479925832,0.03760540978650839,0.22537345941779757,0.24437824408836722,0.11298015590487169,0.15950816629624268,0.6684931506849315,900
control_shuffled,PANC1,shuffled,1.0,p0f8,0,8,potential,36160,False,0.018325798956007826,0.018701166458354103,0.020071876435204694,0.3668581449499635,0.34113935120084515,0.10650740139705,0.1353728146859916,0.7296511627906976,900
control_shuffled,PANC1,shuffled,1.0,p0f9,0,9,potential,1094,False,0.02348678071138638,0.02526178318111573,0.07026433791325715,0.28660152729452404,0.26279117217017145,0.11129007898425874,0.15325397453699652,0.6585365853658537,900
control_shuffled,PANC1,shuffled,1.0,p0f0,0,0,lowrank,69860,False,0.024609387158844337,0.02475102825608407,0.005722634864873344,0.2550442473649576,0.2220173275934086,0.11914666735063154,0.15687379372873067,0.6284153005464481,900
control_shuffled,PANC1,shuffled,1.0,p0f1,0,1,lowrank,73764,False,0.024668406309618876,0.029085872123542585,0.1518766841565029,0.4087156062982158,0.45315883106028526,0.11090583715172192,0.15706179137402856,0.7577319587628866,900
control_shuffled,PANC1,shuffled,1.0,p0f3,0,3,lowrank,71140,False,0.029561428337129207,0.03431265894358678,0.13846873873193688,0.40387668592120757,0.3981529524522047,0.12190653154899529,0.1719343721805771,0.7089552238805971,900
control_shuffled,PANC1,shuffled,1.0,p0f2,0,2,lowrank,3415,False,0.026379926363766345,0.030094389082679626,0.12342708498612065,0.36282039815061096,0.33400182936029066,0.1174413322472843,0.16241898400053592,0.657608695652174,900
control_shuffled,PANC1,shuffled,1.0,p0f4,0,4,lowrank,73252,False,0.03042209892232139,0.0305336392038994,0.0036530293959772253,0.06939925608013503,0.06914136931033248,0.12040653135062596,0.17441931923477225,0.5718015665796344,900
control_shuffled,PANC1,shuffled,1.0,p0f5,0,5,lowrank,3394,False,0.017363356355460508,0.020459058036238174,0.15131203378446823,0.388470590531823,0.346112526064847,0.10017311607768274,0.13177008900148968,0.753125,900
control_shuffled,PANC1,shuffled,1.0,p0f6,0,6,lowrank,70692,False,0.01950506021605177,0.02117219936406537,0.07874189730345915,0.35808083057419493,0.3717278827916249,0.10450002648877656,0.13966051774231603,0.7430340557275542,900
control_shuffled,PANC1,shuffled,1.0,p0f7,0,7,lowrank,3304,False,0.025442871465195336,0.026437030479925832,0.037604791335599574,0.2253732308812681,0.24438736344118944,0.11298024190004533,0.15950821754754624,0.6684931506849315,900
control_shuffled,PANC1,shuffled,1.0,p0f8,0,8,lowrank,3388,False,0.018153162213067148,0.018701166458354103,0.029303211995215017,0.35770554584752856,0.3559351554755006,0.10303117972142935,0.13473367141537837,0.7412790697674418,900
control_shuffled,PANC1,shuffled,1.0,p0f9,0,9,lowrank,3286,False,0.023486799689597212,0.02526178318111573,0.0702635866515312,0.2866006378403627,0.26278259602789633,0.11129013596156356,0.1532540364545,0.6585365853658537,900
coverage_0.20,A375,ecfp4,0.2,p0f0,0,0,potential,1125,False,0.043881412399126025,0.04720622579083599,0.07043167158589925,0.3949308831884015,0.34761328143227305,0.13780818364010572,0.2094789068119414,0.7125748502994012,900
coverage_0.20,A375,ecfp4,0.2,p0f2,0,2,potential,1086,False,0.04392107996031465,0.06240251652380649,0.2961649239969544,0.5450553815820045,0.4575412891456245,0.16133527911993478,0.20957356694085885,0.7695961995249406,900
coverage_0.20,A375,ecfp4,0.2,p0f1,0,1,potential,1121,False,0.043568230796580724,0.05498616695905571,0.20765106560304725,0.47019550749575467,0.4067097860614643,0.152662767937584,0.20873004287016453,0.7247956403269755,900
coverage_0.20,A375,ecfp4,0.2,p0f5,0,5,potential,1095,False,0.04549949491237603,0.0627908918204923,0.2753806548495794,0.5437573181102424,0.45837752063068393,0.15463247905610908,0.21330610613007783,0.7486486486486487,900
coverage_0.20,A375,ecfp4,0.2,p0f3,0,3,potential,35616,False,0.04967903612225254,0.049716285185832335,0.0007492326395780458,0.20776209152410052,0.14872178031495514,0.1370904205720052,0.22288794521519673,0.594855305466238,900
coverage_0.20,A375,ecfp4,0.2,p0f4,0,4,potential,35680,False,0.0352439464378798,0.042738339298179884,0.1753552660998985,0.4399441315429823,0.35256970276094995,0.14052001742624254,0.18773371151149118,0.6770538243626062,900
coverage_0.20,A375,ecfp4,0.2,p0f6,0,6,potential,36224,False,0.02751767753829871,0.03249369476850163,0.15313793231745731,0.4299982598236137,0.352196303123008,0.12396259373751846,0.1658845307383986,0.7384615384615385,900
coverage_0.20,A375,ecfp4,0.2,p0f7,0,7,potential,36032,False,0.04973112795787365,0.05378434351846589,0.07536051005625155,0.328594304837164,0.2342901328684768,0.1595827665529624,0.22300477115495454,0.6283185840707964,900
coverage_0.20,A375,ecfp4,0.2,p0f8,0,8,potential,35584,False,0.03623151185523646,0.043628033075616246,0.1695359771906314,0.42689796392679946,0.268400018600846,0.1402153113801702,0.1903457692076093,0.7278688524590164,900
coverage_0.20,A375,ecfp4,0.2,p0f9,0,9,potential,1143,False,0.04341032226025548,0.04058104429398822,-0.06971920056493941,0.2652276053682114,0.19496458637603256,0.15799544557773257,0.20835143930449695,0.6242424242424243,900
coverage_0.20,A375,ecfp4,0.2,p0f0,0,0,lowrank,3379,False,0.03771467324618917,0.04720622579083599,0.2010656938917872,0.45496287059321355,0.38655055129697696,0.13601762188118893,0.19420266024488225,0.7035928143712575,900
coverage_0.20,A375,ecfp4,0.2,p0f1,0,1,lowrank,71908,False,0.04434019141535046,0.05498616695905571,0.1936118869975525,0.4539231275137582,0.37658038260952587,0.15194690627696414,0.2105711077411867,0.7029972752043597,900
coverage_0.20,A375,ecfp4,0.2,p0f2,0,2,lowrank,3262,False,0.04873173621245257,0.06240251652380649,0.21907418278778124,0.47873336640380876,0.4022266364937899,0.16663751932899792,0.22075265844934364,0.7244655581947743,900
coverage_0.20,A375,ecfp4,0.2,p0f3,0,3,lowrank,71268,False,0.049679064723946606,0.049716285185832335,0.0007486573412837094,0.20756658723923882,0.1484058951513109,0.13709048262787696,0.22288800937678682,0.594855305466238,900
coverage_0.20,A375,ecfp4,0.2,p0f4,0,4,lowrank,71396,False,0.03524300772950696,0.042738339298179884,0.17537723018152296,0.43996291576121715,0.3526136205106426,0.14051749228452923,0.18773121138880172,0.6770538243626062,900
coverage_0.20,A375,ecfp4,0.2,p0f5,0,5,lowrank,3289,False,0.04414329839059049,0.0627908918204923,0.2969792734145563,0.5549205726595003,0.45196189131097697,0.15469567081634628,0.21010306611420618,0.7594594594594595,900
coverage_0.20,PANC1,ecfp4,0.2,p0f0,0,0,potential,36064,False,0.020702813245056895,0.02475102825608407,0.1635574477610674,0.4059357217966205,0.3719079653184757,0.10761936346421798,0.14388472206963773,0.7185792349726776,900
coverage_0.20,PANC1,ecfp4,0.2,p0f1,0,1,potential,1121,False,0.02388112121716999,0.029085872123542585,0.17894429585144822,0.42717738036409675,0.4251171009676144,0.11224653310507861,0.15453517792777796,0.7525773195876289,900
coverage_0.20,A375,ecfp4,0.2,p0f7,0,7,lowrank,72100,False,0.051206148557905354,0.05378434351846589,0.04793578933756726,0.3218971449057964,0.22367851482944218,0.1624408118882379,0.22628775609366353,0.6312684365781711,900
coverage_0.20,A375,ecfp4,0.2,p0f6,0,6,lowrank,72484,False,0.02751664104295644,0.03249369476850163,0.1531698306703425,0.43004408567968816,0.35215164463166004,0.1239642824481886,0.16588140656190625,0.7384615384615385,900
coverage_0.20,A375,ecfp4,0.2,p0f8,0,8,lowrank,71204,False,0.036546686951405165,0.043628033075616246,0.1623118354187013,0.4033475961815441,0.30568990825914605,0.13710212507247713,0.19117187803493788,0.7278688524590164,900
coverage_0.20,PANC1,ecfp4,0.2,p0f3,0,3,potential,1111,False,0.026717093828220018,0.03431265894358678,0.22136334953973058,0.5264128948806298,0.49190370156414015,0.11591239542943126,0.16345364427941037,0.7835820895522388,900
coverage_0.20,PANC1,ecfp4,0.2,p0f2,0,2,potential,34816,False,0.02849499110622308,0.030094389082679626,0.05314605231102887,0.3147491903996622,0.24619507862024143,0.11455905164681873,0.16880459444642815,0.6467391304347826,900
coverage_0.20,A375,ecfp4,0.2,p0f9,0,9,lowrank,3433,False,0.04075939802204805,0.04058104429398822,-0.004395000945952798,0.3005201817702927,0.24472724863446335,0.1527603560020057,0.20188956887875126,0.6575757575757576,900
coverage_0.20,PANC1,ecfp4,0.2,p0f5,0,5,potential,1095,False,0.02091974727195916,0.020459058036238174,-0.022517617131003087,0.32541652954192346,0.30158140935976463,0.1114282165217347,0.14463660419119068,0.665625,900
coverage_0.20,PANC1,ecfp4,0.2,p0f6,0,6,potential,1130,False,0.018281432679493247,0.02117219936406537,0.1365359656247378,0.37272287885435185,0.37716844917915543,0.09788550221212931,0.13520884837721697,0.7151702786377709,900
coverage_0.20,PANC1,ecfp4,0.2,p0f4,0,4,potential,35680,False,0.026744549158057074,0.0305336392038994,0.1240955924231405,0.3635430458213298,0.3446083925206492,0.1197156588902331,0.1635376077789359,0.6866840731070496,900
coverage_0.20,PANC1,ecfp4,0.2,p0f7,0,7,potential,36032,False,0.020943215068825457,0.026437030479925832,0.2078075832031112,0.4705129780875358,0.4307822766859383,0.10458914925381638,0.14471770820748045,0.7698630136986301,900
coverage_0.20,PANC1,ecfp4,0.2,p0f8,0,8,potential,1110,False,0.020622152949963824,0.018701166458354103,-0.10272014293266651,0.2649435511277094,0.2712545900262429,0.10814260572114945,0.1436041536654279,0.6715116279069767,900
coverage_0.20,PANC1,ecfp4,0.2,p0f9,0,9,potential,1143,False,0.020415582201496685,0.02526178318111573,0.19183922785157093,0.46291696072650435,0.4089622168257821,0.11180497446175292,0.14288310677437233,0.7262872628726287,900
coverage_0.20,PANC1,ecfp4,0.2,p0f1,0,1,lowrank,10153,False,0.02611050443643519,0.029085872123542585,0.10229597635819498,0.35317672583644044,0.3618696483987429,0.11718001078533119,0.16158745135818928,0.7087628865979382,900
coverage_0.20,PANC1,ecfp4,0.2,p0f2,0,2,lowrank,69668,False,0.02849490175630855,0.030094389082679626,0.053149021300174404,0.3147460732152975,0.24617246130827514,0.11455916753791338,0.16880432979135504,0.6467391304347826,900
coverage_0.20,PANC1,ecfp4,0.2,p0f0,0,0,lowrank,72164,False,0.02070288833505692,0.02475102825608407,0.16355441394771442,0.4059322515252826,0.3718859899827037,0.10761962895126732,0.14388498300745953,0.7185792349726776,900
coverage_0.20,PANC1,ecfp4,0.2,p0f3,0,3,lowrank,71268,False,0.026500446660238625,0.03431265894358678,0.22767726325704352,0.49351484177255167,0.48367743663881074,0.11706946700404922,0.16278957786123358,0.746268656716418,900
coverage_0.20,PANC1,ecfp4,0.2,p0f4,0,4,lowrank,71396,False,0.02674452635217303,0.0305336392038994,0.12409633933325792,0.36354449032698877,0.34462493575094955,0.11971579881906909,0.1635375380521947,0.6866840731070496,900
coverage_0.20,PANC1,ecfp4,0.2,p0f5,0,5,lowrank,5491,False,0.021144212321499375,0.020459058036238174,-0.03348904353502591,0.3006102561957742,0.28045761373367956,0.10918369941384311,0.1454104959124319,0.640625,900
coverage_0.40,A375,ecfp4,0.4,p0f0,0,0,potential,36064,False,0.0432311856114261,0.04720622579083599,0.08420584600477743,0.41907737187260574,0.3711327709458077,0.13728449941494314,0.20792110429541802,0.7155688622754491,900
coverage_0.40,A375,ecfp4,0.4,p0f1,0,1,potential,1121,False,0.04230067095973453,0.05498616695905571,0.23070340598149286,0.49876488122861473,0.4424691059289374,0.14835356450757883,0.20567126916449593,0.7547683923705722,900
coverage_0.20,PANC1,ecfp4,0.2,p0f6,0,6,lowrank,72484,False,0.01808469275795399,0.02117219936406537,0.1458283361600905,0.38269472341667166,0.3897581437343339,0.09697648765989186,0.1344793395208126,0.7244582043343654,900
coverage_0.40,A375,ecfp4,0.4,p0f2,0,2,potential,34816,False,0.04229460753630061,0.06240251652380649,0.32222913606111914,0.5772358353908684,0.5085401833829426,0.1556827157496582,0.20565652806633836,0.8028503562945368,900
coverage_0.20,PANC1,ecfp4,0.2,p0f7,0,7,lowrank,72100,False,0.020943233097123155,0.026437030479925832,0.20780690126957435,0.4705113027460889,0.4307892890402746,0.1045893361452561,0.14471777049527523,0.7698630136986301,900
coverage_0.20,PANC1,ecfp4,0.2,p0f8,0,8,lowrank,3334,False,0.02081203048321312,0.018701166458354103,-0.11287338838246974,0.22621946426174416,0.20742955649739486,0.10868982187252256,0.14426375318566034,0.6482558139534884,900
coverage_0.20,PANC1,ecfp4,0.2,p0f9,0,9,lowrank,10351,False,0.021038420270136856,0.02526178318111573,0.16718387932867773,0.47029978944210793,0.40061239581777264,0.11064337729330288,0.14504626941130494,0.7398373983739838,900
coverage_0.40,A375,ecfp4,0.4,p0f4,0,4,potential,1113,False,0.035330183085451695,0.042738339298179884,0.17333748419755945,0.429546308420379,0.35370450251584673,0.14055377492205007,0.18796324929478023,0.6968838526912181,900
coverage_0.40,A375,ecfp4,0.4,p0f3,0,3,potential,35616,False,0.041042806531600286,0.049716285185832335,0.17445950802260934,0.42679083015500735,0.34063080736313667,0.14073569155989207,0.20259024293287248,0.6945337620578779,900
coverage_0.40,A375,ecfp4,0.4,p0f5,0,5,potential,1095,False,0.0413332395663271,0.0627908918204923,0.3417319237240445,0.6039751360410588,0.5002479426929334,0.1483943607117011,0.2033057784873,0.7918918918918919,900
coverage_0.40,A375,ecfp4,0.4,p0f6,0,6,potential,36224,False,0.026831974742877636,0.03249369476850163,0.1742405739316627,0.439432258752385,0.3676402728069212,0.12120396554368872,0.16380468474032614,0.7615384615384615,900
coverage_0.40,A375,ecfp4,0.4,p0f7,0,7,potential,36032,False,0.04743168139891939,0.05378434351846589,0.11811359410504707,0.37175102043763764,0.26904278482648336,0.1556675273289974,0.21778815715947317,0.6755162241887905,900
coverage_0.40,A375,ecfp4,0.4,p0f9,0,9,potential,1143,False,0.04366847130454147,0.04058104429398822,-0.07608052144214117,0.26910086189795107,0.20224294927113082,0.15879621267886118,0.20897002489481947,0.6181818181818182,900
coverage_0.40,A375,ecfp4,0.4,p0f8,0,8,potential,35584,False,0.033182363184519816,0.043628033075616246,0.23942564343874873,0.4889145937167768,0.34270964120531844,0.13553381019384317,0.1821602678536673,0.7442622950819672,900
coverage_0.40,A375,ecfp4,0.4,p0f0,0,0,lowrank,72164,False,0.04323094678937088,0.04720622579083599,0.08421090512677287,0.4190814561640962,0.37112640056757273,0.13728433857334363,0.20792052998530683,0.7155688622754491,900
coverage_0.40,A375,ecfp4,0.4,p0f1,0,1,lowrank,3367,False,0.04168190601973123,0.05498616695905571,0.24195650788372325,0.5109623445309925,0.45225331553907266,0.1470596263142227,0.20416147045838798,0.7574931880108992,900
coverage_0.40,A375,ecfp4,0.4,p0f4,0,4,lowrank,3343,False,0.035330045584835046,0.042738339298179884,0.17334070146381042,0.4295497187757489,0.3537289799123209,0.14055346294066146,0.18796288352979437,0.6968838526912181,900
coverage_0.40,A375,ecfp4,0.4,p0f2,0,2,lowrank,5446,False,0.044108387176619385,0.06240251652380649,0.2931633268380758,0.5417531375147051,0.45646525489537637,0.1605665942111497,0.2100199685187563,0.7482185273159145,900
coverage_0.40,A375,ecfp4,0.4,p0f3,0,3,lowrank,3337,False,0.03863118188301679,0.049716285185832335,0.2229672482845615,0.47640740411782107,0.39259292912707305,0.1401355538702712,0.1965481668269048,0.7427652733118971,900
coverage_0.40,A375,ecfp4,0.4,p0f5,0,5,lowrank,5491,False,0.04176438850380861,0.0627908918204923,0.3348654989133555,0.5979009205990774,0.5001061482791955,0.14834772353735443,0.20436337368473984,0.7918918918918919,900
coverage_0.40,PANC1,ecfp4,0.4,p0f0,0,0,potential,1125,False,0.019590657732871164,0.02475102825608407,0.20849115720856692,0.4566384898055444,0.40903250497840127,0.10457895515655023,0.13996663078345198,0.7185792349726776,900
coverage_0.40,PANC1,ecfp4,0.4,p0f1,0,1,potential,35936,False,0.0245928668647261,0.029085872123542585,0.15447380225466134,0.3949853976892666,0.38937769882020434,0.115220521906007,0.15682113016021182,0.7139175257731959,900
coverage_0.40,PANC1,ecfp4,0.4,p0f2,0,2,potential,34816,False,0.028361993611399492,0.030094389082679626,0.057565397540406904,0.33306536336066916,0.26866594596069854,0.11428241948096977,0.16841019449961897,0.6630434782608695,900
coverage_0.40,A375,ecfp4,0.4,p0f6,0,6,lowrank,72484,False,0.026831928190718512,0.03249369476850163,0.17424200658373434,0.4394340348193842,0.3676445855694473,0.12120391117011792,0.16380454264372069,0.7615384615384615,900
coverage_0.40,PANC1,ecfp4,0.4,p0f3,0,3,potential,1111,False,0.02649365298268418,0.03431265894358678,0.22787525658555863,0.5140027118136716,0.49064931355882335,0.11553328260830452,0.16276871008484456,0.7910447761194029,900
coverage_0.40,A375,ecfp4,0.4,p0f8,0,8,lowrank,5566,False,0.03781144024614364,0.043628033075616246,0.13332237140719283,0.38238176565420107,0.23887538955809412,0.1387396588614289,0.1944516398648868,0.7081967213114754,900
coverage_0.40,A375,ecfp4,0.4,p0f7,0,7,lowrank,72100,False,0.04692325504579113,0.05378434351846589,0.12756664902527115,0.3889075346748663,0.2725987398338352,0.15488697195471446,0.2166177625352804,0.6519174041297935,900
coverage_0.40,A375,ecfp4,0.4,p0f9,0,9,lowrank,3433,False,0.0390896851507346,0.04058104429398822,0.03675014207247884,0.33698122711998435,0.24638282269484285,0.15216381680562657,0.19771111539499897,0.6575757575757576,900
coverage_0.40,PANC1,ecfp4,0.4,p0f4,0,4,potential,35680,False,0.026586260482866633,0.0305336392038994,0.12927966740789465,0.3744675423958173,0.34864298186376363,0.12031296895436558,0.1630529376701525,0.6892950391644909,900
coverage_0.40,PANC1,ecfp4,0.4,p0f6,0,6,potential,36224,False,0.018051333096956394,0.02117219936406537,0.1474039712853774,0.3894528489802346,0.39030425140442565,0.09752353952504955,0.13435524960698927,0.7337461300309598,900
coverage_0.40,PANC1,ecfp4,0.4,p0f5,0,5,potential,1095,False,0.02047965532624238,0.020459058036238174,-0.0010067565167330983,0.33253693546815577,0.3265691768343747,0.10910693807070398,0.14310714631436958,0.684375,900
coverage_0.40,PANC1,ecfp4,0.4,p0f7,0,7,potential,1124,False,0.020215535382055536,0.026437030479925832,0.23533259919620708,0.4974190658205794,0.44395691023486866,0.10302719112927149,0.1421813468147476,0.7671232876712328,900
coverage_0.40,PANC1,ecfp4,0.4,p0f8,0,8,potential,35584,False,0.01948255691117696,0.018701166458354103,-0.04178297939665665,0.2938787472623233,0.2862543287090478,0.10541247959438349,0.13957993018760598,0.6802325581395349,900
coverage_0.40,PANC1,ecfp4,0.4,p0f9,0,9,potential,36640,False,0.020100753644542717,0.02526178318111573,0.20430186972830577,0.48122351026229926,0.4401672430048268,0.11052468718279815,0.141777126662035,0.7696476964769647,900
coverage_0.40,PANC1,ecfp4,0.4,p0f2,0,2,lowrank,5446,False,0.022211712760353074,0.030094389082679626,0.2619317607900308,0.5316121138961036,0.4079566781685601,0.10809535220665634,0.14903594452464505,0.6847826086956522,900
coverage_0.40,PANC1,ecfp4,0.4,p0f1,0,1,lowrank,5621,False,0.02421905042261814,0.029085872123542585,0.16732596774999775,0.4179760534984012,0.4468544940590462,0.11388810076952706,0.15562471019288082,0.7809278350515464,900
coverage_0.40,PANC1,ecfp4,0.4,p0f0,0,0,lowrank,72164,False,0.019962487990792675,0.02475102825608407,0.19346833657766604,0.44040802531737233,0.3912322525501061,0.10467409167235274,0.1412886690106205,0.7158469945355191,900
coverage_0.40,PANC1,ecfp4,0.4,p0f3,0,3,lowrank,5571,False,0.026304556946358793,0.03431265894358678,0.233386226651629,0.5069216640513237,0.49178523265666596,0.11565552327385399,0.16218679646123724,0.7711442786069652,900
coverage_0.40,PANC1,ecfp4,0.4,p0f4,0,4,lowrank,71396,False,0.02658624368232831,0.0305336392038994,0.12928021763835384,0.37446893275899573,0.3486324633322593,0.12031315081215635,0.1630528861514825,0.6892950391644909,900
coverage_0.40,PANC1,ecfp4,0.4,p0f5,0,5,lowrank,5491,False,0.020879292680530428,0.020459058036238174,-0.020540273337507076,0.3530101952261075,0.3252399077035898,0.10819950896846747,0.14449668743791474,0.678125,900
coverage_0.70,A375,ecfp4,0.7,p0f0,0,0,potential,36064,False,0.04357530075236375,0.04720622579083599,0.0769162325020506,0.40363072021044294,0.3503891074762644,0.13738103518650288,0.20874697782809637,0.7125748502994012,900
coverage_0.70,A375,ecfp4,0.7,p0f1,0,1,potential,1121,False,0.04430141053450659,0.05498616695905571,0.19431717130792736,0.4786706294967744,0.41825898550492036,0.1530198775452086,0.21047900259766197,0.7247956403269755,900
coverage_0.70,A375,ecfp4,0.7,p0f2,0,2,potential,34816,False,0.04304806781730302,0.06240251652380649,0.3101549390098678,0.5671442826908416,0.5004110375444908,0.15562822749642452,0.20748028296034063,0.7719714964370546,900
coverage_0.40,PANC1,ecfp4,0.4,p0f9,0,9,lowrank,10351,False,0.018453476604783296,0.02526178318111573,0.2695101342419064,0.5430934919317276,0.4607570462021147,0.10389334766445793,0.13584357402830396,0.7804878048780488,900
coverage_0.70,A375,ecfp4,0.7,p0f3,0,3,potential,35616,False,0.039559979305859895,0.049716285185832335,0.2042852928775677,0.4544868093337796,0.34968790496449176,0.14150743505979568,0.1988969062249584,0.7041800643086816,900
coverage_0.40,PANC1,ecfp4,0.4,p0f6,0,6,lowrank,72484,False,0.018051298026602255,0.02117219936406537,0.14740562771953125,0.3894544294715343,0.39027654766651976,0.09752344495117832,0.1343551190934021,0.7337461300309598,900
coverage_0.40,PANC1,ecfp4,0.4,p0f8,0,8,lowrank,5566,False,0.018698621871318977,0.018701166458354103,0.0001360656855705633,0.2976086613466098,0.264960277728738,0.10334362167904473,0.13674290428142508,0.6744186046511628,900
coverage_0.40,PANC1,ecfp4,0.4,p0f7,0,7,lowrank,3376,False,0.018815364093422743,0.026437030479925832,0.28829510153533977,0.5539558994457758,0.4728432339628403,0.09957386139302132,0.13716910764972828,0.7698630136986301,900
coverage_0.70,A375,ecfp4,0.7,p0f5,0,5,potential,1095,False,0.04142243580828795,0.0627908918204923,0.3403113953739161,0.6002262871302096,0.5082357385626403,0.14797591121377074,0.2035250250172886,0.8,900
coverage_0.70,A375,ecfp4,0.7,p0f7,0,7,potential,36032,False,0.0458819536684136,0.05378434351846589,0.14692732741711623,0.40150516185351354,0.28571045972484743,0.15223627178059665,0.21420073218458802,0.6814159292035398,900
coverage_0.70,A375,ecfp4,0.7,p0f6,0,6,potential,36224,False,0.026710718755505115,0.03249369476850163,0.17797225136128103,0.4430037626688788,0.36670435395599255,0.12119593800561859,0.16343414195175104,0.7615384615384615,900
coverage_0.70,A375,ecfp4,0.7,p0f4,0,4,potential,1113,False,0.03427461062949384,0.042738339298179884,0.1980359744358735,0.4526086087505454,0.37864091190236043,0.1387132649635199,0.1851340342278908,0.7195467422096318,900
coverage_0.70,A375,ecfp4,0.7,p0f8,0,8,potential,35584,False,0.033619958423930646,0.043628033075616246,0.22939550436160105,0.49095800412929264,0.35051398005841167,0.1371749980940175,0.1833574607806583,0.7540983606557377,900
coverage_0.70,A375,ecfp4,0.7,p0f9,0,9,potential,1143,False,0.03781856381803509,0.04058104429398822,0.06807317367045607,0.33780951115766067,0.2536925930361231,0.14581437307428485,0.19446995608071466,0.6636363636363637,900
coverage_0.70,A375,ecfp4,0.7,p0f0,0,0,lowrank,72164,False,0.04357727010368611,0.04720622579083599,0.0768745144597931,0.40340907053352704,0.35024765874196556,0.13738547677924434,0.20875169485224812,0.7125748502994012,900
coverage_0.70,A375,ecfp4,0.7,p0f4,0,4,lowrank,3343,False,0.03427461329857806,0.042738339298179884,0.1980359119841203,0.45260881523907615,0.37863999009052274,0.13871326488054975,0.18513404143640916,0.7195467422096318,900
coverage_0.70,A375,ecfp4,0.7,p0f1,0,1,lowrank,10153,False,0.04106590668214658,0.05498616695905571,0.2531593134555925,0.5179630426257262,0.4714553639366633,0.14679076783132713,0.2026472469147967,0.784741144414169,900
coverage_0.70,A375,ecfp4,0.7,p0f2,0,2,lowrank,5446,False,0.04214565621127055,0.06240251652380649,0.3246160802634933,0.578597654633088,0.48568074775400955,0.155909957780609,0.205294072518596,0.7672209026128266,900
coverage_0.70,A375,ecfp4,0.7,p0f5,0,5,lowrank,5491,False,0.04188150026308973,0.0627908918204923,0.3330003914768196,0.5959464187760919,0.5105170911733636,0.14716850347304244,0.20464970135108854,0.8081081081081081,900
coverage_0.70,A375,ecfp4,0.7,p0f3,0,3,lowrank,10063,False,0.03836974076347052,0.049716285185832335,0.22822590987943003,0.4789366083377352,0.41292832871810137,0.1359205688684939,0.19588195619676285,0.7459807073954984,900
coverage_0.70,PANC1,ecfp4,0.7,p0f0,0,0,potential,1125,False,0.019387460938565918,0.02475102825608407,0.21670078762080225,0.4655524162511123,0.413078666352263,0.10389447051949592,0.13923886288879955,0.7185792349726776,900
coverage_0.70,PANC1,ecfp4,0.7,p0f1,0,1,potential,35936,False,0.02483703055810526,0.029085872123542585,0.1460792218087985,0.3851396267622167,0.38026056822292376,0.11484216482395566,0.1575976857637994,0.7190721649484536,900
coverage_0.70,PANC1,ecfp4,0.7,p0f2,0,2,potential,1086,False,0.024691153347048786,0.030094389082679626,0.17954296134027825,0.46429645610888337,0.38880303304408625,0.1118181583422978,0.15713418898205694,0.717391304347826,900
coverage_0.70,PANC1,ecfp4,0.7,p0f3,0,3,potential,1111,False,0.026933289166781928,0.03431265894358678,0.21506260383193354,0.5012166752371214,0.4870116465164361,0.11582499151673595,0.16411364710706397,0.7860696517412935,900
coverage_0.70,A375,ecfp4,0.7,p0f6,0,6,lowrank,5666,False,0.026126860058468444,0.03249369476850163,0.1959406203385955,0.45259491976027855,0.373862387484429,0.11588963146506684,0.16163805263139136,0.7384615384615385,900
coverage_0.70,A375,ecfp4,0.7,p0f7,0,7,lowrank,72100,False,0.04471609449937306,0.05378434351846589,0.16860388034632057,0.4291391998718582,0.31153867268148894,0.15044805811119583,0.21146180387808353,0.6902654867256637,900
coverage_0.70,A375,ecfp4,0.7,p0f8,0,8,lowrank,5566,False,0.034271871347039344,0.043628033075616246,0.21445298054947315,0.47270036545655536,0.35944189231509344,0.13123120059906687,0.18512663597397147,0.7704918032786885,900
coverage_0.70,A375,ecfp4,0.7,p0f9,0,9,lowrank,10351,False,0.03686933928008836,0.04058104429398822,0.09146400932934384,0.3894189819189974,0.3179173143012111,0.14618105719540134,0.19201390387179873,0.7272727272727273,900
coverage_0.70,PANC1,ecfp4,0.7,p0f4,0,4,potential,35680,False,0.02564797747298048,0.0305336392038994,0.16000915247256142,0.41279412844720964,0.3952667431276664,0.11670573086742754,0.16014985942229384,0.7101827676240209,900
coverage_0.70,PANC1,ecfp4,0.7,p0f5,0,5,potential,35104,False,0.020347431610037832,0.020459058036238174,0.0054560882520897636,0.3250594523028856,0.30733697202095317,0.10892756549777617,0.14264442369065056,0.66875,900
coverage_0.70,PANC1,ecfp4,0.7,p0f6,0,6,potential,1130,False,0.018460423591336077,0.02117219936406537,0.12808191185521656,0.3671608570786404,0.35044170013378617,0.09923329258700325,0.1358691414241515,0.7151702786377709,900
coverage_0.70,PANC1,ecfp4,0.7,p0f7,0,7,potential,1124,False,0.020377190421467135,0.026437030479925832,0.22921787918125125,0.4871923922894628,0.4353596979749358,0.10374012566667278,0.1427486967417466,0.7589041095890411,900
coverage_0.70,PANC1,ecfp4,0.7,p0f8,0,8,potential,1110,False,0.019001889652720212,0.018701166458354103,-0.016080451186603506,0.294003564017267,0.29256289616818454,0.10467327883121975,0.137847341841329,0.686046511627907,900
coverage_0.70,PANC1,ecfp4,0.7,p0f9,0,9,potential,36640,False,0.01908034302814452,0.02526178318111573,0.24469532133393102,0.5104525473076378,0.4686821917887142,0.10668739107846079,0.13813161487561246,0.7831978319783198,900
coverage_0.70,PANC1,ecfp4,0.7,p0f2,0,2,lowrank,5446,False,0.021954738837190315,0.030094389082679626,0.2704706921654696,0.548099301683658,0.45297838002671764,0.10686867681390756,0.14817131583808762,0.7418478260869565,900
coverage_0.70,PANC1,ecfp4,0.7,p0f1,0,1,lowrank,3367,False,0.02312611864681652,0.029085872123542585,0.20490200367422162,0.45462464241041395,0.4479625777315775,0.11082674149734098,0.15207274130105145,0.7757731958762887,900
coverage_0.70,PANC1,ecfp4,0.7,p0f0,0,0,lowrank,72164,False,0.019590157217181384,0.02475102825608407,0.20851137922458174,0.458000254828802,0.4099334608232027,0.10360892696775235,0.13996484278982843,0.7158469945355191,900
coverage_0.70,PANC1,ecfp4,0.7,p0f3,0,3,lowrank,10063,False,0.02891292950468285,0.03431265894358678,0.15736843500766262,0.39642429818079317,0.36413483638045646,0.12223147403747336,0.17003802370259086,0.7164179104477612,900
coverage_0.70,PANC1,ecfp4,0.7,p0f4,0,4,lowrank,71396,False,0.025647997735392197,0.0305336392038994,0.16000848886310493,0.4127933180626283,0.3952690476572605,0.11670575318867499,0.16014992268306655,0.7101827676240209,900
coverage_0.70,PANC1,ecfp4,0.7,p0f5,0,5,lowrank,5491,False,0.020704088955962714,0.020459058036238174,-0.011976647179480437,0.3763323074699315,0.3442563427033038,0.10918787074664885,0.14388915510198366,0.7,900
coverage_0.70,PANC1,ecfp4,0.7,p0f6,0,6,lowrank,72484,False,0.018433314907922837,0.02117219936406537,0.1293623023780477,0.36840039059431584,0.3565885389981963,0.0987684461272514,0.13576934450722974,0.7151702786377709,900
coverage_0.70,PANC1,ecfp4,0.7,p0f8,0,8,lowrank,5566,False,0.018213202447896575,0.018701166458354103,0.02609270451360246,0.3007580626860844,0.284102194364849,0.10091366263682955,0.13495629828910014,0.6918604651162791,900
coverage_0.70,PANC1,ecfp4,0.7,p0f7,0,7,lowrank,3376,False,0.01700199177481258,0.026437030479925832,0.3568872348306088,0.6022639704346836,0.5031851973479803,0.0947529845426973,0.13039168598807432,0.7808219178082192,900
coverage_0.70,PANC1,ecfp4,0.7,p0f9,0,9,lowrank,10351,False,0.0175032535534914,0.02526178318111573,0.3071251768728728,0.5626131216360466,0.48214206025768763,0.09995875087064318,0.13229986225802126,0.7940379403794038,900
positive_control,A375,ecfp4,1.0,p0f0,0,0,zero,0,True,2.9406294451479345,2.9406294451479345,0.0,,,1.316633379530493,1.714826360057465,,900
positive_control,A375,ecfp4,1.0,p0f2,0,2,zero,0,True,3.1194247295607362,3.1194247295607362,0.0,,,1.3422421300741678,1.7661893243819407,,900
positive_control,A375,ecfp4,1.0,p0f3,0,3,zero,0,True,1.3692456348978086,1.3692456348978086,0.0,,,0.9152893247827596,1.1701476978987775,,900
positive_control,A375,ecfp4,1.0,p0f1,0,1,zero,0,True,1.6269112864927489,1.6269112864927489,0.0,,,0.9507363550532025,1.275504326332431,,900
positive_control,A375,ecfp4,1.0,p0f4,0,4,zero,0,True,2.382229792604397,2.382229792604397,0.0,,,1.1786049944006063,1.5434473728003806,,900
positive_control,A375,ecfp4,1.0,p0f5,0,5,zero,0,True,1.5254330756746948,1.5254330756746948,0.0,,,0.9550877180250387,1.2350842382909333,,900
positive_control,A375,ecfp4,1.0,p0f6,0,6,zero,0,True,1.6975700431102814,1.6975700431102814,0.0,,,1.002147931360657,1.3029083018809426,,900
positive_control,A375,ecfp4,1.0,p0f9,0,9,zero,0,True,2.090084768255303,2.090084768255303,0.0,,,1.1317057641905128,1.445712546896963,,900
positive_control,A375,ecfp4,1.0,p0f7,0,7,zero,0,True,2.7656436611542965,2.7656436611542965,0.0,,,1.2668512956481748,1.6630224475797963,,900
positive_control,A375,ecfp4,1.0,p0f8,0,8,zero,0,True,1.5592895786107361,1.5592895786107361,0.0,,,0.9913750582049586,1.2487151711302047,,900
positive_control,A375,ecfp4,1.0,p0f2,0,2,potential,34816,True,1.8425466085723463,3.1194247295607362,0.4093312811456087,0.6440577716198637,0.6324923528712175,1.0124709743156273,1.3574043644295337,0.7404761904761905,900
positive_control,A375,ecfp4,1.0,p0f0,0,0,potential,1125,True,1.747314330406232,2.9406294451479345,0.40580261369234516,0.6373279856773899,0.6243937749717386,1.0056372141452836,1.3218601780847443,0.7624703087885986,900
positive_control,A375,ecfp4,1.0,p0f3,0,3,potential,35616,True,0.6598919376426281,1.3692456348978086,0.5180616824154578,0.7256017603479813,0.6987037761775015,0.6233368863741853,0.812337329957591,0.7836835599505563,900
positive_control,A375,ecfp4,1.0,p0f4,0,4,potential,1113,True,1.2816330202844841,2.382229792604397,0.46200277392915745,0.7176685112188859,0.7083583066151934,0.8217144812540319,1.132092319682668,0.815403422982885,900
positive_control,A375,ecfp4,1.0,p0f1,0,1,potential,1121,True,0.8741715012592082,1.6269112864927489,0.46268028962800833,0.6803333094078273,0.6938443133880412,0.6997361261198618,0.9349713906100059,0.7835178351783518,900
positive_control,A375,ecfp4,1.0,p0f5,0,5,potential,35104,True,0.826072504322557,1.5254330756746948,0.45846689868240376,0.6826819838404389,0.6592818345043224,0.6965667315592787,0.9088853086735185,0.7802469135802469,900
positive_control,A375,ecfp4,1.0,p0f6,0,6,potential,1130,True,1.2221027530881803,1.6975700431102814,0.280086993730728,0.5409135372869561,0.5448961953450971,0.8102499771391649,1.1054875635158363,0.7270440251572327,900
positive_control,A375,ecfp4,1.0,p0f7,0,7,potential,36032,True,1.6670773124693299,2.7656436611542965,0.39721905034810523,0.649422006127952,0.6362199130286993,0.9832437028315798,1.2911534813759864,0.765906362545018,900
positive_control,A375,ecfp4,1.0,p0f8,0,8,potential,35584,True,0.9466848998304699,1.5592895786107361,0.3928742211732552,0.6300711589033328,0.6226675506183752,0.726058300470978,0.9729773377784654,0.7624847746650426,900
positive_control,A375,ecfp4,1.0,p0f9,0,9,potential,1143,True,1.1462240419177179,2.090084768255303,0.45158968701804003,0.6710181123220456,0.6875735072923959,0.8259373033920001,1.0706185323997142,0.801920768307323,900
positive_control,A375,ecfp4,1.0,p0f0,0,0,lowrank,10189,True,0.7855451627957729,2.9406294451479345,0.7328649605641644,0.8746237694691354,0.8403763790654887,0.7124191719863178,0.8863098571017773,0.850356294536817,900
positive_control,A375,ecfp4,1.0,p0f1,0,1,lowrank,10153,True,0.5106570396793267,1.6269112864927489,0.6861186937978732,0.8288659079785358,0.801597746828494,0.5203438017180998,0.714602714575957,0.8511685116851169,900
positive_control,A375,ecfp4,1.0,p0f2,0,2,lowrank,5446,True,1.0961101008606282,3.1194247295607362,0.6486178715987234,0.8064485950582838,0.7875056965090903,0.8246819138489547,1.0469527691642198,0.7988095238095239,900
positive_control,A375,ecfp4,1.0,p0f3,0,3,lowrank,10063,True,0.7326322270095736,1.3692456348978086,0.46493732874726135,0.7222916692793326,0.7054571013873681,0.6578833410996313,0.8559393827892099,0.7935723114956736,900
positive_control,A375,ecfp4,1.0,p0f4,0,4,lowrank,10081,True,1.0943434192593697,2.382229792604397,0.5406222260099569,0.7350504098283807,0.7311850343848161,0.7550146646294447,1.0461087033666099,0.8141809290953546,900
positive_control,A375,ecfp4,1.0,p0f5,0,5,lowrank,70244,True,0.5063333702227966,1.5254330756746948,0.6680723800361765,0.8237443196630534,0.7961003573255441,0.5599355420376438,0.7115710577467275,0.808641975308642,900
positive_control,A375,ecfp4,1.0,p0f7,0,7,lowrank,10180,True,0.8651651116691932,2.7656436611542965,0.6871740478279478,0.8737374857492826,0.8525991760483655,0.7242826320486114,0.9301425222347343,0.843937575030012,900
positive_control,A375,ecfp4,1.0,p0f6,0,6,lowrank,10234,True,0.6715790852933748,1.6975700431102814,0.6043879968199073,0.782768357037295,0.7608227006041571,0.6194550686473794,0.8194992893794203,0.8125786163522013,900
positive_control,A375,ecfp4,1.0,p0f8,0,8,lowrank,10054,True,0.5940587822557851,1.5592895786107361,0.6190195904566569,0.790358382229429,0.7822025459290691,0.591316320392664,0.770752088713216,0.830694275274056,900
positive_control,A375,ecfp4,1.0,p0f9,0,9,lowrank,73316,True,0.6214936071664112,2.090084768255303,0.7026466980642116,0.8380795382339834,0.8532532509299395,0.5985038468744356,0.7883486583780118,0.8931572629051621,900
primary,A375,ecfp4,1.0,p0f0,0,0,zero,0,False,0.04720622579083599,0.04720622579083599,0.0,,,0.1399710212366667,0.2172699376141025,,900
primary,A375,ecfp4,1.0,p0f1,0,1,zero,0,False,0.05498616695905571,0.05498616695905571,0.0,,,0.16136696978555556,0.2344912939941603,,900
primary,A375,ecfp4,1.0,p0f2,0,2,zero,0,False,0.06240251652380649,0.06240251652380649,0.0,,,0.1735544849888889,0.24980495696404123,,900
primary,A375,ecfp4,1.0,p0f4,0,4,zero,0,False,0.042738339298179884,0.042738339298179884,0.0,,,0.1385179575888889,0.20673253081743057,,900
primary,A375,ecfp4,1.0,p0f3,0,3,zero,0,False,0.049716285185832335,0.049716285185832335,0.0,,,0.1371382143777778,0.2229714896255401,,900
primary,A375,ecfp4,1.0,p0f5,0,5,zero,0,False,0.0627908918204923,0.0627908918204923,0.0,,,0.1636025799566667,0.25058110826734786,,900
primary,A375,ecfp4,1.0,p0f6,0,6,zero,0,False,0.03249369476850163,0.03249369476850163,0.0,,,0.10886890190222222,0.18026007535919214,,900
primary,A375,ecfp4,1.0,p0f8,0,8,zero,0,False,0.043628033075616246,0.043628033075616246,0.0,,,0.1320727284,0.20887324643337224,,900
primary,A375,ecfp4,1.0,p0f7,0,7,zero,0,False,0.05378434351846589,0.05378434351846589,0.0,,,0.14940337348333332,0.2319145176966416,,900
primary,A375,ecfp4,1.0,p0f9,0,9,zero,0,False,0.04058104429398822,0.04058104429398822,0.0,,,0.13317899278,0.20144737350977854,,900
primary,A375,ecfp4,1.0,p1f0,1,0,zero,0,False,0.04403335327761725,0.04403335327761725,0.0,,,0.13868724994,0.2098412573294805,,900
primary,A375,ecfp4,1.0,p1f1,1,1,zero,0,False,0.03743402668366242,0.03743402668366242,0.0,,,0.1279224962511111,0.19347874995374148,,900
primary,A375,ecfp4,1.0,p1f3,1,3,zero,0,False,0.047790741260045615,0.047790741260045615,0.0,,,0.13743220536555556,0.2186109358198844,,900
primary,A375,ecfp4,1.0,p1f2,1,2,zero,0,False,0.060007802857493096,0.060007802857493096,0.0,,,0.16702552080555558,0.24496490127667903,,900
primary,A375,ecfp4,1.0,p1f4,1,4,zero,0,False,0.039787423601120565,0.039787423601120565,0.0,,,0.12462151007777778,0.19946785104652973,,900
primary,A375,ecfp4,1.0,p1f5,1,5,zero,0,False,0.0687580116090706,0.0687580116090706,0.0,,,0.17046516609444445,0.2622174891365383,,900
primary,A375,ecfp4,1.0,p1f6,1,6,zero,0,False,0.062357152382903125,0.062357152382903125,0.0,,,0.16895630803777778,0.24971414133545405,,900
primary,A375,ecfp4,1.0,p1f7,1,7,zero,0,False,0.039142300326909685,0.039142300326909685,0.0,,,0.1293591078877778,0.19784413139365464,,900
primary,A375,ecfp4,1.0,p1f9,1,9,zero,0,False,0.051866225518007555,0.051866225518007555,0.0,,,0.14783408751444446,0.22774157617353832,,900
primary,A375,ecfp4,1.0,p1f8,1,8,zero,0,False,0.044108018027352265,0.044108018027352265,0.0,,,0.1326218452188889,0.21001908967365862,,900
primary,A375,ecfp4,1.0,p2f1,2,1,zero,0,False,0.035012109139060076,0.035012109139060076,0.0,,,0.1213810653888889,0.18711522957541452,,900
primary,A375,ecfp4,1.0,p2f0,2,0,zero,0,False,0.05683090306503586,0.05683090306503586,0.0,,,0.1612721464188889,0.2383923301304718,,900
primary,A375,ecfp4,1.0,p2f2,2,2,zero,0,False,0.04687846473079961,0.04687846473079961,0.0,,,0.13670022342777777,0.21651435225129906,,900
primary,A375,ecfp4,1.0,p2f3,2,3,zero,0,False,0.07058544680674973,0.07058544680674973,0.0,,,0.1788828343888889,0.26567921786761894,,900
primary,A375,ecfp4,1.0,p2f5,2,5,zero,0,False,0.040723759971037325,0.040723759971037325,0.0,,,0.12760715739,0.20180128832848745,,900
primary,A375,ecfp4,1.0,p2f4,2,4,zero,0,False,0.06799795296405185,0.06799795296405185,0.0,,,0.17962883036555555,0.2607641711663085,,900
primary,A375,ecfp4,1.0,p2f6,2,6,zero,0,False,0.05463614984150479,0.05463614984150479,0.0,,,0.15748382061555555,0.2337437696314167,,900
primary,A375,ecfp4,1.0,p2f7,2,7,zero,0,False,0.028255884710943938,0.028255884710943938,0.0,,,0.10430561063333332,0.16809486818741357,,900
primary,A375,ecfp4,1.0,p2f8,2,8,zero,0,False,0.03791394450505774,0.03791394450505774,0.0,,,0.12648764260333334,0.19471503410126742,,900
primary,A375,ecfp4,1.0,p2f9,2,9,zero,0,False,0.05412555356196927,0.05412555356196927,0.0,,,0.1485257014277778,0.2326489921791394,,900
primary,A375,ecfp4,1.0,p0f3,0,3,potential,35616,False,0.03912189396492586,0.049716285185832335,0.21309699993284215,0.46530608107245686,0.3638721364676582,0.14017769023123364,0.1977925528550705,0.7041800643086816,900
primary,A375,ecfp4,1.0,p0f0,0,0,potential,36064,False,0.043042607509960806,0.04720622579083599,0.08820061784484912,0.4281759988555949,0.3825422500521606,0.13700067433719676,0.2074671239256013,0.7395209580838323,900
primary,A375,ecfp4,1.0,p0f2,0,2,potential,34816,False,0.04251637623990122,0.06240251652380649,0.31867529374907066,0.5750139754264703,0.5073583712243267,0.15480167364293385,0.20619499567133345,0.7719714964370546,900
primary,A375,ecfp4,1.0,p0f5,0,5,potential,1095,False,0.04281195747783733,0.0627908918204923,0.3181820446151824,0.5799445663554963,0.5057916203188728,0.14940900746116872,0.20691050596293395,0.8,900
primary,A375,ecfp4,1.0,p0f1,0,1,potential,1121,False,0.04181854622469413,0.05498616695905571,0.2394715155207413,0.49931374428576497,0.44489106776675036,0.14817423600983803,0.20449583424777662,0.7602179836512262,900
primary,A375,ecfp4,1.0,p0f4,0,4,potential,1113,False,0.03398464806963637,0.042738339298179884,0.2048205749753198,0.45960391674390555,0.3841287046856437,0.1377395309649313,0.18434925567963753,0.7138810198300283,900
primary,A375,ecfp4,1.0,p0f6,0,6,potential,36224,False,0.02670950071102536,0.03249369476850163,0.1780097369254322,0.4405610220366144,0.36713209110957756,0.12085136345419509,0.1634304155015992,0.7730769230769231,900
primary,A375,ecfp4,1.0,p0f7,0,7,potential,1124,False,0.04850958578896483,0.05378434351846589,0.09807236426879617,0.34007325765031304,0.23006407003794654,0.1569865672997093,0.22024891779294814,0.640117994100295,900
primary,A375,ecfp4,1.0,p0f8,0,8,potential,35584,False,0.03390633536334151,0.043628033075616246,0.22283144636442942,0.4901383230413875,0.3409660341144454,0.1386869661824852,0.18413673007670553,0.7508196721311475,900
primary,A375,ecfp4,1.0,p0f9,0,9,potential,1143,False,0.036868107931329476,0.04058104429398822,0.09149435228330949,0.35516944634887504,0.2757544638943999,0.14302456029515362,0.1920106974398288,0.6575757575757576,900
primary,A375,ecfp4,1.0,p1f0,1,0,potential,1111,False,0.03692991966660675,0.04403335327761725,0.16131938819706648,0.40936315672616325,0.3545534089136736,0.13817063132321641,0.1921715891244248,0.7315634218289085,900
primary,A375,ecfp4,1.0,p1f1,1,1,potential,1125,False,0.030537335457476205,0.03743402668366242,0.18423589010252495,0.44421184775231776,0.3170429099295185,0.1295569473369795,0.17474935037783748,0.6848484848484848,900
primary,A375,ecfp4,1.0,p1f2,1,2,potential,1093,False,0.04026502366120794,0.060007802857493096,0.3290035338099352,0.5813847986154578,0.534808676718531,0.14985527420036987,0.200661465312122,0.7889447236180904,900
primary,A375,ecfp4,1.0,p1f3,1,3,potential,36096,False,0.04773436102492269,0.047790741260045615,0.0011797313378367758,0.35768487467648913,0.36549834423663896,0.13732184108492385,0.21848194667963458,0.70625,900
primary,A375,ecfp4,1.0,p1f4,1,4,potential,36928,False,0.025845930746656677,0.039787423601120565,0.35039948789424114,0.6023571004570283,0.46870992844847137,0.12119917119626125,0.16076669663414955,0.7796052631578947,900
primary,A375,ecfp4,1.0,p1f6,1,6,potential,1138,False,0.050781372673982174,0.062357152382903125,0.18563675964290438,0.44416783455899705,0.3562753205045109,0.16339981925793834,0.22534722690546288,0.6641025641025641,900
primary,A375,ecfp4,1.0,p1f5,1,5,potential,1071,False,0.05984861397123141,0.0687580116090706,0.1295761385377795,0.37437529582940654,0.2725015380677425,0.18401482267333286,0.244639763675555,0.6409574468085106,900
primary,A375,ecfp4,1.0,p1f7,1,7,potential,36032,False,0.02822393505826186,0.039142300326909685,0.278940306968664,0.5279750795394544,0.4658612664953908,0.12352767296675184,0.16799980672090625,0.7699680511182109,900
primary,A375,ecfp4,1.0,p1f8,1,8,potential,1113,False,0.04261083394534435,0.044108018027352265,0.0339435809851959,0.33395770828531524,0.3195186660724273,0.14918896663622805,0.2064239180554045,0.7238095238095238,900
primary,A375,ecfp4,1.0,p1f9,1,9,potential,36576,False,0.04034932980624662,0.051866225518007555,0.2220500064683203,0.48589636686462157,0.39636649757180775,0.14534222466948987,0.2008714260571837,0.7581120943952803,900
primary,A375,ecfp4,1.0,p2f0,2,0,potential,1123,False,0.04376567826336185,0.05683090306503586,0.22989648407878538,0.4814078187534014,0.4216504300211071,0.1575638977463198,0.2092024814942735,0.7427055702917772,900
primary,A375,ecfp4,1.0,p2f2,2,2,potential,36288,False,0.03771527626572583,0.04687846473079961,0.19546690613042783,0.4454863429839762,0.3515703928852587,0.14360515795076992,0.1942042127908811,0.7317073170731707,900
primary,A375,ecfp4,1.0,p2f1,2,1,potential,1121,False,0.02869567704756293,0.035012109139060076,0.18040707191931016,0.4617593901380842,0.40531194071433013,0.12486713187774391,0.16939798418978583,0.7694805194805194,900
primary,A375,ecfp4,1.0,p2f3,2,3,potential,1147,False,0.05760399924964692,0.07058544680674973,0.1839111055377135,0.4392809610226881,0.3741856800646256,0.1807017192956317,0.2400083316254811,0.7443609022556391,900
primary,A375,ecfp4,1.0,p2f4,2,4,potential,1093,False,0.057769890080654356,0.06799795296405185,0.1504172175418974,0.46267285647565226,0.40419631793784117,0.17298131826156743,0.24035367706913568,0.7021791767554479,900
primary,A375,ecfp4,1.0,p2f6,2,6,potential,36416,False,0.05067011425246163,0.05463614984150479,0.07258995373115273,0.45302981531460945,0.41378046145735986,0.1536353727213052,0.2251002315690982,0.7486338797814208,900
primary,A375,ecfp4,1.0,p2f5,2,5,potential,35616,False,0.025775355611492745,0.040723759971037325,0.36706837409354787,0.6045666378120504,0.5346396230118803,0.11973272796927936,0.16054705108314118,0.840531561461794,900
primary,A375,ecfp4,1.0,p2f7,2,7,potential,1125,False,0.01955684175735057,0.028255884710943938,0.3078665928384149,0.5575938302340414,0.45250944754252787,0.10248059324930141,0.1398457784752567,0.7931034482758621,900
primary,A375,ecfp4,1.0,p2f8,2,8,potential,34976,False,0.035801032429660484,0.03791394450505774,0.05572915461527328,0.36794715508811027,0.30339622641509434,0.1403519442224819,0.18921160754472882,0.6970684039087948,900
primary,A375,ecfp4,1.0,p2f9,2,9,potential,1100,False,0.04330680706401276,0.05412555356196927,0.19988241756400582,0.45438315386287764,0.3872766427283656,0.14728931163058873,0.20810287615507087,0.6863905325443787,900
primary,A375,ecfp4,1.0,p0f0,0,0,lowrank,72164,False,0.04304237954089961,0.04720622579083599,0.08820544706085565,0.4281758949816196,0.3825488179615037,0.13700057865403506,0.20746657451478687,0.7395209580838323,900
primary,A375,ecfp4,1.0,p0f2,0,2,lowrank,5446,False,0.040902594079792055,0.06240251652380649,0.3445361444007188,0.5971599738592948,0.5057505338483957,0.1532105382988719,0.20224389750939842,0.7790973871733967,900
primary,A375,ecfp4,1.0,p0f1,0,1,lowrank,10153,False,0.040351286110044356,0.05498616695905571,0.2661556834814275,0.522581065412665,0.47207256634473216,0.14421255127283675,0.20087629554042546,0.7574931880108992,900
primary,A375,ecfp4,1.0,p0f4,0,4,lowrank,3343,False,0.033984581824930624,0.042738339298179884,0.20482212498186747,0.4596056081378945,0.38412042484003067,0.137739385337056,0.18434907600780273,0.7138810198300283,900
primary,A375,ecfp4,1.0,p0f3,0,3,lowrank,10063,False,0.0393156536626269,0.049716285185832335,0.20919969149604345,0.4683906663735876,0.39985761299293787,0.14005739847063578,0.19828175322663177,0.7459807073954984,900
primary,A375,ecfp4,1.0,p0f5,0,5,lowrank,5491,False,0.04202984361151554,0.0627908918204923,0.33063789360292595,0.5940082255124237,0.5103899963662507,0.1471329860407,0.20501181334624485,0.7945945945945946,900
primary,A375,ecfp4,1.0,p0f6,0,6,lowrank,10234,False,0.02554070929175395,0.03249369476850163,0.21397952822181632,0.4676812600185895,0.4044760713696355,0.1136486783442512,0.15981460913118659,0.7807692307692308,900
primary,A375,ecfp4,1.0,p0f8,0,8,lowrank,5566,False,0.033980686313577965,0.043628033075616246,0.2211272450746855,0.4764901177740861,0.3603307823013774,0.13197751397700955,0.1843385101208588,0.760655737704918,900
primary,A375,ecfp4,1.0,p0f9,0,9,lowrank,10351,False,0.03567960836146675,0.04058104429398822,0.1207814145198719,0.4038667929258447,0.32800743375403346,0.14384486522571724,0.18889046657115002,0.7090909090909091,900
primary,A375,ecfp4,1.0,p1f0,1,0,lowrank,10063,False,0.036918073012169636,0.04403335327761725,0.16158842640459115,0.42272558989756226,0.34390936285106527,0.14070437165081437,0.19214076353592863,0.7109144542772862,900
primary,A375,ecfp4,1.0,p0f7,0,7,lowrank,10180,False,0.04316146115905584,0.05378434351846589,0.19750882253983204,0.4587612061273511,0.34617389239575197,0.1477049497806801,0.20775336617984277,0.7079646017699115,900
primary,A375,ecfp4,1.0,p1f1,1,1,lowrank,10189,False,0.027132354284963318,0.03743402668366242,0.2751954120713156,0.5258948785459425,0.44095303821362747,0.12181610221091294,0.1647190161607436,0.7757575757575758,900
primary,A375,ecfp4,1.0,p1f2,1,2,lowrank,3283,False,0.04026508540941509,0.060007802857493096,0.3290025048069688,0.5813841622802216,0.534812643801618,0.14985539948083165,0.20066161917371017,0.7889447236180904,900
primary,A375,ecfp4,1.0,p1f3,1,3,lowrank,10198,False,0.03835858566650307,0.047790741260045615,0.1973636596724665,0.5028021010340634,0.40035647780635125,0.13137256188674304,0.19585348009801376,0.7375,900
primary,A375,ecfp4,1.0,p1f5,1,5,lowrank,3217,False,0.05875896252833777,0.0687580116090706,0.14542376730704853,0.3951127699719449,0.29825080442486146,0.18175144022800843,0.24240248045005183,0.6622340425531915,900
primary,A375,ecfp4,1.0,p1f4,1,4,lowrank,10432,False,0.02498387020086974,0.039787423601120565,0.3720661470483829,0.6247098358274694,0.47324948960842345,0.11897605776479087,0.1580628678750001,0.7960526315789473,900
primary,A375,ecfp4,1.0,p1f6,1,6,lowrank,10306,False,0.048350939276909366,0.062357152382903125,0.22461277609325114,0.491508766744553,0.42883804383297597,0.15984810638823344,0.21988847008633575,0.7538461538461538,900
primary,A375,ecfp4,1.0,p1f7,1,7,lowrank,5636,False,0.027467244983069072,0.039142300326909685,0.2982720802388358,0.5702538805185096,0.4911269931608969,0.12450388680005882,0.16573245000020084,0.7827476038338658,900
primary,A375,ecfp4,1.0,p1f8,1,8,lowrank,5581,False,0.04164068800430194,0.044108018027352265,0.05593835618549625,0.39359793639228347,0.37492000195885017,0.14613093568725427,0.20406050084301455,0.7587301587301587,900
primary,A375,ecfp4,1.0,p1f9,1,9,lowrank,73188,False,0.04034916563114756,0.051866225518007555,0.22205317182491646,0.485893932519891,0.3963884729075797,0.14533964354760256,0.2008710173995929,0.7581120943952803,900
primary,A375,ecfp4,1.0,p2f1,2,1,lowrank,5621,False,0.02923579872341442,0.035012109139060076,0.16498036130024263,0.46672391339656466,0.40368120619078957,0.12738078391861374,0.1709847909125675,0.7532467532467533,900
primary,A375,ecfp4,1.0,p2f0,2,0,lowrank,5631,False,0.038999961458134766,0.05683090306503586,0.31375432458808217,0.5694391355056111,0.49045367545721247,0.15245316324133992,0.19748407899913037,0.7957559681697612,900
primary,A375,ecfp4,1.0,p2f2,2,2,lowrank,3400,False,0.04178357496366597,0.04687846473079961,0.10868294847945925,0.36998096382177376,0.2741388734224775,0.14806422159456087,0.20441031031644655,0.6646341463414634,900
primary,A375,ecfp4,1.0,p2f3,2,3,lowrank,10387,False,0.05248701030412396,0.07058544680674973,0.25640464601968216,0.509995632238941,0.4870636959634107,0.16341328568075,0.22910043715393466,0.7919799498746867,900
primary,A375,ecfp4,1.0,p2f4,2,4,lowrank,9901,False,0.053853595647742905,0.06799795296405185,0.20801151652001315,0.4875242782191897,0.4628162586208954,0.16621285857752394,0.23206377495796907,0.7578692493946732,900
primary,A375,ecfp4,1.0,p2f5,2,5,lowrank,10063,False,0.02659456659259454,0.040723759971037325,0.3469520837096438,0.5988640952998854,0.5209978942360834,0.11751459823898595,0.16307840627316217,0.8205980066445183,900
primary,A375,ecfp4,1.0,p2f8,2,8,lowrank,69988,False,0.03580095704783617,0.03791394450505774,0.05573114285008507,0.3679490446452971,0.3034063005016056,0.1403517678007369,0.1892114083448357,0.6970684039087948,900
primary,A375,ecfp4,1.0,p2f6,2,6,lowrank,72868,False,0.05066988421700406,0.05463614984150479,0.0725941640471841,0.453041242443345,0.4137934162058637,0.1536351003414926,0.2250997206062328,0.7486338797814208,900
primary,A375,ecfp4,1.0,p2f7,2,7,lowrank,5641,False,0.02064721631668874,0.028255884710943938,0.2692773017759462,0.5401818390410045,0.4460688140767252,0.10534158264917319,0.1436913926325747,0.7739463601532567,900
primary,A375,ecfp4,1.0,p2f9,2,9,lowrank,3304,False,0.04151925905002948,0.05412555356196927,0.2329083710433857,0.4898945636339328,0.44649732489381677,0.14365782920326348,0.20376275187096754,0.757396449704142,900
primary,A375,ecfp4,1.0,p0f0,0,0,antisym_mlp,72064,False,0.030990241879737996,0.04720622579083599,0.34351367090749196,0.6088587841952784,0.5247514791170526,0.12463785049216027,0.17604045523611325,0.7964071856287425,900
primary,A375,ecfp4,1.0,p0f2,0,2,antisym_mlp,69568,False,0.04045957171905027,0.06240251652380649,0.3516355754080047,0.6034437869584265,0.5306717333395885,0.1492746650185121,0.20114564802413765,0.7980997624703088,900
primary,A375,ecfp4,1.0,p0f1,0,1,antisym_mlp,71808,False,0.041537497558397564,0.05498616695905571,0.2445827768040718,0.5062821261956407,0.44592591678096727,0.14591877629982522,0.2038075012319163,0.7438692098092643,900
primary,A375,ecfp4,1.0,p0f3,0,3,antisym_mlp,71168,False,0.041958516784485145,0.049716285185832335,0.1560407896999899,0.4184151051920591,0.3141785113314955,0.14489396880870967,0.20483778163338215,0.6913183279742765,900
primary,A375,ecfp4,1.0,p0f4,0,4,antisym_mlp,71296,False,0.030511265670718084,0.042738339298179884,0.2860914539087511,0.5434671546952046,0.4661266659999992,0.1264649064223602,0.17467474250937964,0.7988668555240793,900
primary,A375,ecfp4,1.0,p0f5,0,5,antisym_mlp,70144,False,0.04348549735020709,0.0627908918204923,0.3074553316661883,0.5744485656554759,0.4727422461838431,0.14892024392858982,0.2085317658060927,0.7783783783783784,900
primary,A375,ecfp4,1.0,p0f6,0,6,antisym_mlp,72384,False,0.027653844419218625,0.03249369476850163,0.14894736913619933,0.4382203869335949,0.36715074133836384,0.12089988789264246,0.1662944509573865,0.7423076923076923,900
primary,A375,ecfp4,1.0,p0f7,0,7,antisym_mlp,72000,False,0.04921583369816758,0.05378434351846589,0.08494125839297062,0.32513259752730184,0.2235896258308138,0.1538854342201792,0.22184641916913506,0.6342182890855457,900
primary,A375,ecfp4,1.0,p0f8,0,8,antisym_mlp,71104,False,0.031087450075336157,0.043628033075616246,0.2874432358329039,0.535204929538019,0.3963199625349332,0.12680748739321993,0.17631633524814472,0.7770491803278688,900
primary,A375,ecfp4,1.0,p0f9,0,9,antisym_mlp,73216,False,0.03512342284260343,0.04058104429398822,0.1344869642054355,0.4255134334690879,0.35072025191800654,0.14159743660009536,0.18741244046915198,0.7363636363636363,900
primary,A375,ecfp4,1.0,p1f0,1,0,antisym_mlp,71168,False,0.04344288836561465,0.04403335327761725,0.013409492306431847,0.2459963829314646,0.2411294334931278,0.1514440303154174,0.20842957651354246,0.6696165191740413,900
primary,A375,ecfp4,1.0,p1f2,1,2,antisym_mlp,70016,False,0.03908592244224231,0.060007802857493096,0.34865266546979234,0.5975946134025433,0.5413269728316538,0.1438937249462463,0.19770159949338373,0.7738693467336684,900
primary,A375,ecfp4,1.0,p1f1,1,1,antisym_mlp,72064,False,0.028151756506329284,0.03743402668366242,0.2479634439482905,0.5056099913929858,0.39360990157601017,0.12430584513763132,0.16778485183808842,0.7181818181818181,900
primary,A375,ecfp4,1.0,p1f3,1,3,antisym_mlp,72128,False,0.03639437715394605,0.047790741260045615,0.23846384897208617,0.4966648434610372,0.3886622740686511,0.1326576633853971,0.19077310385362514,0.75625,900
primary,A375,ecfp4,1.0,p1f4,1,4,antisym_mlp,36896,False,0.02292735411280059,0.039787423601120565,0.4237537383004898,0.6669925673114305,0.5244748532611357,0.1115322674235853,0.15141781306306265,0.8125,900
primary,A375,ecfp4,1.0,p1f5,1,5,antisym_mlp,68608,False,0.05900885499640195,0.0687580116090706,0.1417893912944762,0.3784628095025558,0.2756889000274486,0.17893671885583767,0.24291738306758112,0.6462765957446809,900
primary,A375,ecfp4,1.0,p1f6,1,6,antisym_mlp,72896,False,0.05061257718982003,0.062357152382903125,0.1883436742102288,0.4585609653268151,0.36833388683195906,0.16312532237512306,0.22497239206138167,0.7051282051282052,900
primary,A375,ecfp4,1.0,p1f7,1,7,antisym_mlp,36000,False,0.02578156181328466,0.039142300326909685,0.34133759135356023,0.593164977295642,0.505065742879518,0.1221336843962968,0.16056637821562975,0.7987220447284346,900
primary,A375,ecfp4,1.0,p1f8,1,8,antisym_mlp,71296,False,0.03995073405589497,0.044108018027352265,0.09425234135161731,0.38534301612948246,0.33866051686483567,0.14514595573685468,0.19987679719240792,0.746031746031746,900
primary,A375,ecfp4,1.0,p1f9,1,9,antisym_mlp,73088,False,0.038694006237838266,0.051866225518007555,0.2539652567468207,0.5217168402772808,0.42809290711058495,0.1381322498305308,0.1967079211364867,0.7345132743362832,900
primary,A375,ecfp4,1.0,p2f0,2,0,antisym_mlp,71936,False,0.038434051764497566,0.05683090306503586,0.32371210570920195,0.5698994512776608,0.48917016769979554,0.14938114569438932,0.19604604501110848,0.8010610079575596,900
primary,A375,ecfp4,1.0,p2f1,2,1,antisym_mlp,71808,False,0.029207102043552195,0.035012109139060076,0.16579998287026132,0.4538363377191964,0.4030230819215003,0.12563515735589048,0.1709008544260449,0.762987012987013,900
primary,A375,ecfp4,1.0,p2f2,2,2,antisym_mlp,36256,False,0.03779900081392594,0.04687846473079961,0.19368091444574065,0.4432122991402564,0.3657426243736103,0.14027783171562846,0.1944196513059468,0.7195121951219512,900
primary,A375,ecfp4,1.0,p2f3,2,3,antisym_mlp,73472,False,0.05209843641070358,0.07058544680674973,0.2619096603108607,0.5204219523544455,0.4877570301527121,0.16432192506293336,0.22825081908002778,0.7944862155388471,900
primary,A375,ecfp4,1.0,p2f4,2,4,antisym_mlp,70016,False,0.056202605439979555,0.06799795296405185,0.17346621493603032,0.433224481760621,0.36853764016992613,0.17032704617644584,0.23707088695151826,0.6779661016949152,900
primary,A375,ecfp4,1.0,p0f0,0,0,pair_only,2254,False,0.04160134412293751,0.04720622579083599,0.11873183195650727,0.4406754244537917,0.45061803780004667,0.13402770281456938,0.2039640755695412,0.781437125748503,900
primary,A375,ecfp4,1.0,p2f5,2,5,antisym_mlp,71168,False,0.026436992912584358,0.040723759971037325,0.35082141404953016,0.5991062568112898,0.5241317088045787,0.1145840041999488,0.16259456606105985,0.8039867109634552,900
primary,A375,ecfp4,1.0,p2f6,2,6,antisym_mlp,72768,False,0.040056557150612404,0.05463614984150479,0.2668488305487603,0.5301847281546876,0.4206279925448468,0.14155888775506667,0.20014134293196997,0.726775956284153,900
primary,A375,ecfp4,1.0,p2f7,2,7,antisym_mlp,72064,False,0.01928194535961709,0.028255884710943938,0.31759541218155884,0.5661343925872513,0.47725691842417917,0.10062456597495639,0.13885944461799166,0.8045977011494253,900
primary,A375,ecfp4,1.0,p0f1,0,1,pair_only,2246,False,0.04624194219373982,0.05498616695905571,0.15902590140220352,0.4150639550742631,0.38572954647050756,0.15402937833045277,0.21503939684099707,0.7125340599455041,900
primary,A375,ecfp4,1.0,p2f8,2,8,antisym_mlp,69888,False,0.03673222917398944,0.03791394450505774,0.031168356299900557,0.39794508885797486,0.3399050451502615,0.14107807407401166,0.19165653960663445,0.749185667752443,900
primary,A375,ecfp4,1.0,p2f9,2,9,antisym_mlp,70464,False,0.04423319033028997,0.05412555356196927,0.18276696644503354,0.4442832882702328,0.3672334081070882,0.1443700149788605,0.21031688075447003,0.6893491124260355,900
primary,A375,ecfp4,1.0,p0f2,0,2,pair_only,4360,False,0.04173045848084677,0.06240251652380649,0.33126962171587027,0.5871626719419054,0.5162133286584304,0.15337138233010267,0.20428034286452226,0.8028503562945368,900
primary,A375,ecfp4,1.0,p0f3,0,3,pair_only,4460,False,0.04178359934003456,0.049716285185832335,0.15955910253846473,0.40254311127760345,0.35260300321358423,0.14300630327999214,0.20441036994251188,0.7234726688102894,900
primary,A375,ecfp4,1.0,p0f4,0,4,pair_only,4468,False,0.03466864339951378,0.042738339298179884,0.1888163188177452,0.4395238587539084,0.3946612279768247,0.13014644889145238,0.18619517555380907,0.7393767705382436,900
primary,A375,ecfp4,1.0,p0f6,0,6,pair_only,4536,False,0.028483028174873446,0.03249369476850163,0.12342907207696174,0.358319320613807,0.30192076780341703,0.11731563678073911,0.16876915646786128,0.7230769230769231,900
primary,A375,ecfp4,1.0,p0f5,0,5,pair_only,2194,False,0.042671321748699316,0.0627908918204923,0.32042179189477293,0.5988887045065836,0.4624358890235156,0.14620877647344294,0.20657037964988909,0.7432432432432432,900
primary,A375,ecfp4,1.0,p0f7,0,7,pair_only,4512,False,0.044788956300161,0.05378434351846589,0.1672491775458128,0.4427169869805486,0.31846854131918684,0.15031869095159053,0.21163401498851975,0.7138643067846607,900
primary,A375,ecfp4,1.0,p0f8,0,8,pair_only,4456,False,0.03556627605801197,0.043628033075616246,0.18478387516649242,0.4339071895231905,0.3376898489998136,0.13535606688097399,0.18859023319889068,0.760655737704918,900
primary,A375,ecfp4,1.0,p0f9,0,9,pair_only,4588,False,0.03443618785387556,0.04058104429398822,0.15142184108413825,0.4308480906798924,0.3536438604656714,0.1387052604989268,0.18556990018285713,0.7303030303030303,900
primary,A375,ecfp4,1.0,p1f0,1,0,pair_only,2226,False,0.037756967186277565,0.04403335327761725,0.14253709118560498,0.4138076194314072,0.3625566871671126,0.14171105437467896,0.1943115209818439,0.7153392330383481,900
primary,A375,ecfp4,1.0,p1f1,1,1,pair_only,2254,False,0.032335377159335064,0.03743402668366242,0.13620360874916493,0.3948911366334475,0.27790995626743575,0.12882566761838263,0.17982040251132536,0.6454545454545455,900
primary,A375,ecfp4,1.0,p1f2,1,2,pair_only,4388,False,0.04102415527352729,0.060007802857493096,0.31635298544504775,0.5726049593846774,0.5021005869554572,0.14633575897785395,0.20254420572686668,0.7336683417085427,900
primary,A375,ecfp4,1.0,p1f3,1,3,pair_only,2256,False,0.03969965206492988,0.047790741260045615,0.16930244189118926,0.4777994847478312,0.38182700637078976,0.1318184306407317,0.19924771533176958,0.746875,900
primary,A375,ecfp4,1.0,p1f4,1,4,pair_only,4624,False,0.025634713394050573,0.039787423601120565,0.3557081340313626,0.6050942902081866,0.48880289152620354,0.11443940953826734,0.1601084426070361,0.819078947368421,900
primary,A375,ecfp4,1.0,p1f5,1,5,pair_only,2146,False,0.05955103795533938,0.0687580116090706,0.13390401261278806,0.3668641866355101,0.345972542352933,0.16964408102485648,0.2440308135366093,0.7101063829787234,900
primary,A375,ecfp4,1.0,p1f6,1,6,pair_only,4568,False,0.05216243214072121,0.062357152382903125,0.16348918853095462,0.42157228452115514,0.3782271171528196,0.1644584378145225,0.22839096335170797,0.7410256410256411,900
primary,A375,ecfp4,1.0,p1f7,1,7,pair_only,4512,False,0.030593702323037316,0.039142300326909685,0.2183979462748986,0.5000241892764101,0.44880277629972387,0.13016261363732157,0.1749105552076184,0.7571884984025559,900
primary,A375,ecfp4,1.0,p1f8,1,8,pair_only,4468,False,0.04121873791838723,0.044108018027352265,0.06550464605263673,0.3067454324668778,0.3477369066710782,0.14124509651900546,0.2030239836038768,0.7492063492063492,900
primary,A375,ecfp4,1.0,p1f9,1,9,pair_only,4580,False,0.03822305582949574,0.051866225518007555,0.26304535470341894,0.5550817928266097,0.4399101233458313,0.1374872801955052,0.19550717590281882,0.7699115044247787,900
primary,A375,ecfp4,1.0,p2f0,2,0,pair_only,4508,False,0.03775580762795201,0.05683090306503586,0.3356465304669677,0.5841151448638378,0.4980492733118601,0.14962892936633107,0.1943085371978082,0.8010610079575596,900
primary,A375,ecfp4,1.0,p2f1,2,1,pair_only,4500,False,0.03129307859868885,0.035012109139060076,0.10622126549417765,0.4114698136110574,0.3486337899529033,0.1302313025240167,0.17689849801139876,0.7159090909090909,900
primary,A375,ecfp4,1.0,p2f2,2,2,pair_only,4544,False,0.04097903946420478,0.04687846473079961,0.12584510393999415,0.36924493371694656,0.2826328756784473,0.14379290961853414,0.20243280234241876,0.6859756097560976,900
primary,A375,ecfp4,1.0,p2f5,2,5,pair_only,4460,False,0.02582548756781142,0.040723759971037325,0.3658373493464634,0.6124331323275605,0.5463047567548438,0.11733388026300787,0.16070310379022373,0.8205980066445183,900
primary,A375,ecfp4,1.0,p2f3,2,3,pair_only,2298,False,0.0558237326402637,0.07058544680674973,0.2091325455075882,0.46472033146073155,0.4343061987319326,0.17525644065028897,0.2362704650189348,0.7794486215538847,900
primary,PANC1,ecfp4,1.0,p0f0,0,0,zero,0,False,0.02475102825608407,0.02475102825608407,0.0,,,0.10717258571333334,0.15732459520394154,,900
primary,A375,ecfp4,1.0,p2f4,2,4,pair_only,2190,False,0.061701545291203454,0.06799795296405185,0.09259701797460129,0.3372669122025176,0.2977617009403716,0.17584725890541425,0.2483979575020766,0.6779661016949152,900
primary,PANC1,ecfp4,1.0,p0f1,0,1,zero,0,False,0.029085872123542585,0.029085872123542585,0.0,,,0.11768620779,0.17054580652582046,,900
primary,PANC1,ecfp4,1.0,p0f3,0,3,zero,0,False,0.03431265894358678,0.03431265894358678,0.0,,,0.12617947214444444,0.18523676455711155,,900
primary,PANC1,ecfp4,1.0,p0f2,0,2,zero,0,False,0.030094389082679626,0.030094389082679626,0.0,,,0.11534724906777778,0.17347734458043687,,900
primary,PANC1,ecfp4,1.0,p0f4,0,4,zero,0,False,0.0305336392038994,0.0305336392038994,0.0,,,0.11970558801333334,0.17473877418563802,,900
primary,PANC1,ecfp4,1.0,p0f5,0,5,zero,0,False,0.020459058036238174,0.020459058036238174,0.0,,,0.09716873035000001,0.1430351636355137,,900
primary,PANC1,ecfp4,1.0,p0f6,0,6,zero,0,False,0.02117219936406537,0.02117219936406537,0.0,,,0.09735119630777778,0.14550669869138455,,900
primary,PANC1,ecfp4,1.0,p0f7,0,7,zero,0,False,0.026437030479925832,0.026437030479925832,0.0,,,0.10898388941333334,0.16259468158560977,,900
primary,PANC1,ecfp4,1.0,p0f8,0,8,zero,0,False,0.018701166458354103,0.018701166458354103,0.0,,,0.09375286591666666,0.13675220823940687,,900
primary,PANC1,ecfp4,1.0,p0f9,0,9,zero,0,False,0.02526178318111573,0.02526178318111573,0.0,,,0.10704528021888889,0.15893955826387504,,900
primary,PANC1,ecfp4,1.0,p1f0,1,0,zero,0,False,0.027432718801517552,0.027432718801517552,0.0,,,0.11537293294888888,0.16562825484052396,,900
primary,PANC1,ecfp4,1.0,p1f1,1,1,zero,0,False,0.02091851899099449,0.02091851899099449,0.0,,,0.10237401383555556,0.14463235803579533,,900
primary,PANC1,ecfp4,1.0,p1f2,1,2,zero,0,False,0.03040743175718888,0.03040743175718888,0.0,,,0.11511873539444445,0.17437726846463927,,900
primary,PANC1,ecfp4,1.0,p1f3,1,3,zero,0,False,0.030656623999705274,0.030656623999705274,0.0,,,0.11543463604666666,0.17509033097148818,,900
primary,PANC1,ecfp4,1.0,p1f4,1,4,zero,0,False,0.02731628596918432,0.02731628596918432,0.0,,,0.10619409546444444,0.16527639265540714,,900
primary,PANC1,ecfp4,1.0,p1f5,1,5,zero,0,False,0.026007291032509944,0.026007291032509944,0.0,,,0.10972214075333334,0.1612677619132539,,900
primary,PANC1,ecfp4,1.0,p1f6,1,6,zero,0,False,0.030523517667894462,0.030523517667894462,0.0,,,0.11879387329444442,0.17470980987882295,,900
primary,PANC1,ecfp4,1.0,p1f7,1,7,zero,0,False,0.0218350519290979,0.0218350519290979,0.0,,,0.09734012633777778,0.147766883736167,,900
primary,PANC1,ecfp4,1.0,p1f8,1,8,zero,0,False,0.024437584977479818,0.024437584977479818,0.0,,,0.10510389369555555,0.15632525380590245,,900
primary,PANC1,ecfp4,1.0,p1f9,1,9,zero,0,False,0.025946232722537765,0.025946232722537765,0.0,,,0.10957264972888889,0.16107834343119426,,900
primary,PANC1,ecfp4,1.0,p2f0,2,0,zero,0,False,0.031469806069913,0.031469806069913,0.0,,,0.12080461349222223,0.17739731133789205,,900
primary,PANC1,ecfp4,1.0,p2f1,2,1,zero,0,False,0.03275095623418235,0.03275095623418235,0.0,,,0.12103093402444444,0.18097225266372288,,900
primary,PANC1,ecfp4,1.0,p2f2,2,2,zero,0,False,0.018623265551765307,0.018623265551765307,0.0,,,0.09378980793555555,0.13646708596495094,,900
primary,PANC1,ecfp4,1.0,p2f3,2,3,zero,0,False,0.02905869590609975,0.02905869590609975,0.0,,,0.11870190916666666,0.17046611365928346,,900
primary,PANC1,ecfp4,1.0,p2f4,2,4,zero,0,False,0.030239084856213513,0.030239084856213513,0.0,,,0.12058130097888889,0.1738938896459951,,900
primary,PANC1,ecfp4,1.0,p2f5,2,5,zero,0,False,0.019139752527324742,0.019139752527324742,0.0,,,0.09076882835111112,0.13834649445260527,,900
primary,PANC1,ecfp4,1.0,p2f6,2,6,zero,0,False,0.026697292053530695,0.026697292053530695,0.0,,,0.10822703364111111,0.16339305999194303,,900
primary,PANC1,ecfp4,1.0,p2f7,2,7,zero,0,False,0.017048997629035716,0.017048997629035716,0.0,,,0.0892951367011111,0.13057181023879433,,900
primary,PANC1,ecfp4,1.0,p2f8,2,8,zero,0,False,0.025836959093666394,0.025836959093666394,0.0,,,0.11289194376888888,0.16073879150244472,,900
primary,PANC1,ecfp4,1.0,p2f9,2,9,zero,0,False,0.031722466875517746,0.031722466875517746,0.0,,,0.11695995334222223,0.1781080202447878,,900
primary,A375,ecfp4,1.0,p2f6,2,6,pair_only,2276,False,0.04469394042017459,0.05463614984150479,0.1819712671952869,0.4767172533848528,0.3752259447233886,0.14767735366373122,0.21140941421841788,0.6857923497267759,900
primary,A375,ecfp4,1.0,p2f7,2,7,pair_only,2254,False,0.022684158815922454,0.028255884710943938,0.19718815928150601,0.501017983523333,0.4228421516569774,0.10876532431347881,0.15061261174258433,0.7701149425287356,900
primary,A375,ecfp4,1.0,p2f8,2,8,pair_only,4380,False,0.03936243590110902,0.03791394450505774,-0.038204713726319284,0.29629727726412164,0.2623263485510476,0.14234649482745484,0.19839968725053228,0.7003257328990228,900
primary,A375,ecfp4,1.0,p2f9,2,9,pair_only,2204,False,0.04362126964993881,0.05412555356196927,0.19407254468083968,0.44888578210195973,0.3835227009797426,0.1446924344096085,0.20885705554263378,0.7174556213017751,900
primary,PANC1,ecfp4,1.0,p0f0,0,0,potential,1125,False,0.01985776965244144,0.02475102825608407,0.1976992047770708,0.44620981961984235,0.3974997360901484,0.10358132641901671,0.14091759880313545,0.7213114754098361,900
primary,PANC1,ecfp4,1.0,p0f1,0,1,potential,35936,False,0.02483584695057764,0.029085872123542585,0.14611991536347657,0.3856929432774924,0.3823995667484364,0.11492975290987986,0.15759393056389462,0.7242268041237113,900
primary,PANC1,ecfp4,1.0,p0f2,0,2,potential,1086,False,0.024650008106783056,0.030094389082679626,0.18091016770398582,0.46746577511999043,0.39456186322271947,0.11152932393772874,0.15700321049833044,0.7092391304347826,900
primary,PANC1,ecfp4,1.0,p0f3,0,3,potential,1111,False,0.02644974854442901,0.03431265894358678,0.22915479712852127,0.5026263499577946,0.48810914581376025,0.1166348872005752,0.16263378660176678,0.7686567164179104,900
primary,PANC1,ecfp4,1.0,p0f5,0,5,potential,1095,False,0.020812139841365446,0.020459058036238174,-0.017257969770742898,0.3318041446610288,0.3083697798803867,0.11070608539534825,0.14426413220674586,0.665625,900
primary,PANC1,ecfp4,1.0,p0f4,0,4,potential,35680,False,0.026802532167056678,0.0305336392038994,0.1221966046014662,0.37249626388238055,0.34555660768305474,0.12118374767926787,0.16371478909083528,0.6814621409921671,900
primary,PANC1,ecfp4,1.0,p0f6,0,6,potential,1130,False,0.018094727674605016,0.02117219936406537,0.14535436949850422,0.3841344933536319,0.37353672453093567,0.09761213650050138,0.1345166446006033,0.7368421052631579,900
primary,PANC1,ecfp4,1.0,p0f7,0,7,potential,1124,False,0.02049077123185637,0.026437030479925832,0.22492160201519518,0.48018101607372404,0.4221947269893749,0.10429998583653248,0.14314597874846632,0.7534246575342466,900
primary,PANC1,ecfp4,1.0,p0f8,0,8,potential,1110,False,0.018651864313545888,0.018701166458354103,0.0026363138854470503,0.304882327417249,0.2939290871552516,0.10342872605352013,0.13657182840375934,0.6918604651162791,900
primary,PANC1,ecfp4,1.0,p1f0,1,0,potential,1111,False,0.024213195138769513,0.027432718801517552,0.11736072118998053,0.34290609477832623,0.29781597261231185,0.11881171298997412,0.15560589686374202,0.654639175257732,900
primary,PANC1,ecfp4,1.0,p0f9,0,9,potential,36640,False,0.018668186661396528,0.02526178318111573,0.26101073199963964,0.5120660949640716,0.46977119724839167,0.10266813737833365,0.13663157271068985,0.7723577235772358,900
primary,PANC1,ecfp4,1.0,p1f1,1,1,potential,36064,False,0.021008511628276137,0.02091851899099449,-0.004302055863533605,0.23871700913317923,0.2559677892606452,0.11008995185038672,0.14494313239431572,0.6522911051212938,900
primary,PANC1,ecfp4,1.0,p1f2,1,2,potential,1093,False,0.02663289134588753,0.03040743175718888,0.12413216747280797,0.3538510325688828,0.33821949574423343,0.11576193118478566,0.16319586804171093,0.6910569105691057,900
primary,PANC1,ecfp4,1.0,p1f3,1,3,potential,36096,False,0.023096411988073957,0.030656623999705274,0.24660941177684792,0.538191751289245,0.5065070615313517,0.10750770474630024,0.15197503738467696,0.8105849582172702,900
primary,PANC1,ecfp4,1.0,p1f4,1,4,potential,36928,False,0.023376171232695697,0.02731628596918432,0.1442404996394272,0.4173801328763811,0.40880178864418354,0.10921167455672001,0.15289267880672278,0.7235294117647059,900
primary,PANC1,ecfp4,1.0,p1f5,1,5,potential,1071,False,0.023054031765410272,0.026007291032509944,0.11355505128957888,0.3345172898241456,0.29686545292031224,0.11247390033099572,0.15183554183856385,0.6863270777479893,900
primary,PANC1,ecfp4,1.0,p1f6,1,6,potential,1138,False,0.022717637884163432,0.030523517667894462,0.2557332961640094,0.5004470299503764,0.47000746091456086,0.11031556415318954,0.15072371374194385,0.7872340425531915,900
primary,PANC1,ecfp4,1.0,p1f7,1,7,potential,36032,False,0.018308884949159675,0.0218350519290979,0.16149111948019568,0.4054806460005111,0.40123024020194265,0.09477524304799323,0.1353103283166502,0.7573770491803279,900
primary,PANC1,ecfp4,1.0,p1f8,1,8,potential,1113,False,0.021334514287662434,0.024437584977479818,0.12697943322455896,0.3840875570484233,0.34777417420679946,0.10947360615346508,0.14606339133288135,0.7097701149425287,900
primary,PANC1,ecfp4,1.0,p2f1,2,1,potential,35936,False,0.030857580278801866,0.03275095623418235,0.057811318296848935,0.37852596315021525,0.3398387734635063,0.11833989154343713,0.17566325819249132,0.688,900
primary,PANC1,ecfp4,1.0,p1f9,1,9,potential,36576,False,0.021793015815459574,0.025946232722537765,0.16007013239615975,0.40021722656073677,0.34084702162183744,0.10957191105920673,0.14762457727444836,0.6819407008086253,900
primary,PANC1,ecfp4,1.0,p2f0,2,0,potential,36000,False,0.024824528048165595,0.031469806069913,0.21116361527568117,0.47155135828391137,0.4199713826807194,0.1169214816689712,0.1575580148648922,0.700507614213198,900
primary,PANC1,ecfp4,1.0,p2f3,2,3,potential,36768,False,0.023861119074741567,0.02905869590609975,0.17886476558182884,0.41595877657977476,0.37949959609003636,0.11726980913051682,0.15447044725364645,0.733502538071066,900
primary,PANC1,ecfp4,1.0,p2f2,2,2,potential,1132,False,0.018896631025971312,0.018623265551765307,-0.014678707847781025,0.1521655343063208,0.14588562866538518,0.09955784519086847,0.1374650174625214,0.5709969788519638,900
primary,PANC1,ecfp4,1.0,p2f5,2,5,potential,1111,False,0.01622672558443499,0.019139752527324742,0.1521977328981129,0.4047537645443017,0.3360230815099772,0.09498818309521131,0.12738416535988684,0.782608695652174,900
primary,PANC1,ecfp4,1.0,p2f4,2,4,potential,35040,False,0.024261801997402483,0.030239084856213513,0.19766745214787218,0.4447999038090879,0.44438326467069716,0.11692537254911195,0.1557620043444565,0.7220843672456576,900
primary,PANC1,ecfp4,1.0,p2f6,2,6,potential,1136,False,0.02470973065099973,0.026697292053530695,0.07444805257947917,0.4025451089335546,0.3586948423226914,0.10513899870250101,0.15719329073150587,0.6846846846846847,900
primary,PANC1,ecfp4,1.0,p2f7,2,7,potential,1125,False,0.01582346051965535,0.017048997629035716,0.07188323536940278,0.346367094575945,0.3397736046587712,0.09347747682609318,0.1257913372202369,0.7134328358208956,900
primary,PANC1,ecfp4,1.0,p2f9,2,9,potential,35264,False,0.028064427787669363,0.031722466875517746,0.11531382796309342,0.34221205060415993,0.28844136021567107,0.12373246098150212,0.16752440952789346,0.6454293628808865,900
primary,PANC1,ecfp4,1.0,p2f8,2,8,potential,34976,False,0.019180169189062114,0.025836959093666394,0.25764602871690534,0.5374810339622862,0.4943732029298803,0.10351755691490101,0.1384924878434282,0.7634961439588689,900
primary,PANC1,ecfp4,1.0,p0f0,0,0,lowrank,10189,False,0.019855731340629294,0.02475102825608407,0.1977815573884878,0.4462873783988588,0.39657644021782745,0.10357756663971407,0.1409103663348772,0.7158469945355191,900
primary,PANC1,ecfp4,1.0,p0f1,0,1,lowrank,3367,False,0.02359351058187869,0.029085872123542585,0.18883262356153618,0.43617422476057244,0.4362573451736772,0.11178976723056691,0.15360179224826345,0.7628865979381443,900
primary,PANC1,ecfp4,1.0,p0f2,0,2,lowrank,9838,False,0.02167676705984906,0.030094389082679626,0.27970735673365776,0.5623804320679557,0.4679734356378771,0.1053885931093938,0.1472303197709258,0.7581521739130435,900
primary,PANC1,ecfp4,1.0,p0f3,0,3,lowrank,10063,False,0.02791748868115992,0.03431265894358678,0.18637932644453814,0.43645394268518817,0.3953527514643022,0.11994140389548755,0.16708527368131496,0.7238805970149254,900
primary,PANC1,ecfp4,1.0,p0f4,0,4,lowrank,10081,False,0.02460723778553116,0.0305336392038994,0.19409417196530532,0.45935278224222964,0.38783142530628645,0.11494588536925635,0.15686694293423062,0.720626631853786,900
primary,PANC1,ecfp4,1.0,p0f5,0,5,lowrank,5491,False,0.02068836940077444,0.020459058036238174,-0.011208305100366633,0.3640976437008811,0.3358281512281703,0.10899419469115969,0.14383452089388848,0.678125,900
primary,PANC1,ecfp4,1.0,p0f6,0,6,lowrank,72484,False,0.018002483576874187,0.02117219936406537,0.14971121954250066,0.38887732270620773,0.3760631967858397,0.09704245473861062,0.13417333407527066,0.7275541795665634,900
primary,PANC1,ecfp4,1.0,p0f7,0,7,lowrank,10180,False,0.015844206698747698,0.026437030479925832,0.40068130152595915,0.6445534882015024,0.5208538446755284,0.09169844182857395,0.12587377287881577,0.7835616438356164,900
primary,PANC1,ecfp4,1.0,p0f8,0,8,lowrank,5566,False,0.01853908075237488,0.018701166458354103,0.008667144177352482,0.3255469185797838,0.28556731551520437,0.10277206234924835,0.13615829299890214,0.686046511627907,900
primary,PANC1,ecfp4,1.0,p0f9,0,9,lowrank,10351,False,0.0170091551403967,0.02526178318111573,0.32668430338236076,0.5750353778825295,0.4976339147743804,0.09834094847438904,0.13041915173929286,0.8075880758807588,900
primary,PANC1,ecfp4,1.0,p1f1,1,1,lowrank,5641,False,0.019967741347003864,0.02091851899099449,0.04545147982990283,0.2897616003011799,0.3058039989349781,0.10723373486546606,0.14130725864938384,0.7142857142857143,900
primary,PANC1,ecfp4,1.0,p1f0,1,0,lowrank,10063,False,0.020801132215610463,0.027432718801517552,0.24174004165931362,0.4978277811438331,0.3790741799269711,0.1091509209957082,0.14422597621652788,0.7010309278350515,900
primary,PANC1,ecfp4,1.0,p1f2,1,2,lowrank,9901,False,0.024849309316955906,0.03040743175718888,0.18278828954105708,0.4315519563484639,0.370998844854541,0.11319676276698482,0.15763663697553276,0.7208672086720868,900
primary,PANC1,ecfp4,1.0,p1f7,1,7,lowrank,5636,False,0.017067680632408974,0.0218350519290979,0.21833569767406025,0.46751193451155804,0.4511547133597285,0.09310046114809747,0.13064333366999242,0.7934426229508197,900
primary,PANC1,ecfp4,1.0,p1f4,1,4,lowrank,10432,False,0.022627301532291103,0.02731628596918432,0.1716552697604239,0.44457914445250846,0.4412614501170167,0.10426910286961934,0.15042373992256375,0.7529411764705882,900
primary,PANC1,ecfp4,1.0,p1f3,1,3,lowrank,5646,False,0.022904798288929485,0.030656623999705274,0.2528597314189036,0.5496347800995312,0.5017011317367928,0.1063282487588789,0.1513433126666966,0.8161559888579387,900
primary,PANC1,ecfp4,1.0,p1f5,1,5,lowrank,3217,False,0.024113352041415657,0.026007291032509944,0.07282338590077697,0.29523701930622814,0.25897176004744044,0.11567765751905505,0.15528474503767475,0.6541554959785523,900
primary,PANC1,ecfp4,1.0,p1f6,1,6,lowrank,10306,False,0.020370252068751253,0.030523517667894462,0.33263746693988394,0.5893689105294875,0.5216103888194101,0.10119473634077301,0.14272439198942574,0.800531914893617,900
primary,PANC1,ecfp4,1.0,p1f8,1,8,lowrank,3343,False,0.020172400969947057,0.024437584977479818,0.17453377702679262,0.44152016772938296,0.3457339576962441,0.10535332514160839,0.14202957779965078,0.7011494252873564,900
primary,PANC1,ecfp4,1.0,p1f9,1,9,lowrank,10333,False,0.018303267278108683,0.025946232722537765,0.2945693706736141,0.5445948957738187,0.40915052981546896,0.09906687775791205,0.13528956825309438,0.7035040431266847,900
primary,PANC1,ecfp4,1.0,p2f3,2,3,lowrank,73572,False,0.023872197008434393,0.02905869590609975,0.17848353946870177,0.415522107355052,0.37935793336370377,0.11729546350272418,0.1545063008696875,0.733502538071066,900
primary,PANC1,ecfp4,1.0,p2f1,2,1,lowrank,71908,False,0.03085752854161788,0.03275095623418235,0.05781289801206746,0.37852431426370114,0.3398605512681703,0.11833982473933702,0.17566311093003528,0.688,900
primary,PANC1,ecfp4,1.0,p2f2,2,2,lowrank,10252,False,0.019191187952760334,0.018623265551765307,-0.030495317774233976,0.1581594247392885,0.15776829354110317,0.10077460796494926,0.138532263219657,0.5800604229607251,900
primary,PANC1,ecfp4,1.0,p2f0,2,0,lowrank,3373,False,0.019603176097741985,0.031469806069913,0.3770798569844451,0.6207955225759691,0.5194374643260877,0.10462195053976213,0.14001134274672886,0.7842639593908629,900
primary,PANC1,ecfp4,1.0,p2f4,2,4,lowrank,9901,False,0.022087918812291083,0.030239084856213513,0.26955729919344873,0.5199267399369658,0.4823252538994905,0.11070747073822673,0.14862004848704324,0.7741935483870968,900
primary,PANC1,ecfp4,1.0,p2f5,2,5,lowrank,10063,False,0.015117729742558329,0.019139752527324742,0.21013974862132612,0.46173655328657065,0.37271227906865734,0.09126203992481674,0.12295417740995354,0.7859531772575251,900
primary,PANC1,ecfp4,1.0,p2f6,2,6,lowrank,10288,False,0.022285975134083865,0.026697292053530695,0.16523462044771076,0.40728910578294303,0.356207781326479,0.10333907723058297,0.1492848791207062,0.7087087087087087,900
primary,PANC1,ecfp4,1.0,p2f8,2,8,lowrank,3277,False,0.018416690811979806,0.025836959093666394,0.28719588302888066,0.5678664614957974,0.4837313132485349,0.09997633425807206,0.13570810886597678,0.7480719794344473,900
primary,PANC1,ecfp4,1.0,p2f7,2,7,lowrank,10189,False,0.017055899107685964,0.017048997629035716,-0.0004048026048459885,0.3298536141959336,0.3137880252527061,0.0982607328690666,0.13059823546926644,0.6746268656716418,900
primary,PANC1,ecfp4,1.0,p2f9,2,9,lowrank,9964,False,0.027257649626628078,0.031722466875517746,0.1407462183319499,0.38110504170286014,0.2747756149493189,0.11973759341853751,0.16509890861731363,0.6038781163434903,900
primary,PANC1,ecfp4,1.0,p0f0,0,0,antisym_mlp,36032,False,0.01922250584891522,0.02475102825608407,0.22336536284345598,0.4724608988129412,0.4165466541728241,0.10345734123703826,0.13864525180804144,0.7240437158469946,900
primary,PANC1,ecfp4,1.0,p0f1,0,1,antisym_mlp,71808,False,0.024643168926498933,0.029085872123542585,0.15274436943727243,0.3931254091740774,0.40130294811063555,0.11405957486085797,0.15698142860382858,0.7422680412371134,900
primary,PANC1,ecfp4,1.0,p0f2,0,2,antisym_mlp,69568,False,0.021541575661196882,0.030094389082679626,0.2841996027227942,0.567041929341359,0.47626984920668564,0.1057317171623849,0.14677048634244175,0.7418478260869565,900
primary,PANC1,ecfp4,1.0,p0f3,0,3,antisym_mlp,35584,False,0.025419892717819914,0.03431265894358678,0.25916867125883203,0.5159129006711747,0.47263050942038204,0.11511788732658201,0.15943617129691717,0.7562189054726368,900
primary,PANC1,ecfp4,1.0,p0f4,0,4,antisym_mlp,71296,False,0.024661250686638683,0.0305336392038994,0.1923252082087471,0.4590285557159639,0.410070218193685,0.11641692225409107,0.1570390100791478,0.7310704960835509,900
primary,PANC1,ecfp4,1.0,p0f5,0,5,antisym_mlp,70144,False,0.01881379921369523,0.020459058036238174,0.08041713453418886,0.39701902226954006,0.3667656873650461,0.1038534546865325,0.1371634033322855,0.684375,900
primary,PANC1,ecfp4,1.0,p0f6,0,6,antisym_mlp,72384,False,0.018430283518109887,0.02117219936406537,0.1295054802199348,0.3978666712492668,0.3632060944931208,0.1006309552195037,0.1357581802990519,0.7089783281733746,900
primary,PANC1,ecfp4,1.0,p0f7,0,7,antisym_mlp,72000,False,0.017567916049238172,0.026437030479925832,0.3354807355320091,0.6202781342685048,0.5408809146677959,0.09425772943634207,0.1325440155164999,0.7945205479452054,900
primary,PANC1,ecfp4,1.0,p0f8,0,8,antisym_mlp,71104,False,0.018766611589203414,0.018701166458354103,-0.0034995213263864233,0.29931921660160477,0.2793459415793517,0.10359728816213945,0.13699128289494705,0.686046511627907,900
primary,PANC1,ecfp4,1.0,p0f9,0,9,antisym_mlp,73216,False,0.016260975374723607,0.02526178318111573,0.35630136407475044,0.5992447273310572,0.5096684810721988,0.0955416174434159,0.12751852953482332,0.7913279132791328,900
primary,PANC1,ecfp4,1.0,p1f2,1,2,antisym_mlp,70016,False,0.02635811337591716,0.03040743175718888,0.13316870736096886,0.3662075162080079,0.34207574741861824,0.11407194714937219,0.16235181974932453,0.6829268292682927,900
primary,PANC1,ecfp4,1.0,p1f0,1,0,antisym_mlp,71168,False,0.021605449072924377,0.027432718801517552,0.21242042288097296,0.4596587839779756,0.35888190808466014,0.1121220604028094,0.14698792152052623,0.6881443298969072,900
primary,PANC1,ecfp4,1.0,p1f1,1,1,antisym_mlp,72064,False,0.02093296960827153,0.02091851899099449,-0.0006908049887883738,0.27557606337126317,0.3018900517161132,0.11042344047779021,0.144682305788481,0.7088948787061995,900
primary,PANC1,ecfp4,1.0,p1f3,1,3,antisym_mlp,72128,False,0.023005735665130003,0.030656623999705274,0.2495672170115283,0.5398294264642649,0.502747435490661,0.1072102072462945,0.1516764176301972,0.8189415041782729,900
primary,PANC1,ecfp4,1.0,p1f4,1,4,antisym_mlp,36896,False,0.021797017937086823,0.02731628596918432,0.20205045584615045,0.4734617914248159,0.43868500249177267,0.10336337609752469,0.1476381317176793,0.7529411764705882,900
primary,PANC1,ecfp4,1.0,p1f6,1,6,antisym_mlp,36448,False,0.02311892340733517,0.030523517667894462,0.24258653085544146,0.49311494202039197,0.4580857671840748,0.11057152641461038,0.15204908223115052,0.7686170212765957,900
primary,PANC1,ecfp4,1.0,p1f5,1,5,antisym_mlp,68608,False,0.022439670831207025,0.026007291032509944,0.13717769362611743,0.36605338795426984,0.3245131907570256,0.11159059969542982,0.14979876778934806,0.707774798927614,900
primary,PANC1,ecfp4,1.0,p1f7,1,7,antisym_mlp,72000,False,0.017934660581926713,0.0218350519290979,0.17862981777356957,0.4268596485982876,0.40867354157227354,0.09629409633073303,0.1339203516345694,0.7475409836065574,900
primary,PANC1,ecfp4,1.0,p1f8,1,8,antisym_mlp,71296,False,0.019737494603124253,0.024437584977479818,0.19233039511420136,0.4597646692558432,0.38454091918632,0.103406790599619,0.14049019397496842,0.7011494252873564,900
primary,PANC1,ecfp4,1.0,p1f9,1,9,antisym_mlp,73088,False,0.022469877660765858,0.025946232722537765,0.13398303711167403,0.3635138319646213,0.3049103188193237,0.11059745796952566,0.1498995585742862,0.6657681940700808,900
primary,PANC1,ecfp4,1.0,p2f0,2,0,antisym_mlp,71936,False,0.020686669423473743,0.031469806069913,0.3426502413927671,0.6214138693426492,0.5085124302622597,0.10586838134376292,0.1438286112825739,0.766497461928934,900
primary,PANC1,ecfp4,1.0,p2f1,2,1,antisym_mlp,35904,False,0.0303554830502714,0.03275095623418235,0.0731420837542075,0.3953422486369256,0.37057882787509616,0.11755135289239664,0.17422824986284915,0.7146666666666667,900
primary,PANC1,ecfp4,1.0,p2f2,2,2,antisym_mlp,72512,False,0.01958554363587297,0.018623265551765307,-0.051670749226708335,0.09371883652954355,0.10455468052018171,0.10013942140587463,0.13994836060444926,0.5619335347432024,900
primary,PANC1,ecfp4,1.0,p2f4,2,4,antisym_mlp,70016,False,0.022668154545287197,0.030239084856213513,0.2503690289215431,0.5030484017318977,0.4707649927139828,0.11186677347424907,0.15055947178868287,0.7593052109181141,900
primary,PANC1,ecfp4,1.0,p2f3,2,3,antisym_mlp,73472,False,0.023829874267188834,0.02905869590609975,0.1799399964749735,0.4127571114723886,0.3786461629376498,0.11626352381878845,0.15436927889702937,0.7055837563451777,900
primary,PANC1,ecfp4,1.0,p0f0,0,0,pair_only,2254,False,0.017049041271236645,0.02475102825608407,0.3111784651998929,0.5579641922458577,0.4130418268006093,0.09649256752204906,0.13057197735822432,0.7021857923497268,900
primary,PANC1,ecfp4,1.0,p0f1,0,1,pair_only,2246,False,0.024843055027621058,0.029085872123542585,0.14587209480603203,0.389398856029958,0.3849819041893115,0.11305179811903596,0.15761679805027462,0.7319587628865979,900
primary,PANC1,ecfp4,1.0,p2f5,2,5,antisym_mlp,71168,False,0.014781349044489857,0.019139752527324742,0.22771472497424605,0.4816904934687666,0.39282287179778413,0.09052080819220124,0.12157857148564404,0.8060200668896321,900
primary,PANC1,ecfp4,1.0,p2f6,2,6,antisym_mlp,72768,False,0.022736516174833226,0.026697292053530695,0.14835871258986577,0.3943949681317645,0.3574085235496176,0.10414996217848642,0.15078632621969815,0.7087087087087087,900
primary,PANC1,ecfp4,1.0,p2f7,2,7,antisym_mlp,72064,False,0.01715334774947215,0.017048997629035716,-0.006120601498513789,0.314975375769016,0.2779601456298094,0.09894799094458163,0.13097078968026477,0.6716417910447762,900
primary,PANC1,ecfp4,1.0,p0f2,0,2,pair_only,4360,False,0.022039093073567884,0.030094389082679626,0.2676677033376912,0.5409143884827472,0.4354170825536702,0.10736541296902452,0.1484556939748957,0.7472826086956522,900
primary,PANC1,ecfp4,1.0,p2f8,2,8,antisym_mlp,69888,False,0.017960418900594997,0.025836959093666394,0.30485554296527995,0.5703569623908322,0.5093934683869981,0.1001538100260298,0.1340164874207461,0.7634961439588689,900
primary,PANC1,ecfp4,1.0,p0f3,0,3,pair_only,4460,False,0.029028251660969406,0.03431265894358678,0.15400751341670826,0.3924328051183579,0.3486475580011004,0.12208227919878292,0.17037679319957108,0.7189054726368159,900
primary,PANC1,ecfp4,1.0,p0f4,0,4,pair_only,2230,False,0.026072868615214555,0.0305336392038994,0.14609364310937312,0.4012180374522838,0.32162202669386014,0.11702069354699042,0.16147095285287244,0.6840731070496083,900
primary,PANC1,ecfp4,1.0,p0f5,0,5,pair_only,4396,False,0.019911998791678483,0.020459058036238174,0.02673921954719083,0.3662758234168302,0.34501238037356463,0.104681009249373,0.14110988197740965,0.7,900
primary,PANC1,ecfp4,1.0,p2f9,2,9,antisym_mlp,70464,False,0.026150598050866718,0.031722466875517746,0.17564424754593078,0.4210113084144911,0.34400022716077433,0.11861065688332009,0.161711465427986,0.6565096952908587,900
primary,PANC1,ecfp4,1.0,p0f6,0,6,pair_only,2264,False,0.01784190597501503,0.02117219936406537,0.15729558048195502,0.4019116316609821,0.3792577027872874,0.09410541040534014,0.13357359759703646,0.739938080495356,900
primary,PANC1,ecfp4,1.0,p0f7,0,7,pair_only,2252,False,0.017003052954126085,0.026437030479925832,0.3568470949474888,0.5979933627297143,0.44490109247048454,0.09418493717318648,0.13039575512311005,0.736986301369863,900
primary,PANC1,ecfp4,1.0,p0f8,0,8,pair_only,2224,False,0.01883873963365836,0.018701166458354103,-0.007356395421142192,0.2614968263910361,0.2204100005061735,0.10113519291868739,0.13725428821591826,0.6627906976744186,900
primary,PANC1,ecfp4,1.0,p0f9,0,9,pair_only,4588,False,0.01800512892106387,0.02526178318111573,0.28725819582983836,0.550785296016167,0.4723219822905132,0.10024021263382743,0.13418319164881967,0.7859078590785907,900
primary,PANC1,ecfp4,1.0,p1f0,1,0,pair_only,4460,False,0.022920940032471356,0.027432718801517552,0.1644670658307702,0.4417901933003554,0.3207034840232466,0.11389758764704427,0.15139663150965862,0.6623711340206185,900
primary,PANC1,ecfp4,1.0,p1f1,1,1,pair_only,4516,False,0.022518765079945123,0.02091851899099449,-0.07649901456405916,0.18513931795082478,0.21013866272262888,0.11265927129522257,0.15006253723013324,0.633423180592992,900
primary,PANC1,ecfp4,1.0,p1f2,1,2,pair_only,2190,False,0.027613422680963277,0.03040743175718888,0.09188573038777093,0.40189994371504134,0.3895423574597006,0.11108114143293518,0.16617286987039515,0.7371273712737128,900
primary,PANC1,ecfp4,1.0,p1f3,1,3,pair_only,4520,False,0.024244551450461182,0.030656623999705274,0.20915781689809476,0.49799722880531616,0.44933680165037243,0.10875157932012583,0.15570661980295245,0.7688022284122563,900
primary,PANC1,ecfp4,1.0,p1f6,1,6,pair_only,2280,False,0.024017917957922602,0.030523517667894462,0.213134009675911,0.46203781093377005,0.42849901460783696,0.11023350935971941,0.15497715301915507,0.7606382978723404,900
primary,PANC1,ecfp4,1.0,p1f4,1,4,pair_only,4624,False,0.022920235806626197,0.02731628596918432,0.160931473902321,0.43960788275255513,0.45444795199335636,0.10501577628473827,0.1513943057272175,0.7617647058823529,900
primary,PANC1,ecfp4,1.0,p1f5,1,5,pair_only,2146,False,0.021926217555358007,0.026007291032509944,0.1569203602193887,0.39790579318487074,0.3649486151628994,0.10714689092591745,0.14807504028484345,0.710455764075067,900
primary,PANC1,ecfp4,1.0,p1f7,1,7,pair_only,4512,False,0.018201926279530333,0.0218350519290979,0.16638960426404936,0.4082640754164875,0.39363819790724025,0.09469661500350773,0.13491451471035404,0.7475409836065574,900
primary,PANC1,ecfp4,1.0,p1f8,1,8,pair_only,4468,False,0.01886628536731358,0.024437584977479818,0.22798077695895103,0.47366876981833705,0.3795779171743834,0.09833775295710145,0.13735459718303417,0.75,900
primary,PANC1,ecfp4,1.0,p2f0,2,0,pair_only,4508,False,0.024380480663718614,0.031469806069913,0.22527388285917027,0.4786660985033497,0.41945798286993774,0.11538879415624649,0.1561425011446871,0.7208121827411168,900
primary,PANC1,ecfp4,1.0,p1f9,1,9,pair_only,2286,False,0.019093288142537142,0.025946232722537765,0.26412098639845805,0.5171750096513815,0.3751045618574838,0.10238526528004925,0.13817846482913732,0.6900269541778976,900
primary,PANC1,ecfp4,1.0,p2f1,2,1,pair_only,2246,False,0.030190084790924415,0.03275095623418235,0.07819226482874841,0.33820646077907573,0.3175476715685059,0.11719063549497273,0.17375294181948234,0.692,900
primary,PANC1,ecfp4,1.0,p2f2,2,2,pair_only,4544,False,0.019554368428718594,0.018623265551765307,-0.04999675671085657,0.14498247880063897,0.14720018172861943,0.09987730424568317,0.13983693513774748,0.5800604229607251,900
primary,PANC1,ecfp4,1.0,p2f3,2,3,pair_only,4604,False,0.023781964945257677,0.02905869590609975,0.18158870507793257,0.4242682621269259,0.3477884129075057,0.11395576644019555,0.15421402317966312,0.7030456852791879,900
primary,PANC1,ecfp4,1.0,p2f5,2,5,pair_only,4460,False,0.015581107684063938,0.019139752527324742,0.18592951179386086,0.4335410425988183,0.35890281346026354,0.09206638189728002,0.12482430726450654,0.8260869565217391,900
primary,PANC1,ecfp4,1.0,p2f6,2,6,pair_only,2276,False,0.02242461404553252,0.026697292053530695,0.16004162517423248,0.4205493143389052,0.33981488866035636,0.10340419570499376,0.14974850264871606,0.7477477477477478,900
primary,PANC1,ecfp4,1.0,p2f4,2,4,pair_only,4388,False,0.023807447031489258,0.030239084856213513,0.21269287266154435,0.4605819631685626,0.41641060462214563,0.11171495808302262,0.1542966202853752,0.7196029776674938,900
primary,PANC1,ecfp4,1.0,p2f7,2,7,pair_only,2254,False,0.018465455971396053,0.017048997629035716,-0.0830816199978821,0.2779178887098346,0.23386812411702568,0.10292694125817642,0.13588765937860603,0.6447761194029851,900
primary,PANC1,ecfp4,1.0,p2f8,2,8,pair_only,2186,False,0.018834861810812304,0.025836959093666394,0.2710108901542738,0.564459123070187,0.4686154591960402,0.09958588665718263,0.1372401610710666,0.7763496143958869,900
primary,PANC1,ecfp4,1.0,p2f9,2,9,pair_only,2204,False,0.027375300253808913,0.031722466875517746,0.1370374705967088,0.3704164851334505,0.26281550703384976,0.11733260386241198,0.16545482843909062,0.6038781163434903,900
rep_targets,A375,targets,1.0,p0f1,0,1,zero,0,False,0.05498616695905571,0.05498616695905571,0.0,,,0.16136696978555556,0.2344912939941603,,900
rep_targets,A375,targets,1.0,p0f3,0,3,zero,0,False,0.049716285185832335,0.049716285185832335,0.0,,,0.1371382143777778,0.2229714896255401,,900
rep_targets,A375,targets,1.0,p0f5,0,5,zero,0,False,0.0627908918204923,0.0627908918204923,0.0,,,0.1636025799566667,0.25058110826734786,,900
rep_targets,A375,targets,1.0,p0f2,0,2,zero,0,False,0.06240251652380649,0.06240251652380649,0.0,,,0.1735544849888889,0.24980495696404123,,900
rep_targets,A375,targets,1.0,p0f4,0,4,zero,0,False,0.042738339298179884,0.042738339298179884,0.0,,,0.1385179575888889,0.20673253081743057,,900
rep_targets,A375,targets,1.0,p0f0,0,0,zero,0,False,0.04720622579083599,0.04720622579083599,0.0,,,0.1399710212366667,0.2172699376141025,,900
rep_targets,A375,targets,1.0,p0f8,0,8,zero,0,False,0.043628033075616246,0.043628033075616246,0.0,,,0.1320727284,0.20887324643337224,,900
rep_targets,A375,targets,1.0,p0f9,0,9,zero,0,False,0.04058104429398822,0.04058104429398822,0.0,,,0.13317899278,0.20144737350977854,,900
rep_targets,A375,targets,1.0,p0f6,0,6,zero,0,False,0.03249369476850163,0.03249369476850163,0.0,,,0.10886890190222222,0.18026007535919214,,900
rep_targets,A375,targets,1.0,p0f7,0,7,zero,0,False,0.05378434351846589,0.05378434351846589,0.0,,,0.14940337348333332,0.2319145176966416,,900
rep_targets,A375,targets,1.0,p0f0,0,0,potential,69,False,0.04409396551629436,0.04720622579083599,0.06592902148821655,0.3302811392224992,0.3576244777984281,0.13843364163722818,0.2099856316901096,0.6961077844311377,900
rep_targets,A375,targets,1.0,p0f3,0,3,potential,2176,False,0.04854441049535009,0.049716285185832335,0.02357124403204991,0.41192779440991806,0.3685649873560156,0.13585016016940693,0.22032796121997336,0.7395498392282959,900
rep_targets,A375,targets,1.0,p0f5,0,5,potential,2112,False,0.05459602309594096,0.0627908918204923,0.13051046874726635,0.40396903351541563,0.3596034244840384,0.15974917800909824,0.2336579189668969,0.7054054054054054,900
rep_targets,A375,targets,1.0,p0f2,0,2,potential,2208,False,0.05347090251136379,0.06240251652380649,0.14312906770410927,0.38229749331463675,0.317430625471542,0.172106567211609,0.23123776186290118,0.6817102137767221,900
rep_targets,A375,targets,1.0,p0f4,0,4,potential,2240,False,0.04105941466447785,0.042738339298179884,0.03928380609242654,0.3191351242046181,0.24874905754229035,0.13696416085881452,0.20263122825585855,0.5920679886685553,900
rep_targets,A375,targets,1.0,p0f1,0,1,potential,2240,False,0.05479642944974232,0.05498616695905571,0.0034506407666982097,0.23391383452809655,0.2479077896652284,0.16105226351189142,0.23408637177277605,0.6580381471389646,900
rep_targets,A375,targets,1.0,p0f7,0,7,potential,2016,False,0.0585923185180041,0.05378434351846589,-0.08939357971130546,0.04417347961529643,0.0005565157804022879,0.16849973594432302,0.2420585022634076,0.5103244837758112,900
rep_targets,A375,targets,1.0,p0f8,0,8,potential,1856,False,0.042554633131719685,0.043628033075616246,0.024603445725736472,0.17473416114891865,0.06955591568493656,0.14021746927157802,0.2062877435324738,0.4918032786885246,900
rep_targets,A375,targets,1.0,p0f6,0,6,potential,65,False,0.03004576256708089,0.03249369476850163,0.07533560645721604,0.297098322226115,0.20988447819322434,0.12088250174254618,0.17333713556846636,0.6480769230769231,900
rep_targets,A375,targets,1.0,p0f9,0,9,potential,2208,False,0.04915045855420496,0.04058104429398822,-0.2111679087934717,0.07315057156587017,0.08791595740997821,0.16025686893806995,0.22169902695818255,0.5590909090909091,900
rep_targets,A375,targets,1.0,p0f0,0,0,lowrank,211,False,0.04409393906698527,0.04720622579083599,0.0659295817810307,0.3302807209825164,0.3577355885609507,0.1384336480388067,0.20998556871124566,0.6976047904191617,900
rep_targets,A375,targets,1.0,p0f1,0,1,lowrank,4516,False,0.05479620999709103,0.05498616695905571,0.003454631818692322,0.23419385021387246,0.24926066058140733,0.16105223129815754,0.23408590302940294,0.6566757493188011,900
rep_targets,A375,targets,1.0,p0f2,0,2,lowrank,4452,False,0.053461969040472165,0.06240251652380649,0.14327222652829252,0.38255887721985704,0.3169807697468273,0.17209927989097942,0.23121844442101103,0.672209026128266,900
rep_targets,A375,targets,1.0,p0f3,0,3,lowrank,4388,False,0.04854437063687423,0.049716285185832335,0.023572045750756665,0.41194437163304237,0.3685592900086195,0.1358501237329268,0.22032787076735033,0.752411575562701,900
rep_targets,A375,targets,1.0,p0f5,0,5,lowrank,4260,False,0.054593953109233075,0.0627908918204923,0.1305434351003132,0.4040156675551827,0.3617490495750356,0.15974689409363482,0.2336534894009355,0.7243243243243244,900
rep_targets,A375,targets,1.0,p0f4,0,4,lowrank,4516,False,0.04105939954022472,0.042738339298179884,0.039284159972651556,0.31914230488725015,0.24655112861399103,0.1369640853092228,0.20263119093620488,0.5949008498583569,900
rep_targets,PANC1,targets,1.0,p0f0,0,0,zero,0,False,0.02475102825608407,0.02475102825608407,0.0,,,0.10717258571333334,0.15732459520394154,,900
rep_targets,PANC1,targets,1.0,p0f1,0,1,zero,0,False,0.029085872123542585,0.029085872123542585,0.0,,,0.11768620779,0.17054580652582046,,900
rep_targets,PANC1,targets,1.0,p0f2,0,2,zero,0,False,0.030094389082679626,0.030094389082679626,0.0,,,0.11534724906777778,0.17347734458043687,,900
rep_targets,PANC1,targets,1.0,p0f3,0,3,zero,0,False,0.03431265894358678,0.03431265894358678,0.0,,,0.12617947214444444,0.18523676455711155,,900
rep_targets,PANC1,targets,1.0,p0f4,0,4,zero,0,False,0.0305336392038994,0.0305336392038994,0.0,,,0.11970558801333334,0.17473877418563802,,900
rep_targets,PANC1,targets,1.0,p0f5,0,5,zero,0,False,0.020459058036238174,0.020459058036238174,0.0,,,0.09716873035000001,0.1430351636355137,,900
rep_targets,PANC1,targets,1.0,p0f6,0,6,zero,0,False,0.02117219936406537,0.02117219936406537,0.0,,,0.09735119630777778,0.14550669869138455,,900
rep_targets,PANC1,targets,1.0,p0f7,0,7,zero,0,False,0.026437030479925832,0.026437030479925832,0.0,,,0.10898388941333334,0.16259468158560977,,900
rep_targets,PANC1,targets,1.0,p0f8,0,8,zero,0,False,0.018701166458354103,0.018701166458354103,0.0,,,0.09375286591666666,0.13675220823940687,,900
rep_targets,PANC1,targets,1.0,p0f9,0,9,zero,0,False,0.02526178318111573,0.02526178318111573,0.0,,,0.10704528021888889,0.15893955826387504,,900
rep_targets,PANC1,targets,1.0,p0f0,0,0,potential,69,False,0.02095714414862615,0.02475102825608407,0.15328187856297815,0.4150225531332982,0.34737456885184725,0.1035546895382174,0.14476582520963346,0.6885245901639344,900
rep_targets,PANC1,targets,1.0,p0f1,0,1,potential,2240,False,0.025839434006526985,0.029085872123542585,0.11161563604578595,0.34655387403026633,0.3331157314607715,0.11513514501379607,0.16074648987311352,0.711340206185567,900
rep_targets,PANC1,targets,1.0,p0f3,0,3,potential,66,False,0.029681353328475726,0.03431265894358678,0.13497367320688713,0.373715422599032,0.3635510166139689,0.12254485793472897,0.17228277142092802,0.6990049751243781,900
rep_targets,PANC1,targets,1.0,p0f2,0,2,potential,67,False,0.026793380262691787,0.030094389082679626,0.1096885140588445,0.34013224327137254,0.24407193097762278,0.11773768916822876,0.1636868359480743,0.6304347826086957,900
rep_targets,A375,targets,1.0,p0f6,0,6,lowrank,341,False,0.030410872854985855,0.03249369476850163,0.06409926382193987,0.3064968666301815,0.23485528239931272,0.12043004948597608,0.17438713500423664,0.6711538461538461,900
rep_targets,A375,targets,1.0,p0f7,0,7,lowrank,613,False,0.06829787007454613,0.05378434351846589,-0.2698466804023978,0.12405462800711152,0.024190205031118784,0.1933595212595479,0.2613386119090444,0.523598820058997,900
rep_targets,PANC1,targets,1.0,p0f4,0,4,potential,2240,False,0.026131303433564942,0.0305336392038994,0.1441798581864504,0.3840068565127432,0.30672023505346935,0.11919052578313417,0.16165179687700643,0.6684073107049608,900
rep_targets,PANC1,targets,1.0,p0f5,0,5,potential,2112,False,0.01812048265961824,0.020459058036238174,0.114305134306659,0.3617363167472333,0.3198726414924622,0.0995290464914108,0.13461234215189274,0.6828125,900
rep_targets,A375,targets,1.0,p0f8,0,8,lowrank,296,False,0.045286547915782925,0.043628033075616246,-0.03801488912626749,0.1112188653524328,0.005649180228127104,0.14754382675081196,0.21280636248896068,0.49508196721311476,900
rep_targets,A375,targets,1.0,p0f9,0,9,lowrank,4452,False,0.04915045135581529,0.04058104429398822,-0.21116773141041545,0.07315062931837296,0.08784951675012291,0.1602568534114513,0.22169901072358283,0.5515151515151515,900
rep_targets,PANC1,targets,1.0,p0f6,0,6,potential,2144,False,0.020030098402670504,0.02117219936406537,0.05394342560996779,0.27527215811187916,0.23876475528766714,0.10324221662698914,0.1415277301544489,0.6207430340557275,900
rep_targets,PANC1,targets,1.0,p0f7,0,7,potential,61,False,0.02296718823864829,0.026437030479925832,0.1312493187883662,0.37329736424363047,0.2887378515793698,0.10902906990542101,0.15154929309847767,0.6657534246575343,900
rep_targets,PANC1,targets,1.0,p0f8,0,8,potential,1856,False,0.01961103135807506,0.018701166458354103,-0.04865284215009513,0.18566602444216357,0.1558094824582387,0.10647604720439915,0.1400393921654727,0.5915697674418605,900
rep_targets,PANC1,targets,1.0,p0f9,0,9,potential,67,False,0.02277807211520047,0.02526178318111573,0.09831891312296359,0.37298221168339335,0.33176860683560033,0.11658709256010984,0.15092406075639653,0.6869918699186992,900
rep_targets,PANC1,targets,1.0,p0f1,0,1,lowrank,676,False,0.02630157985362271,0.029085872123542585,0.09572662143646793,0.3206338445898018,0.3191559326575805,0.11588180021434775,0.16217761822650717,0.7139175257731959,900
rep_targets,PANC1,targets,1.0,p0f0,0,0,lowrank,211,False,0.020957142557302258,0.02475102825608407,0.15328194285622188,0.4150228359474449,0.34749666697158604,0.10355467654827241,0.14476581971343325,0.6953551912568307,900
rep_targets,PANC1,targets,1.0,p0f2,0,2,lowrank,205,False,0.02679338818902902,0.030094389082679626,0.10968825067628463,0.3401317059002518,0.24403558613736018,0.11773772329183875,0.1636868601599683,0.6168478260869565,900
rep_targets,PANC1,targets,1.0,p0f3,0,3,lowrank,202,False,0.029426128052099362,0.03431265894358678,0.14241189817208078,0.3750701318853822,0.3910688088857267,0.1196508634230166,0.17154045602160256,0.7039800995024875,900
rep_targets,PANC1,targets,1.0,p0f4,0,4,lowrank,4516,False,0.026131136344772914,0.0305336392038994,0.14418533047198145,0.3840145610836627,0.30672023505346935,0.11918980864696604,0.16165128005918455,0.6684073107049608,900
rep_targets_shuffled,A375,targets_shuffled,1.0,p0f0,0,0,zero,0,False,0.04720622579083599,0.04720622579083599,0.0,,,0.1399710212366667,0.2172699376141025,,900
rep_targets,PANC1,targets,1.0,p0f5,0,5,lowrank,196,False,0.017741057138392434,0.020459058036238174,0.13285073501582878,0.38348887463265213,0.3352358958936168,0.09825738169434017,0.13319555975479225,0.7140625,900
rep_targets_shuffled,A375,targets_shuffled,1.0,p0f1,0,1,zero,0,False,0.05498616695905571,0.05498616695905571,0.0,,,0.16136696978555556,0.2344912939941603,,900
rep_targets_shuffled,A375,targets_shuffled,1.0,p0f2,0,2,zero,0,False,0.06240251652380649,0.06240251652380649,0.0,,,0.1735544849888889,0.24980495696404123,,900
rep_targets_shuffled,A375,targets_shuffled,1.0,p0f3,0,3,zero,0,False,0.049716285185832335,0.049716285185832335,0.0,,,0.1371382143777778,0.2229714896255401,,900
rep_targets_shuffled,A375,targets_shuffled,1.0,p0f4,0,4,zero,0,False,0.042738339298179884,0.042738339298179884,0.0,,,0.1385179575888889,0.20673253081743057,,900
rep_targets_shuffled,A375,targets_shuffled,1.0,p0f5,0,5,zero,0,False,0.0627908918204923,0.0627908918204923,0.0,,,0.1636025799566667,0.25058110826734786,,900
rep_targets_shuffled,A375,targets_shuffled,1.0,p0f7,0,7,zero,0,False,0.05378434351846589,0.05378434351846589,0.0,,,0.14940337348333332,0.2319145176966416,,900
rep_targets_shuffled,A375,targets_shuffled,1.0,p0f6,0,6,zero,0,False,0.03249369476850163,0.03249369476850163,0.0,,,0.10886890190222222,0.18026007535919214,,900
rep_targets_shuffled,A375,targets_shuffled,1.0,p0f8,0,8,zero,0,False,0.043628033075616246,0.043628033075616246,0.0,,,0.1320727284,0.20887324643337224,,900
rep_targets_shuffled,A375,targets_shuffled,1.0,p0f9,0,9,zero,0,False,0.04058104429398822,0.04058104429398822,0.0,,,0.13317899278,0.20144737350977854,,900
rep_targets_shuffled,A375,targets_shuffled,1.0,p0f1,0,1,potential,68,False,0.05437909081501884,0.05498616695905571,0.011040524873990876,0.18193207421605598,0.19944488043152617,0.16080552749303245,0.23319324779036557,0.6294277929155313,900
rep_targets_shuffled,A375,targets_shuffled,1.0,p0f0,0,0,potential,2272,False,0.04747304292531082,0.04720622579083599,-0.005652159858257955,0.050339413107223924,0.017276444450120478,0.14626401404634376,0.21788309462946137,0.5119760479041916,900
rep_targets_shuffled,A375,targets_shuffled,1.0,p0f2,0,2,potential,2304,False,0.0555361474263847,0.06240251652380649,0.11003352877287054,0.33092102007666746,0.23142023592882144,0.17100871779708768,0.23566108593992496,0.6021377672209026,900
rep_targets_shuffled,A375,targets_shuffled,1.0,p0f3,0,3,potential,2304,False,0.04786650336545735,0.049716285185832335,0.03720675857942257,0.20999520795123428,0.18824961271943316,0.14612911826854277,0.21878414788429565,0.617363344051447,900
rep_targets,PANC1,targets,1.0,p0f6,0,6,lowrank,341,False,0.0195295957522194,0.02117219936406537,0.07758304102472635,0.31914692982476695,0.2692814870025061,0.10110098880544639,0.13974833005163032,0.6424148606811145,900
rep_targets,PANC1,targets,1.0,p0f7,0,7,lowrank,187,False,0.02296719427392879,0.026437030479925832,0.13124909049947042,0.3732968410676639,0.28878578989637504,0.10902909726643326,0.15154931301041516,0.6547945205479452,900
rep_targets,PANC1,targets,1.0,p0f8,0,8,lowrank,296,False,0.020069024224146016,0.018701166458354103,-0.07314291163805287,0.1558542756277913,0.09146009026684815,0.10739009711576376,0.141665183528438,0.5697674418604651,900
rep_targets,PANC1,targets,1.0,p0f9,0,9,lowrank,205,False,0.021778892411453355,0.02526178318111573,0.13787192870319565,0.3992123425711468,0.33878625309182375,0.11055040613525736,0.14757673397745782,0.6747967479674797,900
rep_targets_shuffled,A375,targets_shuffled,1.0,p0f4,0,4,potential,2112,False,0.04008845548795266,0.042738339298179884,0.062002498312798915,0.25028654749873325,0.25494634493235807,0.14158053409037977,0.20022101659903901,0.6813031161473088,900
rep_targets_shuffled,A375,targets_shuffled,1.0,p0f5,0,5,potential,60,False,0.06153961403057051,0.0627908918204923,0.019927695779492383,0.24548901826035185,0.22002674278166068,0.1633444458435869,0.24807179208964994,0.6310810810810811,900
rep_targets_shuffled,A375,targets_shuffled,1.0,p0f6,0,6,potential,2016,False,0.03250703363201319,0.03249369476850163,-0.00041050621071536675,0.21425307184688622,0.1395571767467072,0.12438547548272848,0.1802970705031371,0.6057692307692307,900
rep_targets_shuffled,A375,targets_shuffled,1.0,p0f7,0,7,potential,61,False,0.053460230675377904,0.05378434351846589,0.006026155975608516,0.08369387712113262,0.04497746416371249,0.15539076041858943,0.2312146852502624,0.5678466076696165,900
rep_targets_shuffled,A375,targets_shuffled,1.0,p0f8,0,8,potential,74,False,0.04047711718946376,0.043628033075616246,0.07222227691748817,0.27010301087029975,0.27936509412788835,0.13558348715263063,0.20118925714228322,0.6688524590163935,900
rep_targets_shuffled,A375,targets_shuffled,1.0,p0f9,0,9,potential,2240,False,0.03860567704589489,0.04058104429398822,0.04867709253075991,0.21941876821200806,0.14292291526203307,0.1350350394770339,0.19648327421410428,0.556060606060606,900
rep_targets_shuffled,A375,targets_shuffled,1.0,p0f0,0,0,lowrank,4580,False,0.04747289616566446,0.04720622579083599,-0.005649050953788315,0.05034515227528302,0.017827450126834645,0.14626371621525372,0.21788275784390204,0.48502994011976047,900
rep_targets_shuffled,A375,targets_shuffled,1.0,p0f1,0,1,lowrank,676,False,0.05459485992959055,0.05498616695905571,0.0071164631234713616,0.16408489052397923,0.18571771443904103,0.16096819667246476,0.23365542991676985,0.6212534059945504,900
rep_targets_shuffled,A375,targets_shuffled,1.0,p0f2,0,2,lowrank,4644,False,0.055539327536133117,0.06240251652380649,0.10998256753083147,0.3308389656751922,0.23138171828974405,0.17101095959921142,0.23566783305350164,0.6021377672209026,900
rep_targets_shuffled,A375,targets_shuffled,1.0,p0f3,0,3,lowrank,4644,False,0.047867436651562706,0.049716285185832335,0.03718798633805598,0.20997575965544257,0.1883057586258001,0.14613044998531866,0.21878628076632844,0.617363344051447,900
rep_targets_shuffled,A375,targets_shuffled,1.0,p0f4,0,4,lowrank,640,False,0.04034267720556191,0.042738339298179884,0.056054168972354046,0.240112418623678,0.20881986229817273,0.14395921784180707,0.20085486602410685,0.623229461756374,900
rep_targets_shuffled,PANC1,targets_shuffled,1.0,p0f0,0,0,zero,0,False,0.02475102825608407,0.02475102825608407,0.0,,,0.10717258571333334,0.15732459520394154,,900
rep_targets_shuffled,PANC1,targets_shuffled,1.0,p0f1,0,1,zero,0,False,0.029085872123542585,0.029085872123542585,0.0,,,0.11768620779,0.17054580652582046,,900
rep_targets_shuffled,PANC1,targets_shuffled,1.0,p0f2,0,2,zero,0,False,0.030094389082679626,0.030094389082679626,0.0,,,0.11534724906777778,0.17347734458043687,,900
rep_targets_shuffled,PANC1,targets_shuffled,1.0,p0f3,0,3,zero,0,False,0.03431265894358678,0.03431265894358678,0.0,,,0.12617947214444444,0.18523676455711155,,900
rep_targets_shuffled,PANC1,targets_shuffled,1.0,p0f4,0,4,zero,0,False,0.0305336392038994,0.0305336392038994,0.0,,,0.11970558801333334,0.17473877418563802,,900
rep_targets_shuffled,PANC1,targets_shuffled,1.0,p0f5,0,5,zero,0,False,0.020459058036238174,0.020459058036238174,0.0,,,0.09716873035000001,0.1430351636355137,,900
rep_targets_shuffled,PANC1,targets_shuffled,1.0,p0f6,0,6,zero,0,False,0.02117219936406537,0.02117219936406537,0.0,,,0.09735119630777778,0.14550669869138455,,900
rep_targets_shuffled,A375,targets_shuffled,1.0,p0f5,0,5,lowrank,4004,False,0.062432918344029406,0.0627908918204923,0.005701041442225052,0.3272559753197535,0.28779222899302753,0.16324186305391292,0.249865800669138,0.6972972972972973,900
rep_targets_shuffled,PANC1,targets_shuffled,1.0,p0f8,0,8,zero,0,False,0.018701166458354103,0.018701166458354103,0.0,,,0.09375286591666666,0.13675220823940687,,900
rep_targets_shuffled,PANC1,targets_shuffled,1.0,p0f7,0,7,zero,0,False,0.026437030479925832,0.026437030479925832,0.0,,,0.10898388941333334,0.16259468158560977,,900
rep_targets_shuffled,PANC1,targets_shuffled,1.0,p0f9,0,9,zero,0,False,0.02526178318111573,0.02526178318111573,0.0,,,0.10704528021888889,0.15893955826387504,,900
rep_targets_shuffled,PANC1,targets_shuffled,1.0,p0f0,0,0,potential,2272,False,0.0293394767865477,0.02475102825608407,-0.18538415790203566,-0.07477497741678794,-0.07019116966380783,0.1256957453494251,0.17128770179597747,0.4849726775956284,900
rep_targets_shuffled,PANC1,targets_shuffled,1.0,p0f1,0,1,potential,68,False,0.028752385913505818,0.029085872123542585,0.011465573685405794,0.10855892264741593,0.1109857681127074,0.11746037675662983,0.16956528510725838,0.5541237113402062,900
rep_targets_shuffled,PANC1,targets_shuffled,1.0,p0f2,0,2,potential,2304,False,0.02947421209772653,0.030094389082679626,0.020607728013659177,0.14562525883821453,0.12134598382842075,0.11666468856272168,0.1716805524738505,0.5625,900
rep_targets_shuffled,PANC1,targets_shuffled,1.0,p0f3,0,3,potential,70,False,0.0333368777552338,0.03431265894358678,0.02843793568890296,0.16528220032626534,0.1933366745251853,0.12957230254144175,0.18258389237617265,0.5982587064676617,900
rep_targets_shuffled,A375,targets_shuffled,1.0,p0f6,0,6,lowrank,4068,False,0.03250561247788482,0.03249369476850163,-0.00036676990622641625,0.21439187969457685,0.14016452023572715,0.12438705601371783,0.1802931293141389,0.6057692307692307,900
rep_targets_shuffled,A375,targets_shuffled,1.0,p0f8,0,8,lowrank,226,False,0.04068386764131418,0.043628033075616246,0.06748334102523545,0.26396556664474286,0.2846216773801216,0.13727149179791714,0.20170242348894615,0.6672131147540984,900
rep_targets_shuffled,A375,targets_shuffled,1.0,p0f7,0,7,lowrank,187,False,0.053460090035811134,0.05378434351846589,0.006028770854912935,0.08369965253583303,0.04632486506950906,0.15539058018259344,0.23121438111806786,0.5855457227138643,900
rep_targets_shuffled,PANC1,targets_shuffled,1.0,p0f4,0,4,potential,64,False,0.0301548106315878,0.0305336392038994,0.012406925023965676,0.11300028962421325,0.1425817225243911,0.12061890098425133,0.17365140549845198,0.6005221932114883,900
rep_targets_shuffled,A375,targets_shuffled,1.0,p0f9,0,9,lowrank,4516,False,0.03860262387001631,0.04058104429398822,0.048752329034198794,0.21964580658621402,0.14362482915307642,0.13502018747196934,0.19647550450378365,0.556060606060606,900
rep_targets_shuffled,PANC1,targets_shuffled,1.0,p0f5,0,5,potential,60,False,0.01921900743851956,0.020459058036238174,0.060611324114833165,0.2439200406913356,0.23965019786011904,0.09702702334050116,0.1386326348249919,0.64375,900
rep_targets_shuffled,PANC1,targets_shuffled,1.0,p0f6,0,6,potential,2016,False,0.022145933898899833,0.02117219936406537,-0.04599118485947851,0.01814207076971374,0.06395944409377283,0.10211609606348296,0.14881509970060106,0.5402476780185759,900
rep_targets_shuffled,PANC1,targets_shuffled,1.0,p0f8,0,8,potential,74,False,0.017605523803533717,0.018701166458354103,0.05858686180139028,0.24561413916206323,0.2415877918720718,0.09577539784593377,0.13268580859886153,0.6802325581395349,900
rep_targets_shuffled,PANC1,targets_shuffled,1.0,p0f7,0,7,potential,61,False,0.02581052685285833,0.026437030479925832,0.023697957588058927,0.15632322074373142,0.18465601797260073,0.10854342867553525,0.16065654936185556,0.5835616438356165,900
rep_targets_shuffled,PANC1,targets_shuffled,1.0,p0f9,0,9,potential,2240,False,0.0252286371123052,0.02526178318111573,0.0013121032894980456,0.11328381516909172,0.07233651121516642,0.10702749072351035,0.1588352514787105,0.5474254742547425,900
rep_targets_shuffled,PANC1,targets_shuffled,1.0,p0f1,0,1,lowrank,208,False,0.028742446464694867,0.029085872123542585,0.011807301406985937,0.11056213622204782,0.11246947946457032,0.11741942398729582,0.1695359739544822,0.5541237113402062,900
rep_targets_shuffled,PANC1,targets_shuffled,1.0,p0f0,0,0,lowrank,361,False,0.029485632322641883,0.02475102825608407,-0.19128918675909956,-0.05953784304624151,-0.04329607892980545,0.12412284757635392,0.17171380935335948,0.4672131147540984,900
rep_targets_shuffled,PANC1,targets_shuffled,1.0,p0f2,0,2,lowrank,4644,False,0.02947421635886395,0.030094389082679626,0.020607586421237833,0.14562483746580207,0.12106437919808795,0.11666468991065346,0.17168056488392608,0.5516304347826086,900
rep_targets_shuffled,PANC1,targets_shuffled,1.0,p0f3,0,3,lowrank,366,False,0.03335243540753132,0.03431265894358678,0.027984527157576378,0.16246014082104882,0.19188306640976327,0.12923912594128317,0.18262649152719143,0.5982587064676617,900
rep_targets_shuffled,PANC1,targets_shuffled,1.0,p0f4,0,4,lowrank,196,False,0.030155460226285492,0.0305336392038994,0.012385650301573237,0.11294352542243098,0.1437610595583697,0.1206316702170558,0.173653275886997,0.597911227154047,900
rep_targets_shuffled,PANC1,targets_shuffled,1.0,p0f5,0,5,lowrank,184,False,0.019219080823236923,0.020459058036238174,0.060607737208865586,0.24391332937193083,0.2396937143978636,0.09702718509406111,0.13863289949805177,0.6421875,900
rep_targets_shuffled,PANC1,targets_shuffled,1.0,p0f7,0,7,lowrank,187,False,0.025878771220499898,0.026437030479925832,0.021116564504089497,0.14991091838656911,0.18848414052520324,0.10848431167653613,0.16086880126519218,0.5986301369863014,900
rep_targets_shuffled,PANC1,targets_shuffled,1.0,p0f6,0,6,lowrank,4068,False,0.022145937231648823,0.02117219936406537,-0.04599134227104118,0.01814199544148604,0.06339524946425049,0.10211611002206811,0.14881511089821767,0.5232198142414861,900
rep_targets_shuffled,PANC1,targets_shuffled,1.0,p0f8,0,8,lowrank,730,False,0.01759502823614701,0.018701166458354103,0.05914808708164632,0.2472454583590112,0.24799130575684827,0.0957968450156628,0.13264625225066484,0.6831395348837209,900
rep_targets_shuffled,PANC1,targets_shuffled,1.0,p0f9,0,9,lowrank,4516,False,0.025228644873479204,0.02526178318111573,0.0013117960596422673,0.11325657201039345,0.07053511375819252,0.10702750986621934,0.15883527591023097,0.5447154471544715,900
