screen,model,drug,label,n_folds,n_pairs,mse,mse_zero,skill,pearson,max_sim_to_train,median_sim_to_train,bits_set,stratum
A375,antisym_mlp,0,Allopurinol,3,270,0.029349341262417183,0.03958927327852521,0.2579156954110656,0.6668888530773964,0.29411764705882354,0.06452228327228328,24,medium
A375,antisym_mlp,1,Altretamine,3,270,0.02521795184402767,0.05818006593909338,0.562228314931316,0.779787420688895,0.15,0.044741180177612826,11,low
A375,antisym_mlp,2,Amifostine,3,270,0.0289409562827268,0.023152876388547943,-0.2531903620599752,0.29336761191148436,0.1574074074074074,0.04659934817474234,25,low
A375,antisym_mlp,3,Aminolevulinic Acid,3,270,0.025408497655987433,0.035611709419874044,0.28731741275055106,0.6069873636358207,0.20512820512820515,0.049533947104918714,16,low
A375,antisym_mlp,4,Anastrozole,3,270,0.016606863046864873,0.017646152333121983,0.05877800567633651,0.4343816362636235,0.26,0.06361016766886678,34,medium
A375,antisym_mlp,5,Arsenic Trioxide,3,270,0.018240777934896493,0.032269243400325505,0.4336479602602334,0.5732898589609255,0.0,0.0,2,low
A375,antisym_mlp,6,Axitinib,3,270,0.022448631199118132,0.03414742883096938,0.34085263151172424,0.7054068749785568,0.2122329362828512,0.08434343459524458,52,low
A375,antisym_mlp,7,Azacitidine,3,270,0.019631738603441678,0.019903949595805107,0.01070085247164169,0.44003169364932254,0.6444444444444445,0.09173683678469706,37,high
A375,antisym_mlp,8,Bendamustine HCl,3,270,0.016070940168372246,0.02748869413851927,0.4207531798654148,0.7290377819837621,0.52,0.1007042290041646,45,high
A375,antisym_mlp,9,Bleomycin,3,270,0.09960902272996668,0.07334021664103064,-0.35822737605468413,0.3779456666168073,0.14039938556067588,0.06967887619656707,139,low
A375,antisym_mlp,10,Bortezomib,3,270,0.04908132235639052,0.054377065665551595,0.09691909834130696,0.3725709928307109,0.3176470588235294,0.08824003031164157,50,medium
A375,antisym_mlp,11,Busulfan,3,270,0.05509006572834576,0.09062810494854164,0.3932033164505831,0.6771847029826451,0.11159045153868279,0.04225389866930251,15,low
A375,antisym_mlp,12,Cabazitaxel,3,270,0.21345441831672698,0.18811202773242686,-0.13516218922516243,0.12189215936256263,0.7920792079207922,0.0835825462699949,92,high
A375,antisym_mlp,13,Capecitabine,3,270,0.017600434689932592,0.02606736599953306,0.32289080754723454,0.5848144173018328,0.2857142857142857,0.10896409743125897,53,medium
A375,antisym_mlp,14,Carboplatin,3,270,0.01212634387055784,0.028369419054141826,0.5717339739398529,0.7594382906557078,0.19576719576719573,0.04949875705374901,17,low
A375,antisym_mlp,15,Carmustine,3,270,0.01686964816713966,0.028998579936517384,0.39105608467365033,0.6138191255774191,0.5277777777777778,0.04744337395662999,25,high
A375,antisym_mlp,16,Celecoxib,3,270,0.010603100015438153,0.02959372113405995,0.636020613603515,0.7970643040960451,0.1744507870610621,0.07483050875635489,40,low
A375,antisym_mlp,17,Chlorambucil,3,270,0.010298554697394746,0.01325434965445005,0.23321231075391843,0.5620579788154468,0.5365853658536586,0.0772604588394062,31,high
A375,antisym_mlp,18,Cisplatin,3,270,0.01173804777834189,0.020811174368276755,0.43835820872083947,0.6474787174098434,0.057539682539682536,0.0,5,low
A375,antisym_mlp,19,Cladribine,3,270,0.03394553845942896,0.051932218448724865,0.34248293705222754,0.6038782635869803,0.6008004574042309,0.08475719323824414,44,high
A375,antisym_mlp,20,Clofarabine,3,270,0.06693438225658137,0.10900759941306341,0.38590687293300263,0.7335018574763955,0.5787878787878787,0.07585265922212647,45,high
A375,antisym_mlp,21,Crizotinib,3,270,0.01292746064142355,0.022006322173572318,0.4110028450474796,0.6358250082623021,0.1854901960784314,0.08873831713853586,60,low
A375,antisym_mlp,22,Cyclophosphamide,3,270,0.026929020363504533,0.04460610117367092,0.3982220102264116,0.6863917850521565,0.26988636363636365,0.04495492294710663,27,medium
A375,antisym_mlp,23,Cytarabine; Ara-C,3,270,0.03926621981771698,0.0973304424264025,0.5965578767266398,0.7930690209195442,0.6310185185185185,0.09464066016504126,37,high
A375,antisym_mlp,24,Dacarbazine,3,270,0.019121901529405873,0.028476237587448324,0.33016821385842626,0.6109969245328867,0.20094760312151616,0.08050745077706396,31,low
A375,antisym_mlp,25,Dactinomycin,3,270,0.07355747273185408,0.07467478126368249,0.015072960384309386,0.2617670757549264,0.18052333557833822,0.09936411144052437,90,low
A375,antisym_mlp,26,Dasatinib,3,270,0.025095024762545135,0.035192954830285623,0.28837432085398157,0.5518571697801383,0.24649859943977592,0.09500465989788809,65,medium
A375,antisym_mlp,27,Daunorubicin HCl,3,270,0.03274462605797324,0.08161644894806795,0.5996862331286658,0.8408446470287485,0.8533333333333334,0.08879196051030487,68,high
A375,antisym_mlp,28,Decitabine,3,270,0.07053948005572244,0.03036618333147874,-1.3095915001201444,-0.04581059483110878,0.6000267630135153,0.10240322230778805,39,high
A375,antisym_mlp,29,Dexrazoxane HCl,3,270,0.0092588101447958,0.014765766324314276,0.3743089614308084,0.6605179136448996,0.20000000000000004,0.07881374699002408,25,low
A375,antisym_mlp,30,Docetaxel,3,270,0.060410157779727525,0.05116151816932576,-0.18241478823909316,0.33135194942309315,0.783945061172784,0.08136703330406862,89,high
A375,antisym_mlp,31,Doxorubicin HCl,3,270,0.034570040376560036,0.09421727411761223,0.6314165940242995,0.8091792556181511,0.8533333333333334,0.09155104319702269,71,high
A375,antisym_mlp,32,Erlotinib HCl,3,270,0.060699843838597424,0.07387311650817668,0.1789433032460802,0.4548830367634724,0.3830409356725146,0.0723025495057817,47,medium
A375,antisym_mlp,33,Estramustine phosphate,3,270,0.030553546320332522,0.028223608824271676,-0.0837011640084769,0.1479048412720042,0.22321036451471232,0.09711835804658255,61,low
A375,antisym_mlp,34,Etoposide,3,270,0.04236626643901903,0.05449088401325458,0.22044971671685118,0.4951713874991262,0.7530864197530865,0.07444570510854832,66,high
A375,antisym_mlp,35,Everolimus,3,270,0.0359043255806446,0.06028155367629053,0.41244729182702455,0.6567640144566262,0.8727272727272727,0.07018122661328084,106,high
A375,antisym_mlp,36,Exemestane,3,270,0.019194093181922948,0.015669995830980086,-0.21949242151443613,0.3184678144196519,0.21043771043771042,0.06498363721365125,41,low
A375,antisym_mlp,37,Floxuridine,3,270,0.11371802188389947,0.12974153777635122,0.12352338958344018,0.3627191179466067,0.4716981132075471,0.08764492753623188,39,medium
A375,antisym_mlp,38,Fludarabine Phosphate,3,270,0.0281043921612239,0.026189684811012057,-0.06421232554346505,0.29944413561619015,0.4615384615384615,0.09256531287242732,50,medium
A375,antisym_mlp,39,Fluorouracil (5-FU),3,270,0.05911817614632894,0.07618031545684374,0.22533265892235257,0.4701206422700828,0.3406404470234257,0.04865839162589003,19,medium
A375,antisym_mlp,40,Fulvestrant,3,270,0.04934387719372239,0.03961063057545827,-0.2380695331379877,0.06205289267863361,0.24242424242424243,0.0834512755900666,62,medium
A375,antisym_mlp,41,Gefitinib,3,270,0.009859821514811164,0.01962064879917323,0.49703347705612133,0.7284398853372598,0.4444444444444444,0.08052737460270258,60,medium
A375,antisym_mlp,42,Gemcitabine HCl,3,270,0.184392233816615,0.29410586998636973,0.3722406610715014,0.8236955320482638,0.5361111111111111,0.09860517939255564,40,high
A375,antisym_mlp,43,Hydroxyurea,3,270,0.027126945462178403,0.04212646417891689,0.3557516179992299,0.6053326802985991,0.19354838709677416,0.04662857445869965,10,low
A375,antisym_mlp,44,Ifosfamide,3,270,0.011209531893694382,0.017191581250965236,0.35459364532828164,0.6228788494092478,0.22891963109354416,0.05826601958612903,30,low
A375,antisym_mlp,45,Imatinib Mesylate,3,270,0.010985119077002082,0.01666506380598255,0.3410466291439733,0.6200531836447719,0.4360725563633694,0.09399383918229147,65,medium
A375,antisym_mlp,46,Imiquimod,3,270,0.05885623388013143,0.07820839527762918,0.24701210730467413,0.5185023480625196,0.20895522388059704,0.0923867798867799,37,low
A375,antisym_mlp,47,Irinotecan HCl,3,270,0.032848975843190346,0.054264326851444195,0.39214954458089585,0.633379319338973,0.5161290322580645,0.09716968266456859,78,high
A375,antisym_mlp,48,Ixabepilone,3,270,0.04948407955031316,0.05631000966340984,0.11660544732446827,0.3802433249753289,0.1595959595959596,0.08211498178168473,67,low
A375,antisym_mlp,49,Lapatinib Ditosylate,3,270,0.02065741331964176,0.03858585051863432,0.46565198170045363,0.7277121148650528,0.31683168316831684,0.07943679944118047,73,medium
A375,antisym_mlp,50,Lenalidomide,3,270,0.01900678788615506,0.01893494371416976,-0.004064847409689228,0.4271149965224698,0.5454545454545454,0.08095545225121314,39,high
A375,antisym_mlp,51,Letrozole,3,270,0.01579323333598093,0.01943380190736767,0.18462225374692842,0.4703119005734047,0.26,0.052992069214131216,29,medium
A375,antisym_mlp,52,Lomustine; CCNU,3,270,0.01425973722695187,0.01738060165113065,0.17509619529540532,0.5438826842243243,0.5277777777777778,0.06420712572028361,30,high
A375,antisym_mlp,53,Mechlorethamine HCl,3,270,0.03749837734793716,0.03391530602024372,-0.10695246631013307,0.24899802627276713,0.22847222222222222,0.032009440723849696,12,low
A375,antisym_mlp,54,Megestrol acetate,3,270,0.02806037208093966,0.013983733692126715,-1.0253108988834783,0.10552057865542179,0.21955430006277465,0.07804979930333254,48,low
A375,antisym_mlp,55,Melphalan,3,270,0.027600251274968596,0.0247721156308236,-0.11618314048256069,0.296751975153629,0.4669189795346229,0.08721078057462496,32,medium
A375,antisym_mlp,56,Mercaptopurine,3,270,0.018991120291265387,0.032160264438271406,0.4098853174249822,0.6488099643149358,0.5333333333333333,0.06527865087647695,20,high
A375,antisym_mlp,57,Methotrexate,3,270,0.02450054042546704,0.04478476590343544,0.45667219987934304,0.693929649945784,0.6527777777777778,0.08841257643003986,58,high
A375,antisym_mlp,58,Methoxsalen,3,270,0.015274708834985754,0.035674115940103945,0.5726325834013725,0.7605686354214388,0.12301587301587302,0.07984964097323648,31,low
A375,antisym_mlp,59,Mitomycin C,3,270,0.12015247473992192,0.10274426146549857,-0.16964234707549672,-0.10956214051504982,0.1393195521102498,0.08976601506304475,50,low
A375,antisym_mlp,60,Mitotane; o;p'-DDD,3,270,0.021259049421845807,0.017809084666783968,-0.19286329289727008,0.16640252893118115,0.125,0.046858378093625926,25,low
A375,antisym_mlp,61,Mitoxantrone HCl,3,270,0.13764424473926887,0.1671738379694342,0.176933626401083,0.5187445415867679,0.16666666666666666,0.07950759654182714,31,low
A375,antisym_mlp,62,Nelarabine,3,270,0.021984051833040377,0.023737987617864,0.07391159082178382,0.4237685956052967,0.5157232704402516,0.08575899731477958,45,medium
A375,antisym_mlp,63,Nilotinib,3,270,0.0272052589760296,0.030766458835954507,0.11794867217288525,0.3927833742386077,0.4182872371074618,0.08841461151986041,70,medium
A375,antisym_mlp,64,Oxaliplatin,3,270,0.01033961925128323,0.025336336895716408,0.5925586978206688,0.7950358030709767,0.21832358674463936,0.057316125278105666,16,low
A375,antisym_mlp,65,Paclitaxel,3,270,0.021784694192371317,0.03285854130187854,0.33508001778532687,0.6046201509474884,0.7676767676767676,0.08489718815805773,86,high
A375,antisym_mlp,66,Pazopanib HCl,3,270,0.021450964386435314,0.03701845279367366,0.4206232735982809,0.6776641976173742,0.25773195876288657,0.07873931623931624,57,medium
A375,antisym_mlp,67,Pemetrexed Disodium,3,270,0.02944176398924515,0.032725563000258626,0.1057814763662455,0.44389497821547735,0.37804878048780494,0.08495026321113279,55,medium
A375,antisym_mlp,68,Pentostatin,3,270,0.020193494181252932,0.020860333875544895,0.04030978231919791,0.41198174315693725,0.46896955503512877,0.07789992077211179,44,medium
A375,antisym_mlp,69,Pipobroman,3,270,0.01528441860176324,0.014588702408707112,-0.0643603004460513,0.3652950150134255,0.1724137931034483,0.06685621082070094,18,low
A375,antisym_mlp,70,Plicamycin,3,270,0.05553993124163117,0.08380301912282397,0.3382060437752787,0.6248408336476975,0.24003048006096014,0.07129715396928511,86,medium
A375,antisym_mlp,71,Pralatrexate,3,270,0.027367368693653357,0.054184026838028955,0.4907608844426781,0.7220615734059339,0.6527777777777778,0.08558019575469152,61,high
A375,antisym_mlp,72,Procarbazine HCl,3,270,0.016946116503316008,0.02721436170258948,0.37707633279447667,0.6050006716449907,0.24074074074074073,0.09606431880542488,30,medium
A375,antisym_mlp,73,Raloxifene HCl,3,270,0.0419673901106124,0.017634339372126842,-1.359992971980713,0.26570843323937915,0.21126760563380284,0.0894105894105894,51,low
A375,antisym_mlp,74,Romidepsin,3,270,0.04001643311592716,0.061311418789948995,0.3459315207620148,0.6233550263935476,0.14615384615384616,0.06435446584379366,59,low
A375,antisym_mlp,75,Sirolimus (Rapamycin),3,270,0.028839510420582155,0.06455078365770454,0.5540503268510016,0.7941102452280285,0.8727272727272727,0.06541534524602914,100,high
A375,antisym_mlp,76,Streptozocin,3,270,0.01513797059965146,0.0199019545869422,0.23795913476612351,0.6392518623628408,0.2413793103448276,0.07155275148473096,35,medium
A375,antisym_mlp,77,Sunitinib Malate,3,270,0.02671922917471929,0.036843823893136986,0.2742809358132882,0.5584157822211285,0.15527777777777776,0.09524389205047175,57,low
A375,antisym_mlp,78,Tamoxifen Citrate,3,270,0.029866319131121297,0.04501457476184271,0.33894778976399503,0.647342143340352,0.19441649899396377,0.0794667946162742,35,low
A375,antisym_mlp,79,Temozolomide,3,270,0.06193567516007372,0.0866537022768283,0.28682969976126277,0.5932857283401854,0.1835071707953064,0.08800103674634231,32,low
A375,antisym_mlp,80,Teniposide,3,270,0.052199807248175856,0.06274569599828321,0.17774724458636146,0.5045442233457104,0.7530864197530865,0.0793254261333256,76,high
A375,antisym_mlp,81,Thalidomide,3,270,0.03854598117599505,0.048013575208202854,0.1974374213968019,0.542798484085251,0.5454545454545454,0.08860579696088232,29,high
A375,antisym_mlp,82,Thioguanine,3,270,0.036077304288059546,0.047979750867283066,0.24803827827690905,0.5329381094887224,0.5333333333333333,0.05647152463190199,26,high
A375,antisym_mlp,83,Thiotepa,3,270,0.02656634426620236,0.04591154155795202,0.41774479939157133,0.6866842526458098,0.15,0.01755990027314891,11,low
A375,antisym_mlp,84,Topotecan HCl,3,270,0.0434798814624072,0.04955037200635151,0.12459432739891936,0.47355359272650327,0.5161290322580645,0.09818070684078888,63,high
A375,antisym_mlp,85,Tretinoin,3,270,0.01136169646611202,0.020389656113651688,0.44327141961246613,0.6803692279441074,0.16,0.06634766327279697,39,low
A375,antisym_mlp,86,Triethylenemelamine,3,270,0.049206417635345306,0.0747783041475956,0.34215003511691017,0.6161862812145209,0.15,0.04649295443514136,12,low
A375,antisym_mlp,87,Uracil mustard,3,270,0.021038161761932437,0.04240814308999463,0.5006865943073519,0.7159673443521136,0.3495827843653931,0.06004685908737081,27,medium
A375,antisym_mlp,88,Vemurafenib,3,270,0.05895738390146771,0.06912652813570752,0.1486705714204395,0.48915560241093775,0.2110091743119266,0.09557300744924291,59,low
A375,antisym_mlp,89,Vinblastine Sulfate,3,270,0.025916930128025317,0.051876856362600476,0.49772510827201827,0.7726231851568207,0.8352430100002916,0.0877337429595494,96,high
A375,antisym_mlp,90,Vincristine Sulfate,3,270,0.042614257845642156,0.07422415730594893,0.4220697931901003,0.680823902155856,0.883495145631068,0.08586932625409242,98,high
A375,antisym_mlp,91,Vinorelbine Tartrate,3,270,0.04107020896785218,0.08656099660797027,0.5264709961609934,0.7840751861753178,0.7100066167862779,0.08350008113018077,97,high
A375,antisym_mlp,92,Vismodegib,3,270,0.005408922335185446,0.016448652782986708,0.669226939146777,0.8158761459944103,0.2692307692307692,0.08421401882516284,48,medium
A375,antisym_mlp,93,Vorinostat,3,270,0.03462532413000496,0.029923647387884892,-0.1558999938751139,0.278291386828401,0.2133200354609929,0.08637978095270726,27,low
A375,antisym_mlp,94,Zoledronic Acid,3,270,0.027173916436009176,0.02521698787522098,-0.08294785834331453,0.28507326248437487,0.14925373134328357,0.06302238702854114,27,low
A375,antisym_mlp,95,abiraterone,3,270,0.034040844590366416,0.03871393132634148,0.1102671115332684,0.2697526150689822,0.20779727095516567,0.0772259236826166,47,low
A375,antisym_mlp,96,carfilzomib,3,270,0.0595735013292766,0.07890939877485888,0.24712256971268212,0.5503887282932826,0.3176470588235294,0.0912286719806657,62,medium
A375,antisym_mlp,97,sorafenib,3,270,0.011669506757029243,0.01877034038825155,0.3769891297456554,0.7143934114229739,0.2692307692307692,0.08387112887112887,51,medium
A375,antisym_mlp,98,valrubicin,3,270,0.1026030386003735,0.06878320017931404,-0.49849101933455264,0.7164340808249104,0.6161616161616161,0.08593169218729456,89,high
A375,antisym_mlp,99,vandetanib,3,270,0.026217395983700473,0.036238131597737866,0.27696963933605623,0.5852415610837393,0.4444444444444444,0.08475565669865355,57,medium
A375,lowrank,0,Allopurinol,3,270,0.029075312721362517,0.03958927327852521,0.2690516090279449,0.6532871870085417,0.29411764705882354,0.06452228327228328,24,medium
A375,lowrank,1,Altretamine,3,270,0.036060503074067475,0.05818006593909338,0.37696248313458014,0.7273147895289319,0.15,0.044741180177612826,11,low
A375,lowrank,2,Amifostine,3,270,0.02319657822392343,0.023152876388547943,-0.002782335859368638,0.3095312040460841,0.1574074074074074,0.04659934817474234,25,low
A375,lowrank,3,Aminolevulinic Acid,3,270,0.02749117760213317,0.035611709419874044,0.22935347200875547,0.5556068466844762,0.20512820512820515,0.049533947104918714,16,low
A375,lowrank,4,Anastrozole,3,270,0.01859729882858271,0.017646152333121983,-0.053945800629745334,0.3975052216001112,0.26,0.06361016766886678,34,medium
A375,lowrank,5,Arsenic Trioxide,3,270,0.019393854142947472,0.032269243400325505,0.3977188827605988,0.5748477361049038,0.0,0.0,2,low
A375,lowrank,6,Axitinib,3,270,0.02363862589848571,0.03414742883096938,0.3066681895049646,0.7120517262086201,0.2122329362828512,0.08434343459524458,52,low
A375,lowrank,7,Azacitidine,3,270,0.021365924158850563,0.019903949595805107,-0.07244852554036325,0.4303443155422518,0.6444444444444445,0.09173683678469706,37,high
A375,lowrank,8,Bendamustine HCl,3,270,0.01933966081767569,0.02748869413851927,0.28751175289437453,0.6359507631109894,0.52,0.1007042290041646,45,high
A375,lowrank,9,Bleomycin,3,270,0.09634955568358705,0.07334021664103064,-0.3200048332362034,0.36377817735957585,0.14039938556067588,0.06967887619656707,139,low
A375,lowrank,10,Bortezomib,3,270,0.04898241265252174,0.054377065665551595,0.09906883374835151,0.4089991254280095,0.3176470588235294,0.08824003031164157,50,medium
A375,lowrank,11,Busulfan,3,270,0.05583173135426688,0.09062810494854164,0.3844057276627792,0.6856450536423924,0.11159045153868279,0.04225389866930251,15,low
A375,lowrank,12,Cabazitaxel,3,270,0.18066092511991272,0.18811202773242686,0.039518557199659465,0.3428105935094717,0.7920792079207922,0.0835825462699949,92,high
A375,lowrank,13,Capecitabine,3,270,0.02524741584819895,0.02606736599953306,0.019588171558502527,0.48891947891735416,0.2857142857142857,0.10896409743125897,53,medium
A375,lowrank,14,Carboplatin,3,270,0.012357656436446623,0.028369419054141826,0.566568491081375,0.7558906146355167,0.19576719576719573,0.04949875705374901,17,low
A375,lowrank,15,Carmustine,3,270,0.017156822245568523,0.028998579936517384,0.383134277045162,0.6521063545207625,0.5277777777777778,0.04744337395662999,25,high
A375,lowrank,16,Celecoxib,3,270,0.012834644493925402,0.02959372113405995,0.5628306563198999,0.7473275633899981,0.1744507870610621,0.07483050875635489,40,low
A375,lowrank,17,Chlorambucil,3,270,0.009752320931765172,0.01325434965445005,0.2671533844670463,0.5749277830512315,0.5365853658536586,0.0772604588394062,31,high
A375,lowrank,18,Cisplatin,3,270,0.013263470763401638,0.020811174368276755,0.36531564343394424,0.5875683593836912,0.057539682539682536,0.0,5,low
A375,lowrank,19,Cladribine,3,270,0.03556439950874824,0.051932218448724865,0.3088767457243231,0.5813719322310368,0.6008004574042309,0.08475719323824414,44,high
A375,lowrank,20,Clofarabine,3,270,0.093032275981579,0.10900759941306341,0.14778803300411858,0.5304226464544436,0.5787878787878787,0.07585265922212647,45,high
A375,lowrank,21,Crizotinib,3,270,0.013204519443010468,0.022006322173572318,0.3999424037281783,0.6289298706404228,0.1854901960784314,0.08873831713853586,60,low
A375,lowrank,22,Cyclophosphamide,3,270,0.030999972665660024,0.04460610117367092,0.30432650716631465,0.6324846199831682,0.26988636363636365,0.04495492294710663,27,medium
A375,lowrank,23,Cytarabine; Ara-C,3,270,0.057065228850993625,0.0973304424264025,0.4115755508598715,0.7412138854887108,0.6310185185185185,0.09464066016504126,37,high
A375,lowrank,24,Dacarbazine,3,270,0.018991571019456237,0.028476237587448324,0.3356229899973348,0.6085081829243001,0.20094760312151616,0.08050745077706396,31,low
A375,lowrank,25,Dactinomycin,3,270,0.07964415700043798,0.07467478126368249,-0.06632599756470425,0.22160948501272923,0.18052333557833822,0.09936411144052437,90,low
A375,lowrank,26,Dasatinib,3,270,0.02285251480146221,0.035192954830285623,0.3473481116947265,0.592532547432857,0.24649859943977592,0.09500465989788809,65,medium
A375,lowrank,27,Daunorubicin HCl,3,270,0.05591878174573311,0.08161644894806795,0.31327545970426873,0.7710158751875884,0.8533333333333334,0.08879196051030487,68,high
A375,lowrank,28,Decitabine,3,270,0.07738344405073933,0.03036618333147874,-1.5172187692250703,-0.06701098265982294,0.6000267630135153,0.10240322230778805,39,high
A375,lowrank,29,Dexrazoxane HCl,3,270,0.009478339359243344,0.014765766324314276,0.35888599594308107,0.6499984504971031,0.20000000000000004,0.07881374699002408,25,low
A375,lowrank,30,Docetaxel,3,270,0.05814734871036392,0.05116151816932576,-0.14068913691560128,0.40970551370816044,0.783945061172784,0.08136703330406862,89,high
A375,lowrank,31,Doxorubicin HCl,3,270,0.03457267714214557,0.09421727411761223,0.6306850648979282,0.8119468650927365,0.8533333333333334,0.09155104319702269,71,high
A375,lowrank,32,Erlotinib HCl,3,270,0.06526773724831239,0.07387311650817668,0.11745862159267151,0.42162238051842654,0.3830409356725146,0.0723025495057817,47,medium
A375,lowrank,33,Estramustine phosphate,3,270,0.03252641779139726,0.028223608824271676,-0.1538034287556401,0.12869545819141082,0.22321036451471232,0.09711835804658255,61,low
A375,lowrank,34,Etoposide,3,270,0.043088510373006365,0.05449088401325458,0.2071699202976355,0.4481391462929832,0.7530864197530865,0.07444570510854832,66,high
A375,lowrank,35,Everolimus,3,270,0.03519251576801511,0.06028155367629053,0.41644992655100266,0.6807437673104973,0.8727272727272727,0.07018122661328084,106,high
A375,lowrank,36,Exemestane,3,270,0.015975015778719567,0.015669995830980086,-0.01713688999606607,0.3223559148395634,0.21043771043771042,0.06498363721365125,41,low
A375,lowrank,37,Floxuridine,3,270,0.11824488623195246,0.12974153777635122,0.08844418608567657,0.3106956680267559,0.4716981132075471,0.08764492753623188,39,medium
A375,lowrank,38,Fludarabine Phosphate,3,270,0.026673911870463474,0.026189684811012057,-0.002949687248279228,0.38936892379897037,0.4615384615384615,0.09256531287242732,50,medium
A375,lowrank,39,Fluorouracil (5-FU),3,270,0.06714048322183444,0.07618031545684374,0.11952134531459606,0.34936625111752145,0.3406404470234257,0.04865839162589003,19,medium
A375,lowrank,40,Fulvestrant,3,270,0.041512904448515735,0.03961063057545827,-0.04252385245345924,0.24889860962084867,0.24242424242424243,0.0834512755900666,62,medium
A375,lowrank,41,Gefitinib,3,270,0.011088817399227874,0.01962064879917323,0.43311077827345024,0.6874451451074286,0.4444444444444444,0.08052737460270258,60,medium
A375,lowrank,42,Gemcitabine HCl,3,270,0.17461927636939722,0.29410586998636973,0.4052826169824195,0.8354875385260755,0.5361111111111111,0.09860517939255564,40,high
A375,lowrank,43,Hydroxyurea,3,270,0.02794602997595096,0.04212646417891689,0.33853098297444917,0.5913940719635636,0.19354838709677416,0.04662857445869965,10,low
A375,lowrank,44,Ifosfamide,3,270,0.011809334216180115,0.017191581250965236,0.3178401419393601,0.5810895106128608,0.22891963109354416,0.05826601958612903,30,low
A375,lowrank,45,Imatinib Mesylate,3,270,0.011454072626925363,0.01666506380598255,0.31182084708922925,0.5886570645162662,0.4360725563633694,0.09399383918229147,65,medium
A375,lowrank,46,Imiquimod,3,270,0.05747442150465803,0.07820839527762918,0.2644231880945747,0.5543085807421857,0.20895522388059704,0.0923867798867799,37,low
A375,lowrank,47,Irinotecan HCl,3,270,0.03607927042514112,0.054264326851444195,0.3382290483963677,0.5955974699022414,0.5161290322580645,0.09716968266456859,78,high
A375,lowrank,48,Ixabepilone,3,270,0.04166494291085109,0.05631000966340984,0.2580155265887619,0.5012164443182592,0.1595959595959596,0.08211498178168473,67,low
A375,lowrank,49,Lapatinib Ditosylate,3,270,0.02289927250361772,0.03858585051863432,0.4061114142813504,0.6713148720871697,0.31683168316831684,0.07943679944118047,73,medium
A375,lowrank,50,Lenalidomide,3,270,0.020584289761126317,0.01893494371416976,-0.08309292432167581,0.3876280514996957,0.5454545454545454,0.08095545225121314,39,high
A375,lowrank,51,Letrozole,3,270,0.01860247152511958,0.01943380190736767,0.04565237363474406,0.3086426876759995,0.26,0.052992069214131216,29,medium
A375,lowrank,52,Lomustine; CCNU,3,270,0.01346591917685591,0.01738060165113065,0.22929903626266612,0.5555222429608165,0.5277777777777778,0.06420712572028361,30,high
A375,lowrank,53,Mechlorethamine HCl,3,270,0.039022414949472804,0.03391530602024372,-0.15153366534215937,0.18332122256289543,0.22847222222222222,0.032009440723849696,12,low
A375,lowrank,54,Megestrol acetate,3,270,0.024902263440143717,0.013983733692126715,-0.7935748802468264,0.13701170081159222,0.21955430006277465,0.07804979930333254,48,low
A375,lowrank,55,Melphalan,3,270,0.025249403298577913,0.0247721156308236,-0.021619243589907078,0.3197360967939271,0.4669189795346229,0.08721078057462496,32,medium
A375,lowrank,56,Mercaptopurine,3,270,0.016264682393051063,0.032160264438271406,0.4931640400473393,0.7217978587219984,0.5333333333333333,0.06527865087647695,20,high
A375,lowrank,57,Methotrexate,3,270,0.022484922072976518,0.04478476590343544,0.4992077333148787,0.7410411691503439,0.6527777777777778,0.08841257643003986,58,high
A375,lowrank,58,Methoxsalen,3,270,0.018298762541315013,0.035674115940103945,0.48752108289001805,0.726770276637196,0.12301587301587302,0.07984964097323648,31,low
A375,lowrank,59,Mitomycin C,3,270,0.10705616730124427,0.10274426146549857,-0.04220604378106585,0.11591230897524608,0.1393195521102498,0.08976601506304475,50,low
A375,lowrank,60,Mitotane; o;p'-DDD,3,270,0.017523793426347967,0.017809084666783968,0.014526294921216598,0.27508395213005093,0.125,0.046858378093625926,25,low
A375,lowrank,61,Mitoxantrone HCl,3,270,0.1304888382426912,0.1671738379694342,0.219457210015383,0.6483683666134471,0.16666666666666666,0.07950759654182714,31,low
A375,lowrank,62,Nelarabine,3,270,0.022555121974057193,0.023737987617864,0.05020696566927633,0.40836609138029334,0.5157232704402516,0.08575899731477958,45,medium
A375,lowrank,63,Nilotinib,3,270,0.02703774434673997,0.030766458835954507,0.12443255448590951,0.3957425662126138,0.4182872371074618,0.08841461151986041,70,medium
A375,lowrank,64,Oxaliplatin,3,270,0.0107457302308842,0.025336336895716408,0.5762932734560234,0.7800212377891279,0.21832358674463936,0.057316125278105666,16,low
A375,lowrank,65,Paclitaxel,3,270,0.023226705014760294,0.03285854130187854,0.2882122503617417,0.47592980294477466,0.7676767676767676,0.08489718815805773,86,high
A375,lowrank,66,Pazopanib HCl,3,270,0.024711314234360075,0.03701845279367366,0.3308131983735082,0.5894207925692884,0.25773195876288657,0.07873931623931624,57,medium
A375,lowrank,67,Pemetrexed Disodium,3,270,0.02344797013277008,0.032725563000258626,0.28737950543935487,0.5930128514617836,0.37804878048780494,0.08495026321113279,55,medium
A375,lowrank,68,Pentostatin,3,270,0.020627779101491397,0.020860333875544895,0.015108656020065059,0.3821644004888561,0.46896955503512877,0.07789992077211179,44,medium
A375,lowrank,69,Pipobroman,3,270,0.01401082234687217,0.014588702408707112,0.03510756170480659,0.3666447080292181,0.1724137931034483,0.06685621082070094,18,low
A375,lowrank,70,Plicamycin,3,270,0.05751329393166932,0.08380301912282397,0.31511485934870115,0.6309038409579154,0.24003048006096014,0.07129715396928511,86,medium
A375,lowrank,71,Pralatrexate,3,270,0.026823925644119517,0.054184026838028955,0.5053587946290876,0.7313617404219063,0.6527777777777778,0.08558019575469152,61,high
A375,lowrank,72,Procarbazine HCl,3,270,0.021184649600395736,0.02721436170258948,0.22067247909911292,0.48763908058418765,0.24074074074074073,0.09606431880542488,30,medium
A375,lowrank,73,Raloxifene HCl,3,270,0.042640188156377046,0.017634339372126842,-1.4136214173916664,0.2519832389648678,0.21126760563380284,0.0894105894105894,51,low
A375,lowrank,74,Romidepsin,3,270,0.04145247597008054,0.061311418789948995,0.32313830548755723,0.6156222837911217,0.14615384615384616,0.06435446584379366,59,low
A375,lowrank,75,Sirolimus (Rapamycin),3,270,0.030504894455328575,0.06455078365770454,0.528118686036999,0.7641885825625284,0.8727272727272727,0.06541534524602914,100,high
A375,lowrank,76,Streptozocin,3,270,0.017246081341630946,0.0199019545869422,0.13747695872295285,0.5683235371554132,0.2413793103448276,0.07155275148473096,35,medium
A375,lowrank,77,Sunitinib Malate,3,270,0.03204824293853107,0.036843823893136986,0.1293700554514916,0.45053775906776955,0.15527777777777776,0.09524389205047175,57,low
A375,lowrank,78,Tamoxifen Citrate,3,270,0.0322354680075141,0.04501457476184271,0.27962209037671953,0.606710648838877,0.19441649899396377,0.0794667946162742,35,low
A375,lowrank,79,Temozolomide,3,270,0.05390844267825709,0.0866537022768283,0.37830558917769014,0.6832807432716231,0.1835071707953064,0.08800103674634231,32,low
A375,lowrank,80,Teniposide,3,270,0.04352855350749013,0.06274569599828321,0.3106769650960907,0.5768962891962309,0.7530864197530865,0.0793254261333256,76,high
A375,lowrank,81,Thalidomide,3,270,0.03800892267804145,0.048013575208202854,0.2093149959310513,0.5528769354061058,0.5454545454545454,0.08860579696088232,29,high
A375,lowrank,82,Thioguanine,3,270,0.03132355480996368,0.047979750867283066,0.34690124967314184,0.5934722901021464,0.5333333333333333,0.05647152463190199,26,high
A375,lowrank,83,Thiotepa,3,270,0.030417573359748647,0.04591154155795202,0.33831698053449105,0.6744108524445535,0.15,0.01755990027314891,11,low
A375,lowrank,84,Topotecan HCl,3,270,0.03982512577460098,0.04955037200635151,0.19769646361355217,0.5061473588289088,0.5161290322580645,0.09818070684078888,63,high
A375,lowrank,85,Tretinoin,3,270,0.01687190013060075,0.020389656113651688,0.1685368743519767,0.4618426265596849,0.16,0.06634766327279697,39,low
A375,lowrank,86,Triethylenemelamine,3,270,0.051278724458443725,0.0747783041475956,0.313689640285508,0.6152530591093271,0.15,0.04649295443514136,12,low
A375,lowrank,87,Uracil mustard,3,270,0.02275248220508203,0.04240814308999463,0.4602381140778001,0.6998050603510242,0.3495827843653931,0.06004685908737081,27,medium
A375,lowrank,88,Vemurafenib,3,270,0.060897156643813184,0.06912652813570752,0.11831801061549463,0.47585926995030237,0.2110091743119266,0.09557300744924291,59,low
A375,lowrank,89,Vinblastine Sulfate,3,270,0.030850699917880742,0.051876856362600476,0.40442139195882393,0.6701065618515285,0.8352430100002916,0.0877337429595494,96,high
A375,lowrank,90,Vincristine Sulfate,3,270,0.034656937161618995,0.07422415730594893,0.5311738097694997,0.7623728628440278,0.883495145631068,0.08586932625409242,98,high
A375,lowrank,91,Vinorelbine Tartrate,3,270,0.04505222171184114,0.08656099660797027,0.4815256904933527,0.7034957312566958,0.7100066167862779,0.08350008113018077,97,high
A375,lowrank,92,Vismodegib,3,270,0.006449924709929968,0.016448652782986708,0.6063749330860017,0.7877475925281336,0.2692307692307692,0.08421401882516284,48,medium
A375,lowrank,93,Vorinostat,3,270,0.035667923546061936,0.029923647387884892,-0.19086631192763415,0.2993994075283121,0.2133200354609929,0.08637978095270726,27,low
A375,lowrank,94,Zoledronic Acid,3,270,0.026016340872989124,0.02521698787522098,-0.03286500711230463,0.32507218471029625,0.14925373134328357,0.06302238702854114,27,low
A375,lowrank,95,abiraterone,3,270,0.0383305457198144,0.03871393132634148,0.010773192551371583,0.20851230173985433,0.20779727095516567,0.0772259236826166,47,low
A375,lowrank,96,carfilzomib,3,270,0.054829551954644874,0.07890939877485888,0.30600889553974137,0.6082453016234373,0.3176470588235294,0.0912286719806657,62,medium
A375,lowrank,97,sorafenib,3,270,0.014367857590928337,0.01877034038825155,0.22612514484913657,0.6594252973060101,0.2692307692307692,0.08387112887112887,51,medium
A375,lowrank,98,valrubicin,3,270,0.09848226001378875,0.06878320017931404,-0.4394022502623955,0.7139932826368964,0.6161616161616161,0.08593169218729456,89,high
A375,lowrank,99,vandetanib,3,270,0.032436680638543165,0.036238131597737866,0.10357575561466344,0.5320647404447841,0.4444444444444444,0.08475565669865355,57,medium
A375,pair_only,0,Allopurinol,3,270,0.029697514778918754,0.03958927327852521,0.2448092910874079,0.6429816464277102,0.29411764705882354,0.06452228327228328,24,medium
A375,pair_only,1,Altretamine,3,270,0.046593866303908944,0.05818006593909338,0.18739204464148188,0.6869140490729158,0.15,0.044741180177612826,11,low
A375,pair_only,2,Amifostine,3,270,0.021788817601100064,0.023152876388547943,0.056250989846285626,0.2772709653990712,0.1574074074074074,0.04659934817474234,25,low
A375,pair_only,3,Aminolevulinic Acid,3,270,0.030675628011566255,0.035611709419874044,0.13925125849896047,0.4441696356523434,0.20512820512820515,0.049533947104918714,16,low
A375,pair_only,4,Anastrozole,3,270,0.015571498525112889,0.017646152333121983,0.11402207104985022,0.39778231541627956,0.26,0.06361016766886678,34,medium
A375,pair_only,5,Arsenic Trioxide,3,270,0.032269243400325505,0.032269243400325505,0.0,,0.0,0.0,2,low
A375,pair_only,6,Axitinib,3,270,0.024171041504220222,0.03414742883096938,0.28973652891783186,0.7024501980906818,0.2122329362828512,0.08434343459524458,52,low
A375,pair_only,7,Azacitidine,3,270,0.01798675476053214,0.019903949595805107,0.09567622582365243,0.41509867131451555,0.6444444444444445,0.09173683678469706,37,high
A375,pair_only,8,Bendamustine HCl,3,270,0.01806367939200948,0.02748869413851927,0.3387252080675626,0.666314439129752,0.52,0.1007042290041646,45,high
A375,pair_only,9,Bleomycin,3,270,0.0839415584393039,0.07334021664103064,-0.14135088477587487,0.4436970823151674,0.14039938556067588,0.06967887619656707,139,low
A375,pair_only,10,Bortezomib,3,270,0.04540489559709978,0.054377065665551595,0.1650461967370527,0.4580586545467269,0.3176470588235294,0.08824003031164157,50,medium
A375,pair_only,11,Busulfan,3,270,0.0803193939786903,0.09062810494854164,0.11390894074308049,0.6595307199503501,0.11159045153868279,0.04225389866930251,15,low
A375,pair_only,12,Cabazitaxel,3,270,0.1865489386673389,0.18811202773242686,0.008301490638878048,0.2700171640121859,0.7920792079207922,0.0835825462699949,92,high
A375,pair_only,13,Capecitabine,3,270,0.016425291194272478,0.02606736599953306,0.3687645108047842,0.6329205481375811,0.2857142857142857,0.10896409743125897,53,medium
A375,pair_only,14,Carboplatin,3,270,0.019731068974464114,0.028369419054141826,0.3030393175477216,0.6876504343100752,0.19576719576719573,0.04949875705374901,17,low
A375,pair_only,15,Carmustine,3,270,0.018931195392414103,0.028998579936517384,0.31921742906425216,0.5624732237159714,0.5277777777777778,0.04744337395662999,25,high
A375,pair_only,16,Celecoxib,3,270,0.016803195455483325,0.02959372113405995,0.4227858227903596,0.6798249699553987,0.1744507870610621,0.07483050875635489,40,low
A375,pair_only,17,Chlorambucil,3,270,0.01043648675916614,0.01325434965445005,0.2198125709662786,0.5238253774550822,0.5365853658536586,0.0772604588394062,31,high
A375,pair_only,18,Cisplatin,3,270,0.020311724153307002,0.020811174368276755,0.026134305029914835,0.29224442977870946,0.057539682539682536,0.0,5,low
A375,pair_only,19,Cladribine,3,270,0.03953760923312693,0.051932218448724865,0.2332521640684245,0.5221260029803488,0.6008004574042309,0.08475719323824414,44,high
A375,pair_only,20,Clofarabine,3,270,0.08069081214775224,0.10900759941306341,0.26084778478462867,0.6305043245137429,0.5787878787878787,0.07585265922212647,45,high
A375,pair_only,21,Crizotinib,3,270,0.013589528193882094,0.022006322173572318,0.38008005145213103,0.6189776222341243,0.1854901960784314,0.08873831713853586,60,low
A375,pair_only,22,Cyclophosphamide,3,270,0.032737100858232226,0.04460610117367092,0.2642171590496851,0.6422720312988363,0.26988636363636365,0.04495492294710663,27,medium
A375,pair_only,23,Cytarabine; Ara-C,3,270,0.05024026350665765,0.0973304424264025,0.4834763382900052,0.7393914376424368,0.6310185185185185,0.09464066016504126,37,high
A375,pair_only,24,Dacarbazine,3,270,0.022735611226730262,0.028476237587448324,0.2030140521284384,0.5346590920920723,0.20094760312151616,0.08050745077706396,31,low
A375,pair_only,25,Dactinomycin,3,270,0.0737776509611472,0.07467478126368249,0.012118862085380822,0.2978203482995389,0.18052333557833822,0.09936411144052437,90,low
A375,pair_only,26,Dasatinib,3,270,0.024950349199149752,0.035192954830285623,0.28720537273867663,0.5482061189671428,0.24649859943977592,0.09500465989788809,65,medium
A375,pair_only,27,Daunorubicin HCl,3,270,0.04406139055573346,0.08161644894806795,0.4628162259350746,0.7595888886766943,0.8533333333333334,0.08879196051030487,68,high
A375,pair_only,28,Decitabine,3,270,0.07121399700832132,0.03036618333147874,-1.330993999796595,-0.11608405395250308,0.6000267630135153,0.10240322230778805,39,high
A375,pair_only,29,Dexrazoxane HCl,3,270,0.009325380410245079,0.014765766324314276,0.36749552162293647,0.605083344854828,0.20000000000000004,0.07881374699002408,25,low
A375,pair_only,30,Docetaxel,3,270,0.05984076781494474,0.05116151816932576,-0.1719967130897576,0.3717420282971009,0.783945061172784,0.08136703330406862,89,high
A375,pair_only,31,Doxorubicin HCl,3,270,0.03793650245180216,0.09421727411761223,0.5947897673974469,0.8020427551282764,0.8533333333333334,0.09155104319702269,71,high
A375,pair_only,32,Erlotinib HCl,3,270,0.06312450489596073,0.07387311650817668,0.14645030458005645,0.49939093433195336,0.3830409356725146,0.0723025495057817,47,medium
A375,pair_only,33,Estramustine phosphate,3,270,0.03833953550804483,0.028223608824271676,-0.3596055349811887,0.17196395292077782,0.22321036451471232,0.09711835804658255,61,low
A375,pair_only,34,Etoposide,3,270,0.040400286781024926,0.05449088401325458,0.2570144604466504,0.545121846726879,0.7530864197530865,0.07444570510854832,66,high
A375,pair_only,35,Everolimus,3,270,0.030310926136057362,0.06028155367629053,0.4967655466293952,0.737945135592866,0.8727272727272727,0.07018122661328084,106,high
A375,pair_only,36,Exemestane,3,270,0.014907309842905364,0.015669995830980086,0.05057646101692507,0.3007513603645681,0.21043771043771042,0.06498363721365125,41,low
A375,pair_only,37,Floxuridine,3,270,0.12473058909481634,0.12974153777635122,0.03883366642366345,0.1929741182039482,0.4716981132075471,0.08764492753623188,39,medium
A375,pair_only,38,Fludarabine Phosphate,3,270,0.0297641873283843,0.026189684811012057,-0.1266286335503336,0.2809277392153251,0.4615384615384615,0.09256531287242732,50,medium
A375,pair_only,39,Fluorouracil (5-FU),3,270,0.0719390331426006,0.07618031545684374,0.05679537573430693,0.21817285818454413,0.3406404470234257,0.04865839162589003,19,medium
A375,pair_only,40,Fulvestrant,3,270,0.061160019900734476,0.03961063057545827,-0.5315853109532821,-0.245554976033154,0.24242424242424243,0.0834512755900666,62,medium
A375,pair_only,41,Gefitinib,3,270,0.012636201098553861,0.01962064879917323,0.35207819467552975,0.6568636380595083,0.4444444444444444,0.08052737460270258,60,medium
A375,pair_only,42,Gemcitabine HCl,3,270,0.1938623124701658,0.29410586998636973,0.3403531397842441,0.7897009116421305,0.5361111111111111,0.09860517939255564,40,high
A375,pair_only,43,Hydroxyurea,3,270,0.04005636078729303,0.04212646417891689,0.04979549273214586,0.26344099823947303,0.19354838709677416,0.04662857445869965,10,low
A375,pair_only,44,Ifosfamide,3,270,0.011166163485131874,0.017191581250965236,0.35643568952935595,0.5897235773474944,0.22891963109354416,0.05826601958612903,30,low
A375,pair_only,45,Imatinib Mesylate,3,270,0.008609717441086797,0.01666506380598255,0.4838528171224817,0.7387529364511467,0.4360725563633694,0.09399383918229147,65,medium
A375,pair_only,46,Imiquimod,3,270,0.05955142859906784,0.07820839527762918,0.2378269392131793,0.5804178611169953,0.20895522388059704,0.0923867798867799,37,low
A375,pair_only,47,Irinotecan HCl,3,270,0.03307521521937779,0.054264326851444195,0.3877991480221352,0.6659215997013551,0.5161290322580645,0.09716968266456859,78,high
A375,pair_only,48,Ixabepilone,3,270,0.048934568701703075,0.05631000966340984,0.12893991275979,0.3983989628957831,0.1595959595959596,0.08211498178168473,67,low
A375,pair_only,49,Lapatinib Ditosylate,3,270,0.019408808685933185,0.03858585051863432,0.49469190681492536,0.7191980688524905,0.31683168316831684,0.07943679944118047,73,medium
A375,pair_only,50,Lenalidomide,3,270,0.018726053486663227,0.01893494371416976,0.015811088296300773,0.39579401151806753,0.5454545454545454,0.08095545225121314,39,high
A375,pair_only,51,Letrozole,3,270,0.018221411934224642,0.01943380190736767,0.06425622585025226,0.2606558046145815,0.26,0.052992069214131216,29,medium
A375,pair_only,52,Lomustine; CCNU,3,270,0.01578142563517646,0.01738060165113065,0.08625777560111214,0.5153582138274566,0.5277777777777778,0.06420712572028361,30,high
A375,pair_only,53,Mechlorethamine HCl,3,270,0.03378369169406597,0.03391530602024372,0.002808723518876177,0.1313995946039532,0.22847222222222222,0.032009440723849696,12,low
A375,pair_only,54,Megestrol acetate,3,270,0.02048585491806609,0.013983733692126715,-0.4542307900875366,0.16360120130240766,0.21955430006277465,0.07804979930333254,48,low
A375,pair_only,55,Melphalan,3,270,0.028886496936330396,0.0247721156308236,-0.1682732903633275,0.2309695753464668,0.4669189795346229,0.08721078057462496,32,medium
A375,pair_only,56,Mercaptopurine,3,270,0.023016931227794368,0.032160264438271406,0.2842533488669825,0.5789866716251789,0.5333333333333333,0.06527865087647695,20,high
A375,pair_only,57,Methotrexate,3,270,0.02933078818263503,0.04478476590343544,0.34225629472850366,0.6054151665472957,0.6527777777777778,0.08841257643003986,58,high
A375,pair_only,58,Methoxsalen,3,270,0.026436774669754772,0.035674115940103945,0.26025328306668266,0.5522944207892394,0.12301587301587302,0.07984964097323648,31,low
A375,pair_only,59,Mitomycin C,3,270,0.11291563241151821,0.10274426146549857,-0.09892791536510277,-0.09610478128276877,0.1393195521102498,0.08976601506304475,50,low
A375,pair_only,60,Mitotane; o;p'-DDD,3,270,0.014906478961840232,0.017809084666783968,0.16261157050523548,0.29838991718328706,0.125,0.046858378093625926,25,low
A375,pair_only,61,Mitoxantrone HCl,3,270,0.1301920948242442,0.1671738379694342,0.22170090830845976,0.792088537585452,0.16666666666666666,0.07950759654182714,31,low
A375,pair_only,62,Nelarabine,3,270,0.02387586893082921,0.023737987617864,-0.005714385274217452,0.3895487775058036,0.5157232704402516,0.08575899731477958,45,medium
A375,pair_only,63,Nilotinib,3,270,0.026199971718489683,0.030766458835954507,0.15059361659862755,0.4141354365682998,0.4182872371074618,0.08841461151986041,70,medium
A375,pair_only,64,Oxaliplatin,3,270,0.019511913304577914,0.025336336895716408,0.23041020870993534,0.6432563746766227,0.21832358674463936,0.057316125278105666,16,low
A375,pair_only,65,Paclitaxel,3,270,0.020837954733545407,0.03285854130187854,0.3619265379500338,0.5935631270904239,0.7676767676767676,0.08489718815805773,86,high
A375,pair_only,66,Pazopanib HCl,3,270,0.023942174010807633,0.03701845279367366,0.3515316186441087,0.5805081348700127,0.25773195876288657,0.07873931623931624,57,medium
A375,pair_only,67,Pemetrexed Disodium,3,270,0.02565613229362555,0.032725563000258626,0.22137966182700528,0.5202114128995329,0.37804878048780494,0.08495026321113279,55,medium
A375,pair_only,68,Pentostatin,3,270,0.02196184256272976,0.020860333875544895,-0.05073883702659062,0.2606369916928208,0.46896955503512877,0.07789992077211179,44,medium
A375,pair_only,69,Pipobroman,3,270,0.013631950465778116,0.014588702408707112,0.06028814730194998,0.40372865737886254,0.1724137931034483,0.06685621082070094,18,low
A375,pair_only,70,Plicamycin,3,270,0.05623369578867357,0.08380301912282397,0.33038828797627573,0.6445324684377495,0.24003048006096014,0.07129715396928511,86,medium
A375,pair_only,71,Pralatrexate,3,270,0.03591104403361325,0.054184026838028955,0.33503456746187066,0.6240124474904661,0.6527777777777778,0.08558019575469152,61,high
A375,pair_only,72,Procarbazine HCl,3,270,0.022886238741493047,0.02721436170258948,0.16026109913168654,0.42713446165978725,0.24074074074074073,0.09606431880542488,30,medium
A375,pair_only,73,Raloxifene HCl,3,270,0.04491084489691196,0.017634339372126842,-1.5403299903173415,0.25551752010018713,0.21126760563380284,0.0894105894105894,51,low
A375,pair_only,74,Romidepsin,3,270,0.04208142112508597,0.061311418789948995,0.3150344370911269,0.6543033677886724,0.14615384615384616,0.06435446584379366,59,low
A375,pair_only,75,Sirolimus (Rapamycin),3,270,0.03293052866764495,0.06455078365770454,0.4905697563109535,0.7632710230832368,0.8727272727272727,0.06541534524602914,100,high
A375,pair_only,76,Streptozocin,3,270,0.019371828558037915,0.0199019545869422,0.029308884529721062,0.5424321641808701,0.2413793103448276,0.07155275148473096,35,medium
A375,pair_only,77,Sunitinib Malate,3,270,0.028375774358639357,0.036843823893136986,0.2299424458277618,0.5292618200951544,0.15527777777777776,0.09524389205047175,57,low
A375,pair_only,78,Tamoxifen Citrate,3,270,0.035398932467290256,0.04501457476184271,0.2140071633198667,0.576713375075813,0.19441649899396377,0.0794667946162742,35,low
A375,pair_only,79,Temozolomide,3,270,0.049997568021843596,0.0866537022768283,0.42271190716326235,0.7398989950093605,0.1835071707953064,0.08800103674634231,32,low
A375,pair_only,80,Teniposide,3,270,0.04798031022748566,0.06274569599828321,0.23456720645925588,0.5269615683875047,0.7530864197530865,0.0793254261333256,76,high
A375,pair_only,81,Thalidomide,3,270,0.041399956684915556,0.048013575208202854,0.13848330528412164,0.4812954433435365,0.5454545454545454,0.08860579696088232,29,high
A375,pair_only,82,Thioguanine,3,270,0.03483886595886763,0.047979750867283066,0.2733283358577134,0.5207640874231173,0.5333333333333333,0.05647152463190199,26,high
A375,pair_only,83,Thiotepa,3,270,0.04303065586518459,0.04591154155795202,0.061993377748560584,0.5524780003937271,0.15,0.01755990027314891,11,low
A375,pair_only,84,Topotecan HCl,3,270,0.04509809851670731,0.04955037200635151,0.08908762852546111,0.4572045265161416,0.5161290322580645,0.09818070684078888,63,high
A375,pair_only,85,Tretinoin,3,270,0.016334275504859674,0.020389656113651688,0.19210340188138872,0.5059554034894571,0.16,0.06634766327279697,39,low
A375,pair_only,86,Triethylenemelamine,3,270,0.06120726681892355,0.0747783041475956,0.1812200405671854,0.6023205523311033,0.15,0.04649295443514136,12,low
A375,pair_only,87,Uracil mustard,3,270,0.02148259267530342,0.04240814308999463,0.48918268190414177,0.7132246179638783,0.3495827843653931,0.06004685908737081,27,medium
A375,pair_only,88,Vemurafenib,3,270,0.0527336565786306,0.06912652813570752,0.2371858814997805,0.5925197264653238,0.2110091743119266,0.09557300744924291,59,low
A375,pair_only,89,Vinblastine Sulfate,3,270,0.029141532703595346,0.051876856362600476,0.43068178318060274,0.7218572324363545,0.8352430100002916,0.0877337429595494,96,high
A375,pair_only,90,Vincristine Sulfate,3,270,0.03384782496645208,0.07422415730594893,0.5406469738261442,0.7231484325634745,0.883495145631068,0.08586932625409242,98,high
A375,pair_only,91,Vinorelbine Tartrate,3,270,0.04477097847437924,0.08656099660797027,0.4844808450301665,0.7749659822852699,0.7100066167862779,0.08350008113018077,97,high
A375,pair_only,92,Vismodegib,3,270,0.007654442382651782,0.016448652782986708,0.5324497094280695,0.7500109845996746,0.2692307692307692,0.08421401882516284,48,medium
A375,pair_only,93,Vorinostat,3,270,0.036112631966937474,0.029923647387884892,-0.20556565957166914,0.27992556925627415,0.2133200354609929,0.08637978095270726,27,low
A375,pair_only,94,Zoledronic Acid,3,270,0.025266988495505505,0.02521698787522098,-0.002318361661859577,0.18779566136167403,0.14925373134328357,0.06302238702854114,27,low
A375,pair_only,95,abiraterone,3,270,0.03417656190680803,0.03871393132634148,0.11262422241355519,0.18650274359004904,0.20779727095516567,0.0772259236826166,47,low
A375,pair_only,96,carfilzomib,3,270,0.05633313665153639,0.07890939877485888,0.2873224730646063,0.6084665698299312,0.3176470588235294,0.0912286719806657,62,medium
A375,pair_only,97,sorafenib,3,270,0.013415639558084188,0.01877034038825155,0.2759153987386549,0.7160097819563132,0.2692307692307692,0.08387112887112887,51,medium
A375,pair_only,98,valrubicin,3,270,0.08839973528402574,0.06878320017931404,-0.2933101418550879,0.7504741690115999,0.6161616161616161,0.08593169218729456,89,high
A375,pair_only,99,vandetanib,3,270,0.031796553291627554,0.036238131597737866,0.12266829797797947,0.5471899707741236,0.4444444444444444,0.08475565669865355,57,medium
A375,potential,0,Allopurinol,3,270,0.0319101494096972,0.03958927327852521,0.1937377328535896,0.5699661231941223,0.29411764705882354,0.06452228327228328,24,medium
A375,potential,1,Altretamine,3,270,0.037022826838992315,0.05818006593909338,0.3559792775313344,0.6829056248203239,0.15,0.044741180177612826,11,low
A375,potential,2,Amifostine,3,270,0.022395254526859237,0.023152876388547943,0.03035127241431061,0.2652446796538045,0.1574074074074074,0.04659934817474234,25,low
A375,potential,3,Aminolevulinic Acid,3,270,0.026088347640344383,0.035611709419874044,0.2672930311933683,0.583344608127597,0.20512820512820515,0.049533947104918714,16,low
A375,potential,4,Anastrozole,3,270,0.020542161787659285,0.017646152333121983,-0.1645814742333623,0.36674091660485003,0.26,0.06361016766886678,34,medium
A375,potential,5,Arsenic Trioxide,3,270,0.01983400523153236,0.032269243400325505,0.3842560943931718,0.5526247440944112,0.0,0.0,2,low
A375,potential,6,Axitinib,3,270,0.024776027740267284,0.03414742883096938,0.2725108352267697,0.6635325583504468,0.2122329362828512,0.08434343459524458,52,low
A375,potential,7,Azacitidine,3,270,0.017816476463475287,0.019903949595805107,0.10322196375292299,0.43024457011534406,0.6444444444444445,0.09173683678469706,37,high
A375,potential,8,Bendamustine HCl,3,270,0.02242645080361021,0.02748869413851927,0.1841804222723646,0.5265641302343994,0.52,0.1007042290041646,45,high
A375,potential,9,Bleomycin,3,270,0.08917235691036052,0.07334021664103064,-0.22375315374381088,0.42600984964671135,0.14039938556067588,0.06967887619656707,139,low
A375,potential,10,Bortezomib,3,270,0.046165129454440686,0.054377065665551595,0.15076818652640397,0.4471697457384387,0.3176470588235294,0.08824003031164157,50,medium
A375,potential,11,Busulfan,3,270,0.05834463423668795,0.09062810494854164,0.35659249397750176,0.6883493369452864,0.11159045153868279,0.04225389866930251,15,low
A375,potential,12,Cabazitaxel,3,270,0.1939876046465718,0.18811202773242686,-0.03134628445018254,0.12813927792546712,0.7920792079207922,0.0835825462699949,92,high
A375,potential,13,Capecitabine,3,270,0.01802734113043598,0.02606736599953306,0.3082441055916128,0.6045745428461465,0.2857142857142857,0.10896409743125897,53,medium
A375,potential,14,Carboplatin,3,270,0.013492874416719106,0.028369419054141826,0.5251855826892063,0.6956742776629463,0.19576719576719573,0.04949875705374901,17,low
A375,potential,15,Carmustine,3,270,0.02081159223463998,0.028998579936517384,0.2530733231987428,0.514631733990811,0.5277777777777778,0.04744337395662999,25,high
A375,potential,16,Celecoxib,3,270,0.014997466210394333,0.02959372113405995,0.4860403926576729,0.698930646140773,0.1744507870610621,0.07483050875635489,40,low
A375,potential,17,Chlorambucil,3,270,0.011659391822026048,0.01325434965445005,0.12023960629641717,0.5082960471446923,0.5365853658536586,0.0772604588394062,31,high
A375,potential,18,Cisplatin,3,270,0.01525550288872727,0.020811174368276755,0.27332705750143327,0.5293097201241658,0.057539682539682536,0.0,5,low
A375,potential,19,Cladribine,3,270,0.03566961731252338,0.051932218448724865,0.31112189148333347,0.5954809869976393,0.6008004574042309,0.08475719323824414,44,high
A375,potential,20,Clofarabine,3,270,0.09218824309207059,0.10900759941306341,0.15677152752260745,0.5369343495193177,0.5787878787878787,0.07585265922212647,45,high
A375,potential,21,Crizotinib,3,270,0.013028495300075901,0.022006322173572318,0.4051585237056274,0.6361021202978255,0.1854901960784314,0.08873831713853586,60,low
A375,potential,22,Cyclophosphamide,3,270,0.0338058060806023,0.04460610117367092,0.23411066139123346,0.5788605879927281,0.26988636363636365,0.04495492294710663,27,medium
A375,potential,23,Cytarabine; Ara-C,3,270,0.057106464710766525,0.0973304424264025,0.41116406493689,0.7419486093439129,0.6310185185185185,0.09464066016504126,37,high
A375,potential,24,Dacarbazine,3,270,0.01940720962197527,0.028476237587448324,0.31912285074338165,0.5773776459646353,0.20094760312151616,0.08050745077706396,31,low
A375,potential,25,Dactinomycin,3,270,0.08101756837366007,0.07467478126368249,-0.08462975806112294,0.2027918443243497,0.18052333557833822,0.09936411144052437,90,low
A375,potential,26,Dasatinib,3,270,0.02626547542609997,0.035192954830285623,0.24870772736313904,0.5025232797599547,0.24649859943977592,0.09500465989788809,65,medium
A375,potential,27,Daunorubicin HCl,3,270,0.05591899272927533,0.08161644894806795,0.31327288954522153,0.7710165897297195,0.8533333333333334,0.08879196051030487,68,high
A375,potential,28,Decitabine,3,270,0.07457293589332285,0.03036618333147874,-1.435505583638312,-0.051665592456854974,0.6000267630135153,0.10240322230778805,39,high
A375,potential,29,Dexrazoxane HCl,3,270,0.010086683585306282,0.014765766324314276,0.3169809243291181,0.6053513218301864,0.20000000000000004,0.07881374699002408,25,low
A375,potential,30,Docetaxel,3,270,0.06939966281767285,0.05116151816932576,-0.36241589923001233,0.1723350395190838,0.783945061172784,0.08136703330406862,89,high
A375,potential,31,Doxorubicin HCl,3,270,0.04323248812120068,0.09421727411761223,0.539700194804109,0.7934545997441864,0.8533333333333334,0.09155104319702269,71,high
A375,potential,32,Erlotinib HCl,3,270,0.06607166498263405,0.07387311650817668,0.10795773269712257,0.4312283111081854,0.3830409356725146,0.0723025495057817,47,medium
A375,potential,33,Estramustine phosphate,3,270,0.030632891569559135,0.028223608824271676,-0.08505550563804605,0.1666863321150666,0.22321036451471232,0.09711835804658255,61,low
A375,potential,34,Etoposide,3,270,0.04373598513398238,0.05449088401325458,0.1954656301265394,0.435187024534647,0.7530864197530865,0.07444570510854832,66,high
A375,potential,35,Everolimus,3,270,0.04053201094795079,0.06028155367629053,0.3271191112484561,0.6623784238858696,0.8727272727272727,0.07018122661328084,106,high
A375,potential,36,Exemestane,3,270,0.01583957522568225,0.015669995830980086,-0.009684736964668946,0.3182531454533383,0.21043771043771042,0.06498363721365125,41,low
A375,potential,37,Floxuridine,3,270,0.11000302707109595,0.12974153777635122,0.1524313811078107,0.4063529646461354,0.4716981132075471,0.08764492753623188,39,medium
A375,potential,38,Fludarabine Phosphate,3,270,0.028046319677940867,0.026189684811012057,-0.06697241202611741,0.23909451973977905,0.4615384615384615,0.09256531287242732,50,medium
A375,potential,39,Fluorouracil (5-FU),3,270,0.06793241253054634,0.07618031545684374,0.10968665574371735,0.33059830554303266,0.3406404470234257,0.04865839162589003,19,medium
A375,potential,40,Fulvestrant,3,270,0.042570524567482525,0.03961063057545827,-0.06926694671783451,0.23067174561089032,0.24242424242424243,0.0834512755900666,62,medium
A375,potential,41,Gefitinib,3,270,0.011209960966790758,0.01962064879917323,0.4268554244226174,0.6697260900877663,0.4444444444444444,0.08052737460270258,60,medium
A375,potential,42,Gemcitabine HCl,3,270,0.17312137766992372,0.29410586998636973,0.4106810308601146,0.8333428647347186,0.5361111111111111,0.09860517939255564,40,high
A375,potential,43,Hydroxyurea,3,270,0.02807571927454185,0.04212646417891689,0.33506028895016143,0.5871771791731406,0.19354838709677416,0.04662857445869965,10,low
A375,potential,44,Ifosfamide,3,270,0.012064069693959812,0.017191581250965236,0.30361357419921237,0.5979153263548698,0.22891963109354416,0.05826601958612903,30,low
A375,potential,45,Imatinib Mesylate,3,270,0.009194133118677283,0.01666506380598255,0.4498973865144606,0.6946016204724482,0.4360725563633694,0.09399383918229147,65,medium
A375,potential,46,Imiquimod,3,270,0.06311792576954377,0.07820839527762918,0.19159556927997803,0.4956360075572565,0.20895522388059704,0.0923867798867799,37,low
A375,potential,47,Irinotecan HCl,3,270,0.02833772348964685,0.054264326851444195,0.4755703687335875,0.7384980963865418,0.5161290322580645,0.09716968266456859,78,high
A375,potential,48,Ixabepilone,3,270,0.042763495380313564,0.05631000966340984,0.23528736694331845,0.4770831178013472,0.1595959595959596,0.08211498178168473,67,low
A375,potential,49,Lapatinib Ditosylate,3,270,0.02273914234321733,0.03858585051863432,0.4105465306133494,0.6889214805000243,0.31683168316831684,0.07943679944118047,73,medium
A375,potential,50,Lenalidomide,3,270,0.018124143395981045,0.01893494371416976,0.04461840879633431,0.417893659610292,0.5454545454545454,0.08095545225121314,39,high
A375,potential,51,Letrozole,3,270,0.019644172598312373,0.01943380190736767,-0.012258077776591714,0.2805047250437422,0.26,0.052992069214131216,29,medium
A375,potential,52,Lomustine; CCNU,3,270,0.01431860033700119,0.01738060165113065,0.17477007683734122,0.5339002758238484,0.5277777777777778,0.06420712572028361,30,high
A375,potential,53,Mechlorethamine HCl,3,270,0.03806215649594869,0.03391530602024372,-0.12318314708757798,0.2226293743668625,0.22847222222222222,0.032009440723849696,12,low
A375,potential,54,Megestrol acetate,3,270,0.026468588424322138,0.013983733692126715,-0.9088371753405431,0.11800326248650717,0.21955430006277465,0.07804979930333254,48,low
A375,potential,55,Melphalan,3,270,0.028373548637552704,0.0247721156308236,-0.14670021162516425,0.26035059661977394,0.4669189795346229,0.08721078057462496,32,medium
A375,potential,56,Mercaptopurine,3,270,0.021336429478325595,0.032160264438271406,0.33755075086052067,0.5956856813486455,0.5333333333333333,0.06527865087647695,20,high
A375,potential,57,Methotrexate,3,270,0.03580242333456058,0.04478476590343544,0.20433384158732637,0.456962967038749,0.6527777777777778,0.08841257643003986,58,high
A375,potential,58,Methoxsalen,3,270,0.021759552867445357,0.035674115940103945,0.39119064149519556,0.6276998749107165,0.12301587301587302,0.07984964097323648,31,low
A375,potential,59,Mitomycin C,3,270,0.10494376053574295,0.10274426146549857,-0.02159143543782401,0.1400593439436888,0.1393195521102498,0.08976601506304475,50,low
A375,potential,60,Mitotane; o;p'-DDD,3,270,0.017560610425077065,0.017809084666783968,0.012510298562245207,0.27861224309254545,0.125,0.046858378093625926,25,low
A375,potential,61,Mitoxantrone HCl,3,270,0.12950967698577212,0.1671738379694342,0.22546777347483335,0.6443579533859048,0.16666666666666666,0.07950759654182714,31,low
A375,potential,62,Nelarabine,3,270,0.018191780915343795,0.023737987617864,0.23370422369883456,0.5002375949469438,0.5157232704402516,0.08575899731477958,45,medium
A375,potential,63,Nilotinib,3,270,0.027834675151201183,0.030766458835954507,0.09929112123035484,0.3803209769954589,0.4182872371074618,0.08841461151986041,70,medium
A375,potential,64,Oxaliplatin,3,270,0.011160779905054511,0.025336336895716408,0.5602471807217967,0.7542428074391002,0.21832358674463936,0.057316125278105666,16,low
A375,potential,65,Paclitaxel,3,270,0.025764096848443507,0.03285854130187854,0.21304037776310306,0.41349893510791375,0.7676767676767676,0.08489718815805773,86,high
A375,potential,66,Pazopanib HCl,3,270,0.025752522967983055,0.03701845279367366,0.3028310562262539,0.5738396278635274,0.25773195876288657,0.07873931623931624,57,medium
A375,potential,67,Pemetrexed Disodium,3,270,0.025491768474870696,0.032725563000258626,0.22519741278840363,0.4892935060165497,0.37804878048780494,0.08495026321113279,55,medium
A375,potential,68,Pentostatin,3,270,0.018457750232105646,0.020860333875544895,0.11177214715378503,0.40766295623281157,0.46896955503512877,0.07789992077211179,44,medium
A375,potential,69,Pipobroman,3,270,0.014344782319190343,0.014588702408707112,0.008763787330467898,0.3493338901663812,0.1724137931034483,0.06685621082070094,18,low
A375,potential,70,Plicamycin,3,270,0.06125792573988348,0.08380301912282397,0.2698888366408892,0.6018669845898238,0.24003048006096014,0.07129715396928511,86,medium
A375,potential,71,Pralatrexate,3,270,0.039666547477993815,0.054184026838028955,0.2670016388639194,0.5239892908945692,0.6527777777777778,0.08558019575469152,61,high
A375,potential,72,Procarbazine HCl,3,270,0.019643413576757793,0.02721436170258948,0.2789190033587376,0.529675340341255,0.24074074074074073,0.09606431880542488,30,medium
A375,potential,73,Raloxifene HCl,3,270,0.03925892842756123,0.017634339372126842,-1.2454105689102308,0.24972853426170963,0.21126760563380284,0.0894105894105894,51,low
A375,potential,74,Romidepsin,3,270,0.04001901999391665,0.061311418789948995,0.3472340228529644,0.649740415648701,0.14615384615384616,0.06435446584379366,59,low
A375,potential,75,Sirolimus (Rapamycin),3,270,0.04204341443061452,0.06455078365770454,0.34912094795810916,0.6642395835182565,0.8727272727272727,0.06541534524602914,100,high
A375,potential,76,Streptozocin,3,270,0.013883120201997856,0.0199019545869422,0.30135704662540547,0.629300600741622,0.2413793103448276,0.07155275148473096,35,medium
A375,potential,77,Sunitinib Malate,3,270,0.033040331215657796,0.036843823893136986,0.10321768679059762,0.4160251895574359,0.15527777777777776,0.09524389205047175,57,low
A375,potential,78,Tamoxifen Citrate,3,270,0.033797230809023124,0.04501457476184271,0.24571697392137057,0.6074387083586892,0.19441649899396377,0.0794667946162742,35,low
A375,potential,79,Temozolomide,3,270,0.05659804927598521,0.0866537022768283,0.3479613603385485,0.675638360046897,0.1835071707953064,0.08800103674634231,32,low
A375,potential,80,Teniposide,3,270,0.05213875537390215,0.06274569599828321,0.16743048117457182,0.47167068720028515,0.7530864197530865,0.0793254261333256,76,high
A375,potential,81,Thalidomide,3,270,0.03824371233859664,0.048013575208202854,0.20415902358109764,0.5401834260431558,0.5454545454545454,0.08860579696088232,29,high
A375,potential,82,Thioguanine,3,270,0.03318344028800572,0.047979750867283066,0.30799314589389387,0.5520703974850261,0.5333333333333333,0.05647152463190199,26,high
A375,potential,83,Thiotepa,3,270,0.03633370559441559,0.04591154155795202,0.21050777498040055,0.5647332553720154,0.15,0.01755990027314891,11,low
A375,potential,84,Topotecan HCl,3,270,0.04010331170392348,0.04955037200635151,0.19233218273924826,0.5037448888093589,0.5161290322580645,0.09818070684078888,63,high
A375,potential,85,Tretinoin,3,270,0.016872020081169694,0.020389656113651688,0.1685305370912531,0.46184303407672106,0.16,0.06634766327279697,39,low
A375,potential,86,Triethylenemelamine,3,270,0.046794937862989966,0.0747783041475956,0.37406160993240634,0.6487755578008666,0.15,0.04649295443514136,12,low
A375,potential,87,Uracil mustard,3,270,0.025708124671455976,0.04240814308999463,0.3909379680215445,0.6242613365784662,0.3495827843653931,0.06004685908737081,27,medium
A375,potential,88,Vemurafenib,3,270,0.0624227199244054,0.06912652813570752,0.10018000970536867,0.5019378763635,0.2110091743119266,0.09557300744924291,59,low
A375,potential,89,Vinblastine Sulfate,3,270,0.048367956665501,0.051876856362600476,0.06297809376089303,0.41545354961131276,0.8352430100002916,0.0877337429595494,96,high
A375,potential,90,Vincristine Sulfate,3,270,0.04748120610940176,0.07422415730594893,0.3578611957323172,0.5464020267152467,0.883495145631068,0.08586932625409242,98,high
A375,potential,91,Vinorelbine Tartrate,3,270,0.05269671484112123,0.08656099660797027,0.391814289915505,0.5583879408192595,0.7100066167862779,0.08350008113018077,97,high
A375,potential,92,Vismodegib,3,270,0.00804691586245507,0.016448652782986708,0.5086083744223071,0.7276399142923654,0.2692307692307692,0.08421401882516284,48,medium
A375,potential,93,Vorinostat,3,270,0.03205725279305764,0.029923647387884892,-0.07074609231505646,0.3592135076493403,0.2133200354609929,0.08637978095270726,27,low
A375,potential,94,Zoledronic Acid,3,270,0.02563354019242899,0.02521698787522098,-0.01826351840722673,0.3357375541682919,0.14925373134328357,0.06302238702854114,27,low
A375,potential,95,abiraterone,3,270,0.0369603301638489,0.03871393132634148,0.03873103184699286,0.20466077064099442,0.20779727095516567,0.0772259236826166,47,low
A375,potential,96,carfilzomib,3,270,0.05437207203516592,0.07890939877485888,0.3117970440772562,0.6093981393464826,0.3176470588235294,0.0912286719806657,62,medium
A375,potential,97,sorafenib,3,270,0.014353481000424861,0.01877034038825155,0.23309866781673858,0.6717098339283109,0.2692307692307692,0.08387112887112887,51,medium
A375,potential,98,valrubicin,3,270,0.10117650656384851,0.06878320017931404,-0.48318042335553407,0.7001734993658107,0.6161616161616161,0.08593169218729456,89,high
A375,potential,99,vandetanib,3,270,0.029453255301051872,0.036238131597737866,0.1889356096878413,0.5708515197548889,0.4444444444444444,0.08475565669865355,57,medium
A375,zero,0,Allopurinol,3,270,0.03958927327852521,0.03958927327852521,0.0,,0.29411764705882354,0.06452228327228328,24,medium
A375,zero,1,Altretamine,3,270,0.05818006593909338,0.05818006593909338,0.0,,0.15,0.044741180177612826,11,low
A375,zero,2,Amifostine,3,270,0.023152876388547943,0.023152876388547943,0.0,,0.1574074074074074,0.04659934817474234,25,low
A375,zero,3,Aminolevulinic Acid,3,270,0.035611709419874044,0.035611709419874044,0.0,,0.20512820512820515,0.049533947104918714,16,low
A375,zero,4,Anastrozole,3,270,0.017646152333121983,0.017646152333121983,0.0,,0.26,0.06361016766886678,34,medium
A375,zero,5,Arsenic Trioxide,3,270,0.032269243400325505,0.032269243400325505,0.0,,0.0,0.0,2,low
A375,zero,6,Axitinib,3,270,0.03414742883096938,0.03414742883096938,0.0,,0.2122329362828512,0.08434343459524458,52,low
A375,zero,7,Azacitidine,3,270,0.019903949595805107,0.019903949595805107,0.0,,0.6444444444444445,0.09173683678469706,37,high
A375,zero,8,Bendamustine HCl,3,270,0.02748869413851927,0.02748869413851927,0.0,,0.52,0.1007042290041646,45,high
A375,zero,9,Bleomycin,3,270,0.07334021664103064,0.07334021664103064,0.0,,0.14039938556067588,0.06967887619656707,139,low
A375,zero,10,Bortezomib,3,270,0.054377065665551595,0.054377065665551595,0.0,,0.3176470588235294,0.08824003031164157,50,medium
A375,zero,11,Busulfan,3,270,0.09062810494854164,0.09062810494854164,0.0,,0.11159045153868279,0.04225389866930251,15,low
A375,zero,12,Cabazitaxel,3,270,0.18811202773242686,0.18811202773242686,0.0,,0.7920792079207922,0.0835825462699949,92,high
A375,zero,13,Capecitabine,3,270,0.02606736599953306,0.02606736599953306,0.0,,0.2857142857142857,0.10896409743125897,53,medium
A375,zero,14,Carboplatin,3,270,0.028369419054141826,0.028369419054141826,0.0,,0.19576719576719573,0.04949875705374901,17,low
A375,zero,15,Carmustine,3,270,0.028998579936517384,0.028998579936517384,0.0,,0.5277777777777778,0.04744337395662999,25,high
A375,zero,16,Celecoxib,3,270,0.02959372113405995,0.02959372113405995,0.0,,0.1744507870610621,0.07483050875635489,40,low
A375,zero,17,Chlorambucil,3,270,0.01325434965445005,0.01325434965445005,0.0,,0.5365853658536586,0.0772604588394062,31,high
A375,zero,18,Cisplatin,3,270,0.020811174368276755,0.020811174368276755,0.0,,0.057539682539682536,0.0,5,low
A375,zero,19,Cladribine,3,270,0.051932218448724865,0.051932218448724865,0.0,,0.6008004574042309,0.08475719323824414,44,high
A375,zero,20,Clofarabine,3,270,0.10900759941306341,0.10900759941306341,0.0,,0.5787878787878787,0.07585265922212647,45,high
A375,zero,21,Crizotinib,3,270,0.022006322173572318,0.022006322173572318,0.0,,0.1854901960784314,0.08873831713853586,60,low
A375,zero,22,Cyclophosphamide,3,270,0.04460610117367092,0.04460610117367092,0.0,,0.26988636363636365,0.04495492294710663,27,medium
A375,zero,23,Cytarabine; Ara-C,3,270,0.0973304424264025,0.0973304424264025,0.0,,0.6310185185185185,0.09464066016504126,37,high
A375,zero,24,Dacarbazine,3,270,0.028476237587448324,0.028476237587448324,0.0,,0.20094760312151616,0.08050745077706396,31,low
A375,zero,25,Dactinomycin,3,270,0.07467478126368249,0.07467478126368249,0.0,,0.18052333557833822,0.09936411144052437,90,low
A375,zero,26,Dasatinib,3,270,0.035192954830285623,0.035192954830285623,0.0,,0.24649859943977592,0.09500465989788809,65,medium
A375,zero,27,Daunorubicin HCl,3,270,0.08161644894806795,0.08161644894806795,0.0,,0.8533333333333334,0.08879196051030487,68,high
A375,zero,28,Decitabine,3,270,0.03036618333147874,0.03036618333147874,0.0,,0.6000267630135153,0.10240322230778805,39,high
A375,zero,29,Dexrazoxane HCl,3,270,0.014765766324314276,0.014765766324314276,0.0,,0.20000000000000004,0.07881374699002408,25,low
A375,zero,30,Docetaxel,3,270,0.05116151816932576,0.05116151816932576,0.0,,0.783945061172784,0.08136703330406862,89,high
A375,zero,31,Doxorubicin HCl,3,270,0.09421727411761223,0.09421727411761223,0.0,,0.8533333333333334,0.09155104319702269,71,high
A375,zero,32,Erlotinib HCl,3,270,0.07387311650817668,0.07387311650817668,0.0,,0.3830409356725146,0.0723025495057817,47,medium
A375,zero,33,Estramustine phosphate,3,270,0.028223608824271676,0.028223608824271676,0.0,,0.22321036451471232,0.09711835804658255,61,low
A375,zero,34,Etoposide,3,270,0.05449088401325458,0.05449088401325458,0.0,,0.7530864197530865,0.07444570510854832,66,high
A375,zero,35,Everolimus,3,270,0.06028155367629053,0.06028155367629053,0.0,,0.8727272727272727,0.07018122661328084,106,high
A375,zero,36,Exemestane,3,270,0.015669995830980086,0.015669995830980086,0.0,,0.21043771043771042,0.06498363721365125,41,low
A375,zero,37,Floxuridine,3,270,0.12974153777635122,0.12974153777635122,0.0,,0.4716981132075471,0.08764492753623188,39,medium
A375,zero,38,Fludarabine Phosphate,3,270,0.026189684811012057,0.026189684811012057,0.0,,0.4615384615384615,0.09256531287242732,50,medium
A375,zero,39,Fluorouracil (5-FU),3,270,0.07618031545684374,0.07618031545684374,0.0,,0.3406404470234257,0.04865839162589003,19,medium
A375,zero,40,Fulvestrant,3,270,0.03961063057545827,0.03961063057545827,0.0,,0.24242424242424243,0.0834512755900666,62,medium
A375,zero,41,Gefitinib,3,270,0.01962064879917323,0.01962064879917323,0.0,,0.4444444444444444,0.08052737460270258,60,medium
A375,zero,42,Gemcitabine HCl,3,270,0.29410586998636973,0.29410586998636973,0.0,,0.5361111111111111,0.09860517939255564,40,high
A375,zero,43,Hydroxyurea,3,270,0.04212646417891689,0.04212646417891689,0.0,,0.19354838709677416,0.04662857445869965,10,low
A375,zero,44,Ifosfamide,3,270,0.017191581250965236,0.017191581250965236,0.0,,0.22891963109354416,0.05826601958612903,30,low
A375,zero,45,Imatinib Mesylate,3,270,0.01666506380598255,0.01666506380598255,0.0,,0.4360725563633694,0.09399383918229147,65,medium
A375,zero,46,Imiquimod,3,270,0.07820839527762918,0.07820839527762918,0.0,,0.20895522388059704,0.0923867798867799,37,low
A375,zero,47,Irinotecan HCl,3,270,0.054264326851444195,0.054264326851444195,0.0,,0.5161290322580645,0.09716968266456859,78,high
A375,zero,48,Ixabepilone,3,270,0.05631000966340984,0.05631000966340984,0.0,,0.1595959595959596,0.08211498178168473,67,low
A375,zero,49,Lapatinib Ditosylate,3,270,0.03858585051863432,0.03858585051863432,0.0,,0.31683168316831684,0.07943679944118047,73,medium
A375,zero,50,Lenalidomide,3,270,0.01893494371416976,0.01893494371416976,0.0,,0.5454545454545454,0.08095545225121314,39,high
A375,zero,51,Letrozole,3,270,0.01943380190736767,0.01943380190736767,0.0,,0.26,0.052992069214131216,29,medium
A375,zero,52,Lomustine; CCNU,3,270,0.01738060165113065,0.01738060165113065,0.0,,0.5277777777777778,0.06420712572028361,30,high
A375,zero,53,Mechlorethamine HCl,3,270,0.03391530602024372,0.03391530602024372,0.0,,0.22847222222222222,0.032009440723849696,12,low
A375,zero,54,Megestrol acetate,3,270,0.013983733692126715,0.013983733692126715,0.0,,0.21955430006277465,0.07804979930333254,48,low
A375,zero,55,Melphalan,3,270,0.0247721156308236,0.0247721156308236,0.0,,0.4669189795346229,0.08721078057462496,32,medium
A375,zero,56,Mercaptopurine,3,270,0.032160264438271406,0.032160264438271406,0.0,,0.5333333333333333,0.06527865087647695,20,high
A375,zero,57,Methotrexate,3,270,0.04478476590343544,0.04478476590343544,0.0,,0.6527777777777778,0.08841257643003986,58,high
A375,zero,58,Methoxsalen,3,270,0.035674115940103945,0.035674115940103945,0.0,,0.12301587301587302,0.07984964097323648,31,low
A375,zero,59,Mitomycin C,3,270,0.10274426146549857,0.10274426146549857,0.0,,0.1393195521102498,0.08976601506304475,50,low
A375,zero,60,Mitotane; o;p'-DDD,3,270,0.017809084666783968,0.017809084666783968,0.0,,0.125,0.046858378093625926,25,low
A375,zero,61,Mitoxantrone HCl,3,270,0.1671738379694342,0.1671738379694342,0.0,,0.16666666666666666,0.07950759654182714,31,low
A375,zero,62,Nelarabine,3,270,0.023737987617864,0.023737987617864,0.0,,0.5157232704402516,0.08575899731477958,45,medium
A375,zero,63,Nilotinib,3,270,0.030766458835954507,0.030766458835954507,0.0,,0.4182872371074618,0.08841461151986041,70,medium
A375,zero,64,Oxaliplatin,3,270,0.025336336895716408,0.025336336895716408,0.0,,0.21832358674463936,0.057316125278105666,16,low
A375,zero,65,Paclitaxel,3,270,0.03285854130187854,0.03285854130187854,0.0,,0.7676767676767676,0.08489718815805773,86,high
A375,zero,66,Pazopanib HCl,3,270,0.03701845279367366,0.03701845279367366,0.0,,0.25773195876288657,0.07873931623931624,57,medium
A375,zero,67,Pemetrexed Disodium,3,270,0.032725563000258626,0.032725563000258626,0.0,,0.37804878048780494,0.08495026321113279,55,medium
A375,zero,68,Pentostatin,3,270,0.020860333875544895,0.020860333875544895,0.0,,0.46896955503512877,0.07789992077211179,44,medium
A375,zero,69,Pipobroman,3,270,0.014588702408707112,0.014588702408707112,0.0,,0.1724137931034483,0.06685621082070094,18,low
A375,zero,70,Plicamycin,3,270,0.08380301912282397,0.08380301912282397,0.0,,0.24003048006096014,0.07129715396928511,86,medium
A375,zero,71,Pralatrexate,3,270,0.054184026838028955,0.054184026838028955,0.0,,0.6527777777777778,0.08558019575469152,61,high
A375,zero,72,Procarbazine HCl,3,270,0.02721436170258948,0.02721436170258948,0.0,,0.24074074074074073,0.09606431880542488,30,medium
A375,zero,73,Raloxifene HCl,3,270,0.017634339372126842,0.017634339372126842,0.0,,0.21126760563380284,0.0894105894105894,51,low
A375,zero,74,Romidepsin,3,270,0.061311418789948995,0.061311418789948995,0.0,,0.14615384615384616,0.06435446584379366,59,low
A375,zero,75,Sirolimus (Rapamycin),3,270,0.06455078365770454,0.06455078365770454,0.0,,0.8727272727272727,0.06541534524602914,100,high
A375,zero,76,Streptozocin,3,270,0.0199019545869422,0.0199019545869422,0.0,,0.2413793103448276,0.07155275148473096,35,medium
A375,zero,77,Sunitinib Malate,3,270,0.036843823893136986,0.036843823893136986,0.0,,0.15527777777777776,0.09524389205047175,57,low
A375,zero,78,Tamoxifen Citrate,3,270,0.04501457476184271,0.04501457476184271,0.0,,0.19441649899396377,0.0794667946162742,35,low
A375,zero,79,Temozolomide,3,270,0.0866537022768283,0.0866537022768283,0.0,,0.1835071707953064,0.08800103674634231,32,low
A375,zero,80,Teniposide,3,270,0.06274569599828321,0.06274569599828321,0.0,,0.7530864197530865,0.0793254261333256,76,high
A375,zero,81,Thalidomide,3,270,0.048013575208202854,0.048013575208202854,0.0,,0.5454545454545454,0.08860579696088232,29,high
A375,zero,82,Thioguanine,3,270,0.047979750867283066,0.047979750867283066,0.0,,0.5333333333333333,0.05647152463190199,26,high
A375,zero,83,Thiotepa,3,270,0.04591154155795202,0.04591154155795202,0.0,,0.15,0.01755990027314891,11,low
A375,zero,84,Topotecan HCl,3,270,0.04955037200635151,0.04955037200635151,0.0,,0.5161290322580645,0.09818070684078888,63,high
A375,zero,85,Tretinoin,3,270,0.020389656113651688,0.020389656113651688,0.0,,0.16,0.06634766327279697,39,low
A375,zero,86,Triethylenemelamine,3,270,0.0747783041475956,0.0747783041475956,0.0,,0.15,0.04649295443514136,12,low
A375,zero,87,Uracil mustard,3,270,0.04240814308999463,0.04240814308999463,0.0,,0.3495827843653931,0.06004685908737081,27,medium
A375,zero,88,Vemurafenib,3,270,0.06912652813570752,0.06912652813570752,0.0,,0.2110091743119266,0.09557300744924291,59,low
A375,zero,89,Vinblastine Sulfate,3,270,0.051876856362600476,0.051876856362600476,0.0,,0.8352430100002916,0.0877337429595494,96,high
A375,zero,90,Vincristine Sulfate,3,270,0.07422415730594893,0.07422415730594893,0.0,,0.883495145631068,0.08586932625409242,98,high
A375,zero,91,Vinorelbine Tartrate,3,270,0.08656099660797027,0.08656099660797027,0.0,,0.7100066167862779,0.08350008113018077,97,high
A375,zero,92,Vismodegib,3,270,0.016448652782986708,0.016448652782986708,0.0,,0.2692307692307692,0.08421401882516284,48,medium
A375,zero,93,Vorinostat,3,270,0.029923647387884892,0.029923647387884892,0.0,,0.2133200354609929,0.08637978095270726,27,low
A375,zero,94,Zoledronic Acid,3,270,0.02521698787522098,0.02521698787522098,0.0,,0.14925373134328357,0.06302238702854114,27,low
A375,zero,95,abiraterone,3,270,0.03871393132634148,0.03871393132634148,0.0,,0.20779727095516567,0.0772259236826166,47,low
A375,zero,96,carfilzomib,3,270,0.07890939877485888,0.07890939877485888,0.0,,0.3176470588235294,0.0912286719806657,62,medium
A375,zero,97,sorafenib,3,270,0.01877034038825155,0.01877034038825155,0.0,,0.2692307692307692,0.08387112887112887,51,medium
A375,zero,98,valrubicin,3,270,0.06878320017931404,0.06878320017931404,0.0,,0.6161616161616161,0.08593169218729456,89,high
A375,zero,99,vandetanib,3,270,0.036238131597737866,0.036238131597737866,0.0,,0.4444444444444444,0.08475565669865355,57,medium
PANC1,antisym_mlp,0,Allopurinol,3,270,0.023169247971262952,0.027827291001241723,0.16664143870397138,0.6752528608345583,0.29411764705882354,0.06452228327228328,24,medium
PANC1,antisym_mlp,1,Altretamine,3,270,0.025390202007765848,0.031219809417269526,0.18306754730335653,0.5284708091613343,0.15,0.044741180177612826,11,low
PANC1,antisym_mlp,2,Amifostine,3,270,0.018668291430893463,0.01951650377171966,0.04562130478965495,0.3703800524331265,0.1574074074074074,0.04659934817474234,25,low
PANC1,antisym_mlp,3,Aminolevulinic Acid,3,270,0.023626632518071507,0.031117354336338304,0.24090606109096221,0.5017338563430861,0.20512820512820515,0.049533947104918714,16,low
PANC1,antisym_mlp,4,Anastrozole,3,270,0.007110403554358664,0.007274880324046243,0.02190227027272477,0.3751389778011412,0.26,0.06361016766886678,34,medium
PANC1,antisym_mlp,5,Arsenic Trioxide,3,270,0.013486678936852839,0.01790931564530371,0.24615192788861676,0.4822566725875503,0.0,0.0,2,low
PANC1,antisym_mlp,6,Axitinib,3,270,0.01876212899964842,0.016757125486405056,-0.12399298923759727,0.23089532069650828,0.2122329362828512,0.08434343459524458,52,low
PANC1,antisym_mlp,7,Azacitidine,3,270,0.017105412934138406,0.011875232465977917,-0.4336134406284316,0.26749018165872457,0.6444444444444445,0.09173683678469706,37,high
PANC1,antisym_mlp,8,Bendamustine HCl,3,270,0.0060685408337241035,0.0074797002294035055,0.18871414244358067,0.35263447693808914,0.52,0.1007042290041646,45,high
PANC1,antisym_mlp,9,Bleomycin,3,270,0.027896651599656933,0.041218132169557366,0.3210198067889916,0.6164050316346334,0.14039938556067588,0.06967887619656707,139,low
PANC1,antisym_mlp,10,Bortezomib,3,270,0.017360199138119703,0.023027488508649118,0.23805269855990152,0.5280086360321776,0.3176470588235294,0.08824003031164157,50,medium
PANC1,antisym_mlp,11,Busulfan,3,270,0.012208402800584862,0.018435656340636913,0.3367467924910719,0.5251977846218157,0.11159045153868279,0.04225389866930251,15,low
PANC1,antisym_mlp,12,Cabazitaxel,3,270,0.0185335132054739,0.04299764901037082,0.572881160990419,0.7271737671931229,0.7920792079207922,0.0835825462699949,92,high
PANC1,antisym_mlp,13,Capecitabine,3,270,0.011846229162830325,0.012596481629551978,0.05674840175003052,0.35117558365365387,0.2857142857142857,0.10896409743125897,53,medium
PANC1,antisym_mlp,14,Carboplatin,3,270,0.007655492219440001,0.007334726819214321,-0.046318191361148044,0.34834945963084407,0.19576719576719573,0.04949875705374901,17,low
PANC1,antisym_mlp,15,Carmustine,3,270,0.014336525103447873,0.016012716047485245,0.10664687607670327,0.3162007362346111,0.5277777777777778,0.04744337395662999,25,high
PANC1,antisym_mlp,16,Celecoxib,3,270,0.010681946805644766,0.013532251937818084,0.21103404690748015,0.46294224190832534,0.1744507870610621,0.07483050875635489,40,low
PANC1,antisym_mlp,17,Chlorambucil,3,270,0.027961038328080595,0.017453770532836792,-0.6050086180417692,-0.04784507180958993,0.5365853658536586,0.0772604588394062,31,high
PANC1,antisym_mlp,18,Cisplatin,3,270,0.013700347306679699,0.01613787117444869,0.15134591167839107,0.3682130541902018,0.057539682539682536,0.0,5,low
PANC1,antisym_mlp,19,Cladribine,3,270,0.019237928172228646,0.020980985041516992,0.08065794849272752,0.5049415687283675,0.6008004574042309,0.08475719323824414,44,high
PANC1,antisym_mlp,20,Clofarabine,3,270,0.015931836355829104,0.018029511561207374,0.12243395589339472,0.34951207943772844,0.5787878787878787,0.07585265922212647,45,high
PANC1,antisym_mlp,21,Crizotinib,3,270,0.012992367510032937,0.014459154638798292,0.1002142664189752,0.36346999836874955,0.1854901960784314,0.08873831713853586,60,low
PANC1,antisym_mlp,22,Cyclophosphamide,3,270,0.05503245400308002,0.07075434873520099,0.21791368716157208,0.6890028285191964,0.26988636363636365,0.04495492294710663,27,medium
PANC1,antisym_mlp,23,Cytarabine; Ara-C,3,270,0.07004406724713703,0.07383334202700549,0.05133215818414838,0.2549792395656663,0.6310185185185185,0.09464066016504126,37,high
PANC1,antisym_mlp,24,Dacarbazine,3,270,0.009416035939545651,0.011048742966776366,0.14703819828694878,0.4316781112802765,0.20094760312151616,0.08050745077706396,31,low
PANC1,antisym_mlp,25,Dactinomycin,3,270,0.032582752682982864,0.044871829986943966,0.2759728856129235,0.5710715890207547,0.18052333557833822,0.09936411144052437,90,low
PANC1,antisym_mlp,26,Dasatinib,3,270,0.013158017322070148,0.017340915131417226,0.24288733562743145,0.49492907095282906,0.24649859943977592,0.09500465989788809,65,medium
PANC1,antisym_mlp,27,Daunorubicin HCl,3,270,0.019632893790539018,0.03962988104149767,0.5052445536373878,0.7423994638724927,0.8533333333333334,0.08879196051030487,68,high
PANC1,antisym_mlp,28,Decitabine,3,270,0.03468299374675305,0.0431357861902034,0.19675044628246974,0.53113635809986,0.6000267630135153,0.10240322230778805,39,high
PANC1,antisym_mlp,29,Dexrazoxane HCl,3,270,0.026462128222059345,0.01739360743115105,-0.5205335107796167,-0.04858610751246534,0.20000000000000004,0.07881374699002408,25,low
PANC1,antisym_mlp,30,Docetaxel,3,270,0.017515107162400404,0.0517993716171439,0.6611998012902786,0.8546815280988876,0.783945061172784,0.08136703330406862,89,high
PANC1,antisym_mlp,31,Doxorubicin HCl,3,270,0.01623972200089754,0.04372505476362745,0.6339254347823225,0.8521001439861874,0.8533333333333334,0.09155104319702269,71,high
PANC1,antisym_mlp,32,Erlotinib HCl,3,270,0.030722237725435985,0.04060070553618688,0.24232895502000237,0.5868932810623513,0.3830409356725146,0.0723025495057817,47,medium
PANC1,antisym_mlp,33,Estramustine phosphate,3,270,0.0391944713430859,0.03597019540244715,-0.09112137777886938,0.049775105983099664,0.22321036451471232,0.09711835804658255,61,low
PANC1,antisym_mlp,34,Etoposide,3,270,0.018570920208691152,0.026385017857426484,0.29490770745792655,0.5464006214948063,0.7530864197530865,0.07444570510854832,66,high
PANC1,antisym_mlp,35,Everolimus,3,270,0.01853374969007874,0.03648062470318,0.4895730242382636,0.7358179754831503,0.8727272727272727,0.07018122661328084,106,high
PANC1,antisym_mlp,36,Exemestane,3,270,0.016354006399581133,0.014559234373897773,-0.13526203327034936,0.2582688218469608,0.21043771043771042,0.06498363721365125,41,low
PANC1,antisym_mlp,37,Floxuridine,3,270,0.025365925248898913,0.031006094838494338,0.1847001688045048,0.45965162294894796,0.4716981132075471,0.08764492753623188,39,medium
PANC1,antisym_mlp,38,Fludarabine Phosphate,3,270,0.014154877108986408,0.012245520517610237,-0.15842394709293026,0.12854495679775468,0.4615384615384615,0.09256531287242732,50,medium
PANC1,antisym_mlp,39,Fluorouracil (5-FU),3,270,0.03784002289407073,0.02729416633891556,-0.38139880971687656,-0.10173380801553038,0.3406404470234257,0.04865839162589003,19,medium
PANC1,antisym_mlp,40,Fulvestrant,3,270,0.012572200323519848,0.013281732244918009,0.05879870144373186,0.2563457707974573,0.24242424242424243,0.0834512755900666,62,medium
PANC1,antisym_mlp,41,Gefitinib,3,270,0.01425815088361701,0.014188135611716614,-0.004274628661491753,0.3344780292172869,0.4444444444444444,0.08052737460270258,60,medium
PANC1,antisym_mlp,42,Gemcitabine HCl,3,270,0.02377697922062007,0.026889084261260437,0.11582413686567668,0.3958678490311445,0.5361111111111111,0.09860517939255564,40,high
PANC1,antisym_mlp,43,Hydroxyurea,3,270,0.0191940511260603,0.026676563865674838,0.280636926438978,0.5480664752772277,0.19354838709677416,0.04662857445869965,10,low
PANC1,antisym_mlp,44,Ifosfamide,3,270,0.011556257394552896,0.014503163034583948,0.1979370120174736,0.4784468843487777,0.22891963109354416,0.05826601958612903,30,low
PANC1,antisym_mlp,45,Imatinib Mesylate,3,270,0.019378934269156548,0.02438766899639823,0.2075275566396265,0.4499437738455643,0.4360725563633694,0.09399383918229147,65,medium
PANC1,antisym_mlp,46,Imiquimod,3,270,0.032566830492172856,0.04344766844435996,0.24771254477322066,0.6059292772144995,0.20895522388059704,0.0923867798867799,37,low
PANC1,antisym_mlp,47,Irinotecan HCl,3,270,0.012239634916951741,0.018405147270826466,0.3400741732108094,0.5919835746239922,0.5161290322580645,0.09716968266456859,78,high
PANC1,antisym_mlp,48,Ixabepilone,3,270,0.047325452562986536,0.05175529650515264,0.08658883813955091,0.3262144469563253,0.1595959595959596,0.08211498178168473,67,low
PANC1,antisym_mlp,49,Lapatinib Ditosylate,3,270,0.008372094573127492,0.011768119947571586,0.2870184133166282,0.54802818907161,0.31683168316831684,0.07943679944118047,73,medium
PANC1,antisym_mlp,50,Lenalidomide,3,270,0.021000229608264264,0.022572201699080762,0.06938776733882235,0.30096166787362977,0.5454545454545454,0.08095545225121314,39,high
PANC1,antisym_mlp,51,Letrozole,3,270,0.011117260099337757,0.00874339807014962,-0.271209575247386,0.13181537705123944,0.26,0.052992069214131216,29,medium
PANC1,antisym_mlp,52,Lomustine; CCNU,3,270,0.02190618899638055,0.03127812031277709,0.29748744712683617,0.559566567952566,0.5277777777777778,0.06420712572028361,30,high
PANC1,antisym_mlp,53,Mechlorethamine HCl,3,270,0.04313206459852572,0.0345995568423946,-0.24548272573303218,0.10601794561993583,0.22847222222222222,0.032009440723849696,12,low
PANC1,antisym_mlp,54,Megestrol acetate,3,270,0.009850823648254969,0.009478028947007125,-0.03575785974151583,0.21216136108167052,0.21955430006277465,0.07804979930333254,48,low
PANC1,antisym_mlp,55,Melphalan,3,270,0.04937042482907771,0.04673174997600221,-0.05678039177201847,0.12180949128857012,0.4669189795346229,0.08721078057462496,32,medium
PANC1,antisym_mlp,56,Mercaptopurine,3,270,0.047266751068059075,0.05109455463596427,0.07531809708356858,0.28872911139703733,0.5333333333333333,0.06527865087647695,20,high
PANC1,antisym_mlp,57,Methotrexate,3,270,0.010678701570746726,0.020625404954986125,0.48185023646612724,0.7246831979043274,0.6527777777777778,0.08841257643003986,58,high
PANC1,antisym_mlp,58,Methoxsalen,3,270,0.022557718344056777,0.02397740984753347,0.05871046765535689,0.3032342086377375,0.12301587301587302,0.07984964097323648,31,low
PANC1,antisym_mlp,59,Mitomycin C,3,270,0.031495202470222715,0.031766428114155365,0.006867303983569532,0.15052403264277067,0.1393195521102498,0.08976601506304475,50,low
PANC1,antisym_mlp,60,Mitotane; o;p'-DDD,3,270,0.010600422143040189,0.010540335791423347,-0.0072474119236328,0.2509693588149187,0.125,0.046858378093625926,25,low
PANC1,antisym_mlp,61,Mitoxantrone HCl,3,270,0.031856041716195,0.035136890367347746,0.09324744622883492,0.3119475616526986,0.16666666666666666,0.07950759654182714,31,low
PANC1,antisym_mlp,62,Nelarabine,3,270,0.013023055928041502,0.014408995389822309,0.09634719482989829,0.36313206692926997,0.5157232704402516,0.08575899731477958,45,medium
PANC1,antisym_mlp,63,Nilotinib,3,270,0.04008629772746503,0.04468276651453996,0.10133514990470045,0.2962225933524288,0.4182872371074618,0.08841461151986041,70,medium
PANC1,antisym_mlp,64,Oxaliplatin,3,270,0.009139854438382963,0.012283965132240504,0.2565198968971579,0.5139381030589203,0.21832358674463936,0.057316125278105666,16,low
PANC1,antisym_mlp,65,Paclitaxel,3,270,0.030623290954411565,0.04383178718703454,0.30311940679768673,0.6224208336740608,0.7676767676767676,0.08489718815805773,86,high
PANC1,antisym_mlp,66,Pazopanib HCl,3,270,0.021326978961107704,0.016479195425953753,-0.2951205867528229,0.029567943170007122,0.25773195876288657,0.07873931623931624,57,medium
PANC1,antisym_mlp,67,Pemetrexed Disodium,3,270,0.01850128010651358,0.02192576579999547,0.15633741426673173,0.42126271849319935,0.37804878048780494,0.08495026321113279,55,medium
PANC1,antisym_mlp,68,Pentostatin,3,270,0.02371064637430122,0.019621201600161595,-0.20905436922436235,0.0835880143426297,0.46896955503512877,0.07789992077211179,44,medium
PANC1,antisym_mlp,69,Pipobroman,3,270,0.009477177417930029,0.008864278959597965,-0.06637552656242045,0.27124243434484574,0.1724137931034483,0.06685621082070094,18,low
PANC1,antisym_mlp,70,Plicamycin,3,270,0.03892389368246754,0.041940145236786235,0.07108858592307403,0.32509501239295496,0.24003048006096014,0.07129715396928511,86,medium
PANC1,antisym_mlp,71,Pralatrexate,3,270,0.008808540559870284,0.016991399358892056,0.47917522699946363,0.7129939398791869,0.6527777777777778,0.08558019575469152,61,high
PANC1,antisym_mlp,72,Procarbazine HCl,3,270,0.02941506451113966,0.0425193959425329,0.31341693629103357,0.6690356772809203,0.24074074074074073,0.09606431880542488,30,medium
PANC1,antisym_mlp,73,Raloxifene HCl,3,270,0.011171712770774061,0.010358377303182852,-0.07705182795346428,0.2760581789424022,0.21126760563380284,0.0894105894105894,51,low
PANC1,antisym_mlp,74,Romidepsin,3,270,0.01271938575814799,0.022590966338361048,0.4367986192588454,0.695938144050647,0.14615384615384616,0.06435446584379366,59,low
PANC1,antisym_mlp,75,Sirolimus (Rapamycin),3,270,0.01659441915428772,0.03684104940245702,0.5435640836926493,0.8099708036953829,0.8727272727272727,0.06541534524602914,100,high
PANC1,antisym_mlp,76,Streptozocin,3,270,0.008279452373016397,0.008016470822038305,-0.03368929916068734,0.36435819646130385,0.2413793103448276,0.07155275148473096,35,medium
PANC1,antisym_mlp,77,Sunitinib Malate,3,270,0.011418636062291486,0.012064800505783237,0.05375015255228414,0.2658050131151483,0.15527777777777776,0.09524389205047175,57,low
PANC1,antisym_mlp,78,Tamoxifen Citrate,3,270,0.011637527679895086,0.016399372920331282,0.29099638558519186,0.5342026454438593,0.19441649899396377,0.0794667946162742,35,low
PANC1,antisym_mlp,79,Temozolomide,3,270,0.00800909189912591,0.009918726199258354,0.1914928541295832,0.45338361538246436,0.1835071707953064,0.08800103674634231,32,low
PANC1,antisym_mlp,80,Teniposide,3,270,0.014742622845920976,0.024652860576940994,0.4036998667424288,0.6655588282903095,0.7530864197530865,0.0793254261333256,76,high
PANC1,antisym_mlp,81,Thalidomide,3,270,0.012201888872533588,0.009323252866935633,-0.31184082304875044,0.25025222736842695,0.5454545454545454,0.08860579696088232,29,high
PANC1,antisym_mlp,82,Thioguanine,3,270,0.03927453275687393,0.023198473559188026,-0.6979629868386606,0.10092614141594151,0.5333333333333333,0.05647152463190199,26,high
PANC1,antisym_mlp,83,Thiotepa,3,270,0.031419413111617646,0.041859950662551194,0.24865911243964164,0.5118879042485038,0.15,0.01755990027314891,11,low
PANC1,antisym_mlp,84,Topotecan HCl,3,270,0.013804495754413892,0.022806237309648227,0.3913514868714992,0.66077254937077,0.5161290322580645,0.09818070684078888,63,high
PANC1,antisym_mlp,85,Tretinoin,3,270,0.011559130254439803,0.012369900399613021,0.06407876290986363,0.2687680884544958,0.16,0.06634766327279697,39,low
PANC1,antisym_mlp,86,Triethylenemelamine,3,270,0.030230672589495185,0.041544021579799785,0.2713806884484962,0.5569525516286343,0.15,0.04649295443514136,12,low
PANC1,antisym_mlp,87,Uracil mustard,3,270,0.06690999279536537,0.07302609688549642,0.08430407102195303,0.41356481594380523,0.3495827843653931,0.06004685908737081,27,medium
PANC1,antisym_mlp,88,Vemurafenib,3,270,0.012927622152255284,0.017564951740250228,0.26593294497157893,0.5968984039320082,0.2110091743119266,0.09557300744924291,59,low
PANC1,antisym_mlp,89,Vinblastine Sulfate,3,270,0.024604654226786583,0.05430053468843749,0.5435607459599489,0.7323547034099809,0.8352430100002916,0.0877337429595494,96,high
PANC1,antisym_mlp,90,Vincristine Sulfate,3,270,0.02236224876177818,0.05387832323058694,0.5849337784862488,0.8170353439459994,0.883495145631068,0.08586932625409242,98,high
PANC1,antisym_mlp,91,Vinorelbine Tartrate,3,270,0.02618989515507608,0.04236739345425993,0.38494765377809514,0.6165431278586682,0.7100066167862779,0.08350008113018077,97,high
PANC1,antisym_mlp,92,Vismodegib,3,270,0.00883402265757708,0.011845806902441748,0.2560283004168974,0.5131662062778801,0.2692307692307692,0.08421401882516284,48,medium
PANC1,antisym_mlp,93,Vorinostat,3,270,0.012498376281646373,0.013020286278186266,0.0381350710524209,0.2714445667780459,0.2133200354609929,0.08637978095270726,27,low
PANC1,antisym_mlp,94,Zoledronic Acid,3,270,0.009797728527371243,0.009366947815857224,-0.04487617988491958,0.21071145679089598,0.14925373134328357,0.06302238702854114,27,low
PANC1,antisym_mlp,95,abiraterone,3,270,0.017508726850860225,0.01661315421757509,-0.053798694273544966,0.1320712987224598,0.20779727095516567,0.0772259236826166,47,low
PANC1,antisym_mlp,96,carfilzomib,3,270,0.04647346163967251,0.05515560730053328,0.16035401882470748,0.55388112627588,0.3176470588235294,0.0912286719806657,62,medium
PANC1,antisym_mlp,97,sorafenib,3,270,0.012598309568244141,0.012570295249839191,-0.0019615811035743245,0.22964837814273878,0.2692307692307692,0.08387112887112887,51,medium
PANC1,antisym_mlp,98,valrubicin,3,270,0.015388642267111502,0.03249593195617706,0.5237054025726456,0.716949030391997,0.6161616161616161,0.08593169218729456,89,high
PANC1,antisym_mlp,99,vandetanib,3,270,0.011955265992737475,0.018777805246009124,0.3611923297706339,0.5787581683225375,0.4444444444444444,0.08475565669865355,57,medium
PANC1,lowrank,0,Allopurinol,3,270,0.02390520303946325,0.027827291001241723,0.1396699983655311,0.6719749251735117,0.29411764705882354,0.06452228327228328,24,medium
PANC1,lowrank,1,Altretamine,3,270,0.024186506510306183,0.031219809417269526,0.2236122369590403,0.5884481443476348,0.15,0.044741180177612826,11,low
PANC1,lowrank,2,Amifostine,3,270,0.017633124842481335,0.01951650377171966,0.09717143961067816,0.35906086694104195,0.1574074074074074,0.04659934817474234,25,low
PANC1,lowrank,3,Aminolevulinic Acid,3,270,0.024322799653863608,0.031117354336338304,0.21831945479816103,0.49482892228796177,0.20512820512820515,0.049533947104918714,16,low
PANC1,lowrank,4,Anastrozole,3,270,0.006665295306465239,0.007274880324046243,0.08471361775274248,0.3617387465033472,0.26,0.06361016766886678,34,medium
PANC1,lowrank,5,Arsenic Trioxide,3,270,0.014400289157081789,0.01790931564530371,0.19533999547180603,0.4120951430658238,0.0,0.0,2,low
PANC1,lowrank,6,Axitinib,3,270,0.017639590628552887,0.016757125486405056,-0.0516868789162593,0.25571197448320265,0.2122329362828512,0.08434343459524458,52,low
PANC1,lowrank,7,Azacitidine,3,270,0.017160338264103688,0.011875232465977917,-0.4377256655794249,0.2667170325861092,0.6444444444444445,0.09173683678469706,37,high
PANC1,lowrank,8,Bendamustine HCl,3,270,0.007035318506075635,0.0074797002294035055,0.05955230421645615,0.24519782640299234,0.52,0.1007042290041646,45,high
PANC1,lowrank,9,Bleomycin,3,270,0.030407615301580888,0.041218132169557366,0.2574425302673329,0.5506775004650465,0.14039938556067588,0.06967887619656707,139,low
PANC1,lowrank,10,Bortezomib,3,270,0.01765157186511343,0.023027488508649118,0.2254391193713197,0.5183066538289047,0.3176470588235294,0.08824003031164157,50,medium
PANC1,lowrank,11,Busulfan,3,270,0.01371888031474292,0.018435656340636913,0.25475925420292694,0.5121235169552438,0.11159045153868279,0.04225389866930251,15,low
PANC1,lowrank,12,Cabazitaxel,3,270,0.011652806669476707,0.04299764901037082,0.7270582843618406,0.8452327956573019,0.7920792079207922,0.0835825462699949,92,high
PANC1,lowrank,13,Capecitabine,3,270,0.012639208614144325,0.012596481629551978,-0.004710611102338613,0.3279240750778676,0.2857142857142857,0.10896409743125897,53,medium
PANC1,lowrank,14,Carboplatin,3,270,0.008752157572772984,0.007334726819214321,-0.19748473396923472,0.22082817186210882,0.19576719576719573,0.04949875705374901,17,low
PANC1,lowrank,15,Carmustine,3,270,0.01478342350919653,0.016012716047485245,0.07689936927993794,0.32665627226094257,0.5277777777777778,0.04744337395662999,25,high
PANC1,lowrank,16,Celecoxib,3,270,0.010349586117457196,0.013532251937818084,0.23400140726266563,0.49373062660993566,0.1744507870610621,0.07483050875635489,40,low
PANC1,lowrank,17,Chlorambucil,3,270,0.025729812506568295,0.017453770532836792,-0.4745157239138848,-0.054375285381581956,0.5365853658536586,0.0772604588394062,31,high
PANC1,lowrank,18,Cisplatin,3,270,0.013048532724871005,0.01613787117444869,0.19082027989262854,0.41981275232859233,0.057539682539682536,0.0,5,low
PANC1,lowrank,19,Cladribine,3,270,0.022470379334585178,0.020980985041516992,-0.07483714358943401,0.42786097595753025,0.6008004574042309,0.08475719323824414,44,high
PANC1,lowrank,20,Clofarabine,3,270,0.017018872925213646,0.018029511561207374,0.06404530327535866,0.37038788886872004,0.5787878787878787,0.07585265922212647,45,high
PANC1,lowrank,21,Crizotinib,3,270,0.01148389841850867,0.014459154638798292,0.2052406168752848,0.46949177590078817,0.1854901960784314,0.08873831713853586,60,low
PANC1,lowrank,22,Cyclophosphamide,3,270,0.055860091595643264,0.07075434873520099,0.20580758369663713,0.6943496345991426,0.26988636363636365,0.04495492294710663,27,medium
PANC1,lowrank,23,Cytarabine; Ara-C,3,270,0.07026893937431314,0.07383334202700549,0.04833437001028584,0.2692595586279902,0.6310185185185185,0.09464066016504126,37,high
PANC1,lowrank,24,Dacarbazine,3,270,0.010384154504255212,0.011048742966776366,0.060254642892292286,0.3985924355138712,0.20094760312151616,0.08050745077706396,31,low
PANC1,lowrank,25,Dactinomycin,3,270,0.03478768073674542,0.044871829986943966,0.22772796993499111,0.5227356582501874,0.18052333557833822,0.09936411144052437,90,low
PANC1,lowrank,26,Dasatinib,3,270,0.012278926708216953,0.017340915131417226,0.2927130992694584,0.5371338960179447,0.24649859943977592,0.09500465989788809,65,medium
PANC1,lowrank,27,Daunorubicin HCl,3,270,0.017635910518882966,0.03962988104149767,0.5565500074213738,0.7584569980321572,0.8533333333333334,0.08879196051030487,68,high
PANC1,lowrank,28,Decitabine,3,270,0.028193231083597253,0.0431357861902034,0.3470616339128428,0.686699964723548,0.6000267630135153,0.10240322230778805,39,high
PANC1,lowrank,29,Dexrazoxane HCl,3,270,0.02258362328289336,0.01739360743115105,-0.2978515265225132,-0.003927234069934911,0.20000000000000004,0.07881374699002408,25,low
PANC1,lowrank,30,Docetaxel,3,270,0.017900714437333005,0.0517993716171439,0.6546153504720036,0.8327634014453217,0.783945061172784,0.08136703330406862,89,high
PANC1,lowrank,31,Doxorubicin HCl,3,270,0.015116989997079125,0.04372505476362745,0.6550776639842453,0.8629439352339215,0.8533333333333334,0.09155104319702269,71,high
PANC1,lowrank,32,Erlotinib HCl,3,270,0.03046185574147973,0.04060070553618688,0.2518204994404765,0.5114556124117818,0.3830409356725146,0.0723025495057817,47,medium
PANC1,lowrank,33,Estramustine phosphate,3,270,0.03943097373653467,0.03597019540244715,-0.09802480226109973,0.0325686079320602,0.22321036451471232,0.09711835804658255,61,low
PANC1,lowrank,34,Etoposide,3,270,0.016711410097384735,0.026385017857426484,0.364991865677086,0.616515109717446,0.7530864197530865,0.07444570510854832,66,high
PANC1,lowrank,35,Everolimus,3,270,0.01845496566939003,0.03648062470318,0.49046988334299363,0.7487217094394266,0.8727272727272727,0.07018122661328084,106,high
PANC1,lowrank,36,Exemestane,3,270,0.013678173870501834,0.014559234373897773,0.057459733695847816,0.32875366226846975,0.21043771043771042,0.06498363721365125,41,low
PANC1,lowrank,37,Floxuridine,3,270,0.02495682134132778,0.031006094838494338,0.19942631307404568,0.47280399073945273,0.4716981132075471,0.08764492753623188,39,medium
PANC1,lowrank,38,Fludarabine Phosphate,3,270,0.011563503267256608,0.012245520517610237,0.054640443157369156,0.2989712139600563,0.4615384615384615,0.09256531287242732,50,medium
PANC1,lowrank,39,Fluorouracil (5-FU),3,270,0.04004947019317313,0.02729416633891556,-0.45736041198627947,-0.05111312515343056,0.3406404470234257,0.04865839162589003,19,medium
PANC1,lowrank,40,Fulvestrant,3,270,0.012032600177654318,0.013281732244918009,0.08486954295573768,0.3245901320633389,0.24242424242424243,0.0834512755900666,62,medium
PANC1,lowrank,41,Gefitinib,3,270,0.01476630728347301,0.014188135611716614,-0.03580087909541648,0.3551012908564912,0.4444444444444444,0.08052737460270258,60,medium
PANC1,lowrank,42,Gemcitabine HCl,3,270,0.02962395778459176,0.026889084261260437,-0.10487693373697697,0.3653258482098243,0.5361111111111111,0.09860517939255564,40,high
PANC1,lowrank,43,Hydroxyurea,3,270,0.02209182598691517,0.026676563865674838,0.17013429010222794,0.40111849877771727,0.19354838709677416,0.04662857445869965,10,low
PANC1,lowrank,44,Ifosfamide,3,270,0.012155681815846545,0.014503163034583948,0.15686353581166926,0.42789277357487343,0.22891963109354416,0.05826601958612903,30,low
PANC1,lowrank,45,Imatinib Mesylate,3,270,0.019668252038107525,0.02438766899639823,0.19313197322502174,0.4374990397166802,0.4360725563633694,0.09399383918229147,65,medium
PANC1,lowrank,46,Imiquimod,3,270,0.03127973680833009,0.04344766844435996,0.2775458257555654,0.6455359557185028,0.20895522388059704,0.0923867798867799,37,low
PANC1,lowrank,47,Irinotecan HCl,3,270,0.013743126593139456,0.018405147270826466,0.2604612570870684,0.5341650546939651,0.5161290322580645,0.09716968266456859,78,high
PANC1,lowrank,48,Ixabepilone,3,270,0.04722143217572511,0.05175529650515264,0.08909061805721386,0.3400797080824278,0.1595959595959596,0.08211498178168473,67,low
PANC1,lowrank,49,Lapatinib Ditosylate,3,270,0.009764093643929321,0.011768119947571586,0.167606358605255,0.42557050400914304,0.31683168316831684,0.07943679944118047,73,medium
PANC1,lowrank,50,Lenalidomide,3,270,0.0236129034832074,0.022572201699080762,-0.0479012344280918,0.14621555393979482,0.5454545454545454,0.08095545225121314,39,high
PANC1,lowrank,51,Letrozole,3,270,0.011989930191681772,0.00874339807014962,-0.37106876381020215,0.06458420852652319,0.26,0.052992069214131216,29,medium
PANC1,lowrank,52,Lomustine; CCNU,3,270,0.022362716056899,0.03127812031277709,0.28441537549517243,0.555696289033257,0.5277777777777778,0.06420712572028361,30,high
PANC1,lowrank,53,Mechlorethamine HCl,3,270,0.03878176679527904,0.0345995568423946,-0.11641717046522952,0.19739472621335766,0.22847222222222222,0.032009440723849696,12,low
PANC1,lowrank,54,Megestrol acetate,3,270,0.009662593142436839,0.009478028947007125,-0.017212482090701548,0.20695704858005393,0.21955430006277465,0.07804979930333254,48,low
PANC1,lowrank,55,Melphalan,3,270,0.04457933544789178,0.04673174997600221,0.046138229334477456,0.26767371495253334,0.4669189795346229,0.08721078057462496,32,medium
PANC1,lowrank,56,Mercaptopurine,3,270,0.04937056063736192,0.05109455463596427,0.03386265905953911,0.19056071631135096,0.5333333333333333,0.06527865087647695,20,high
PANC1,lowrank,57,Methotrexate,3,270,0.011905340693855274,0.020625404954986125,0.4257195499563253,0.6700489296867297,0.6527777777777778,0.08841257643003986,58,high
PANC1,lowrank,58,Methoxsalen,3,270,0.0207695286994341,0.02397740984753347,0.13353039727263238,0.3774238481031645,0.12301587301587302,0.07984964097323648,31,low
PANC1,lowrank,59,Mitomycin C,3,270,0.03239533480792659,0.031766428114155365,-0.020939527867319712,0.09189737310024076,0.1393195521102498,0.08976601506304475,50,low
PANC1,lowrank,60,Mitotane; o;p'-DDD,3,270,0.010545477202460178,0.010540335791423347,-0.00015059317039833875,0.2555647229772077,0.125,0.046858378093625926,25,low
PANC1,lowrank,61,Mitoxantrone HCl,3,270,0.03167971777787367,0.035136890367347746,0.09878292608694905,0.3189150966418839,0.16666666666666666,0.07950759654182714,31,low
PANC1,lowrank,62,Nelarabine,3,270,0.014783409051259841,0.014408995389822309,-0.025336456347900344,0.2669473078279694,0.5157232704402516,0.08575899731477958,45,medium
PANC1,lowrank,63,Nilotinib,3,270,0.038713330904077754,0.04468276651453996,0.13222482998614526,0.34233499991592264,0.4182872371074618,0.08841461151986041,70,medium
PANC1,lowrank,64,Oxaliplatin,3,270,0.008434257799634583,0.012283965132240504,0.3157904014386305,0.5636058642062702,0.21832358674463936,0.057316125278105666,16,low
PANC1,lowrank,65,Paclitaxel,3,270,0.028043218711112195,0.04383178718703454,0.36404114692960216,0.6743330147971659,0.7676767676767676,0.08489718815805773,86,high
PANC1,lowrank,66,Pazopanib HCl,3,270,0.01932087958835736,0.016479195425953753,-0.17219710228722027,0.07328719578744113,0.25773195876288657,0.07873931623931624,57,medium
PANC1,lowrank,67,Pemetrexed Disodium,3,270,0.021179159610138276,0.02192576579999547,0.035798348640745305,0.3010882840708766,0.37804878048780494,0.08495026321113279,55,medium
PANC1,lowrank,68,Pentostatin,3,270,0.023199650303727948,0.019621201600161595,-0.18205885303883332,0.10090363157259162,0.46896955503512877,0.07789992077211179,44,medium
PANC1,lowrank,69,Pipobroman,3,270,0.009108948438177956,0.008864278959597965,-0.028596740510063962,0.2501720484853651,0.1724137931034483,0.06685621082070094,18,low
PANC1,lowrank,70,Plicamycin,3,270,0.037954617214078744,0.041940145236786235,0.09322097594452972,0.36966857275161713,0.24003048006096014,0.07129715396928511,86,medium
PANC1,lowrank,71,Pralatrexate,3,270,0.009437267263926253,0.016991399358892056,0.4416790183680952,0.7022139258099248,0.6527777777777778,0.08558019575469152,61,high
PANC1,lowrank,72,Procarbazine HCl,3,270,0.028503870416686394,0.0425193959425329,0.338470407657423,0.6782863165605587,0.24074074074074073,0.09606431880542488,30,medium
PANC1,lowrank,73,Raloxifene HCl,3,270,0.01144959496836454,0.010358377303182852,-0.1071076640500535,0.28500085290749416,0.21126760563380284,0.0894105894105894,51,low
PANC1,lowrank,74,Romidepsin,3,270,0.013816881154009544,0.022590966338361048,0.3883089526081085,0.6918882906415327,0.14615384615384616,0.06435446584379366,59,low
PANC1,lowrank,75,Sirolimus (Rapamycin),3,270,0.012796830103140108,0.03684104940245702,0.6496663878585897,0.8285787183816344,0.8727272727272727,0.06541534524602914,100,high
PANC1,lowrank,76,Streptozocin,3,270,0.008423369090929209,0.008016470822038305,-0.05076981728720997,0.3282735575956704,0.2413793103448276,0.07155275148473096,35,medium
PANC1,lowrank,77,Sunitinib Malate,3,270,0.011731548643790344,0.012064800505783237,0.025414202004291158,0.20742955116686343,0.15527777777777776,0.09524389205047175,57,low
PANC1,lowrank,78,Tamoxifen Citrate,3,270,0.011192756120463861,0.016399372920331282,0.32022430318463774,0.5763238661689462,0.19441649899396377,0.0794667946162742,35,low
PANC1,lowrank,79,Temozolomide,3,270,0.007625194776970115,0.009918726199258354,0.2331829586251646,0.4915546482588702,0.1835071707953064,0.08800103674634231,32,low
PANC1,lowrank,80,Teniposide,3,270,0.014452934832302476,0.024652860576940994,0.4167398382288306,0.6815929990208313,0.7530864197530865,0.0793254261333256,76,high
PANC1,lowrank,81,Thalidomide,3,270,0.010041215133384412,0.009323252866935633,-0.07428308320631187,0.33331248358204063,0.5454545454545454,0.08860579696088232,29,high
PANC1,lowrank,82,Thioguanine,3,270,0.04327502960576388,0.023198473559188026,-0.8668212399127739,0.11325849977745933,0.5333333333333333,0.05647152463190199,26,high
PANC1,lowrank,83,Thiotepa,3,270,0.03184748468819352,0.041859950662551194,0.23762140257224393,0.49155183570915356,0.15,0.01755990027314891,11,low
PANC1,lowrank,84,Topotecan HCl,3,270,0.014483736020978882,0.022806237309648227,0.3621510932678364,0.6298033278144851,0.5161290322580645,0.09818070684078888,63,high
PANC1,lowrank,85,Tretinoin,3,270,0.011524738939394388,0.012369900399613021,0.06476686369616506,0.2679009747478611,0.16,0.06634766327279697,39,low
PANC1,lowrank,86,Triethylenemelamine,3,270,0.028909759977441093,0.041544021579799785,0.3038485433899993,0.6511521992687052,0.15,0.04649295443514136,12,low
PANC1,lowrank,87,Uracil mustard,3,270,0.07621830173685117,0.07302609688549642,-0.04414670921794872,0.2573984920087231,0.3495827843653931,0.06004685908737081,27,medium
PANC1,lowrank,88,Vemurafenib,3,270,0.014524158518156778,0.017564951740250228,0.17372673908145675,0.5415813553122337,0.2110091743119266,0.09557300744924291,59,low
PANC1,lowrank,89,Vinblastine Sulfate,3,270,0.023337217745321746,0.05430053468843749,0.5676685074713853,0.7213065270610245,0.8352430100002916,0.0877337429595494,96,high
PANC1,lowrank,90,Vincristine Sulfate,3,270,0.015406575416507121,0.05387832323058694,0.7136974034282632,0.8364804390368117,0.883495145631068,0.08586932625409242,98,high
PANC1,lowrank,91,Vinorelbine Tartrate,3,270,0.01944321892286584,0.04236739345425993,0.53915816953173,0.7340283685378229,0.7100066167862779,0.08350008113018077,97,high
PANC1,lowrank,92,Vismodegib,3,270,0.010174425480440223,0.011845806902441748,0.141226077573518,0.4946728210578759,0.2692307692307692,0.08421401882516284,48,medium
PANC1,lowrank,93,Vorinostat,3,270,0.011845509477463425,0.013020286278186266,0.09054708627460994,0.29771628298167174,0.2133200354609929,0.08637978095270726,27,low
PANC1,lowrank,94,Zoledronic Acid,3,270,0.008563134925258509,0.009366947815857224,0.08554506553570644,0.31212117639938475,0.14925373134328357,0.06302238702854114,27,low
PANC1,lowrank,95,abiraterone,3,270,0.017043187458213517,0.01661315421757509,-0.028248156135171027,0.1666981005217689,0.20779727095516567,0.0772259236826166,47,low
PANC1,lowrank,96,carfilzomib,3,270,0.044181808692320024,0.05515560730053328,0.19983360142411466,0.606056162772282,0.3176470588235294,0.0912286719806657,62,medium
PANC1,lowrank,97,sorafenib,3,270,0.013646160081808833,0.012570295249839191,-0.08522888451088151,0.19387933706253377,0.2692307692307692,0.08387112887112887,51,medium
PANC1,lowrank,98,valrubicin,3,270,0.015686013816311965,0.03249593195617706,0.5156959521671945,0.7054715273782118,0.6161616161616161,0.08593169218729456,89,high
PANC1,lowrank,99,vandetanib,3,270,0.012229802340924271,0.018777805246009124,0.34635454751711886,0.573754745977054,0.4444444444444444,0.08475565669865355,57,medium
PANC1,pair_only,0,Allopurinol,3,270,0.02389381316155802,0.027827291001241723,0.14054998130352445,0.5968878230729392,0.29411764705882354,0.06452228327228328,24,medium
PANC1,pair_only,1,Altretamine,3,270,0.028403143668244136,0.031219809417269526,0.0873096538779909,0.47495729100613326,0.15,0.044741180177612826,11,low
PANC1,pair_only,2,Amifostine,3,270,0.018730186260146216,0.01951650377171966,0.04160025718967508,0.3665931884433853,0.1574074074074074,0.04659934817474234,25,low
PANC1,pair_only,3,Aminolevulinic Acid,3,270,0.02861355624205061,0.031117354336338304,0.08089115810307697,0.24854701205476823,0.20512820512820515,0.049533947104918714,16,low
PANC1,pair_only,4,Anastrozole,3,270,0.006886641708181429,0.007274880324046243,0.05370494160853138,0.2075036480236975,0.26,0.06361016766886678,34,medium
PANC1,pair_only,5,Arsenic Trioxide,3,270,0.01790931564530371,0.01790931564530371,0.0,,0.0,0.0,2,low
PANC1,pair_only,6,Axitinib,3,270,0.019022525584193498,0.016757125486405056,-0.14041831048511658,0.2219610946575589,0.2122329362828512,0.08434343459524458,52,low
PANC1,pair_only,7,Azacitidine,3,270,0.020352947680645276,0.011875232465977917,-0.7061260975053228,0.13902928447828608,0.6444444444444445,0.09173683678469706,37,high
PANC1,pair_only,8,Bendamustine HCl,3,270,0.006492751322473887,0.0074797002294035055,0.13222420888503428,0.3511539908183799,0.52,0.1007042290041646,45,high
PANC1,pair_only,9,Bleomycin,3,270,0.027179713595639324,0.041218132169557366,0.3343499850859861,0.5852518988213303,0.14039938556067588,0.06967887619656707,139,low
PANC1,pair_only,10,Bortezomib,3,270,0.017099718247374288,0.023027488508649118,0.25091450219073236,0.566374272997931,0.3176470588235294,0.08824003031164157,50,medium
PANC1,pair_only,11,Busulfan,3,270,0.015947235674064884,0.018435656340636913,0.13530546235587945,0.5135966263248196,0.11159045153868279,0.04225389866930251,15,low
PANC1,pair_only,12,Cabazitaxel,3,270,0.017756417153100935,0.04299764901037082,0.587682813143704,0.7189131972082733,0.7920792079207922,0.0835825462699949,92,high
PANC1,pair_only,13,Capecitabine,3,270,0.015674336195982578,0.012596481629551978,-0.2477058671116259,0.24358993641006746,0.2857142857142857,0.10896409743125897,53,medium
PANC1,pair_only,14,Carboplatin,3,270,0.006739556011681839,0.007334726819214321,0.08237223085746974,0.28230076210710303,0.19576719576719573,0.04949875705374901,17,low
PANC1,pair_only,15,Carmustine,3,270,0.01368172895078488,0.016012716047485245,0.14570917057038665,0.3137834469183485,0.5277777777777778,0.04744337395662999,25,high
PANC1,pair_only,16,Celecoxib,3,270,0.011022224057381338,0.013532251937818084,0.183910733989657,0.45182586005398356,0.1744507870610621,0.07483050875635489,40,low
PANC1,pair_only,17,Chlorambucil,3,270,0.028423528731992772,0.017453770532836792,-0.6290704606571701,-0.2282153614542495,0.5365853658536586,0.0772604588394062,31,high
PANC1,pair_only,18,Cisplatin,3,270,0.016165949081039726,0.01613787117444869,-0.0007247345999995177,0.13323633863255877,0.057539682539682536,0.0,5,low
PANC1,pair_only,19,Cladribine,3,270,0.029170009766154064,0.020980985041516992,-0.39558180395639414,0.30034415954032995,0.6008004574042309,0.08475719323824414,44,high
PANC1,pair_only,20,Clofarabine,3,270,0.01693257995335641,0.018029511561207374,0.0640468856720902,0.3369236710814992,0.5787878787878787,0.07585265922212647,45,high
PANC1,pair_only,21,Crizotinib,3,270,0.012510826980774143,0.014459154638798292,0.13513510377126628,0.4138080904553918,0.1854901960784314,0.08873831713853586,60,low
PANC1,pair_only,22,Cyclophosphamide,3,270,0.057313507085176706,0.07075434873520099,0.18491092239864412,0.6980363262442938,0.26988636363636365,0.04495492294710663,27,medium
PANC1,pair_only,23,Cytarabine; Ara-C,3,270,0.07164790173023507,0.07383334202700549,0.02957010316102578,0.21360831119245283,0.6310185185185185,0.09464066016504126,37,high
PANC1,pair_only,24,Dacarbazine,3,270,0.014286436852172006,0.011048742966776366,-0.2865288164151309,0.2153108845133055,0.20094760312151616,0.08050745077706396,31,low
PANC1,pair_only,25,Dactinomycin,3,270,0.03475546732500688,0.044871829986943966,0.22670686553163935,0.5238432588965023,0.18052333557833822,0.09936411144052437,90,low
PANC1,pair_only,26,Dasatinib,3,270,0.014403157384575828,0.017340915131417226,0.17254944272427467,0.4293716908743739,0.24649859943977592,0.09500465989788809,65,medium
PANC1,pair_only,27,Daunorubicin HCl,3,270,0.020142615694415594,0.03962988104149767,0.49073119929760417,0.7445822754578968,0.8533333333333334,0.08879196051030487,68,high
PANC1,pair_only,28,Decitabine,3,270,0.029511235795061163,0.0431357861902034,0.31661551440815444,0.6168370661879695,0.6000267630135153,0.10240322230778805,39,high
PANC1,pair_only,29,Dexrazoxane HCl,3,270,0.021806945512987747,0.01739360743115105,-0.2545561200800664,-0.05017823479967051,0.20000000000000004,0.07881374699002408,25,low
PANC1,pair_only,30,Docetaxel,3,270,0.021275818445278764,0.0517993716171439,0.5872975684430822,0.7569612299888169,0.783945061172784,0.08136703330406862,89,high
PANC1,pair_only,31,Doxorubicin HCl,3,270,0.0189484908764688,0.04372505476362745,0.5731716801712858,0.7595893380080545,0.8533333333333334,0.09155104319702269,71,high
PANC1,pair_only,32,Erlotinib HCl,3,270,0.032576354696172885,0.04060070553618688,0.1976457391545935,0.6345089099235451,0.3830409356725146,0.0723025495057817,47,medium
PANC1,pair_only,33,Estramustine phosphate,3,270,0.046745863562258315,0.03597019540244715,-0.298010472126013,0.021854909288374396,0.22321036451471232,0.09711835804658255,61,low
PANC1,pair_only,34,Etoposide,3,270,0.016399528572297938,0.026385017857426484,0.37800286388050086,0.672094920407592,0.7530864197530865,0.07444570510854832,66,high
PANC1,pair_only,35,Everolimus,3,270,0.01431372430054053,0.03648062470318,0.6082674763545914,0.7812976364609217,0.8727272727272727,0.07018122661328084,106,high
PANC1,pair_only,36,Exemestane,3,270,0.014042467073583663,0.014559234373897773,0.035597573935080486,0.2871538980641177,0.21043771043771042,0.06498363721365125,41,low
PANC1,pair_only,37,Floxuridine,3,270,0.02359563575264241,0.031006094838494338,0.24309826005800972,0.582564334392805,0.4716981132075471,0.08764492753623188,39,medium
PANC1,pair_only,38,Fludarabine Phosphate,3,270,0.014023385638014335,0.012245520517610237,-0.149451773745184,0.08519245948768273,0.4615384615384615,0.09256531287242732,50,medium
PANC1,pair_only,39,Fluorouracil (5-FU),3,270,0.04093690076116586,0.02729416633891556,-0.4883476401900222,-0.14910085191820957,0.3406404470234257,0.04865839162589003,19,medium
PANC1,pair_only,40,Fulvestrant,3,270,0.01269661984156953,0.013281732244918009,0.04257161918938723,0.26668938278866966,0.24242424242424243,0.0834512755900666,62,medium
PANC1,pair_only,41,Gefitinib,3,270,0.014475521414644782,0.014188135611716614,-0.0178441652714522,0.35457027259587354,0.4444444444444444,0.08052737460270258,60,medium
PANC1,pair_only,42,Gemcitabine HCl,3,270,0.025544603776568444,0.026889084261260437,0.049172881262532796,0.40267312061131233,0.5361111111111111,0.09860517939255564,40,high
PANC1,pair_only,43,Hydroxyurea,3,270,0.02328428879243689,0.026676563865674838,0.12725578319482164,0.4843939465096048,0.19354838709677416,0.04662857445869965,10,low
PANC1,pair_only,44,Ifosfamide,3,270,0.013206247746206745,0.014503163034583948,0.08753858088181554,0.3545787689562419,0.22891963109354416,0.05826601958612903,30,low
PANC1,pair_only,45,Imatinib Mesylate,3,270,0.02022964395091043,0.02438766899639823,0.1704854283725099,0.41564838135975674,0.4360725563633694,0.09399383918229147,65,medium
PANC1,pair_only,46,Imiquimod,3,270,0.0325021314580705,0.04344766844435996,0.24839568702366666,0.7223671760411455,0.20895522388059704,0.0923867798867799,37,low
PANC1,pair_only,47,Irinotecan HCl,3,270,0.0125995968541241,0.018405147270826466,0.32386454806444104,0.5825240317462618,0.5161290322580645,0.09716968266456859,78,high
PANC1,pair_only,48,Ixabepilone,3,270,0.046212312396234086,0.05175529650515264,0.10807875613944178,0.34162228548735674,0.1595959595959596,0.08211498178168473,67,low
PANC1,pair_only,49,Lapatinib Ditosylate,3,270,0.010231744873110215,0.011768119947571586,0.12943879688758778,0.3824540618426285,0.31683168316831684,0.07943679944118047,73,medium
PANC1,pair_only,50,Lenalidomide,3,270,0.01994766017554393,0.022572201699080762,0.11690972890122904,0.35495060673266443,0.5454545454545454,0.08095545225121314,39,high
PANC1,pair_only,51,Letrozole,3,270,0.009490981288653597,0.00874339807014962,-0.08547303548077179,0.05696396317101588,0.26,0.052992069214131216,29,medium
PANC1,pair_only,52,Lomustine; CCNU,3,270,0.023570219492782974,0.03127812031277709,0.24344997226534018,0.5126157060232205,0.5277777777777778,0.06420712572028361,30,high
PANC1,pair_only,53,Mechlorethamine HCl,3,270,0.0379065052254743,0.0345995568423946,-0.09487349293542217,0.08519538730023006,0.22847222222222222,0.032009440723849696,12,low
PANC1,pair_only,54,Megestrol acetate,3,270,0.0097869078434802,0.009478028947007125,-0.03104507499029267,0.13734351075423898,0.21955430006277465,0.07804979930333254,48,low
PANC1,pair_only,55,Melphalan,3,270,0.04821280674579214,0.04673174997600221,-0.03182154772671305,0.10236476781148736,0.4669189795346229,0.08721078057462496,32,medium
PANC1,pair_only,56,Mercaptopurine,3,270,0.057905093576982904,0.05109455463596427,-0.13272982747609272,-0.16157694589411775,0.5333333333333333,0.06527865087647695,20,high
PANC1,pair_only,57,Methotrexate,3,270,0.011197560944070609,0.020625404954986125,0.45407997292560265,0.6856100071556323,0.6527777777777778,0.08841257643003986,58,high
PANC1,pair_only,58,Methoxsalen,3,270,0.020972812333307816,0.02397740984753347,0.12514728572324238,0.4246269829897442,0.12301587301587302,0.07984964097323648,31,low
PANC1,pair_only,59,Mitomycin C,3,270,0.029073922617317356,0.031766428114155365,0.08336841970965785,0.3081503781682247,0.1393195521102498,0.08976601506304475,50,low
PANC1,pair_only,60,Mitotane; o;p'-DDD,3,270,0.011015091798780305,0.010540335791423347,-0.04559773711962615,0.13495781617296795,0.125,0.046858378093625926,25,low
PANC1,pair_only,61,Mitoxantrone HCl,3,270,0.031287576567275134,0.035136890367347746,0.10940529144218207,0.3856120421113887,0.16666666666666666,0.07950759654182714,31,low
PANC1,pair_only,62,Nelarabine,3,270,0.01394695389864358,0.014408995389822309,0.033013779660309606,0.28993114926773944,0.5157232704402516,0.08575899731477958,45,medium
PANC1,pair_only,63,Nilotinib,3,270,0.04134171444810358,0.04468276651453996,0.07399618127044616,0.26970370976852687,0.4182872371074618,0.08841461151986041,70,medium
PANC1,pair_only,64,Oxaliplatin,3,270,0.009127847987965794,0.012283965132240504,0.25921162231377376,0.6218268228799907,0.21832358674463936,0.057316125278105666,16,low
PANC1,pair_only,65,Paclitaxel,3,270,0.02456670749556371,0.04383178718703454,0.44119968163562806,0.732561926695697,0.7676767676767676,0.08489718815805773,86,high
PANC1,pair_only,66,Pazopanib HCl,3,270,0.01991755483744412,0.016479195425953753,-0.20938771268104506,0.000724874608559563,0.25773195876288657,0.07873931623931624,57,medium
PANC1,pair_only,67,Pemetrexed Disodium,3,270,0.017310629975467586,0.02192576579999547,0.20586411736652074,0.4582592886420571,0.37804878048780494,0.08495026321113279,55,medium
PANC1,pair_only,68,Pentostatin,3,270,0.021627529368152206,0.019621201600161595,-0.10172462558022051,0.1363258030359703,0.46896955503512877,0.07789992077211179,44,medium
PANC1,pair_only,69,Pipobroman,3,270,0.008224857041468981,0.008864278959597965,0.07217783358014,0.2688713998602874,0.1724137931034483,0.06685621082070094,18,low
PANC1,pair_only,70,Plicamycin,3,270,0.03771497835580484,0.041940145236786235,0.0994136488027814,0.3930492958489573,0.24003048006096014,0.07129715396928511,86,medium
PANC1,pair_only,71,Pralatrexate,3,270,0.009109548283279456,0.016991399358892056,0.4603048554575684,0.7215384115428726,0.6527777777777778,0.08558019575469152,61,high
PANC1,pair_only,72,Procarbazine HCl,3,270,0.0351345041152785,0.0425193959425329,0.1764199641756329,0.5807402439674829,0.24074074074074073,0.09606431880542488,30,medium
PANC1,pair_only,73,Raloxifene HCl,3,270,0.01240507227426649,0.010358377303182852,-0.19832883968904555,0.17018846455832615,0.21126760563380284,0.0894105894105894,51,low
PANC1,pair_only,74,Romidepsin,3,270,0.013043515153294756,0.022590966338361048,0.4225032082916614,0.7434368801514991,0.14615384615384616,0.06435446584379366,59,low
PANC1,pair_only,75,Sirolimus (Rapamycin),3,270,0.013767261208358776,0.03684104940245702,0.6223996101037675,0.8104976112462667,0.8727272727272727,0.06541534524602914,100,high
PANC1,pair_only,76,Streptozocin,3,270,0.008364477097608193,0.008016470822038305,-0.04374593464483841,0.2485636443962916,0.2413793103448276,0.07155275148473096,35,medium
PANC1,pair_only,77,Sunitinib Malate,3,270,0.012603338602530744,0.012064800505783237,-0.04798669648347287,0.15571497393391484,0.15527777777777776,0.09524389205047175,57,low
PANC1,pair_only,78,Tamoxifen Citrate,3,270,0.011721325766195728,0.016399372920331282,0.28572492291634055,0.5640076254742558,0.19441649899396377,0.0794667946162742,35,low
PANC1,pair_only,79,Temozolomide,3,270,0.008716307111536307,0.009918726199258354,0.11927039374626991,0.34484007044402026,0.1835071707953064,0.08800103674634231,32,low
PANC1,pair_only,80,Teniposide,3,270,0.014772143375952606,0.024652860576940994,0.4029904334485967,0.6442201471257806,0.7530864197530865,0.0793254261333256,76,high
PANC1,pair_only,81,Thalidomide,3,270,0.010736079097397641,0.009323252866935633,-0.15295927666009815,0.2320245949936941,0.5454545454545454,0.08860579696088232,29,high
PANC1,pair_only,82,Thioguanine,3,270,0.03970320524452545,0.023198473559188026,-0.7131023792443533,0.1330528505157365,0.5333333333333333,0.05647152463190199,26,high
PANC1,pair_only,83,Thiotepa,3,270,0.03754175899537641,0.041859950662551194,0.10359706374911293,0.2797996602352747,0.15,0.01755990027314891,11,low
PANC1,pair_only,84,Topotecan HCl,3,270,0.015138306016928324,0.022806237309648227,0.335357780694042,0.6451722921053376,0.5161290322580645,0.09818070684078888,63,high
PANC1,pair_only,85,Tretinoin,3,270,0.011874023842824563,0.012369900399613021,0.038953979816704044,0.22219397795744414,0.16,0.06634766327279697,39,low
PANC1,pair_only,86,Triethylenemelamine,3,270,0.034094255775030245,0.041544021579799785,0.1784920043621053,0.7065719816194154,0.15,0.04649295443514136,12,low
PANC1,pair_only,87,Uracil mustard,3,270,0.06995932168570897,0.07302609688549642,0.04354868678434524,0.38387793761894834,0.3495827843653931,0.06004685908737081,27,medium
PANC1,pair_only,88,Vemurafenib,3,270,0.012536605183260363,0.017564951740250228,0.28632984039728815,0.590078608097555,0.2110091743119266,0.09557300744924291,59,low
PANC1,pair_only,89,Vinblastine Sulfate,3,270,0.02019493965638967,0.05430053468843749,0.6271451164237657,0.7722698141405738,0.8352430100002916,0.0877337429595494,96,high
PANC1,pair_only,90,Vincristine Sulfate,3,270,0.021138257025843193,0.05387832323058694,0.6057157049536107,0.7233000033612443,0.883495145631068,0.08586932625409242,98,high
PANC1,pair_only,91,Vinorelbine Tartrate,3,270,0.021855768689347927,0.04236739345425993,0.4850232402345416,0.6872401333498975,0.7100066167862779,0.08350008113018077,97,high
PANC1,pair_only,92,Vismodegib,3,270,0.009850195117270269,0.011845806902441748,0.16978643764799817,0.5067905222990131,0.2692307692307692,0.08421401882516284,48,medium
PANC1,pair_only,93,Vorinostat,3,270,0.01276790934913911,0.013020286278186266,0.021071029980368028,0.22214056642298485,0.2133200354609929,0.08637978095270726,27,low
PANC1,pair_only,94,Zoledronic Acid,3,270,0.008988308170124174,0.009366947815857224,0.041579202446472285,0.24403210186395632,0.14925373134328357,0.06302238702854114,27,low
PANC1,pair_only,95,abiraterone,3,270,0.016018776002284765,0.01661315421757509,0.03659296846638279,0.16026980816182887,0.20779727095516567,0.0772259236826166,47,low
PANC1,pair_only,96,carfilzomib,3,270,0.04549736256062085,0.05515560730053328,0.17820877762442563,0.5823199196377747,0.3176470588235294,0.0912286719806657,62,medium
PANC1,pair_only,97,sorafenib,3,270,0.01582646085629891,0.012570295249839191,-0.258795081714986,0.05993597070092176,0.2692307692307692,0.08387112887112887,51,medium
PANC1,pair_only,98,valrubicin,3,270,0.014651852731052399,0.03249593195617706,0.5470221232855795,0.695398680155446,0.6161616161616161,0.08593169218729456,89,high
PANC1,pair_only,99,vandetanib,3,270,0.012700928170153584,0.018777805246009124,0.32023951696021474,0.6032850747986725,0.4444444444444444,0.08475565669865355,57,medium
PANC1,potential,0,Allopurinol,3,270,0.027158428418288718,0.027827291001241723,0.023656053582199726,0.5061434315742761,0.29411764705882354,0.06452228327228328,24,medium
PANC1,potential,1,Altretamine,3,270,0.026929405957979023,0.031219809417269526,0.13829888733409104,0.5231499721746543,0.15,0.044741180177612826,11,low
PANC1,potential,2,Amifostine,3,270,0.017332562831778513,0.01951650377171966,0.11209993174037806,0.33881829213199194,0.1574074074074074,0.04659934817474234,25,low
PANC1,potential,3,Aminolevulinic Acid,3,270,0.026673363771478872,0.031117354336338304,0.14317400235455632,0.3581650534637095,0.20512820512820515,0.049533947104918714,16,low
PANC1,potential,4,Anastrozole,3,270,0.007637823681891152,0.007274880324046243,-0.051047154452799615,0.3142886048781241,0.26,0.06361016766886678,34,medium
PANC1,potential,5,Arsenic Trioxide,3,270,0.01463873126917946,0.01790931564530371,0.18208370695835496,0.3962537052169995,0.0,0.0,2,low
PANC1,potential,6,Axitinib,3,270,0.018902800266490428,0.016757125486405056,-0.13062989109885562,0.15739232813198048,0.2122329362828512,0.08434343459524458,52,low
PANC1,potential,7,Azacitidine,3,270,0.014809132495626669,0.011875232465977917,-0.24658209530692754,0.34173891804839357,0.6444444444444445,0.09173683678469706,37,high
PANC1,potential,8,Bendamustine HCl,3,270,0.006201742181200884,0.0074797002294035055,0.17086995352659987,0.3171210015010541,0.52,0.1007042290041646,45,high
PANC1,potential,9,Bleomycin,3,270,0.029502726067222613,0.041218132169557366,0.28210462056212965,0.6418673127348212,0.14039938556067588,0.06967887619656707,139,low
PANC1,potential,10,Bortezomib,3,270,0.018196428533088563,0.023027488508649118,0.20265078813884974,0.502975486770258,0.3176470588235294,0.08824003031164157,50,medium
PANC1,potential,11,Busulfan,3,270,0.013823174756615111,0.018435656340636913,0.24991482877379392,0.4567466120799934,0.11159045153868279,0.04225389866930251,15,low
PANC1,potential,12,Cabazitaxel,3,270,0.023967726268925044,0.04299764901037082,0.4419835733475712,0.6014243197713618,0.7920792079207922,0.0835825462699949,92,high
PANC1,potential,13,Capecitabine,3,270,0.01295399932729543,0.012596481629551978,-0.028917458449207678,0.2536490010534733,0.2857142857142857,0.10896409743125897,53,medium
PANC1,potential,14,Carboplatin,3,270,0.0091038414665948,0.007334726819214321,-0.24391762298006273,0.22099297622568603,0.19576719576719573,0.04949875705374901,17,low
PANC1,potential,15,Carmustine,3,270,0.014729627828498558,0.016012716047485245,0.08127957739057419,0.29304053048516543,0.5277777777777778,0.04744337395662999,25,high
PANC1,potential,16,Celecoxib,3,270,0.012294399663404974,0.013532251937818084,0.09130447584231734,0.37119983561153697,0.1744507870610621,0.07483050875635489,40,low
PANC1,potential,17,Chlorambucil,3,270,0.026364555370321983,0.017453770532836792,-0.5106463603132073,0.024846237169413407,0.5365853658536586,0.0772604588394062,31,high
PANC1,potential,18,Cisplatin,3,270,0.01362332521606868,0.01613787117444869,0.15405331738766218,0.37292639831313296,0.057539682539682536,0.0,5,low
PANC1,potential,19,Cladribine,3,270,0.02323475761011513,0.020980985041516992,-0.10887796190791706,0.20680882116348642,0.6008004574042309,0.08475719323824414,44,high
PANC1,potential,20,Clofarabine,3,270,0.015248990902684603,0.018029511561207374,0.1588719212751434,0.5071117609416188,0.5787878787878787,0.07585265922212647,45,high
PANC1,potential,21,Crizotinib,3,270,0.011878298809120967,0.014459154638798292,0.17806701140839934,0.4354143309528984,0.1854901960784314,0.08873831713853586,60,low
PANC1,potential,22,Cyclophosphamide,3,270,0.054930715319734834,0.07075434873520099,0.21850653977500786,0.7243223917806262,0.26988636363636365,0.04495492294710663,27,medium
PANC1,potential,23,Cytarabine; Ara-C,3,270,0.07190299753975533,0.07383334202700549,0.02612838500655394,0.2183984584883326,0.6310185185185185,0.09464066016504126,37,high
PANC1,potential,24,Dacarbazine,3,270,0.012008099533351123,0.011048742966776366,-0.09079222745758915,0.23252154289957314,0.20094760312151616,0.08050745077706396,31,low
PANC1,potential,25,Dactinomycin,3,270,0.03451593099411446,0.044871829986943966,0.2327647724084032,0.5752077017910726,0.18052333557833822,0.09936411144052437,90,low
PANC1,potential,26,Dasatinib,3,270,0.012988885542752028,0.017340915131417226,0.2531977567150618,0.5095586505115514,0.24649859943977592,0.09500465989788809,65,medium
PANC1,potential,27,Daunorubicin HCl,3,270,0.02703565782648933,0.03962988104149767,0.31750184560684813,0.6190649354467298,0.8533333333333334,0.08879196051030487,68,high
PANC1,potential,28,Decitabine,3,270,0.033401949762720366,0.0431357861902034,0.22595592518792937,0.5678157951024114,0.6000267630135153,0.10240322230778805,39,high
PANC1,potential,29,Dexrazoxane HCl,3,270,0.02164896512982202,0.01739360743115105,-0.24370480576226802,0.0014599527678872866,0.20000000000000004,0.07881374699002408,25,low
PANC1,potential,30,Docetaxel,3,270,0.029545765975235366,0.0517993716171439,0.42922102440687143,0.6496348561167095,0.783945061172784,0.08136703330406862,89,high
PANC1,potential,31,Doxorubicin HCl,3,270,0.021900579388492478,0.04372505476362745,0.5009722505849744,0.7640943660873823,0.8533333333333334,0.09155104319702269,71,high
PANC1,potential,32,Erlotinib HCl,3,270,0.029583159590716793,0.04060070553618688,0.27274206548950275,0.6734529670367425,0.3830409356725146,0.0723025495057817,47,medium
PANC1,potential,33,Estramustine phosphate,3,270,0.035345164105648974,0.03597019540244715,0.01758979270907916,0.18820094986876587,0.22321036451471232,0.09711835804658255,61,low
PANC1,potential,34,Etoposide,3,270,0.020588825864488864,0.026385017857426484,0.21730522072496075,0.5530231806660494,0.7530864197530865,0.07444570510854832,66,high
PANC1,potential,35,Everolimus,3,270,0.02217686749265266,0.03648062470318,0.39236299102185684,0.7217357030947923,0.8727272727272727,0.07018122661328084,106,high
PANC1,potential,36,Exemestane,3,270,0.01318828941388677,0.014559234373897773,0.09020828753082266,0.3532527537356038,0.21043771043771042,0.06498363721365125,41,low
PANC1,potential,37,Floxuridine,3,270,0.026737702641876398,0.031006094838494338,0.1419334959610802,0.41996824704567265,0.4716981132075471,0.08764492753623188,39,medium
PANC1,potential,38,Fludarabine Phosphate,3,270,0.014017442421975843,0.012245520517610237,-0.1459333682910854,0.1127566206206646,0.4615384615384615,0.09256531287242732,50,medium
PANC1,potential,39,Fluorouracil (5-FU),3,270,0.037836564815856115,0.02729416633891556,-0.3833373730037483,-0.09287743701899326,0.3406404470234257,0.04865839162589003,19,medium
PANC1,potential,40,Fulvestrant,3,270,0.011134292007398289,0.013281732244918009,0.15690052731105938,0.42045794809706233,0.24242424242424243,0.0834512755900666,62,medium
PANC1,potential,41,Gefitinib,3,270,0.0128662092701915,0.014188135611716614,0.09345574811953576,0.3696359525720809,0.4444444444444444,0.08052737460270258,60,medium
PANC1,potential,42,Gemcitabine HCl,3,270,0.025440062906220598,0.026889084261260437,0.052865257987085155,0.37234204654020564,0.5361111111111111,0.09860517939255564,40,high
PANC1,potential,43,Hydroxyurea,3,270,0.021288740226973985,0.026676563865674838,0.20382514012509292,0.4428666164633209,0.19354838709677416,0.04662857445869965,10,low
PANC1,potential,44,Ifosfamide,3,270,0.012036642252666657,0.014503163034583948,0.1646061070108512,0.42951253079619534,0.22891963109354416,0.05826601958612903,30,low
PANC1,potential,45,Imatinib Mesylate,3,270,0.01872540628492159,0.02438766899639823,0.2319090584288017,0.48431798432617357,0.4360725563633694,0.09399383918229147,65,medium
PANC1,potential,46,Imiquimod,3,270,0.03431049710307756,0.04344766844435996,0.2085971084168101,0.5317959690697588,0.20895522388059704,0.0923867798867799,37,low
PANC1,potential,47,Irinotecan HCl,3,270,0.013482027895355915,0.018405147270826466,0.27457567235806557,0.5488226228315903,0.5161290322580645,0.09716968266456859,78,high
PANC1,potential,48,Ixabepilone,3,270,0.048128369425016033,0.05175529650515264,0.07093181953235535,0.31655744407991526,0.1595959595959596,0.08211498178168473,67,low
PANC1,potential,49,Lapatinib Ditosylate,3,270,0.009601197587586928,0.011768119947571586,0.18454122651512203,0.44201342354227374,0.31683168316831684,0.07943679944118047,73,medium
PANC1,potential,50,Lenalidomide,3,270,0.02496950459332634,0.022572201699080762,-0.10701858958135986,0.06372319416328058,0.5454545454545454,0.08095545225121314,39,high
PANC1,potential,51,Letrozole,3,270,0.01175303876375596,0.00874339807014962,-0.343909742708805,0.08684766288492364,0.26,0.052992069214131216,29,medium
PANC1,potential,52,Lomustine; CCNU,3,270,0.02289961159139468,0.03127812031277709,0.2673509645065262,0.5296225847936472,0.5277777777777778,0.06420712572028361,30,high
PANC1,potential,53,Mechlorethamine HCl,3,270,0.0374753268390112,0.0345995568423946,-0.08112673676908533,0.19436209200032115,0.22847222222222222,0.032009440723849696,12,low
PANC1,potential,54,Megestrol acetate,3,270,0.009878581528910437,0.009478028947007125,-0.042165143572424256,0.19126167678310232,0.21955430006277465,0.07804979930333254,48,low
PANC1,potential,55,Melphalan,3,270,0.046116753818392135,0.04673174997600221,0.013147646788286763,0.19753530837437303,0.4669189795346229,0.08721078057462496,32,medium
PANC1,potential,56,Mercaptopurine,3,270,0.05355394913655107,0.05109455463596427,-0.04811712321682567,0.06829686166066719,0.5333333333333333,0.06527865087647695,20,high
PANC1,potential,57,Methotrexate,3,270,0.01318664130448854,0.020625404954986125,0.3523453795968456,0.6545989330554067,0.6527777777777778,0.08841257643003986,58,high
PANC1,potential,58,Methoxsalen,3,270,0.021879825318815896,0.02397740984753347,0.08695906341118231,0.3287034402164491,0.12301587301587302,0.07984964097323648,31,low
PANC1,potential,59,Mitomycin C,3,270,0.030596013195220456,0.031766428114155365,0.03717447536448123,0.2652207969825792,0.1393195521102498,0.08976601506304475,50,low
PANC1,potential,60,Mitotane; o;p'-DDD,3,270,0.011428292061748583,0.010540335791423347,-0.08561969385028152,0.20718073058672704,0.125,0.046858378093625926,25,low
PANC1,potential,61,Mitoxantrone HCl,3,270,0.031196235255064642,0.035136890367347746,0.11274339054810441,0.3362089675134612,0.16666666666666666,0.07950759654182714,31,low
PANC1,potential,62,Nelarabine,3,270,0.013542375767823224,0.014408995389822309,0.05996548737716604,0.30491123736963877,0.5157232704402516,0.08575899731477958,45,medium
PANC1,potential,63,Nilotinib,3,270,0.040846647036823606,0.04468276651453996,0.08505560319456858,0.256496923703842,0.4182872371074618,0.08841461151986041,70,medium
PANC1,potential,64,Oxaliplatin,3,270,0.007985324708161172,0.012283965132240504,0.35191232303472947,0.5935729135371566,0.21832358674463936,0.057316125278105666,16,low
PANC1,potential,65,Paclitaxel,3,270,0.031505286067687883,0.04383178718703454,0.2833847818934411,0.6144494162436012,0.7676767676767676,0.08489718815805773,86,high
PANC1,potential,66,Pazopanib HCl,3,270,0.02081998512341932,0.016479195425953753,-0.2646436239070988,0.02820056667040897,0.25773195876288657,0.07873931623931624,57,medium
PANC1,potential,67,Pemetrexed Disodium,3,270,0.018897010574542333,0.02192576579999547,0.13870254069425825,0.41786364591634856,0.37804878048780494,0.08495026321113279,55,medium
PANC1,potential,68,Pentostatin,3,270,0.02133292173603778,0.019621201600161595,-0.086669151477118,0.10439785626521599,0.46896955503512877,0.07789992077211179,44,medium
PANC1,potential,69,Pipobroman,3,270,0.009135522248520512,0.008864278959597965,-0.030389615061548136,0.2627550288982307,0.1724137931034483,0.06685621082070094,18,low
PANC1,potential,70,Plicamycin,3,270,0.042493633991694424,0.041940145236786235,-0.013543506423118709,0.18321721400721647,0.24003048006096014,0.07129715396928511,86,medium
PANC1,potential,71,Pralatrexate,3,270,0.01092391949476308,0.016991399358892056,0.3547809012332174,0.6362626356186621,0.6527777777777778,0.08558019575469152,61,high
PANC1,potential,72,Procarbazine HCl,3,270,0.028085787297553993,0.0425193959425329,0.3437607247071699,0.7042154407868572,0.24074074074074073,0.09606431880542488,30,medium
PANC1,potential,73,Raloxifene HCl,3,270,0.011833890496772978,0.010358377303182852,-0.14261720100858274,0.2633404004095281,0.21126760563380284,0.0894105894105894,51,low
PANC1,potential,74,Romidepsin,3,270,0.012087165359747196,0.022590966338361048,0.46480031983488007,0.7518292290292404,0.14615384615384616,0.06435446584379366,59,low
PANC1,potential,75,Sirolimus (Rapamycin),3,270,0.02281115164102916,0.03684104940245702,0.3788725432596218,0.7128302946019615,0.8727272727272727,0.06541534524602914,100,high
PANC1,potential,76,Streptozocin,3,270,0.007888964011101687,0.008016470822038305,0.015427169087925666,0.3205747492731808,0.2413793103448276,0.07155275148473096,35,medium
PANC1,potential,77,Sunitinib Malate,3,270,0.012520490141678558,0.012064800505783237,-0.03590440031641232,0.10602536196418007,0.15527777777777776,0.09524389205047175,57,low
PANC1,potential,78,Tamoxifen Citrate,3,270,0.012990952029939828,0.016399372920331282,0.2055871582407006,0.5251334401887365,0.19441649899396377,0.0794667946162742,35,low
PANC1,potential,79,Temozolomide,3,270,0.007894692790747374,0.009918726199258354,0.20304508381301956,0.46509613578051406,0.1835071707953064,0.08800103674634231,32,low
PANC1,potential,80,Teniposide,3,270,0.01759925346788811,0.024652860576940994,0.2870085182320135,0.5773575060833785,0.7530864197530865,0.0793254261333256,76,high
PANC1,potential,81,Thalidomide,3,270,0.012069100004140425,0.009323252866935633,-0.29250872860561555,0.2385789745765464,0.5454545454545454,0.08860579696088232,29,high
PANC1,potential,82,Thioguanine,3,270,0.04331051362068882,0.023198473559188026,-0.8689939949325559,0.006048291207105511,0.5333333333333333,0.05647152463190199,26,high
PANC1,potential,83,Thiotepa,3,270,0.0333710523614349,0.041859950662551194,0.2022011251369288,0.43128371170058605,0.15,0.01755990027314891,11,low
PANC1,potential,84,Topotecan HCl,3,270,0.016487327761774785,0.022806237309648227,0.2758770491143496,0.5957475725218265,0.5161290322580645,0.09818070684078888,63,high
PANC1,potential,85,Tretinoin,3,270,0.010607323402870456,0.012369900399613021,0.1404723985250457,0.4427646678940349,0.16,0.06634766327279697,39,low
PANC1,potential,86,Triethylenemelamine,3,270,0.02883281817716041,0.041544021579799785,0.30575226801215943,0.6841332605275912,0.15,0.04649295443514136,12,low
PANC1,potential,87,Uracil mustard,3,270,0.06413598646276712,0.07302609688549642,0.121790146951637,0.4724142803069585,0.3495827843653931,0.06004685908737081,27,medium
PANC1,potential,88,Vemurafenib,3,270,0.012418579487047226,0.017564951740250228,0.29241724391651064,0.6294968313262251,0.2110091743119266,0.09557300744924291,59,low
PANC1,potential,89,Vinblastine Sulfate,3,270,0.032313578386400615,0.05430053468843749,0.40500886831670546,0.5364909412659399,0.8352430100002916,0.0877337429595494,96,high
PANC1,potential,90,Vincristine Sulfate,3,270,0.03396156411594994,0.05387832323058694,0.3691896570573843,0.5632806095840535,0.883495145631068,0.08586932625409242,98,high
PANC1,potential,91,Vinorelbine Tartrate,3,270,0.030370487301365448,0.04236739345425993,0.282835075517309,0.507084668603756,0.7100066167862779,0.08350008113018077,97,high
PANC1,potential,92,Vismodegib,3,270,0.009581415016384768,0.011845806902441748,0.19177611940095343,0.5204234802363553,0.2692307692307692,0.08421401882516284,48,medium
PANC1,potential,93,Vorinostat,3,270,0.012713135544768708,0.013020286278186266,0.025043910450969837,0.2591778676563881,0.2133200354609929,0.08637978095270726,27,low
PANC1,potential,94,Zoledronic Acid,3,270,0.009692635430137393,0.009366947815857224,-0.033955037901622166,0.25285258818908557,0.14925373134328357,0.06302238702854114,27,low
PANC1,potential,95,abiraterone,3,270,0.017098675558162763,0.01661315421757509,-0.031165809341406076,0.15392654902655312,0.20779727095516567,0.0772259236826166,47,low
PANC1,potential,96,carfilzomib,3,270,0.04854403754262704,0.05515560730053328,0.11902971899587833,0.5196571077215814,0.3176470588235294,0.0912286719806657,62,medium
PANC1,potential,97,sorafenib,3,270,0.014387365977537028,0.012570295249839191,-0.14459895404346698,0.21981062055915165,0.2692307692307692,0.08387112887112887,51,medium
PANC1,potential,98,valrubicin,3,270,0.018233262384234148,0.03249593195617706,0.43936156204056886,0.7040491988736141,0.6161616161616161,0.08593169218729456,89,high
PANC1,potential,99,vandetanib,3,270,0.012686327514152404,0.018777805246009124,0.32265154664048984,0.572617551856221,0.4444444444444444,0.08475565669865355,57,medium
PANC1,zero,0,Allopurinol,3,270,0.027827291001241723,0.027827291001241723,0.0,,0.29411764705882354,0.06452228327228328,24,medium
PANC1,zero,1,Altretamine,3,270,0.031219809417269526,0.031219809417269526,0.0,,0.15,0.044741180177612826,11,low
PANC1,zero,2,Amifostine,3,270,0.01951650377171966,0.01951650377171966,0.0,,0.1574074074074074,0.04659934817474234,25,low
PANC1,zero,3,Aminolevulinic Acid,3,270,0.031117354336338304,0.031117354336338304,0.0,,0.20512820512820515,0.049533947104918714,16,low
PANC1,zero,4,Anastrozole,3,270,0.007274880324046243,0.007274880324046243,0.0,,0.26,0.06361016766886678,34,medium
PANC1,zero,5,Arsenic Trioxide,3,270,0.01790931564530371,0.01790931564530371,0.0,,0.0,0.0,2,low
PANC1,zero,6,Axitinib,3,270,0.016757125486405056,0.016757125486405056,0.0,,0.2122329362828512,0.08434343459524458,52,low
PANC1,zero,7,Azacitidine,3,270,0.011875232465977917,0.011875232465977917,0.0,,0.6444444444444445,0.09173683678469706,37,high
PANC1,zero,8,Bendamustine HCl,3,270,0.0074797002294035055,0.0074797002294035055,0.0,,0.52,0.1007042290041646,45,high
PANC1,zero,9,Bleomycin,3,270,0.041218132169557366,0.041218132169557366,0.0,,0.14039938556067588,0.06967887619656707,139,low
PANC1,zero,10,Bortezomib,3,270,0.023027488508649118,0.023027488508649118,0.0,,0.3176470588235294,0.08824003031164157,50,medium
PANC1,zero,11,Busulfan,3,270,0.018435656340636913,0.018435656340636913,0.0,,0.11159045153868279,0.04225389866930251,15,low
PANC1,zero,12,Cabazitaxel,3,270,0.04299764901037082,0.04299764901037082,0.0,,0.7920792079207922,0.0835825462699949,92,high
PANC1,zero,13,Capecitabine,3,270,0.012596481629551978,0.012596481629551978,0.0,,0.2857142857142857,0.10896409743125897,53,medium
PANC1,zero,14,Carboplatin,3,270,0.007334726819214321,0.007334726819214321,0.0,,0.19576719576719573,0.04949875705374901,17,low
PANC1,zero,15,Carmustine,3,270,0.016012716047485245,0.016012716047485245,0.0,,0.5277777777777778,0.04744337395662999,25,high
PANC1,zero,16,Celecoxib,3,270,0.013532251937818084,0.013532251937818084,0.0,,0.1744507870610621,0.07483050875635489,40,low
PANC1,zero,17,Chlorambucil,3,270,0.017453770532836792,0.017453770532836792,0.0,,0.5365853658536586,0.0772604588394062,31,high
PANC1,zero,18,Cisplatin,3,270,0.01613787117444869,0.01613787117444869,0.0,,0.057539682539682536,0.0,5,low
PANC1,zero,19,Cladribine,3,270,0.020980985041516992,0.020980985041516992,0.0,,0.6008004574042309,0.08475719323824414,44,high
PANC1,zero,20,Clofarabine,3,270,0.018029511561207374,0.018029511561207374,0.0,,0.5787878787878787,0.07585265922212647,45,high
PANC1,zero,21,Crizotinib,3,270,0.014459154638798292,0.014459154638798292,0.0,,0.1854901960784314,0.08873831713853586,60,low
PANC1,zero,22,Cyclophosphamide,3,270,0.07075434873520099,0.07075434873520099,0.0,,0.26988636363636365,0.04495492294710663,27,medium
PANC1,zero,23,Cytarabine; Ara-C,3,270,0.07383334202700549,0.07383334202700549,0.0,,0.6310185185185185,0.09464066016504126,37,high
PANC1,zero,24,Dacarbazine,3,270,0.011048742966776366,0.011048742966776366,0.0,,0.20094760312151616,0.08050745077706396,31,low
PANC1,zero,25,Dactinomycin,3,270,0.044871829986943966,0.044871829986943966,0.0,,0.18052333557833822,0.09936411144052437,90,low
PANC1,zero,26,Dasatinib,3,270,0.017340915131417226,0.017340915131417226,0.0,,0.24649859943977592,0.09500465989788809,65,medium
PANC1,zero,27,Daunorubicin HCl,3,270,0.03962988104149767,0.03962988104149767,0.0,,0.8533333333333334,0.08879196051030487,68,high
PANC1,zero,28,Decitabine,3,270,0.0431357861902034,0.0431357861902034,0.0,,0.6000267630135153,0.10240322230778805,39,high
PANC1,zero,29,Dexrazoxane HCl,3,270,0.01739360743115105,0.01739360743115105,0.0,,0.20000000000000004,0.07881374699002408,25,low
PANC1,zero,30,Docetaxel,3,270,0.0517993716171439,0.0517993716171439,0.0,,0.783945061172784,0.08136703330406862,89,high
PANC1,zero,31,Doxorubicin HCl,3,270,0.04372505476362745,0.04372505476362745,0.0,,0.8533333333333334,0.09155104319702269,71,high
PANC1,zero,32,Erlotinib HCl,3,270,0.04060070553618688,0.04060070553618688,0.0,,0.3830409356725146,0.0723025495057817,47,medium
PANC1,zero,33,Estramustine phosphate,3,270,0.03597019540244715,0.03597019540244715,0.0,,0.22321036451471232,0.09711835804658255,61,low
PANC1,zero,34,Etoposide,3,270,0.026385017857426484,0.026385017857426484,0.0,,0.7530864197530865,0.07444570510854832,66,high
PANC1,zero,35,Everolimus,3,270,0.03648062470318,0.03648062470318,0.0,,0.8727272727272727,0.07018122661328084,106,high
PANC1,zero,36,Exemestane,3,270,0.014559234373897773,0.014559234373897773,0.0,,0.21043771043771042,0.06498363721365125,41,low
PANC1,zero,37,Floxuridine,3,270,0.031006094838494338,0.031006094838494338,0.0,,0.4716981132075471,0.08764492753623188,39,medium
PANC1,zero,38,Fludarabine Phosphate,3,270,0.012245520517610237,0.012245520517610237,0.0,,0.4615384615384615,0.09256531287242732,50,medium
PANC1,zero,39,Fluorouracil (5-FU),3,270,0.02729416633891556,0.02729416633891556,0.0,,0.3406404470234257,0.04865839162589003,19,medium
PANC1,zero,40,Fulvestrant,3,270,0.013281732244918009,0.013281732244918009,0.0,,0.24242424242424243,0.0834512755900666,62,medium
PANC1,zero,41,Gefitinib,3,270,0.014188135611716614,0.014188135611716614,0.0,,0.4444444444444444,0.08052737460270258,60,medium
PANC1,zero,42,Gemcitabine HCl,3,270,0.026889084261260437,0.026889084261260437,0.0,,0.5361111111111111,0.09860517939255564,40,high
PANC1,zero,43,Hydroxyurea,3,270,0.026676563865674838,0.026676563865674838,0.0,,0.19354838709677416,0.04662857445869965,10,low
PANC1,zero,44,Ifosfamide,3,270,0.014503163034583948,0.014503163034583948,0.0,,0.22891963109354416,0.05826601958612903,30,low
PANC1,zero,45,Imatinib Mesylate,3,270,0.02438766899639823,0.02438766899639823,0.0,,0.4360725563633694,0.09399383918229147,65,medium
PANC1,zero,46,Imiquimod,3,270,0.04344766844435996,0.04344766844435996,0.0,,0.20895522388059704,0.0923867798867799,37,low
PANC1,zero,47,Irinotecan HCl,3,270,0.018405147270826466,0.018405147270826466,0.0,,0.5161290322580645,0.09716968266456859,78,high
PANC1,zero,48,Ixabepilone,3,270,0.05175529650515264,0.05175529650515264,0.0,,0.1595959595959596,0.08211498178168473,67,low
PANC1,zero,49,Lapatinib Ditosylate,3,270,0.011768119947571586,0.011768119947571586,0.0,,0.31683168316831684,0.07943679944118047,73,medium
PANC1,zero,50,Lenalidomide,3,270,0.022572201699080762,0.022572201699080762,0.0,,0.5454545454545454,0.08095545225121314,39,high
PANC1,zero,51,Letrozole,3,270,0.00874339807014962,0.00874339807014962,0.0,,0.26,0.052992069214131216,29,medium
PANC1,zero,52,Lomustine; CCNU,3,270,0.03127812031277709,0.03127812031277709,0.0,,0.5277777777777778,0.06420712572028361,30,high
PANC1,zero,53,Mechlorethamine HCl,3,270,0.0345995568423946,0.0345995568423946,0.0,,0.22847222222222222,0.032009440723849696,12,low
PANC1,zero,54,Megestrol acetate,3,270,0.009478028947007125,0.009478028947007125,0.0,,0.21955430006277465,0.07804979930333254,48,low
PANC1,zero,55,Melphalan,3,270,0.04673174997600221,0.04673174997600221,0.0,,0.4669189795346229,0.08721078057462496,32,medium
PANC1,zero,56,Mercaptopurine,3,270,0.05109455463596427,0.05109455463596427,0.0,,0.5333333333333333,0.06527865087647695,20,high
PANC1,zero,57,Methotrexate,3,270,0.020625404954986125,0.020625404954986125,0.0,,0.6527777777777778,0.08841257643003986,58,high
PANC1,zero,58,Methoxsalen,3,270,0.02397740984753347,0.02397740984753347,0.0,,0.12301587301587302,0.07984964097323648,31,low
PANC1,zero,59,Mitomycin C,3,270,0.031766428114155365,0.031766428114155365,0.0,,0.1393195521102498,0.08976601506304475,50,low
PANC1,zero,60,Mitotane; o;p'-DDD,3,270,0.010540335791423347,0.010540335791423347,0.0,,0.125,0.046858378093625926,25,low
PANC1,zero,61,Mitoxantrone HCl,3,270,0.035136890367347746,0.035136890367347746,0.0,,0.16666666666666666,0.07950759654182714,31,low
PANC1,zero,62,Nelarabine,3,270,0.014408995389822309,0.014408995389822309,0.0,,0.5157232704402516,0.08575899731477958,45,medium
PANC1,zero,63,Nilotinib,3,270,0.04468276651453996,0.04468276651453996,0.0,,0.4182872371074618,0.08841461151986041,70,medium
PANC1,zero,64,Oxaliplatin,3,270,0.012283965132240504,0.012283965132240504,0.0,,0.21832358674463936,0.057316125278105666,16,low
PANC1,zero,65,Paclitaxel,3,270,0.04383178718703454,0.04383178718703454,0.0,,0.7676767676767676,0.08489718815805773,86,high
PANC1,zero,66,Pazopanib HCl,3,270,0.016479195425953753,0.016479195425953753,0.0,,0.25773195876288657,0.07873931623931624,57,medium
PANC1,zero,67,Pemetrexed Disodium,3,270,0.02192576579999547,0.02192576579999547,0.0,,0.37804878048780494,0.08495026321113279,55,medium
PANC1,zero,68,Pentostatin,3,270,0.019621201600161595,0.019621201600161595,0.0,,0.46896955503512877,0.07789992077211179,44,medium
PANC1,zero,69,Pipobroman,3,270,0.008864278959597965,0.008864278959597965,0.0,,0.1724137931034483,0.06685621082070094,18,low
PANC1,zero,70,Plicamycin,3,270,0.041940145236786235,0.041940145236786235,0.0,,0.24003048006096014,0.07129715396928511,86,medium
PANC1,zero,71,Pralatrexate,3,270,0.016991399358892056,0.016991399358892056,0.0,,0.6527777777777778,0.08558019575469152,61,high
PANC1,zero,72,Procarbazine HCl,3,270,0.0425193959425329,0.0425193959425329,0.0,,0.24074074074074073,0.09606431880542488,30,medium
PANC1,zero,73,Raloxifene HCl,3,270,0.010358377303182852,0.010358377303182852,0.0,,0.21126760563380284,0.0894105894105894,51,low
PANC1,zero,74,Romidepsin,3,270,0.022590966338361048,0.022590966338361048,0.0,,0.14615384615384616,0.06435446584379366,59,low
PANC1,zero,75,Sirolimus (Rapamycin),3,270,0.03684104940245702,0.03684104940245702,0.0,,0.8727272727272727,0.06541534524602914,100,high
PANC1,zero,76,Streptozocin,3,270,0.008016470822038305,0.008016470822038305,0.0,,0.2413793103448276,0.07155275148473096,35,medium
PANC1,zero,77,Sunitinib Malate,3,270,0.012064800505783237,0.012064800505783237,0.0,,0.15527777777777776,0.09524389205047175,57,low
PANC1,zero,78,Tamoxifen Citrate,3,270,0.016399372920331282,0.016399372920331282,0.0,,0.19441649899396377,0.0794667946162742,35,low
PANC1,zero,79,Temozolomide,3,270,0.009918726199258354,0.009918726199258354,0.0,,0.1835071707953064,0.08800103674634231,32,low
PANC1,zero,80,Teniposide,3,270,0.024652860576940994,0.024652860576940994,0.0,,0.7530864197530865,0.0793254261333256,76,high
PANC1,zero,81,Thalidomide,3,270,0.009323252866935633,0.009323252866935633,0.0,,0.5454545454545454,0.08860579696088232,29,high
PANC1,zero,82,Thioguanine,3,270,0.023198473559188026,0.023198473559188026,0.0,,0.5333333333333333,0.05647152463190199,26,high
PANC1,zero,83,Thiotepa,3,270,0.041859950662551194,0.041859950662551194,0.0,,0.15,0.01755990027314891,11,low
PANC1,zero,84,Topotecan HCl,3,270,0.022806237309648227,0.022806237309648227,0.0,,0.5161290322580645,0.09818070684078888,63,high
PANC1,zero,85,Tretinoin,3,270,0.012369900399613021,0.012369900399613021,0.0,,0.16,0.06634766327279697,39,low
PANC1,zero,86,Triethylenemelamine,3,270,0.041544021579799785,0.041544021579799785,0.0,,0.15,0.04649295443514136,12,low
PANC1,zero,87,Uracil mustard,3,270,0.07302609688549642,0.07302609688549642,0.0,,0.3495827843653931,0.06004685908737081,27,medium
PANC1,zero,88,Vemurafenib,3,270,0.017564951740250228,0.017564951740250228,0.0,,0.2110091743119266,0.09557300744924291,59,low
PANC1,zero,89,Vinblastine Sulfate,3,270,0.05430053468843749,0.05430053468843749,0.0,,0.8352430100002916,0.0877337429595494,96,high
PANC1,zero,90,Vincristine Sulfate,3,270,0.05387832323058694,0.05387832323058694,0.0,,0.883495145631068,0.08586932625409242,98,high
PANC1,zero,91,Vinorelbine Tartrate,3,270,0.04236739345425993,0.04236739345425993,0.0,,0.7100066167862779,0.08350008113018077,97,high
PANC1,zero,92,Vismodegib,3,270,0.011845806902441748,0.011845806902441748,0.0,,0.2692307692307692,0.08421401882516284,48,medium
PANC1,zero,93,Vorinostat,3,270,0.013020286278186266,0.013020286278186266,0.0,,0.2133200354609929,0.08637978095270726,27,low
PANC1,zero,94,Zoledronic Acid,3,270,0.009366947815857224,0.009366947815857224,0.0,,0.14925373134328357,0.06302238702854114,27,low
PANC1,zero,95,abiraterone,3,270,0.01661315421757509,0.01661315421757509,0.0,,0.20779727095516567,0.0772259236826166,47,low
PANC1,zero,96,carfilzomib,3,270,0.05515560730053328,0.05515560730053328,0.0,,0.3176470588235294,0.0912286719806657,62,medium
PANC1,zero,97,sorafenib,3,270,0.012570295249839191,0.012570295249839191,0.0,,0.2692307692307692,0.08387112887112887,51,medium
PANC1,zero,98,valrubicin,3,270,0.03249593195617706,0.03249593195617706,0.0,,0.6161616161616161,0.08593169218729456,89,high
PANC1,zero,99,vandetanib,3,270,0.018777805246009124,0.018777805246009124,0.0,,0.4444444444444444,0.08475565669865355,57,medium
