tag,screen,coverage,family,split_seed,init_seed,shuffle_train_direction,n_drugs,n_train_rows,n_val_rows,n_test_rows,n_params,n_pair_params,n_first_order_params,pair_hidden,pair_evals_per_row,train_loss,val_loss,epochs_run,train_head_A_rms_std_units,test_head_A_rms_std_units,test_head_sym_rms_std_units,test_first_order_A_rms_std_units,test_head_A_over_sym,restart_train_loss_worst,restart_train_loss_ratio,n_restarts_collapsed,y_mean_train,y_std_train,ordering_threshold_source,const_baseline_mse,const_baseline_mae,test_n_rows,test_mae,test_mse,test_rmse,test_r2,test_n_pairs,test_D_mae,test_D_rmse,test_D_true_std,test_D_pred_std,test_D_pearson,test_D_spearman,test_ordering_threshold,test_ordering_n,test_ordering_frac_of_pairs,test_ordering_accuracy,test_ordering_balanced_accuracy,test_ordering_curve,test_pred_A_rms,test_true_A_rms,test_pred_A_rms_ratio,head_can_be_antisymmetric,collapsed,split_coverage,split_split_seed,split_n_train_pairs,split_n_val_pairs,split_n_test_pairs,split_n_test_pairs_dropped_for_connectivity,split_train_degree_min,split_train_degree_median,split_train_degree_max,split_n_isolated_drugs,split_test_endpoint_degree_min,split_test_endpoint_degree_median,nice,lr
main,A375,0.05,additive,0,0,False,100,422,74,1696,1801,0,201,48,0,0.3704387843608856,1.4117186069488525,180,0.0,0.0,0.0,0.3893502652645111,0.0,0.37044116854667664,1.0000064361127714,2,-0.018845345682464456,0.15797746020795703,2 * sqrt(2) * median posterior synergy_sd,0.03019370914562712,0.10144410314040284,1696,0.09209622477619722,0.019018792770984925,0.1379086392180886,0.36440553785880503,848,0.12251416376698028,0.17229792349318476,0.2200987637388758,0.1228022351861,0.625968235411364,0.5175563849081477,0.14230543775947893,289,0.3408018867924528,0.8373702422145328,0.8377192982456141,"{'0.00': {'n': 847, 'accuracy': 0.6611570247933884}, '0.05': {'n': 445, 'accuracy': 0.748314606741573}, '0.10': {'n': 363, 'accuracy': 0.7878787878787878}, '0.15': {'n': 273, 'accuracy': 0.8424908424908425}, '0.20': {'n': 222, 'accuracy': 0.8783783783783784}, '0.30': {'n': 126, 'accuracy': 0.9285714285714286}}",0.06150856614112854,0.11009523616147858,0.5586850828941669,False,False,0.05,0,211,37,848,637,0,4.0,11,1,3,5.0,additive null,0.03
main,A375,0.05,additive,1,0,False,100,422,74,1858,1801,0,201,48,0,0.47122007608413696,0.41822490096092224,20,0.0,0.0,0.0,0.3202565610408783,0.0,0.47122007608413696,1.0004403158758643,2,-0.019548124665876777,0.18350201696528365,2 * sqrt(2) * median posterior synergy_sd,0.03736334396976236,0.11762284727698336,1858,0.11497441117321176,0.025650321828364842,0.16015717851025238,0.3046834059540986,929,0.15126548004463752,0.19974234479521794,0.2252608861678265,0.11600363999605179,0.4660110451158892,0.43966078503683675,0.14230543775947893,359,0.38643702906350913,0.7799442896935933,0.7724478032534905,"{'0.00': {'n': 929, 'accuracy': 0.6716899892357373}, '0.05': {'n': 541, 'accuracy': 0.7079482439926063}, '0.10': {'n': 439, 'accuracy': 0.7471526195899773}, '0.15': {'n': 345, 'accuracy': 0.7942028985507247}, '0.20': {'n': 276, 'accuracy': 0.8043478260869565}, '0.30': {'n': 157, 'accuracy': 0.8407643312101911}}",0.05876772478222847,0.11338714222674628,0.5182926708277693,False,False,0.05,1,211,37,929,556,1,4.0,10,0,3,4.0,additive null,0.03
main,A375,0.05,additive,2,0,False,100,422,74,1856,1801,0,201,48,0,0.3281797468662262,0.8307738900184631,60,0.0,0.0,0.0,0.3293376863002777,0.0,0.3281797468662262,1.0007270159584547,2,-0.03025461429620853,0.18758003615218868,2 * sqrt(2) * median posterior synergy_sd,0.033263187262822694,0.11598153761563113,1856,0.10229945090520706,0.02177977283569136,0.14757971688443963,0.3442596910738376,928,0.14335612870423434,0.19445391678609905,0.23376891151829587,0.12280629575252533,0.5570730793093167,0.4673033870369256,0.14230543775947893,358,0.3857758620689655,0.7625698324022346,0.7556012658227849,"{'0.00': {'n': 928, 'accuracy': 0.665948275862069}, '0.05': {'n': 517, 'accuracy': 0.7137330754352031}, '0.10': {'n': 431, 'accuracy': 0.7354988399071926}, '0.15': {'n': 343, 'accuracy': 0.7667638483965015}, '0.20': {'n': 274, 'accuracy': 0.791970802919708}, '0.30': {'n': 169, 'accuracy': 0.8698224852071006}}",0.06177717074751854,0.11739335713708646,0.5262407708076536,False,False,0.05,2,211,37,928,557,0,4.0,10,3,3,5.0,additive null,0.03
main,A375,0.05,additive,3,0,False,100,422,74,1998,1801,0,201,48,0,0.3121607005596161,0.4242507517337799,95,0.0,0.0,0.0,0.32478582859039307,0.0,0.3121607005596161,1.00004477794626,2,-0.017780450834123225,0.177899917102027,2 * sqrt(2) * median posterior synergy_sd,0.029669527564540825,0.10498387731103379,1998,0.10336091864319333,0.021294487436736394,0.14592630824061983,0.2820203299517201,999,0.14355148483716804,0.19114741535106816,0.21202409330184552,0.11428876966238022,0.4439755039957951,0.42126815793749656,0.14230543775947893,389,0.3893893893893894,0.7660668380462725,0.7553706423016262,"{'0.00': {'n': 999, 'accuracy': 0.6546546546546547}, '0.05': {'n': 593, 'accuracy': 0.7082630691399663}, '0.10': {'n': 472, 'accuracy': 0.7415254237288136}, '0.15': {'n': 369, 'accuracy': 0.7723577235772358}, '0.20': {'n': 287, 'accuracy': 0.8013937282229965}, '0.30': {'n': 155, 'accuracy': 0.8258064516129032}}",0.05777936801314354,0.10664749685704299,0.5417789419904964,False,False,0.05,3,211,37,999,486,1,4.0,9,0,3,4.0,additive null,0.03
main,A375,0.05,additive,4,0,False,100,422,74,1786,1801,0,201,48,0,0.36349400877952576,0.6017400622367859,65,0.0,0.0,0.0,0.34199070930480957,0.0,0.36349400877952576,1.0049259090904221,2,-0.04439586813981042,0.1885486549665089,2 * sqrt(2) * median posterior synergy_sd,0.0380023529794572,0.13374307342476768,1786,0.10852905474985337,0.023497106073170494,0.153287657928388,0.3811711599227291,893,0.13441186273603634,0.18198420973796334,0.23311662515342554,0.1289253979921341,0.6306479612687952,0.5893186779825402,0.14230543775947893,358,0.4008958566629339,0.840782122905028,0.846867088607595,"{'0.00': {'n': 893, 'accuracy': 0.7066069428891377}, '0.05': {'n': 528, 'accuracy': 0.7765151515151515}, '0.10': {'n': 422, 'accuracy': 0.8104265402843602}, '0.15': {'n': 347, 'accuracy': 0.8443804034582133}, '0.20': {'n': 271, 'accuracy': 0.8597785977859779}, '0.30': {'n': 164, 'accuracy': 0.8963414634146342}}",0.06448188424110413,0.11668689312202687,0.5526060598226001,False,False,0.05,4,211,37,893,592,0,4.0,11,2,3,5.0,additive null,0.03
main,A375,0.05,additive,5,0,False,100,422,74,2000,1801,0,201,48,0,0.3216119110584259,0.3658943772315979,95,0.0,0.0,0.0,0.35567256808280945,0.0,0.3216119110584259,1.0002983791864621,2,-0.03738755831516588,0.20435928649100682,2 * sqrt(2) * median posterior synergy_sd,0.03567930116021125,0.1250587653092678,2000,0.10599064113345043,0.021706546524015543,0.1473314173013195,0.39156128246674293,1000,0.1392345904411515,0.1821044602552514,0.22763419355102732,0.14528870582580566,0.6076998719840263,0.566962814962815,0.14230543775947893,404,0.404,0.8193069306930693,0.8207309854986682,"{'0.00': {'n': 1000, 'accuracy': 0.706}, '0.05': {'n': 579, 'accuracy': 0.7858376511226253}, '0.10': {'n': 468, 'accuracy': 0.8098290598290598}, '0.15': {'n': 389, 'accuracy': 0.8200514138817481}, '0.20': {'n': 315, 'accuracy': 0.8634920634920635}, '0.30': {'n': 187, 'accuracy': 0.9090909090909091}}",0.07268499583005905,0.11409559577244839,0.6370534755348628,False,False,0.05,5,211,37,1000,485,0,4.0,9,2,3,4.0,additive null,0.03
main,A375,0.05,additive,6,0,False,100,422,74,1898,1801,0,201,48,0,0.32900938391685486,0.38182610273361206,65,0.0,0.0,0.0,0.33029502630233765,0.0,0.32900938391685486,1.0003890197300875,2,-0.039596683061611376,0.19940668444482085,2 * sqrt(2) * median posterior synergy_sd,0.03344782024554865,0.12033581238077247,1898,0.10635960900264547,0.021154604844524444,0.14544622664244145,0.3665939968475763,949,0.140064247141678,0.18490790050267683,0.22561830227374263,0.13172069191932678,0.5731595463246717,0.48632966150420265,0.14230543775947893,357,0.3761854583772392,0.7871148459383753,0.7870527306967985,"{'0.00': {'n': 948, 'accuracy': 0.6666666666666666}, '0.05': {'n': 528, 'accuracy': 0.7159090909090909}, '0.10': {'n': 439, 'accuracy': 0.7425968109339408}, '0.15': {'n': 344, 'accuracy': 0.7965116279069767}, '0.20': {'n': 265, 'accuracy': 0.8377358490566038}, '0.30': {'n': 157, 'accuracy': 0.9044585987261147}}",0.06586303561925888,0.11280986122194157,0.5838411190816046,False,False,0.05,6,211,37,949,536,1,4.0,10,0,3,5.0,additive null,0.03
main,A375,0.05,additive,7,0,False,100,422,74,2006,1801,0,201,48,0,0.314553439617157,0.6250728964805603,85,0.0,0.0,0.0,0.3858444094657898,0.0,0.3145712912082672,1.0000567521726418,2,-0.030583193599526062,0.17604152801656608,2 * sqrt(2) * median posterior synergy_sd,0.03290845133957972,0.11671258287573771,2006,0.10446529966855762,0.022540533576195645,0.15013505112463127,0.31477951676966287,1003,0.1292757921750716,0.1757791222894047,0.22317674314621583,0.1357647180557251,0.6280405485244701,0.5254193998865583,0.14230543775947893,404,0.40279162512462613,0.8044554455445545,0.8094800453229258,"{'0.00': {'n': 1003, 'accuracy': 0.6679960119641076}, '0.05': {'n': 600, 'accuracy': 0.74}, '0.10': {'n': 485, 'accuracy': 0.7731958762886598}, '0.15': {'n': 390, 'accuracy': 0.8051282051282052}, '0.20': {'n': 296, 'accuracy': 0.8378378378378378}, '0.30': {'n': 154, 'accuracy': 0.9285714285714286}}",0.06792464852333069,0.11212848712849663,0.6057751269353222,False,False,0.05,7,211,37,1003,482,1,4.0,9,0,3,4.0,additive null,0.03
main,A375,0.05,order_insensitive,0,0,False,100,422,74,1696,34224,32423,201,86,2,0.42821386456489563,1.429086685180664,125,0.0,0.0,0.6650136709213257,0.0,0.0,0.4398360848426819,1.0271411582845302,2,-0.018845345682464456,0.15797746020795703,2 * sqrt(2) * median posterior synergy_sd,0.03019370914562712,0.10144410314040284,1696,0.10849592623579914,0.02521740098606538,0.15879987716010796,0.15725248130420533,848,0.13519859591981132,0.22019047232295716,0.2200987637388758,0.0,,,0.14230543775947893,289,0.3408018867924528,0.5,0.5,"{'0.00': {'n': 847, 'accuracy': 0.5}, '0.05': {'n': 445, 'accuracy': 0.5}, '0.10': {'n': 363, 'accuracy': 0.5}, '0.15': {'n': 273, 'accuracy': 0.5}, '0.20': {'n': 222, 'accuracy': 0.5}, '0.30': {'n': 126, 'accuracy': 0.5}}",0.0,0.11009523616147858,0.0,False,False,0.05,0,211,37,848,637,0,4.0,11,1,3,5.0,order-insensitive,0.03
main,A375,0.05,order_insensitive,1,0,False,100,422,74,1858,34224,32423,201,86,2,0.4226992130279541,0.5456590056419373,125,0.0,0.0,0.659144401550293,0.0,0.0,0.9640862345695496,2.2807854967683423,2,-0.019548124665876777,0.18350201696528365,2 * sqrt(2) * median posterior synergy_sd,0.03736334396976236,0.11762284727698336,1858,0.12492540466210424,0.03173756797902694,0.17815040830440704,0.13967326343351216,929,0.14835670026910655,0.22677428445349257,0.2252608861678265,0.0,,,0.14230543775947893,359,0.38643702906350913,0.5,0.5,"{'0.00': {'n': 929, 'accuracy': 0.5}, '0.05': {'n': 541, 'accuracy': 0.5}, '0.10': {'n': 439, 'accuracy': 0.5}, '0.15': {'n': 345, 'accuracy': 0.5}, '0.20': {'n': 276, 'accuracy': 0.5}, '0.30': {'n': 157, 'accuracy': 0.5}}",0.0,0.11338714222674628,0.0,False,False,0.05,1,211,37,929,556,1,4.0,10,0,3,4.0,order-insensitive,0.03
main,A375,0.05,order_insensitive,2,0,False,100,422,74,1856,34224,32423,201,86,2,0.3819637596607208,0.8601489663124084,75,0.0,0.0,0.6157771944999695,0.0,0.0,0.3892664611339569,1.0191188333671306,2,-0.03025461429620853,0.18758003615218868,2 * sqrt(2) * median posterior synergy_sd,0.033263187262822694,0.11598153761563113,1856,0.11219572569110604,0.027246228300137357,0.16506431564737836,0.17967692788207712,928,0.15148584803556037,0.23478671427417291,0.23376891151829587,0.0,,,0.14230543775947893,358,0.3857758620689655,0.5,0.5,"{'0.00': {'n': 928, 'accuracy': 0.5}, '0.05': {'n': 517, 'accuracy': 0.5}, '0.10': {'n': 431, 'accuracy': 0.5}, '0.15': {'n': 343, 'accuracy': 0.5}, '0.20': {'n': 274, 'accuracy': 0.5}, '0.30': {'n': 169, 'accuracy': 0.5}}",0.0,0.11739335713708646,0.0,False,False,0.05,2,211,37,928,557,0,4.0,10,3,3,5.0,order-insensitive,0.03
main,A375,0.05,order_insensitive,3,0,False,100,422,74,1998,34224,32423,201,86,2,0.3790223300457001,0.4722592234611511,315,0.0,0.0,0.6301944255828857,0.0,0.0,0.3790223300457001,1.0031778116853738,2,-0.017780450834123225,0.177899917102027,2 * sqrt(2) * median posterior synergy_sd,0.029669527564540825,0.10498387731103379,1998,0.11307512366409808,0.024561931497780447,0.15672246647427562,0.17185292555566656,999,0.1429069186936937,0.21329499371408597,0.21202409330184552,0.0,,,0.14230543775947893,389,0.3893893893893894,0.5,0.5,"{'0.00': {'n': 999, 'accuracy': 0.5}, '0.05': {'n': 593, 'accuracy': 0.5}, '0.10': {'n': 472, 'accuracy': 0.5}, '0.15': {'n': 369, 'accuracy': 0.5}, '0.20': {'n': 287, 'accuracy': 0.5}, '0.30': {'n': 155, 'accuracy': 0.5}}",0.0,0.10664749685704299,0.0,False,False,0.05,3,211,37,999,486,1,4.0,9,0,3,4.0,order-insensitive,0.03
main,A375,0.05,order_insensitive,4,0,False,100,422,74,1786,34224,32423,201,86,2,0.35029709339141846,0.5941764116287231,85,0.0,0.0,0.6907047033309937,0.0,0.0,0.42492032051086426,1.2130283936899886,2,-0.04439586813981042,0.1885486549665089,2 * sqrt(2) * median posterior synergy_sd,0.0380023529794572,0.13374307342476768,1786,0.11616998082812548,0.0278211660129658,0.1667967805833368,0.2672910510856893,893,0.15261419986002242,0.23337378624405375,0.23311662515342554,0.0,,,0.14230543775947893,358,0.4008958566629339,0.5,0.5,"{'0.00': {'n': 893, 'accuracy': 0.5}, '0.05': {'n': 528, 'accuracy': 0.5}, '0.10': {'n': 422, 'accuracy': 0.5}, '0.15': {'n': 347, 'accuracy': 0.5}, '0.20': {'n': 271, 'accuracy': 0.5}, '0.30': {'n': 164, 'accuracy': 0.5}}",0.0,0.11668689312202687,0.0,False,False,0.05,4,211,37,893,592,0,4.0,11,2,3,5.0,order-insensitive,0.03
main,A375,0.05,order_insensitive,5,0,False,100,422,74,2000,34224,32423,201,86,2,0.3858889639377594,0.40926995873451233,140,0.0,0.0,0.5776837468147278,0.0,0.0,0.40925610065460205,1.0605540424851632,2,-0.03738755831516588,0.20435928649100682,2 * sqrt(2) * median posterior synergy_sd,0.03567930116021125,0.1250587653092678,2000,0.11237751984804925,0.02464377400898536,0.1569833558342583,0.30923022524024013,1000,0.151636287456,0.22819119154489678,0.22763419355102732,0.0,,,0.14230543775947893,404,0.404,0.5,0.5,"{'0.00': {'n': 1000, 'accuracy': 0.5}, '0.05': {'n': 579, 'accuracy': 0.5}, '0.10': {'n': 468, 'accuracy': 0.5}, '0.15': {'n': 389, 'accuracy': 0.5}, '0.20': {'n': 315, 'accuracy': 0.5}, '0.30': {'n': 187, 'accuracy': 0.5}}",0.0,0.11409559577244839,0.0,False,False,0.05,5,211,37,1000,485,0,4.0,9,2,3,4.0,order-insensitive,0.03
main,A375,0.05,order_insensitive,6,0,False,100,422,74,1898,34224,32423,201,86,2,0.3744959235191345,0.4491192698478699,35,0.0,0.0,0.508546769618988,0.0,0.0,0.384660542011261,1.0271421338758768,2,-0.039596683061611376,0.19940668444482085,2 * sqrt(2) * median posterior synergy_sd,0.03344782024554865,0.12033581238077247,1898,0.11050834867339399,0.024150248336683115,0.15540350168732722,0.2768991722368995,949,0.1458528073667018,0.22561972244388315,0.22561830227374263,0.0,,,0.14230543775947893,357,0.3761854583772392,0.5,0.5,"{'0.00': {'n': 948, 'accuracy': 0.5}, '0.05': {'n': 528, 'accuracy': 0.5}, '0.10': {'n': 439, 'accuracy': 0.5}, '0.15': {'n': 344, 'accuracy': 0.5}, '0.20': {'n': 265, 'accuracy': 0.5}, '0.30': {'n': 157, 'accuracy': 0.5}}",0.0,0.11280986122194157,0.0,False,False,0.05,6,211,37,949,536,1,4.0,10,0,3,5.0,order-insensitive,0.03
main,A375,0.05,order_insensitive,7,0,False,100,422,74,2006,34224,32423,201,86,2,0.5082297325134277,0.6107584834098816,15,0.0,0.0,0.31607988476753235,0.0,0.0,0.5082297325134277,1.0022033551271083,2,-0.030583193599526062,0.17604152801656608,2 * sqrt(2) * median posterior synergy_sd,0.03290845133957972,0.11671258287573771,2006,0.11869399538241798,0.02855247831538635,0.16897478603444466,0.13201952728597022,1003,0.147940451555334,0.22425697425699326,0.22317674314621583,0.0,,,0.14230543775947893,404,0.40279162512462613,0.5,0.5,"{'0.00': {'n': 1003, 'accuracy': 0.5}, '0.05': {'n': 600, 'accuracy': 0.5}, '0.10': {'n': 485, 'accuracy': 0.5}, '0.15': {'n': 390, 'accuracy': 0.5}, '0.20': {'n': 296, 'accuracy': 0.5}, '0.30': {'n': 154, 'accuracy': 0.5}}",0.0,0.11212848712849663,0.0,False,False,0.05,7,211,37,1003,482,1,4.0,9,0,3,4.0,order-insensitive,0.03
main,A375,0.05,structured,0,0,False,100,422,74,1696,34347,32546,201,48,4,0.01139916479587555,1.304412841796875,1480,0.5932310223579407,0.6119503378868103,0.7919569611549377,0.02648347057402134,0.7727065584402243,0.01790926605463028,1.5711033549677444,0,-0.018845345682464456,0.15797746020795703,2 * sqrt(2) * median posterior synergy_sd,0.03019370914562712,0.10144410314040284,1696,0.10330397724673371,0.022805624925407705,0.15101531354603648,0.23785231361413695,848,0.1343386056941846,0.18840908204538845,0.2200987637388758,0.19968023896217346,0.6010772680585498,0.5163433367025728,0.14230543775947893,289,0.3408018867924528,0.8373702422145328,0.8388278388278387,"{'0.00': {'n': 847, 'accuracy': 0.6694214876033058}, '0.05': {'n': 445, 'accuracy': 0.7617977528089888}, '0.10': {'n': 363, 'accuracy': 0.790633608815427}, '0.15': {'n': 273, 'accuracy': 0.8388278388278388}, '0.20': {'n': 222, 'accuracy': 0.8648648648648649}, '0.30': {'n': 126, 'accuracy': 0.8968253968253969}}",0.0999750941991806,0.11009523616147858,0.9080782937105962,True,False,0.05,0,211,37,848,637,0,4.0,11,1,3,5.0,structured,0.01
main,A375,0.05,structured,1,0,False,100,422,74,1858,34347,32546,201,48,4,0.017511434853076935,0.4987439215183258,90,0.5120473504066467,0.4179140329360962,0.6114243865013123,0.10422438383102417,0.6835089377567691,0.6054172515869141,34.57268103193361,0,-0.019548124665876777,0.18350201696528365,2 * sqrt(2) * median posterior synergy_sd,0.03736334396976236,0.11762284727698336,1858,0.1122008318672344,0.024845172846555,0.15762351615972472,0.32650899751889795,929,0.14431003501009965,0.19343272366360978,0.2252608861678265,0.17473949491977692,0.558528748561155,0.49327648170254945,0.14230543775947893,359,0.38643702906350913,0.7827298050139275,0.7768348917638017,"{'0.00': {'n': 929, 'accuracy': 0.6684607104413348}, '0.05': {'n': 541, 'accuracy': 0.7005545286506469}, '0.10': {'n': 439, 'accuracy': 0.7425968109339408}, '0.15': {'n': 345, 'accuracy': 0.7942028985507247}, '0.20': {'n': 276, 'accuracy': 0.8115942028985508}, '0.30': {'n': 157, 'accuracy': 0.8726114649681529}}",0.08772141486406326,0.11338714222674628,0.773645169472938,True,False,0.05,1,211,37,929,556,1,4.0,10,0,3,4.0,structured,0.01
main,A375,0.05,structured,2,0,False,100,422,74,1856,34347,32546,201,48,4,0.01830081269145012,0.8190164566040039,95,0.4868375062942505,0.36941391229629517,0.5334035754203796,0.09946887195110321,0.692559872710184,0.020485952496528625,1.1194012441917058,0,-0.03025461429620853,0.18758003615218868,2 * sqrt(2) * median posterior synergy_sd,0.033263187262822694,0.11598153761563113,1856,0.10975390479698546,0.024057235808283176,0.1551039516204638,0.2756903683135964,928,0.14385785703034856,0.19284458992694323,0.23376891151829587,0.16089162230491638,0.5762460785658499,0.48235320403485066,0.14230543775947893,358,0.3857758620689655,0.7597765363128491,0.7504430379746836,"{'0.00': {'n': 928, 'accuracy': 0.6756465517241379}, '0.05': {'n': 517, 'accuracy': 0.7176015473887815}, '0.10': {'n': 431, 'accuracy': 0.7262180974477959}, '0.15': {'n': 343, 'accuracy': 0.7667638483965015}, '0.20': {'n': 274, 'accuracy': 0.7846715328467153}, '0.30': {'n': 169, 'accuracy': 0.8520710059171598}}",0.08127979189157486,0.11739335713708646,0.6923713051042584,True,False,0.05,2,211,37,928,557,0,4.0,10,3,3,5.0,structured,0.01
main,A375,0.05,structured,3,0,False,100,422,74,1998,34347,32546,201,48,4,0.02043023519217968,0.41607192158699036,225,0.5313922762870789,0.5222570896148682,0.6131530404090881,0.03051549382507801,0.8517565031829977,0.02043023519217968,1.0079098008678662,0,-0.017780450834123225,0.177899917102027,2 * sqrt(2) * median posterior synergy_sd,0.029669527564540825,0.10498387731103379,1998,0.10989346007587819,0.02342652288255877,0.15305725360974817,0.210135147907752,999,0.16087919950069568,0.21437648643624135,0.21202409330184552,0.1922391951084137,0.44129180767257714,0.41138464316019424,0.14230543775947893,389,0.3893893893893894,0.7789203084832905,0.773454070810899,"{'0.00': {'n': 999, 'accuracy': 0.6606606606606606}, '0.05': {'n': 593, 'accuracy': 0.7133220910623946}, '0.10': {'n': 472, 'accuracy': 0.7415254237288136}, '0.15': {'n': 369, 'accuracy': 0.7859078590785907}, '0.20': {'n': 287, 'accuracy': 0.8118466898954704}, '0.30': {'n': 155, 'accuracy': 0.8193548387096774}}",0.09711922705173492,0.10664749685704299,0.9106564140171021,True,False,0.05,3,211,37,999,486,1,4.0,9,0,3,4.0,structured,0.01
main,A375,0.05,structured,4,0,False,100,422,74,1786,34347,32546,201,48,4,0.016573166474699974,0.44197598099708557,370,0.5214614868164062,0.5151625275611877,0.9586228132247925,0.028179548680782318,0.5373985685028597,0.016611577942967415,1.0023176903656932,0,-0.04439586813981042,0.1885486549665089,2 * sqrt(2) * median posterior synergy_sd,0.0380023529794572,0.13374307342476768,1786,0.10585555142383975,0.021562970403449497,0.14684335328318235,0.4321093022334609,893,0.14138391401826944,0.1892448532875111,0.23311662515342554,0.2021438330411911,0.631603001963501,0.5610350714186991,0.14230543775947893,358,0.4008958566629339,0.835195530726257,0.841867088607595,"{'0.00': {'n': 893, 'accuracy': 0.6808510638297872}, '0.05': {'n': 528, 'accuracy': 0.7708333333333334}, '0.10': {'n': 422, 'accuracy': 0.8056872037914692}, '0.15': {'n': 347, 'accuracy': 0.8386167146974063}, '0.20': {'n': 271, 'accuracy': 0.8634686346863468}, '0.30': {'n': 164, 'accuracy': 0.8780487804878049}}",0.10107241570949554,0.11668689312202687,0.8661848216645697,True,False,0.05,4,211,37,893,592,0,4.0,11,2,3,5.0,structured,0.01
main,A375,0.05,structured,5,0,False,100,422,74,2000,34347,32546,201,48,4,0.015975790098309517,0.3851793110370636,395,0.5459690093994141,0.510440468788147,0.6276935935020447,0.02860972099006176,0.8132000614189545,0.021676717326045036,1.3568479050271676,0,-0.03738755831516588,0.20435928649100682,2 * sqrt(2) * median posterior synergy_sd,0.03567930116021125,0.1250587653092678,2000,0.10574306548569536,0.021126147033847596,0.1453483644003179,0.40782999297138456,1000,0.15081763942311704,0.1981831321813632,0.22763419355102732,0.21697135269641876,0.6052828298774166,0.5674008754008754,0.14230543775947893,404,0.404,0.8292079207920792,0.8302998914866331,"{'0.00': {'n': 1000, 'accuracy': 0.71}, '0.05': {'n': 579, 'accuracy': 0.7823834196891192}, '0.10': {'n': 468, 'accuracy': 0.811965811965812}, '0.15': {'n': 389, 'accuracy': 0.8329048843187661}, '0.20': {'n': 315, 'accuracy': 0.8666666666666667}, '0.30': {'n': 187, 'accuracy': 0.9090909090909091}}",0.10849468410015106,0.11409559577244839,0.9509103604361052,True,False,0.05,5,211,37,1000,485,0,4.0,9,2,3,4.0,structured,0.01
main,A375,0.05,structured,6,0,False,100,422,74,1898,34347,32546,201,48,4,0.02143663913011551,0.37073609232902527,115,0.4901103377342224,0.46521270275115967,0.6096116900444031,0.08364009112119675,0.7631295632097777,0.02143663913011551,1.2098070335628266,0,-0.039596683061611376,0.19940668444482085,2 * sqrt(2) * median posterior synergy_sd,0.03344782024554865,0.12033581238077247,1898,0.10431863032698863,0.02031762482596558,0.14253990608235148,0.3916546478108124,949,0.15538827986236545,0.20371161229394014,0.22561830227374263,0.20711882412433624,0.559666307348957,0.48211885437807883,0.14230543775947893,357,0.3761854583772392,0.7703081232492998,0.7700564971751412,"{'0.00': {'n': 948, 'accuracy': 0.6603375527426161}, '0.05': {'n': 528, 'accuracy': 0.7026515151515151}, '0.10': {'n': 439, 'accuracy': 0.7380410022779044}, '0.15': {'n': 344, 'accuracy': 0.7761627906976745}, '0.20': {'n': 265, 'accuracy': 0.8301886792452831}, '0.30': {'n': 157, 'accuracy': 0.8980891719745223}}",0.10356032103300095,0.11280986122194157,0.9180076981856832,True,False,0.05,6,211,37,949,536,1,4.0,10,0,3,5.0,structured,0.01
main,A375,0.05,structured,7,0,False,100,422,74,2006,34347,32546,201,48,4,0.022897819057106972,0.5532373189926147,105,0.5800779461860657,0.5705304741859436,0.532830536365509,0.07770998030900955,1.0707540864260328,0.022897819057106972,1.1004779621937921,0,-0.030583193599526062,0.17604152801656608,2 * sqrt(2) * median posterior synergy_sd,0.03290845133957972,0.11671258287573771,2006,0.11661626156752379,0.026186633399347955,0.16182284572750522,0.20393998077194642,1003,0.15081766602081187,0.20181127482067593,0.22317674314621583,0.2191666215658188,0.5971699824657404,0.51868086605465,0.14230543775947893,404,0.40279162512462613,0.7995049504950495,0.8077174870955559,"{'0.00': {'n': 1003, 'accuracy': 0.674975074775673}, '0.05': {'n': 600, 'accuracy': 0.7366666666666667}, '0.10': {'n': 485, 'accuracy': 0.7711340206185567}, '0.15': {'n': 390, 'accuracy': 0.8}, '0.20': {'n': 296, 'accuracy': 0.8243243243243243}, '0.30': {'n': 154, 'accuracy': 0.8961038961038961}}",0.10981094092130661,0.11212848712849663,0.979331334377729,True,False,0.05,7,211,37,1003,482,1,4.0,9,0,3,4.0,structured,0.01
main,A375,0.05,unrestricted,0,0,False,100,422,74,1696,34224,32423,201,86,1,0.01616474613547325,1.2928636074066162,85,0.5848345160484314,0.5792849063873291,0.6510299444198608,0.039850302040576935,0.8897976373475963,0.02577701397240162,1.5946439094292,0,-0.018845345682464456,0.15797746020795703,2 * sqrt(2) * median posterior synergy_sd,0.03019370914562712,0.10144410314040284,1696,0.10171083568459287,0.021395765745431616,0.14627291528315015,0.28496879981713175,848,0.13059468479691191,0.17852180006568152,0.2200987637388758,0.1923726350069046,0.6327869385109228,0.5424069593620291,0.14230543775947893,289,0.3408018867924528,0.8477508650519031,0.8489974937343359,"{'0.00': {'n': 847, 'accuracy': 0.6765053128689492}, '0.05': {'n': 445, 'accuracy': 0.7595505617977528}, '0.10': {'n': 363, 'accuracy': 0.790633608815427}, '0.15': {'n': 273, 'accuracy': 0.8534798534798534}, '0.20': {'n': 222, 'accuracy': 0.8828828828828829}, '0.30': {'n': 126, 'accuracy': 0.9126984126984127}}",0.09628204256296158,0.11009523616147858,0.874534138986205,True,False,0.05,0,211,37,848,637,0,4.0,11,1,3,5.0,unrestricted,0.03
main,A375,0.05,unrestricted,1,0,False,100,422,74,1858,34224,32423,201,86,1,0.03822457417845726,0.4778209328651428,20,0.4252265989780426,0.3192240297794342,0.4634103775024414,0.22943063080310822,0.6888581811652511,0.061926454305648804,1.620069173734564,0,-0.019548124665876777,0.18350201696528365,2 * sqrt(2) * median posterior synergy_sd,0.03736334396976236,0.11762284727698336,1858,0.1116684395378524,0.02471477995788595,0.15720935073298264,0.330043625265241,929,0.14545457774677314,0.19577924881645953,0.2252608861678265,0.1624380648136139,0.5321604385870011,0.4829602560433731,0.14230543775947893,359,0.38643702906350913,0.7910863509749304,0.7829351863712053,"{'0.00': {'n': 929, 'accuracy': 0.6684607104413348}, '0.05': {'n': 541, 'accuracy': 0.6987060998151571}, '0.10': {'n': 439, 'accuracy': 0.7471526195899773}, '0.15': {'n': 345, 'accuracy': 0.7942028985507247}, '0.20': {'n': 276, 'accuracy': 0.8188405797101449}, '0.30': {'n': 157, 'accuracy': 0.8726114649681529}}",0.08152427524328232,0.11338714222674628,0.7189904749539758,True,False,0.05,1,211,37,929,556,1,4.0,10,0,3,4.0,unrestricted,0.03
main,A375,0.05,unrestricted,2,0,False,100,422,74,1856,34224,32423,201,86,1,0.00796088483184576,0.8219114542007446,1440,0.5628597140312195,0.4552118182182312,0.6697167158126831,0.019379934296011925,0.6797080130601847,0.04654151201248169,5.8462737491569605,0,-0.03025461429620853,0.18758003615218868,2 * sqrt(2) * median posterior synergy_sd,0.033263187262822694,0.11598153761563113,1856,0.1095196722853398,0.024083042308305165,0.15518712030418363,0.27491339224390154,928,0.1457347613515625,0.1973379492407276,0.23376891151829587,0.1742342859506607,0.5656049375050833,0.4807546912112517,0.14230543775947893,358,0.3857758620689655,0.7737430167597765,0.768259493670886,"{'0.00': {'n': 928, 'accuracy': 0.6627155172413793}, '0.05': {'n': 517, 'accuracy': 0.7176015473887815}, '0.10': {'n': 431, 'accuracy': 0.7424593967517401}, '0.15': {'n': 343, 'accuracy': 0.7725947521865889}, '0.20': {'n': 274, 'accuracy': 0.7846715328467153}, '0.30': {'n': 169, 'accuracy': 0.8875739644970414}}",0.08802661299705505,0.11739335713708646,0.7498432206369369,True,False,0.05,2,211,37,928,557,0,4.0,10,3,3,5.0,unrestricted,0.03
main,A375,0.05,unrestricted,3,0,False,100,422,74,1998,34224,32423,201,86,1,0.03067971020936966,0.4075600504875183,40,0.4500381052494049,0.3799527585506439,0.47434207797050476,0.12321019917726517,0.8010100225058885,0.03067971020936966,1.4092563191770944,0,-0.017780450834123225,0.177899917102027,2 * sqrt(2) * median posterior synergy_sd,0.029669527564540825,0.10498387731103379,1998,0.10923818189826548,0.023527823071871894,0.15338781917698646,0.2067196406449009,999,0.15598349781728327,0.20612833660812854,0.21202409330184552,0.16642168164253235,0.427721027037283,0.4286306306306306,0.14230543775947893,389,0.3893893893893894,0.7712082262210797,0.7606597052265187,"{'0.00': {'n': 999, 'accuracy': 0.6596596596596597}, '0.05': {'n': 593, 'accuracy': 0.715008431703204}, '0.10': {'n': 472, 'accuracy': 0.75}, '0.15': {'n': 369, 'accuracy': 0.7777777777777778}, '0.20': {'n': 287, 'accuracy': 0.8013937282229965}, '0.30': {'n': 155, 'accuracy': 0.8193548387096774}}",0.08438514173030853,0.10664749685704299,0.7912529052925048,True,False,0.05,3,211,37,999,486,1,4.0,9,0,3,4.0,unrestricted,0.03
main,A375,0.05,unrestricted,4,0,False,100,422,74,1786,34224,32423,201,86,1,0.0116553520783782,0.4712018072605133,400,0.5290735363960266,0.5425745844841003,0.775387167930603,0.024901295080780983,0.6997466645368325,0.020528273656964302,1.7612744358916643,0,-0.04439586813981042,0.1885486549665089,2 * sqrt(2) * median posterior synergy_sd,0.0380023529794572,0.13374307342476768,1786,0.11081824625260865,0.022984362954415433,0.15160594630295815,0.3946749602821741,893,0.14660946800794836,0.1920167134450082,0.23311662515342554,0.21017757058143616,0.6312357020902017,0.5632062303383852,0.14230543775947893,358,0.4008958566629339,0.8379888268156425,0.8450316455696203,"{'0.00': {'n': 893, 'accuracy': 0.671892497200448}, '0.05': {'n': 528, 'accuracy': 0.7632575757575758}, '0.10': {'n': 422, 'accuracy': 0.8080568720379147}, '0.15': {'n': 347, 'accuracy': 0.8443804034582133}, '0.20': {'n': 271, 'accuracy': 0.8708487084870848}, '0.30': {'n': 164, 'accuracy': 0.8841463414634146}}",0.10510320961475372,0.11668689312202687,0.9007284948862306,True,False,0.05,4,211,37,893,592,0,4.0,11,2,3,5.0,unrestricted,0.03
main,A375,0.05,unrestricted,5,0,False,100,422,74,2000,34224,32423,201,86,1,0.01879991963505745,0.36023759841918945,215,0.5447633266448975,0.5049258470535278,0.6378732323646545,0.03163069859147072,0.791577105660511,0.05297650024294853,2.8179109949044547,0,-0.03738755831516588,0.20435928649100682,2 * sqrt(2) * median posterior synergy_sd,0.03567930116021125,0.1250587653092678,2000,0.10809792244200354,0.022587947695993222,0.1502928730711913,0.3668554363241019,1000,0.15209953215080962,0.20075789695654103,0.22763419355102732,0.21417222917079926,0.5908772543837815,0.5443892083892083,0.14230543775947893,404,0.404,0.7995049504950495,0.8004093913386603,"{'0.00': {'n': 1000, 'accuracy': 0.684}, '0.05': {'n': 579, 'accuracy': 0.7616580310880829}, '0.10': {'n': 468, 'accuracy': 0.782051282051282}, '0.15': {'n': 389, 'accuracy': 0.8020565552699229}, '0.20': {'n': 315, 'accuracy': 0.8380952380952381}, '0.30': {'n': 187, 'accuracy': 0.8983957219251337}}",0.10708676278591156,0.11409559577244839,0.9385705211574055,True,False,0.05,5,211,37,1000,485,0,4.0,9,2,3,4.0,unrestricted,0.03
main,A375,0.05,unrestricted,6,0,False,100,422,74,1898,34224,32423,201,86,1,0.03138452768325806,0.32415539026260376,40,0.43055227398872375,0.4050508141517639,0.5121158957481384,0.14466218650341034,0.7909358360377282,0.03138452768325806,1.3197679136446763,0,-0.039596683061611376,0.19940668444482085,2 * sqrt(2) * median posterior synergy_sd,0.03344782024554865,0.12033581238077247,1898,0.10242793119172236,0.019926026203722823,0.14115957708821184,0.40337979796028356,949,0.15151164059462438,0.20025121335251128,0.22561830227374263,0.20023894309997559,0.563335916322141,0.4828951966690278,0.14230543775947893,357,0.3761854583772392,0.7815126050420168,0.781261770244821,"{'0.00': {'n': 948, 'accuracy': 0.6571729957805907}, '0.05': {'n': 528, 'accuracy': 0.7121212121212122}, '0.10': {'n': 439, 'accuracy': 0.7471526195899773}, '0.15': {'n': 344, 'accuracy': 0.7877906976744186}, '0.20': {'n': 265, 'accuracy': 0.8377358490566038}, '0.30': {'n': 157, 'accuracy': 0.910828025477707}}",0.10011973232030869,0.11280986122194157,0.8875086914904861,True,False,0.05,6,211,37,949,536,1,4.0,10,0,3,5.0,unrestricted,0.03
main,A375,0.05,unrestricted,7,0,False,100,422,74,2006,34224,32423,201,86,1,0.048387542366981506,0.5036269426345825,35,0.4812330901622772,0.43712130188941956,0.42051219940185547,0.16885317862033844,1.0394973142543527,0.050134699791669846,1.036107587598426,0,-0.030583193599526062,0.17604152801656608,2 * sqrt(2) * median posterior synergy_sd,0.03290845133957972,0.11671258287573771,2006,0.11270868464209301,0.025057221082814697,0.15829472853767018,0.23827352707798877,1003,0.1405401249094775,0.1903475613313172,0.22317674314621583,0.19841498136520386,0.6095890143166356,0.528563187979778,0.14230543775947893,404,0.40279162512462613,0.8094059405940595,0.8170590457006168,"{'0.00': {'n': 1003, 'accuracy': 0.6620139581256231}, '0.05': {'n': 600, 'accuracy': 0.7383333333333333}, '0.10': {'n': 485, 'accuracy': 0.7752577319587629}, '0.15': {'n': 390, 'accuracy': 0.8102564102564103}, '0.20': {'n': 296, 'accuracy': 0.8412162162162162}, '0.30': {'n': 154, 'accuracy': 0.9285714285714286}}",0.09934134781360626,0.11212848712849663,0.8859599407576363,True,False,0.05,7,211,37,1003,482,1,4.0,9,0,3,4.0,unrestricted,0.03
main,A375,0.1,additive,0,0,False,100,842,148,1696,1801,0,201,48,0,0.4816807806491852,0.8919891119003296,115,0.0,0.0,0.0,0.35301560163497925,0.0,0.48170006275177,1.0000400308738888,2,-0.02935836620546318,0.16413265489980453,2 * sqrt(2) * median posterior synergy_sd,0.029958185384837223,0.10710487150181647,1696,0.08724757726399643,0.017456743591448748,0.13212397054073402,0.41660810508063495,848,0.11611698472837297,0.1630750057362833,0.2200987637388758,0.11580317467451096,0.6917851335151287,0.5659391263628515,0.14230543775947893,289,0.3408018867924528,0.8373702422145328,0.8377192982456141,"{'0.00': {'n': 847, 'accuracy': 0.667060212514758}, '0.05': {'n': 445, 'accuracy': 0.7640449438202247}, '0.10': {'n': 363, 'accuracy': 0.7933884297520661}, '0.15': {'n': 273, 'accuracy': 0.8315018315018315}, '0.20': {'n': 222, 'accuracy': 0.8873873873873874}, '0.30': {'n': 126, 'accuracy': 0.9444444444444444}}",0.057941388338804245,0.11009523616147858,0.526284245885268,False,False,0.1,0,421,74,848,637,4,8.0,16,0,4,9.0,additive null,0.03
main,A375,0.1,additive,1,0,False,100,842,148,1858,1801,0,201,48,0,0.44933220744132996,0.4672395884990692,45,0.0,0.0,0.0,0.32039308547973633,0.0,0.44933220744132996,1.0004721309369387,2,-0.03516435858788598,0.1877605228186904,2 * sqrt(2) * median posterior synergy_sd,0.03692779816824434,0.12528450094290083,1858,0.10301346513452123,0.021298726817095635,0.14594083327532303,0.42264435171334047,929,0.13073725490140692,0.1755044462275048,0.2252608861678265,0.11919600516557693,0.6376893806572024,0.5917620912364054,0.14230543775947893,359,0.38643702906350913,0.8857938718662952,0.8816606891251442,"{'0.00': {'n': 929, 'accuracy': 0.7255113024757804}, '0.05': {'n': 541, 'accuracy': 0.7948243992606284}, '0.10': {'n': 439, 'accuracy': 0.8337129840546698}, '0.15': {'n': 345, 'accuracy': 0.8956521739130435}, '0.20': {'n': 276, 'accuracy': 0.9130434782608695}, '0.30': {'n': 157, 'accuracy': 0.9363057324840764}}",0.0601571723818779,0.11338714222674628,0.5305466845753852,False,False,0.1,1,421,74,929,556,3,8.0,20,0,3,9.0,additive null,0.03
main,A375,0.1,additive,2,0,False,100,842,148,1856,1801,0,201,48,0,0.46520286798477173,0.581188976764679,35,0.0,0.0,0.0,0.27923187613487244,0.0,0.46520286798477173,1.000342919023367,2,-0.031561750434679334,0.18252105470799018,2 * sqrt(2) * median posterior synergy_sd,0.03328322666787428,0.1167224942581638,1856,0.09749994262519188,0.020034984697058916,0.14154499177667473,0.3967913644603761,928,0.13681050659815,0.1882849898805262,0.23376891151829587,0.10161645710468292,0.6254297237754605,0.534861462822572,0.14230543775947893,358,0.3857758620689655,0.8435754189944135,0.83873417721519,"{'0.00': {'n': 928, 'accuracy': 0.6864224137931034}, '0.05': {'n': 517, 'accuracy': 0.758220502901354}, '0.10': {'n': 431, 'accuracy': 0.8051044083526682}, '0.15': {'n': 343, 'accuracy': 0.8396501457725948}, '0.20': {'n': 274, 'accuracy': 0.8576642335766423}, '0.30': {'n': 169, 'accuracy': 0.9171597633136095}}",0.050965700298547745,0.11739335713708646,0.4341446700347141,False,False,0.1,2,421,74,928,557,3,8.0,15,0,4,9.0,additive null,0.03
main,A375,0.1,additive,3,0,False,100,842,148,1998,1801,0,201,48,0,0.42115119099617004,0.42128244042396545,65,0.0,0.0,0.0,0.2682955265045166,0.0,0.42115119099617004,1.0021378816285713,2,-0.033189754739904986,0.18919881235169816,2 * sqrt(2) * median posterior synergy_sd,0.029806507039125213,0.11292722529990916,1998,0.096000828505567,0.018272740438763025,0.1351767007984846,0.3839036421948443,999,0.12945172542876437,0.17325427617327216,0.21202409330184552,0.1007954478263855,0.5900641437296001,0.5563386472644989,0.14230543775947893,389,0.3893893893893894,0.8406169665809768,0.8413417088160113,"{'0.00': {'n': 999, 'accuracy': 0.6976976976976977}, '0.05': {'n': 593, 'accuracy': 0.7622259696458684}, '0.10': {'n': 472, 'accuracy': 0.8072033898305084}, '0.15': {'n': 369, 'accuracy': 0.8482384823848238}, '0.20': {'n': 287, 'accuracy': 0.8885017421602788}, '0.30': {'n': 155, 'accuracy': 0.9354838709677419}}",0.05076119303703308,0.10664749685704299,0.47597172491611855,False,False,0.1,3,421,74,999,486,3,8.0,16,0,4,8.0,additive null,0.03
main,A375,0.1,additive,4,0,False,100,842,148,1786,1801,0,201,48,0,0.4280293881893158,0.5850197672843933,70,0.0,0.0,0.0,0.3231854736804962,0.0,0.4280293881893158,1.0037454159852917,2,-0.04265420599524941,0.18910720769434242,2 * sqrt(2) * median posterior synergy_sd,0.03802511261439003,0.1328952772871702,1786,0.10509875724606271,0.021987798718255045,0.14828283352517596,0.42092086002851725,893,0.1305006480005724,0.17765684864661524,0.23311662515342554,0.12211327999830246,0.6625948710723166,0.6131412003844335,0.14230543775947893,358,0.4008958566629339,0.8603351955307262,0.860379746835443,"{'0.00': {'n': 893, 'accuracy': 0.7200447928331467}, '0.05': {'n': 528, 'accuracy': 0.8087121212121212}, '0.10': {'n': 422, 'accuracy': 0.8412322274881516}, '0.15': {'n': 347, 'accuracy': 0.861671469740634}, '0.20': {'n': 271, 'accuracy': 0.8856088560885609}, '0.30': {'n': 164, 'accuracy': 0.9329268292682927}}",0.06111670285463333,0.11668689312202687,0.5237666478163895,False,False,0.1,4,421,74,893,592,2,8.5,16,0,4,9.0,additive null,0.03
main,A375,0.1,additive,5,0,False,100,842,148,2000,1801,0,201,48,0,0.40690484642982483,0.4681122899055481,75,0.0,0.0,0.0,0.33153948187828064,0.0,0.4069769084453583,1.0001770979534053,2,-0.029252821217339665,0.1957023380105984,2 * sqrt(2) * median posterior synergy_sd,0.03577585657634306,0.12102978776227909,2000,0.10065601950987946,0.020413246874424126,0.14287493438117171,0.4278127229855291,1000,0.13092871149296867,0.17228766248195013,0.22763419355102732,0.12957440316677094,0.66116244364058,0.6067106827106828,0.14230543775947893,404,0.404,0.8193069306930693,0.8191526092532307,"{'0.00': {'n': 1000, 'accuracy': 0.702}, '0.05': {'n': 579, 'accuracy': 0.7806563039723662}, '0.10': {'n': 468, 'accuracy': 0.8055555555555556}, '0.15': {'n': 389, 'accuracy': 0.8200514138817481}, '0.20': {'n': 315, 'accuracy': 0.8698412698412699}, '0.30': {'n': 187, 'accuracy': 0.9251336898395722}}",0.06488306075334549,0.11409559577244839,0.5686727898134464,False,False,0.1,5,421,74,1000,485,2,8.0,16,0,3,9.0,additive null,0.03
main,A375,0.1,additive,6,0,False,100,842,148,1898,1801,0,201,48,0,0.44634416699409485,0.5723625421524048,80,0.0,0.0,0.0,0.3305208086967468,0.0,0.44697967171669006,1.0014237997706457,2,-0.026082576733966748,0.18002170378299104,2 * sqrt(2) * median posterior synergy_sd,0.033440013122669865,0.11311920848873926,1898,0.09837803516067817,0.019272743888423264,0.13882630834399964,0.42294021723094466,949,0.1296783616661332,0.17523025198036418,0.22561830227374263,0.1190015971660614,0.6398702844009287,0.5729134984825711,0.14230543775947893,357,0.3761854583772392,0.8515406162464986,0.8513182674199623,"{'0.00': {'n': 948, 'accuracy': 0.7130801687763713}, '0.05': {'n': 528, 'accuracy': 0.7746212121212122}, '0.10': {'n': 439, 'accuracy': 0.8154897494305239}, '0.15': {'n': 344, 'accuracy': 0.8546511627906976}, '0.20': {'n': 265, 'accuracy': 0.8830188679245283}, '0.30': {'n': 157, 'accuracy': 0.9235668789808917}}",0.05950091779232025,0.11280986122194157,0.5274442956299576,False,False,0.1,6,421,74,949,536,3,8.0,18,0,3,8.0,additive null,0.03
main,A375,0.1,additive,7,0,False,100,842,148,2006,1801,0,201,48,0,0.41170555353164673,0.4358883500099182,60,0.0,0.0,0.0,0.3317631781101227,0.0,0.41170555353164673,1.0004043026257656,2,-0.029193710694774343,0.18322526654610674,2 * sqrt(2) * median posterior synergy_sd,0.03292045973973667,0.11602546072144374,2006,0.0992375372503065,0.02039678294962742,0.14281730619790944,0.37994841950645164,1003,0.12671703468548465,0.17248906114930987,0.22317674314621583,0.12154290080070496,0.6487742387704808,0.573901229726856,0.14230543775947893,404,0.40279162512462613,0.8217821782178217,0.82603550295858,"{'0.00': {'n': 1003, 'accuracy': 0.6969092721834497}, '0.05': {'n': 600, 'accuracy': 0.765}, '0.10': {'n': 485, 'accuracy': 0.7896907216494845}, '0.15': {'n': 390, 'accuracy': 0.8205128205128205}, '0.20': {'n': 296, 'accuracy': 0.8445945945945946}, '0.30': {'n': 154, 'accuracy': 0.9155844155844156}}",0.0607873909175396,0.11212848712849663,0.5421226351505007,False,False,0.1,7,421,74,1003,482,3,8.5,14,0,3,9.0,additive null,0.03
main,A375,0.1,order_insensitive,0,0,False,100,842,148,1696,34224,32423,201,86,2,0.4781780242919922,0.8212617635726929,50,0.0,0.0,0.663546085357666,0.0,0.0,0.4781780242919922,1.0472781198721204,2,-0.02935836620546318,0.16413265489980453,2 * sqrt(2) * median posterior synergy_sd,0.029958185384837223,0.10710487150181647,1696,0.09644231660452063,0.02092605433438721,0.144658405681755,0.300666219483001,848,0.13519859591981132,0.22019047232295716,0.2200987637388758,0.0,,,0.14230543775947893,289,0.3408018867924528,0.5,0.5,"{'0.00': {'n': 847, 'accuracy': 0.5}, '0.05': {'n': 445, 'accuracy': 0.5}, '0.10': {'n': 363, 'accuracy': 0.5}, '0.15': {'n': 273, 'accuracy': 0.5}, '0.20': {'n': 222, 'accuracy': 0.5}, '0.30': {'n': 126, 'accuracy': 0.5}}",0.0,0.11009523616147858,0.0,False,False,0.1,0,421,74,848,637,4,8.0,16,0,4,9.0,order-insensitive,0.03
main,A375,0.1,order_insensitive,1,0,False,100,842,148,1858,34224,32423,201,86,2,0.44211554527282715,0.4818352460861206,270,0.0,0.0,0.6594587564468384,0.0,0.0,0.44211554527282715,1.04816240475706,2,-0.03516435858788598,0.1877605228186904,2 * sqrt(2) * median posterior synergy_sd,0.03692779816824434,0.12528450094290083,1858,0.10562262189176623,0.023773015674076924,0.15418500469915006,0.3555725187658304,929,0.14835670026910655,0.22677428445349257,0.2252608861678265,0.0,,,0.14230543775947893,359,0.38643702906350913,0.5,0.5,"{'0.00': {'n': 929, 'accuracy': 0.5}, '0.05': {'n': 541, 'accuracy': 0.5}, '0.10': {'n': 439, 'accuracy': 0.5}, '0.15': {'n': 345, 'accuracy': 0.5}, '0.20': {'n': 276, 'accuracy': 0.5}, '0.30': {'n': 157, 'accuracy': 0.5}}",0.0,0.11338714222674628,0.0,False,False,0.1,1,421,74,929,556,3,8.0,20,0,3,9.0,order-insensitive,0.03
main,A375,0.1,order_insensitive,2,0,False,100,842,148,1856,34224,32423,201,86,2,0.37761130928993225,0.5364257097244263,55,0.0,0.0,0.5665513277053833,0.0,0.0,0.37761130928993225,1.0477196807061813,2,-0.031561750434679334,0.18252105470799018,2 * sqrt(2) * median posterior synergy_sd,0.03328322666787428,0.1167224942581638,1856,0.10033518559108823,0.021808699097854777,0.14767768652662044,0.3433887859349173,928,0.15148584803556037,0.23478671427417291,0.23376891151829587,0.0,,,0.14230543775947893,358,0.3857758620689655,0.5,0.5,"{'0.00': {'n': 928, 'accuracy': 0.5}, '0.05': {'n': 517, 'accuracy': 0.5}, '0.10': {'n': 431, 'accuracy': 0.5}, '0.15': {'n': 343, 'accuracy': 0.5}, '0.20': {'n': 274, 'accuracy': 0.5}, '0.30': {'n': 169, 'accuracy': 0.5}}",0.0,0.11739335713708646,0.0,False,False,0.1,2,421,74,928,557,3,8.0,15,0,4,9.0,order-insensitive,0.03
main,A375,0.1,order_insensitive,3,0,False,100,842,148,1998,34224,32423,201,86,2,0.36279839277267456,0.3851338028907776,195,0.0,0.0,0.6098369359970093,0.0,0.0,0.3744450509548187,1.0321022871494412,2,-0.033189754739904986,0.18919881235169816,2 * sqrt(2) * median posterior synergy_sd,0.029806507039125213,0.11292722529990916,1998,0.10121186085591184,0.020586543057527072,0.14348011380510914,0.30588987240054955,999,0.1429069186936937,0.21329499371408597,0.21202409330184552,0.0,,,0.14230543775947893,389,0.3893893893893894,0.5,0.5,"{'0.00': {'n': 999, 'accuracy': 0.5}, '0.05': {'n': 593, 'accuracy': 0.5}, '0.10': {'n': 472, 'accuracy': 0.5}, '0.15': {'n': 369, 'accuracy': 0.5}, '0.20': {'n': 287, 'accuracy': 0.5}, '0.30': {'n': 155, 'accuracy': 0.5}}",0.0,0.10664749685704299,0.0,False,False,0.1,3,421,74,999,486,3,8.0,16,0,4,8.0,order-insensitive,0.03
main,A375,0.1,order_insensitive,4,0,False,100,842,148,1786,34224,32423,201,86,2,0.4061758518218994,0.4842758774757385,50,0.0,0.0,0.6637643575668335,0.0,0.0,0.4061758518218994,1.010743066353736,2,-0.04265420599524941,0.18910720769434242,2 * sqrt(2) * median posterior synergy_sd,0.03802511261439003,0.1328952772871702,1786,0.10448914730015976,0.023330350614614755,0.15274275961437503,0.3855628959379327,893,0.15261419986002242,0.23337378624405375,0.23311662515342554,0.0,,,0.14230543775947893,358,0.4008958566629339,0.5,0.5,"{'0.00': {'n': 893, 'accuracy': 0.5}, '0.05': {'n': 528, 'accuracy': 0.5}, '0.10': {'n': 422, 'accuracy': 0.5}, '0.15': {'n': 347, 'accuracy': 0.5}, '0.20': {'n': 271, 'accuracy': 0.5}, '0.30': {'n': 164, 'accuracy': 0.5}}",0.0,0.11668689312202687,0.0,False,False,0.1,4,421,74,893,592,2,8.5,16,0,4,9.0,order-insensitive,0.03
main,A375,0.1,order_insensitive,5,0,False,100,842,148,2000,34224,32423,201,86,2,0.4400346875190735,0.38533496856689453,55,0.0,0.0,0.6179999113082886,0.0,0.0,0.44839125871658325,1.0189907101292952,2,-0.029252821217339665,0.1957023380105984,2 * sqrt(2) * median posterior synergy_sd,0.03577585657634306,0.12102978776227909,2000,0.10522054218263319,0.02212941633444065,0.14875959241151696,0.3797081594997189,1000,0.151636287456,0.22819119154489678,0.22763419355102732,0.0,,,0.14230543775947893,404,0.404,0.5,0.5,"{'0.00': {'n': 1000, 'accuracy': 0.5}, '0.05': {'n': 579, 'accuracy': 0.5}, '0.10': {'n': 468, 'accuracy': 0.5}, '0.15': {'n': 389, 'accuracy': 0.5}, '0.20': {'n': 315, 'accuracy': 0.5}, '0.30': {'n': 187, 'accuracy': 0.5}}",0.0,0.11409559577244839,0.0,False,False,0.1,5,421,74,1000,485,2,8.0,16,0,3,9.0,order-insensitive,0.03
main,A375,0.1,order_insensitive,6,0,False,100,842,148,1898,34224,32423,201,86,2,0.39227163791656494,0.6636835932731628,165,0.0,0.0,0.9027996063232422,0.0,0.0,0.4862467348575592,1.239566381704564,2,-0.026082576733966748,0.18002170378299104,2 * sqrt(2) * median posterior synergy_sd,0.033440013122669865,0.11311920848873926,1898,0.1041762964476334,0.02212621211417969,0.14874882222787408,0.3375023696662034,949,0.1458528073667018,0.22561972244388315,0.22561830227374263,0.0,,,0.14230543775947893,357,0.3761854583772392,0.5,0.5,"{'0.00': {'n': 948, 'accuracy': 0.5}, '0.05': {'n': 528, 'accuracy': 0.5}, '0.10': {'n': 439, 'accuracy': 0.5}, '0.15': {'n': 344, 'accuracy': 0.5}, '0.20': {'n': 265, 'accuracy': 0.5}, '0.30': {'n': 157, 'accuracy': 0.5}}",0.0,0.11280986122194157,0.0,False,False,0.1,6,421,74,949,536,3,8.0,18,0,3,8.0,order-insensitive,0.03
main,A375,0.1,order_insensitive,7,0,False,100,842,148,2006,34224,32423,201,86,2,0.4552138149738312,0.4923788905143738,25,0.0,0.0,0.38352811336517334,0.0,0.0,0.4703563451766968,1.0332646543333404,2,-0.029193710694774343,0.18322526654610674,2 * sqrt(2) * median posterior synergy_sd,0.03292045973973667,0.11602546072144374,2006,0.10649667392501973,0.023527256685246606,0.15338597290901995,0.28478364806882284,1003,0.147940451555334,0.22425697425699326,0.22317674314621583,0.0,,,0.14230543775947893,404,0.40279162512462613,0.5,0.5,"{'0.00': {'n': 1003, 'accuracy': 0.5}, '0.05': {'n': 600, 'accuracy': 0.5}, '0.10': {'n': 485, 'accuracy': 0.5}, '0.15': {'n': 390, 'accuracy': 0.5}, '0.20': {'n': 296, 'accuracy': 0.5}, '0.30': {'n': 154, 'accuracy': 0.5}}",0.0,0.11212848712849663,0.0,False,False,0.1,7,421,74,1003,482,3,8.5,14,0,3,9.0,order-insensitive,0.03
main,A375,0.1,structured,0,0,False,100,842,148,1696,34347,32546,201,48,4,0.03165658935904503,0.6907082200050354,180,0.5925012826919556,0.5357857942581177,0.7048638463020325,0.03543335944414139,0.7601266500885828,0.03232549875974655,1.0211301790320757,0,-0.02935836620546318,0.16413265489980453,2 * sqrt(2) * median posterior synergy_sd,0.029958185384837223,0.10710487150181647,1696,0.08248592227139755,0.014073542720342032,0.11863196331656166,0.529672260302267,848,0.11421335800474562,0.1586225833414072,0.2200987637388758,0.18347658216953278,0.705079014984707,0.5693454730905712,0.14230543775947893,289,0.3408018867924528,0.8615916955017301,0.862372276845961,"{'0.00': {'n': 847, 'accuracy': 0.6776859504132231}, '0.05': {'n': 445, 'accuracy': 0.7842696629213484}, '0.10': {'n': 363, 'accuracy': 0.8126721763085399}, '0.15': {'n': 273, 'accuracy': 0.8534798534798534}, '0.20': {'n': 222, 'accuracy': 0.8783783783783784}, '0.30': {'n': 126, 'accuracy': 0.9444444444444444}}",0.09180431813001633,0.11009523616147858,0.8338627658272639,True,False,0.1,0,421,74,848,637,4,8.0,16,0,4,9.0,structured,0.01
main,A375,0.1,structured,1,0,False,100,842,148,1858,34347,32546,201,48,4,0.04021584615111351,0.34683164954185486,115,0.5213531255722046,0.47230830788612366,0.6347819566726685,0.07082927972078323,0.7440480985972229,0.04021584615111351,1.4833391650417922,0,-0.03516435858788598,0.1877605228186904,2 * sqrt(2) * median posterior synergy_sd,0.03692779816824434,0.12528450094290083,1858,0.08948576781090538,0.01610062845311532,0.12688825183252908,0.563551903444779,929,0.12373645985083513,0.16656092300225653,0.2252608861678265,0.1931343376636505,0.6931870138919922,0.5963292846614644,0.14230543775947893,359,0.38643702906350913,0.8328690807799443,0.8305847316510824,"{'0.00': {'n': 929, 'accuracy': 0.682454251883746}, '0.05': {'n': 541, 'accuracy': 0.7634011090573013}, '0.10': {'n': 439, 'accuracy': 0.7995444191343963}, '0.15': {'n': 345, 'accuracy': 0.8434782608695652}, '0.20': {'n': 276, 'accuracy': 0.8623188405797102}, '0.30': {'n': 157, 'accuracy': 0.910828025477707}}",0.09721334278583527,0.11338714222674628,0.8573577292514577,True,False,0.1,1,421,74,929,556,3,8.0,20,0,3,9.0,structured,0.01
main,A375,0.1,structured,2,0,False,100,842,148,1856,34347,32546,201,48,4,0.029852252453565598,0.3190615773200989,220,0.5065866708755493,0.49284106492996216,0.6461557745933533,0.02863028086721897,0.7627279431807648,0.03313986212015152,1.1101293670117427,0,-0.031561750434679334,0.18252105470799018,2 * sqrt(2) * median posterior synergy_sd,0.03328322666787428,0.1167224942581638,1856,0.08767326237279788,0.01564477616749123,0.1250790796555972,0.5289707365386435,928,0.1275178798909942,0.1744248261139296,0.23376891151829587,0.1865001916885376,0.6770299002802251,0.5972321424174052,0.14230543775947893,358,0.3857758620689655,0.8491620111731844,0.8424050632911393,"{'0.00': {'n': 928, 'accuracy': 0.7144396551724138}, '0.05': {'n': 517, 'accuracy': 0.793036750483559}, '0.10': {'n': 431, 'accuracy': 0.8236658932714617}, '0.15': {'n': 343, 'accuracy': 0.8542274052478134}, '0.20': {'n': 274, 'accuracy': 0.8832116788321168}, '0.30': {'n': 169, 'accuracy': 0.9349112426035503}}",0.0936162918806076,0.11739335713708646,0.7974581710895864,True,False,0.1,2,421,74,928,557,3,8.0,15,0,4,9.0,structured,0.01
main,A375,0.1,structured,3,0,False,100,842,148,1998,34347,32546,201,48,4,0.04218720272183418,0.3567289113998413,165,0.48761385679244995,0.44107523560523987,0.595038652420044,0.030323313549160957,0.7412547635542175,0.04218720272183418,1.0421118597136354,0,-0.033189754739904986,0.18919881235169816,2 * sqrt(2) * median posterior synergy_sd,0.029806507039125213,0.11292722529990916,1998,0.08907597783005478,0.015878157470520272,0.12600856110011047,0.4646410581364069,999,0.12896096240276914,0.1708349057500399,0.21202409330184552,0.1737254559993744,0.6241795935767452,0.5637718439882767,0.14230543775947893,389,0.3893893893893894,0.8483290488431876,0.8470658617501495,"{'0.00': {'n': 999, 'accuracy': 0.6996996996996997}, '0.05': {'n': 593, 'accuracy': 0.7790893760539629}, '0.10': {'n': 472, 'accuracy': 0.8177966101694916}, '0.15': {'n': 369, 'accuracy': 0.8536585365853658}, '0.20': {'n': 287, 'accuracy': 0.9059233449477352}, '0.30': {'n': 155, 'accuracy': 0.9290322580645162}}",0.08730762451887131,0.10664749685704299,0.8186561062553952,True,False,0.1,3,421,74,999,486,3,8.0,16,0,4,8.0,structured,0.01
main,A375,0.1,structured,4,0,False,100,842,148,1786,34347,32546,201,48,4,0.03540024533867836,0.3473472595214844,175,0.5330979824066162,0.5341291427612305,0.777187168598175,0.037335626780986786,0.6872593428487088,0.03540176898241043,1.000043040485101,0,-0.04265420599524941,0.18910720769434242,2 * sqrt(2) * median posterior synergy_sd,0.03802511261439003,0.1328952772871702,1786,0.09060894658961631,0.016659757545021938,0.12907268318672988,0.5612422055103141,893,0.12958618335457014,0.17271591958481097,0.23311662515342554,0.2117406725883484,0.7032258849955244,0.6244051446847807,0.14230543775947893,358,0.4008958566629339,0.8631284916201117,0.8648734177215189,"{'0.00': {'n': 893, 'accuracy': 0.7088465845464725}, '0.05': {'n': 528, 'accuracy': 0.8011363636363636}, '0.10': {'n': 422, 'accuracy': 0.8364928909952607}, '0.15': {'n': 347, 'accuracy': 0.8731988472622478}, '0.20': {'n': 271, 'accuracy': 0.9003690036900369}, '0.30': {'n': 164, 'accuracy': 0.9451219512195121}}",0.10587618499994278,0.11668689312202687,0.9073528497259872,True,False,0.1,4,421,74,893,592,2,8.5,16,0,4,9.0,structured,0.01
main,A375,0.1,structured,5,0,False,100,842,148,2000,34347,32546,201,48,4,0.03481263667345047,0.2744271159172058,220,0.5536881685256958,0.5152684450149536,0.6970618367195129,0.02892303839325905,0.7392004810360745,0.03481263667345047,1.0279163679330479,0,-0.029252821217339665,0.1957023380105984,2 * sqrt(2) * median posterior synergy_sd,0.03577585657634306,0.12102978776227909,2000,0.09573322333554028,0.017112475682349606,0.1308146615725837,0.5203339809735095,1000,0.13663701023501904,0.1805615134839238,0.22763419355102732,0.20967277884483337,0.6620447502853064,0.5952859752859753,0.14230543775947893,404,0.404,0.8267326732673267,0.8268225313209037,"{'0.00': {'n': 1000, 'accuracy': 0.705}, '0.05': {'n': 579, 'accuracy': 0.7823834196891192}, '0.10': {'n': 468, 'accuracy': 0.8183760683760684}, '0.15': {'n': 389, 'accuracy': 0.8329048843187661}, '0.20': {'n': 315, 'accuracy': 0.8698412698412699}, '0.30': {'n': 187, 'accuracy': 0.9144385026737968}}",0.10499439388513565,0.11409559577244839,0.9202317861114979,True,False,0.1,5,421,74,1000,485,2,8.0,16,0,3,9.0,structured,0.01
main,A375,0.1,structured,6,0,False,100,842,148,1898,34347,32546,201,48,4,0.038003306835889816,0.5849369168281555,225,0.52593994140625,0.5285319685935974,0.8423997759819031,0.029568837955594063,0.6274122853101894,0.038003306835889816,1.0497601738322957,0,-0.026082576733966748,0.18002170378299104,2 * sqrt(2) * median posterior synergy_sd,0.033440013122669865,0.11311920848873926,1898,0.08779211724521213,0.014984668792558269,0.12241188174584307,0.5513327127491161,949,0.12561149407313538,0.16891265578687875,0.22561830227374263,0.19782952964305878,0.6890834603558463,0.5817671253937486,0.14230543775947893,357,0.3761854583772392,0.8291316526610645,0.8286252354048964,"{'0.00': {'n': 948, 'accuracy': 0.7046413502109705}, '0.05': {'n': 528, 'accuracy': 0.7821969696969697}, '0.10': {'n': 439, 'accuracy': 0.806378132118451}, '0.15': {'n': 344, 'accuracy': 0.8343023255813954}, '0.20': {'n': 265, 'accuracy': 0.8603773584905661}, '0.30': {'n': 157, 'accuracy': 0.89171974522293}}",0.09892536699771881,0.11280986122194157,0.8769212720073605,True,False,0.1,6,421,74,949,536,3,8.0,18,0,3,8.0,structured,0.01
main,A375,0.1,structured,7,0,False,100,842,148,2006,34347,32546,201,48,4,0.042906925082206726,0.4393499791622162,125,0.5390509963035583,0.5085687637329102,0.5870112776756287,0.06227846443653107,0.8663696645602363,0.042906925082206726,1.30461780337183,0,-0.029193710694774343,0.18322526654610674,2 * sqrt(2) * median posterior synergy_sd,0.03292045973973667,0.11602546072144374,2006,0.09773371400111877,0.018462468835624617,0.13587666773815368,0.4387505613206991,1003,0.13710586499279392,0.18469991585566284,0.22317674314621583,0.20172518491744995,0.6342432937984575,0.5516570264395877,0.14230543775947893,404,0.40279162512462613,0.8044554455445545,0.811972806244492,"{'0.00': {'n': 1003, 'accuracy': 0.6939182452642074}, '0.05': {'n': 600, 'accuracy': 0.755}, '0.10': {'n': 485, 'accuracy': 0.7793814432989691}, '0.15': {'n': 390, 'accuracy': 0.8}, '0.20': {'n': 296, 'accuracy': 0.8277027027027027}, '0.30': {'n': 154, 'accuracy': 0.8766233766233766}}",0.10089191049337387,0.11212848712849663,0.8997883863157281,True,False,0.1,7,421,74,1003,482,3,8.5,14,0,3,9.0,structured,0.01
main,A375,0.1,unrestricted,0,0,False,100,842,148,1696,34224,32423,201,86,1,0.04414165019989014,0.7055619359016418,55,0.5434655547142029,0.5008288621902466,0.60248863697052,0.08280768990516663,0.8312669010797499,0.04414165019989014,1.1704987912903362,0,-0.02935836620546318,0.16413265489980453,2 * sqrt(2) * median posterior synergy_sd,0.029958185384837223,0.10710487150181647,1696,0.08207720548164439,0.013772162995586076,0.11735485927555823,0.5397441553149074,848,0.11288879403230098,0.15495700972619145,0.2200987637388758,0.1798609495162964,0.7176328632851798,0.5779228060304373,0.14230543775947893,289,0.3408018867924528,0.8581314878892734,0.8591671486408328,"{'0.00': {'n': 847, 'accuracy': 0.6753246753246753}, '0.05': {'n': 445, 'accuracy': 0.7775280898876404}, '0.10': {'n': 363, 'accuracy': 0.8154269972451791}, '0.15': {'n': 273, 'accuracy': 0.8571428571428571}, '0.20': {'n': 222, 'accuracy': 0.8963963963963963}, '0.30': {'n': 126, 'accuracy': 0.9285714285714286}}",0.08993061631917953,0.11009523616147858,0.8168438476963413,True,False,0.1,0,421,74,848,637,4,8.0,16,0,4,9.0,unrestricted,0.03
main,A375,0.1,unrestricted,1,0,False,100,842,148,1858,34224,32423,201,86,1,0.04625590518116951,0.36914390325546265,50,0.48718181252479553,0.4460957646369934,0.6443151235580444,0.09275399893522263,0.6923565012311961,0.04625590518116951,1.4418783130869408,0,-0.03516435858788598,0.1877605228186904,2 * sqrt(2) * median posterior synergy_sd,0.03692779816824434,0.12528450094290083,1858,0.08736620447231834,0.015097151215797817,0.12287046518914876,0.5907536820237371,929,0.1185389473355744,0.16094030437901902,0.2252608861678265,0.1907208412885666,0.7129655455242642,0.6391735045876833,0.14230543775947893,359,0.38643702906350913,0.8746518105849582,0.8752081465351608,"{'0.00': {'n': 929, 'accuracy': 0.7158234660925726}, '0.05': {'n': 541, 'accuracy': 0.7985212569316081}, '0.10': {'n': 439, 'accuracy': 0.8382687927107062}, '0.15': {'n': 345, 'accuracy': 0.8869565217391304}, '0.20': {'n': 276, 'accuracy': 0.9057971014492754}, '0.30': {'n': 157, 'accuracy': 0.9363057324840764}}",0.09585244953632355,0.11338714222674628,0.8453555460868951,True,False,0.1,1,421,74,929,556,3,8.0,20,0,3,9.0,unrestricted,0.03
main,A375,0.1,unrestricted,2,0,False,100,842,148,1856,34224,32423,201,86,1,0.034345243126153946,0.3318125307559967,60,0.4735029339790344,0.4518318176269531,0.6076346039772034,0.06870882958173752,0.7435913206218658,0.03839665278792381,1.117961303895523,0,-0.031561750434679334,0.18252105470799018,2 * sqrt(2) * median posterior synergy_sd,0.03328322666787428,0.1167224942581638,1856,0.08786051482545718,0.0159735048215553,0.12638633162472632,0.5190734510712942,928,0.12650054360170804,0.17323158060243377,0.23376891151829587,0.17893189191818237,0.6774980285036235,0.5816817259433865,0.14230543775947893,358,0.3857758620689655,0.8463687150837989,0.8405696202531645,"{'0.00': {'n': 928, 'accuracy': 0.6918103448275862}, '0.05': {'n': 517, 'accuracy': 0.7736943907156673}, '0.10': {'n': 431, 'accuracy': 0.814385150812065}, '0.15': {'n': 343, 'accuracy': 0.8513119533527697}, '0.20': {'n': 274, 'accuracy': 0.8759124087591241}, '0.30': {'n': 169, 'accuracy': 0.9171597633136095}}",0.08987382799386978,0.11739335713708646,0.7655784806368502,True,False,0.1,2,421,74,928,557,3,8.0,15,0,4,9.0,unrestricted,0.03
main,A375,0.1,unrestricted,3,0,False,100,842,148,1998,34224,32423,201,86,1,0.0662582591176033,0.323184609413147,40,0.3957582712173462,0.33921948075294495,0.4951884150505066,0.12304740399122238,0.6850311324798387,0.06638774275779724,1.0019542264152175,0,-0.033189754739904986,0.18919881235169816,2 * sqrt(2) * median posterior synergy_sd,0.029806507039125213,0.11292722529990916,1998,0.09198724080529298,0.01572557331602315,0.12540164797969425,0.46978569104790113,999,0.1287171122947974,0.16974785527124414,0.21202409330184552,0.15844151377677917,0.6146605941823873,0.5835523178489109,0.14230543775947893,389,0.3893893893893894,0.8586118251928021,0.8602953173437755,"{'0.00': {'n': 999, 'accuracy': 0.7077077077077077}, '0.05': {'n': 593, 'accuracy': 0.7858347386172007}, '0.10': {'n': 472, 'accuracy': 0.8241525423728814}, '0.15': {'n': 369, 'accuracy': 0.8644986449864499}, '0.20': {'n': 287, 'accuracy': 0.8989547038327527}, '0.30': {'n': 155, 'accuracy': 0.9032258064516129}}",0.07962039858102798,0.10664749685704299,0.7465754089639457,True,False,0.1,3,421,74,999,486,3,8.0,16,0,4,8.0,unrestricted,0.03
main,A375,0.1,unrestricted,4,0,False,100,842,148,1786,34224,32423,201,86,1,0.045639630407094955,0.3284855782985687,55,0.4956367015838623,0.49475640058517456,0.689136266708374,0.07704997807741165,0.7179369661509102,0.045639630407094955,1.0580387330785672,0,-0.04265420599524941,0.18910720769434242,2 * sqrt(2) * median posterior synergy_sd,0.03802511261439003,0.1328952772871702,1786,0.08838123331822201,0.016318052775595605,0.1277421339088854,0.5702414739927599,893,0.12266189012064356,0.16684265373596963,0.23311662515342554,0.20533551275730133,0.7182108159883207,0.6464143911350443,0.14230543775947893,358,0.4008958566629339,0.8687150837988827,0.8705379746835442,"{'0.00': {'n': 893, 'accuracy': 0.7054871220604704}, '0.05': {'n': 528, 'accuracy': 0.803030303030303}, '0.10': {'n': 422, 'accuracy': 0.8459715639810427}, '0.15': {'n': 347, 'accuracy': 0.8760806916426513}, '0.20': {'n': 271, 'accuracy': 0.9003690036900369}, '0.30': {'n': 164, 'accuracy': 0.9451219512195121}}",0.1026708111166954,0.11668689312202687,0.8798829788820072,True,False,0.1,4,421,74,893,592,2,8.5,16,0,4,9.0,unrestricted,0.03
main,A375,0.1,unrestricted,5,0,False,100,842,148,2000,34224,32423,201,86,1,0.0312841571867466,0.27505141496658325,295,0.5610631704330444,0.5259650945663452,0.6874775886535645,0.02301698923110962,0.7650650773888586,0.039026204496622086,1.2474750163049102,0,-0.029252821217339665,0.1957023380105984,2 * sqrt(2) * median posterior synergy_sd,0.03577585657634306,0.12102978776227909,2000,0.09513011044498011,0.018012605439992925,0.134211048129403,0.49510316893493433,1000,0.1352982060949883,0.18082709826428042,0.22763419355102732,0.2106788009405136,0.6622222272782489,0.5998223998223998,0.14230543775947893,404,0.404,0.8193069306930693,0.8211255795600276,"{'0.00': {'n': 1000, 'accuracy': 0.705}, '0.05': {'n': 579, 'accuracy': 0.7892918825561313}, '0.10': {'n': 468, 'accuracy': 0.8183760683760684}, '0.15': {'n': 389, 'accuracy': 0.8226221079691517}, '0.20': {'n': 315, 'accuracy': 0.8539682539682539}, '0.30': {'n': 187, 'accuracy': 0.9037433155080213}}",0.10552016645669937,0.11409559577244839,0.9248399619837052,True,False,0.1,5,421,74,1000,485,2,8.0,16,0,3,9.0,unrestricted,0.03
main,A375,0.1,unrestricted,6,0,False,100,842,148,1898,34224,32423,201,86,1,0.05949016660451889,0.5301359295845032,50,0.46193233132362366,0.4629233777523041,0.7016998529434204,0.10975094139575958,0.6597170796181293,0.05949016660451889,1.4515240608609958,0,-0.026082576733966748,0.18002170378299104,2 * sqrt(2) * median posterior synergy_sd,0.033440013122669865,0.11311920848873926,1898,0.08679841305263282,0.014832232987885286,0.12178765531812034,0.5558969083218936,949,0.12207100275602169,0.165013302481339,0.22561830227374263,0.19323769211769104,0.6999711838611824,0.5942576813911905,0.14230543775947893,357,0.3761854583772392,0.8571428571428571,0.8567796610169491,"{'0.00': {'n': 948, 'accuracy': 0.7172995780590717}, '0.05': {'n': 528, 'accuracy': 0.8049242424242424}, '0.10': {'n': 439, 'accuracy': 0.8405466970387244}, '0.15': {'n': 344, 'accuracy': 0.8575581395348837}, '0.20': {'n': 265, 'accuracy': 0.8943396226415095}, '0.30': {'n': 157, 'accuracy': 0.9235668789808917}}",0.09665419161319733,0.11280986122194157,0.8567884985075935,True,False,0.1,6,421,74,949,536,3,8.0,18,0,3,8.0,unrestricted,0.03
main,A375,0.1,unrestricted,7,0,False,100,842,148,2006,34224,32423,201,86,1,0.05203374847769737,0.4268169105052948,50,0.4912204146385193,0.48417946696281433,0.5550954937934875,0.10424792021512985,0.8722453566573968,0.05219270661473274,1.0030549045895378,0,-0.029193710694774343,0.18322526654610674,2 * sqrt(2) * median posterior synergy_sd,0.03292045973973667,0.11602546072144374,2006,0.09350402054323274,0.017391027114574947,0.13187504356236227,0.4713218317109501,1003,0.13059073452187384,0.17553297544455843,0.22317674314621583,0.20238810777664185,0.6744291514608858,0.5743641632775173,0.14230543775947893,404,0.40279162512462613,0.8168316831683168,0.8251038650383986,"{'0.00': {'n': 1003, 'accuracy': 0.6849451645064806}, '0.05': {'n': 600, 'accuracy': 0.755}, '0.10': {'n': 485, 'accuracy': 0.7896907216494845}, '0.15': {'n': 390, 'accuracy': 0.8179487179487179}, '0.20': {'n': 296, 'accuracy': 0.8378378378378378}, '0.30': {'n': 154, 'accuracy': 0.8896103896103896}}",0.10129717737436295,0.11212848712849663,0.9034026942526991,True,False,0.1,7,421,74,1003,482,3,8.5,14,0,3,9.0,unrestricted,0.03
main,A375,0.2,additive,0,0,False,100,1684,296,1696,1801,0,201,48,0,0.5211838483810425,0.5323377847671509,110,0.0,0.0,0.0,0.305741548538208,0.0,0.5211873650550842,1.0000067474731857,2,-0.028259953756532064,0.1724454178106681,2 * sqrt(2) * median posterior synergy_sd,0.029972452054940042,0.10650368689654993,1696,0.08639161149719758,0.017516934463022604,0.13235155633018678,0.41459656916957743,848,0.11498377631078147,0.16502675554068505,0.2200987637388758,0.10543760657310486,0.6970159598400388,0.5997218389923358,0.14230543775947893,289,0.3408018867924528,0.8788927335640139,0.8789521881627145,"{'0.00': {'n': 847, 'accuracy': 0.69185360094451}, '0.05': {'n': 445, 'accuracy': 0.8044943820224719}, '0.10': {'n': 363, 'accuracy': 0.8402203856749312}, '0.15': {'n': 273, 'accuracy': 0.8717948717948718}, '0.20': {'n': 222, 'accuracy': 0.9009009009009009}, '0.30': {'n': 126, 'accuracy': 0.9603174603174603}}",0.052723731845617294,0.11009523616147858,0.47889203642096273,False,False,0.2,0,842,148,848,637,9,17.0,30,0,9,17.0,additive null,0.03
main,A375,0.2,additive,1,0,False,100,1684,296,1858,1801,0,201,48,0,0.5062042474746704,0.6353930830955505,35,0.0,0.0,0.0,0.29128342866897583,0.0,0.5062042474746704,1.036372121953108,2,-0.031143089911520185,0.17852821354587406,2 * sqrt(2) * median posterior synergy_sd,0.03699332720827255,0.12328175575391578,1858,0.10054924088869899,0.021500887853554973,0.14663181051039018,0.41716426751555646,929,0.12938424679419838,0.17576250961364465,0.2252608861678265,0.10261251777410507,0.6589756115137857,0.5979719273059051,0.14230543775947893,359,0.38643702906350913,0.8607242339832869,0.857307544511336,"{'0.00': {'n': 929, 'accuracy': 0.7147470398277718}, '0.05': {'n': 541, 'accuracy': 0.7874306839186691}, '0.10': {'n': 439, 'accuracy': 0.8223234624145785}, '0.15': {'n': 345, 'accuracy': 0.8753623188405797}, '0.20': {'n': 276, 'accuracy': 0.9021739130434783}, '0.30': {'n': 157, 'accuracy': 0.9554140127388535}}",0.05200231447815895,0.11338714222674628,0.4586262027326446,False,False,0.2,1,842,148,929,556,7,16.0,33,0,7,17.0,additive null,0.03
main,A375,0.2,additive,2,0,False,100,1684,296,1856,1801,0,201,48,0,0.47764086723327637,0.5869929790496826,85,0.0,0.0,0.0,0.2932896614074707,0.0,0.4776618480682373,1.0000439259627898,2,-0.03102881562945368,0.18265648627294792,2 * sqrt(2) * median posterior synergy_sd,0.03327464376748005,0.1164203629402938,1856,0.09263157553302749,0.01882172853962858,0.13719230495778026,0.4333197972168549,928,0.12935891181694578,0.17917393535708767,0.23376891151829587,0.10669855773448944,0.683071984769928,0.598554055974406,0.14230543775947893,358,0.3857758620689655,0.835195530726257,0.8318987341772152,"{'0.00': {'n': 928, 'accuracy': 0.6885775862068966}, '0.05': {'n': 517, 'accuracy': 0.7736943907156673}, '0.10': {'n': 431, 'accuracy': 0.8190255220417634}, '0.15': {'n': 343, 'accuracy': 0.8454810495626822}, '0.20': {'n': 274, 'accuracy': 0.8795620437956204}, '0.30': {'n': 169, 'accuracy': 0.9230769230769231}}",0.05357125401496887,0.11739335713708646,0.45633973950000317,False,False,0.2,2,842,148,928,557,11,17.0,29,0,11,17.0,additive null,0.03
main,A375,0.2,additive,3,0,False,100,1684,296,1998,1801,0,201,48,0,0.4930998682975769,0.4874136745929718,55,0.0,0.0,0.0,0.2696976959705353,0.0,0.4930998682975769,1.004347134354344,2,-0.03296979083254157,0.17768360131359137,2 * sqrt(2) * median posterior synergy_sd,0.029801210585270233,0.11280964699507227,1998,0.09060218402853285,0.017233003206726907,0.13127453373265854,0.41896014200551157,999,0.1230231291774051,0.16695341766197822,0.21202409330184552,0.09461228549480438,0.6504314713720989,0.6032117087026906,0.14230543775947893,389,0.3893893893893894,0.8586118251928021,0.8567602110186545,"{'0.00': {'n': 999, 'accuracy': 0.7177177177177178}, '0.05': {'n': 593, 'accuracy': 0.8043844856661045}, '0.10': {'n': 472, 'accuracy': 0.8411016949152542}, '0.15': {'n': 369, 'accuracy': 0.8617886178861789}, '0.20': {'n': 287, 'accuracy': 0.8954703832752613}, '0.30': {'n': 155, 'accuracy': 0.9419354838709677}}",0.04792085662484169,0.10664749685704299,0.4493387846606266,False,False,0.2,3,842,148,999,486,8,17.0,26,0,9,17.0,additive null,0.03
main,A375,0.2,additive,4,0,False,100,1684,296,1786,1801,0,201,48,0,0.4845150411128998,0.509351909160614,95,0.0,0.0,0.0,0.32800188660621643,0.0,0.48452454805374146,1.0000196215597763,2,-0.03344435147565321,0.18297258005966854,2 * sqrt(2) * median posterior synergy_sd,0.03824632672172922,0.1285196388357481,1786,0.09787580728706056,0.019997317514411226,0.1414118719005276,0.4733429400384781,893,0.12142936119350424,0.16619625837501803,0.23311662515342554,0.12002153694629669,0.7365699367721996,0.6666228988277756,0.14230543775947893,358,0.4008958566629339,0.8994413407821229,0.9006962025316456,"{'0.00': {'n': 893, 'accuracy': 0.7312430011198209}, '0.05': {'n': 528, 'accuracy': 0.8238636363636364}, '0.10': {'n': 422, 'accuracy': 0.8625592417061612}, '0.15': {'n': 347, 'accuracy': 0.9048991354466859}, '0.20': {'n': 271, 'accuracy': 0.922509225092251}, '0.30': {'n': 164, 'accuracy': 0.9695121951219512}}",0.06001535430550575,0.11668689312202687,0.514328153743402,False,False,0.2,4,842,148,893,592,7,17.0,27,0,9,17.0,additive null,0.03
main,A375,0.2,additive,5,0,False,100,1684,296,2000,1801,0,201,48,0,0.4884365499019623,0.6837428212165833,90,0.0,0.0,0.0,0.31619471311569214,0.0,0.4884871542453766,1.0001036047433889,2,-0.02868450187648456,0.17947748749888764,2 * sqrt(2) * median posterior synergy_sd,0.03578754836882736,0.12075187960460096,2000,0.09641090657552223,0.019428979819968446,0.1393878754410456,0.4554019198050545,1000,0.12610443096435228,0.17017830477400617,0.22763419355102732,0.11265426129102707,0.6931864204862457,0.6442812802812804,0.14230543775947893,404,0.404,0.8589108910891089,0.857033639143731,"{'0.00': {'n': 1000, 'accuracy': 0.721}, '0.05': {'n': 579, 'accuracy': 0.8048359240069085}, '0.10': {'n': 468, 'accuracy': 0.8311965811965812}, '0.15': {'n': 389, 'accuracy': 0.8586118251928021}, '0.20': {'n': 315, 'accuracy': 0.8952380952380953}, '0.30': {'n': 187, 'accuracy': 0.9518716577540107}}",0.05674983188509941,0.11409559577244839,0.49738845308526153,False,False,0.2,5,842,148,1000,485,10,17.0,25,0,10,17.0,additive null,0.03
main,A375,0.2,additive,6,0,False,100,1684,296,1898,1801,0,201,48,0,0.4912566840648651,0.7084939479827881,110,0.0,0.0,0.0,0.31057825684547424,0.0,0.49126461148262024,1.0000161370175964,2,-0.024220407911520192,0.1701535176181261,2 * sqrt(2) * median posterior synergy_sd,0.03346757056467171,0.1121528721201859,1898,0.09324305401166395,0.018590611904125826,0.1363473941963169,0.4433644462331756,949,0.12451581764922484,0.17288405480800242,0.22561830227374263,0.1056496798992157,0.6752447417427634,0.622472324386482,0.14230543775947893,357,0.3761854583772392,0.876750700280112,0.8765536723163843,"{'0.00': {'n': 948, 'accuracy': 0.7341772151898734}, '0.05': {'n': 528, 'accuracy': 0.8106060606060606}, '0.10': {'n': 439, 'accuracy': 0.8428246013667426}, '0.15': {'n': 344, 'accuracy': 0.875}, '0.20': {'n': 265, 'accuracy': 0.9132075471698113}, '0.30': {'n': 157, 'accuracy': 0.9617834394904459}}",0.05284598842263222,0.11280986122194157,0.4684518520828891,False,False,0.2,6,842,148,949,536,6,17.0,26,0,9,17.0,additive null,0.03
main,A375,0.2,additive,7,0,False,100,1684,296,2006,1801,0,201,48,0,0.4905432462692261,0.3799384832382202,85,0.0,0.0,0.0,0.3268968462944031,0.0,0.49064522981643677,1.0002078991974435,2,-0.028209996610451305,0.18182985205089575,2 * sqrt(2) * median posterior synergy_sd,0.03293129589027941,0.11554063986236539,2006,0.09455612874686117,0.018714871185684948,0.136802306945771,0.43107766131182534,1003,0.12093716244297269,0.16514024782942635,0.22317674314621583,0.11885368824005127,0.6982716573091683,0.6176700592213864,0.14230543775947893,404,0.40279162512462613,0.8539603960396039,0.8611733601913634,"{'0.00': {'n': 1003, 'accuracy': 0.7128614157527418}, '0.05': {'n': 600, 'accuracy': 0.7933333333333333}, '0.10': {'n': 485, 'accuracy': 0.8206185567010309}, '0.15': {'n': 390, 'accuracy': 0.8538461538461538}, '0.20': {'n': 296, 'accuracy': 0.8682432432432432}, '0.30': {'n': 154, 'accuracy': 0.9415584415584416}}",0.059439606964588165,0.11212848712849663,0.5301026392737446,False,False,0.2,7,842,148,1003,482,9,16.0,25,0,9,17.0,additive null,0.03
main,A375,0.2,order_insensitive,0,0,False,100,1684,296,1696,34224,32423,201,86,2,0.5152650475502014,0.5480533242225647,40,0.0,0.0,0.5053932666778564,0.0,0.0,0.5272066593170166,1.0231756681800772,2,-0.028259953756532064,0.1724454178106681,2 * sqrt(2) * median posterior synergy_sd,0.029972452054940042,0.10650368689654993,1696,0.08654169686398445,0.01764714689627625,0.13284256432437702,0.41024496270987565,848,0.13519859591981132,0.22019047232295716,0.2200987637388758,0.0,,,0.14230543775947893,289,0.3408018867924528,0.5,0.5,"{'0.00': {'n': 847, 'accuracy': 0.5}, '0.05': {'n': 445, 'accuracy': 0.5}, '0.10': {'n': 363, 'accuracy': 0.5}, '0.15': {'n': 273, 'accuracy': 0.5}, '0.20': {'n': 222, 'accuracy': 0.5}, '0.30': {'n': 126, 'accuracy': 0.5}}",0.0,0.11009523616147858,0.0,False,False,0.2,0,842,148,848,637,9,17.0,30,0,9,17.0,order-insensitive,0.03
main,A375,0.2,order_insensitive,1,0,False,100,1684,296,1858,34224,32423,201,86,2,0.4724310040473938,0.6278439164161682,375,0.0,0.0,1.068983793258667,0.0,0.0,0.48523154854774475,1.0270950559778815,2,-0.031143089911520185,0.17852821354587406,2 * sqrt(2) * median posterior synergy_sd,0.03699332720827255,0.12328175575391578,1858,0.09384730739108486,0.019049827528322218,0.13802111261804195,0.4836064325903532,929,0.14835670026910655,0.22677428445349257,0.2252608861678265,0.0,,,0.14230543775947893,359,0.38643702906350913,0.5,0.5,"{'0.00': {'n': 929, 'accuracy': 0.5}, '0.05': {'n': 541, 'accuracy': 0.5}, '0.10': {'n': 439, 'accuracy': 0.5}, '0.15': {'n': 345, 'accuracy': 0.5}, '0.20': {'n': 276, 'accuracy': 0.5}, '0.30': {'n': 157, 'accuracy': 0.5}}",0.0,0.11338714222674628,0.0,False,False,0.2,1,842,148,929,556,7,16.0,33,0,7,17.0,order-insensitive,0.03
main,A375,0.2,order_insensitive,2,0,False,100,1684,296,1856,34224,32423,201,86,2,0.4243610203266144,0.557625949382782,440,0.0,0.0,1.0131224393844604,0.0,0.0,0.4297596216201782,1.0127217181479315,2,-0.03102881562945368,0.18265648627294792,2 * sqrt(2) * median posterior synergy_sd,0.03327464376748005,0.1164203629402938,1856,0.09654210566285099,0.02007098410010224,0.14167210064124214,0.3957075028493816,928,0.15148584803556037,0.23478671427417291,0.23376891151829587,0.0,,,0.14230543775947893,358,0.3857758620689655,0.5,0.5,"{'0.00': {'n': 928, 'accuracy': 0.5}, '0.05': {'n': 517, 'accuracy': 0.5}, '0.10': {'n': 431, 'accuracy': 0.5}, '0.15': {'n': 343, 'accuracy': 0.5}, '0.20': {'n': 274, 'accuracy': 0.5}, '0.30': {'n': 169, 'accuracy': 0.5}}",0.0,0.11739335713708646,0.0,False,False,0.2,2,842,148,928,557,11,17.0,29,0,11,17.0,order-insensitive,0.03
main,A375,0.2,order_insensitive,3,0,False,100,1684,296,1998,34224,32423,201,86,2,0.4298381209373474,0.4673437178134918,700,0.0,0.0,0.9509721994400024,0.0,0.0,0.4298381209373474,1.0108007226926328,2,-0.03296979083254157,0.17768360131359137,2 * sqrt(2) * median posterior synergy_sd,0.029801210585270233,0.11280964699507227,1998,0.09335217274061167,0.017416508380460896,0.13197161960232548,0.41277295461811336,999,0.1429069186936937,0.21329499371408597,0.21202409330184552,0.0,,,0.14230543775947893,389,0.3893893893893894,0.5,0.5,"{'0.00': {'n': 999, 'accuracy': 0.5}, '0.05': {'n': 593, 'accuracy': 0.5}, '0.10': {'n': 472, 'accuracy': 0.5}, '0.15': {'n': 369, 'accuracy': 0.5}, '0.20': {'n': 287, 'accuracy': 0.5}, '0.30': {'n': 155, 'accuracy': 0.5}}",0.0,0.10664749685704299,0.0,False,False,0.2,3,842,148,999,486,8,17.0,26,0,9,17.0,order-insensitive,0.03
main,A375,0.2,order_insensitive,4,0,False,100,1684,296,1786,34224,32423,201,86,2,0.49198994040489197,0.48826804757118225,35,0.0,0.0,0.6384517550468445,0.0,0.0,0.4925175607204437,1.0010724209424233,2,-0.03344435147565321,0.18297258005966854,2 * sqrt(2) * median posterior synergy_sd,0.03824632672172922,0.1285196388357481,1786,0.09766594186628401,0.019721747995498844,0.1404341411320582,0.4806004450783824,893,0.15261419986002242,0.23337378624405375,0.23311662515342554,0.0,,,0.14230543775947893,358,0.4008958566629339,0.5,0.5,"{'0.00': {'n': 893, 'accuracy': 0.5}, '0.05': {'n': 528, 'accuracy': 0.5}, '0.10': {'n': 422, 'accuracy': 0.5}, '0.15': {'n': 347, 'accuracy': 0.5}, '0.20': {'n': 271, 'accuracy': 0.5}, '0.30': {'n': 164, 'accuracy': 0.5}}",0.0,0.11668689312202687,0.0,False,False,0.2,4,842,148,893,592,7,17.0,27,0,9,17.0,order-insensitive,0.03
main,A375,0.2,order_insensitive,5,0,False,100,1684,296,2000,34224,32423,201,86,2,0.48628318309783936,0.6420514583587646,345,0.0,0.0,0.845309317111969,0.0,0.0,0.48628318309783936,1.0107573440543156,2,-0.02868450187648456,0.17947748749888764,2 * sqrt(2) * median posterior synergy_sd,0.03578754836882736,0.12075187960460096,2000,0.09615061955194008,0.018631059434800607,0.13649563888564575,0.4777677832697025,1000,0.151636287456,0.22819119154489678,0.22763419355102732,0.0,,,0.14230543775947893,404,0.404,0.5,0.5,"{'0.00': {'n': 1000, 'accuracy': 0.5}, '0.05': {'n': 579, 'accuracy': 0.5}, '0.10': {'n': 468, 'accuracy': 0.5}, '0.15': {'n': 389, 'accuracy': 0.5}, '0.20': {'n': 315, 'accuracy': 0.5}, '0.30': {'n': 187, 'accuracy': 0.5}}",0.0,0.11409559577244839,0.0,False,False,0.2,5,842,148,1000,485,10,17.0,25,0,10,17.0,order-insensitive,0.03
main,A375,0.2,order_insensitive,6,0,False,100,1684,296,1898,34224,32423,201,86,2,0.4718540608882904,0.7137824296951294,85,0.0,0.0,0.750345766544342,0.0,0.0,0.473113477230072,1.0026690802224119,2,-0.024220407911520192,0.1701535176181261,2 * sqrt(2) * median posterior synergy_sd,0.03346757056467171,0.1121528721201859,1898,0.09329507860513198,0.0181729465542243,0.13480707160317779,0.4558700799654388,949,0.1458528073667018,0.22561972244388315,0.22561830227374263,0.0,,,0.14230543775947893,357,0.3761854583772392,0.5,0.5,"{'0.00': {'n': 948, 'accuracy': 0.5}, '0.05': {'n': 528, 'accuracy': 0.5}, '0.10': {'n': 439, 'accuracy': 0.5}, '0.15': {'n': 344, 'accuracy': 0.5}, '0.20': {'n': 265, 'accuracy': 0.5}, '0.30': {'n': 157, 'accuracy': 0.5}}",0.0,0.11280986122194157,0.0,False,False,0.2,6,842,148,949,536,6,17.0,26,0,9,17.0,order-insensitive,0.03
main,A375,0.2,order_insensitive,7,0,False,100,1684,296,2006,34224,32423,201,86,2,0.485222727060318,0.42474445700645447,105,0.0,0.0,0.7121565341949463,0.0,0.0,0.512649416923523,1.0565239184680555,2,-0.028209996610451305,0.18182985205089575,2 * sqrt(2) * median posterior synergy_sd,0.03293129589027941,0.11554063986236539,2006,0.09659550599083208,0.01959692079905303,0.13998900242180823,0.4042638123733292,1003,0.147940451555334,0.22425697425699326,0.22317674314621583,0.0,,,0.14230543775947893,404,0.40279162512462613,0.5,0.5,"{'0.00': {'n': 1003, 'accuracy': 0.5}, '0.05': {'n': 600, 'accuracy': 0.5}, '0.10': {'n': 485, 'accuracy': 0.5}, '0.15': {'n': 390, 'accuracy': 0.5}, '0.20': {'n': 296, 'accuracy': 0.5}, '0.30': {'n': 154, 'accuracy': 0.5}}",0.0,0.11212848712849663,0.0,False,False,0.2,7,842,148,1003,482,9,16.0,25,0,9,17.0,order-insensitive,0.03
main,A375,0.2,structured,0,0,False,100,1684,296,1696,34347,32546,201,48,4,0.07608592510223389,0.3970661461353302,240,0.5441924929618835,0.5175412893295288,0.6523167490959167,0.02345781959593296,0.7933895458714175,0.08187492191791534,1.0760849895417977,0,-0.028259953756532064,0.1724454178106681,2 * sqrt(2) * median posterior synergy_sd,0.029972452054940042,0.10650368689654993,1696,0.06990457136276214,0.01011654376450869,0.10058103083836778,0.6619123374360334,848,0.09890962190575318,0.1377776403987408,0.2200987637388758,0.18409450352191925,0.7817886948728262,0.666100664089924,0.14230543775947893,289,0.3408018867924528,0.8823529411764706,0.8804945054945055,"{'0.00': {'n': 847, 'accuracy': 0.7249114521841794}, '0.05': {'n': 445, 'accuracy': 0.8202247191011236}, '0.10': {'n': 363, 'accuracy': 0.8650137741046832}, '0.15': {'n': 273, 'accuracy': 0.8864468864468864}, '0.20': {'n': 222, 'accuracy': 0.918918918918919}, '0.30': {'n': 126, 'accuracy': 0.9603174603174603}}",0.09207634627819061,0.11009523616147858,0.8363336097770901,True,False,0.2,0,842,148,848,637,9,17.0,30,0,9,17.0,structured,0.01
main,A375,0.2,structured,1,0,False,100,1684,296,1858,34347,32546,201,48,4,0.07971707731485367,0.36345505714416504,395,0.5398147702217102,0.532983124256134,0.9790405631065369,0.018710345029830933,0.5443933012999544,0.07971707731485367,1.0175714217646232,0,-0.031143089911520185,0.17852821354587406,2 * sqrt(2) * median posterior synergy_sd,0.03699332720827255,0.12328175575391578,1858,0.0766176366455348,0.012393349325509034,0.11132542084137402,0.6640470439515205,929,0.11213241349259793,0.1493392553347743,0.2252608861678265,0.1931649148464203,0.7556817618845764,0.6586626421415493,0.14230543775947893,359,0.38643702906350913,0.8774373259052924,0.8745516843858077,"{'0.00': {'n': 929, 'accuracy': 0.7395048439181916}, '0.05': {'n': 541, 'accuracy': 0.7948243992606284}, '0.10': {'n': 439, 'accuracy': 0.8405466970387244}, '0.15': {'n': 345, 'accuracy': 0.8782608695652174}, '0.20': {'n': 276, 'accuracy': 0.9094202898550725}, '0.30': {'n': 157, 'accuracy': 0.9554140127388535}}",0.09726181626319885,0.11338714222674628,0.8577852334323696,True,False,0.2,1,842,148,929,556,7,16.0,33,0,7,17.0,structured,0.01
main,A375,0.2,structured,2,0,False,100,1684,296,1856,34347,32546,201,48,4,0.08457296341657639,0.3570074737071991,170,0.4922952651977539,0.515828013420105,0.6625849604606628,0.04023769870400429,0.7785084844990672,0.08457296341657639,1.4747283098184318,0,-0.03102881562945368,0.18265648627294792,2 * sqrt(2) * median posterior synergy_sd,0.03327464376748005,0.1164203629402938,1856,0.07373499835819443,0.011752859200885422,0.10841060465141508,0.6461476627283813,928,0.10996814885380986,0.1536948231554352,0.23376891151829587,0.19797293841838837,0.7588221276571376,0.696461952878212,0.14230543775947893,358,0.3857758620689655,0.9050279329608939,0.9037025316455696,"{'0.00': {'n': 928, 'accuracy': 0.728448275862069}, '0.05': {'n': 517, 'accuracy': 0.8433268858800773}, '0.10': {'n': 431, 'accuracy': 0.8747099767981439}, '0.15': {'n': 343, 'accuracy': 0.9096209912536443}, '0.20': {'n': 274, 'accuracy': 0.9306569343065694}, '0.30': {'n': 169, 'accuracy': 0.9467455621301775}}",0.0993800237774849,0.11739335713708646,0.8465557694327931,True,False,0.2,2,842,148,928,557,11,17.0,29,0,11,17.0,structured,0.01
main,A375,0.2,structured,3,0,False,100,1684,296,1998,34347,32546,201,48,4,0.0819181352853775,0.32344529032707214,240,0.49946480989456177,0.48386549949645996,0.6634901762008667,0.02177533507347107,0.7292730425446017,0.08868153393268585,1.082562897992572,0,-0.03296979083254157,0.17768360131359137,2 * sqrt(2) * median posterior synergy_sd,0.029801210585270233,0.11280964699507227,1998,0.07499132676427625,0.01138492471763161,0.10670016268793413,0.6161380020733467,999,0.11218740149845391,0.15144348200122892,0.21202409330184552,0.17468032240867615,0.7093384385533359,0.6261091552474317,0.14230543775947893,389,0.3893893893893894,0.8766066838046273,0.8704111600587372,"{'0.00': {'n': 999, 'accuracy': 0.7037037037037037}, '0.05': {'n': 593, 'accuracy': 0.7959527824620574}, '0.10': {'n': 472, 'accuracy': 0.8453389830508474}, '0.15': {'n': 369, 'accuracy': 0.8780487804878049}, '0.20': {'n': 287, 'accuracy': 0.9163763066202091}, '0.30': {'n': 155, 'accuracy': 0.9548387096774194}}",0.0883379653096199,0.10664749685704299,0.8283172874468274,True,False,0.2,3,842,148,999,486,8,17.0,26,0,9,17.0,structured,0.01
main,A375,0.2,structured,4,0,False,100,1684,296,1786,34347,32546,201,48,4,0.07080800831317902,0.3092067539691925,250,0.5384816527366638,0.555867612361908,0.8218356370925903,0.027286892756819725,0.6763732153650601,0.0728813111782074,1.0292806267881212,0,-0.03344435147565321,0.18297258005966854,2 * sqrt(2) * median posterior synergy_sd,0.03824632672172922,0.1285196388357481,1786,0.07438947832438142,0.011048732192816532,0.10511294969135122,0.7090163313765687,893,0.10772969649117947,0.14697897635080023,0.23311662515342554,0.2104005366563797,0.7858710290010511,0.7086022946233198,0.14230543775947893,358,0.4008958566629339,0.8938547486033519,0.8963607594936709,"{'0.00': {'n': 893, 'accuracy': 0.7334826427771557}, '0.05': {'n': 528, 'accuracy': 0.8314393939393939}, '0.10': {'n': 422, 'accuracy': 0.8696682464454977}, '0.15': {'n': 347, 'accuracy': 0.8962536023054755}, '0.20': {'n': 271, 'accuracy': 0.922509225092251}, '0.30': {'n': 164, 'accuracy': 0.9817073170731707}}",0.10520463436841965,0.11668689312202687,0.9015976992240293,True,False,0.2,4,842,148,893,592,7,17.0,27,0,9,17.0,structured,0.01
main,A375,0.2,structured,5,0,False,100,1684,296,2000,34347,32546,201,48,4,0.08026676625013351,0.3142750859260559,160,0.5233924388885498,0.4942547082901001,0.7628369331359863,0.03937686234712601,0.6479165950424588,0.08236569166183472,1.0261493705272786,0,-0.02868450187648456,0.17947748749888764,2 * sqrt(2) * median posterior synergy_sd,0.03578754836882736,0.12075187960460096,2000,0.07644246688300198,0.01179362636513827,0.1085984639170291,0.6694223610037582,1000,0.11412870087473106,0.15565661720212154,0.22763419355102732,0.18742473423480988,0.7349988585188023,0.6748473508473509,0.14230543775947893,404,0.404,0.8861386138613861,0.8846305613100522,"{'0.00': {'n': 1000, 'accuracy': 0.729}, '0.05': {'n': 579, 'accuracy': 0.8307426597582038}, '0.10': {'n': 468, 'accuracy': 0.8696581196581197}, '0.15': {'n': 389, 'accuracy': 0.8920308483290489}, '0.20': {'n': 315, 'accuracy': 0.9142857142857143}, '0.30': {'n': 187, 'accuracy': 0.9518716577540107}}",0.09405592083930969,0.11409559577244839,0.8243606617988506,True,False,0.2,5,842,148,1000,485,10,17.0,25,0,10,17.0,structured,0.01
main,A375,0.2,structured,6,0,False,100,1684,296,1898,34347,32546,201,48,4,0.0916915312409401,0.3896513879299164,140,0.5001233816146851,0.49644750356674194,0.738579273223877,0.051363784819841385,0.6721654960607859,0.0916915312409401,1.1045423846251539,0,-0.024220407911520192,0.1701535176181261,2 * sqrt(2) * median posterior synergy_sd,0.03346757056467171,0.1121528721201859,1898,0.07497703935099732,0.011291121348591802,0.10625968825755044,0.6619240067548843,949,0.11340215292559806,0.15413177829924987,0.22561830227374263,0.18142466247081757,0.7337330655497927,0.6513455799400328,0.14230543775947893,357,0.3761854583772392,0.8711484593837535,0.8711393596986817,"{'0.00': {'n': 948, 'accuracy': 0.739451476793249}, '0.05': {'n': 528, 'accuracy': 0.8049242424242424}, '0.10': {'n': 439, 'accuracy': 0.8519362186788155}, '0.15': {'n': 344, 'accuracy': 0.872093023255814}, '0.20': {'n': 265, 'accuracy': 0.9056603773584906}, '0.30': {'n': 157, 'accuracy': 0.9490445859872612}}",0.09071558713912964,0.11280986122194157,0.8041458978542331,True,False,0.2,6,842,148,949,536,6,17.0,26,0,9,17.0,structured,0.01
main,A375,0.2,structured,7,0,False,100,1684,296,2006,34347,32546,201,48,4,0.07559307664632797,0.26032954454421997,165,0.544192910194397,0.5305273532867432,0.6760144829750061,0.04122697189450264,0.7847869633679994,0.07559307664632797,1.077867592425172,0,-0.028209996610451305,0.18182985205089575,2 * sqrt(2) * median posterior synergy_sd,0.03293129589027941,0.11554063986236539,2006,0.07718119127661054,0.012445437699350153,0.11155912199076395,0.6216651746271089,1003,0.11190165721533694,0.15351316594689102,0.22317674314621583,0.20262371003627777,0.7467165987605162,0.6582193800781495,0.14230543775947893,404,0.40279162512462613,0.8638613861386139,0.8680221578748584,"{'0.00': {'n': 1003, 'accuracy': 0.7268195413758723}, '0.05': {'n': 600, 'accuracy': 0.805}, '0.10': {'n': 485, 'accuracy': 0.8371134020618557}, '0.15': {'n': 390, 'accuracy': 0.8615384615384616}, '0.20': {'n': 296, 'accuracy': 0.8851351351351351}, '0.30': {'n': 154, 'accuracy': 0.922077922077922}}",0.10136571526527405,0.11212848712849663,0.9040139384839047,True,False,0.2,7,842,148,1003,482,9,16.0,25,0,9,17.0,structured,0.01
main,A375,0.2,unrestricted,0,0,False,100,1684,296,1696,34224,32423,201,86,1,0.10831344127655029,0.3814602792263031,60,0.48292529582977295,0.4672086536884308,0.5896466970443726,0.06793825328350067,0.7923535500670701,0.10831344127655029,1.2411282996960693,0,-0.028259953756532064,0.1724454178106681,2 * sqrt(2) * median posterior synergy_sd,0.029972452054940042,0.10650368689654993,1696,0.0675498823722477,0.009523213137134825,0.09758695167456982,0.6817410229640086,848,0.09361070310422911,0.13290854823015835,0.2200987637388758,0.1748921424150467,0.7971230670527634,0.6911981656707062,0.14230543775947893,289,0.3408018867924528,0.903114186851211,0.9019423558897243,"{'0.00': {'n': 847, 'accuracy': 0.730814639905549}, '0.05': {'n': 445, 'accuracy': 0.8337078651685393}, '0.10': {'n': 363, 'accuracy': 0.8705234159779615}, '0.15': {'n': 273, 'accuracy': 0.9010989010989011}, '0.20': {'n': 222, 'accuracy': 0.9369369369369369}, '0.30': {'n': 126, 'accuracy': 0.9761904761904762}}",0.08748027682304382,0.11009523616147858,0.7945873034391333,True,False,0.2,0,842,148,848,637,9,17.0,30,0,9,17.0,unrestricted,0.03
main,A375,0.2,unrestricted,1,0,False,100,1684,296,1858,34224,32423,201,86,1,0.08247311413288116,0.3508067727088928,110,0.52511066198349,0.525611400604248,0.7180758118629456,0.02566828764975071,0.7319720173286773,0.16904334723949432,2.0496782377725022,0,-0.031143089911520185,0.17852821354587406,2 * sqrt(2) * median posterior synergy_sd,0.03699332720827255,0.12328175575391578,1858,0.07469575646383635,0.011577569916896121,0.10759911671057584,0.6861608000160645,929,0.11131588294400342,0.14953068429120958,0.2252608861678265,0.19186870753765106,0.7543642946591343,0.6695616227096008,0.14230543775947893,359,0.38643702906350913,0.8913649025069638,0.8904348661457666,"{'0.00': {'n': 929, 'accuracy': 0.7438105489773951}, '0.05': {'n': 541, 'accuracy': 0.8040665434380776}, '0.10': {'n': 439, 'accuracy': 0.8587699316628702}, '0.15': {'n': 345, 'accuracy': 0.8956521739130435}, '0.20': {'n': 276, 'accuracy': 0.927536231884058}, '0.30': {'n': 157, 'accuracy': 0.9872611464968153}}",0.09660820662975311,0.11338714222674628,0.8520208264580877,True,False,0.2,1,842,148,929,556,7,16.0,33,0,7,17.0,unrestricted,0.03
main,A375,0.2,unrestricted,2,0,False,100,1684,296,1856,34224,32423,201,86,1,0.07815590500831604,0.34091779589653015,160,0.5010392665863037,0.4947276711463928,0.6783512234687805,0.025373848155140877,0.7293090275809925,0.10124345868825912,1.2954038300431234,0,-0.03102881562945368,0.18265648627294792,2 * sqrt(2) * median posterior synergy_sd,0.03327464376748005,0.1164203629402938,1856,0.07150767897154063,0.011135168357996224,0.10552330717901247,0.6647449542241521,928,0.10631650072342591,0.1478195172551452,0.23376891151829587,0.18510213494300842,0.775944914430702,0.7082851187822748,0.14230543775947893,358,0.3857758620689655,0.8994413407821229,0.8967088607594937,"{'0.00': {'n': 928, 'accuracy': 0.7467672413793104}, '0.05': {'n': 517, 'accuracy': 0.8568665377176016}, '0.10': {'n': 431, 'accuracy': 0.8839907192575406}, '0.15': {'n': 343, 'accuracy': 0.9008746355685131}, '0.20': {'n': 274, 'accuracy': 0.927007299270073}, '0.30': {'n': 169, 'accuracy': 0.9585798816568047}}",0.09275352209806442,0.11739335713708646,0.790108779236556,True,False,0.2,2,842,148,928,557,11,17.0,29,0,11,17.0,unrestricted,0.03
main,A375,0.2,unrestricted,3,0,False,100,1684,296,1998,34224,32423,201,86,1,0.11587699502706528,0.30167821049690247,55,0.43254175782203674,0.43471893668174744,0.6187956929206848,0.07713734358549118,0.7025241798789771,0.11587699502706528,1.1958305256142407,0,-0.03296979083254157,0.17768360131359137,2 * sqrt(2) * median posterior synergy_sd,0.029801210585270233,0.11280964699507227,1998,0.07388517159768847,0.010946071428764243,0.10462347455884001,0.6309346831616653,999,0.10575038649961975,0.14215046657688546,0.21202409330184552,0.16732721030712128,0.7437698578005112,0.6633734255297381,0.14230543775947893,389,0.3893893893893894,0.8817480719794345,0.8757002229836297,"{'0.00': {'n': 999, 'accuracy': 0.7277277277277278}, '0.05': {'n': 593, 'accuracy': 0.8195615514333895}, '0.10': {'n': 472, 'accuracy': 0.8622881355932204}, '0.15': {'n': 369, 'accuracy': 0.8861788617886179}, '0.20': {'n': 287, 'accuracy': 0.9233449477351916}, '0.30': {'n': 155, 'accuracy': 0.9548387096774194}}",0.08487340807914734,0.10664749685704299,0.7958312251146128,True,False,0.2,3,842,148,999,486,8,17.0,26,0,9,17.0,unrestricted,0.03
main,A375,0.2,unrestricted,4,0,False,100,1684,296,1786,34224,32423,201,86,1,0.07654939591884613,0.29612258076667786,245,0.5341843366622925,0.5594437718391418,0.8206316232681274,0.024944817647337914,0.6817233896144325,0.083778515458107,1.0944373166174273,0,-0.03344435147565321,0.18297258005966854,2 * sqrt(2) * median posterior synergy_sd,0.03824632672172922,0.1285196388357481,1786,0.0757934495511422,0.01184247670381869,0.10882314415517817,0.6881119700679215,893,0.10911462435806542,0.15231295596109318,0.23311662515342554,0.2094922661781311,0.7684298776634799,0.7052281380066016,0.14230543775947893,358,0.4008958566629339,0.8798882681564246,0.8798734177215191,"{'0.00': {'n': 893, 'accuracy': 0.7301231802911534}, '0.05': {'n': 528, 'accuracy': 0.8409090909090909}, '0.10': {'n': 422, 'accuracy': 0.8554502369668247}, '0.15': {'n': 347, 'accuracy': 0.8789625360230547}, '0.20': {'n': 271, 'accuracy': 0.9114391143911439}, '0.30': {'n': 164, 'accuracy': 0.9573170731707317}}",0.10479113459587097,0.11668689312202687,0.8980540298239345,True,False,0.2,4,842,148,893,592,7,17.0,27,0,9,17.0,unrestricted,0.03
main,A375,0.2,unrestricted,5,0,False,100,1684,296,2000,34224,32423,201,86,1,0.12410232424736023,0.29747429490089417,55,0.4643116891384125,0.45483505725860596,0.6961947083473206,0.0851040631532669,0.6533158781662212,0.16208910942077637,1.3060924555909286,0,-0.02868450187648456,0.17947748749888764,2 * sqrt(2) * median posterior synergy_sd,0.03578754836882736,0.12075187960460096,2000,0.07423415638142689,0.010999266753777352,0.10487738914454989,0.6916884152865951,1000,0.10774788231299155,0.14547209843332495,0.22763419355102732,0.18215292692184448,0.7697624985041415,0.7037482757482758,0.14230543775947893,404,0.404,0.8935643564356436,0.8926950774390845,"{'0.00': {'n': 1000, 'accuracy': 0.74}, '0.05': {'n': 579, 'accuracy': 0.8307426597582038}, '0.10': {'n': 468, 'accuracy': 0.8739316239316239}, '0.15': {'n': 389, 'accuracy': 0.8946015424164524}, '0.20': {'n': 315, 'accuracy': 0.9238095238095239}, '0.30': {'n': 187, 'accuracy': 0.9732620320855615}}",0.09145021438598633,0.11409559577244839,0.8015227386022342,True,False,0.2,5,842,148,1000,485,10,17.0,25,0,10,17.0,unrestricted,0.03
main,A375,0.2,unrestricted,6,0,False,100,1684,296,1898,34224,32423,201,86,1,0.0575060173869133,0.4014439880847931,205,0.5159105658531189,0.5396961569786072,0.7710991501808167,0.020230131223797798,0.6999050081329394,0.1063537672162056,1.8494371902097437,0,-0.024220407911520192,0.1701535176181261,2 * sqrt(2) * median posterior synergy_sd,0.03346757056467171,0.1121528721201859,1898,0.07581245715522704,0.011366880252504343,0.10661557227958936,0.6596556521870195,949,0.10747108713745931,0.14705911750753245,0.22561830227374263,0.1878819465637207,0.7617163071245603,0.6753029697798938,0.14230543775947893,357,0.3761854583772392,0.8879551820728291,0.8879472693032016,"{'0.00': {'n': 948, 'accuracy': 0.7267932489451476}, '0.05': {'n': 528, 'accuracy': 0.8087121212121212}, '0.10': {'n': 439, 'accuracy': 0.8587699316628702}, '0.15': {'n': 344, 'accuracy': 0.8924418604651163}, '0.20': {'n': 265, 'accuracy': 0.9358490566037736}, '0.30': {'n': 157, 'accuracy': 0.9617834394904459}}",0.09394099563360214,0.11280986122194157,0.8327374452556331,True,False,0.2,6,842,148,949,536,6,17.0,26,0,9,17.0,unrestricted,0.03
main,A375,0.2,unrestricted,7,0,False,100,1684,296,2006,34224,32423,201,86,1,0.11638011783361435,0.21992763876914978,45,0.44839635491371155,0.43711239099502563,0.5909188389778137,0.1279372274875641,0.7397164587799463,0.16390255093574524,1.4083380734334063,0,-0.028209996610451305,0.18182985205089575,2 * sqrt(2) * median posterior synergy_sd,0.03293129589027941,0.11554063986236539,2006,0.076419971938271,0.012099173190708959,0.10999624171174649,0.632191435380191,1003,0.10920503166488026,0.14938694114990006,0.22317674314621583,0.18911154568195343,0.7529471751445225,0.6602547250059826,0.14230543775947893,404,0.40279162512462613,0.8688118811881188,0.8747702379453607,"{'0.00': {'n': 1003, 'accuracy': 0.7248255234297108}, '0.05': {'n': 600, 'accuracy': 0.8233333333333334}, '0.10': {'n': 485, 'accuracy': 0.8515463917525773}, '0.15': {'n': 390, 'accuracy': 0.8666666666666667}, '0.20': {'n': 296, 'accuracy': 0.8918918918918919}, '0.30': {'n': 154, 'accuracy': 0.9545454545454546}}",0.09458376467227936,0.11212848712849663,0.8435301955326354,True,False,0.2,7,842,148,1003,482,9,16.0,25,0,9,17.0,unrestricted,0.03
main,A375,0.4,additive,0,0,False,100,3366,594,1696,1801,0,201,48,0,0.5206792950630188,0.5677297115325928,95,0.0,0.0,0.0,0.29320037364959717,0.0,0.520738959312439,1.0001145892490557,2,-0.028090107136660724,0.17538491429058034,2 * sqrt(2) * median posterior synergy_sd,0.029974873508001976,0.10641113471242601,1696,0.08532670321141313,0.01712233973472322,0.13085235853710556,0.42778364298216043,848,0.11267937931384957,0.16471132060337051,0.2200987637388758,0.10277654230594635,0.7047286243805211,0.6188751819975719,0.14230543775947893,289,0.3408018867924528,0.8823529411764706,0.8832658569500675,"{'0.00': {'n': 847, 'accuracy': 0.6953955135773318}, '0.05': {'n': 445, 'accuracy': 0.8089887640449438}, '0.10': {'n': 363, 'accuracy': 0.837465564738292}, '0.15': {'n': 273, 'accuracy': 0.8754578754578755}, '0.20': {'n': 222, 'accuracy': 0.9144144144144144}, '0.30': {'n': 126, 'accuracy': 0.9682539682539683}}",0.05142292007803917,0.11009523616147858,0.467076704414497,False,False,0.4,0,1683,297,848,637,22,33.0,52,0,22,33.0,additive null,0.03
main,A375,0.4,additive,1,0,False,100,3366,594,1858,1801,0,201,48,0,0.5128300189971924,0.5814285278320312,75,0.0,0.0,0.0,0.30699336528778076,0.0,0.5128300189971924,1.00063279074909,2,-0.03424886740582294,0.177545009964686,2 * sqrt(2) * median posterior synergy_sd,0.0369398733467773,0.12482587575964227,1858,0.09521301895797134,0.019479008329856034,0.13956721796272947,0.47197240572904553,929,0.12386054561995272,0.1680910560912443,0.2252608861678265,0.10770024359226227,0.7043053034064714,0.621108566389398,0.14230543775947893,359,0.38643702906350913,0.8551532033426184,0.8535769181503778,"{'0.00': {'n': 929, 'accuracy': 0.7072120559741658}, '0.05': {'n': 541, 'accuracy': 0.7800369685767098}, '0.10': {'n': 439, 'accuracy': 0.8200455580865603}, '0.15': {'n': 345, 'accuracy': 0.8666666666666667}, '0.20': {'n': 276, 'accuracy': 0.8913043478260869}, '0.30': {'n': 157, 'accuracy': 0.9681528662420382}}",0.05450513958930969,0.11338714222674628,0.4806994736697118,False,False,0.4,1,1683,297,929,556,24,34.0,45,0,24,34.0,additive null,0.03
main,A375,0.4,additive,2,0,False,100,3366,594,1856,1801,0,201,48,0,0.4903946816921234,0.5197699666023254,85,0.0,0.0,0.0,0.3043438792228699,0.0,0.4903946816921234,1.000052449086705,2,-0.036280971295900175,0.18293339690743488,2 * sqrt(2) * median posterior synergy_sd,0.03338401567275748,0.11941760468126594,1856,0.0895552463336746,0.017714208707715146,0.13309473583773004,0.4666647454033962,928,0.12626250157327285,0.17449564378583787,0.23376891151829587,0.11071843653917313,0.7062250617299636,0.6242538531699798,0.14230543775947893,358,0.3857758620689655,0.8631284916201117,0.8615506329113924,"{'0.00': {'n': 928, 'accuracy': 0.7241379310344828}, '0.05': {'n': 517, 'accuracy': 0.8065764023210832}, '0.10': {'n': 431, 'accuracy': 0.8352668213457076}, '0.15': {'n': 343, 'accuracy': 0.8688046647230321}, '0.20': {'n': 274, 'accuracy': 0.9087591240875912}, '0.30': {'n': 169, 'accuracy': 0.9526627218934911}}",0.055674657225608826,0.11739335713708646,0.4742573053822336,False,False,0.4,2,1683,297,928,557,23,33.0,45,0,23,33.0,additive null,0.03
main,A375,0.4,additive,3,0,False,100,3366,594,1998,1801,0,201,48,0,0.5056391954421997,0.5332486629486084,65,0.0,0.0,0.0,0.2723385989665985,0.0,0.5056391954421997,1.0003214436143564,2,-0.033119607071301245,0.1813965202053738,2 * sqrt(2) * median posterior synergy_sd,0.029804807462353103,0.1128897289485234,1998,0.08969976780618497,0.016766670230360256,0.12948617775793778,0.43468334724813906,999,0.1202669691943915,0.16325383699489954,0.21202409330184552,0.09807749092578888,0.6744314827309379,0.6080109889448566,0.14230543775947893,389,0.3893893893893894,0.8457583547557841,0.8448632185783433,"{'0.00': {'n': 999, 'accuracy': 0.7157157157157157}, '0.05': {'n': 593, 'accuracy': 0.7892074198988196}, '0.10': {'n': 472, 'accuracy': 0.8177966101694916}, '0.15': {'n': 369, 'accuracy': 0.8509485094850948}, '0.20': {'n': 287, 'accuracy': 0.8815331010452961}, '0.30': {'n': 155, 'accuracy': 0.9483870967741935}}",0.04940127208828926,0.10664749685704299,0.4632201743516759,False,False,0.4,3,1683,297,999,486,24,33.5,44,0,24,33.0,additive null,0.03
main,A375,0.4,additive,4,0,False,100,3366,594,1786,1801,0,201,48,0,0.5142073631286621,0.5789148211479187,85,0.0,0.0,0.0,0.31753209233283997,0.0,0.5142073631286621,1.0000205174786314,2,-0.030435392057635176,0.1780848287402359,2 * sqrt(2) * median posterior synergy_sd,0.03835536568651404,0.1271252628927078,1786,0.09623029049636607,0.019821837513184098,0.14079004763542094,0.47796444897144985,893,0.12131769259859171,0.16774265289324738,0.23311662515342554,0.11309461295604706,0.7416796683856909,0.6789476852211185,0.14230543775947893,358,0.4008958566629339,0.88268156424581,0.8863607594936709,"{'0.00': {'n': 893, 'accuracy': 0.7334826427771557}, '0.05': {'n': 528, 'accuracy': 0.8238636363636364}, '0.10': {'n': 422, 'accuracy': 0.8554502369668247}, '0.15': {'n': 347, 'accuracy': 0.8933717579250721}, '0.20': {'n': 271, 'accuracy': 0.9077490774907749}, '0.30': {'n': 164, 'accuracy': 0.9695121951219512}}",0.056547652930021286,0.11668689312202687,0.4846101512951058,False,False,0.4,4,1683,297,893,592,24,33.0,49,0,25,33.0,additive null,0.03
main,A375,0.4,additive,5,0,False,100,3366,594,2000,1801,0,201,48,0,0.5246984362602234,0.6145774126052856,90,0.0,0.0,0.0,0.3023039996623993,0.0,0.5248094797134399,1.0002116329029072,2,-0.03174565153327392,0.18228006432740557,2 * sqrt(2) * median posterior synergy_sd,0.03573220356340463,0.12225646585490403,2000,0.09485616796807499,0.0188990524081659,0.13747382444729578,0.4702558881443356,1000,0.12405995695552469,0.1691807081813576,0.22763419355102732,0.1097337007522583,0.7059774929157497,0.6667680187680188,0.14230543775947893,404,0.404,0.8539603960396039,0.8528410772417876,"{'0.00': {'n': 1000, 'accuracy': 0.728}, '0.05': {'n': 579, 'accuracy': 0.8065630397236615}, '0.10': {'n': 468, 'accuracy': 0.8290598290598291}, '0.15': {'n': 389, 'accuracy': 0.8534704370179949}, '0.20': {'n': 315, 'accuracy': 0.8952380952380953}, '0.30': {'n': 187, 'accuracy': 0.946524064171123}}",0.05510399118065834,0.11409559577244839,0.482963350229201,False,False,0.4,5,1683,297,1000,485,25,34.0,47,0,25,34.0,additive null,0.03
main,A375,0.4,additive,6,0,False,100,3366,594,1898,1801,0,201,48,0,0.4908934235572815,0.5871674418449402,95,0.0,0.0,0.0,0.31287863850593567,0.0,0.49113914370536804,1.0005005570176637,2,-0.033411501889185985,0.17875951139702853,2 * sqrt(2) * median posterior synergy_sd,0.03339891632567544,0.11699378388770086,1898,0.09181744956011988,0.018026075632697203,0.13426122162671247,0.4602676531684132,949,0.12124635257125131,0.16689578178478673,0.22561830227374263,0.1117648333311081,0.7053031472916362,0.6407119244002418,0.14230543775947893,357,0.3761854583772392,0.8571428571428571,0.8570150659133711,"{'0.00': {'n': 948, 'accuracy': 0.729957805907173}, '0.05': {'n': 528, 'accuracy': 0.8125}, '0.10': {'n': 439, 'accuracy': 0.8382687927107062}, '0.15': {'n': 344, 'accuracy': 0.8546511627906976}, '0.20': {'n': 265, 'accuracy': 0.8981132075471698}, '0.30': {'n': 157, 'accuracy': 0.9554140127388535}}",0.05593003332614899,0.11280986122194157,0.4957902857101518,False,False,0.4,6,1683,297,949,536,21,33.5,46,0,21,33.0,additive null,0.03
main,A375,0.4,additive,7,0,False,100,3366,594,2006,1801,0,201,48,0,0.5038265585899353,0.5630089640617371,80,0.0,0.0,0.0,0.3098750114440918,0.0,0.5039032101631165,1.0001521388102201,2,-0.0293428773392751,0.17842982752032327,2 * sqrt(2) * median posterior synergy_sd,0.032918985575295455,0.11609922608103733,2006,0.0924566894923439,0.018210122436864366,0.13494488666438742,0.4464217604391859,1003,0.12041672812606918,0.1648665961719635,0.22317674314621583,0.11036114394664764,0.7111534526783829,0.6321990561464449,0.14230543775947893,404,0.40279162512462613,0.8613861386138614,0.8658944983003902,"{'0.00': {'n': 1003, 'accuracy': 0.7258225324027916}, '0.05': {'n': 600, 'accuracy': 0.8033333333333333}, '0.10': {'n': 485, 'accuracy': 0.8288659793814434}, '0.15': {'n': 390, 'accuracy': 0.8589743589743589}, '0.20': {'n': 296, 'accuracy': 0.8918918918918919}, '0.30': {'n': 154, 'accuracy': 0.9675324675324676}}",0.05529094487428665,0.11212848712849663,0.49310345916755766,False,False,0.4,7,1683,297,1003,482,21,34.0,44,0,21,34.0,additive null,0.03
main,A375,0.4,order_insensitive,0,0,False,100,3366,594,1696,34224,32423,201,86,2,0.503719687461853,0.6166772246360779,345,0.0,0.0,0.9254500865936279,0.0,0.0,0.503719687461853,1.0003387723137558,2,-0.028090107136660724,0.17538491429058034,2 * sqrt(2) * median posterior synergy_sd,0.029974873508001976,0.10641113471242601,1696,0.0865516692906108,0.017472035315893576,0.13218182672324352,0.41609706657830947,848,0.13519859591981132,0.22019047232295716,0.2200987637388758,0.0,,,0.14230543775947893,289,0.3408018867924528,0.5,0.5,"{'0.00': {'n': 847, 'accuracy': 0.5}, '0.05': {'n': 445, 'accuracy': 0.5}, '0.10': {'n': 363, 'accuracy': 0.5}, '0.15': {'n': 273, 'accuracy': 0.5}, '0.20': {'n': 222, 'accuracy': 0.5}, '0.30': {'n': 126, 'accuracy': 0.5}}",0.0,0.11009523616147858,0.0,False,False,0.4,0,1683,297,848,637,22,33.0,52,0,22,33.0,order-insensitive,0.03
main,A375,0.4,order_insensitive,1,0,False,100,3366,594,1858,34224,32423,201,86,2,0.5074602365493774,0.5923392176628113,410,0.0,0.0,1.0244770050048828,0.0,0.0,0.5074602365493774,1.0004488863036798,2,-0.03424886740582294,0.177545009964686,2 * sqrt(2) * median posterior synergy_sd,0.0369398733467773,0.12482587575964227,1858,0.09029662050683304,0.017753812305790425,0.13324343250528495,0.518738190249859,929,0.14835670026910655,0.22677428445349257,0.2252608861678265,0.0,,,0.14230543775947893,359,0.38643702906350913,0.5,0.5,"{'0.00': {'n': 929, 'accuracy': 0.5}, '0.05': {'n': 541, 'accuracy': 0.5}, '0.10': {'n': 439, 'accuracy': 0.5}, '0.15': {'n': 345, 'accuracy': 0.5}, '0.20': {'n': 276, 'accuracy': 0.5}, '0.30': {'n': 157, 'accuracy': 0.5}}",0.0,0.11338714222674628,0.0,False,False,0.4,1,1683,297,929,556,24,34.0,45,0,24,34.0,order-insensitive,0.03
main,A375,0.4,order_insensitive,2,0,False,100,3366,594,1856,34224,32423,201,86,2,0.4682718813419342,0.48152196407318115,1320,0.0,0.0,1.0187387466430664,0.0,0.0,0.46860647201538086,1.0007145222397036,2,-0.036280971295900175,0.18293339690743488,2 * sqrt(2) * median posterior synergy_sd,0.03338401567275748,0.11941760468126594,1856,0.09176500984641958,0.018543997312104078,0.1361763463752207,0.44168166408797827,928,0.15148584803556037,0.23478671427417291,0.23376891151829587,0.0,,,0.14230543775947893,358,0.3857758620689655,0.5,0.5,"{'0.00': {'n': 928, 'accuracy': 0.5}, '0.05': {'n': 517, 'accuracy': 0.5}, '0.10': {'n': 431, 'accuracy': 0.5}, '0.15': {'n': 343, 'accuracy': 0.5}, '0.20': {'n': 274, 'accuracy': 0.5}, '0.30': {'n': 169, 'accuracy': 0.5}}",0.0,0.11739335713708646,0.0,False,False,0.4,2,1683,297,928,557,23,33.0,45,0,23,33.0,order-insensitive,0.03
main,A375,0.4,order_insensitive,3,0,False,100,3366,594,1998,34224,32423,201,86,2,0.4944997727870941,0.4809110462665558,395,0.0,0.0,0.9061028361320496,0.0,0.0,0.4944997727870941,1.001616454929261,2,-0.033119607071301245,0.1813965202053738,2 * sqrt(2) * median posterior synergy_sd,0.029804807462353103,0.1128897289485234,1998,0.09001438509385927,0.016240447260531775,0.12743801340468147,0.45242584494251803,999,0.1429069186936937,0.21329499371408597,0.21202409330184552,0.0,,,0.14230543775947893,389,0.3893893893893894,0.5,0.5,"{'0.00': {'n': 999, 'accuracy': 0.5}, '0.05': {'n': 593, 'accuracy': 0.5}, '0.10': {'n': 472, 'accuracy': 0.5}, '0.15': {'n': 369, 'accuracy': 0.5}, '0.20': {'n': 287, 'accuracy': 0.5}, '0.30': {'n': 155, 'accuracy': 0.5}}",0.0,0.10664749685704299,0.0,False,False,0.4,3,1683,297,999,486,24,33.5,44,0,24,33.0,order-insensitive,0.03
main,A375,0.4,order_insensitive,4,0,False,100,3366,594,1786,34224,32423,201,86,2,0.5072518587112427,0.5681841373443604,1485,0.0,0.0,1.1199405193328857,0.0,0.0,0.6962977647781372,1.37268647284447,2,-0.030435392057635176,0.1780848287402359,2 * sqrt(2) * median posterior synergy_sd,0.03835536568651404,0.1271252628927078,1786,0.09722371111674803,0.019351718661778455,0.13911045489746074,0.4903456802008562,893,0.15261419986002242,0.23337378624405375,0.23311662515342554,0.0,,,0.14230543775947893,358,0.4008958566629339,0.5,0.5,"{'0.00': {'n': 893, 'accuracy': 0.5}, '0.05': {'n': 528, 'accuracy': 0.5}, '0.10': {'n': 422, 'accuracy': 0.5}, '0.15': {'n': 347, 'accuracy': 0.5}, '0.20': {'n': 271, 'accuracy': 0.5}, '0.30': {'n': 164, 'accuracy': 0.5}}",0.0,0.11668689312202687,0.0,False,False,0.4,4,1683,297,893,592,24,33.0,49,0,25,33.0,order-insensitive,0.03
main,A375,0.4,order_insensitive,5,0,False,100,3366,594,2000,34224,32423,201,86,2,0.49987849593162537,0.5684406757354736,700,0.0,0.0,1.0572316646575928,0.0,0.0,0.49999216198921204,1.000227387372155,2,-0.03174565153327392,0.18228006432740557,2 * sqrt(2) * median posterior synergy_sd,0.03573220356340463,0.12225646585490403,2000,0.09332812587644701,0.017987511931346026,0.13411753029095796,0.49580654485899645,1000,0.151636287456,0.22819119154489678,0.22763419355102732,0.0,,,0.14230543775947893,404,0.404,0.5,0.5,"{'0.00': {'n': 1000, 'accuracy': 0.5}, '0.05': {'n': 579, 'accuracy': 0.5}, '0.10': {'n': 468, 'accuracy': 0.5}, '0.15': {'n': 389, 'accuracy': 0.5}, '0.20': {'n': 315, 'accuracy': 0.5}, '0.30': {'n': 187, 'accuracy': 0.5}}",0.0,0.11409559577244839,0.0,False,False,0.4,5,1683,297,1000,485,25,34.0,47,0,25,34.0,order-insensitive,0.03
main,A375,0.4,order_insensitive,6,0,False,100,3366,594,1898,34224,32423,201,86,2,0.4754762351512909,0.5630441904067993,545,0.0,0.0,1.0145384073257446,0.0,0.0,0.4754762351512909,1.0000081483220253,2,-0.033411501889185985,0.17875951139702853,2 * sqrt(2) * median posterior synergy_sd,0.03339891632567544,0.11699378388770086,1898,0.09225228798819388,0.017951434980538455,0.13398296526252304,0.4625025253158266,949,0.1458528073667018,0.22561972244388315,0.22561830227374263,0.0,,,0.14230543775947893,357,0.3761854583772392,0.5,0.5,"{'0.00': {'n': 948, 'accuracy': 0.5}, '0.05': {'n': 528, 'accuracy': 0.5}, '0.10': {'n': 439, 'accuracy': 0.5}, '0.15': {'n': 344, 'accuracy': 0.5}, '0.20': {'n': 265, 'accuracy': 0.5}, '0.30': {'n': 157, 'accuracy': 0.5}}",0.0,0.11280986122194157,0.0,False,False,0.4,6,1683,297,949,536,21,33.5,46,0,21,33.0,order-insensitive,0.03
main,A375,0.4,order_insensitive,7,0,False,100,3366,594,2006,34224,32423,201,86,2,0.5039690136909485,0.5979605913162231,345,0.0,0.0,1.0243028402328491,0.0,0.0,0.5039690136909485,1.0100634861776838,2,-0.0293428773392751,0.17842982752032327,2 * sqrt(2) * median posterior synergy_sd,0.032918985575295455,0.11609922608103733,2006,0.0933968865532974,0.0185543863127118,0.1362144864275155,0.4359563178812488,1003,0.147940451555334,0.22425697425699326,0.22317674314621583,0.0,,,0.14230543775947893,404,0.40279162512462613,0.5,0.5,"{'0.00': {'n': 1003, 'accuracy': 0.5}, '0.05': {'n': 600, 'accuracy': 0.5}, '0.10': {'n': 485, 'accuracy': 0.5}, '0.15': {'n': 390, 'accuracy': 0.5}, '0.20': {'n': 296, 'accuracy': 0.5}, '0.30': {'n': 154, 'accuracy': 0.5}}",0.0,0.11212848712849663,0.0,False,False,0.4,7,1683,297,1003,482,21,34.0,44,0,21,34.0,order-insensitive,0.03
main,A375,0.4,structured,0,0,False,100,3366,594,1696,34347,32546,201,48,4,0.15091678500175476,0.32770249247550964,545,0.5000221729278564,0.5052526593208313,1.098641037940979,0.020632609724998474,0.45988875517316546,0.15091678500175476,1.1083863859122585,0,-0.028090107136660724,0.17538491429058034,2 * sqrt(2) * median posterior synergy_sd,0.029974873508001976,0.10641113471242601,1696,0.061091917819179525,0.008197117852404564,0.09053793598489289,0.726058179651891,848,0.09032151103697908,0.12780342138758294,0.2200987637388758,0.18165205419063568,0.8142260762752929,0.739611979641618,0.14230543775947893,289,0.3408018867924528,0.9307958477508651,0.9309090032774243,"{'0.00': {'n': 847, 'accuracy': 0.7697756788665879}, '0.05': {'n': 445, 'accuracy': 0.8741573033707866}, '0.10': {'n': 363, 'accuracy': 0.9008264462809917}, '0.15': {'n': 273, 'accuracy': 0.9304029304029304}, '0.20': {'n': 222, 'accuracy': 0.9684684684684685}, '0.30': {'n': 126, 'accuracy': 0.9920634920634921}}",0.09089548885822296,0.11009523616147858,0.8256078285249779,True,False,0.4,0,1683,297,848,637,22,33.0,52,0,22,33.0,structured,0.01
main,A375,0.4,structured,1,0,False,100,3366,594,1858,34347,32546,201,48,4,0.13614609837532043,0.28199270367622375,1365,0.5196261405944824,0.5159671306610107,1.1614934206008911,0.01788507029414177,0.444227338278058,0.13930606842041016,1.0232101403036793,0,-0.03424886740582294,0.177545009964686,2 * sqrt(2) * median posterior synergy_sd,0.0369398733467773,0.12482587575964227,1858,0.05954502606897457,0.007284024013251428,0.085346493854472,0.802548178469954,929,0.08855215574471183,0.12116583647707255,0.2252608861678265,0.18543754518032074,0.8433363884455338,0.7530487469033287,0.14230543775947893,359,0.38643702906350913,0.935933147632312,0.9364192391443575,"{'0.00': {'n': 929, 'accuracy': 0.7739504843918191}, '0.05': {'n': 541, 'accuracy': 0.8650646950092421}, '0.10': {'n': 439, 'accuracy': 0.9020501138952164}, '0.15': {'n': 345, 'accuracy': 0.9391304347826087}, '0.20': {'n': 276, 'accuracy': 0.9601449275362319}, '0.30': {'n': 157, 'accuracy': 0.9872611464968153}}",0.0934608057141304,0.11338714222674628,0.8242628209751672,True,False,0.4,1,1683,297,929,556,24,34.0,45,0,24,34.0,structured,0.01
main,A375,0.4,structured,2,0,False,100,3366,594,1856,34347,32546,201,48,4,0.132796511054039,0.24414093792438507,1420,0.5008931159973145,0.5022536516189575,1.0762488842010498,0.02249949425458908,0.4666705433955493,0.14458580315113068,1.0887771222565799,0,-0.036280971295900175,0.18293339690743488,2 * sqrt(2) * median posterior synergy_sd,0.03338401567275748,0.11941760468126594,1856,0.06258745414974828,0.008788655293893062,0.09374782820894072,0.7353932209972909,928,0.09354933146736095,0.1331529168229861,0.23376891151829587,0.1875189244747162,0.8222721893627736,0.753831727943442,0.14230543775947893,358,0.3857758620689655,0.9189944134078212,0.9175316455696203,"{'0.00': {'n': 928, 'accuracy': 0.7564655172413793}, '0.05': {'n': 517, 'accuracy': 0.8704061895551257}, '0.10': {'n': 431, 'accuracy': 0.8909512761020881}, '0.15': {'n': 343, 'accuracy': 0.9212827988338192}, '0.20': {'n': 274, 'accuracy': 0.9525547445255474}, '0.30': {'n': 169, 'accuracy': 0.9763313609467456}}",0.09423262625932693,0.11739335713708646,0.8027083351001411,True,False,0.4,2,1683,297,928,557,23,33.0,45,0,23,33.0,structured,0.01
main,A375,0.4,structured,3,0,False,100,3366,594,1998,34347,32546,201,48,4,0.1532435566186905,0.2743934988975525,235,0.4842997193336487,0.4505404531955719,0.7187498211860657,0.025254130363464355,0.6268390473504392,0.15710987150669098,1.0252298691919615,0,-0.033119607071301245,0.1813965202053738,2 * sqrt(2) * median posterior synergy_sd,0.029804807462353103,0.1128897289485234,1998,0.06316278627817139,0.00774488157149495,0.08800500878640345,0.7388682149882646,999,0.09324576954635753,0.1253388122820523,0.21202409330184552,0.16879715025424957,0.8070069162302719,0.730579152298591,0.14230543775947893,389,0.3893893893893894,0.9048843187660668,0.9070131070865285,"{'0.00': {'n': 999, 'accuracy': 0.7697697697697697}, '0.05': {'n': 593, 'accuracy': 0.8532883642495784}, '0.10': {'n': 472, 'accuracy': 0.8877118644067796}, '0.15': {'n': 369, 'accuracy': 0.907859078590786}, '0.20': {'n': 287, 'accuracy': 0.9407665505226481}, '0.30': {'n': 155, 'accuracy': 0.9741935483870968}}",0.0848790630698204,0.10664749685704299,0.795884250181677,True,False,0.4,3,1683,297,999,486,24,33.5,44,0,24,33.0,structured,0.01
main,A375,0.4,structured,4,0,False,100,3366,594,1786,34347,32546,201,48,4,0.1329973340034485,0.26485639810562134,405,0.515810489654541,0.5405609607696533,1.2839152812957764,0.020746566355228424,0.4210254123808687,0.1470329612493515,1.1055331473451873,0,-0.030435392057635176,0.1780848287402359,2 * sqrt(2) * median posterior synergy_sd,0.03835536568651404,0.1271252628927078,1786,0.06489333615853066,0.008465951523348869,0.09201060549387156,0.7770374383538933,893,0.09144343628636407,0.12476867002016903,0.23311662515342554,0.19725383818149567,0.8448929029206813,0.7732229192984523,0.14230543775947893,358,0.4008958566629339,0.9357541899441341,0.9365189873417722,"{'0.00': {'n': 893, 'accuracy': 0.7581187010078387}, '0.05': {'n': 528, 'accuracy': 0.8768939393939394}, '0.10': {'n': 422, 'accuracy': 0.919431279620853}, '0.15': {'n': 347, 'accuracy': 0.9394812680115274}, '0.20': {'n': 271, 'accuracy': 0.959409594095941}, '0.30': {'n': 164, 'accuracy': 0.9878048780487805}}",0.09868716448545456,0.11668689312202687,0.8457433551020263,True,False,0.4,4,1683,297,893,592,24,33.0,49,0,25,33.0,structured,0.01
main,A375,0.4,structured,5,0,False,100,3366,594,2000,34347,32546,201,48,4,0.15140147507190704,0.268314927816391,175,0.4801202416419983,0.4771937131881714,0.8251055479049683,0.04186759516596794,0.5783426307092681,0.15140147507190704,1.1817796189275844,0,-0.03174565153327392,0.18228006432740557,2 * sqrt(2) * median posterior synergy_sd,0.03573220356340463,0.12225646585490403,2000,0.06320098160441522,0.008101129915115916,0.09000627708730051,0.772923754100171,1000,0.09199303481716492,0.1276428960689143,0.22763419355102732,0.18501579761505127,0.8281799978870612,0.7785321945321946,0.14230543775947893,404,0.404,0.9158415841584159,0.9164940317648219,"{'0.00': {'n': 1000, 'accuracy': 0.772}, '0.05': {'n': 579, 'accuracy': 0.8687392055267703}, '0.10': {'n': 468, 'accuracy': 0.9038461538461539}, '0.15': {'n': 389, 'accuracy': 0.9203084832904884}, '0.20': {'n': 315, 'accuracy': 0.9555555555555556}, '0.30': {'n': 187, 'accuracy': 0.9786096256684492}}",0.09277309477329254,0.11409559577244839,0.8131172298562573,True,False,0.4,5,1683,297,1000,485,25,34.0,47,0,25,34.0,structured,0.01
main,A375,0.4,structured,6,0,False,100,3366,594,1898,34347,32546,201,48,4,0.16494201123714447,0.2875862717628479,1085,0.4788662791252136,0.49009257555007935,1.0899901390075684,0.02358768880367279,0.4496302838081697,0.16660070419311523,1.010056218810052,0,-0.033411501889185985,0.17875951139702853,2 * sqrt(2) * median posterior synergy_sd,0.03339891632567544,0.11699378388770086,1898,0.06497421646703762,0.00875513969710359,0.09356890347280762,0.7378557489803979,949,0.0962331478260032,0.1318978633251199,0.22561830227374263,0.18082521855831146,0.8117990033685372,0.7349907367690945,0.14230543775947893,357,0.3761854583772392,0.9243697478991597,0.9242467043314501,"{'0.00': {'n': 948, 'accuracy': 0.7531645569620253}, '0.05': {'n': 528, 'accuracy': 0.8674242424242424}, '0.10': {'n': 439, 'accuracy': 0.9111617312072893}, '0.15': {'n': 344, 'accuracy': 0.9215116279069767}, '0.20': {'n': 265, 'accuracy': 0.9509433962264151}, '0.30': {'n': 157, 'accuracy': 0.9872611464968153}}",0.09044802933931351,0.11280986122194157,0.8017741388881464,True,False,0.4,6,1683,297,949,536,21,33.5,46,0,21,33.0,structured,0.01
main,A375,0.4,structured,7,0,False,100,3366,594,2006,34347,32546,201,48,4,0.14616946876049042,0.3056607246398926,1465,0.5139145851135254,0.509605348110199,1.127926230430603,0.021679241210222244,0.45180733842464976,0.1471523940563202,1.0067245595415029,0,-0.0293428773392751,0.17842982752032327,2 * sqrt(2) * median posterior synergy_sd,0.032918985575295455,0.11609922608103733,2006,0.06707030279781731,0.009460407695770695,0.0972646271558715,0.7124085323473475,1003,0.09572958684231715,0.1342316305170762,0.22317674314621583,0.18549327552318573,0.7995832284151219,0.734732903182287,0.14230543775947893,404,0.40279162512462613,0.9108910891089109,0.9134332116328843,"{'0.00': {'n': 1003, 'accuracy': 0.7786640079760718}, '0.05': {'n': 600, 'accuracy': 0.8716666666666667}, '0.10': {'n': 485, 'accuracy': 0.8948453608247423}, '0.15': {'n': 390, 'accuracy': 0.9128205128205128}, '0.20': {'n': 296, 'accuracy': 0.9290540540540541}, '0.30': {'n': 154, 'accuracy': 0.9545454545454546}}",0.09327731281518936,0.11212848712849663,0.8318788133500431,True,False,0.4,7,1683,297,1003,482,21,34.0,44,0,21,34.0,structured,0.01
main,A375,0.4,unrestricted,0,0,False,100,3366,594,1696,34224,32423,201,86,1,0.1508670449256897,0.3168289363384247,250,0.4896945357322693,0.4963993728160858,0.6472176313400269,0.025471806526184082,0.7669744283515878,0.1597100794315338,1.0586147525471834,0,-0.028090107136660724,0.17538491429058034,2 * sqrt(2) * median posterior synergy_sd,0.029974873508001976,0.10641113471242601,1696,0.0613397443538222,0.008252869440251893,0.09084530499839766,0.7241950014303269,848,0.08891992479684707,0.1270468285928785,0.2200987637388758,0.1787487119436264,0.8166435375977478,0.7346853229806032,0.14230543775947893,289,0.3408018867924528,0.9342560553633218,0.934668401773665,"{'0.00': {'n': 847, 'accuracy': 0.768595041322314}, '0.05': {'n': 445, 'accuracy': 0.8719101123595505}, '0.10': {'n': 363, 'accuracy': 0.9035812672176309}, '0.15': {'n': 273, 'accuracy': 0.9340659340659341}, '0.20': {'n': 222, 'accuracy': 0.9684684684684685}, '0.30': {'n': 126, 'accuracy': 0.9920634920634921}}",0.08947023004293442,0.11009523616147858,0.8126621383663403,True,False,0.4,0,1683,297,848,637,22,33.0,52,0,22,33.0,unrestricted,0.03
main,A375,0.4,unrestricted,1,0,False,100,3366,594,1858,34224,32423,201,86,1,0.08187083154916763,0.27719298005104065,650,0.5422360897064209,0.5324695110321045,0.8370611071586609,0.013259608298540115,0.6361178490773882,0.08187083154916763,1.051876675847021,0,-0.03424886740582294,0.177545009964686,2 * sqrt(2) * median posterior synergy_sd,0.0369398733467773,0.12482587575964227,1858,0.06076281255323715,0.007797668082907285,0.08830440579556201,0.7886245619377806,929,0.09077714236382545,0.12608008708234192,0.2252608861678265,0.18977971374988556,0.8288387963039494,0.7506251713720902,0.14230543775947893,359,0.38643702906350913,0.924791086350975,0.9229057256308442,"{'0.00': {'n': 929, 'accuracy': 0.7664155005382132}, '0.05': {'n': 541, 'accuracy': 0.8558225508317929}, '0.10': {'n': 439, 'accuracy': 0.8997722095671982}, '0.15': {'n': 345, 'accuracy': 0.927536231884058}, '0.20': {'n': 276, 'accuracy': 0.9528985507246377}, '0.30': {'n': 157, 'accuracy': 0.9808917197452229}}",0.09567223489284515,0.11338714222674628,0.8437661714899235,True,False,0.4,1,1683,297,929,556,24,34.0,45,0,24,34.0,unrestricted,0.03
main,A375,0.4,unrestricted,2,0,False,100,3366,594,1856,34224,32423,201,86,1,0.07319089025259018,0.21843503415584564,1485,0.5316408276557922,0.5269022583961487,0.6850991249084473,0.01276091206818819,0.76908908395783,0.08682937920093536,1.186341345231315,0,-0.036280971295900175,0.18293339690743488,2 * sqrt(2) * median posterior synergy_sd,0.03338401567275748,0.11941760468126594,1856,0.06216815560725372,0.008911284990852366,0.0943996027049498,0.7317011147492478,928,0.09254177667617873,0.13301984501330558,0.23376891151829587,0.19439448416233063,0.822491121605843,0.759208799066977,0.14230543775947893,358,0.3857758620689655,0.9078212290502793,0.9062025316455696,"{'0.00': {'n': 928, 'accuracy': 0.7553879310344828}, '0.05': {'n': 517, 'accuracy': 0.8781431334622823}, '0.10': {'n': 431, 'accuracy': 0.888631090487239}, '0.15': {'n': 343, 'accuracy': 0.9125364431486881}, '0.20': {'n': 274, 'accuracy': 0.9379562043795621}, '0.30': {'n': 169, 'accuracy': 0.9822485207100592}}",0.09763939678668976,0.11739335713708646,0.8317284654588338,True,False,0.4,2,1683,297,928,557,23,33.0,45,0,23,33.0,unrestricted,0.03
main,A375,0.4,unrestricted,3,0,False,100,3366,594,1998,34224,32423,201,86,1,0.1266917735338211,0.26567161083221436,475,0.5026134848594666,0.46605637669563293,0.7432968616485596,0.020755471661686897,0.6270124370792655,0.12746717035770416,1.006120340747113,0,-0.033119607071301245,0.1813965202053738,2 * sqrt(2) * median posterior synergy_sd,0.029804807462353103,0.1128897289485234,1998,0.06248558406116107,0.0074793746037899456,0.08648337761552763,0.7478202315904343,999,0.09257062033262274,0.12408598580841913,0.21202409330184552,0.17126287519931793,0.8115449285574409,0.7282718710694662,0.14230543775947893,389,0.3893893893893894,0.8997429305912596,0.9026078207429162,"{'0.00': {'n': 999, 'accuracy': 0.7647647647647647}, '0.05': {'n': 593, 'accuracy': 0.8465430016863407}, '0.10': {'n': 472, 'accuracy': 0.8834745762711864}, '0.15': {'n': 369, 'accuracy': 0.907859078590786}, '0.20': {'n': 287, 'accuracy': 0.9407665505226481}, '0.30': {'n': 155, 'accuracy': 0.967741935483871}}",0.08601417392492294,0.10664749685704299,0.8065278272796383,True,False,0.4,3,1683,297,999,486,24,33.5,44,0,24,33.0,unrestricted,0.03
main,A375,0.4,unrestricted,4,0,False,100,3366,594,1786,34224,32423,201,86,1,0.12901262938976288,0.26480916142463684,350,0.5155559182167053,0.5486676692962646,0.9239656925201416,0.022996840998530388,0.5938182269514344,0.12901262938976288,1.011866144014511,0,-0.030435392057635176,0.1780848287402359,2 * sqrt(2) * median posterior synergy_sd,0.03835536568651404,0.1271252628927078,1786,0.06463558141628835,0.008542264179889323,0.09242437005405729,0.7750276388244071,893,0.09216481589441834,0.12600267529712794,0.23311662515342554,0.19945499300956726,0.8416561929237175,0.7721735359312443,0.14230543775947893,358,0.4008958566629339,0.9357541899441341,0.9365189873417722,"{'0.00': {'n': 893, 'accuracy': 0.7637178051511758}, '0.05': {'n': 528, 'accuracy': 0.8806818181818182}, '0.10': {'n': 422, 'accuracy': 0.9170616113744076}, '0.15': {'n': 347, 'accuracy': 0.9394812680115274}, '0.20': {'n': 271, 'accuracy': 0.959409594095941}, '0.30': {'n': 164, 'accuracy': 0.9878048780487805}}",0.09978240728378296,0.11668689312202687,0.855129523239891,True,False,0.4,4,1683,297,893,592,24,33.0,49,0,25,33.0,unrestricted,0.03
main,A375,0.4,unrestricted,5,0,False,100,3366,594,2000,34224,32423,201,86,1,0.0949636697769165,0.25347238779067993,520,0.5207657814025879,0.5261735320091248,0.8629491329193115,0.017075568437576294,0.6097387574040516,0.10154440253973007,1.069297372124231,0,-0.03174565153327392,0.18228006432740557,2 * sqrt(2) * median posterior synergy_sd,0.03573220356340463,0.12225646585490403,2000,0.06202697018086427,0.007912715246718278,0.08895344426562851,0.7782050538719923,1000,0.09399716977257008,0.13028550301418607,0.22763419355102732,0.19474869966506958,0.8209263673194631,0.7606311886311887,0.14230543775947893,404,0.404,0.8910891089108911,0.8915852816415113,"{'0.00': {'n': 1000, 'accuracy': 0.765}, '0.05': {'n': 579, 'accuracy': 0.8497409326424871}, '0.10': {'n': 468, 'accuracy': 0.8824786324786325}, '0.15': {'n': 389, 'accuracy': 0.897172236503856}, '0.20': {'n': 315, 'accuracy': 0.9396825396825397}, '0.30': {'n': 187, 'accuracy': 0.9625668449197861}}",0.09755828976631165,0.11409559577244839,0.8550574551613837,True,False,0.4,5,1683,297,1000,485,25,34.0,47,0,25,34.0,unrestricted,0.03
main,A375,0.4,unrestricted,6,0,False,100,3366,594,1898,34224,32423,201,86,1,0.1282353401184082,0.2708173990249634,385,0.4963236153125763,0.5054693818092346,0.8142747282981873,0.021033842116594315,0.6207602474236825,0.12977954745292664,1.0120419794815732,0,-0.033411501889185985,0.17875951139702853,2 * sqrt(2) * median posterior synergy_sd,0.03339891632567544,0.11699378388770086,1898,0.06421374213725958,0.00852152016481446,0.09231208027563055,0.7448507278652858,949,0.09750156086504809,0.13482883696543912,0.22561830227374263,0.18485359847545624,0.8026968218234369,0.7229182511974805,0.14230543775947893,357,0.3761854583772392,0.9159663865546218,0.9159133709981168,"{'0.00': {'n': 948, 'accuracy': 0.759493670886076}, '0.05': {'n': 528, 'accuracy': 0.8465909090909091}, '0.10': {'n': 439, 'accuracy': 0.8929384965831435}, '0.15': {'n': 344, 'accuracy': 0.9127906976744186}, '0.20': {'n': 265, 'accuracy': 0.9471698113207547}, '0.30': {'n': 157, 'accuracy': 0.9808917197452229}}",0.09249136596918106,0.11280986122194157,0.8198872418361901,True,False,0.4,6,1683,297,949,536,21,33.5,46,0,21,33.0,unrestricted,0.03
main,A375,0.4,unrestricted,7,0,False,100,3366,594,2006,34224,32423,201,86,1,0.07857237011194229,0.27233999967575073,1480,0.5437278151512146,0.5302140712738037,0.7036287188529968,0.012871433049440384,0.7535423968170589,0.08357176184654236,1.063627859608631,0,-0.0293428773392751,0.17842982752032327,2 * sqrt(2) * median posterior synergy_sd,0.032918985575295455,0.11609922608103733,2006,0.06803639348803991,0.00982338417755306,0.0991129869268052,0.7013742363131656,1003,0.09865214963735745,0.13489136091082046,0.22317674314621583,0.19110925495624542,0.799098548332164,0.7285529555380427,0.14230543775947893,404,0.40279162512462613,0.9207920792079208,0.9227747702379454,"{'0.00': {'n': 1003, 'accuracy': 0.773678963110668}, '0.05': {'n': 600, 'accuracy': 0.8683333333333333}, '0.10': {'n': 485, 'accuracy': 0.8969072164948454}, '0.15': {'n': 390, 'accuracy': 0.9205128205128205}, '0.20': {'n': 296, 'accuracy': 0.9391891891891891}, '0.30': {'n': 154, 'accuracy': 0.9675324675324676}}",0.09591042995452881,0.11212848712849663,0.8553618479184304,True,False,0.4,7,1683,297,1003,482,21,34.0,44,0,21,34.0,unrestricted,0.03
main,A375,0.7,additive,0,0,False,100,5890,1040,1696,1801,0,201,48,0,0.5117599368095398,0.48281124234199524,85,0.0,0.0,0.0,0.2997809946537018,0.0,0.5119244456291199,1.00032145701089,2,-0.03315180375466893,0.18082515540382293,2 * sqrt(2) * median posterior synergy_sd,0.0299274714558771,0.10919389716945095,1696,0.0844977114179565,0.01646300365336639,0.12830823688823095,0.449818183609766,848,0.1105886092875506,0.16054328644232982,0.2200987637388758,0.10835183411836624,0.7215740001121704,0.6262213820945008,0.14230543775947893,289,0.3408018867924528,0.8685121107266436,0.8687825332562175,"{'0.00': {'n': 847, 'accuracy': 0.6989374262101535}, '0.05': {'n': 445, 'accuracy': 0.8089887640449438}, '0.10': {'n': 363, 'accuracy': 0.837465564738292}, '0.15': {'n': 273, 'accuracy': 0.8644688644688645}, '0.20': {'n': 222, 'accuracy': 0.9054054054054054}, '0.30': {'n': 126, 'accuracy': 0.9523809523809523}}",0.054207950830459595,0.11009523616147858,0.4923732644612512,False,False,0.7,0,2945,520,848,637,42,59.0,72,0,42,58.0,additive null,0.03
main,A375,0.7,additive,1,0,False,100,5890,1040,1858,1801,0,201,48,0,0.5140655636787415,0.5855202078819275,85,0.0,0.0,0.0,0.3084796369075775,0.0,0.514178991317749,1.0002206481955256,2,-0.03193649688285229,0.17889969993572066,2 * sqrt(2) * median posterior synergy_sd,0.03697783714696028,0.12367444062216891,1858,0.09497353456884035,0.01944343471614275,0.1394397171402135,0.472936718149394,929,0.12229646818505722,0.16646914829799794,0.2252608861678265,0.10862504690885544,0.7126015851190675,0.6330489354874631,0.14230543775947893,359,0.38643702906350913,0.8662952646239555,0.862046881004227,"{'0.00': {'n': 929, 'accuracy': 0.71259418729817}, '0.05': {'n': 541, 'accuracy': 0.7800369685767098}, '0.10': {'n': 439, 'accuracy': 0.8200455580865603}, '0.15': {'n': 345, 'accuracy': 0.8782608695652174}, '0.20': {'n': 276, 'accuracy': 0.9094202898550725}, '0.30': {'n': 157, 'accuracy': 0.9745222929936306}}",0.0551869161427021,0.11338714222674628,0.4867122943476421,False,False,0.7,1,2945,520,929,556,48,59.0,73,0,48,59.0,additive null,0.03
main,A375,0.7,additive,2,0,False,100,5890,1040,1856,1801,0,201,48,0,0.5073893666267395,0.5469727516174316,85,0.0,0.0,0.0,0.3133370876312256,0.0,0.5073893666267395,1.0000182086751768,2,-0.03393807214821732,0.1801955490981962,2 * sqrt(2) * median posterior synergy_sd,0.03332841059321029,0.11807577594278768,1856,0.08882637577247687,0.017836387972833188,0.1335529407120382,0.4629862006519292,928,0.12422717210697184,0.17249196909092965,0.23376891151829587,0.11205603927373886,0.7160244773575011,0.6428404650026925,0.14230543775947893,358,0.3857758620689655,0.8798882681564246,0.8765506329113923,"{'0.00': {'n': 928, 'accuracy': 0.7198275862068966}, '0.05': {'n': 517, 'accuracy': 0.8143133462282398}, '0.10': {'n': 431, 'accuracy': 0.8445475638051044}, '0.15': {'n': 343, 'accuracy': 0.8833819241982507}, '0.20': {'n': 274, 'accuracy': 0.9197080291970803}, '0.30': {'n': 169, 'accuracy': 0.9585798816568047}}",0.05646194890141487,0.11739335713708646,0.4809637468283768,False,False,0.7,2,2945,520,928,557,47,59.0,70,0,47,58.0,additive null,0.03
main,A375,0.7,additive,3,0,False,100,5890,1040,1998,1801,0,201,48,0,0.5228939056396484,0.5828215479850769,85,0.0,0.0,0.0,0.2754640281200409,0.0,0.5230459570884705,1.0002907883361847,2,-0.03256093431205433,0.17692035731840128,2 * sqrt(2) * median posterior synergy_sd,0.02979162293252485,0.11259133532815312,1998,0.08854165468820178,0.01666159227952689,0.129079790360563,0.4382262281318807,999,0.11910504377269573,0.16264955449159915,0.21202409330184552,0.09661363065242767,0.6820000156516628,0.6225741693597404,0.14230543775947893,389,0.3893893893893894,0.8637532133676092,0.8629330505248274,"{'0.00': {'n': 999, 'accuracy': 0.7357357357357357}, '0.05': {'n': 593, 'accuracy': 0.8094435075885329}, '0.10': {'n': 472, 'accuracy': 0.836864406779661}, '0.15': {'n': 369, 'accuracy': 0.8699186991869918}, '0.20': {'n': 287, 'accuracy': 0.89198606271777}, '0.30': {'n': 155, 'accuracy': 0.9483870967741935}}",0.04873519390821457,0.10664749685704299,0.45697456897223093,False,False,0.7,3,2945,520,999,486,45,59.0,70,0,45,59.5,additive null,0.03
main,A375,0.7,additive,4,0,False,100,5890,1040,1786,1801,0,201,48,0,0.5136170983314514,0.6009330749511719,85,0.0,0.0,0.0,0.3142063617706299,0.0,0.5138886570930481,1.0005287183048985,2,-0.031186436787436333,0.1783970809397326,2 * sqrt(2) * median posterior synergy_sd,0.03832645345943645,0.12747165346240064,1786,0.09549366029422267,0.019493038224765048,0.13961747105847838,0.4866238337330022,893,0.12103018761080346,0.16719733235970688,0.23311662515342554,0.1120925173163414,0.7469568786813746,0.6824774445936064,0.14230543775947893,358,0.4008958566629339,0.8798882681564246,0.8845253164556962,"{'0.00': {'n': 893, 'accuracy': 0.7301231802911534}, '0.05': {'n': 528, 'accuracy': 0.821969696969697}, '0.10': {'n': 422, 'accuracy': 0.8578199052132701}, '0.15': {'n': 347, 'accuracy': 0.8904899135446686}, '0.20': {'n': 271, 'accuracy': 0.9077490774907749}, '0.30': {'n': 164, 'accuracy': 0.9573170731707317}}",0.056053489446640015,0.11668689312202687,0.4803751985068394,False,False,0.7,4,2945,520,893,592,47,59.0,70,0,47,58.0,additive null,0.03
main,A375,0.7,additive,5,0,False,100,5890,1040,2000,1801,0,201,48,0,0.5198513269424438,0.6170447468757629,80,0.0,0.0,0.0,0.3076571822166443,0.0,0.5199493169784546,1.0001884962698606,2,-0.03467392261578947,0.17999206430784795,2 * sqrt(2) * median posterior synergy_sd,0.03569679981628225,0.12370804783004738,2000,0.09398547620023706,0.018720299694914153,0.13682214621512906,0.47526636143570666,1000,0.12343000848935695,0.16846435637463045,0.22763419355102732,0.11027982085943222,0.7096922198237081,0.657957633957634,0.14230543775947893,404,0.404,0.8564356435643564,0.856318437407517,"{'0.00': {'n': 1000, 'accuracy': 0.729}, '0.05': {'n': 579, 'accuracy': 0.8169257340241797}, '0.10': {'n': 468, 'accuracy': 0.8354700854700855}, '0.15': {'n': 389, 'accuracy': 0.8586118251928021}, '0.20': {'n': 315, 'accuracy': 0.9047619047619048}, '0.30': {'n': 187, 'accuracy': 0.946524064171123}}",0.055375855416059494,0.11409559577244839,0.4853461261248049,False,False,0.7,5,2945,520,1000,485,45,59.0,70,0,45,59.0,additive null,0.03
main,A375,0.7,additive,6,0,False,100,5890,1040,1898,1801,0,201,48,0,0.5045185685157776,0.5309054851531982,75,0.0,0.0,0.0,0.3204687833786011,0.0,0.5045185685157776,1.0013249393692365,2,-0.03532795734516129,0.18147078335407116,2 * sqrt(2) * median posterior synergy_sd,0.03340588820125747,0.11801804840697849,1898,0.09106710799211841,0.0177222675048535,0.13312500706048244,0.4693642018109897,949,0.11965571860388938,0.16421042911370504,0.22561830227374263,0.11626515537500381,0.7142696296774251,0.640770487395477,0.14230543775947893,357,0.3761854583772392,0.865546218487395,0.8654896421845575,"{'0.00': {'n': 948, 'accuracy': 0.7225738396624473}, '0.05': {'n': 528, 'accuracy': 0.8143939393939394}, '0.10': {'n': 439, 'accuracy': 0.8473804100227791}, '0.15': {'n': 344, 'accuracy': 0.8662790697674418}, '0.20': {'n': 265, 'accuracy': 0.9169811320754717}, '0.30': {'n': 157, 'accuracy': 0.9681528662420382}}",0.058155715465545654,0.11280986122194157,0.5155197855542999,False,False,0.7,6,2945,520,949,536,45,59.0,71,0,45,58.0,additive null,0.03
main,A375,0.7,additive,7,0,False,100,5890,1040,2006,1801,0,201,48,0,0.5169548988342285,0.5410643219947815,80,0.0,0.0,0.0,0.31590622663497925,0.0,0.5169548988342285,1.000231459670949,2,-0.030965816895076402,0.17757736673718344,2 * sqrt(2) * median posterior synergy_sd,0.03290582262354674,0.11690186717831803,2006,0.0913513753030612,0.017797774249738732,0.13340829902872883,0.45895693060657594,1003,0.11806098912805439,0.16219678793436895,0.22317674314621583,0.11176709830760956,0.7244381798847359,0.645641896744578,0.14230543775947893,404,0.40279162512462613,0.8638613861386139,0.8680221578748584,"{'0.00': {'n': 1003, 'accuracy': 0.7308075772681955}, '0.05': {'n': 600, 'accuracy': 0.8}, '0.10': {'n': 485, 'accuracy': 0.8247422680412371}, '0.15': {'n': 390, 'accuracy': 0.8615384615384616}, '0.20': {'n': 296, 'accuracy': 0.902027027027027}, '0.30': {'n': 154, 'accuracy': 0.9675324675324676}}",0.05609779432415962,0.11212848712849663,0.5002992170925561,False,False,0.7,7,2945,520,1003,482,46,59.0,72,0,46,59.0,additive null,0.03
main,A375,0.7,order_insensitive,0,0,False,100,5890,1040,1696,34224,32423,201,86,2,0.5000485777854919,0.5115704536437988,1160,0.0,0.0,0.9437404870986938,0.0,0.0,0.5000560283660889,1.0000148997136036,2,-0.03315180375466893,0.18082515540382293,2 * sqrt(2) * median posterior synergy_sd,0.0299274714558771,0.10919389716945095,1696,0.0860236506016273,0.016992134671823724,0.13035388245780685,0.43213500312989406,848,0.13519859591981132,0.22019047232295716,0.2200987637388758,0.0,,,0.14230543775947893,289,0.3408018867924528,0.5,0.5,"{'0.00': {'n': 847, 'accuracy': 0.5}, '0.05': {'n': 445, 'accuracy': 0.5}, '0.10': {'n': 363, 'accuracy': 0.5}, '0.15': {'n': 273, 'accuracy': 0.5}, '0.20': {'n': 222, 'accuracy': 0.5}, '0.30': {'n': 126, 'accuracy': 0.5}}",0.0,0.11009523616147858,0.0,False,False,0.7,0,2945,520,848,637,42,59.0,72,0,42,58.0,order-insensitive,0.03
main,A375,0.7,order_insensitive,1,0,False,100,5890,1040,1858,34224,32423,201,86,2,0.520405113697052,0.5583621263504028,495,0.0,0.0,1.0623162984848022,0.0,0.0,0.520405113697052,1.0002740430061923,2,-0.03193649688285229,0.17889969993572066,2 * sqrt(2) * median posterior synergy_sd,0.03697783714696028,0.12367444062216891,1858,0.08991845785256981,0.01746507739869442,0.1321555046098891,0.5265650773169112,929,0.14835670026910655,0.22677428445349257,0.2252608861678265,0.0,,,0.14230543775947893,359,0.38643702906350913,0.5,0.5,"{'0.00': {'n': 929, 'accuracy': 0.5}, '0.05': {'n': 541, 'accuracy': 0.5}, '0.10': {'n': 439, 'accuracy': 0.5}, '0.15': {'n': 345, 'accuracy': 0.5}, '0.20': {'n': 276, 'accuracy': 0.5}, '0.30': {'n': 157, 'accuracy': 0.5}}",0.0,0.11338714222674628,0.0,False,False,0.7,1,2945,520,929,556,48,59.0,73,0,48,59.0,order-insensitive,0.03
main,A375,0.7,order_insensitive,2,0,False,100,5890,1040,1856,34224,32423,201,86,2,0.5076812505722046,0.4981312155723572,470,0.0,0.0,0.947137176990509,0.0,0.0,0.5077710747718811,1.0001769303073045,2,-0.03393807214821732,0.1801955490981962,2 * sqrt(2) * median posterior synergy_sd,0.03332841059321029,0.11807577594278768,1856,0.0920894035789873,0.018887317522413734,0.13743113738310447,0.4313450594563577,928,0.15148584803556037,0.23478671427417291,0.23376891151829587,0.0,,,0.14230543775947893,358,0.3857758620689655,0.5,0.5,"{'0.00': {'n': 928, 'accuracy': 0.5}, '0.05': {'n': 517, 'accuracy': 0.5}, '0.10': {'n': 431, 'accuracy': 0.5}, '0.15': {'n': 343, 'accuracy': 0.5}, '0.20': {'n': 274, 'accuracy': 0.5}, '0.30': {'n': 169, 'accuracy': 0.5}}",0.0,0.11739335713708646,0.0,False,False,0.7,2,2945,520,928,557,47,59.0,70,0,47,58.0,order-insensitive,0.03
main,A375,0.7,order_insensitive,3,0,False,100,5890,1040,1998,34224,32423,201,86,2,0.501265823841095,0.4925931394100189,485,0.0,0.0,0.9542375802993774,0.0,0.0,0.7006254196166992,1.3977123240678038,2,-0.03256093431205433,0.17692035731840128,2 * sqrt(2) * median posterior synergy_sd,0.02979162293252485,0.11259133532815312,1998,0.0877219037102735,0.01567872643235504,0.12521472130845893,0.4713652129865601,999,0.1429069186936937,0.21329499371408597,0.21202409330184552,0.0,,,0.14230543775947893,389,0.3893893893893894,0.5,0.5,"{'0.00': {'n': 999, 'accuracy': 0.5}, '0.05': {'n': 593, 'accuracy': 0.5}, '0.10': {'n': 472, 'accuracy': 0.5}, '0.15': {'n': 369, 'accuracy': 0.5}, '0.20': {'n': 287, 'accuracy': 0.5}, '0.30': {'n': 155, 'accuracy': 0.5}}",0.0,0.10664749685704299,0.0,False,False,0.7,3,2945,520,999,486,45,59.0,70,0,45,59.5,order-insensitive,0.03
main,A375,0.7,order_insensitive,4,0,False,100,5890,1040,1786,34224,32423,201,86,2,0.5134643912315369,0.5725051760673523,200,0.0,0.0,1.0305712223052979,0.0,0.0,0.5137433409690857,1.000543269878715,2,-0.031186436787436333,0.1783970809397326,2 * sqrt(2) * median posterior synergy_sd,0.03832645345943645,0.12747165346240064,1786,0.09670034998059979,0.019125710668416753,0.13829573626260772,0.4962979138054834,893,0.15261419986002242,0.23337378624405375,0.23311662515342554,0.0,,,0.14230543775947893,358,0.4008958566629339,0.5,0.5,"{'0.00': {'n': 893, 'accuracy': 0.5}, '0.05': {'n': 528, 'accuracy': 0.5}, '0.10': {'n': 422, 'accuracy': 0.5}, '0.15': {'n': 347, 'accuracy': 0.5}, '0.20': {'n': 271, 'accuracy': 0.5}, '0.30': {'n': 164, 'accuracy': 0.5}}",0.0,0.11668689312202687,0.0,False,False,0.7,4,2945,520,893,592,47,59.0,70,0,47,58.0,order-insensitive,0.03
main,A375,0.7,order_insensitive,5,0,False,100,5890,1040,2000,34224,32423,201,86,2,0.5250640511512756,0.5774794220924377,600,0.0,0.0,1.033866047859192,0.0,0.0,0.7006575465202332,1.3344230003633737,2,-0.03467392261578947,0.17999206430784795,2 * sqrt(2) * median posterior synergy_sd,0.03569679981628225,0.12370804783004738,2000,0.09243512067783122,0.017750501853896976,0.13323100935554372,0.502449983390594,1000,0.151636287456,0.22819119154489678,0.22763419355102732,0.0,,,0.14230543775947893,404,0.404,0.5,0.5,"{'0.00': {'n': 1000, 'accuracy': 0.5}, '0.05': {'n': 579, 'accuracy': 0.5}, '0.10': {'n': 468, 'accuracy': 0.5}, '0.15': {'n': 389, 'accuracy': 0.5}, '0.20': {'n': 315, 'accuracy': 0.5}, '0.30': {'n': 187, 'accuracy': 0.5}}",0.0,0.11409559577244839,0.0,False,False,0.7,5,2945,520,1000,485,45,59.0,70,0,45,59.0,order-insensitive,0.03
main,A375,0.7,order_insensitive,6,0,False,100,5890,1040,1898,34224,32423,201,86,2,0.5077110528945923,0.49094006419181824,1290,0.0,0.0,0.9833042025566101,0.0,0.0,0.5078387260437012,1.0002514681301127,2,-0.03532795734516129,0.18147078335407116,2 * sqrt(2) * median posterior synergy_sd,0.03340588820125747,0.11801804840697849,1898,0.09166274952805055,0.01759593682807921,0.13264967707491493,0.47314676403038547,949,0.1458528073667018,0.22561972244388315,0.22561830227374263,0.0,,,0.14230543775947893,357,0.3761854583772392,0.5,0.5,"{'0.00': {'n': 948, 'accuracy': 0.5}, '0.05': {'n': 528, 'accuracy': 0.5}, '0.10': {'n': 439, 'accuracy': 0.5}, '0.15': {'n': 344, 'accuracy': 0.5}, '0.20': {'n': 265, 'accuracy': 0.5}, '0.30': {'n': 157, 'accuracy': 0.5}}",0.0,0.11280986122194157,0.0,False,False,0.7,6,2945,520,949,536,45,59.0,71,0,45,58.0,order-insensitive,0.03
main,A375,0.7,order_insensitive,7,0,False,100,5890,1040,2006,34224,32423,201,86,2,0.5199655294418335,0.550669252872467,215,0.0,0.0,0.903256893157959,0.0,0.0,0.6961895823478699,1.3389148759441944,2,-0.030965816895076402,0.17757736673718344,2 * sqrt(2) * median posterior synergy_sd,0.03290582262354674,0.11690186717831803,2006,0.09217696663790308,0.01822755312808777,0.13500945569880568,0.4458918765026427,1003,0.147940451555334,0.22425697425699326,0.22317674314621583,0.0,,,0.14230543775947893,404,0.40279162512462613,0.5,0.5,"{'0.00': {'n': 1003, 'accuracy': 0.5}, '0.05': {'n': 600, 'accuracy': 0.5}, '0.10': {'n': 485, 'accuracy': 0.5}, '0.15': {'n': 390, 'accuracy': 0.5}, '0.20': {'n': 296, 'accuracy': 0.5}, '0.30': {'n': 154, 'accuracy': 0.5}}",0.0,0.11212848712849663,0.0,False,False,0.7,7,2945,520,1003,482,46,59.0,72,0,46,59.0,order-insensitive,0.03
main,A375,0.7,structured,0,0,False,100,5890,1040,1696,34347,32546,201,48,4,0.19244500994682312,0.25124886631965637,1110,0.47216328978538513,0.4800370931625366,1.0323814153671265,0.025260798633098602,0.46498037064317943,0.19271248579025269,1.0013898819382403,0,-0.03315180375466893,0.18082515540382293,2 * sqrt(2) * median posterior synergy_sd,0.0299274714558771,0.10919389716945095,1696,0.05902625165747867,0.007484237435193218,0.08651148730193706,0.7498821337169298,848,0.08630500197609889,0.12104959905374464,0.2200987637388758,0.17997051775455475,0.8353894250853382,0.755367850969679,0.14230543775947893,289,0.3408018867924528,0.9377162629757786,0.9395363408521302,"{'0.00': {'n': 847, 'accuracy': 0.7579693034238488}, '0.05': {'n': 445, 'accuracy': 0.8741573033707866}, '0.10': {'n': 363, 'accuracy': 0.90633608815427}, '0.15': {'n': 273, 'accuracy': 0.9377289377289377}, '0.20': {'n': 222, 'accuracy': 0.9594594594594594}, '0.30': {'n': 126, 'accuracy': 0.9761904761904762}}",0.09001987427473068,0.11009523616147858,0.8176545817359162,True,False,0.7,0,2945,520,848,637,42,59.0,72,0,42,58.0,structured,0.01
main,A375,0.7,structured,1,0,False,100,5890,1040,1858,34347,32546,201,48,4,0.18354164063930511,0.24767708778381348,1275,0.4955275058746338,0.4940224885940552,1.1468077898025513,0.02131650783121586,0.4307805483943497,0.18355530500411987,1.0000744483092074,0,-0.03193649688285229,0.17889969993572066,2 * sqrt(2) * median posterior synergy_sd,0.03697783714696028,0.12367444062216891,1858,0.05969675542739612,0.007400483870883023,0.08602606506683322,0.7993912406313836,929,0.0884032439678039,0.12108768550158276,0.2252608861678265,0.17924785614013672,0.8448064473072454,0.7640931767266822,0.14230543775947893,359,0.38643702906350913,0.9220055710306406,0.9185186371205329,"{'0.00': {'n': 929, 'accuracy': 0.7814854682454252}, '0.05': {'n': 541, 'accuracy': 0.8632162661737524}, '0.10': {'n': 439, 'accuracy': 0.89749430523918}, '0.15': {'n': 345, 'accuracy': 0.9246376811594202}, '0.20': {'n': 276, 'accuracy': 0.9565217391304348}, '0.30': {'n': 157, 'accuracy': 0.9936305732484076}}",0.09084354341030121,0.11338714222674628,0.8011802892839168,True,False,0.7,1,2945,520,929,556,48,59.0,73,0,48,59.0,structured,0.01
main,A375,0.7,structured,2,0,False,100,5890,1040,1856,34347,32546,201,48,4,0.18570822477340698,0.253980427980423,1445,0.4875451922416687,0.5002893209457397,1.0245996713638306,0.02622855082154274,0.4882778463902994,0.1857292205095291,1.0001130576534656,0,-0.03393807214821732,0.1801955490981962,2 * sqrt(2) * median posterior synergy_sd,0.03332841059321029,0.11807577594278768,1856,0.06170174832936098,0.008612796781818192,0.09280515493127627,0.7406879279671587,928,0.09339074480128452,0.13132218628194733,0.23376891151829587,0.1855354756116867,0.8280333216610085,0.7527302859694966,0.14230543775947893,358,0.3857758620689655,0.9078212290502793,0.9055379746835444,"{'0.00': {'n': 928, 'accuracy': 0.7672413793103449}, '0.05': {'n': 517, 'accuracy': 0.874274661508704}, '0.10': {'n': 431, 'accuracy': 0.8955916473317865}, '0.15': {'n': 343, 'accuracy': 0.9096209912536443}, '0.20': {'n': 274, 'accuracy': 0.9452554744525548}, '0.30': {'n': 169, 'accuracy': 0.9763313609467456}}",0.09333150833845139,0.11739335713708646,0.7950322796328521,True,False,0.7,2,2945,520,928,557,47,59.0,70,0,47,58.0,structured,0.01
main,A375,0.7,structured,3,0,False,100,5890,1040,1998,34347,32546,201,48,4,0.18030564486980438,0.24803686141967773,1250,0.4926351010799408,0.45508918166160583,1.0394130945205688,0.01890111155807972,0.4378328347609634,0.18596866726875305,1.0314079040788648,0,-0.03256093431205433,0.17692035731840128,2 * sqrt(2) * median posterior synergy_sd,0.02979162293252485,0.11259133532815312,1998,0.05947714695486024,0.007195687180040108,0.0848273964002203,0.7573852330259407,999,0.0891192396224035,0.12045370018935375,0.21202409330184552,0.16355302929878235,0.8248315686327153,0.7628301407620044,0.14230543775947893,389,0.3893893893893894,0.9280205655526992,0.930372001957905,"{'0.00': {'n': 999, 'accuracy': 0.7897897897897898}, '0.05': {'n': 593, 'accuracy': 0.8718381112984823}, '0.10': {'n': 472, 'accuracy': 0.9173728813559322}, '0.15': {'n': 369, 'accuracy': 0.9376693766937669}, '0.20': {'n': 287, 'accuracy': 0.9616724738675958}, '0.30': {'n': 155, 'accuracy': 0.9806451612903225}}",0.08238201588392258,0.10664749685704299,0.7724702249163204,True,False,0.7,3,2945,520,999,486,45,59.0,70,0,45,59.5,structured,0.01
main,A375,0.7,structured,4,0,False,100,5890,1040,1786,34347,32546,201,48,4,0.1877187043428421,0.26660487055778503,725,0.4876287877559662,0.5187850594520569,1.206714153289795,0.02401731349527836,0.42991545101026885,0.18798509240150452,1.0014190810638448,0,-0.031186436787436333,0.1783970809397326,2 * sqrt(2) * median posterior synergy_sd,0.03832645345943645,0.12747165346240064,1786,0.06437717640108336,0.00857698957337003,0.09261203795063594,0.7741130974803805,893,0.08983338994574105,0.12546622117720366,0.23311662515342554,0.19100426137447357,0.8434410088988384,0.7921968672450335,0.14230543775947893,358,0.4008958566629339,0.9413407821229051,0.9415189873417722,"{'0.00': {'n': 893, 'accuracy': 0.7816349384098544}, '0.05': {'n': 528, 'accuracy': 0.8977272727272727}, '0.10': {'n': 422, 'accuracy': 0.933649289099526}, '0.15': {'n': 347, 'accuracy': 0.9481268011527377}, '0.20': {'n': 271, 'accuracy': 0.9630996309963099}, '0.30': {'n': 164, 'accuracy': 0.9878048780487805}}",0.09554646164178848,0.11668689312202687,0.8188277113683153,True,False,0.7,4,2945,520,893,592,47,59.0,70,0,47,58.0,structured,0.01
main,A375,0.7,structured,5,0,False,100,5890,1040,2000,34347,32546,201,48,4,0.18229742348194122,0.2618349492549896,1420,0.4948912560939789,0.4868345260620117,1.153448224067688,0.022387461736798286,0.42206881583740924,0.18384642899036407,1.0084971333046642,0,-0.03467392261578947,0.17999206430784795,2 * sqrt(2) * median posterior synergy_sd,0.03569679981628225,0.12370804783004738,2000,0.05974966591289403,0.007573774874586831,0.08702743748144508,0.7877056183727407,1000,0.09061671255239429,0.12450458922285215,0.22763419355102732,0.17982305586338043,0.8386063865308392,0.7866444786444786,0.14230543775947893,404,0.404,0.9232673267326733,0.9245585478938543,"{'0.00': {'n': 1000, 'accuracy': 0.781}, '0.05': {'n': 579, 'accuracy': 0.8721934369602763}, '0.10': {'n': 468, 'accuracy': 0.9123931623931624}, '0.15': {'n': 389, 'accuracy': 0.9305912596401028}, '0.20': {'n': 315, 'accuracy': 0.9555555555555556}, '0.30': {'n': 187, 'accuracy': 0.983957219251337}}",0.09019678086042404,0.11409559577244839,0.7905369199378387,True,False,0.7,5,2945,520,1000,485,45,59.0,70,0,45,59.0,structured,0.01
main,A375,0.7,structured,6,0,False,100,5890,1040,1898,34347,32546,201,48,4,0.194466695189476,0.22947953641414642,1030,0.4788530468940735,0.48031124472618103,1.0625015497207642,0.0259955246001482,0.4520569827426713,0.19446712732315063,1.0000022221474696,0,-0.03532795734516129,0.18147078335407116,2 * sqrt(2) * median posterior synergy_sd,0.03340588820125747,0.11801804840697849,1898,0.06177066937505081,0.007828719349907707,0.08848005057586544,0.765594400383679,949,0.0916270651067922,0.1262880365737558,0.22561830227374263,0.1811884343624115,0.8291325783746921,0.7472495680786044,0.14230543775947893,357,0.3761854583772392,0.9215686274509803,0.9215160075329567,"{'0.00': {'n': 948, 'accuracy': 0.7552742616033755}, '0.05': {'n': 528, 'accuracy': 0.8617424242424242}, '0.10': {'n': 439, 'accuracy': 0.9043280182232346}, '0.15': {'n': 344, 'accuracy': 0.9186046511627907}, '0.20': {'n': 265, 'accuracy': 0.9584905660377359}, '0.30': {'n': 157, 'accuracy': 0.9745222929936306}}",0.09059683233499527,0.11280986122194157,0.8030931990666623,True,False,0.7,6,2945,520,949,536,45,59.0,71,0,45,58.0,structured,0.01
main,A375,0.7,structured,7,0,False,100,5890,1040,2006,34347,32546,201,48,4,0.19324588775634766,0.26204726099967957,990,0.48913678526878357,0.4919515550136566,1.1119672060012817,0.02670045755803585,0.4424155248091818,0.19353118538856506,1.001476345165891,0,-0.030965816895076402,0.17757736673718344,2 * sqrt(2) * median posterior synergy_sd,0.03290582262354674,0.11690186717831803,2006,0.06323956382757517,0.008481098221224984,0.09209287823292843,0.7421790304197147,1003,0.09136405977674243,0.12554883274730042,0.22317674314621583,0.1800072193145752,0.8272376047995993,0.7562519755189189,0.14230543775947893,404,0.40279162512462613,0.9282178217821783,0.930819589575727,"{'0.00': {'n': 1003, 'accuracy': 0.7746759720837487}, '0.05': {'n': 600, 'accuracy': 0.875}, '0.10': {'n': 485, 'accuracy': 0.9092783505154639}, '0.15': {'n': 390, 'accuracy': 0.9282051282051282}, '0.20': {'n': 296, 'accuracy': 0.9527027027027027}, '0.30': {'n': 154, 'accuracy': 0.9805194805194806}}",0.0904398113489151,0.11212848712849663,0.8065730098121559,True,False,0.7,7,2945,520,1003,482,46,59.0,72,0,46,59.0,structured,0.01
main,A375,0.7,unrestricted,0,0,False,100,5890,1040,1696,34224,32423,201,86,1,0.11756283044815063,0.21060070395469666,1430,0.5136217474937439,0.5246249437332153,0.6658254861831665,0.012988802045583725,0.7879316046320471,0.11867641657590866,1.0094722636696738,0,-0.03315180375466893,0.18082515540382293,2 * sqrt(2) * median posterior synergy_sd,0.0299274714558771,0.10919389716945095,1696,0.05358674313302276,0.006461235661364979,0.08038181175716917,0.7840701218839713,848,0.08124855846078802,0.11344689948344829,0.2200987637388758,0.19261406362056732,0.8573819981975883,0.7911992637368269,0.14230543775947893,289,0.3408018867924528,0.9584775086505191,0.9593213803740119,"{'0.00': {'n': 847, 'accuracy': 0.7768595041322314}, '0.05': {'n': 445, 'accuracy': 0.8966292134831461}, '0.10': {'n': 363, 'accuracy': 0.9338842975206612}, '0.15': {'n': 273, 'accuracy': 0.9597069597069597}, '0.20': {'n': 222, 'accuracy': 0.9774774774774775}, '0.30': {'n': 126, 'accuracy': 1.0}}",0.09631042182445526,0.11009523616147858,0.8747919090994556,True,False,0.7,0,2945,520,848,637,42,59.0,72,0,42,58.0,unrestricted,0.03
main,A375,0.7,unrestricted,1,0,False,100,5890,1040,1858,34224,32423,201,86,1,0.11872301250696182,0.2197180688381195,1475,0.5300533771514893,0.5279445052146912,0.8207120895385742,0.013006848283112049,0.6432761402497621,0.12190266698598862,1.0267821243066952,0,-0.03193649688285229,0.17889969993572066,2 * sqrt(2) * median posterior synergy_sd,0.03697783714696028,0.12367444062216891,1858,0.05502519479001352,0.006206246937734506,0.07877973684732963,0.8317640413469832,929,0.08226001219178619,0.11268224492240955,0.2252608861678265,0.18920883536338806,0.866392874016912,0.7906938219837614,0.14230543775947893,359,0.38643702906350913,0.9442896935933147,0.9415108236198284,"{'0.00': {'n': 929, 'accuracy': 0.7997847147470398}, '0.05': {'n': 541, 'accuracy': 0.88909426987061}, '0.10': {'n': 439, 'accuracy': 0.9225512528473804}, '0.15': {'n': 345, 'accuracy': 0.9507246376811594}, '0.20': {'n': 276, 'accuracy': 0.967391304347826}, '0.30': {'n': 157, 'accuracy': 0.9936305732484076}}",0.09571462869644165,0.11338714222674628,0.8441400569478683,True,False,0.7,1,2945,520,929,556,48,59.0,73,0,48,59.0,unrestricted,0.03
main,A375,0.7,unrestricted,2,0,False,100,5890,1040,1856,34224,32423,201,86,1,0.11901112645864487,0.21583139896392822,1470,0.5249967575073242,0.535315752029419,0.7371518015861511,0.013681501150131226,0.7261947279753835,0.1335219293832779,1.1219281201382072,0,-0.03393807214821732,0.1801955490981962,2 * sqrt(2) * median posterior synergy_sd,0.03332841059321029,0.11807577594278768,1856,0.05652233736184989,0.00767331263607411,0.0875974465157182,0.7689736969973984,928,0.08565935956938056,0.12371563626697102,0.23376891151829587,0.19445911049842834,0.8486503932867064,0.7662206302661372,0.14230543775947893,358,0.3857758620689655,0.9329608938547486,0.9300316455696203,"{'0.00': {'n': 928, 'accuracy': 0.7661637931034483}, '0.05': {'n': 517, 'accuracy': 0.8820116054158608}, '0.10': {'n': 431, 'accuracy': 0.9071925754060325}, '0.15': {'n': 343, 'accuracy': 0.9358600583090378}, '0.20': {'n': 274, 'accuracy': 0.948905109489051}, '0.30': {'n': 169, 'accuracy': 0.9763313609467456}}",0.09785299003124237,0.11739335713708646,0.8335479316514838,True,False,0.7,2,2945,520,928,557,47,59.0,70,0,47,58.0,unrestricted,0.03
main,A375,0.7,unrestricted,3,0,False,100,5890,1040,1998,34224,32423,201,86,1,0.13984648883342743,0.23031404614448547,440,0.5119447708129883,0.4712451994419098,0.6941267251968384,0.016822071745991707,0.6789036963074365,0.13984648883342743,1.0040262946406793,0,-0.03256093431205433,0.17692035731840128,2 * sqrt(2) * median posterior synergy_sd,0.02979162293252485,0.11259133532815312,1998,0.05620742184329698,0.006485069175716759,0.08052992720546046,0.7813449212687416,999,0.08472853949509274,0.11474069986691818,0.21202409330184552,0.1683894693851471,0.8425722160129188,0.7739191656586445,0.14230543775947893,389,0.3893893893893894,0.9280205655526992,0.9294882253766248,"{'0.00': {'n': 999, 'accuracy': 0.7797797797797797}, '0.05': {'n': 593, 'accuracy': 0.866779089376054}, '0.10': {'n': 472, 'accuracy': 0.9173728813559322}, '0.15': {'n': 369, 'accuracy': 0.9295392953929539}, '0.20': {'n': 287, 'accuracy': 0.9581881533101045}, '0.30': {'n': 155, 'accuracy': 0.9806451612903225}}",0.08471488207578659,0.10664749685704299,0.7943447766931065,True,False,0.7,3,2945,520,999,486,45,59.0,70,0,45,59.5,unrestricted,0.03
main,A375,0.7,unrestricted,4,0,False,100,5890,1040,1786,34224,32423,201,86,1,0.12052219361066818,0.23242078721523285,1430,0.5238453149795532,0.5550287365913391,0.8438186049461365,0.012977193109691143,0.6577583539139532,0.12072480469942093,1.0016811101979048,0,-0.031186436787436333,0.1783970809397326,2 * sqrt(2) * median posterior synergy_sd,0.03832645345943645,0.12747165346240064,1786,0.05991884941196398,0.007842794656344923,0.08855955429170205,0.7934491377348036,893,0.08636216187322199,0.12230742981013765,0.23311662515342554,0.2008615881204605,0.8516300512269711,0.7953344348763709,0.14230543775947893,358,0.4008958566629339,0.946927374301676,0.9491772151898734,"{'0.00': {'n': 893, 'accuracy': 0.7771556550951848}, '0.05': {'n': 528, 'accuracy': 0.8863636363636364}, '0.10': {'n': 422, 'accuracy': 0.933649289099526}, '0.15': {'n': 347, 'accuracy': 0.9510086455331412}, '0.20': {'n': 271, 'accuracy': 0.974169741697417}, '0.30': {'n': 164, 'accuracy': 0.9878048780487805}}",0.1004762202501297,0.11668689312202687,0.8610754606779645,True,False,0.7,4,2945,520,893,592,47,59.0,70,0,47,58.0,unrestricted,0.03
main,A375,0.7,unrestricted,5,0,False,100,5890,1040,2000,34224,32423,201,86,1,0.11824223399162292,0.2161867320537567,1480,0.5290514826774597,0.5240681171417236,0.873738169670105,0.012924529612064362,0.5997999576229966,0.15068557858467102,1.274380341928812,0,-0.03467392261578947,0.17999206430784795,2 * sqrt(2) * median posterior synergy_sd,0.03569679981628225,0.12370804783004738,2000,0.05586293591520474,0.006709721000738183,0.08191288665856053,0.8119252163775392,1000,0.08608355732073808,0.11823572095483627,0.22763419355102732,0.19070251286029816,0.8547438907780018,0.798010986010986,0.14230543775947893,404,0.404,0.9257425742574258,0.9256683436914275,"{'0.00': {'n': 1000, 'accuracy': 0.786}, '0.05': {'n': 579, 'accuracy': 0.8756476683937824}, '0.10': {'n': 468, 'accuracy': 0.9145299145299145}, '0.15': {'n': 389, 'accuracy': 0.9305912596401028}, '0.20': {'n': 315, 'accuracy': 0.9587301587301588}, '0.30': {'n': 187, 'accuracy': 0.9893048128342246}}",0.09560120105743408,0.11409559577244839,0.8379043942072977,True,False,0.7,5,2945,520,1000,485,45,59.0,70,0,45,59.0,unrestricted,0.03
main,A375,0.7,unrestricted,6,0,False,100,5890,1040,1898,34224,32423,201,86,1,0.151161789894104,0.20161110162734985,1470,0.4931671619415283,0.49865320324897766,1.3817239999771118,0.032740842550992966,0.3608920473678085,0.15249307453632355,1.0088070182494675,0,-0.03532795734516129,0.18147078335407116,2 * sqrt(2) * median posterior synergy_sd,0.03340588820125747,0.11801804840697849,1898,0.057235043488366215,0.006935043443617782,0.08327690822561667,0.7923526257477059,949,0.08538898094200759,0.12002485286486245,0.22561830227374263,0.18756718933582306,0.8469835238646626,0.7690450693566425,0.14230543775947893,357,0.3761854583772392,0.9327731092436975,0.9327212806026366,"{'0.00': {'n': 948, 'accuracy': 0.7732067510548524}, '0.05': {'n': 528, 'accuracy': 0.8863636363636364}, '0.10': {'n': 439, 'accuracy': 0.9202733485193622}, '0.15': {'n': 344, 'accuracy': 0.9302325581395349}, '0.20': {'n': 265, 'accuracy': 0.9584905660377359}, '0.30': {'n': 157, 'accuracy': 0.9808917197452229}}",0.09378831088542938,0.11280986122194157,0.8313839753858993,True,False,0.7,6,2945,520,949,536,45,59.0,71,0,45,58.0,unrestricted,0.03
main,A375,0.7,unrestricted,7,0,False,100,5890,1040,2006,34224,32423,201,86,1,0.12324655801057816,0.22512172162532806,1040,0.5268276929855347,0.5267733335494995,0.7360288500785828,0.014057600870728493,0.7156965837592617,0.12365110218524933,1.0032823973440008,0,-0.030965816895076402,0.17757736673718344,2 * sqrt(2) * median posterior synergy_sd,0.03290582262354674,0.11690186717831803,2006,0.05879718371132697,0.007527894452654497,0.0867634396082503,0.7711559286244061,1003,0.0854314625213334,0.11930125358926273,0.22317674314621583,0.18898142874240875,0.8452508512716232,0.7879395308836951,0.14230543775947893,404,0.40279162512462613,0.9405940594059405,0.9406269671408788,"{'0.00': {'n': 1003, 'accuracy': 0.7886340977068793}, '0.05': {'n': 600, 'accuracy': 0.8866666666666667}, '0.10': {'n': 485, 'accuracy': 0.9257731958762887}, '0.15': {'n': 390, 'accuracy': 0.941025641025641}, '0.20': {'n': 296, 'accuracy': 0.9594594594594594}, '0.30': {'n': 154, 'accuracy': 0.9935064935064936}}",0.09495832026004791,0.11212848712849663,0.846870609707129,True,False,0.7,7,2945,520,1003,482,46,59.0,72,0,46,59.0,unrestricted,0.03
main,PANC1,0.05,additive,0,0,False,100,422,74,1696,1801,0,201,48,0,0.7514841556549072,1.452635645866394,5,0.0,0.0,0.0,0.1476583182811737,0.0,0.7556716203689575,1.0055722594848338,2,-0.014695664575829385,0.12209637598385374,2 * sqrt(2) * median posterior synergy_sd,0.012949046323236898,0.06969877917278737,1696,0.06638664264371429,0.01121695782785042,0.10591014034477728,0.1298061985382457,848,0.09682404663840907,0.1401990537693694,0.15039416564770727,0.03599902614951134,0.3995521862777318,0.4089584327266839,0.10236915120306743,318,0.375,0.7452830188679245,0.7404395604395604,"{'0.00': {'n': 848, 'accuracy': 0.6580188679245284}, '0.05': {'n': 444, 'accuracy': 0.7184684684684685}, '0.10': {'n': 323, 'accuracy': 0.7368421052631579}, '0.15': {'n': 237, 'accuracy': 0.7763713080168776}, '0.20': {'n': 141, 'accuracy': 0.8439716312056738}, '0.30': {'n': 50, 'accuracy': 0.88}}",0.01802854612469673,0.07537258614023637,0.2391923515952241,False,False,0.05,0,211,37,848,637,0,4.0,11,1,3,5.0,additive null,0.03
main,PANC1,0.05,additive,1,0,False,100,422,74,1858,1801,0,201,48,0,0.4197521507740021,0.5108755826950073,40,0.0,0.0,0.0,0.3191583752632141,0.0,0.41987305879592896,1.0002880462237154,2,-0.025285576876777252,0.13387474043462455,2 * sqrt(2) * median posterior synergy_sd,0.018590827295148868,0.0860138388018534,1858,0.08190954034498955,0.013122882391013155,0.11455514999777686,0.29319703791910545,929,0.11067852262708329,0.1494103342139426,0.1689557449968729,0.08407773077487946,0.4728671450532991,0.43849130896546934,0.10236915120306743,369,0.39720129171151775,0.7642276422764228,0.7628570588926766,"{'0.00': {'n': 929, 'accuracy': 0.673842841765339}, '0.05': {'n': 516, 'accuracy': 0.7228682170542635}, '0.10': {'n': 378, 'accuracy': 0.7592592592592593}, '0.15': {'n': 270, 'accuracy': 0.7851851851851852}, '0.20': {'n': 181, 'accuracy': 0.8066298342541437}, '0.30': {'n': 86, 'accuracy': 0.8372093023255814}}",0.04272724688053131,0.08449422001265756,0.5056824818801878,False,False,0.05,1,211,37,929,556,1,4.0,10,0,3,4.0,additive null,0.03
main,PANC1,0.05,additive,2,0,False,100,422,74,1856,1801,0,201,48,0,0.4395321011543274,1.363756775856018,35,0.0,0.0,0.0,0.32345592975616455,0.0,0.44016027450561523,1.0014291865136542,2,-0.0270727217535545,0.1297039226057238,2 * sqrt(2) * median posterior synergy_sd,0.014666520380620551,0.07604556661726793,1856,0.07650129011330599,0.011613019398171009,0.10776372023167634,0.20743248767507416,928,0.10621032793208851,0.1427362785093737,0.15679700813626177,0.08360470086336136,0.42751332834663214,0.4043144170126522,0.10236915120306743,329,0.3545258620689655,0.7537993920972644,0.7525879917184265,"{'0.00': {'n': 927, 'accuracy': 0.639697950377562}, '0.05': {'n': 461, 'accuracy': 0.7158351409978309}, '0.10': {'n': 336, 'accuracy': 0.7470238095238095}, '0.15': {'n': 238, 'accuracy': 0.7941176470588235}, '0.20': {'n': 167, 'accuracy': 0.8143712574850299}, '0.30': {'n': 75, 'accuracy': 0.9066666666666666}}",0.04195350408554077,0.07843005862284348,0.5349161383046758,False,False,0.05,2,211,37,928,557,0,4.0,10,3,3,5.0,additive null,0.03
main,PANC1,0.05,additive,3,0,False,100,422,74,1998,1801,0,201,48,0,0.3830670118331909,0.4171712100505829,50,0.0,0.0,0.0,0.3385711908340454,0.0,0.3830670118331909,1.0023091108036317,2,-0.023931572061611377,0.13087361528504768,2 * sqrt(2) * median posterior synergy_sd,0.017454644470542284,0.08383715402588846,1998,0.08579109784450428,0.014613885629418268,0.12088790522388196,0.1613168803854279,999,0.11327553062450231,0.14947926047617247,0.16959796940905403,0.08859748393297195,0.47542051918907896,0.4366397058381026,0.10236915120306743,413,0.4134134134134134,0.7578692493946732,0.7593752933445977,"{'0.00': {'n': 999, 'accuracy': 0.6466466466466466}, '0.05': {'n': 562, 'accuracy': 0.7117437722419929}, '0.10': {'n': 419, 'accuracy': 0.7565632458233891}, '0.15': {'n': 312, 'accuracy': 0.7916666666666666}, '0.20': {'n': 208, 'accuracy': 0.8461538461538461}, '0.30': {'n': 93, 'accuracy': 0.9032258064516129}}",0.04431004077196121,0.08480667159426357,0.5224829596420384,False,False,0.05,3,211,37,999,486,1,4.0,9,0,3,4.0,additive null,0.03
main,PANC1,0.05,additive,4,0,False,100,422,74,1786,1801,0,201,48,0,0.4157225489616394,0.6899117231369019,25,0.0,0.0,0.0,0.3309027850627899,0.0,0.4157225489616394,1.0009226866908598,2,-0.029050481388625593,0.1445667344111786,2 * sqrt(2) * median posterior synergy_sd,0.0180757997620848,0.08683459116691963,1786,0.0855970496800607,0.013780853973150669,0.11739188205813325,0.23071709434431986,893,0.11327364944419678,0.15025163816991188,0.17358986049982916,0.09566780179738998,0.5033675415435639,0.47146733466095025,0.10236915120306743,372,0.4165733482642777,0.7688172043010753,0.7694042799305957,"{'0.00': {'n': 893, 'accuracy': 0.6662933930571109}, '0.05': {'n': 500, 'accuracy': 0.738}, '0.10': {'n': 380, 'accuracy': 0.7605263157894737}, '0.15': {'n': 277, 'accuracy': 0.8050541516245487}, '0.20': {'n': 166, 'accuracy': 0.8493975903614458}, '0.30': {'n': 85, 'accuracy': 0.9176470588235294}}",0.04783753305673599,0.08679935526813581,0.5511277463865821,False,False,0.05,4,211,37,893,592,0,4.0,11,2,3,5.0,additive null,0.03
main,PANC1,0.05,additive,5,0,False,100,422,74,2000,1801,0,201,48,0,0.41727128624916077,0.4351310729980469,55,0.0,0.0,0.0,0.3511471748352051,0.0,0.41727128624916077,1.0006228298328843,2,-0.0329749045521327,0.1455881862200948,2 * sqrt(2) * median posterior synergy_sd,0.01822484507576268,0.08911758076656162,2000,0.08726181645703535,0.014751763537100093,0.1214568381652515,0.19019350257128886,1000,0.10998287546184828,0.146938061397903,0.16623131291657242,0.10217475146055222,0.48741142908132523,0.46019501219501224,0.10236915120306743,424,0.424,0.7712264150943396,0.772415329768271,"{'0.00': {'n': 1000, 'accuracy': 0.67}, '0.05': {'n': 568, 'accuracy': 0.7306338028169014}, '0.10': {'n': 433, 'accuracy': 0.7713625866050808}, '0.15': {'n': 296, 'accuracy': 0.7905405405405406}, '0.20': {'n': 206, 'accuracy': 0.8106796116504854}, '0.30': {'n': 96, 'accuracy': 0.875}}",0.05112288147211075,0.08315126662020575,0.614817832007479,False,False,0.05,5,211,37,1000,485,0,4.0,9,2,3,4.0,additive null,0.03
main,PANC1,0.05,additive,6,0,False,100,422,74,1898,1801,0,201,48,0,0.47987988591194153,0.8044953346252441,25,0.0,0.0,0.0,0.2619419991970062,0.0,0.4803849756717682,1.0010525337165712,2,-0.023103551789099522,0.13745948075446685,2 * sqrt(2) * median posterior synergy_sd,0.01628576036590576,0.08042462395305859,1898,0.08212988705357264,0.012888276090379434,0.11352654354986517,0.20857859197570017,949,0.10255330376702444,0.14058472236082986,0.15586955366378266,0.07187677174806595,0.43325030855502905,0.4399611218092048,0.10236915120306743,366,0.3856691253951528,0.7650273224043715,0.7646408839779006,"{'0.00': {'n': 948, 'accuracy': 0.6666666666666666}, '0.05': {'n': 503, 'accuracy': 0.7256461232604374}, '0.10': {'n': 371, 'accuracy': 0.7654986522911051}, '0.15': {'n': 258, 'accuracy': 0.813953488372093}, '0.20': {'n': 170, 'accuracy': 0.8235294117647058}, '0.30': {'n': 68, 'accuracy': 0.8823529411764706}}",0.03600641340017319,0.07793718828100704,0.4619927173963472,False,False,0.05,6,211,37,949,536,1,4.0,10,0,3,5.0,additive null,0.03
main,PANC1,0.05,additive,7,0,False,100,422,74,2006,1801,0,201,48,0,0.46906551718711853,0.7946093678474426,30,0.0,0.0,0.0,0.35272130370140076,0.0,0.4695315957069397,1.0009936320252577,2,-0.022088566682464453,0.12127763916990009,2 * sqrt(2) * median posterior synergy_sd,0.016728777876747886,0.08148970640125358,2006,0.08281986691262211,0.014155321519578806,0.11897613844623973,0.14901366272213856,1003,0.10982290854445263,0.14298775548523346,0.16253778697861695,0.08545625954866409,0.47815163733768634,0.4166901923235233,0.10236915120306743,428,0.4267198404785643,0.7570093457943925,0.7562937062937063,"{'0.00': {'n': 1003, 'accuracy': 0.6430707876370887}, '0.05': {'n': 555, 'accuracy': 0.7171171171171171}, '0.10': {'n': 438, 'accuracy': 0.7534246575342466}, '0.15': {'n': 294, 'accuracy': 0.8027210884353742}, '0.20': {'n': 189, 'accuracy': 0.8624338624338624}, '0.30': {'n': 82, 'accuracy': 0.926829268292683}}",0.042777206748723984,0.081339272989613,0.5259108567909946,False,False,0.05,7,211,37,1003,482,1,4.0,9,0,3,4.0,additive null,0.03
main,PANC1,0.05,order_insensitive,0,0,False,100,422,74,1696,34224,32423,201,86,2,0.9573860168457031,1.450469732284546,0,0.0,0.0,0.036136195063591,0.0,0.0,0.9621033668518066,1.004927322859431,2,-0.014695664575829385,0.12209637598385374,2 * sqrt(2) * median posterior synergy_sd,0.012949046323236898,0.06969877917278737,1696,0.07138257780900055,0.012665556002086194,0.11254135240917533,0.017426249235150792,848,0.09987849063797169,0.15074517228047274,0.15039416564770727,0.0,,,0.10236915120306743,318,0.375,0.5,0.5,"{'0.00': {'n': 848, 'accuracy': 0.5}, '0.05': {'n': 444, 'accuracy': 0.5}, '0.10': {'n': 323, 'accuracy': 0.5}, '0.15': {'n': 237, 'accuracy': 0.5}, '0.20': {'n': 141, 'accuracy': 0.5}, '0.30': {'n': 50, 'accuracy': 0.5}}",0.0,0.07537258614023637,0.0,False,False,0.05,0,211,37,848,637,0,4.0,11,1,3,5.0,order-insensitive,0.03
main,PANC1,0.05,order_insensitive,1,0,False,100,422,74,1858,34224,32423,201,86,2,0.3693457841873169,0.48573294281959534,35,0.0,0.0,0.46379315853118896,0.0,0.0,0.3693457841873169,1.0043850105206376,2,-0.025285576876777252,0.13387474043462455,2 * sqrt(2) * median posterior synergy_sd,0.018590827295148868,0.0860138388018534,1858,0.0855817764010147,0.014666838006030195,0.12110672155594913,0.21003905711126092,929,0.11231310531646933,0.16898844002531513,0.1689557449968729,0.0,,,0.10236915120306743,369,0.39720129171151775,0.5,0.5,"{'0.00': {'n': 929, 'accuracy': 0.5}, '0.05': {'n': 516, 'accuracy': 0.5}, '0.10': {'n': 378, 'accuracy': 0.5}, '0.15': {'n': 270, 'accuracy': 0.5}, '0.20': {'n': 181, 'accuracy': 0.5}, '0.30': {'n': 86, 'accuracy': 0.5}}",0.0,0.08449422001265756,0.0,False,False,0.05,1,211,37,929,556,1,4.0,10,0,3,4.0,order-insensitive,0.03
main,PANC1,0.05,order_insensitive,2,0,False,100,422,74,1856,34224,32423,201,86,2,0.43165284395217896,1.3618578910827637,205,0.0,0.0,0.5847469568252563,0.0,0.0,0.4477079510688782,1.0371944893718292,2,-0.0270727217535545,0.1297039226057238,2 * sqrt(2) * median posterior synergy_sd,0.014666520380620551,0.07604556661726793,1856,0.08187295334396873,0.01396806937872241,0.11818658713543771,0.046704597667376335,928,0.10164638985775863,0.15686011724568696,0.15679700813626177,0.0,,,0.10236915120306743,329,0.3545258620689655,0.5,0.5,"{'0.00': {'n': 927, 'accuracy': 0.5}, '0.05': {'n': 461, 'accuracy': 0.5}, '0.10': {'n': 336, 'accuracy': 0.5}, '0.15': {'n': 238, 'accuracy': 0.5}, '0.20': {'n': 167, 'accuracy': 0.5}, '0.30': {'n': 75, 'accuracy': 0.5}}",0.0,0.07843005862284348,0.0,False,False,0.05,2,211,37,928,557,0,4.0,10,3,3,5.0,order-insensitive,0.03
main,PANC1,0.05,order_insensitive,3,0,False,100,422,74,1998,34224,32423,201,86,2,0.42910104990005493,0.49053841829299927,25,0.0,0.0,0.3297854959964752,0.0,0.0,0.42910104990005493,1.0088807763724905,2,-0.023931572061611377,0.13087361528504768,2 * sqrt(2) * median posterior synergy_sd,0.017454644470542284,0.08383715402588846,1998,0.0914158544153324,0.016821235329599806,0.1296967051609246,0.03463825571480117,999,0.11499516764564564,0.16961334318852714,0.16959796940905403,0.0,,,0.10236915120306743,413,0.4134134134134134,0.5,0.5,"{'0.00': {'n': 999, 'accuracy': 0.5}, '0.05': {'n': 562, 'accuracy': 0.5}, '0.10': {'n': 419, 'accuracy': 0.5}, '0.15': {'n': 312, 'accuracy': 0.5}, '0.20': {'n': 208, 'accuracy': 0.5}, '0.30': {'n': 93, 'accuracy': 0.5}}",0.0,0.08480667159426357,0.0,False,False,0.05,3,211,37,999,486,1,4.0,9,0,3,4.0,order-insensitive,0.03
main,PANC1,0.05,order_insensitive,4,0,False,100,422,74,1786,34224,32423,201,86,2,0.4306492507457733,0.6937107443809509,30,0.0,0.0,0.3906920254230499,0.0,0.0,0.4306492507457733,1.021388944787695,2,-0.029050481388625593,0.1445667344111786,2 * sqrt(2) * median posterior synergy_sd,0.0180757997620848,0.08683459116691963,1786,0.09244213677412969,0.017032483642293785,0.130508557735858,0.04920271759610284,893,0.11575238709182532,0.17359871053627163,0.17358986049982916,0.0,,,0.10236915120306743,372,0.4165733482642777,0.5,0.5,"{'0.00': {'n': 893, 'accuracy': 0.5}, '0.05': {'n': 500, 'accuracy': 0.5}, '0.10': {'n': 380, 'accuracy': 0.5}, '0.15': {'n': 277, 'accuracy': 0.5}, '0.20': {'n': 166, 'accuracy': 0.5}, '0.30': {'n': 85, 'accuracy': 0.5}}",0.0,0.08679935526813581,0.0,False,False,0.05,4,211,37,893,592,0,4.0,11,2,3,5.0,order-insensitive,0.03
main,PANC1,0.05,order_insensitive,5,0,False,100,422,74,2000,34224,32423,201,86,2,0.9593527317047119,0.5389060974121094,0,0.0,0.0,0.034011419862508774,0.0,0.0,0.9593527317047119,1.385268101933723,2,-0.0329749045521327,0.1455881862200948,2 * sqrt(2) * median posterior synergy_sd,0.01822484507576268,0.08911758076656162,2000,0.0841793423788582,0.017853830415661125,0.1336182263602579,0.019903766879731832,1000,0.114121788415,0.1663025332404115,0.16623131291657242,0.0,,,0.10236915120306743,424,0.424,0.5,0.5,"{'0.00': {'n': 1000, 'accuracy': 0.5}, '0.05': {'n': 568, 'accuracy': 0.5}, '0.10': {'n': 433, 'accuracy': 0.5}, '0.15': {'n': 296, 'accuracy': 0.5}, '0.20': {'n': 206, 'accuracy': 0.5}, '0.30': {'n': 96, 'accuracy': 0.5}}",0.0,0.08315126662020575,0.0,False,False,0.05,5,211,37,1000,485,0,4.0,9,2,3,4.0,order-insensitive,0.03
main,PANC1,0.05,order_insensitive,6,0,False,100,422,74,1898,34224,32423,201,86,2,0.3469603955745697,0.9068626165390015,30,0.0,0.0,0.3996128737926483,0.0,0.0,0.3469603955745697,1.0055280442181351,2,-0.023103551789099522,0.13745948075446685,2 * sqrt(2) * median posterior synergy_sd,0.01628576036590576,0.08042462395305859,1898,0.08644902239238751,0.014666774490872779,0.12110645932762125,0.09936757737475765,949,0.10389387675553215,0.15587437656201408,0.15586955366378266,0.0,,,0.10236915120306743,366,0.3856691253951528,0.5,0.5,"{'0.00': {'n': 948, 'accuracy': 0.5}, '0.05': {'n': 503, 'accuracy': 0.5}, '0.10': {'n': 371, 'accuracy': 0.5}, '0.15': {'n': 258, 'accuracy': 0.5}, '0.20': {'n': 170, 'accuracy': 0.5}, '0.30': {'n': 68, 'accuracy': 0.5}}",0.0,0.07793718828100704,0.0,False,False,0.05,6,211,37,949,536,1,4.0,10,0,3,5.0,order-insensitive,0.03
main,PANC1,0.05,order_insensitive,7,0,False,100,422,74,2006,34224,32423,201,86,2,0.48748695850372314,0.8648908734321594,15,0.0,0.0,0.3754311203956604,0.0,0.0,0.48748695850372314,1.0590152280780354,2,-0.022088566682464453,0.12127763916990009,2 * sqrt(2) * median posterior synergy_sd,0.016728777876747886,0.08148970640125358,2006,0.09331722194531701,0.01793197018988473,0.13391030651105512,-0.07803002644335999,1003,0.11020255063110669,0.162678545979226,0.16253778697861695,0.0,,,0.10236915120306743,428,0.4267198404785643,0.5,0.5,"{'0.00': {'n': 1003, 'accuracy': 0.5}, '0.05': {'n': 555, 'accuracy': 0.5}, '0.10': {'n': 438, 'accuracy': 0.5}, '0.15': {'n': 294, 'accuracy': 0.5}, '0.20': {'n': 189, 'accuracy': 0.5}, '0.30': {'n': 82, 'accuracy': 0.5}}",0.0,0.081339272989613,0.0,False,False,0.05,7,211,37,1003,482,1,4.0,9,0,3,4.0,order-insensitive,0.03
main,PANC1,0.05,structured,0,0,False,100,422,74,1696,34347,32546,201,48,4,0.9758142232894897,1.4557689428329468,0,0.001198976649902761,0.0010963290696963668,0.013640549965202808,0.013081948272883892,0.08037279086936482,0.9802192449569702,1.0045142011279884,0,-0.014695664575829385,0.12209637598385374,2 * sqrt(2) * median posterior synergy_sd,0.012949046323236898,0.06969877917278737,1696,0.06999345283202892,0.0127744252578447,0.11302400301637126,0.008980345008285928,848,0.09921270358099034,0.14978979664199252,0.15039416564770727,0.0032392852008342743,0.2987167834540231,0.28914182629884894,0.10236915120306743,318,0.375,0.6666666666666666,0.661978021978022,"{'0.00': {'n': 848, 'accuracy': 0.6002358490566038}, '0.05': {'n': 444, 'accuracy': 0.6418918918918919}, '0.10': {'n': 323, 'accuracy': 0.6625386996904025}, '0.15': {'n': 237, 'accuracy': 0.7088607594936709}, '0.20': {'n': 141, 'accuracy': 0.7446808510638298}, '0.30': {'n': 50, 'accuracy': 0.82}}",0.0016277445247396827,0.07537258614023637,0.021595975514375233,True,False,0.05,0,211,37,848,637,0,4.0,11,1,3,5.0,structured,0.01
main,PANC1,0.05,structured,1,0,False,100,422,74,1858,34347,32546,201,48,4,0.01620934158563614,0.4754719138145447,160,0.5125972032546997,0.4218253791332245,0.6668388843536377,0.043995968997478485,0.632574657883211,0.6756652593612671,41.683695527769366,0,-0.025285576876777252,0.13387474043462455,2 * sqrt(2) * median posterior synergy_sd,0.018590827295148868,0.0860138388018534,1858,0.08448066346542213,0.013634993334675997,0.11676897419552848,0.26561456624026003,929,0.11773036981235345,0.15678458982912413,0.1689557449968729,0.12021864205598831,0.4593176858036479,0.4135661140053953,0.10236915120306743,369,0.39720129171151775,0.7479674796747967,0.7467967556130246,"{'0.00': {'n': 929, 'accuracy': 0.6566200215285253}, '0.05': {'n': 516, 'accuracy': 0.7151162790697675}, '0.10': {'n': 378, 'accuracy': 0.746031746031746}, '0.15': {'n': 270, 'accuracy': 0.7777777777777778}, '0.20': {'n': 181, 'accuracy': 0.8287292817679558}, '0.30': {'n': 86, 'accuracy': 0.8488372093023255}}",0.06084565818309784,0.08449422001265756,0.7201162182925994,True,False,0.05,1,211,37,929,556,1,4.0,10,0,3,4.0,structured,0.01
main,PANC1,0.05,structured,2,0,False,100,422,74,1856,34347,32546,201,48,4,0.017666304484009743,1.1282223463058472,85,0.5292941927909851,0.4059644937515259,0.4583105146884918,0.09760094434022903,0.8857848134412868,0.017666304484009743,1.0342533287504765,0,-0.0270727217535545,0.1297039226057238,2 * sqrt(2) * median posterior synergy_sd,0.014666520380620551,0.07604556661726793,1856,0.08297531552529437,0.0132133104507528,0.1149491646370377,0.09821552565567504,928,0.11880687844947051,0.15869833664074248,0.15679700813626177,0.11810752749443054,0.36099580948988824,0.32154515338503686,0.10236915120306743,329,0.3545258620689655,0.6869300911854104,0.6864648033126295,"{'0.00': {'n': 927, 'accuracy': 0.6084142394822006}, '0.05': {'n': 461, 'accuracy': 0.6464208242950108}, '0.10': {'n': 336, 'accuracy': 0.6785714285714286}, '0.15': {'n': 238, 'accuracy': 0.7142857142857143}, '0.20': {'n': 167, 'accuracy': 0.7485029940119761}, '0.30': {'n': 75, 'accuracy': 0.8133333333333334}}",0.05922604352235794,0.07843005862284348,0.7551447055161044,True,False,0.05,2,211,37,928,557,0,4.0,10,3,3,5.0,structured,0.01
main,PANC1,0.05,structured,3,0,False,100,422,74,1998,34347,32546,201,48,4,0.018339451402425766,0.4730120599269867,100,0.5336388945579529,0.44667959213256836,0.4442492127418518,0.08327093720436096,1.0054707567757217,0.018339451402425766,1.0657688559093619,0,-0.023931572061611377,0.13087361528504768,2 * sqrt(2) * median posterior synergy_sd,0.017454644470542284,0.08383715402588846,1998,0.09357985729866261,0.01648937702516885,0.12841096925562415,0.05368342721045616,999,0.12925417762039962,0.16598501415162126,0.16959796940905403,0.13067680597305298,0.4142850910126017,0.37693002822461735,0.10236915120306743,413,0.4134134134134134,0.7094430992736077,0.7109147657936732,"{'0.00': {'n': 999, 'accuracy': 0.6236236236236237}, '0.05': {'n': 562, 'accuracy': 0.6903914590747331}, '0.10': {'n': 419, 'accuracy': 0.7040572792362768}, '0.15': {'n': 312, 'accuracy': 0.7275641025641025}, '0.20': {'n': 208, 'accuracy': 0.7932692307692307}, '0.30': {'n': 93, 'accuracy': 0.8924731182795699}}",0.06541521102190018,0.08480667159426357,0.7713451051924664,True,False,0.05,3,211,37,999,486,1,4.0,9,0,3,4.0,structured,0.01
main,PANC1,0.05,structured,4,0,False,100,422,74,1786,34347,32546,201,48,4,0.012664749287068844,0.7174769639968872,745,0.5836431384086609,0.5287443399429321,0.6707803010940552,0.022386275231838226,0.7882526351482598,0.6827083230018616,53.90618539120477,0,-0.029050481388625593,0.1445667344111786,2 * sqrt(2) * median posterior synergy_sd,0.0180757997620848,0.08683459116691963,1786,0.10232318481486667,0.018643608915577686,0.1365416014098915,-0.04073446148016435,893,0.13356800411907366,0.17298391540407884,0.17358986049982916,0.1577206701040268,0.45820406191635654,0.4096985340683589,0.10236915120306743,372,0.4165733482642777,0.7419354838709677,0.7420474262579526,"{'0.00': {'n': 893, 'accuracy': 0.6427771556550952}, '0.05': {'n': 500, 'accuracy': 0.716}, '0.10': {'n': 380, 'accuracy': 0.7394736842105263}, '0.15': {'n': 277, 'accuracy': 0.776173285198556}, '0.20': {'n': 166, 'accuracy': 0.8192771084337349}, '0.30': {'n': 85, 'accuracy': 0.8823529411764706}}",0.07888341695070267,0.08679935526813581,0.9088018765464367,True,False,0.05,4,211,37,893,592,0,4.0,11,2,3,5.0,structured,0.01
main,PANC1,0.05,structured,5,0,False,100,422,74,2000,34347,32546,201,48,4,0.7115722894668579,0.5162413716316223,10,0.07716049998998642,0.07079844921827316,0.11672918498516083,0.08659637719392776,0.6065188344052381,0.867463231086731,1.2190795565362356,0,-0.0329749045521327,0.1455881862200948,2 * sqrt(2) * median posterior synergy_sd,0.01822484507576268,0.08911758076656162,2000,0.08395336829055976,0.01638246481994947,0.12799400306244613,0.10067522288251662,1000,0.11325484039834023,0.15967941956224077,0.16623131291657242,0.0344633087515831,0.29190360812206545,0.27791679791679796,0.10236915120306743,424,0.424,0.6320754716981132,0.6320855614973262,"{'0.00': {'n': 1000, 'accuracy': 0.596}, '0.05': {'n': 568, 'accuracy': 0.6320422535211268}, '0.10': {'n': 433, 'accuracy': 0.6351039260969977}, '0.15': {'n': 296, 'accuracy': 0.6317567567567568}, '0.20': {'n': 206, 'accuracy': 0.6407766990291263}, '0.30': {'n': 96, 'accuracy': 0.71875}}",0.017232034355401993,0.08315126662020575,0.20723718418036233,True,False,0.05,5,211,37,1000,485,0,4.0,9,2,3,4.0,structured,0.01
main,PANC1,0.05,structured,6,0,False,100,422,74,1898,34347,32546,201,48,4,0.015786532312631607,0.8802635669708252,125,0.48920610547065735,0.42506271600723267,0.5807791948318481,0.06512250751256943,0.731883510617663,0.015868209302425385,1.0051738398386847,0,-0.023103551789099522,0.13745948075446685,2 * sqrt(2) * median posterior synergy_sd,0.01628576036590576,0.08042462395305859,1898,0.09123538434376409,0.015276266652993791,0.12359719516637015,0.06194091598552409,949,0.12452896814648935,0.16075863870090243,0.15586955366378266,0.12699803709983826,0.3701773735416403,0.3381546408470924,0.10236915120306743,366,0.3856691253951528,0.6994535519125683,0.69905928027475,"{'0.00': {'n': 948, 'accuracy': 0.6075949367088608}, '0.05': {'n': 503, 'accuracy': 0.6679920477137177}, '0.10': {'n': 371, 'accuracy': 0.7008086253369272}, '0.15': {'n': 258, 'accuracy': 0.7364341085271318}, '0.20': {'n': 170, 'accuracy': 0.788235294117647}, '0.30': {'n': 68, 'accuracy': 0.8676470588235294}}",0.06369099766016006,0.07793718828100704,0.8172093331173109,True,False,0.05,6,211,37,949,536,1,4.0,10,0,3,5.0,structured,0.01
main,PANC1,0.05,structured,7,0,False,100,422,74,2006,34347,32546,201,48,4,0.7235809564590454,0.894603431224823,10,0.09740503132343292,0.0933426097035408,0.1000152975320816,0.09776492416858673,0.933283327718938,0.8821805119514465,1.219187022649867,0,-0.022088566682464453,0.12127763916990009,2 * sqrt(2) * median posterior synergy_sd,0.016728777876747886,0.08148970640125358,2006,0.07944440311893945,0.01559959220183198,0.12489832745810482,0.06218733269293564,1003,0.10905878778751867,0.15503970090923877,0.16253778697861695,0.03622990846633911,0.3174237780835248,0.29802326684093533,0.10236915120306743,428,0.4267198404785643,0.6682242990654206,0.6669143356643357,"{'0.00': {'n': 1003, 'accuracy': 0.6061814556331007}, '0.05': {'n': 555, 'accuracy': 0.6432432432432432}, '0.10': {'n': 438, 'accuracy': 0.6666666666666666}, '0.15': {'n': 294, 'accuracy': 0.673469387755102}, '0.20': {'n': 189, 'accuracy': 0.6931216931216931}, '0.30': {'n': 82, 'accuracy': 0.8170731707317073}}",0.018115004524588585,0.081339272989613,0.2227092013337993,True,False,0.05,7,211,37,1003,482,1,4.0,9,0,3,4.0,structured,0.01
main,PANC1,0.05,unrestricted,0,0,False,100,422,74,1696,34224,32423,201,86,1,0.030407739803195,1.433525562286377,35,0.501643180847168,0.40907183289527893,0.439924955368042,0.1456846296787262,0.9298673055568051,0.951937735080719,31.305770874187008,0,-0.014695664575829385,0.12209637598385374,2 * sqrt(2) * median posterior synergy_sd,0.012949046323236898,0.06969877917278737,1696,0.08081684320295793,0.012422902458681856,0.11145807489222957,0.03625092635472682,848,0.11483657592741348,0.15039392489814946,0.15039416564770727,0.1239667609333992,0.41228847373829525,0.3880047335701955,0.10236915120306743,318,0.375,0.7389937106918238,0.7334465534465535,"{'0.00': {'n': 848, 'accuracy': 0.6438679245283019}, '0.05': {'n': 444, 'accuracy': 0.704954954954955}, '0.10': {'n': 323, 'accuracy': 0.7306501547987616}, '0.15': {'n': 237, 'accuracy': 0.7763713080168776}, '0.20': {'n': 141, 'accuracy': 0.8014184397163121}, '0.30': {'n': 50, 'accuracy': 0.84}}",0.062110383063554764,0.07537258614023637,0.8240447388655833,True,False,0.05,0,211,37,848,637,0,4.0,11,1,3,5.0,unrestricted,0.03
main,PANC1,0.05,unrestricted,1,0,False,100,422,74,1858,34224,32423,201,86,1,0.02360985428094864,0.4684308171272278,115,0.5138623714447021,0.4366742670536041,0.6938769221305847,0.034465909004211426,0.6293252493724296,0.9527581334114075,40.35425725520936,0,-0.025285576876777252,0.13387474043462455,2 * sqrt(2) * median posterior synergy_sd,0.018590827295148868,0.0860138388018534,1858,0.08761285749954105,0.014634918012585667,0.12097486521003306,0.2117582789440836,929,0.12125697069356767,0.16100879701625,0.1689557449968729,0.12074664980173111,0.43244471308183585,0.3856884997204165,0.10236915120306743,369,0.39720129171151775,0.7181571815718157,0.7168214411660985,"{'0.00': {'n': 929, 'accuracy': 0.6447793326157158}, '0.05': {'n': 516, 'accuracy': 0.6841085271317829}, '0.10': {'n': 378, 'accuracy': 0.716931216931217}, '0.15': {'n': 270, 'accuracy': 0.7518518518518519}, '0.20': {'n': 181, 'accuracy': 0.8121546961325967}, '0.30': {'n': 86, 'accuracy': 0.8255813953488372}}",0.06158968433737755,0.08449422001265756,0.728921863864193,True,False,0.05,1,211,37,929,556,1,4.0,10,0,3,4.0,unrestricted,0.03
main,PANC1,0.05,unrestricted,2,0,False,100,422,74,1856,34224,32423,201,86,1,0.03464239090681076,1.1564034223556519,30,0.450326144695282,0.323022723197937,0.3572123944759369,0.17367754876613617,0.9042875560682623,0.05438663437962532,1.569944595508066,0,-0.0270727217535545,0.1297039226057238,2 * sqrt(2) * median posterior synergy_sd,0.014666520380620551,0.07604556661726793,1856,0.07921937856630765,0.01239648095843762,0.11133948517232159,0.15396265708816315,928,0.11245423322980051,0.15118843540193797,0.15679700813626177,0.10965124517679214,0.40131531308231727,0.36738926329367216,0.10236915120306743,329,0.3545258620689655,0.7325227963525835,0.7312370600414079,"{'0.00': {'n': 927, 'accuracy': 0.6289104638619202}, '0.05': {'n': 461, 'accuracy': 0.6898047722342733}, '0.10': {'n': 336, 'accuracy': 0.7232142857142857}, '0.15': {'n': 238, 'accuracy': 0.773109243697479}, '0.20': {'n': 167, 'accuracy': 0.8203592814371258}, '0.30': {'n': 75, 'accuracy': 0.84}}",0.05512316897511482,0.07843005862284348,0.7028321786700754,True,False,0.05,2,211,37,928,557,0,4.0,10,3,3,5.0,unrestricted,0.03
main,PANC1,0.05,unrestricted,3,0,False,100,422,74,1998,34224,32423,201,86,1,0.030525855720043182,0.38607698678970337,40,0.4850074350833893,0.3834049105644226,0.41243118047714233,0.1270565390586853,0.9296215434557126,0.04857359454035759,1.5912279408588148,0,-0.023931572061611377,0.13087361528504768,2 * sqrt(2) * median posterior synergy_sd,0.017454644470542284,0.08383715402588846,1998,0.09206443871830267,0.015940531401833002,0.12625581729897836,0.08518138547006482,999,0.12240227551761088,0.15916202064024182,0.16959796940905403,0.12283911556005478,0.44584196690578,0.409876485704141,0.10236915120306743,413,0.4134134134134134,0.7433414043583535,0.7443208485872523,"{'0.00': {'n': 999, 'accuracy': 0.6416416416416416}, '0.05': {'n': 562, 'accuracy': 0.7135231316725978}, '0.10': {'n': 419, 'accuracy': 0.7398568019093079}, '0.15': {'n': 312, 'accuracy': 0.7596153846153846}, '0.20': {'n': 208, 'accuracy': 0.8317307692307693}, '0.30': {'n': 93, 'accuracy': 0.9032258064516129}}",0.0614750012755394,0.08480667159426357,0.7248840229180465,True,False,0.05,3,211,37,999,486,1,4.0,9,0,3,4.0,unrestricted,0.03
main,PANC1,0.05,unrestricted,4,0,False,100,422,74,1786,34224,32423,201,86,1,0.016675172373652458,0.7449426651000977,120,0.5734124779701233,0.492369681596756,0.6259409189224243,0.029106035828590393,0.7866072766809763,0.05191752687096596,3.113462680181828,0,-0.029050481388625593,0.1445667344111786,2 * sqrt(2) * median posterior synergy_sd,0.0180757997620848,0.08683459116691963,1786,0.09633889726295998,0.017534096664280803,0.13241637611821586,0.021201381552580667,893,0.12704944635141466,0.16682688229297782,0.17358986049982916,0.14754155278205872,0.46999001376530614,0.4390529248549232,0.10236915120306743,372,0.4165733482642777,0.7553763440860215,0.755668016194332,"{'0.00': {'n': 893, 'accuracy': 0.6573348264277715}, '0.05': {'n': 500, 'accuracy': 0.714}, '0.10': {'n': 380, 'accuracy': 0.7526315789473684}, '0.15': {'n': 277, 'accuracy': 0.779783393501805}, '0.20': {'n': 166, 'accuracy': 0.8253012048192772}, '0.30': {'n': 85, 'accuracy': 0.8470588235294118}}",0.07379387319087982,0.08679935526813581,0.850166144240586,True,False,0.05,4,211,37,893,592,0,4.0,11,2,3,5.0,unrestricted,0.03
main,PANC1,0.05,unrestricted,5,0,False,100,422,74,2000,34224,32423,201,86,1,0.04645697772502899,0.5227759480476379,25,0.3977474272251129,0.2670510411262512,0.33177998661994934,0.20425930619239807,0.8049040083667117,0.05231162905693054,1.1260230780950549,0,-0.0329749045521327,0.1455881862200948,2 * sqrt(2) * median posterior synergy_sd,0.01822484507576268,0.08911758076656162,2000,0.09349858640216561,0.016201126804282744,0.12728364704188336,0.11062987697851168,1000,0.11809006531441765,0.15564491696152413,0.16623131291657242,0.11597035080194473,0.43841788910042945,0.42349212349212356,0.10236915120306743,424,0.424,0.7429245283018868,0.7451426024955436,"{'0.00': {'n': 1000, 'accuracy': 0.65}, '0.05': {'n': 568, 'accuracy': 0.6919014084507042}, '0.10': {'n': 433, 'accuracy': 0.7413394919168591}, '0.15': {'n': 296, 'accuracy': 0.777027027027027}, '0.20': {'n': 206, 'accuracy': 0.8106796116504854}, '0.30': {'n': 96, 'accuracy': 0.8541666666666666}}",0.057993654161691666,0.08315126662020575,0.6974476339197365,True,False,0.05,5,211,37,1000,485,0,4.0,9,2,3,4.0,unrestricted,0.03
main,PANC1,0.05,unrestricted,6,0,False,100,422,74,1898,34224,32423,201,86,1,0.023762289434671402,0.8698076605796814,45,0.4407608211040497,0.35289302468299866,0.5139042735099792,0.11657223850488663,0.6866901928499841,0.04421500861644745,1.8607217430797562,0,-0.023103551789099522,0.13745948075446685,2 * sqrt(2) * median posterior synergy_sd,0.01628576036590576,0.08042462395305859,1898,0.08797109066711406,0.014540902345476036,0.12058566393015398,0.1070969206819894,949,0.12005775383395684,0.15565311700904902,0.15586955366378266,0.11613729596138,0.3749691450641951,0.3623641422051614,0.10236915120306743,366,0.3856691253951528,0.7240437158469946,0.7237419740182172,"{'0.00': {'n': 948, 'accuracy': 0.6223628691983122}, '0.05': {'n': 503, 'accuracy': 0.6858846918489065}, '0.10': {'n': 371, 'accuracy': 0.7250673854447439}, '0.15': {'n': 258, 'accuracy': 0.7558139534883721}, '0.20': {'n': 170, 'accuracy': 0.788235294117647}, '0.30': {'n': 68, 'accuracy': 0.8529411764705882}}",0.058139290660619736,0.07793718828100704,0.7459762398791596,True,False,0.05,6,211,37,949,536,1,4.0,10,0,3,5.0,unrestricted,0.03
main,PANC1,0.05,unrestricted,7,0,False,100,422,74,2006,34224,32423,201,86,1,0.9500067234039307,0.942060112953186,0,0.0018802627455443144,0.0018029245547950268,0.03182773292064667,0.031198156997561455,0.056646339193875433,0.9523996114730835,1.0025188117201729,0,-0.022088566682464453,0.12127763916990009,2 * sqrt(2) * median posterior synergy_sd,0.016728777876747886,0.08148970640125358,2006,0.08277284548448405,0.01624401056153807,0.1274519931642423,0.02344633914910199,1003,0.10847450515502405,0.15986898714186523,0.16253778697861695,0.007592857349663973,0.39027853003057106,0.36802239701203193,0.10236915120306743,428,0.4267198404785643,0.719626168224299,0.7178321678321679,"{'0.00': {'n': 1003, 'accuracy': 0.6181455633100698}, '0.05': {'n': 555, 'accuracy': 0.6990990990990991}, '0.10': {'n': 438, 'accuracy': 0.7146118721461188}, '0.15': {'n': 294, 'accuracy': 0.7585034013605442}, '0.20': {'n': 189, 'accuracy': 0.8095238095238095}, '0.30': {'n': 82, 'accuracy': 0.8170731707317073}}",0.003796485485509038,0.081339272989613,0.04667469164611107,True,False,0.05,7,211,37,1003,482,1,4.0,9,0,3,4.0,unrestricted,0.03
main,PANC1,0.1,additive,0,0,False,100,842,148,1696,1801,0,201,48,0,0.5580571293830872,1.084641933441162,75,0.0,0.0,0.0,0.3103853464126587,0.0,0.5582247376441956,1.000300342478007,2,-0.017801560752969122,0.11936551558848388,2 * sqrt(2) * median posterior synergy_sd,0.01291103475362588,0.07092730472525405,1696,0.06782768076894993,0.009438804438657737,0.09715350965692252,0.2677525188392652,848,0.09437951829271161,0.12717495857007713,0.15039416564770727,0.07409855723381042,0.5403413796422316,0.5097477376098981,0.10236915120306743,318,0.375,0.7955974842767296,0.7938261738261738,"{'0.00': {'n': 848, 'accuracy': 0.6768867924528302}, '0.05': {'n': 444, 'accuracy': 0.75}, '0.10': {'n': 323, 'accuracy': 0.7925696594427245}, '0.15': {'n': 237, 'accuracy': 0.8270042194092827}, '0.20': {'n': 141, 'accuracy': 0.8439716312056738}, '0.30': {'n': 50, 'accuracy': 0.96}}",0.0370493046939373,0.07537258614023637,0.49154880562283326,False,False,0.1,0,421,74,848,637,4,8.0,16,0,4,9.0,additive null,0.03
main,PANC1,0.1,additive,1,0,False,100,842,148,1858,1801,0,201,48,0,0.562092125415802,0.43707266449928284,20,0.0,0.0,0.0,0.23940688371658325,0.0,0.562092125415802,1.000506282432392,2,-0.02842773226365796,0.1347658812056076,2 * sqrt(2) * median posterior synergy_sd,0.01856972723090189,0.08731265542990445,1858,0.07917035799885414,0.012989729406558901,0.1139724940788737,0.300368703489059,929,0.10551597639590804,0.14858714490275204,0.1689557449968729,0.06415493041276932,0.48880897959234393,0.4979079733371968,0.10236915120306743,369,0.39720129171151775,0.7940379403794038,0.7930380862818855,"{'0.00': {'n': 929, 'accuracy': 0.6986006458557589}, '0.05': {'n': 516, 'accuracy': 0.7596899224806202}, '0.10': {'n': 378, 'accuracy': 0.791005291005291}, '0.15': {'n': 270, 'accuracy': 0.825925925925926}, '0.20': {'n': 181, 'accuracy': 0.8232044198895028}, '0.30': {'n': 86, 'accuracy': 0.872093023255814}}",0.03226387873291969,0.08449422001265756,0.3818471692866854,False,False,0.1,1,421,74,929,556,3,8.0,20,0,3,9.0,additive null,0.03
main,PANC1,0.1,additive,2,0,False,100,842,148,1856,1801,0,201,48,0,0.506527304649353,0.8939386606216431,35,0.0,0.0,0.0,0.27054834365844727,0.0,0.506527304649353,1.000282730731583,2,-0.027071512656769596,0.1352440799391272,2 * sqrt(2) * median posterior synergy_sd,0.014666511296504871,0.07604498942990186,1856,0.07207635762273905,0.010880965670585531,0.10431186735259575,0.2573938269157534,928,0.0990765946732478,0.1368055487572301,0.15679700813626177,0.07307323813438416,0.48916978195387345,0.46413040109581416,0.10236915120306743,329,0.3545258620689655,0.7872340425531915,0.7871376811594203,"{'0.00': {'n': 927, 'accuracy': 0.668824163969795}, '0.05': {'n': 461, 'accuracy': 0.7505422993492408}, '0.10': {'n': 336, 'accuracy': 0.7827380952380952}, '0.15': {'n': 238, 'accuracy': 0.8235294117647058}, '0.20': {'n': 167, 'accuracy': 0.874251497005988}, '0.30': {'n': 75, 'accuracy': 0.9333333333333333}}",0.03659006208181381,0.07843005862284348,0.466531107132905,False,False,0.1,2,421,74,928,557,3,8.0,15,0,4,9.0,additive null,0.03
main,PANC1,0.1,additive,3,0,False,100,842,148,1998,1801,0,201,48,0,0.4951578974723816,0.7487908601760864,45,0.0,0.0,0.0,0.3057040274143219,0.0,0.4967401325702667,1.0031954152523104,2,-0.02009071048099763,0.12454126630401378,2 * sqrt(2) * median posterior synergy_sd,0.017427431368868294,0.0821842307822062,1998,0.07952925162409573,0.013582947979440877,0.11654590503076835,0.22048184351273092,999,0.11071134958388656,0.14833458319095397,0.16959796940905403,0.076136015355587,0.4867054040459388,0.4605073931647077,0.10236915120306743,413,0.4134134134134134,0.7675544794188862,0.7680348258706468,"{'0.00': {'n': 999, 'accuracy': 0.6616616616616616}, '0.05': {'n': 562, 'accuracy': 0.7259786476868327}, '0.10': {'n': 419, 'accuracy': 0.766109785202864}, '0.15': {'n': 312, 'accuracy': 0.7884615384615384}, '0.20': {'n': 208, 'accuracy': 0.8365384615384616}, '0.30': {'n': 93, 'accuracy': 0.8817204301075269}}",0.03807276859879494,0.08480667159426357,0.4489360080176785,False,False,0.1,3,421,74,999,486,3,8.0,16,0,4,8.0,additive null,0.03
main,PANC1,0.1,additive,4,0,False,100,842,148,1786,1801,0,201,48,0,0.5314381718635559,0.7957728505134583,30,0.0,0.0,0.0,0.3251038193702698,0.0,0.5323616862297058,1.0017377644569856,2,-0.02552941558313539,0.13753989892656748,2 * sqrt(2) * median posterior synergy_sd,0.017998592593909322,0.0852619795338819,1786,0.08026075107064756,0.012760224621058554,0.11296116421610816,0.2876912640949474,893,0.10620618151632161,0.14451303285545392,0.17358986049982916,0.08942415565252304,0.5557370278221223,0.5293475492532264,0.10236915120306743,372,0.4165733482642777,0.7795698924731183,0.7793522267206479,"{'0.00': {'n': 893, 'accuracy': 0.683090705487122}, '0.05': {'n': 500, 'accuracy': 0.734}, '0.10': {'n': 380, 'accuracy': 0.7763157894736842}, '0.15': {'n': 277, 'accuracy': 0.8122743682310469}, '0.20': {'n': 166, 'accuracy': 0.8674698795180723}, '0.30': {'n': 85, 'accuracy': 0.9058823529411765}}",0.04471474513411522,0.08679935526813581,0.5151506597714335,False,False,0.1,4,421,74,893,592,2,8.5,16,0,4,9.0,additive null,0.03
main,PANC1,0.1,additive,5,0,False,100,842,148,2000,1801,0,201,48,0,0.5333046913146973,0.5635652542114258,90,0.0,0.0,0.0,0.3031466603279114,0.0,0.5333238244056702,1.0000358764722765,2,-0.027462718256532067,0.1363287355355046,2 * sqrt(2) * median posterior synergy_sd,0.01822320243407294,0.08698153399818645,2000,0.0808273605179667,0.013397731861227318,0.11574857174594994,0.2645238459291117,1000,0.10389574603770689,0.1388310568601242,0.16623131291657242,0.08262976258993149,0.5531004798415138,0.5394973434973435,0.10236915120306743,424,0.424,0.8183962264150944,0.8185828877005348,"{'0.00': {'n': 1000, 'accuracy': 0.708}, '0.05': {'n': 568, 'accuracy': 0.7852112676056338}, '0.10': {'n': 433, 'accuracy': 0.8198614318706697}, '0.15': {'n': 296, 'accuracy': 0.8614864864864865}, '0.20': {'n': 206, 'accuracy': 0.8883495145631068}, '0.30': {'n': 96, 'accuracy': 0.8958333333333334}}",0.04132760316133499,0.08315126662020575,0.4970171212195629,False,False,0.1,5,421,74,1000,485,2,8.0,16,0,3,9.0,additive null,0.03
main,PANC1,0.1,additive,6,0,False,100,842,148,1898,1801,0,201,48,0,0.5177668333053589,0.8197072744369507,40,0.0,0.0,0.0,0.2993454039096832,0.0,0.5195751786231995,1.0034925862405986,2,-0.02046403043824228,0.13478453970989432,2 * sqrt(2) * median posterior synergy_sd,0.016297412368044037,0.07931795771994023,1898,0.07709021449483104,0.011530213140412495,0.10737883003838557,0.2919722192157904,949,0.10121925679143727,0.1354640733559301,0.15586955366378266,0.08060304820537567,0.49541941684909435,0.47621351132964396,0.10236915120306743,366,0.3856691253951528,0.7950819672131147,0.7947289831267732,"{'0.00': {'n': 948, 'accuracy': 0.6824894514767933}, '0.05': {'n': 503, 'accuracy': 0.7614314115308151}, '0.10': {'n': 371, 'accuracy': 0.7951482479784366}, '0.15': {'n': 258, 'accuracy': 0.8410852713178295}, '0.20': {'n': 170, 'accuracy': 0.8470588235294118}, '0.30': {'n': 68, 'accuracy': 0.9117647058823529}}",0.0403471365571022,0.07793718828100704,0.5176878643816129,False,False,0.1,6,421,74,949,536,3,8.0,18,0,3,8.0,additive null,0.03
main,PANC1,0.1,additive,7,0,False,100,842,148,2006,1801,0,201,48,0,0.538877010345459,0.6198559999465942,60,0.0,0.0,0.0,0.3161706030368805,0.0,0.53950035572052,1.0011567488742217,2,-0.019084398099762468,0.12910287908910117,2 * sqrt(2) * median posterior synergy_sd,0.01679629106751969,0.08045146118855427,2006,0.07702276433091262,0.0122304972651144,0.11059157863560137,0.2647298009917406,1003,0.10265698401694506,0.13685040531979475,0.16253778697861695,0.08150597661733627,0.541158010549456,0.48011167252114406,0.10236915120306743,428,0.4267198404785643,0.7827102803738317,0.7814248251748253,"{'0.00': {'n': 1003, 'accuracy': 0.6669990029910269}, '0.05': {'n': 555, 'accuracy': 0.7495495495495496}, '0.10': {'n': 438, 'accuracy': 0.776255707762557}, '0.15': {'n': 294, 'accuracy': 0.8061224489795918}, '0.20': {'n': 189, 'accuracy': 0.8835978835978836}, '0.30': {'n': 82, 'accuracy': 0.975609756097561}}",0.04081853851675987,0.081339272989613,0.5018306288768082,False,False,0.1,7,421,74,1003,482,3,8.5,14,0,3,9.0,additive null,0.03
main,PANC1,0.1,order_insensitive,0,0,False,100,842,148,1696,34224,32423,201,86,2,0.612809956073761,1.1651279926300049,15,0.0,0.0,0.2819961607456207,0.0,0.0,0.6448373198509216,1.052263125720669,2,-0.017801560752969122,0.11936551558848388,2 * sqrt(2) * median posterior synergy_sd,0.01291103475362588,0.07092730472525405,1696,0.07567034957638791,0.01191700730840295,0.1091650461842203,0.07549746991123674,848,0.09987849063797169,0.15074517228047274,0.15039416564770727,0.0,,,0.10236915120306743,318,0.375,0.5,0.5,"{'0.00': {'n': 848, 'accuracy': 0.5}, '0.05': {'n': 444, 'accuracy': 0.5}, '0.10': {'n': 323, 'accuracy': 0.5}, '0.15': {'n': 237, 'accuracy': 0.5}, '0.20': {'n': 141, 'accuracy': 0.5}, '0.30': {'n': 50, 'accuracy': 0.5}}",0.0,0.07537258614023637,0.0,False,False,0.1,0,421,74,848,637,4,8.0,16,0,4,9.0,order-insensitive,0.03
main,PANC1,0.1,order_insensitive,1,0,False,100,842,148,1858,34224,32423,201,86,2,0.36034095287323,0.4513317942619324,140,0.0,0.0,0.6660757660865784,0.0,0.0,0.377307653427124,1.0470851298432988,2,-0.02842773226365796,0.1347658812056076,2 * sqrt(2) * median posterior synergy_sd,0.01856972723090189,0.08731265542990445,1858,0.08283792448501497,0.01457320737298839,0.12071954014569634,0.21508203523173675,929,0.11231310531646933,0.16898844002531513,0.1689557449968729,0.0,,,0.10236915120306743,369,0.39720129171151775,0.5,0.5,"{'0.00': {'n': 929, 'accuracy': 0.5}, '0.05': {'n': 516, 'accuracy': 0.5}, '0.10': {'n': 378, 'accuracy': 0.5}, '0.15': {'n': 270, 'accuracy': 0.5}, '0.20': {'n': 181, 'accuracy': 0.5}, '0.30': {'n': 86, 'accuracy': 0.5}}",0.0,0.08449422001265756,0.0,False,False,0.1,1,421,74,929,556,3,8.0,20,0,3,9.0,order-insensitive,0.03
main,PANC1,0.1,order_insensitive,2,0,False,100,842,148,1856,34224,32423,201,86,2,0.39496132731437683,0.8002474904060364,245,0.0,0.0,0.6991869211196899,0.0,0.0,0.5107235312461853,1.2930975665869824,2,-0.027071512656769596,0.1352440799391272,2 * sqrt(2) * median posterior synergy_sd,0.014666511296504871,0.07604498942990186,1856,0.08149232099433924,0.01382799901914668,0.11759251259815261,0.05626414567406268,928,0.10164638985775863,0.15686011724568696,0.15679700813626177,0.0,,,0.10236915120306743,329,0.3545258620689655,0.5,0.5,"{'0.00': {'n': 927, 'accuracy': 0.5}, '0.05': {'n': 461, 'accuracy': 0.5}, '0.10': {'n': 336, 'accuracy': 0.5}, '0.15': {'n': 238, 'accuracy': 0.5}, '0.20': {'n': 167, 'accuracy': 0.5}, '0.30': {'n': 75, 'accuracy': 0.5}}",0.0,0.07843005862284348,0.0,False,False,0.1,2,421,74,928,557,3,8.0,15,0,4,9.0,order-insensitive,0.03
main,PANC1,0.1,order_insensitive,3,0,False,100,842,148,1998,34224,32423,201,86,2,0.6101430654525757,0.8735635876655579,10,0.0,0.0,0.2156960815191269,0.0,0.0,0.7362534403800964,1.2066898438548637,2,-0.02009071048099763,0.12454126630401378,2 * sqrt(2) * median posterior synergy_sd,0.017427431368868294,0.0821842307822062,1998,0.08451126542158739,0.01564918941498083,0.12509672024070348,0.10190134706029486,999,0.11499516764564564,0.16961334318852714,0.16959796940905403,0.0,,,0.10236915120306743,413,0.4134134134134134,0.5,0.5,"{'0.00': {'n': 999, 'accuracy': 0.5}, '0.05': {'n': 562, 'accuracy': 0.5}, '0.10': {'n': 419, 'accuracy': 0.5}, '0.15': {'n': 312, 'accuracy': 0.5}, '0.20': {'n': 208, 'accuracy': 0.5}, '0.30': {'n': 93, 'accuracy': 0.5}}",0.0,0.08480667159426357,0.0,False,False,0.1,3,421,74,999,486,3,8.0,16,0,4,8.0,order-insensitive,0.03
main,PANC1,0.1,order_insensitive,4,0,False,100,842,148,1786,34224,32423,201,86,2,0.43474769592285156,0.7640970945358276,115,0.0,0.0,0.5887297987937927,0.0,0.0,0.43474769592285156,1.017028309822165,2,-0.02552941558313539,0.13753989892656748,2 * sqrt(2) * median posterior synergy_sd,0.017998592593909322,0.0852619795338819,1786,0.08304480045698673,0.014484313813142814,0.12035079481724587,0.1914481469499434,893,0.11575238709182532,0.17359871053627163,0.17358986049982916,0.0,,,0.10236915120306743,372,0.4165733482642777,0.5,0.5,"{'0.00': {'n': 893, 'accuracy': 0.5}, '0.05': {'n': 500, 'accuracy': 0.5}, '0.10': {'n': 380, 'accuracy': 0.5}, '0.15': {'n': 277, 'accuracy': 0.5}, '0.20': {'n': 166, 'accuracy': 0.5}, '0.30': {'n': 85, 'accuracy': 0.5}}",0.0,0.08679935526813581,0.0,False,False,0.1,4,421,74,893,592,2,8.5,16,0,4,9.0,order-insensitive,0.03
main,PANC1,0.1,order_insensitive,5,0,False,100,842,148,2000,34224,32423,201,86,2,0.4566742777824402,0.6622246503829956,30,0.0,0.0,0.41502511501312256,0.0,0.0,0.46444934606552124,1.0170254132131897,2,-0.027462718256532067,0.1363287355355046,2 * sqrt(2) * median posterior synergy_sd,0.01822320243407294,0.08698153399818645,2000,0.08774919400155758,0.015557402117607548,0.1247293153897974,0.14596751186628654,1000,0.114121788415,0.1663025332404115,0.16623131291657242,0.0,,,0.10236915120306743,424,0.424,0.5,0.5,"{'0.00': {'n': 1000, 'accuracy': 0.5}, '0.05': {'n': 568, 'accuracy': 0.5}, '0.10': {'n': 433, 'accuracy': 0.5}, '0.15': {'n': 296, 'accuracy': 0.5}, '0.20': {'n': 206, 'accuracy': 0.5}, '0.30': {'n': 96, 'accuracy': 0.5}}",0.0,0.08315126662020575,0.0,False,False,0.1,5,421,74,1000,485,2,8.0,16,0,3,9.0,order-insensitive,0.03
main,PANC1,0.1,order_insensitive,6,0,False,100,842,148,1898,34224,32423,201,86,2,0.4651415944099426,0.8841255903244019,20,0.0,0.0,0.40180984139442444,0.0,0.0,0.4651415944099426,1.1358473077960407,2,-0.02046403043824228,0.13478453970989432,2 * sqrt(2) * median posterior synergy_sd,0.016297412368044037,0.07931795771994023,1898,0.08369352965979227,0.013309177745734086,0.11536540965876248,0.1827325766991349,949,0.10389387675553215,0.15587437656201408,0.15586955366378266,0.0,,,0.10236915120306743,366,0.3856691253951528,0.5,0.5,"{'0.00': {'n': 948, 'accuracy': 0.5}, '0.05': {'n': 503, 'accuracy': 0.5}, '0.10': {'n': 371, 'accuracy': 0.5}, '0.15': {'n': 258, 'accuracy': 0.5}, '0.20': {'n': 170, 'accuracy': 0.5}, '0.30': {'n': 68, 'accuracy': 0.5}}",0.0,0.07793718828100704,0.0,False,False,0.1,6,421,74,949,536,3,8.0,18,0,3,8.0,order-insensitive,0.03
main,PANC1,0.1,order_insensitive,7,0,False,100,842,148,2006,34224,32423,201,86,2,0.47273436188697815,0.695297122001648,30,0.0,0.0,0.4023562967777252,0.0,0.0,0.4862918555736542,1.0286788834908458,2,-0.019084398099762468,0.12910287908910117,2 * sqrt(2) * median posterior synergy_sd,0.01679629106751969,0.08045146118855427,2006,0.08382658147257888,0.014511439656294842,0.12046343701013533,0.12760463514314413,1003,0.11020255063110669,0.162678545979226,0.16253778697861695,0.0,,,0.10236915120306743,428,0.4267198404785643,0.5,0.5,"{'0.00': {'n': 1003, 'accuracy': 0.5}, '0.05': {'n': 555, 'accuracy': 0.5}, '0.10': {'n': 438, 'accuracy': 0.5}, '0.15': {'n': 294, 'accuracy': 0.5}, '0.20': {'n': 189, 'accuracy': 0.5}, '0.30': {'n': 82, 'accuracy': 0.5}}",0.0,0.081339272989613,0.0,False,False,0.1,7,421,74,1003,482,3,8.5,14,0,3,9.0,order-insensitive,0.03
main,PANC1,0.1,structured,0,0,False,100,842,148,1696,34347,32546,201,48,4,0.03139049559831619,1.047096848487854,90,0.5519842505455017,0.4608381688594818,0.48359131813049316,0.10079611092805862,0.952949632431425,0.5727815628051758,18.246974183991544,0,-0.017801560752969122,0.11936551558848388,2 * sqrt(2) * median posterior synergy_sd,0.01291103475362588,0.07092730472525405,1696,0.07806403618335991,0.011468420146755216,0.10709070989938957,0.11029815058349235,848,0.114309182265072,0.14890419629606746,0.15039416564770727,0.12148669362068176,0.41799402892416293,0.371063442797013,0.10236915120306743,318,0.375,0.7295597484276729,0.7287112887112888,"{'0.00': {'n': 848, 'accuracy': 0.6379716981132075}, '0.05': {'n': 444, 'accuracy': 0.6779279279279279}, '0.10': {'n': 323, 'accuracy': 0.7275541795665634}, '0.15': {'n': 237, 'accuracy': 0.759493670886076}, '0.20': {'n': 141, 'accuracy': 0.7801418439716312}, '0.30': {'n': 50, 'accuracy': 0.9}}",0.06075122952461243,0.07537258614023637,0.8060122736346103,True,False,0.1,0,421,74,848,637,4,8.0,16,0,4,9.0,structured,0.01
main,PANC1,0.1,structured,1,0,False,100,842,148,1858,34347,32546,201,48,4,0.027758590877056122,0.3256140649318695,190,0.5058848857879639,0.4421517550945282,0.6532541513442993,0.02695058286190033,0.6768449219720166,0.03954276069998741,1.4245233439666962,0,-0.02842773226365796,0.1347658812056076,2 * sqrt(2) * median posterior synergy_sd,0.01856972723090189,0.08731265542990445,1858,0.0796047732908058,0.012395508494326869,0.11133511797419028,0.33237364633481936,929,0.11373610435803273,0.15143305487613476,0.1689557449968729,0.1234947219491005,0.5009432013336224,0.439185178843614,0.10236915120306743,369,0.39720129171151775,0.7262872628726287,0.7257258728106266,"{'0.00': {'n': 929, 'accuracy': 0.6641550053821313}, '0.05': {'n': 516, 'accuracy': 0.7131782945736435}, '0.10': {'n': 378, 'accuracy': 0.7248677248677249}, '0.15': {'n': 270, 'accuracy': 0.737037037037037}, '0.20': {'n': 181, 'accuracy': 0.7790055248618785}, '0.30': {'n': 86, 'accuracy': 0.872093023255814}}",0.061933938413858414,0.08449422001265756,0.7329961552941783,True,False,0.1,1,421,74,929,556,3,8.0,20,0,3,9.0,structured,0.01
main,PANC1,0.1,structured,2,0,False,100,842,148,1856,34347,32546,201,48,4,0.030701471492648125,0.7318342328071594,515,0.5461994409561157,0.48537638783454895,0.680804967880249,0.017133114859461784,0.7129448384400227,0.03726357966661453,1.213739207110571,0,-0.027071512656769596,0.1352440799391272,2 * sqrt(2) * median posterior synergy_sd,0.014666511296504871,0.07604498942990186,1856,0.0765367800598828,0.010915646476502835,0.10447797124993782,0.2550269248096887,928,0.10748582533001692,0.14219857783131679,0.15679700813626177,0.13381852209568024,0.5307436276689359,0.4748854442687839,0.10236915120306743,329,0.3545258620689655,0.7963525835866262,0.7967132505175983,"{'0.00': {'n': 927, 'accuracy': 0.6731391585760518}, '0.05': {'n': 461, 'accuracy': 0.754880694143167}, '0.10': {'n': 336, 'accuracy': 0.7946428571428571}, '0.15': {'n': 238, 'accuracy': 0.8445378151260504}, '0.20': {'n': 167, 'accuracy': 0.8622754491017964}, '0.30': {'n': 75, 'accuracy': 0.9066666666666666}}",0.06695457547903061,0.07843005862284348,0.8536851387680777,True,False,0.1,2,421,74,928,557,3,8.0,15,0,4,9.0,structured,0.01
main,PANC1,0.1,structured,3,0,False,100,842,148,1998,34347,32546,201,48,4,0.031428657472133636,0.7371770739555359,110,0.5101314783096313,0.44731059670448303,0.500948965549469,0.08812081813812256,0.8929264804726118,0.031428657472133636,1.3206255394129638,0,-0.02009071048099763,0.12454126630401378,2 * sqrt(2) * median posterior synergy_sd,0.017427431368868294,0.0821842307822062,1998,0.08859049806608774,0.015108337361202767,0.12291597683459529,0.13294055861669385,999,0.12511957909765506,0.16315207783780156,0.16959796940905403,0.12302761524915695,0.4144259695583588,0.36570550109227457,0.10236915120306743,413,0.4134134134134134,0.7070217917675545,0.7070074157514314,"{'0.00': {'n': 999, 'accuracy': 0.6266266266266266}, '0.05': {'n': 562, 'accuracy': 0.6725978647686833}, '0.10': {'n': 419, 'accuracy': 0.6992840095465394}, '0.15': {'n': 312, 'accuracy': 0.7532051282051282}, '0.20': {'n': 208, 'accuracy': 0.8076923076923077}, '0.30': {'n': 93, 'accuracy': 0.8494623655913979}}",0.06158597394824028,0.08480667159426357,0.7261925599778642,True,False,0.1,3,421,74,999,486,3,8.0,16,0,4,8.0,structured,0.01
main,PANC1,0.1,structured,4,0,False,100,842,148,1786,34347,32546,201,48,4,0.027063848450779915,0.7042273283004761,260,0.5644951462745667,0.5326088070869446,0.5830225348472595,0.0197126604616642,0.9135303959159617,0.02830320969223976,1.0457939765556192,0,-0.02552941558313539,0.13753989892656748,2 * sqrt(2) * median posterior synergy_sd,0.017998592593909322,0.0852619795338819,1786,0.08158550282037356,0.013074465667780668,0.1143436297647607,0.27014951624901173,893,0.11936344946184917,0.16234978800160427,0.17358986049982916,0.1500672996044159,0.5051794571448267,0.49440022181396953,0.10236915120306743,372,0.4165733482642777,0.7580645161290323,0.7576055523423945,"{'0.00': {'n': 893, 'accuracy': 0.6819708846584547}, '0.05': {'n': 500, 'accuracy': 0.736}, '0.10': {'n': 380, 'accuracy': 0.7552631578947369}, '0.15': {'n': 277, 'accuracy': 0.7725631768953068}, '0.20': {'n': 166, 'accuracy': 0.7951807228915663}, '0.30': {'n': 85, 'accuracy': 0.8235294117647058}}",0.07510694861412048,0.08679935526813581,0.8652938536479241,True,False,0.1,4,421,74,893,592,2,8.5,16,0,4,9.0,structured,0.01
main,PANC1,0.1,structured,5,0,False,100,842,148,2000,34347,32546,201,48,4,0.030918879434466362,0.5711061358451843,225,0.5809499025344849,0.4809000790119171,0.6066338419914246,0.02255788818001747,0.7927353301511246,0.03668074682354927,1.1863543405994188,0,-0.027462718256532067,0.1363287355355046,2 * sqrt(2) * median posterior synergy_sd,0.01822320243407294,0.08698153399818645,2000,0.0814637807395206,0.012827753145141226,0.11325967130952318,0.2958131535784483,1000,0.1106705540915155,0.1450996729758138,0.16623131291657242,0.13495557010173798,0.5530868601762957,0.5062357342357342,0.10236915120306743,424,0.424,0.7806603773584906,0.7811497326203208,"{'0.00': {'n': 1000, 'accuracy': 0.682}, '0.05': {'n': 568, 'accuracy': 0.7447183098591549}, '0.10': {'n': 433, 'accuracy': 0.7782909930715936}, '0.15': {'n': 296, 'accuracy': 0.8108108108108109}, '0.20': {'n': 206, 'accuracy': 0.8446601941747572}, '0.30': {'n': 96, 'accuracy': 0.9166666666666666}}",0.06747779250144958,0.08315126662020575,0.8115064898488569,True,False,0.1,5,421,74,1000,485,2,8.0,16,0,3,9.0,structured,0.01
main,PANC1,0.1,structured,6,0,False,100,842,148,1898,34347,32546,201,48,4,0.029958879575133324,0.8234240412712097,170,0.5371037125587463,0.44896259903907776,0.690737783908844,0.030809782445430756,0.6499754458174057,0.03136562183499336,1.046955770035795,0,-0.02046403043824228,0.13478453970989432,2 * sqrt(2) * median posterior synergy_sd,0.016297412368044037,0.07931795771994023,1898,0.08614093654201604,0.013560807196918889,0.11645087890144448,0.16728094196066812,949,0.11664828573553808,0.15271552548157596,0.15586955366378266,0.1264282763004303,0.43025655459119183,0.3828018974354294,0.10236915120306743,366,0.3856691253951528,0.726775956284153,0.727041959086158,"{'0.00': {'n': 948, 'accuracy': 0.6350210970464135}, '0.05': {'n': 503, 'accuracy': 0.6858846918489065}, '0.10': {'n': 371, 'accuracy': 0.7277628032345014}, '0.15': {'n': 258, 'accuracy': 0.7558139534883721}, '0.20': {'n': 170, 'accuracy': 0.7588235294117647}, '0.30': {'n': 68, 'accuracy': 0.8235294117647058}}",0.06321551650762558,0.07793718828100704,0.8111085080423787,True,False,0.1,6,421,74,949,536,3,8.0,18,0,3,8.0,structured,0.01
main,PANC1,0.1,structured,7,0,False,100,842,148,2006,34347,32546,201,48,4,0.03226795047521591,0.5711014270782471,115,0.5573542714118958,0.4839882552623749,0.5443316698074341,0.07151255011558533,0.8891421941949351,0.03226795047521591,1.1226051594002897,0,-0.019084398099762468,0.12910287908910117,2 * sqrt(2) * median posterior synergy_sd,0.01679629106751969,0.08045146118855427,2006,0.08421687800299675,0.013391525989187178,0.11572176108747731,0.19493134533628187,1003,0.11734420322201711,0.15327605385551205,0.16253778697861695,0.135292187333107,0.4827127865139409,0.39038581228901986,0.10236915120306743,428,0.4267198404785643,0.7266355140186916,0.7253059440559441,"{'0.00': {'n': 1003, 'accuracy': 0.6251246261216351}, '0.05': {'n': 555, 'accuracy': 0.7009009009009008}, '0.10': {'n': 438, 'accuracy': 0.7214611872146118}, '0.15': {'n': 294, 'accuracy': 0.7653061224489796}, '0.20': {'n': 189, 'accuracy': 0.8095238095238095}, '0.30': {'n': 82, 'accuracy': 0.9146341463414634}}",0.06775503605604172,0.081339272989613,0.8329928897286064,True,False,0.1,7,421,74,1003,482,3,8.5,14,0,3,9.0,structured,0.01
main,PANC1,0.1,unrestricted,0,0,False,100,842,148,1696,34224,32423,201,86,1,0.031207922846078873,0.948573112487793,85,0.595660924911499,0.5218496918678284,0.5606313943862915,0.025552108883857727,0.9308249539594257,0.031207922846078873,1.0410603232584654,0,-0.017801560752969122,0.11936551558848388,2 * sqrt(2) * median posterior synergy_sd,0.01291103475362588,0.07092730472525405,1696,0.07258894058844663,0.01025283565514182,0.10125628699069417,0.20460126788046873,848,0.10424207191059218,0.13715607669648422,0.15039416564770727,0.12759976089000702,0.5271667065786156,0.4342580532523498,0.10236915120306743,318,0.375,0.7672955974842768,0.7681118881118881,"{'0.00': {'n': 848, 'accuracy': 0.6533018867924528}, '0.05': {'n': 444, 'accuracy': 0.7319819819819819}, '0.10': {'n': 323, 'accuracy': 0.7708978328173375}, '0.15': {'n': 237, 'accuracy': 0.7805907172995781}, '0.20': {'n': 141, 'accuracy': 0.8226950354609929}, '0.30': {'n': 50, 'accuracy': 0.9}}",0.06380584090948105,0.07537258614023637,0.8465390956702146,True,False,0.1,0,421,74,848,637,4,8.0,16,0,4,9.0,unrestricted,0.03
main,PANC1,0.1,unrestricted,1,0,False,100,842,148,1858,34224,32423,201,86,1,0.04446922242641449,0.3194968104362488,60,0.46783629059791565,0.4078596532344818,0.5526365041732788,0.05975808948278427,0.7380251759601419,0.05567331984639168,1.2519517277037435,0,-0.02842773226365796,0.1347658812056076,2 * sqrt(2) * median posterior synergy_sd,0.01856972723090189,0.08731265542990445,1858,0.08007913308634848,0.012236209853417493,0.11061740303142853,0.3409535259599933,929,0.11013744899369865,0.14779206255597802,0.1689557449968729,0.11880163103342056,0.5203759125015299,0.4610332494782506,0.10236915120306743,369,0.39720129171151775,0.7506775067750677,0.7497648994945338,"{'0.00': {'n': 929, 'accuracy': 0.6781485468245425}, '0.05': {'n': 516, 'accuracy': 0.7151162790697675}, '0.10': {'n': 378, 'accuracy': 0.746031746031746}, '0.15': {'n': 270, 'accuracy': 0.7592592592592593}, '0.20': {'n': 181, 'accuracy': 0.7955801104972375}, '0.30': {'n': 86, 'accuracy': 0.872093023255814}}",0.059695955365896225,0.08449422001265756,0.7065093370523278,True,False,0.1,1,421,74,929,556,3,8.0,20,0,3,9.0,unrestricted,0.03
main,PANC1,0.1,unrestricted,2,0,False,100,842,148,1856,34224,32423,201,86,1,0.03932660073041916,0.7377980351448059,95,0.5299251079559326,0.44922149181365967,0.5902985334396362,0.026354214176535606,0.761007297775367,0.04880412295460701,1.2409952054884057,0,-0.027071512656769596,0.1352440799391272,2 * sqrt(2) * median posterior synergy_sd,0.014666511296504871,0.07604498942990186,1856,0.07306161380647182,0.010415353712790681,0.10205564027916675,0.28917099859225315,928,0.10115112118593879,0.13652549599710606,0.15679700813626177,0.12490668147802353,0.55012727177841,0.49135758301521637,0.10236915120306743,329,0.3545258620689655,0.790273556231003,0.7908902691511387,"{'0.00': {'n': 927, 'accuracy': 0.6709816612729234}, '0.05': {'n': 461, 'accuracy': 0.7483731019522777}, '0.10': {'n': 336, 'accuracy': 0.7916666666666666}, '0.15': {'n': 238, 'accuracy': 0.8319327731092437}, '0.20': {'n': 167, 'accuracy': 0.8562874251497006}, '0.30': {'n': 75, 'accuracy': 0.92}}",0.06247938051819801,0.07843005862284348,0.7966254471216259,True,False,0.1,2,421,74,928,557,3,8.0,15,0,4,9.0,unrestricted,0.03
main,PANC1,0.1,unrestricted,3,0,False,100,842,148,1998,34224,32423,201,86,1,0.04101579636335373,0.7572317123413086,115,0.5515775680541992,0.46850186586380005,0.5860613584518433,0.025159146636724472,0.7994075349062566,0.04101579636335373,1.1057381999860605,0,-0.02009071048099763,0.12454126630401378,2 * sqrt(2) * median posterior synergy_sd,0.017427431368868294,0.0821842307822062,1998,0.08754181162187624,0.014996237499625592,0.12245912583235923,0.13937391001959853,999,0.11936051723668224,0.15879443409723784,0.16959796940905403,0.12014088034629822,0.44129705746005893,0.4074825807771699,0.10236915120306743,413,0.4134134134134134,0.7360774818401937,0.7363418755280202,"{'0.00': {'n': 999, 'accuracy': 0.6466466466466466}, '0.05': {'n': 562, 'accuracy': 0.708185053380783}, '0.10': {'n': 419, 'accuracy': 0.7326968973747017}, '0.15': {'n': 312, 'accuracy': 0.7532051282051282}, '0.20': {'n': 208, 'accuracy': 0.7836538461538461}, '0.30': {'n': 93, 'accuracy': 0.8387096774193549}}",0.060097772628068924,0.08480667159426357,0.7086443967002003,True,False,0.1,3,421,74,999,486,3,8.0,16,0,4,8.0,unrestricted,0.03
main,PANC1,0.1,unrestricted,4,0,False,100,842,148,1786,34224,32423,201,86,1,0.04583019018173218,0.6339370608329773,255,0.5485588312149048,0.503409206867218,0.5085566639900208,0.025612736120820045,0.989878301697166,0.04583019018173218,2.61106889897641,0,-0.02552941558313539,0.13753989892656748,2 * sqrt(2) * median posterior synergy_sd,0.017998592593909322,0.0852619795338819,1786,0.07956741280624159,0.01262448644845759,0.11235873997361126,0.2952685199043701,893,0.11469326675061821,0.15593299841314373,0.17358986049982916,0.14263272285461426,0.5283291951460151,0.5311883935510155,0.10236915120306743,372,0.4165733482642777,0.7903225806451613,0.7899942163100058,"{'0.00': {'n': 893, 'accuracy': 0.6987681970884658}, '0.05': {'n': 500, 'accuracy': 0.764}, '0.10': {'n': 380, 'accuracy': 0.7921052631578948}, '0.15': {'n': 277, 'accuracy': 0.8086642599277978}, '0.20': {'n': 166, 'accuracy': 0.8373493975903614}, '0.30': {'n': 85, 'accuracy': 0.8705882352941177}}",0.07132159918546677,0.08679935526813581,0.8216835132604844,True,False,0.1,4,421,74,893,592,2,8.5,16,0,4,9.0,unrestricted,0.03
main,PANC1,0.1,unrestricted,5,0,False,100,842,148,2000,34224,32423,201,86,1,0.04887182638049126,0.5253422856330872,35,0.4770301282405853,0.36599332094192505,0.5160313248634338,0.1531871259212494,0.7092463253830261,0.04887182638049126,1.4755425760213792,0,-0.027462718256532067,0.1363287355355046,2 * sqrt(2) * median posterior synergy_sd,0.01822320243407294,0.08698153399818645,2000,0.08432418040832101,0.013586608513605328,0.1165616082318931,0.25415535405872447,1000,0.11432898084273564,0.14878532958830482,0.16623131291657242,0.12316204607486725,0.5054869482776961,0.47080916680916685,0.10236915120306743,424,0.424,0.7641509433962265,0.7639928698752227,"{'0.00': {'n': 1000, 'accuracy': 0.666}, '0.05': {'n': 568, 'accuracy': 0.7306338028169014}, '0.10': {'n': 433, 'accuracy': 0.7621247113163973}, '0.15': {'n': 296, 'accuracy': 0.7905405405405406}, '0.20': {'n': 206, 'accuracy': 0.8495145631067961}, '0.30': {'n': 96, 'accuracy': 0.8854166666666666}}",0.061582714319229126,0.08315126662020575,0.7406106584101574,True,False,0.1,5,421,74,1000,485,2,8.0,16,0,3,9.0,unrestricted,0.03
main,PANC1,0.1,unrestricted,6,0,False,100,842,148,1898,34224,32423,201,86,1,0.03049592673778534,0.7392082810401917,100,0.540560781955719,0.48237302899360657,0.7258971333503723,0.02241962030529976,0.6645198153176577,0.04475174471735954,1.4674662981109157,0,-0.02046403043824228,0.13478453970989432,2 * sqrt(2) * median posterior synergy_sd,0.016297412368044037,0.07931795771994023,1898,0.08595472120736776,0.013846081557996959,0.11766937391690736,0.14976329763536012,949,0.11620120223946169,0.1542307198815948,0.15586955366378266,0.1328796148300171,0.4387766837516784,0.41254242166620214,0.10236915120306743,366,0.3856691253951528,0.7486338797814208,0.7489622218903986,"{'0.00': {'n': 948, 'accuracy': 0.6571729957805907}, '0.05': {'n': 503, 'accuracy': 0.7196819085487077}, '0.10': {'n': 371, 'accuracy': 0.7493261455525606}, '0.15': {'n': 258, 'accuracy': 0.7868217054263565}, '0.20': {'n': 170, 'accuracy': 0.8058823529411765}, '0.30': {'n': 68, 'accuracy': 0.8382352941176471}}",0.06644754856824875,0.07793718828100704,0.8525782111701062,True,False,0.1,6,421,74,949,536,3,8.0,18,0,3,8.0,unrestricted,0.03
main,PANC1,0.1,unrestricted,7,0,False,100,842,148,2006,34224,32423,201,86,1,0.04535842314362526,0.5618420243263245,40,0.49734562635421753,0.40865659713745117,0.496146559715271,0.13877251744270325,0.8236610516295253,0.050757527351379395,1.1190320084685954,0,-0.019084398099762468,0.12910287908910117,2 * sqrt(2) * median posterior synergy_sd,0.01679629106751969,0.08045146118855427,2006,0.08308511663445954,0.013008734852836682,0.1140558409413419,0.2179438941233074,1003,0.11391446769476578,0.14865328119046178,0.16253778697861695,0.1251698136329651,0.491314985589726,0.4094335311216909,0.10236915120306743,428,0.4267198404785643,0.75,0.7480332167832169,"{'0.00': {'n': 1003, 'accuracy': 0.6291126620139581}, '0.05': {'n': 555, 'accuracy': 0.7189189189189189}, '0.10': {'n': 438, 'accuracy': 0.7465753424657534}, '0.15': {'n': 294, 'accuracy': 0.8061224489795918}, '0.20': {'n': 189, 'accuracy': 0.8465608465608465}, '0.30': {'n': 82, 'accuracy': 0.9390243902439024}}",0.062731072306633,0.081339272989613,0.7712273542774808,True,False,0.1,7,421,74,1003,482,3,8.5,14,0,3,9.0,unrestricted,0.03
main,PANC1,0.2,additive,0,0,False,100,1684,296,1696,1801,0,201,48,0,0.590203583240509,0.6068485379219055,45,0.0,0.0,0.0,0.2557183802127838,0.0,0.590203583240509,1.0034936917652588,2,-0.02273091993289786,0.127501813398084,2 * sqrt(2) * median posterior synergy_sd,0.01289031535702887,0.07298102730905048,1696,0.0657330824544586,0.009035153744756094,0.09505342573919204,0.29906709959990796,848,0.09186552514287608,0.12582499208453193,0.15039416564770727,0.06520542502403259,0.5674873027826295,0.5401568683878414,0.10236915120306743,318,0.375,0.8270440251572327,0.8249550449550449,"{'0.00': {'n': 848, 'accuracy': 0.6922169811320755}, '0.05': {'n': 444, 'accuracy': 0.777027027027027}, '0.10': {'n': 323, 'accuracy': 0.8235294117647058}, '0.15': {'n': 237, 'accuracy': 0.8481012658227848}, '0.20': {'n': 141, 'accuracy': 0.8794326241134752}, '0.30': {'n': 50, 'accuracy': 0.98}}",0.032604556530714035,0.07537258614023637,0.432578450606044,False,False,0.2,0,842,148,848,637,9,17.0,30,0,9,17.0,additive null,0.03
main,PANC1,0.2,additive,1,0,False,100,1684,296,1858,1801,0,201,48,0,0.5899279713630676,0.7007902264595032,30,0.0,0.0,0.0,0.2599484920501709,0.0,0.5906144976615906,1.0011637459687437,2,-0.0205625500564133,0.12864467498054738,2 * sqrt(2) * median posterior synergy_sd,0.018659690624525424,0.08414874122243222,1858,0.07656948104640492,0.01249749055219109,0.11179217571990935,0.32688085759909924,929,0.10264696259768469,0.14353673927810143,0.1689557449968729,0.06678754836320877,0.5496155291129895,0.5422146183236727,0.10236915120306743,369,0.39720129171151775,0.7994579945799458,0.79866580463148,"{'0.00': {'n': 929, 'accuracy': 0.7018299246501615}, '0.05': {'n': 516, 'accuracy': 0.7693798449612403}, '0.10': {'n': 378, 'accuracy': 0.7962962962962963}, '0.15': {'n': 270, 'accuracy': 0.837037037037037}, '0.20': {'n': 181, 'accuracy': 0.861878453038674}, '0.30': {'n': 86, 'accuracy': 0.8953488372093024}}",0.03344099223613739,0.08449422001265756,0.3957784595340107,False,False,0.2,1,842,148,929,556,7,16.0,33,0,7,17.0,additive null,0.03
main,PANC1,0.2,additive,2,0,False,100,1684,296,1856,1801,0,201,48,0,0.5727794766426086,0.7658029794692993,40,0.0,0.0,0.0,0.26142972707748413,0.0,0.5727794766426086,1.0004229832195488,2,-0.02167472921793349,0.13080322644498732,2 * sqrt(2) * median posterior synergy_sd,0.014655096293609799,0.07354715975539497,1856,0.06969978703862374,0.01039682737240022,0.10196483399878714,0.2904353877241671,928,0.09646840212706347,0.1336356761578017,0.15679700813626177,0.06805051863193512,0.532483134380299,0.5000348808477448,0.10236915120306743,329,0.3545258620689655,0.8328267477203647,0.8317805383022774,"{'0.00': {'n': 927, 'accuracy': 0.6914778856526429}, '0.05': {'n': 461, 'accuracy': 0.7787418655097614}, '0.10': {'n': 336, 'accuracy': 0.8273809523809523}, '0.15': {'n': 238, 'accuracy': 0.8781512605042017}, '0.20': {'n': 167, 'accuracy': 0.9041916167664671}, '0.30': {'n': 75, 'accuracy': 0.96}}",0.034195851534605026,0.07843005862284348,0.436004411255727,False,False,0.2,2,842,148,928,557,11,17.0,29,0,11,17.0,additive null,0.03
main,PANC1,0.2,additive,3,0,False,100,1684,296,1998,1801,0,201,48,0,0.5942568182945251,0.7124977111816406,35,0.0,0.0,0.0,0.2944609224796295,0.0,0.5944964289665222,1.0004032106399465,2,-0.023866067343824227,0.12400684100357545,2 * sqrt(2) * median posterior synergy_sd,0.01745393305574286,0.08380856538028765,1998,0.07630388811679474,0.012393764841039701,0.11132728704607735,0.2887284310116538,999,0.1059554223932411,0.14262667549492725,0.16959796940905403,0.07301978021860123,0.5557740244413223,0.5314502398189772,0.10236915120306743,413,0.4134134134134134,0.8184019370460048,0.8182084858725241,"{'0.00': {'n': 999, 'accuracy': 0.6966966966966966}, '0.05': {'n': 562, 'accuracy': 0.7829181494661922}, '0.10': {'n': 419, 'accuracy': 0.8162291169451074}, '0.15': {'n': 312, 'accuracy': 0.8525641025641025}, '0.20': {'n': 208, 'accuracy': 0.9086538461538461}, '0.30': {'n': 93, 'accuracy': 0.9354838709677419}}",0.036515165120363235,0.08480667159426357,0.4305694874462349,False,False,0.2,3,842,148,999,486,8,17.0,26,0,9,17.0,additive null,0.03
main,PANC1,0.2,additive,4,0,False,100,1684,296,1786,1801,0,201,48,0,0.616031289100647,0.7969736456871033,30,0.0,0.0,0.0,0.30634817481040955,0.0,0.616031289100647,1.0004736507222327,2,-0.022905771056413303,0.12864181991770168,2 * sqrt(2) * median posterior synergy_sd,0.017957184911003697,0.08414179379481279,1786,0.07498312355794583,0.012047162462731992,0.10975956661144391,0.32749623773005776,893,0.10130160796581407,0.1371772754931407,0.17358986049982916,0.07881581783294678,0.6407668618698446,0.6077498699013346,0.10236915120306743,372,0.4165733482642777,0.8602150537634409,0.8603817235396183,"{'0.00': {'n': 893, 'accuracy': 0.7144456886898096}, '0.05': {'n': 500, 'accuracy': 0.81}, '0.10': {'n': 380, 'accuracy': 0.8552631578947368}, '0.15': {'n': 277, 'accuracy': 0.9061371841155235}, '0.20': {'n': 166, 'accuracy': 0.963855421686747}, '0.30': {'n': 85, 'accuracy': 1.0}}",0.03940918669104576,0.08679935526813581,0.4540262605557963,False,False,0.2,4,842,148,893,592,7,17.0,27,0,9,17.0,additive null,0.03
main,PANC1,0.2,additive,5,0,False,100,1684,296,2000,1801,0,201,48,0,0.5799695253372192,0.7197412252426147,80,0.0,0.0,0.0,0.2827957272529602,0.0,0.5799695253372192,1.0000030831703706,2,-0.02417554342517815,0.13250202440879896,2 * sqrt(2) * median posterior synergy_sd,0.018251147888334696,0.08579038792258789,2000,0.07843469696060015,0.012755687443832596,0.11294107952305306,0.29976924147361517,1000,0.10244581407588714,0.1381724951893171,0.16623131291657242,0.074729323387146,0.5685832370068122,0.5591630591630592,0.10236915120306743,424,0.424,0.8231132075471698,0.8231283422459893,"{'0.00': {'n': 1000, 'accuracy': 0.703}, '0.05': {'n': 568, 'accuracy': 0.7922535211267606}, '0.10': {'n': 433, 'accuracy': 0.8244803695150116}, '0.15': {'n': 296, 'accuracy': 0.8445945945945946}, '0.20': {'n': 206, 'accuracy': 0.8932038834951457}, '0.30': {'n': 96, 'accuracy': 0.9166666666666666}}",0.03747100383043289,0.08315126662020575,0.4506365970536815,False,False,0.2,5,842,148,1000,485,10,17.0,25,0,10,17.0,additive null,0.03
main,PANC1,0.2,additive,6,0,False,100,1684,296,1898,1801,0,201,48,0,0.6225435733795166,0.9504879117012024,30,0.0,0.0,0.0,0.2792460322380066,0.0,0.6230905055999756,1.0008785444808144,2,-0.0208419603652019,0.12204916406905225,2 * sqrt(2) * median posterior synergy_sd,0.016294889296905413,0.07947232093736938,1898,0.07291034470097466,0.011211955962489055,0.10588652398907547,0.3115152164405336,949,0.09695094413362731,0.13171049738467955,0.15586955366378266,0.06802885234355927,0.5462719014128308,0.5213251158869149,0.10236915120306743,366,0.3856691253951528,0.8087431693989071,0.8086605942959534,"{'0.00': {'n': 948, 'accuracy': 0.6888185654008439}, '0.05': {'n': 503, 'accuracy': 0.7773359840954275}, '0.10': {'n': 371, 'accuracy': 0.8086253369272237}, '0.15': {'n': 258, 'accuracy': 0.8643410852713178}, '0.20': {'n': 170, 'accuracy': 0.8764705882352941}, '0.30': {'n': 68, 'accuracy': 0.9411764705882353}}",0.03408174589276314,0.07793718828100704,0.43729760650178234,False,False,0.2,6,842,148,949,536,6,17.0,26,0,9,17.0,additive null,0.03
main,PANC1,0.2,additive,7,0,False,100,1684,296,2006,1801,0,201,48,0,0.5652528405189514,0.5984457731246948,35,0.0,0.0,0.0,0.3098229169845581,0.0,0.5652528405189514,1.0003560128835525,2,-0.023790650070071258,0.13351553968087043,2 * sqrt(2) * median posterior synergy_sd,0.016698537101001557,0.08210612990378509,2006,0.07438782322052961,0.01138680373692042,0.10670896746253532,0.31545077291383894,1003,0.09935501869597388,0.13266688445081398,0.16253778697861695,0.08260826766490936,0.5826766357576918,0.5377231618359132,0.10236915120306743,428,0.4267198404785643,0.8271028037383178,0.8263111888111888,"{'0.00': {'n': 1003, 'accuracy': 0.7018943170488534}, '0.05': {'n': 555, 'accuracy': 0.7981981981981981}, '0.10': {'n': 438, 'accuracy': 0.819634703196347}, '0.15': {'n': 294, 'accuracy': 0.8435374149659864}, '0.20': {'n': 189, 'accuracy': 0.8994708994708994}, '0.30': {'n': 82, 'accuracy': 0.975609756097561}}",0.041366174817085266,0.081339272989613,0.5085633703951068,False,False,0.2,7,842,148,1003,482,9,16.0,25,0,9,17.0,additive null,0.03
main,PANC1,0.2,order_insensitive,0,0,False,100,1684,296,1696,34224,32423,201,86,2,0.5270949602127075,0.5461184978485107,70,0.0,0.0,0.5134207010269165,0.0,0.0,0.5270949602127075,1.1592596258277559,2,-0.02273091993289786,0.127501813398084,2 * sqrt(2) * median posterior synergy_sd,0.01289031535702887,0.07298102730905048,1696,0.06603099855985667,0.009133175021457558,0.09556764631117352,0.2914627643865584,848,0.09987849063797169,0.15074517228047274,0.15039416564770727,0.0,,,0.10236915120306743,318,0.375,0.5,0.5,"{'0.00': {'n': 848, 'accuracy': 0.5}, '0.05': {'n': 444, 'accuracy': 0.5}, '0.10': {'n': 323, 'accuracy': 0.5}, '0.15': {'n': 237, 'accuracy': 0.5}, '0.20': {'n': 141, 'accuracy': 0.5}, '0.30': {'n': 50, 'accuracy': 0.5}}",0.0,0.07537258614023637,0.0,False,False,0.2,0,842,148,848,637,9,17.0,30,0,9,17.0,order-insensitive,0.03
main,PANC1,0.2,order_insensitive,1,0,False,100,1684,296,1858,34224,32423,201,86,2,0.44059449434280396,0.5793075561523438,110,0.0,0.0,0.730961799621582,0.0,0.0,0.46979641914367676,1.066278460525093,2,-0.0205625500564133,0.12864467498054738,2 * sqrt(2) * median posterior synergy_sd,0.018659690624525424,0.08414874122243222,1858,0.07420848565364375,0.01159459977484773,0.10767822330837248,0.37551086561462776,929,0.11231310531646933,0.16898844002531513,0.1689557449968729,0.0,,,0.10236915120306743,369,0.39720129171151775,0.5,0.5,"{'0.00': {'n': 929, 'accuracy': 0.5}, '0.05': {'n': 516, 'accuracy': 0.5}, '0.10': {'n': 378, 'accuracy': 0.5}, '0.15': {'n': 270, 'accuracy': 0.5}, '0.20': {'n': 181, 'accuracy': 0.5}, '0.30': {'n': 86, 'accuracy': 0.5}}",0.0,0.08449422001265756,0.0,False,False,0.2,1,842,148,929,556,7,16.0,33,0,7,17.0,order-insensitive,0.03
main,PANC1,0.2,order_insensitive,2,0,False,100,1684,296,1856,34224,32423,201,86,2,0.48697414994239807,0.7212954759597778,100,0.0,0.0,0.7087752819061279,0.0,0.0,0.7193298935890198,1.4771418435128558,2,-0.02167472921793349,0.13080322644498732,2 * sqrt(2) * median posterior synergy_sd,0.014655096293609799,0.07354715975539497,1856,0.06976935259457148,0.010140333843788185,0.10069922464343102,0.3079406058702334,928,0.10164638985775863,0.15686011724568696,0.15679700813626177,0.0,,,0.10236915120306743,329,0.3545258620689655,0.5,0.5,"{'0.00': {'n': 927, 'accuracy': 0.5}, '0.05': {'n': 461, 'accuracy': 0.5}, '0.10': {'n': 336, 'accuracy': 0.5}, '0.15': {'n': 238, 'accuracy': 0.5}, '0.20': {'n': 167, 'accuracy': 0.5}, '0.30': {'n': 75, 'accuracy': 0.5}}",0.0,0.07843005862284348,0.0,False,False,0.2,2,842,148,928,557,11,17.0,29,0,11,17.0,order-insensitive,0.03
main,PANC1,0.2,order_insensitive,3,0,False,100,1684,296,1998,34224,32423,201,86,2,0.5194959044456482,0.7114297747612,75,0.0,0.0,0.6216098070144653,0.0,0.0,0.5194959044456482,1.0811311513426325,2,-0.023866067343824227,0.12400684100357545,2 * sqrt(2) * median posterior synergy_sd,0.01745393305574286,0.08380856538028765,1998,0.07515105431376265,0.011761008310977799,0.10844818260799854,0.3250419915557793,999,0.11499516764564564,0.16961334318852714,0.16959796940905403,0.0,,,0.10236915120306743,413,0.4134134134134134,0.5,0.5,"{'0.00': {'n': 999, 'accuracy': 0.5}, '0.05': {'n': 562, 'accuracy': 0.5}, '0.10': {'n': 419, 'accuracy': 0.5}, '0.15': {'n': 312, 'accuracy': 0.5}, '0.20': {'n': 208, 'accuracy': 0.5}, '0.30': {'n': 93, 'accuracy': 0.5}}",0.0,0.08480667159426357,0.0,False,False,0.2,3,842,148,999,486,8,17.0,26,0,9,17.0,order-insensitive,0.03
main,PANC1,0.2,order_insensitive,4,0,False,100,1684,296,1786,34224,32423,201,86,2,0.5033056735992432,0.7418363094329834,50,0.0,0.0,0.5677406787872314,0.0,0.0,0.7752437591552734,1.5403040335534959,2,-0.022905771056413303,0.12864181991770168,2 * sqrt(2) * median posterior synergy_sd,0.017957184911003697,0.08414179379481279,1786,0.07595382285410258,0.012213063534831049,0.11051273019354399,0.3182352108702995,893,0.11575238709182532,0.17359871053627163,0.17358986049982916,0.0,,,0.10236915120306743,372,0.4165733482642777,0.5,0.5,"{'0.00': {'n': 893, 'accuracy': 0.5}, '0.05': {'n': 500, 'accuracy': 0.5}, '0.10': {'n': 380, 'accuracy': 0.5}, '0.15': {'n': 277, 'accuracy': 0.5}, '0.20': {'n': 166, 'accuracy': 0.5}, '0.30': {'n': 85, 'accuracy': 0.5}}",0.0,0.08679935526813581,0.0,False,False,0.2,4,842,148,893,592,7,17.0,27,0,9,17.0,order-insensitive,0.03
main,PANC1,0.2,order_insensitive,5,0,False,100,1684,296,2000,34224,32423,201,86,2,0.5010761618614197,0.6666480302810669,70,0.0,0.0,0.6696828007698059,0.0,0.0,0.5010761618614197,1.0581616363583155,2,-0.02417554342517815,0.13250202440879896,2 * sqrt(2) * median posterior synergy_sd,0.018251147888334696,0.08579038792258789,2000,0.07364741523227716,0.011338918816816434,0.10648435949385447,0.3775435656502065,1000,0.114121788415,0.1663025332404115,0.16623131291657242,0.0,,,0.10236915120306743,424,0.424,0.5,0.5,"{'0.00': {'n': 1000, 'accuracy': 0.5}, '0.05': {'n': 568, 'accuracy': 0.5}, '0.10': {'n': 433, 'accuracy': 0.5}, '0.15': {'n': 296, 'accuracy': 0.5}, '0.20': {'n': 206, 'accuracy': 0.5}, '0.30': {'n': 96, 'accuracy': 0.5}}",0.0,0.08315126662020575,0.0,False,False,0.2,5,842,148,1000,485,10,17.0,25,0,10,17.0,order-insensitive,0.03
main,PANC1,0.2,order_insensitive,6,0,False,100,1684,296,1898,34224,32423,201,86,2,0.4729423522949219,0.8245494961738586,60,0.0,0.0,0.6908340454101562,0.0,0.0,0.7834292650222778,1.656500546463514,2,-0.0208419603652019,0.12204916406905225,2 * sqrt(2) * median posterior synergy_sd,0.016294889296905413,0.07947232093736938,1898,0.07153227630753443,0.010498578718158534,0.10246257227963064,0.355321076836556,949,0.10389387675553215,0.15587437656201408,0.15586955366378266,0.0,,,0.10236915120306743,366,0.3856691253951528,0.5,0.5,"{'0.00': {'n': 948, 'accuracy': 0.5}, '0.05': {'n': 503, 'accuracy': 0.5}, '0.10': {'n': 371, 'accuracy': 0.5}, '0.15': {'n': 258, 'accuracy': 0.5}, '0.20': {'n': 170, 'accuracy': 0.5}, '0.30': {'n': 68, 'accuracy': 0.5}}",0.0,0.07793718828100704,0.0,False,False,0.2,6,842,148,949,536,6,17.0,26,0,9,17.0,order-insensitive,0.03
main,PANC1,0.2,order_insensitive,7,0,False,100,1684,296,2006,34224,32423,201,86,2,0.5206254720687866,0.5484175682067871,120,0.0,0.0,0.6447944641113281,0.0,0.0,0.7476213574409485,1.4360061071736623,2,-0.023790650070071258,0.13351553968087043,2 * sqrt(2) * median posterior synergy_sd,0.016698537101001557,0.08210612990378509,2006,0.07348347795775087,0.01073979972084995,0.1036330049783849,0.3543472103475158,1003,0.11020255063110669,0.162678545979226,0.16253778697861695,0.0,,,0.10236915120306743,428,0.4267198404785643,0.5,0.5,"{'0.00': {'n': 1003, 'accuracy': 0.5}, '0.05': {'n': 555, 'accuracy': 0.5}, '0.10': {'n': 438, 'accuracy': 0.5}, '0.15': {'n': 294, 'accuracy': 0.5}, '0.20': {'n': 189, 'accuracy': 0.5}, '0.30': {'n': 82, 'accuracy': 0.5}}",0.0,0.081339272989613,0.0,False,False,0.2,7,842,148,1003,482,9,16.0,25,0,9,17.0,order-insensitive,0.03
main,PANC1,0.2,structured,0,0,False,100,1684,296,1696,34347,32546,201,48,4,0.08156199753284454,0.3929886519908905,140,0.5235869288444519,0.45948508381843567,0.5232886075973511,0.060146983712911606,0.878072018284775,0.08156199753284454,1.4769363153136812,0,-0.02273091993289786,0.127501813398084,2 * sqrt(2) * median posterior synergy_sd,0.01289031535702887,0.07298102730905048,1696,0.061634441645071036,0.007135907138432193,0.08447429868564872,0.4464076396674507,848,0.08976961256554852,0.11832238228558728,0.15039416564770727,0.12385044246912003,0.6431314104694043,0.5626343212333793,0.10236915120306743,318,0.375,0.8270440251572327,0.8243156843156842,"{'0.00': {'n': 848, 'accuracy': 0.6886792452830188}, '0.05': {'n': 444, 'accuracy': 0.795045045045045}, '0.10': {'n': 323, 'accuracy': 0.8235294117647058}, '0.15': {'n': 237, 'accuracy': 0.8481012658227848}, '0.20': {'n': 141, 'accuracy': 0.900709219858156}, '0.30': {'n': 50, 'accuracy': 0.98}}",0.0620940737426281,0.07537258614023637,0.8238283562023121,True,False,0.2,0,842,148,848,637,9,17.0,30,0,9,17.0,structured,0.01
main,PANC1,0.2,structured,1,0,False,100,1684,296,1858,34347,32546,201,48,4,0.06869853287935257,0.39175617694854736,195,0.5122693181037903,0.4689052700996399,0.6971397399902344,0.02027375064790249,0.672613026057313,0.07617016136646271,1.108759651392144,0,-0.0205625500564133,0.12864467498054738,2 * sqrt(2) * median posterior synergy_sd,0.018659690624525424,0.08414874122243222,1858,0.0649227150729965,0.008518746875626418,0.09229705778423501,0.541177361382627,929,0.0964174958105528,0.13201030506863823,0.1689557449968729,0.12380543351173401,0.6324953264224714,0.5791682032781309,0.10236915120306743,369,0.39720129171151775,0.8238482384823849,0.8234248266133772,"{'0.00': {'n': 929, 'accuracy': 0.7029063509149623}, '0.05': {'n': 516, 'accuracy': 0.7771317829457365}, '0.10': {'n': 378, 'accuracy': 0.8201058201058201}, '0.15': {'n': 270, 'accuracy': 0.8444444444444444}, '0.20': {'n': 181, 'accuracy': 0.8729281767955801}, '0.30': {'n': 86, 'accuracy': 0.8488372093023255}}",0.061902966350317,0.08449422001265756,0.7326295969244251,True,False,0.2,1,842,148,929,556,7,16.0,33,0,7,17.0,structured,0.01
main,PANC1,0.2,structured,2,0,False,100,1684,296,1856,34347,32546,201,48,4,0.0886891633272171,0.5017867684364319,160,0.5275072455406189,0.49141690135002136,0.6170936226844788,0.03635204955935478,0.796340916978304,0.0886891633272171,1.5540605764210749,0,-0.02167472921793349,0.13080322644498732,2 * sqrt(2) * median posterior synergy_sd,0.014655096293609799,0.07354715975539497,1856,0.06435363203615577,0.008061574009541222,0.08978626849101828,0.4498121944778932,928,0.09675036384978024,0.13026743262653961,0.15679700813626177,0.1329241245985031,0.6067291816289306,0.5323775350403116,0.10236915120306743,329,0.3545258620689655,0.8145896656534954,0.8145703933747412,"{'0.00': {'n': 927, 'accuracy': 0.6925566343042071}, '0.05': {'n': 461, 'accuracy': 0.7787418655097614}, '0.10': {'n': 336, 'accuracy': 0.8125}, '0.15': {'n': 238, 'accuracy': 0.8529411764705882}, '0.20': {'n': 167, 'accuracy': 0.8982035928143712}, '0.30': {'n': 75, 'accuracy': 0.9466666666666667}}",0.06646883487701416,0.07843005862284348,0.8474918423388057,True,False,0.2,2,842,148,928,557,11,17.0,29,0,11,17.0,structured,0.01
main,PANC1,0.2,structured,3,0,False,100,1684,296,1998,34347,32546,201,48,4,0.06398090720176697,0.5735247731208801,180,0.5432325601577759,0.5337559580802917,0.6125473976135254,0.02714991196990013,0.8713708688663052,0.06398090720176697,1.528034082563114,0,-0.023866067343824227,0.12400684100357545,2 * sqrt(2) * median posterior synergy_sd,0.01745393305574286,0.08380856538028765,1998,0.07055262876541918,0.009626770812529283,0.09811610883300093,0.44752474587499824,999,0.10343370930208938,0.13712640192031456,0.16959796940905403,0.13655278086662292,0.6176544847722454,0.5687459363170786,0.10236915120306743,413,0.4134134134134134,0.8232445520581114,0.8235708251196846,"{'0.00': {'n': 999, 'accuracy': 0.7027027027027027}, '0.05': {'n': 562, 'accuracy': 0.791814946619217}, '0.10': {'n': 419, 'accuracy': 0.8233890214797136}, '0.15': {'n': 312, 'accuracy': 0.842948717948718}, '0.20': {'n': 208, 'accuracy': 0.8846153846153846}, '0.30': {'n': 93, 'accuracy': 0.8924731182795699}}",0.06827762722969055,0.08480667159426357,0.8050973578629271,True,False,0.2,3,842,148,999,486,8,17.0,26,0,9,17.0,structured,0.01
main,PANC1,0.2,structured,4,0,False,100,1684,296,1786,34347,32546,201,48,4,0.0699741318821907,0.5136701464653015,320,0.566569447517395,0.5286762714385986,0.6490514874458313,0.016677921637892723,0.8145367226859965,0.0699741318821907,1.2116161915226322,0,-0.022905771056413303,0.12864181991770168,2 * sqrt(2) * median posterior synergy_sd,0.017957184911003697,0.08414179379481279,1786,0.06508169039520169,0.00837378348285971,0.09150837930408182,0.5325537516342255,893,0.09549074465143173,0.1271845144795283,0.17358986049982916,0.13841676712036133,0.6891542470999872,0.6208691672684464,0.10236915120306743,372,0.4165733482642777,0.8360215053763441,0.8363504916136495,"{'0.00': {'n': 893, 'accuracy': 0.723404255319149}, '0.05': {'n': 500, 'accuracy': 0.782}, '0.10': {'n': 380, 'accuracy': 0.8289473684210527}, '0.15': {'n': 277, 'accuracy': 0.8628158844765343}, '0.20': {'n': 166, 'accuracy': 0.9216867469879518}, '0.30': {'n': 85, 'accuracy': 0.9647058823529412}}",0.06920953840017319,0.08679935526813581,0.7973508349961226,True,False,0.2,4,842,148,893,592,7,17.0,27,0,9,17.0,structured,0.01
main,PANC1,0.2,structured,5,0,False,100,1684,296,2000,34347,32546,201,48,4,0.059128742665052414,0.4939640760421753,375,0.5514729619026184,0.5268569588661194,0.6838071942329407,0.016639595851302147,0.7704758933651175,0.059128742665052414,1.0759433725966465,0,-0.02417554342517815,0.13250202440879896,2 * sqrt(2) * median posterior synergy_sd,0.018251147888334696,0.08579038792258789,2000,0.06857891271875678,0.009414858761508693,0.09703019510187895,0.48316594295531,1000,0.10077897138703662,0.135341133779737,0.16623131291657242,0.1415223330259323,0.6239870889522072,0.588914784914785,0.10236915120306743,424,0.424,0.8325471698113207,0.8311497326203208,"{'0.00': {'n': 1000, 'accuracy': 0.735}, '0.05': {'n': 568, 'accuracy': 0.8186619718309859}, '0.10': {'n': 433, 'accuracy': 0.8314087759815243}, '0.15': {'n': 296, 'accuracy': 0.8682432432432432}, '0.20': {'n': 206, 'accuracy': 0.8932038834951457}, '0.30': {'n': 96, 'accuracy': 0.9270833333333334}}",0.07089575380086899,0.08315126662020575,0.8526118324172506,True,False,0.2,5,842,148,1000,485,10,17.0,25,0,10,17.0,structured,0.01
main,PANC1,0.2,structured,6,0,False,100,1684,296,1898,34347,32546,201,48,4,0.12054222077131271,0.6141225099563599,90,0.4607568383216858,0.4481642246246338,0.6172655820846558,0.129120334982872,0.726047648908391,0.12054222077131271,2.1968197452358162,0,-0.0208419603652019,0.12204916406905225,2 * sqrt(2) * median posterior synergy_sd,0.016294889296905413,0.07947232093736938,1898,0.06930926188550214,0.009096065130192867,0.09537329358993987,0.44144425349550065,949,0.10249204428081238,0.13542285346403574,0.15586955366378266,0.12418713420629501,0.5525883384913698,0.5222349834918624,0.10236915120306743,366,0.3856691253951528,0.825136612021858,0.8246976258025982,"{'0.00': {'n': 948, 'accuracy': 0.6835443037974683}, '0.05': {'n': 503, 'accuracy': 0.7813121272365805}, '0.10': {'n': 371, 'accuracy': 0.8274932614555256}, '0.15': {'n': 258, 'accuracy': 0.8682170542635659}, '0.20': {'n': 170, 'accuracy': 0.8941176470588236}, '0.30': {'n': 68, 'accuracy': 0.9117647058823529}}",0.06214452534914017,0.07793718828100704,0.7973667862519557,True,False,0.2,6,842,148,949,536,6,17.0,26,0,9,17.0,structured,0.01
main,PANC1,0.2,structured,7,0,False,100,1684,296,2006,34347,32546,201,48,4,0.07262067496776581,0.4423244595527649,285,0.5665512681007385,0.517444908618927,0.6696162223815918,0.01964574307203293,0.7727484659474879,0.07262067496776581,1.3379862082976712,0,-0.023790650070071258,0.13351553968087043,2 * sqrt(2) * median posterior synergy_sd,0.016698537101001557,0.08210612990378509,2006,0.06451766387399122,0.008180433984979908,0.09044575161377072,0.5082105662811869,1003,0.09632219908461707,0.12745573622364342,0.16253778697861695,0.14124950766563416,0.6566653487299243,0.5816674080152366,0.10236915120306743,428,0.4267198404785643,0.8247663551401869,0.824562937062937,"{'0.00': {'n': 1003, 'accuracy': 0.7038883349950149}, '0.05': {'n': 555, 'accuracy': 0.7963963963963964}, '0.10': {'n': 438, 'accuracy': 0.817351598173516}, '0.15': {'n': 294, 'accuracy': 0.8571428571428571}, '0.20': {'n': 189, 'accuracy': 0.8994708994708994}, '0.30': {'n': 82, 'accuracy': 0.9512195121951219}}",0.07062913477420807,0.081339272989613,0.8683275886081178,True,False,0.2,7,842,148,1003,482,9,16.0,25,0,9,17.0,structured,0.01
main,PANC1,0.2,unrestricted,0,0,False,100,1684,296,1696,34224,32423,201,86,1,0.09906275570392609,0.3943478763103485,60,0.5016565322875977,0.4291450083255768,0.5345977544784546,0.06252421438694,0.8027437540291281,0.09906275570392609,1.020600802956861,0,-0.02273091993289786,0.127501813398084,2 * sqrt(2) * median posterior synergy_sd,0.01289031535702887,0.07298102730905048,1696,0.05961656135658821,0.006868758416011968,0.08287797304478414,0.4671326139328712,848,0.08571573597243351,0.11295121066386533,0.15039416564770727,0.11611510068178177,0.6684502169845363,0.6056873291749556,0.10236915120306743,318,0.375,0.8553459119496856,0.8525874125874127,"{'0.00': {'n': 848, 'accuracy': 0.7122641509433962}, '0.05': {'n': 444, 'accuracy': 0.8130630630630631}, '0.10': {'n': 323, 'accuracy': 0.8513931888544891}, '0.15': {'n': 237, 'accuracy': 0.8860759493670886}, '0.20': {'n': 141, 'accuracy': 0.9361702127659575}, '0.30': {'n': 50, 'accuracy': 0.96}}",0.058212704956531525,0.07537258614023637,0.772332593818957,True,False,0.2,0,842,148,848,637,9,17.0,30,0,9,17.0,unrestricted,0.03
main,PANC1,0.2,unrestricted,1,0,False,100,1684,296,1858,34224,32423,201,86,1,0.16586808860301971,0.3589453101158142,35,0.3738625645637512,0.34679412841796875,0.6206222176551819,0.15717677772045135,0.5587845851349263,0.16586808860301971,1.7601534154384761,0,-0.0205625500564133,0.12864467498054738,2 * sqrt(2) * median posterior synergy_sd,0.018659690624525424,0.08414874122243222,1858,0.06375598971243461,0.008123738074692802,0.09013178171262788,0.562452671351045,929,0.0935971651199583,0.12424746161227446,0.1689557449968729,0.11479697376489639,0.6776530614951678,0.5940885609054912,0.10236915120306743,369,0.39720129171151775,0.8536585365853658,0.8536058540025862,"{'0.00': {'n': 929, 'accuracy': 0.7061356297093649}, '0.05': {'n': 516, 'accuracy': 0.7984496124031008}, '0.10': {'n': 378, 'accuracy': 0.8492063492063492}, '0.15': {'n': 270, 'accuracy': 0.8851851851851852}, '0.20': {'n': 181, 'accuracy': 0.9060773480662984}, '0.30': {'n': 86, 'accuracy': 0.9418604651162791}}",0.05742508918046951,0.08449422001265756,0.6796333426341709,True,False,0.2,1,842,148,929,556,7,16.0,33,0,7,17.0,unrestricted,0.03
main,PANC1,0.2,unrestricted,2,0,False,100,1684,296,1856,34224,32423,201,86,1,0.11360810697078705,0.4847308099269867,60,0.4809320569038391,0.4575647711753845,0.5942898392677307,0.05445962771773338,0.7699353765482253,0.11360810697078705,1.2945720711179045,0,-0.02167472921793349,0.13080322644498732,2 * sqrt(2) * median posterior synergy_sd,0.014655096293609799,0.07354715975539497,1856,0.06138971326667106,0.007591342855150932,0.08712831259212434,0.48190461794456607,928,0.0908571134901973,0.12154012388832776,0.15679700813626177,0.1264439970254898,0.6508407724410077,0.5744072898599348,0.10236915120306743,329,0.3545258620689655,0.8328267477203647,0.8328157349896481,"{'0.00': {'n': 927, 'accuracy': 0.7119741100323624}, '0.05': {'n': 461, 'accuracy': 0.7939262472885033}, '0.10': {'n': 336, 'accuracy': 0.8303571428571429}, '0.15': {'n': 238, 'accuracy': 0.865546218487395}, '0.20': {'n': 167, 'accuracy': 0.9161676646706587}, '0.30': {'n': 75, 'accuracy': 0.96}}",0.06323021650314331,0.07843005862284348,0.8061987663072704,True,False,0.2,2,842,148,928,557,11,17.0,29,0,11,17.0,unrestricted,0.03
main,PANC1,0.2,unrestricted,3,0,False,100,1684,296,1998,34224,32423,201,86,1,0.09673026949167252,0.5624901056289673,60,0.5046325922012329,0.4883532226085663,0.5984208583831787,0.05381900817155838,0.8160698541290914,0.09673026949167252,1.1290431621967878,0,-0.023866067343824227,0.12400684100357545,2 * sqrt(2) * median posterior synergy_sd,0.01745393305574286,0.08380856538028765,1998,0.07054444679336454,0.009760216274832149,0.09879380686476329,0.4398663818053301,999,0.10024378583997104,0.13509176766149075,0.16959796940905403,0.12711848318576813,0.6186992787454706,0.5638078439160602,0.10236915120306743,413,0.4134134134134134,0.8208232445520581,0.8217286210457149,"{'0.00': {'n': 999, 'accuracy': 0.7057057057057057}, '0.05': {'n': 562, 'accuracy': 0.7758007117437722}, '0.10': {'n': 419, 'accuracy': 0.8210023866348448}, '0.15': {'n': 312, 'accuracy': 0.842948717948718}, '0.20': {'n': 208, 'accuracy': 0.8894230769230769}, '0.30': {'n': 93, 'accuracy': 0.9032258064516129}}",0.06355932354927063,0.08480667159426357,0.7494613614050839,True,False,0.2,3,842,148,999,486,8,17.0,26,0,9,17.0,unrestricted,0.03
main,PANC1,0.2,unrestricted,4,0,False,100,1684,296,1786,34224,32423,201,86,1,0.0491982065141201,0.5055263042449951,475,0.5703583359718323,0.5524225831031799,0.6548844575881958,0.013991624116897583,0.8435420579954489,0.08807869255542755,1.7902825894709917,0,-0.022905771056413303,0.12864181991770168,2 * sqrt(2) * median posterior synergy_sd,0.017957184911003697,0.08414179379481279,1786,0.06674503965856242,0.008731197100001833,0.09344087488889342,0.5126019992644746,893,0.09750914502788274,0.12963718411423514,0.17358986049982916,0.14382043480873108,0.6811955318716695,0.6235654391484199,0.10236915120306743,372,0.4165733482642777,0.8467741935483871,0.8465297860034702,"{'0.00': {'n': 893, 'accuracy': 0.7390817469204927}, '0.05': {'n': 500, 'accuracy': 0.802}, '0.10': {'n': 380, 'accuracy': 0.8473684210526315}, '0.15': {'n': 277, 'accuracy': 0.8772563176895307}, '0.20': {'n': 166, 'accuracy': 0.9216867469879518}, '0.30': {'n': 85, 'accuracy': 1.0}}",0.07191098481416702,0.08679935526813581,0.828473720709371,True,False,0.2,4,842,148,893,592,7,17.0,27,0,9,17.0,unrestricted,0.03
main,PANC1,0.2,unrestricted,5,0,False,100,1684,296,2000,34224,32423,201,86,1,0.0900786742568016,0.48467883467674255,170,0.5296559929847717,0.4992140829563141,0.6367269158363342,0.033328715711832047,0.7840316948131548,0.0900786742568016,1.0480715384175276,0,-0.02417554342517815,0.13250202440879896,2 * sqrt(2) * median posterior synergy_sd,0.018251147888334696,0.08579038792258789,2000,0.06676351135166458,0.008976788498113094,0.09474591546928603,0.5072140606421124,1000,0.09662280840025066,0.13017872972606964,0.16623131291657242,0.13481716811656952,0.6441499323790174,0.6271883671883672,0.10236915120306743,424,0.424,0.8514150943396226,0.8504010695187165,"{'0.00': {'n': 1000, 'accuracy': 0.75}, '0.05': {'n': 568, 'accuracy': 0.8327464788732394}, '0.10': {'n': 433, 'accuracy': 0.8521939953810623}, '0.15': {'n': 296, 'accuracy': 0.8885135135135135}, '0.20': {'n': 206, 'accuracy': 0.9223300970873787}, '0.30': {'n': 96, 'accuracy': 0.9479166666666666}}",0.06752734631299973,0.08315126662020575,0.8121024376144691,True,False,0.2,5,842,148,1000,485,10,17.0,25,0,10,17.0,unrestricted,0.03
main,PANC1,0.2,unrestricted,6,0,False,100,1684,296,1898,34224,32423,201,86,1,0.17100147902965546,0.6130431294441223,35,0.3800005614757538,0.37336593866348267,0.5919713377952576,0.18366077542304993,0.6307162438878368,0.17100147902965546,2.0465762822918694,0,-0.0208419603652019,0.12204916406905225,2 * sqrt(2) * median posterior synergy_sd,0.016294889296905413,0.07947232093736938,1898,0.06634289332074991,0.00851410850444964,0.09227192695749688,0.4771800593492078,949,0.09548724213187634,0.12565970459180284,0.15586955366378266,0.11764690279960632,0.6094013707379744,0.5668808360285276,0.10236915120306743,366,0.3856691253951528,0.8442622950819673,0.8440346423771838,"{'0.00': {'n': 948, 'accuracy': 0.7025316455696202}, '0.05': {'n': 503, 'accuracy': 0.8111332007952287}, '0.10': {'n': 371, 'accuracy': 0.8463611859838275}, '0.15': {'n': 258, 'accuracy': 0.8798449612403101}, '0.20': {'n': 170, 'accuracy': 0.9117647058823529}, '0.30': {'n': 68, 'accuracy': 0.9264705882352942}}",0.05884601175785065,0.07793718828100704,0.7550440688940169,True,False,0.2,6,842,148,949,536,6,17.0,26,0,9,17.0,unrestricted,0.03
main,PANC1,0.2,unrestricted,7,0,False,100,1684,296,2006,34224,32423,201,86,1,0.07227949053049088,0.45497873425483704,320,0.5556514859199524,0.48242661356925964,0.5942803025245667,0.02115149423480034,0.8117829440414893,0.1646307408809662,2.277696476174209,0,-0.023790650070071258,0.13351553968087043,2 * sqrt(2) * median posterior synergy_sd,0.016698537101001557,0.08210612990378509,2006,0.06323133141884628,0.007893428619655668,0.088844969579913,0.5254646882930785,1003,0.09002145145213297,0.12043009463374596,0.16253778697861695,0.1316976547241211,0.6845445219850164,0.5985917286906368,0.10236915120306743,428,0.4267198404785643,0.8504672897196262,0.8495629370629371,"{'0.00': {'n': 1003, 'accuracy': 0.7068793619142573}, '0.05': {'n': 555, 'accuracy': 0.8126126126126126}, '0.10': {'n': 438, 'accuracy': 0.8401826484018264}, '0.15': {'n': 294, 'accuracy': 0.8741496598639455}, '0.20': {'n': 189, 'accuracy': 0.9206349206349206}, '0.30': {'n': 82, 'accuracy': 0.9634146341463414}}",0.06584884971380234,0.081339272989613,0.8095578838307445,True,False,0.2,7,842,148,1003,482,9,16.0,25,0,9,17.0,unrestricted,0.03
main,PANC1,0.4,additive,0,0,False,100,3366,594,1696,1801,0,201,48,0,0.6346218585968018,0.6683840751647949,35,0.0,0.0,0.0,0.26065924763679504,0.0,0.634860634803772,1.000376249578762,2,-0.020446522850861557,0.12655045625379996,2 * sqrt(2) * median posterior synergy_sd,0.012893875136704178,0.07201057346562988,1696,0.06464804436600591,0.008617970947110587,0.09283302724305928,0.3314314795110308,848,0.09016096647110594,0.12340096349140275,0.15039416564770727,0.06591206789016724,0.5947077687865486,0.5555172588050536,0.10236915120306743,318,0.375,0.8616352201257862,0.8608591408591408,"{'0.00': {'n': 848, 'accuracy': 0.6957547169811321}, '0.05': {'n': 444, 'accuracy': 0.7972972972972973}, '0.10': {'n': 323, 'accuracy': 0.8575851393188855}, '0.15': {'n': 237, 'accuracy': 0.8945147679324894}, '0.20': {'n': 141, 'accuracy': 0.9432624113475178}, '0.30': {'n': 50, 'accuracy': 0.98}}",0.03298654407262802,0.07537258614023637,0.43764644099187566,False,False,0.4,0,1683,297,848,637,22,33.0,52,0,22,33.0,additive null,0.03
main,PANC1,0.4,additive,1,0,False,100,3366,594,1858,1801,0,201,48,0,0.6215475797653198,0.7110899686813354,30,0.0,0.0,0.0,0.26287132501602173,0.0,0.6215475797653198,1.000131492287848,2,-0.022460168263220438,0.12688364653412876,2 * sqrt(2) * median posterior synergy_sd,0.01862666116206396,0.08488533901325322,1858,0.07485552509440366,0.012106094161614643,0.11002769724762326,0.34796160190239744,929,0.1016243680362354,0.14097030424366785,0.1689557449968729,0.06662383675575256,0.5824268882091432,0.5675446854596244,0.10236915120306743,369,0.39720129171151775,0.8238482384823849,0.8235276830845186,"{'0.00': {'n': 929, 'accuracy': 0.7093649085037675}, '0.05': {'n': 516, 'accuracy': 0.7887596899224806}, '0.10': {'n': 378, 'accuracy': 0.8201058201058201}, '0.15': {'n': 270, 'accuracy': 0.8592592592592593}, '0.20': {'n': 181, 'accuracy': 0.9116022099447514}, '0.30': {'n': 86, 'accuracy': 0.9186046511627907}}",0.03335407376289368,0.08449422001265756,0.394749768184109,False,False,0.4,1,1683,297,929,556,24,34.0,45,0,24,34.0,additive null,0.03
main,PANC1,0.4,additive,2,0,False,100,3366,594,1856,1801,0,201,48,0,0.6082274913787842,0.7013089656829834,35,0.0,0.0,0.0,0.26190176606178284,0.0,0.6082274913787842,1.0004044022890053,2,-0.023267095494949496,0.13045423479690996,2 * sqrt(2) * median posterior synergy_sd,0.014652406360487539,0.07426613807634534,1856,0.06825641984495759,0.010048445847017145,0.10024193656856967,0.31421179499997964,928,0.09443904651878048,0.1302369058563081,0.15679700813626177,0.0678827315568924,0.575128721455064,0.54256187168677,0.10236915120306743,329,0.3545258620689655,0.8389057750759878,0.837991718426501,"{'0.00': {'n': 927, 'accuracy': 0.6774541531823085}, '0.05': {'n': 461, 'accuracy': 0.7809110629067245}, '0.10': {'n': 336, 'accuracy': 0.8333333333333334}, '0.15': {'n': 238, 'accuracy': 0.8823529411764706}, '0.20': {'n': 167, 'accuracy': 0.9341317365269461}, '0.30': {'n': 75, 'accuracy': 0.96}}",0.03416619449853897,0.07843005862284348,0.43562627771118034,False,False,0.4,2,1683,297,928,557,23,33.0,45,0,23,33.0,additive null,0.03
main,PANC1,0.4,additive,3,0,False,100,3366,594,1998,1801,0,201,48,0,0.6288273930549622,0.6551221013069153,40,0.0,0.0,0.0,0.281417578458786,0.0,0.6288273930549622,1.0001068363307228,2,-0.023956235445632797,0.12728231933396153,2 * sqrt(2) * median posterior synergy_sd,0.017454914551380655,0.08384791802532122,1998,0.07394277888276558,0.011703007443475221,0.10818043928305718,0.3283706304770728,999,0.1037204309839628,0.14023426160063968,0.16959796940905403,0.07162175327539444,0.5856639595502511,0.5607013065169377,0.10236915120306743,413,0.4134134134134134,0.8256658595641646,0.8251548859476203,"{'0.00': {'n': 999, 'accuracy': 0.7087087087087087}, '0.05': {'n': 562, 'accuracy': 0.791814946619217}, '0.10': {'n': 419, 'accuracy': 0.8210023866348448}, '0.15': {'n': 312, 'accuracy': 0.8589743589743589}, '0.20': {'n': 208, 'accuracy': 0.8990384615384616}, '0.30': {'n': 93, 'accuracy': 0.9247311827956989}}",0.03581947833299637,0.08480667159426357,0.4223662792046097,False,False,0.4,3,1683,297,999,486,24,33.5,44,0,24,33.0,additive null,0.03
main,PANC1,0.4,additive,4,0,False,100,3366,594,1786,1801,0,201,48,0,0.6456623077392578,0.8296523690223694,25,0.0,0.0,0.0,0.2826027274131775,0.0,0.6456623077392578,1.0084777021593367,2,-0.023656740438502674,0.12590008993897034,2 * sqrt(2) * median posterior synergy_sd,0.017967630767347864,0.08446000606460528,1786,0.07415980566416759,0.011982855009031568,0.10946622770988122,0.33108604609275893,893,0.10176021393267937,0.13973959956234352,0.17358986049982916,0.07110510766506195,0.634493861516569,0.5999316318496092,0.10236915120306743,372,0.4165733482642777,0.8521505376344086,0.8519086176980915,"{'0.00': {'n': 893, 'accuracy': 0.6954087346024636}, '0.05': {'n': 500, 'accuracy': 0.792}, '0.10': {'n': 380, 'accuracy': 0.8473684210526315}, '0.15': {'n': 277, 'accuracy': 0.8916967509025271}, '0.20': {'n': 166, 'accuracy': 0.9578313253012049}, '0.30': {'n': 85, 'accuracy': 0.9882352941176471}}",0.035579707473516464,0.08679935526813581,0.40990750868604475,False,False,0.4,4,1683,297,893,592,24,33.0,49,0,25,33.0,additive null,0.03
main,PANC1,0.4,additive,5,0,False,100,3366,594,2000,1801,0,201,48,0,0.6066249012947083,0.6952632665634155,40,0.0,0.0,0.0,0.28716933727264404,0.0,0.6066249012947083,1.0000464773326216,2,-0.024538416173499705,0.13360483979431984,2 * sqrt(2) * median posterior synergy_sd,0.018247001827194034,0.08591848200274539,2000,0.07580980798015352,0.011685058496210378,0.1080974490735576,0.3585420299567861,1000,0.10010416343877478,0.13381013691402432,0.16623131291657242,0.07666012644767761,0.6123483263333136,0.5861616221616222,0.10236915120306743,424,0.424,0.839622641509434,0.8399286987522281,"{'0.00': {'n': 1000, 'accuracy': 0.712}, '0.05': {'n': 568, 'accuracy': 0.7975352112676056}, '0.10': {'n': 433, 'accuracy': 0.8406466512702079}, '0.15': {'n': 296, 'accuracy': 0.8547297297297297}, '0.20': {'n': 206, 'accuracy': 0.8786407766990292}, '0.30': {'n': 96, 'accuracy': 0.90625}}",0.03836721554398537,0.08315126662020575,0.46141468559015475,False,False,0.4,5,1683,297,1000,485,25,34.0,47,0,25,34.0,additive null,0.03
main,PANC1,0.4,additive,6,0,False,100,3366,594,1898,1801,0,201,48,0,0.6264976859092712,0.8037832975387573,35,0.0,0.0,0.0,0.2579396665096283,0.0,0.6272224187850952,1.0011568005630733,2,-0.024607434209447415,0.1283436979456399,2 * sqrt(2) * median posterior synergy_sd,0.016285352762985875,0.08107700699772348,1898,0.07124060342332611,0.010633295414501073,0.10311787146029089,0.34704862233945066,949,0.09406814488036931,0.12856328125650246,0.15586955366378266,0.06620980054140091,0.5887679314650192,0.5508680479258998,0.10236915120306743,366,0.3856691253951528,0.8360655737704918,0.8363446319247425,"{'0.00': {'n': 948, 'accuracy': 0.709915611814346}, '0.05': {'n': 503, 'accuracy': 0.7972166998011928}, '0.10': {'n': 371, 'accuracy': 0.8328840970350404}, '0.15': {'n': 258, 'accuracy': 0.8914728682170543}, '0.20': {'n': 170, 'accuracy': 0.888235294117647}, '0.30': {'n': 68, 'accuracy': 0.9558823529411765}}",0.03310493007302284,0.07793718828100704,0.42476423390668266,False,False,0.4,6,1683,297,949,536,21,33.5,46,0,21,33.0,additive null,0.03
main,PANC1,0.4,additive,7,0,False,100,3366,594,2006,1801,0,201,48,0,0.6141856908798218,0.615864634513855,40,0.0,0.0,0.0,0.29657062888145447,0.0,0.6145431995391846,1.0005820856211265,2,-0.023063510221330956,0.13024271115987218,2 * sqrt(2) * median posterior synergy_sd,0.01671074721467283,0.08183992576299681,2006,0.07366505037956025,0.011179223646249375,0.10573184783332491,0.32793002467845844,1003,0.09831464901642208,0.13185614838605667,0.16253778697861695,0.07710418850183487,0.5977126349815461,0.552456985985527,0.10236915120306743,428,0.4267198404785643,0.8200934579439252,0.8196241258741259,"{'0.00': {'n': 1003, 'accuracy': 0.6999002991026919}, '0.05': {'n': 555, 'accuracy': 0.7927927927927928}, '0.10': {'n': 438, 'accuracy': 0.8105022831050228}, '0.15': {'n': 294, 'accuracy': 0.8333333333333334}, '0.20': {'n': 189, 'accuracy': 0.8888888888888888}, '0.30': {'n': 82, 'accuracy': 0.9634146341463414}}",0.038626160472631454,0.081339272989613,0.4748771294963996,False,False,0.4,7,1683,297,1003,482,21,34.0,44,0,21,34.0,additive null,0.03
main,PANC1,0.4,order_insensitive,0,0,False,100,3366,594,1696,34224,32423,201,86,2,0.7700245976448059,0.7735220789909363,25,0.0,0.0,0.015825005248188972,0.0,0.0,0.7703341841697693,1.0004020475786233,2,-0.020446522850861557,0.12655045625379996,2 * sqrt(2) * median posterior synergy_sd,0.012893875136704178,0.07201057346562988,1696,0.06870051176378268,0.010476811324729543,0.10235629597015292,0.1872255905939264,848,0.09987849063797169,0.15074517228047274,0.15039416564770727,0.0,,,0.10236915120306743,318,0.375,0.5,0.5,"{'0.00': {'n': 848, 'accuracy': 0.5}, '0.05': {'n': 444, 'accuracy': 0.5}, '0.10': {'n': 323, 'accuracy': 0.5}, '0.15': {'n': 237, 'accuracy': 0.5}, '0.20': {'n': 141, 'accuracy': 0.5}, '0.30': {'n': 50, 'accuracy': 0.5}}",0.0,0.07537258614023637,0.0,False,False,0.4,0,1683,297,848,637,22,33.0,52,0,22,33.0,order-insensitive,0.03
main,PANC1,0.4,order_insensitive,1,0,False,100,3366,594,1858,34224,32423,201,86,2,0.5263367891311646,0.5475242137908936,860,0.0,0.0,1.1403108835220337,0.0,0.0,0.7602819204330444,1.4444780150900303,2,-0.022460168263220438,0.12688364653412876,2 * sqrt(2) * median posterior synergy_sd,0.01862666116206396,0.08488533901325322,1858,0.06905816556045104,0.010498237947316066,0.10246090936213706,0.43456129098020757,929,0.11231310531646933,0.16898844002531513,0.1689557449968729,0.0,,,0.10236915120306743,369,0.39720129171151775,0.5,0.5,"{'0.00': {'n': 929, 'accuracy': 0.5}, '0.05': {'n': 516, 'accuracy': 0.5}, '0.10': {'n': 378, 'accuracy': 0.5}, '0.15': {'n': 270, 'accuracy': 0.5}, '0.20': {'n': 181, 'accuracy': 0.5}, '0.30': {'n': 86, 'accuracy': 0.5}}",0.0,0.08449422001265756,0.0,False,False,0.4,1,1683,297,929,556,24,34.0,45,0,24,34.0,order-insensitive,0.03
main,PANC1,0.4,order_insensitive,2,0,False,100,3366,594,1856,34224,32423,201,86,2,0.7509758472442627,0.8165313601493835,20,0.0,0.0,0.015954772010445595,0.0,0.0,0.7523154020309448,1.0017837521560748,2,-0.023267095494949496,0.13045423479690996,2 * sqrt(2) * median posterior synergy_sd,0.014652406360487539,0.07426613807634534,1856,0.07208412301261498,0.011894634375043284,0.10906252507182879,0.18821277624599875,928,0.10164638985775863,0.15686011724568696,0.15679700813626177,0.0,,,0.10236915120306743,329,0.3545258620689655,0.5,0.5,"{'0.00': {'n': 927, 'accuracy': 0.5}, '0.05': {'n': 461, 'accuracy': 0.5}, '0.10': {'n': 336, 'accuracy': 0.5}, '0.15': {'n': 238, 'accuracy': 0.5}, '0.20': {'n': 167, 'accuracy': 0.5}, '0.30': {'n': 75, 'accuracy': 0.5}}",0.0,0.07843005862284348,0.0,False,False,0.4,2,1683,297,928,557,23,33.0,45,0,23,33.0,order-insensitive,0.03
main,PANC1,0.4,order_insensitive,3,0,False,100,3366,594,1998,34224,32423,201,86,2,0.7713322043418884,0.7848536968231201,25,0.0,0.0,0.01148924883455038,0.0,0.0,0.7713693380355835,1.0000481422835532,2,-0.023956235445632797,0.12728231933396153,2 * sqrt(2) * median posterior synergy_sd,0.017454914551380655,0.08384791802532122,1998,0.07824215153911959,0.013935505136066176,0.11804874051029167,0.20024877590436474,999,0.11499516764564564,0.16961334318852714,0.16959796940905403,0.0,,,0.10236915120306743,413,0.4134134134134134,0.5,0.5,"{'0.00': {'n': 999, 'accuracy': 0.5}, '0.05': {'n': 562, 'accuracy': 0.5}, '0.10': {'n': 419, 'accuracy': 0.5}, '0.15': {'n': 312, 'accuracy': 0.5}, '0.20': {'n': 208, 'accuracy': 0.5}, '0.30': {'n': 93, 'accuracy': 0.5}}",0.0,0.08480667159426357,0.0,False,False,0.4,3,1683,297,999,486,24,33.5,44,0,24,33.0,order-insensitive,0.03
main,PANC1,0.4,order_insensitive,4,0,False,100,3366,594,1786,34224,32423,201,86,2,0.7785406708717346,0.9777231812477112,20,0.0,0.0,0.023472195491194725,0.0,0.0,0.7785406708717346,1.0000189105415014,2,-0.023656740438502674,0.12590008993897034,2 * sqrt(2) * median posterior synergy_sd,0.017967630767347864,0.08446000606460528,1786,0.0798286780632077,0.014536876398703954,0.12056896946853263,0.18851396749865323,893,0.11575238709182532,0.17359871053627163,0.17358986049982916,0.0,,,0.10236915120306743,372,0.4165733482642777,0.5,0.5,"{'0.00': {'n': 893, 'accuracy': 0.5}, '0.05': {'n': 500, 'accuracy': 0.5}, '0.10': {'n': 380, 'accuracy': 0.5}, '0.15': {'n': 277, 'accuracy': 0.5}, '0.20': {'n': 166, 'accuracy': 0.5}, '0.30': {'n': 85, 'accuracy': 0.5}}",0.0,0.08679935526813581,0.0,False,False,0.4,4,1683,297,893,592,24,33.0,49,0,25,33.0,order-insensitive,0.03
main,PANC1,0.4,order_insensitive,5,0,False,100,3366,594,2000,34224,32423,201,86,2,0.5181342363357544,0.6220829486846924,740,0.0,0.0,1.1211060285568237,0.0,0.0,0.7482327222824097,1.4440904881598096,2,-0.024538416173499705,0.13360483979431984,2 * sqrt(2) * median posterior synergy_sd,0.018247001827194034,0.08591848200274539,2000,0.07094938169540518,0.010142334500443079,0.10070915797703345,0.44323074614787616,1000,0.114121788415,0.1663025332404115,0.16623131291657242,0.0,,,0.10236915120306743,424,0.424,0.5,0.5,"{'0.00': {'n': 1000, 'accuracy': 0.5}, '0.05': {'n': 568, 'accuracy': 0.5}, '0.10': {'n': 433, 'accuracy': 0.5}, '0.15': {'n': 296, 'accuracy': 0.5}, '0.20': {'n': 206, 'accuracy': 0.5}, '0.30': {'n': 96, 'accuracy': 0.5}}",0.0,0.08315126662020575,0.0,False,False,0.4,5,1683,297,1000,485,25,34.0,47,0,25,34.0,order-insensitive,0.03
main,PANC1,0.4,order_insensitive,6,0,False,100,3366,594,1898,34224,32423,201,86,2,0.7670402526855469,0.9378468990325928,20,0.0,0.0,0.029286682605743408,0.0,0.0,0.7670402526855469,1.0002415727035903,2,-0.024607434209447415,0.1283436979456399,2 * sqrt(2) * median posterior synergy_sd,0.016285352762985875,0.08107700699772348,1898,0.07601485156590915,0.012499565541218744,0.11180145589936986,0.23244787037828574,949,0.10389387675553215,0.15587437656201408,0.15586955366378266,0.0,,,0.10236915120306743,366,0.3856691253951528,0.5,0.5,"{'0.00': {'n': 948, 'accuracy': 0.5}, '0.05': {'n': 503, 'accuracy': 0.5}, '0.10': {'n': 371, 'accuracy': 0.5}, '0.15': {'n': 258, 'accuracy': 0.5}, '0.20': {'n': 170, 'accuracy': 0.5}, '0.30': {'n': 68, 'accuracy': 0.5}}",0.0,0.07793718828100704,0.0,False,False,0.4,6,1683,297,949,536,21,33.5,46,0,21,33.0,order-insensitive,0.03
main,PANC1,0.4,order_insensitive,7,0,False,100,3366,594,2006,34224,32423,201,86,2,0.771247148513794,0.7413107752799988,15,0.0,0.0,0.02499203570187092,0.0,0.0,0.7716306447982788,1.0004972417534688,2,-0.023063510221330956,0.13024271115987218,2 * sqrt(2) * median posterior synergy_sd,0.01671074721467283,0.08183992576299681,2006,0.07846443821822736,0.013362940612969788,0.11559818602802463,0.1966498343563512,1003,0.11020255063110669,0.162678545979226,0.16253778697861695,0.0,,,0.10236915120306743,428,0.4267198404785643,0.5,0.5,"{'0.00': {'n': 1003, 'accuracy': 0.5}, '0.05': {'n': 555, 'accuracy': 0.5}, '0.10': {'n': 438, 'accuracy': 0.5}, '0.15': {'n': 294, 'accuracy': 0.5}, '0.20': {'n': 189, 'accuracy': 0.5}, '0.30': {'n': 82, 'accuracy': 0.5}}",0.0,0.081339272989613,0.0,False,False,0.4,7,1683,297,1003,482,21,34.0,44,0,21,34.0,order-insensitive,0.03
main,PANC1,0.4,structured,0,0,False,100,3366,594,1696,34347,32546,201,48,4,0.15242408215999603,0.3292424976825714,190,0.5133903622627258,0.46108871698379517,0.8287006616592407,0.021112898364663124,0.5563996003823556,0.37759530544281006,2.4772680280695867,1,-0.020446522850861557,0.12655045625379996,2 * sqrt(2) * median posterior synergy_sd,0.012893875136704178,0.07201057346562988,1696,0.05146022514479557,0.004901720322772995,0.0700122869414576,0.6197323100577632,848,0.07606788714637706,0.0990944077591069,0.15039416564770727,0.11926271766424179,0.7532924494785065,0.6957097218523738,0.10236915120306743,318,0.375,0.9213836477987422,0.9208991008991009,"{'0.00': {'n': 848, 'accuracy': 0.7629716981132075}, '0.05': {'n': 444, 'accuracy': 0.8828828828828829}, '0.10': {'n': 323, 'accuracy': 0.9195046439628483}, '0.15': {'n': 237, 'accuracy': 0.9409282700421941}, '0.20': {'n': 141, 'accuracy': 0.9574468085106383}, '0.30': {'n': 50, 'accuracy': 0.98}}",0.05982508137822151,0.07537258614023637,0.7937246742059831,True,False,0.4,0,1683,297,848,637,22,33.0,52,0,22,33.0,structured,0.01
main,PANC1,0.4,structured,1,0,False,100,3366,594,1858,34347,32546,201,48,4,0.14689695835113525,0.3168043792247772,300,0.5075696110725403,0.48717331886291504,0.9415430426597595,0.015171630308032036,0.5174201250393204,0.3793884515762329,2.582684187846568,1,-0.022460168263220438,0.12688364653412876,2 * sqrt(2) * median posterior synergy_sd,0.01862666116206396,0.08488533901325322,1858,0.05294442549214789,0.005789036257560319,0.07608571651473303,0.6882005147558571,929,0.08014154661906248,0.10931856658334334,0.1689557449968729,0.1253206580877304,0.7629393835931643,0.717875725450237,0.10236915120306743,369,0.39720129171151775,0.8915989159891599,0.8916627483249089,"{'0.00': {'n': 929, 'accuracy': 0.7642626480086114}, '0.05': {'n': 516, 'accuracy': 0.8527131782945736}, '0.10': {'n': 378, 'accuracy': 0.8888888888888888}, '0.15': {'n': 270, 'accuracy': 0.9037037037037037}, '0.20': {'n': 181, 'accuracy': 0.9337016574585635}, '0.30': {'n': 86, 'accuracy': 0.9302325581395349}}",0.06273429095745087,0.08449422001265756,0.7424684309536561,True,False,0.4,1,1683,297,929,556,24,34.0,45,0,24,34.0,structured,0.01
main,PANC1,0.4,structured,2,0,False,100,3366,594,1856,34347,32546,201,48,4,0.12811896204948425,0.30548301339149475,1475,0.5186057090759277,0.459698885679245,1.2786132097244263,0.014542867429554462,0.35952927920893435,0.3753933012485504,2.9300370159380447,1,-0.023267095494949496,0.13045423479690996,2 * sqrt(2) * median posterior synergy_sd,0.014652406360487539,0.07426613807634534,1856,0.05092973534875426,0.0049994472061106136,0.07070676916753171,0.6587967952786724,928,0.07494513874018213,0.10091553578656834,0.15679700813626177,0.12146367132663727,0.7658347918801032,0.6845443999707379,0.10236915120306743,329,0.3545258620689655,0.8996960486322189,0.8995859213250518,"{'0.00': {'n': 927, 'accuracy': 0.7540453074433657}, '0.05': {'n': 461, 'accuracy': 0.8503253796095445}, '0.10': {'n': 336, 'accuracy': 0.8988095238095238}, '0.15': {'n': 238, 'accuracy': 0.9285714285714286}, '0.20': {'n': 167, 'accuracy': 0.9640718562874252}, '0.30': {'n': 75, 'accuracy': 0.9866666666666667}}",0.060878947377204895,0.07843005862284348,0.7762195827235214,True,False,0.4,2,1683,297,928,557,23,33.0,45,0,23,33.0,structured,0.01
main,PANC1,0.4,structured,3,0,False,100,3366,594,1998,34347,32546,201,48,4,0.10674383491277695,0.3874478042125702,1455,0.5317237377166748,0.5142711400985718,0.6731880903244019,0.01400290708988905,0.7639338061532702,0.12417451292276382,1.1632944705821175,0,-0.023956235445632797,0.12728231933396153,2 * sqrt(2) * median posterior synergy_sd,0.017454914551380655,0.08384791802532122,1998,0.05395662877064034,0.0058292976222892165,0.07634983708096053,0.6654597114690886,999,0.07903729539930868,0.10712183491266729,0.16959796940905403,0.13265785574913025,0.7753402231150174,0.7369249730692615,0.10236915120306743,413,0.4134134134134134,0.9176755447941889,0.9181333896554961,"{'0.00': {'n': 999, 'accuracy': 0.7707707707707707}, '0.05': {'n': 562, 'accuracy': 0.8790035587188612}, '0.10': {'n': 419, 'accuracy': 0.9116945107398569}, '0.15': {'n': 312, 'accuracy': 0.9423076923076923}, '0.20': {'n': 208, 'accuracy': 0.9663461538461539}, '0.30': {'n': 93, 'accuracy': 0.956989247311828}}",0.06635211408138275,0.08480667159426357,0.7823926211705129,True,False,0.4,3,1683,297,999,486,24,33.5,44,0,24,33.0,structured,0.01
main,PANC1,0.4,structured,4,0,False,100,3366,594,1786,34347,32546,201,48,4,0.13544248044490814,0.389009952545166,235,0.5222571492195129,0.5553380846977234,0.9216052889823914,0.021369528025388718,0.6025769289051183,0.39648038148880005,2.9272971093442894,1,-0.023656740438502674,0.12590008993897034,2 * sqrt(2) * median posterior synergy_sd,0.017967630767347864,0.08446000606460528,1786,0.05639958689517861,0.006399064068194572,0.07999415021234098,0.6427876959259209,893,0.08242641852800692,0.10955572616042662,0.17358986049982916,0.1430903971195221,0.777668856988772,0.7112893826715958,0.10236915120306743,372,0.4165733482642777,0.9086021505376344,0.9083285135916714,"{'0.00': {'n': 893, 'accuracy': 0.7592385218365062}, '0.05': {'n': 500, 'accuracy': 0.864}, '0.10': {'n': 380, 'accuracy': 0.9078947368421053}, '0.15': {'n': 277, 'accuracy': 0.9458483754512635}, '0.20': {'n': 166, 'accuracy': 0.963855421686747}, '0.30': {'n': 85, 'accuracy': 0.9882352941176471}}",0.07163011282682419,0.08679935526813581,0.8252378442852296,True,False,0.4,4,1683,297,893,592,24,33.0,49,0,25,33.0,structured,0.01
main,PANC1,0.4,structured,5,0,False,100,3366,594,2000,34347,32546,201,48,4,0.16474498808383942,0.30838465690612793,230,0.5007851719856262,0.5013826489448547,0.7665871977806091,0.02614004723727703,0.6540451632853205,0.16474498808383942,1.007343796938001,0,-0.024538416173499705,0.13360483979431984,2 * sqrt(2) * median posterior synergy_sd,0.018247001827194034,0.08591848200274539,2000,0.05492182687211124,0.005921492493003039,0.07695123451253423,0.6749362824824772,1000,0.08037861030913666,0.10845733200184265,0.16623131291657242,0.13818073272705078,0.7610766178736353,0.7023781863781865,0.10236915120306743,424,0.424,0.8867924528301887,0.8866310160427807,"{'0.00': {'n': 1000, 'accuracy': 0.756}, '0.05': {'n': 568, 'accuracy': 0.8556338028169014}, '0.10': {'n': 433, 'accuracy': 0.8868360277136259}, '0.15': {'n': 296, 'accuracy': 0.9121621621621622}, '0.20': {'n': 206, 'accuracy': 0.9223300970873787}, '0.30': {'n': 96, 'accuracy': 0.96875}}",0.06912998855113983,0.08315126662020575,0.8313762539167533,True,False,0.4,5,1683,297,1000,485,25,34.0,47,0,25,34.0,structured,0.01
main,PANC1,0.4,structured,6,0,False,100,3366,594,1898,34347,32546,201,48,4,0.14546650648117065,0.4113926887512207,255,0.5088083744049072,0.47956717014312744,0.7349547147750854,0.01867806725203991,0.6525125432930748,0.14546650648117065,1.0568327512435964,0,-0.024607434209447415,0.1283436979456399,2 * sqrt(2) * median posterior synergy_sd,0.016285352762985875,0.08107700699772348,1898,0.05309752047985255,0.005709684578590571,0.07556245482109862,0.6493893693093793,949,0.07931289165481833,0.10588041654768508,0.15586955366378266,0.1256137490272522,0.7371607497764807,0.6642863029845224,0.10236915120306743,366,0.3856691253951528,0.9016393442622951,0.9015678662087503,"{'0.00': {'n': 948, 'accuracy': 0.7426160337552743}, '0.05': {'n': 503, 'accuracy': 0.8469184890656064}, '0.10': {'n': 371, 'accuracy': 0.894878706199461}, '0.15': {'n': 258, 'accuracy': 0.9302325581395349}, '0.20': {'n': 170, 'accuracy': 0.9411764705882353}, '0.30': {'n': 68, 'accuracy': 0.9558823529411765}}",0.06282361596822739,0.07793718828100704,0.8060800928782959,True,False,0.4,6,1683,297,949,536,21,33.5,46,0,21,33.0,structured,0.01
main,PANC1,0.4,structured,7,0,False,100,3366,594,2006,34347,32546,201,48,4,0.13467898964881897,0.28649991750717163,635,0.5227208733558655,0.5056331157684326,1.330352544784546,0.01786743849515915,0.38007452817728193,0.3822954297065735,2.838567698669441,1,-0.023063510221330956,0.13024271115987218,2 * sqrt(2) * median posterior synergy_sd,0.01671074721467283,0.08183992576299681,2006,0.05197697014471437,0.0053234754089564055,0.0729621505231062,0.6799645395838827,1003,0.07632608218498722,0.10243993445947418,0.16253778697861695,0.13414432108402252,0.7783288650418161,0.7176068116950767,0.10236915120306743,428,0.4267198404785643,0.8948598130841121,0.8940559440559441,"{'0.00': {'n': 1003, 'accuracy': 0.7577268195413759}, '0.05': {'n': 555, 'accuracy': 0.8774774774774775}, '0.10': {'n': 438, 'accuracy': 0.8904109589041096}, '0.15': {'n': 294, 'accuracy': 0.9217687074829932}, '0.20': {'n': 189, 'accuracy': 0.9629629629629629}, '0.30': {'n': 82, 'accuracy': 0.9878048780487805}}",0.06708075106143951,0.081339272989613,0.8247031058416971,True,False,0.4,7,1683,297,1003,482,21,34.0,44,0,21,34.0,structured,0.01
main,PANC1,0.4,unrestricted,0,0,False,100,3366,594,1696,34224,32423,201,86,1,0.10752454400062561,0.3142702877521515,500,0.5326643586158752,0.47283682227134705,0.6120371222496033,0.011912284418940544,0.7725623251958775,0.11304784566164017,1.0513678222246858,0,-0.020446522850861557,0.12655045625379996,2 * sqrt(2) * median posterior synergy_sd,0.012893875136704178,0.07201057346562988,1696,0.05005229792678463,0.004802487982892617,0.06929998544655415,0.6274305976321402,848,0.07365494809584652,0.09842520019695576,0.15039416564770727,0.12045886367559433,0.7574021903033245,0.6925447332065349,0.10236915120306743,318,0.375,0.9119496855345912,0.9091308691308692,"{'0.00': {'n': 848, 'accuracy': 0.7511792452830188}, '0.05': {'n': 444, 'accuracy': 0.8581081081081081}, '0.10': {'n': 323, 'accuracy': 0.9102167182662538}, '0.15': {'n': 237, 'accuracy': 0.9240506329113924}, '0.20': {'n': 141, 'accuracy': 0.9432624113475178}, '0.30': {'n': 50, 'accuracy': 0.96}}",0.06040028855204582,0.07537258614023637,0.8013561912240419,True,False,0.4,0,1683,297,848,637,22,33.0,52,0,22,33.0,unrestricted,0.03
main,PANC1,0.4,unrestricted,1,0,False,100,3366,594,1858,34224,32423,201,86,1,0.17304903268814087,0.30427876114845276,185,0.4888947308063507,0.47723209857940674,0.7061164379119873,0.020309356972575188,0.6758546791384716,0.17304903268814087,1.1393967864506929,0,-0.022460168263220438,0.12688364653412876,2 * sqrt(2) * median posterior synergy_sd,0.01862666116206396,0.08488533901325322,1858,0.05419162668641696,0.00592758567029475,0.07699081549311418,0.6807381957014451,929,0.0802507633900934,0.11020974860713928,0.1689557449968729,0.1229558065533638,0.7586540329560405,0.710297202608807,0.10236915120306743,369,0.39720129171151775,0.8834688346883469,0.8836840249206537,"{'0.00': {'n': 929, 'accuracy': 0.759956942949408}, '0.05': {'n': 516, 'accuracy': 0.8507751937984496}, '0.10': {'n': 378, 'accuracy': 0.8783068783068783}, '0.15': {'n': 270, 'accuracy': 0.9}, '0.20': {'n': 181, 'accuracy': 0.9171270718232044}, '0.30': {'n': 86, 'accuracy': 0.9069767441860465}}",0.061528101563453674,0.08449422001265756,0.7281930237859646,True,False,0.4,1,1683,297,929,556,24,34.0,45,0,24,34.0,unrestricted,0.03
main,PANC1,0.4,unrestricted,2,0,False,100,3366,594,1856,34224,32423,201,86,1,0.08511047065258026,0.30029523372650146,655,0.5372043251991272,0.4749799072742462,0.6661043167114258,0.010453462600708008,0.7130713543776961,0.08511047065258026,1.0081516424722055,0,-0.023267095494949496,0.13045423479690996,2 * sqrt(2) * median posterior synergy_sd,0.014652406360487539,0.07426613807634534,1856,0.05222762015923193,0.0051611701713002904,0.07184128458832213,0.6477594962084255,928,0.07643600546539171,0.10173443823776201,0.15679700813626177,0.12494121491909027,0.7618193164838327,0.681077231692555,0.10236915120306743,329,0.3545258620689655,0.9148936170212766,0.9148550724637681,"{'0.00': {'n': 927, 'accuracy': 0.732470334412082}, '0.05': {'n': 461, 'accuracy': 0.8524945770065075}, '0.10': {'n': 336, 'accuracy': 0.9136904761904762}, '0.15': {'n': 238, 'accuracy': 0.9453781512605042}, '0.20': {'n': 167, 'accuracy': 0.9820359281437125}, '0.30': {'n': 75, 'accuracy': 1.0}}",0.06254694610834122,0.07843005862284348,0.797486922827874,True,False,0.4,2,1683,297,928,557,23,33.0,45,0,23,33.0,unrestricted,0.03
main,PANC1,0.4,unrestricted,3,0,False,100,3366,594,1998,34224,32423,201,86,1,0.17583733797073364,0.3845323920249939,130,0.49752259254455566,0.47930842638015747,0.6395031213760376,0.025804709643125534,0.7495013086860554,0.17583733797073364,1.0020314493804985,0,-0.023956235445632797,0.12728231933396153,2 * sqrt(2) * median posterior synergy_sd,0.017454914551380655,0.08384791802532122,1998,0.053909828160440515,0.005983930743071588,0.07735587077314551,0.6565853989541179,999,0.0804362166778299,0.10826179724131008,0.16959796940905403,0.12444183230400085,0.7706854451337353,0.7327536634831223,0.10236915120306743,413,0.4134134134134134,0.9128329297820823,0.9127710504083357,"{'0.00': {'n': 999, 'accuracy': 0.7557557557557557}, '0.05': {'n': 562, 'accuracy': 0.8701067615658363}, '0.10': {'n': 419, 'accuracy': 0.9093078758949881}, '0.15': {'n': 312, 'accuracy': 0.9326923076923077}, '0.20': {'n': 208, 'accuracy': 0.9567307692307693}, '0.30': {'n': 93, 'accuracy': 0.9354838709677419}}",0.062249086797237396,0.08480667159426357,0.7340116718063489,True,False,0.4,3,1683,297,999,486,24,33.5,44,0,24,33.0,unrestricted,0.03
main,PANC1,0.4,unrestricted,4,0,False,100,3366,594,1786,34224,32423,201,86,1,0.16840170323848724,0.3791474997997284,160,0.49990716576576233,0.5373754501342773,0.6637870669364929,0.02653038315474987,0.8095599882871628,0.16840170323848724,1.7389892770826734,0,-0.023656740438502674,0.12590008993897034,2 * sqrt(2) * median posterior synergy_sd,0.017967630767347864,0.08446000606460528,1786,0.056278511027941514,0.006702724642107449,0.08187016942762149,0.6258365774329817,893,0.08211033503187905,0.11246212951829139,0.17358986049982916,0.1381242424249649,0.7624822118610247,0.7201599867294475,0.10236915120306743,372,0.4165733482642777,0.9166666666666666,0.9165702718334297,"{'0.00': {'n': 893, 'accuracy': 0.7693169092945129}, '0.05': {'n': 500, 'accuracy': 0.878}, '0.10': {'n': 380, 'accuracy': 0.9131578947368421}, '0.15': {'n': 277, 'accuracy': 0.9314079422382672}, '0.20': {'n': 166, 'accuracy': 0.9457831325301205}, '0.30': {'n': 85, 'accuracy': 0.9882352941176471}}",0.06906825304031372,0.08679935526813581,0.795723111386621,True,False,0.4,4,1683,297,893,592,24,33.0,49,0,25,33.0,unrestricted,0.03
main,PANC1,0.4,unrestricted,5,0,False,100,3366,594,2000,34224,32423,201,86,1,0.1907624751329422,0.3254912793636322,95,0.4781534969806671,0.4806597828865051,0.7245079278945923,0.034439511597156525,0.6634292937046172,0.1907624751329422,1.004610573565302,0,-0.024538416173499705,0.13360483979431984,2 * sqrt(2) * median posterior synergy_sd,0.018247001827194034,0.08591848200274539,2000,0.053319789190559796,0.00573484725912233,0.0757287743141425,0.685182279358076,1000,0.07810741834598064,0.10450267780540469,0.16623131291657242,0.1321631371974945,0.7779252100981962,0.7224656904656905,0.10236915120306743,424,0.424,0.8962264150943396,0.8962566844919786,"{'0.00': {'n': 1000, 'accuracy': 0.762}, '0.05': {'n': 568, 'accuracy': 0.8732394366197183}, '0.10': {'n': 433, 'accuracy': 0.8960739030023095}, '0.15': {'n': 296, 'accuracy': 0.9256756756756757}, '0.20': {'n': 206, 'accuracy': 0.9466019417475728}, '0.30': {'n': 96, 'accuracy': 0.9791666666666666}}",0.06610255688428879,0.08315126662020575,0.7949675281100994,True,False,0.4,5,1683,297,1000,485,25,34.0,47,0,25,34.0,unrestricted,0.03
main,PANC1,0.4,unrestricted,6,0,False,100,3366,594,1898,34224,32423,201,86,1,0.21100014448165894,0.41374471783638,90,0.4760146141052246,0.4523088335990906,0.6957912445068359,0.03035397082567215,0.6500639914198385,0.2221548706293106,1.0528659644999498,0,-0.024607434209447415,0.1283436979456399,2 * sqrt(2) * median posterior synergy_sd,0.016285352762985875,0.08107700699772348,1898,0.05506841234320538,0.006156556587725217,0.07846372784749153,0.6219486105767211,949,0.0815484047252581,0.10863349653114505,0.15586955366378266,0.11887671798467636,0.718527159062483,0.6522115568897167,0.10236915120306743,366,0.3856691253951528,0.8907103825136612,0.8906375989248918,"{'0.00': {'n': 948, 'accuracy': 0.7352320675105485}, '0.05': {'n': 503, 'accuracy': 0.8469184890656064}, '0.10': {'n': 371, 'accuracy': 0.889487870619946}, '0.15': {'n': 258, 'accuracy': 0.9341085271317829}, '0.20': {'n': 170, 'accuracy': 0.9529411764705882}, '0.30': {'n': 68, 'accuracy': 0.9852941176470589}}",0.059452224522829056,0.07793718828100704,0.7628222910540552,True,False,0.4,6,1683,297,949,536,21,33.5,46,0,21,33.0,unrestricted,0.03
main,PANC1,0.4,unrestricted,7,0,False,100,3366,594,2006,34224,32423,201,86,1,0.08968321979045868,0.26950594782829285,780,0.5417587161064148,0.5305613279342651,0.6677515506744385,0.011955337598919868,0.7945490016434866,0.09071379154920578,1.011491243971336,0,-0.023063510221330956,0.13024271115987218,2 * sqrt(2) * median posterior synergy_sd,0.01671074721467283,0.08183992576299681,2006,0.05140567088803004,0.0051314823794534415,0.07163436591087717,0.6915067320189767,1003,0.07493517375864303,0.10080796784938537,0.16253778697861695,0.13960227370262146,0.7881228491408179,0.7173855250337924,0.10236915120306743,428,0.4267198404785643,0.8878504672897196,0.8869755244755244,"{'0.00': {'n': 1003, 'accuracy': 0.7537387836490529}, '0.05': {'n': 555, 'accuracy': 0.8756756756756757}, '0.10': {'n': 438, 'accuracy': 0.8835616438356164}, '0.15': {'n': 294, 'accuracy': 0.9115646258503401}, '0.20': {'n': 189, 'accuracy': 0.9470899470899471}, '0.30': {'n': 82, 'accuracy': 0.9878048780487805}}",0.06980970501899719,0.081339272989613,0.8582533683072365,True,False,0.4,7,1683,297,1003,482,21,34.0,44,0,21,34.0,unrestricted,0.03
main,PANC1,0.7,additive,0,0,False,100,5890,1040,1696,1801,0,201,48,0,0.6216763854026794,0.5813591480255127,30,0.0,0.0,0.0,0.2526856064796448,0.0,0.6220450401306152,1.000593001015628,2,-0.022518180157724964,0.13117141848921504,2 * sqrt(2) * median posterior synergy_sd,0.012890206145855615,0.07288976679098369,1696,0.06454968553268745,0.008458153732544223,0.09196822131880242,0.3438298455936092,848,0.0886858425936748,0.12151694387271134,0.15039416564770727,0.06623055785894394,0.6171408786542749,0.5797574226317961,0.10236915120306743,318,0.375,0.8553459119496856,0.8538661338661339,"{'0.00': {'n': 848, 'accuracy': 0.6922169811320755}, '0.05': {'n': 444, 'accuracy': 0.795045045045045}, '0.10': {'n': 323, 'accuracy': 0.848297213622291}, '0.15': {'n': 237, 'accuracy': 0.8776371308016878}, '0.20': {'n': 141, 'accuracy': 0.9361702127659575}, '0.30': {'n': 50, 'accuracy': 0.98}}",0.03314513340592384,0.07537258614023637,0.43975051279592325,False,False,0.7,0,2945,520,848,637,42,59.0,72,0,42,58.0,additive null,0.03
main,PANC1,0.7,additive,1,0,False,100,5890,1040,1858,1801,0,201,48,0,0.637869656085968,0.6710718274116516,30,0.0,0.0,0.0,0.2825520634651184,0.0,0.637869656085968,1.0006797945879562,2,-0.02243225433735144,0.12807767121291508,2 * sqrt(2) * median posterior synergy_sd,0.01862709483400947,0.08487440180225611,1858,0.07439505953195015,0.01193966905634497,0.10926879269189795,0.35692531535073146,929,0.10072803337598908,0.13810965093119026,0.1689557449968729,0.07224594801664352,0.6018298359600742,0.5735581545575696,0.10236915120306743,369,0.39720129171151775,0.8373983739837398,0.8368255554249442,"{'0.00': {'n': 929, 'accuracy': 0.7082884822389667}, '0.05': {'n': 516, 'accuracy': 0.7965116279069767}, '0.10': {'n': 378, 'accuracy': 0.8333333333333334}, '0.15': {'n': 270, 'accuracy': 0.8888888888888888}, '0.20': {'n': 181, 'accuracy': 0.9281767955801105}, '0.30': {'n': 86, 'accuracy': 0.9418604651162791}}",0.03618860989809036,0.08449422001265756,0.4282968692138843,False,False,0.7,1,2945,520,929,556,48,59.0,73,0,48,59.0,additive null,0.03
main,PANC1,0.7,additive,2,0,False,100,5890,1040,1856,1801,0,201,48,0,0.6217400431632996,0.6921318173408508,30,0.0,0.0,0.0,0.260050505399704,0.0,0.6217400431632996,1.001785742925816,2,-0.02316330708488964,0.1315785178710542,2 * sqrt(2) * median posterior synergy_sd,0.014652427189779518,0.07421860599675992,1856,0.06738756138203504,0.009887765814658375,0.09943724561077893,0.32517791579600075,928,0.09288370198618728,0.1283190902054959,0.15679700813626177,0.06813721358776093,0.5974456881661361,0.5642115114545521,0.10236915120306743,329,0.3545258620689655,0.8419452887537994,0.8410973084886129,"{'0.00': {'n': 927, 'accuracy': 0.6709816612729234}, '0.05': {'n': 461, 'accuracy': 0.7809110629067245}, '0.10': {'n': 336, 'accuracy': 0.8333333333333334}, '0.15': {'n': 238, 'accuracy': 0.8865546218487395}, '0.20': {'n': 167, 'accuracy': 0.9281437125748503}, '0.30': {'n': 75, 'accuracy': 0.9333333333333333}}",0.03421705961227417,0.07843005862284348,0.4362748187760264,False,False,0.7,2,2945,520,928,557,47,59.0,70,0,47,58.0,additive null,0.03
main,PANC1,0.7,additive,3,0,False,100,5890,1040,1998,1801,0,201,48,0,0.6248566508293152,0.6024303436279297,35,0.0,0.0,0.0,0.28343647718429565,0.0,0.6248566508293152,1.0000621976984372,2,-0.024361262953140915,0.12975946548584558,2 * sqrt(2) * median posterior synergy_sd,0.01745952391483836,0.08402493940788361,1998,0.07412580454651481,0.011566946420117852,0.10754973928428582,0.3361791002038099,999,0.1035792520261311,0.1392898238814354,0.16959796940905403,0.07352463901042938,0.5921466275500835,0.5558650875324221,0.10236915120306743,413,0.4134134134134134,0.8232445520581114,0.8226673237585657,"{'0.00': {'n': 999, 'accuracy': 0.7007007007007007}, '0.05': {'n': 562, 'accuracy': 0.7864768683274022}, '0.10': {'n': 419, 'accuracy': 0.8186157517899761}, '0.15': {'n': 312, 'accuracy': 0.8461538461538461}, '0.20': {'n': 208, 'accuracy': 0.8894230769230769}, '0.30': {'n': 93, 'accuracy': 0.9247311827956989}}",0.036778565496206284,0.08480667159426357,0.43367537959942803,False,False,0.7,3,2945,520,999,486,45,59.0,70,0,45,59.5,additive null,0.03
main,PANC1,0.7,additive,4,0,False,100,5890,1040,1786,1801,0,201,48,0,0.6281284689903259,0.7561895847320557,35,0.0,0.0,0.0,0.2853901982307434,0.0,0.6296550631523132,1.00243038524339,2,-0.024876449871477076,0.12883249863594554,2 * sqrt(2) * median posterior synergy_sd,0.017987000373594266,0.08498034714798118,1786,0.07405190839213216,0.011616185744822555,0.10777841038363183,0.3515544726166089,893,0.10161853861131835,0.13856033484131236,0.17358986049982916,0.07352011650800705,0.6401547488733412,0.6039622386454222,0.10236915120306743,372,0.4165733482642777,0.8629032258064516,0.8628976286871024,"{'0.00': {'n': 893, 'accuracy': 0.6976483762597985}, '0.05': {'n': 500, 'accuracy': 0.798}, '0.10': {'n': 380, 'accuracy': 0.8552631578947368}, '0.15': {'n': 277, 'accuracy': 0.9025270758122743}, '0.20': {'n': 166, 'accuracy': 0.963855421686747}, '0.30': {'n': 85, 'accuracy': 1.0}}",0.03676753491163254,0.08679935526813581,0.42359225823800517,False,False,0.7,4,2945,520,893,592,47,59.0,70,0,47,58.0,additive null,0.03
main,PANC1,0.7,additive,5,0,False,100,5890,1040,2000,1801,0,201,48,0,0.6292018890380859,0.7096899151802063,35,0.0,0.0,0.0,0.2775573432445526,0.0,0.6293310523033142,1.0002052811148194,2,-0.023309433072835315,0.1299116064362335,2 * sqrt(2) * median posterior synergy_sd,0.018262108206911036,0.08548508119313802,2000,0.07466973006916115,0.011601219716123264,0.10770895838380048,0.3631444077457393,1000,0.09890255432995712,0.133644870326318,0.16623131291657242,0.07201258093118668,0.6248034844420804,0.5987862107862107,0.10236915120306743,424,0.424,0.8443396226415094,0.8446524064171123,"{'0.00': {'n': 1000, 'accuracy': 0.719}, '0.05': {'n': 568, 'accuracy': 0.7992957746478874}, '0.10': {'n': 433, 'accuracy': 0.8475750577367206}, '0.15': {'n': 296, 'accuracy': 0.8614864864864865}, '0.20': {'n': 206, 'accuracy': 0.8737864077669902}, '0.30': {'n': 96, 'accuracy': 0.8958333333333334}}",0.03605791926383972,0.08315126662020575,0.43364245344012176,False,False,0.7,5,2945,520,1000,485,45,59.0,70,0,45,59.0,additive null,0.03
main,PANC1,0.7,additive,6,0,False,100,5890,1040,1898,1801,0,201,48,0,0.6276017427444458,0.7450006604194641,45,0.0,0.0,0.0,0.2550712823867798,0.0,0.6276017427444458,1.0003073291105269,2,-0.02462998696672326,0.1289582872608434,2 * sqrt(2) * median posterior synergy_sd,0.016285381075749138,0.0810869169026592,1898,0.07110230331431758,0.01057624533728375,0.10284087386483912,0.35055185676138645,949,0.0939605142639974,0.12843704659563787,0.15586955366378266,0.06571429967880249,0.5916855085670139,0.5570518846234579,0.10236915120306743,366,0.3856691253951528,0.8387978142076503,0.8388681499178736,"{'0.00': {'n': 948, 'accuracy': 0.7046413502109705}, '0.05': {'n': 503, 'accuracy': 0.7833001988071571}, '0.10': {'n': 371, 'accuracy': 0.8382749326145552}, '0.15': {'n': 258, 'accuracy': 0.8837209302325582}, '0.20': {'n': 170, 'accuracy': 0.9058823529411765}, '0.30': {'n': 68, 'accuracy': 0.9558823529411765}}",0.03289355710148811,0.07793718828100704,0.4220521400244578,False,False,0.7,6,2945,520,949,536,45,59.0,71,0,45,58.0,additive null,0.03
main,PANC1,0.7,additive,7,0,False,100,5890,1040,2006,1801,0,201,48,0,0.6295656561851501,0.6423139572143555,30,0.0,0.0,0.0,0.2913823425769806,0.0,0.6297770142555237,1.0003357204579015,2,-0.022735946670628185,0.1289511678012822,2 * sqrt(2) * median posterior synergy_sd,0.016716593135796744,0.08172112705676772,2006,0.07300833202790703,0.010882454843011025,0.10431900518606868,0.3457711027872693,1003,0.09714229987018498,0.130051819344718,0.16253778697861695,0.07505843043327332,0.6208445842223818,0.5642737317546133,0.10236915120306743,428,0.4267198404785643,0.8294392523364486,0.828715034965035,"{'0.00': {'n': 1003, 'accuracy': 0.6989032901296112}, '0.05': {'n': 555, 'accuracy': 0.790990990990991}, '0.10': {'n': 438, 'accuracy': 0.819634703196347}, '0.15': {'n': 294, 'accuracy': 0.8537414965986394}, '0.20': {'n': 189, 'accuracy': 0.9047619047619048}, '0.30': {'n': 82, 'accuracy': 0.975609756097561}}",0.03757409006357193,0.081339272989613,0.4619427821585045,False,False,0.7,7,2945,520,1003,482,46,59.0,72,0,46,59.0,additive null,0.03
main,PANC1,0.7,order_insensitive,0,0,False,100,5890,1040,1696,34224,32423,201,86,2,0.7501654624938965,0.6983200311660767,25,0.0,0.0,0.01764058880507946,0.0,0.0,0.7503840923309326,1.0002914421523876,2,-0.022518180157724964,0.13117141848921504,2 * sqrt(2) * median posterior synergy_sd,0.012890206145855615,0.07288976679098369,1696,0.06890422543633562,0.010476715783651122,0.10235582926072712,0.18723300251928998,848,0.09987849063797169,0.15074517228047274,0.15039416564770727,0.0,,,0.10236915120306743,318,0.375,0.5,0.5,"{'0.00': {'n': 848, 'accuracy': 0.5}, '0.05': {'n': 444, 'accuracy': 0.5}, '0.10': {'n': 323, 'accuracy': 0.5}, '0.15': {'n': 237, 'accuracy': 0.5}, '0.20': {'n': 141, 'accuracy': 0.5}, '0.30': {'n': 50, 'accuracy': 0.5}}",0.0,0.07537258614023637,0.0,False,False,0.7,0,2945,520,848,637,42,59.0,72,0,42,58.0,order-insensitive,0.03
main,PANC1,0.7,order_insensitive,1,0,False,100,5890,1040,1858,34224,32423,201,86,2,0.7786944508552551,0.7840434312820435,20,0.0,0.0,0.019772373139858246,0.0,0.0,0.7810830473899841,1.0030674374680666,2,-0.02243225433735144,0.12807767121291508,2 * sqrt(2) * median posterior synergy_sd,0.01862709483400947,0.08487440180225611,1858,0.07937436453298555,0.014130798222076565,0.11887303404084783,0.23891034436375425,929,0.11231310531646933,0.16898844002531513,0.1689557449968729,0.0,,,0.10236915120306743,369,0.39720129171151775,0.5,0.5,"{'0.00': {'n': 929, 'accuracy': 0.5}, '0.05': {'n': 516, 'accuracy': 0.5}, '0.10': {'n': 378, 'accuracy': 0.5}, '0.15': {'n': 270, 'accuracy': 0.5}, '0.20': {'n': 181, 'accuracy': 0.5}, '0.30': {'n': 86, 'accuracy': 0.5}}",0.0,0.08449422001265756,0.0,False,False,0.7,1,2945,520,929,556,48,59.0,73,0,48,59.0,order-insensitive,0.03
main,PANC1,0.7,order_insensitive,2,0,False,100,5890,1040,1856,34224,32423,201,86,2,0.7633854746818542,0.7943587899208069,20,0.0,0.0,0.030703209340572357,0.0,0.0,0.7639830708503723,1.0007828236039822,2,-0.02316330708488964,0.1315785178710542,2 * sqrt(2) * median posterior synergy_sd,0.014652427189779518,0.07421860599675992,1856,0.07171492070285844,0.011803604921613371,0.10864439664158189,0.19442537134978422,928,0.10164638985775863,0.15686011724568696,0.15679700813626177,0.0,,,0.10236915120306743,329,0.3545258620689655,0.5,0.5,"{'0.00': {'n': 927, 'accuracy': 0.5}, '0.05': {'n': 461, 'accuracy': 0.5}, '0.10': {'n': 336, 'accuracy': 0.5}, '0.15': {'n': 238, 'accuracy': 0.5}, '0.20': {'n': 167, 'accuracy': 0.5}, '0.30': {'n': 75, 'accuracy': 0.5}}",0.0,0.07843005862284348,0.0,False,False,0.7,2,2945,520,928,557,47,59.0,70,0,47,58.0,order-insensitive,0.03
main,PANC1,0.7,order_insensitive,3,0,False,100,5890,1040,1998,34224,32423,201,86,2,0.7679774761199951,0.7163615226745605,25,0.0,0.0,0.014059693552553654,0.0,0.0,0.768255352973938,1.0003618294319603,2,-0.024361262953140915,0.12975946548584558,2 * sqrt(2) * median posterior synergy_sd,0.01745952391483836,0.08402493940788361,1998,0.07838114493274177,0.013843136685056805,0.11765685991499521,0.2055497521546893,999,0.11499516764564564,0.16961334318852714,0.16959796940905403,0.0,,,0.10236915120306743,413,0.4134134134134134,0.5,0.5,"{'0.00': {'n': 999, 'accuracy': 0.5}, '0.05': {'n': 562, 'accuracy': 0.5}, '0.10': {'n': 419, 'accuracy': 0.5}, '0.15': {'n': 312, 'accuracy': 0.5}, '0.20': {'n': 208, 'accuracy': 0.5}, '0.30': {'n': 93, 'accuracy': 0.5}}",0.0,0.08480667159426357,0.0,False,False,0.7,3,2945,520,999,486,45,59.0,70,0,45,59.5,order-insensitive,0.03
main,PANC1,0.7,order_insensitive,4,0,False,100,5890,1040,1786,34224,32423,201,86,2,0.761043131351471,0.8833329677581787,25,0.0,0.0,0.015816116705536842,0.0,0.0,0.7612234950065613,1.0002369953129595,2,-0.024876449871477076,0.12883249863594554,2 * sqrt(2) * median posterior synergy_sd,0.017987000373594266,0.08498034714798118,1786,0.07926796435625372,0.014280516455617245,0.11950111487185902,0.2028246424608653,893,0.11575238709182532,0.17359871053627163,0.17358986049982916,0.0,,,0.10236915120306743,372,0.4165733482642777,0.5,0.5,"{'0.00': {'n': 893, 'accuracy': 0.5}, '0.05': {'n': 500, 'accuracy': 0.5}, '0.10': {'n': 380, 'accuracy': 0.5}, '0.15': {'n': 277, 'accuracy': 0.5}, '0.20': {'n': 166, 'accuracy': 0.5}, '0.30': {'n': 85, 'accuracy': 0.5}}",0.0,0.08679935526813581,0.0,False,False,0.7,4,2945,520,893,592,47,59.0,70,0,47,58.0,order-insensitive,0.03
main,PANC1,0.7,order_insensitive,5,0,False,100,5890,1040,2000,34224,32423,201,86,2,0.7630084156990051,0.8526449203491211,20,0.0,0.0,0.02809550240635872,0.0,0.0,0.7631317973136902,1.0001617041334623,2,-0.023309433072835315,0.1299116064362335,2 * sqrt(2) * median posterior synergy_sd,0.018262108206911036,0.08548508119313802,2000,0.08070828181197069,0.013996078882125335,0.11830502475434142,0.23167724396035616,1000,0.114121788415,0.1663025332404115,0.16623131291657242,0.0,,,0.10236915120306743,424,0.424,0.5,0.5,"{'0.00': {'n': 1000, 'accuracy': 0.5}, '0.05': {'n': 568, 'accuracy': 0.5}, '0.10': {'n': 433, 'accuracy': 0.5}, '0.15': {'n': 296, 'accuracy': 0.5}, '0.20': {'n': 206, 'accuracy': 0.5}, '0.30': {'n': 96, 'accuracy': 0.5}}",0.0,0.08315126662020575,0.0,False,False,0.7,5,2945,520,1000,485,45,59.0,70,0,45,59.0,order-insensitive,0.03
main,PANC1,0.7,order_insensitive,6,0,False,100,5890,1040,1898,34224,32423,201,86,2,0.7652120590209961,0.8730329275131226,25,0.0,0.0,0.014134354889392853,0.0,0.0,0.7652120590209961,1.0009483107119035,2,-0.02462998696672326,0.1289582872608434,2 * sqrt(2) * median posterior synergy_sd,0.016285381075749138,0.0810869169026592,1898,0.07527557804642192,0.012414847835326428,0.11142193605985505,0.23765007163559226,949,0.10389387675553215,0.15587437656201408,0.15586955366378266,0.0,,,0.10236915120306743,366,0.3856691253951528,0.5,0.5,"{'0.00': {'n': 948, 'accuracy': 0.5}, '0.05': {'n': 503, 'accuracy': 0.5}, '0.10': {'n': 371, 'accuracy': 0.5}, '0.15': {'n': 258, 'accuracy': 0.5}, '0.20': {'n': 170, 'accuracy': 0.5}, '0.30': {'n': 68, 'accuracy': 0.5}}",0.0,0.07793718828100704,0.0,False,False,0.7,6,2945,520,949,536,45,59.0,71,0,45,58.0,order-insensitive,0.03
main,PANC1,0.7,order_insensitive,7,0,False,100,5890,1040,2006,34224,32423,201,86,2,0.7640944123268127,0.7961381673812866,20,0.0,0.0,0.03114885836839676,0.0,0.0,0.7650416493415833,1.0012396858287262,2,-0.022735946670628185,0.1289511678012822,2 * sqrt(2) * median posterior synergy_sd,0.016716593135796744,0.08172112705676772,2006,0.0784129660168963,0.013106494333367979,0.11448359853432272,0.21206681233774372,1003,0.11020255063110669,0.162678545979226,0.16253778697861695,0.0,,,0.10236915120306743,428,0.4267198404785643,0.5,0.5,"{'0.00': {'n': 1003, 'accuracy': 0.5}, '0.05': {'n': 555, 'accuracy': 0.5}, '0.10': {'n': 438, 'accuracy': 0.5}, '0.15': {'n': 294, 'accuracy': 0.5}, '0.20': {'n': 189, 'accuracy': 0.5}, '0.30': {'n': 82, 'accuracy': 0.5}}",0.0,0.081339272989613,0.0,False,False,0.7,7,2945,520,1003,482,46,59.0,72,0,46,59.0,order-insensitive,0.03
main,PANC1,0.7,structured,0,0,False,100,5890,1040,1696,34347,32546,201,48,4,0.21494652330875397,0.28548139333724976,1305,0.47368454933166504,0.42725276947021484,1.0644975900650024,0.017087724059820175,0.4013656521703587,0.39609888195991516,1.842778733345456,1,-0.022518180157724964,0.13117141848921504,2 * sqrt(2) * median posterior synergy_sd,0.012890206145855615,0.07288976679098369,1696,0.04751884246362657,0.004288403014310537,0.06548589935482704,0.6673124943059476,848,0.07043077265662,0.0905413838363047,0.15039416564770727,0.11427523195743561,0.7996067194434426,0.7285049817961105,0.10236915120306743,318,0.375,0.940251572327044,0.93996003996004,"{'0.00': {'n': 848, 'accuracy': 0.7712264150943396}, '0.05': {'n': 444, 'accuracy': 0.8828828828828829}, '0.10': {'n': 323, 'accuracy': 0.9380804953560371}, '0.15': {'n': 237, 'accuracy': 0.9535864978902954}, '0.20': {'n': 141, 'accuracy': 0.9716312056737588}, '0.30': {'n': 50, 'accuracy': 1.0}}",0.05727813392877579,0.07537258614023637,0.759933244458476,True,False,0.7,0,2945,520,848,637,42,59.0,72,0,42,58.0,structured,0.01
main,PANC1,0.7,structured,1,0,False,100,5890,1040,1858,34347,32546,201,48,4,0.23172390460968018,0.273712694644928,1440,0.4859790802001953,0.49795225262641907,1.276577115058899,0.019271666184067726,0.39006829023677464,0.6433386206626892,2.7763152953353694,1,-0.02243225433735144,0.12807767121291508,2 * sqrt(2) * median posterior synergy_sd,0.01862709483400947,0.08487440180225611,1858,0.05098512811156043,0.00525018381321471,0.07245815215153303,0.7172232928650955,929,0.0763430755011113,0.10281121177421194,0.1689557449968729,0.1299903243780136,0.7941221751867693,0.7348184683136746,0.10236915120306743,369,0.39720129171151775,0.907859078590786,0.9079287645468438,"{'0.00': {'n': 929, 'accuracy': 0.7825618945102261}, '0.05': {'n': 516, 'accuracy': 0.8817829457364341}, '0.10': {'n': 378, 'accuracy': 0.9047619047619048}, '0.15': {'n': 270, 'accuracy': 0.9333333333333333}, '0.20': {'n': 181, 'accuracy': 0.9723756906077348}, '0.30': {'n': 86, 'accuracy': 0.9767441860465116}}",0.06507045775651932,0.08449422001265756,0.7701172665629851,True,False,0.7,1,2945,520,929,556,48,59.0,73,0,48,59.0,structured,0.01
main,PANC1,0.7,structured,2,0,False,100,5890,1040,1856,34347,32546,201,48,4,0.2191189080476761,0.3034522235393524,1445,0.4801664352416992,0.441033273935318,1.1166363954544067,0.01701480895280838,0.39496587763991237,0.3919185698032379,1.7886113676596267,1,-0.02316330708488964,0.1315785178710542,2 * sqrt(2) * median posterior synergy_sd,0.014652427189779518,0.07421860599675992,1856,0.048945819491594975,0.004775262160813634,0.0691032717084628,0.6740970180337866,928,0.07078048391493838,0.09568075721943761,0.15679700813626177,0.11806213855743408,0.793741958631313,0.7153926283119687,0.10236915120306743,329,0.3545258620689655,0.9361702127659575,0.9358178053830227,"{'0.00': {'n': 927, 'accuracy': 0.7691477885652643}, '0.05': {'n': 461, 'accuracy': 0.9002169197396963}, '0.10': {'n': 336, 'accuracy': 0.9315476190476191}, '0.15': {'n': 238, 'accuracy': 0.9621848739495799}, '0.20': {'n': 167, 'accuracy': 0.9880239520958084}, '0.30': {'n': 75, 'accuracy': 1.0}}",0.05919085443019867,0.07843005862284348,0.7546960370747292,True,False,0.7,2,2945,520,928,557,47,59.0,70,0,47,58.0,structured,0.01
main,PANC1,0.7,structured,3,0,False,100,5890,1040,1998,34347,32546,201,48,4,0.2148522287607193,0.31926900148391724,1425,0.48990023136138916,0.46658414602279663,1.1275475025177002,0.02046694979071617,0.4138044250738538,0.6299034357070923,2.931798470699669,1,-0.024361262953140915,0.12975946548584558,2 * sqrt(2) * median posterior synergy_sd,0.01745952391483836,0.08402493940788361,1998,0.050674234494014925,0.005286123965493996,0.07270573543740545,0.6966321585872206,999,0.07477334350904404,0.10138421684299323,0.16959796940905403,0.12406306713819504,0.8050266494265572,0.7492479493521577,0.10236915120306743,413,0.4134134134134134,0.9225181598062954,0.9227212991645546,"{'0.00': {'n': 999, 'accuracy': 0.7587587587587588}, '0.05': {'n': 562, 'accuracy': 0.8772241992882562}, '0.10': {'n': 419, 'accuracy': 0.918854415274463}, '0.15': {'n': 312, 'accuracy': 0.9423076923076923}, '0.20': {'n': 208, 'accuracy': 0.9663461538461539}, '0.30': {'n': 93, 'accuracy': 0.978494623655914}}",0.06204976141452789,0.08480667159426357,0.7316613215454268,True,False,0.7,3,2945,520,999,486,45,59.0,70,0,45,59.5,structured,0.01
main,PANC1,0.7,structured,4,0,False,100,5890,1040,1786,34347,32546,201,48,4,0.1993313729763031,0.32191336154937744,1470,0.4831036925315857,0.5074970126152039,1.146955132484436,0.01978418603539467,0.4424732914494286,0.40133875608444214,2.013424932020882,1,-0.024876449871477076,0.12883249863594554,2 * sqrt(2) * median posterior synergy_sd,0.017987000373594266,0.08498034714798118,1786,0.05088157237832461,0.005360831553432469,0.07321769972781492,0.7007445197380371,893,0.07359863514572332,0.09969268000887271,0.17358986049982916,0.13374190032482147,0.8201764621883543,0.760062977156929,0.10236915120306743,372,0.4165733482642777,0.9166666666666666,0.9165702718334297,"{'0.00': {'n': 893, 'accuracy': 0.786114221724524}, '0.05': {'n': 500, 'accuracy': 0.876}, '0.10': {'n': 380, 'accuracy': 0.9157894736842105}, '0.15': {'n': 277, 'accuracy': 0.9530685920577617}, '0.20': {'n': 166, 'accuracy': 0.9698795180722891}, '0.30': {'n': 85, 'accuracy': 1.0}}",0.06687185168266296,0.08679935526813581,0.7704187603247294,True,False,0.7,4,2945,520,893,592,47,59.0,70,0,47,58.0,structured,0.01
main,PANC1,0.7,structured,5,0,False,100,5890,1040,2000,34347,32546,201,48,4,0.2026633769273758,0.31554290652275085,1450,0.4792966842651367,0.48485198616981506,1.2870577573776245,0.020008178427815437,0.3767134640155538,0.6343350410461426,3.129993443627735,1,-0.023309433072835315,0.1299116064362335,2 * sqrt(2) * median posterior synergy_sd,0.018262108206911036,0.08548508119313802,2000,0.048727844350255796,0.004929813578648823,0.07021263119018417,0.7293750637297098,1000,0.07231257322266303,0.09740785901437876,0.16623131291657242,0.12839056551456451,0.8113453427988087,0.7551756831756832,0.10236915120306743,424,0.424,0.9080188679245284,0.9079768270944741,"{'0.00': {'n': 1000, 'accuracy': 0.78}, '0.05': {'n': 568, 'accuracy': 0.8855633802816901}, '0.10': {'n': 433, 'accuracy': 0.9076212471131639}, '0.15': {'n': 296, 'accuracy': 0.9358108108108109}, '0.20': {'n': 206, 'accuracy': 0.9368932038834952}, '0.30': {'n': 96, 'accuracy': 0.96875}}",0.06428453326225281,0.08315126662020575,0.7731034760525425,True,False,0.7,5,2945,520,1000,485,45,59.0,70,0,45,59.0,structured,0.01
main,PANC1,0.7,structured,6,0,False,100,5890,1040,1898,34347,32546,201,48,4,0.21933256089687347,0.34247469902038574,1440,0.48089393973350525,0.4425361156463623,1.1726868152618408,0.017673127353191376,0.3773693964040617,0.6303026676177979,2.873730489629197,1,-0.02462998696672326,0.1289582872608434,2 * sqrt(2) * median posterior synergy_sd,0.016285381075749138,0.0810869169026592,1898,0.05036822688981159,0.005203722012107326,0.07213682840343985,0.6804586608085474,949,0.0746304690552319,0.10002925311732615,0.15586955366378266,0.11660424619913101,0.7672041354019193,0.692829536192591,0.10236915120306743,366,0.3856691253951528,0.8989071038251366,0.8988651635060475,"{'0.00': {'n': 948, 'accuracy': 0.7489451476793249}, '0.05': {'n': 503, 'accuracy': 0.856858846918489}, '0.10': {'n': 371, 'accuracy': 0.894878706199461}, '0.15': {'n': 258, 'accuracy': 0.9302325581395349}, '0.20': {'n': 170, 'accuracy': 0.9529411764705882}, '0.30': {'n': 68, 'accuracy': 0.9705882352941176}}",0.05831679701805115,0.07793718828100704,0.7482537964775758,True,False,0.7,6,2945,520,949,536,45,59.0,71,0,45,58.0,structured,0.01
main,PANC1,0.7,structured,7,0,False,100,5890,1040,2006,34347,32546,201,48,4,0.2198963761329651,0.2983563542366028,505,0.48439353704452515,0.5090485215187073,1.2151371240615845,0.020345231518149376,0.4189226972320765,0.633871853351593,2.8825934492358742,1,-0.022735946670628185,0.1289511678012822,2 * sqrt(2) * median posterior synergy_sd,0.016716593135796744,0.08172112705676772,2006,0.049043220586901665,0.00460379067613522,0.06785123931171205,0.7232303794965405,1003,0.07108532987477405,0.09341451368236227,0.16253778697861695,0.1341484785079956,0.8189770192550423,0.7416036001069483,0.10236915120306743,428,0.4267198404785643,0.9182242990654206,0.9179632867132868,"{'0.00': {'n': 1003, 'accuracy': 0.7726819541375872}, '0.05': {'n': 555, 'accuracy': 0.8990990990990991}, '0.10': {'n': 438, 'accuracy': 0.91324200913242}, '0.15': {'n': 294, 'accuracy': 0.9421768707482994}, '0.20': {'n': 189, 'accuracy': 0.9682539682539683}, '0.30': {'n': 82, 'accuracy': 0.975609756097561}}",0.06707929819822311,0.081339272989613,0.8246852440737835,True,False,0.7,7,2945,520,1003,482,46,59.0,72,0,46,59.0,structured,0.01
main,PANC1,0.7,unrestricted,0,0,False,100,5890,1040,1696,34224,32423,201,86,1,0.1457320600748062,0.24333295226097107,495,0.5020790100097656,0.4426968991756439,0.6269347071647644,0.013044343329966068,0.7061291935450289,0.1457320600748062,1.0176112829747228,0,-0.022518180157724964,0.13117141848921504,2 * sqrt(2) * median posterior synergy_sd,0.012890206145855615,0.07288976679098369,1696,0.04300136255076766,0.0035988198400330267,0.05999016452747089,0.720809263488649,848,0.0643876466755856,0.08435348540500551,0.15039416564770727,0.1174737885594368,0.8297287232598539,0.756548685299996,0.10236915120306743,318,0.375,0.940251572327044,0.9393206793206794,"{'0.00': {'n': 848, 'accuracy': 0.7735849056603774}, '0.05': {'n': 444, 'accuracy': 0.8896396396396397}, '0.10': {'n': 323, 'accuracy': 0.9380804953560371}, '0.15': {'n': 237, 'accuracy': 0.9620253164556962}, '0.20': {'n': 141, 'accuracy': 0.9787234042553191}, '0.30': {'n': 50, 'accuracy': 1.0}}",0.05882328748703003,0.07537258614023637,0.7804334506658014,True,False,0.7,0,2945,520,848,637,42,59.0,72,0,42,58.0,unrestricted,0.03
main,PANC1,0.7,unrestricted,1,0,False,100,5890,1040,1858,34224,32423,201,86,1,0.13584654033184052,0.23848053812980652,1475,0.5276861190795898,0.5488463640213013,0.7818908095359802,0.011593962088227272,0.7019475831248341,0.13584654033184052,1.010288724149223,0,-0.02243225433735144,0.12807767121291508,2 * sqrt(2) * median posterior synergy_sd,0.01862709483400947,0.08487440180225611,1858,0.04680250092497467,0.004376871627189956,0.06615792943548005,0.7642601877721436,929,0.07000885717792768,0.09502248266919604,0.1689557449968729,0.1417142152786255,0.8272381986064683,0.7737949324150383,0.10236915120306743,369,0.39720129171151775,0.926829268292683,0.9265457858234396,"{'0.00': {'n': 929, 'accuracy': 0.7879440258342304}, '0.05': {'n': 516, 'accuracy': 0.9011627906976745}, '0.10': {'n': 378, 'accuracy': 0.9232804232804233}, '0.15': {'n': 270, 'accuracy': 0.9518518518518518}, '0.20': {'n': 181, 'accuracy': 0.9723756906077348}, '0.30': {'n': 86, 'accuracy': 0.9883720930232558}}",0.0709456205368042,0.08449422001265756,0.8396505764083776,True,False,0.7,1,2945,520,929,556,48,59.0,73,0,48,59.0,unrestricted,0.03
main,PANC1,0.7,unrestricted,2,0,False,100,5890,1040,1856,34224,32423,201,86,1,0.1378299742937088,0.24694882333278656,645,0.5147181749343872,0.46965518593788147,0.691179096698761,0.010612252168357372,0.6794985383398725,0.13914458453655243,1.0095379125591524,0,-0.02316330708488964,0.1315785178710542,2 * sqrt(2) * median posterior synergy_sd,0.014652427189779518,0.07421860599675992,1856,0.04460853985886358,0.004009917861025477,0.06332391223720686,0.7263303784508627,928,0.06681680619451533,0.09087666175013133,0.15679700813626177,0.12450828403234482,0.8154015796992875,0.7447956814177066,0.10236915120306743,329,0.3545258620689655,0.9513677811550152,0.9510869565217391,"{'0.00': {'n': 927, 'accuracy': 0.7691477885652643}, '0.05': {'n': 461, 'accuracy': 0.8980477223427332}, '0.10': {'n': 336, 'accuracy': 0.9464285714285714}, '0.15': {'n': 238, 'accuracy': 0.9705882352941176}, '0.20': {'n': 167, 'accuracy': 0.9880239520958084}, '0.30': {'n': 75, 'accuracy': 1.0}}",0.062362197786569595,0.07843005862284348,0.7951313422632841,True,False,0.7,2,2945,520,928,557,47,59.0,70,0,47,58.0,unrestricted,0.03
main,PANC1,0.7,unrestricted,3,0,False,100,5890,1040,1998,34224,32423,201,86,1,0.14944517612457275,0.29260921478271484,480,0.517327070236206,0.4889683723449707,0.7115775942802429,0.014592915773391724,0.6871610015202343,0.14944517612457275,1.0996596339853744,0,-0.024361262953140915,0.12975946548584558,2 * sqrt(2) * median posterior synergy_sd,0.01745952391483836,0.08402493940788361,1998,0.0464449795987295,0.004386385367813081,0.06622979214683586,0.7482676779197137,999,0.06896178291378191,0.09336391397352677,0.16959796940905403,0.1287941038608551,0.8385865439070445,0.7866244801916142,0.10236915120306743,413,0.4134134134134134,0.9491525423728814,0.9493100535060546,"{'0.00': {'n': 999, 'accuracy': 0.7897897897897898}, '0.05': {'n': 562, 'accuracy': 0.9092526690391459}, '0.10': {'n': 419, 'accuracy': 0.9474940334128878}, '0.15': {'n': 312, 'accuracy': 0.9615384615384616}, '0.20': {'n': 208, 'accuracy': 0.9711538461538461}, '0.30': {'n': 93, 'accuracy': 0.978494623655914}}",0.06441248208284378,0.08480667159426357,0.7595214017006737,True,False,0.7,3,2945,520,999,486,45,59.0,70,0,45,59.5,unrestricted,0.03
main,PANC1,0.7,unrestricted,4,0,False,100,5890,1040,1786,34224,32423,201,86,1,0.13619697093963623,0.27082929015159607,605,0.5105162858963013,0.5464012622833252,0.7695141434669495,0.014016324654221535,0.710060064421406,0.16098293662071228,1.1819861742157352,0,-0.024876449871477076,0.12883249863594554,2 * sqrt(2) * median posterior synergy_sd,0.017987000373594266,0.08498034714798118,1786,0.04852178034429488,0.004965780041056973,0.07046829103261248,0.7227973167501813,893,0.07030766626915834,0.09510974322949177,0.17358986049982916,0.14260782301425934,0.8367235628538416,0.7750016337109782,0.10236915120306743,372,0.4165733482642777,0.9301075268817204,0.9300751879699248,"{'0.00': {'n': 893, 'accuracy': 0.7838745800671892}, '0.05': {'n': 500, 'accuracy': 0.89}, '0.10': {'n': 380, 'accuracy': 0.9289473684210526}, '0.15': {'n': 277, 'accuracy': 0.9530685920577617}, '0.20': {'n': 166, 'accuracy': 0.9819277108433735}, '0.30': {'n': 85, 'accuracy': 1.0}}",0.071304090321064,0.08679935526813581,0.8214817967344954,True,False,0.7,4,2945,520,893,592,47,59.0,70,0,47,58.0,unrestricted,0.03
main,PANC1,0.7,unrestricted,5,0,False,100,5890,1040,2000,34224,32423,201,86,1,0.1397859901189804,0.25121554732322693,660,0.507458508014679,0.5118942260742188,0.9820364117622375,0.015335671603679657,0.5212578881424962,0.14204438030719757,1.0161560553120874,0,-0.023309433072835315,0.1299116064362335,2 * sqrt(2) * median posterior synergy_sd,0.018262108206911036,0.08548508119313802,2000,0.04629490748424878,0.004417717117400716,0.06646590943785179,0.757486891890866,1000,0.0686671842104283,0.09204155495862267,0.16623131291657242,0.13440744578838348,0.8332030592765385,0.784931344931345,0.10236915120306743,424,0.424,0.9268867924528302,0.9272281639928699,"{'0.00': {'n': 1000, 'accuracy': 0.804}, '0.05': {'n': 568, 'accuracy': 0.9102112676056338}, '0.10': {'n': 433, 'accuracy': 0.9260969976905312}, '0.15': {'n': 296, 'accuracy': 0.956081081081081}, '0.20': {'n': 206, 'accuracy': 0.9563106796116505}, '0.30': {'n': 96, 'accuracy': 0.9895833333333334}}",0.06730034947395325,0.08315126662020575,0.8093725112011615,True,False,0.7,5,2945,520,1000,485,45,59.0,70,0,45,59.0,unrestricted,0.03
main,PANC1,0.7,unrestricted,6,0,False,100,5890,1040,1898,34224,32423,201,86,1,0.17758908867835999,0.3104168474674225,420,0.4923084080219269,0.45293015241622925,0.8469731211662292,0.01795661263167858,0.5347633131410033,0.17758908867835999,1.0585481537274073,0,-0.02462998696672326,0.1289582872608434,2 * sqrt(2) * median posterior synergy_sd,0.016285381075749138,0.0810869169026592,1898,0.048450714178622054,0.0048374870082894435,0.06955204532067653,0.7029477990266286,949,0.07122145022773524,0.09719603492389658,0.15586955366378266,0.11861923336982727,0.7820646866720296,0.7047679067485042,0.10236915120306743,366,0.3856691253951528,0.8989071038251366,0.8989248917425714,"{'0.00': {'n': 948, 'accuracy': 0.7552742616033755}, '0.05': {'n': 503, 'accuracy': 0.8608349900596421}, '0.10': {'n': 371, 'accuracy': 0.894878706199461}, '0.15': {'n': 258, 'accuracy': 0.9302325581395349}, '0.20': {'n': 170, 'accuracy': 0.9470588235294117}, '0.30': {'n': 68, 'accuracy': 0.9558823529411765}}",0.05931813642382622,0.07793718828100704,0.7611018274094165,True,False,0.7,6,2945,520,949,536,45,59.0,71,0,45,58.0,unrestricted,0.03
main,PANC1,0.7,unrestricted,7,0,False,100,5890,1040,2006,34224,32423,201,86,1,0.1312345415353775,0.2362544685602188,970,0.5228489637374878,0.5340495705604553,0.7521194219589233,0.011544739827513695,0.7100595397064778,0.13148514926433563,1.001909617133006,0,-0.022735946670628185,0.1289511678012822,2 * sqrt(2) * median posterior synergy_sd,0.016716593135796744,0.08172112705676772,2006,0.04504936857407535,0.003945390962589657,0.06281234721445822,0.7628119008289929,1003,0.06581528733561855,0.08743973961789397,0.16253778697861695,0.1391107141971588,0.8437429641984713,0.778391023936564,0.10236915120306743,428,0.4267198404785643,0.9205607476635514,0.9204982517482517,"{'0.00': {'n': 1003, 'accuracy': 0.7956131605184447}, '0.05': {'n': 555, 'accuracy': 0.9099099099099099}, '0.10': {'n': 438, 'accuracy': 0.9178082191780822}, '0.15': {'n': 294, 'accuracy': 0.9421768707482994}, '0.20': {'n': 189, 'accuracy': 0.9735449735449735}, '0.30': {'n': 82, 'accuracy': 0.9878048780487805}}",0.06955806165933609,0.081339272989613,0.8551596185057939,True,False,0.7,7,2945,520,1003,482,46,59.0,72,0,46,59.0,unrestricted,0.03
direction_shuffle,A375,0.1,additive,0,0,True,100,842,148,1696,1801,0,201,48,0,0.6508187651634216,0.9712976217269897,30,0.0,0.0,0.0,0.2058064490556717,0.0,0.6510301828384399,1.0003248487694807,2,-0.029358366205463185,0.16413265489980453,2 * sqrt(2) * median posterior synergy_sd,0.029958185384837223,0.10710487150181647,1696,0.09992243967035859,0.02290061168889244,0.15132948056770842,0.2346779238631892,848,0.1468764975826818,0.2188808885717915,0.2200987637388758,0.0675516203045845,0.1723981545813793,0.1551282678979071,0.14230543775947893,289,0.3408018867924528,0.6366782006920415,0.6374108347792558,"{'0.00': {'n': 847, 'accuracy': 0.5336481700118064}, '0.05': {'n': 445, 'accuracy': 0.5662921348314607}, '0.10': {'n': 363, 'accuracy': 0.581267217630854}, '0.15': {'n': 273, 'accuracy': 0.6556776556776557}, '0.20': {'n': 222, 'accuracy': 0.6441441441441441}, '0.30': {'n': 126, 'accuracy': 0.626984126984127}}",0.0337795615196228,0.11009523616147858,0.30682128216772014,False,False,0.1,0,421,74,848,637,4,8.0,16,0,4,9.0,additive null,0.03
direction_shuffle,A375,0.1,additive,1,0,True,100,842,148,1858,1801,0,201,48,0,0.9601671099662781,0.6389373540878296,0,0.0,0.0,0.0,0.02389605902135372,0.0,0.9601671099662781,1.2070623151492927,2,-0.03516435858788598,0.1877605228186904,2 * sqrt(2) * median posterior synergy_sd,0.03692779816824434,0.12528450094290083,1858,0.11947666092351585,0.03607994954882626,0.18994722832625452,0.021962071216746315,929,0.149600955123346,0.2266812398532969,0.2252608861678265,0.008938252925872803,0.020156175026514452,0.028605953152108968,0.14230543775947893,359,0.38643702906350913,0.5376044568245125,0.5329992314589471,"{'0.00': {'n': 929, 'accuracy': 0.5123789020452099}, '0.05': {'n': 541, 'accuracy': 0.532347504621072}, '0.10': {'n': 439, 'accuracy': 0.5398633257403189}, '0.15': {'n': 345, 'accuracy': 0.5449275362318841}, '0.20': {'n': 276, 'accuracy': 0.5688405797101449}, '0.30': {'n': 157, 'accuracy': 0.535031847133758}}",0.004486736375838518,0.11338714222674628,0.03957006312819979,False,False,0.1,1,421,74,929,556,3,8.0,20,0,3,9.0,additive null,0.03
direction_shuffle,A375,0.1,additive,2,0,True,100,842,148,1856,1801,0,201,48,0,0.6037692427635193,0.7033825516700745,15,0.0,0.0,0.0,0.14518553018569946,0.0,0.6053832769393921,1.0026732633290247,2,-0.031561750434679334,0.1825210547079902,2 * sqrt(2) * median posterior synergy_sd,0.03328322666787428,0.1167224942581638,1856,0.10915399083255932,0.025872878823041966,0.16085048592727957,0.22102541288088906,928,0.16677389099896642,0.2422288749777834,0.23376891151829587,0.05271423980593681,-0.039792081446413975,-0.010337366457020334,0.14230543775947893,358,0.3857758620689655,0.4776536312849162,0.46803797468354436,"{'0.00': {'n': 928, 'accuracy': 0.5150862068965517}, '0.05': {'n': 517, 'accuracy': 0.48549323017408125}, '0.10': {'n': 431, 'accuracy': 0.4779582366589327}, '0.15': {'n': 343, 'accuracy': 0.478134110787172}, '0.20': {'n': 274, 'accuracy': 0.4635036496350365}, '0.30': {'n': 169, 'accuracy': 0.47928994082840237}}",0.026499414816498756,0.11739335713708646,0.22573180853456626,False,False,0.1,2,421,74,928,557,3,8.0,15,0,4,9.0,additive null,0.03
direction_shuffle,A375,0.1,additive,3,0,True,100,842,148,1998,1801,0,201,48,0,0.5296891331672668,0.5119203329086304,50,0.0,0.0,0.0,0.1732817441225052,0.0,0.5297900438308716,1.0001905092200047,2,-0.033189754739904986,0.18919881235169816,2 * sqrt(2) * median posterior synergy_sd,0.029806507039125213,0.11292722529990916,1998,0.1087597823152286,0.023329099184203728,0.15273866303003875,0.21341995271968495,999,0.16023702594850803,0.22459165955477436,0.21202409330184552,0.0655684620141983,-0.0238672868070432,-0.05468337275150901,0.14230543775947893,389,0.3893893893893894,0.4781491002570694,0.4786262032958068,"{'0.00': {'n': 999, 'accuracy': 0.4854854854854855}, '0.05': {'n': 593, 'accuracy': 0.4806070826306914}, '0.10': {'n': 472, 'accuracy': 0.4766949152542373}, '0.15': {'n': 369, 'accuracy': 0.4878048780487805}, '0.20': {'n': 287, 'accuracy': 0.4738675958188153}, '0.30': {'n': 155, 'accuracy': 0.4838709677419355}}",0.03278470039367676,0.10664749685704299,0.30741181330888084,False,False,0.1,3,421,74,999,486,3,8.0,16,0,4,8.0,additive null,0.03
direction_shuffle,A375,0.1,additive,4,0,True,100,842,148,1786,1801,0,201,48,0,0.6693693399429321,0.7573667168617249,10,0.0,0.0,0.0,0.1608513444662094,0.0,0.6693693399429321,1.0028269867667945,2,-0.04265420599524941,0.18910720769434244,2 * sqrt(2) * median posterior synergy_sd,0.03802511261439003,0.1328952772871702,1786,0.12029298770969911,0.030439633642858486,0.1744695779867037,0.1983300785667561,893,0.16350742737136,0.23900691871560248,0.23311662515342554,0.05992981791496277,0.029020738419292706,0.07493489337369186,0.14230543775947893,358,0.4008958566629339,0.5139664804469274,0.5065189873417721,"{'0.00': {'n': 893, 'accuracy': 0.541993281075028}, '0.05': {'n': 528, 'accuracy': 0.5284090909090909}, '0.10': {'n': 422, 'accuracy': 0.523696682464455}, '0.15': {'n': 347, 'accuracy': 0.5100864553314121}, '0.20': {'n': 271, 'accuracy': 0.5166051660516605}, '0.30': {'n': 164, 'accuracy': 0.5}}",0.0304181519895792,0.11668689312202687,0.2606818227456704,False,False,0.1,4,421,74,893,592,2,8.5,16,0,4,9.0,additive null,0.03
direction_shuffle,A375,0.1,additive,5,0,True,100,842,148,2000,1801,0,201,48,0,0.5593140125274658,0.6185443997383118,30,0.0,0.0,0.0,0.20040622353553772,0.0,0.5595656633377075,1.0004499275981027,2,-0.02925282121733967,0.19570233801059841,2 * sqrt(2) * median posterior synergy_sd,0.03577585657634306,0.12102978776227909,2000,0.11795999066112844,0.028093654098199236,0.1676116168354665,0.2125294158875186,1000,0.17714007605681914,0.24639283810385235,0.22763419355102732,0.07810909301042557,-0.06344207738919504,-0.08142040542040543,0.14230543775947893,404,0.404,0.4504950495049505,0.45294465818289437,"{'0.00': {'n': 1000, 'accuracy': 0.446}, '0.05': {'n': 579, 'accuracy': 0.4473229706390328}, '0.10': {'n': 468, 'accuracy': 0.4423076923076923}, '0.15': {'n': 389, 'accuracy': 0.4498714652956298}, '0.20': {'n': 315, 'accuracy': 0.43492063492063493}, '0.30': {'n': 187, 'accuracy': 0.4117647058823529}}",0.039219968020915985,0.11409559577244839,0.34374655529330045,False,False,0.1,5,421,74,1000,485,2,8.0,16,0,3,9.0,additive null,0.03
direction_shuffle,A375,0.1,additive,6,0,True,100,842,148,1898,1801,0,201,48,0,0.5580912828445435,0.7815920114517212,65,0.0,0.0,0.0,0.21459296345710754,0.0,0.5580912828445435,1.0011577789206823,2,-0.026082576733966745,0.18002170378299104,2 * sqrt(2) * median posterior synergy_sd,0.033440013122669865,0.11311920848873924,1898,0.10785485505855312,0.023400304456993606,0.15297158055336163,0.29935380842197123,949,0.15381084623563498,0.21699836561523675,0.22561830227374263,0.07726278156042099,0.2806790311812306,0.14279190058752542,0.14230543775947893,357,0.3761854583772392,0.6022408963585434,0.6023069679849341,"{'0.00': {'n': 948, 'accuracy': 0.5411392405063291}, '0.05': {'n': 528, 'accuracy': 0.5606060606060606}, '0.10': {'n': 439, 'accuracy': 0.5763097949886105}, '0.15': {'n': 344, 'accuracy': 0.6075581395348837}, '0.20': {'n': 265, 'accuracy': 0.6264150943396226}, '0.30': {'n': 157, 'accuracy': 0.6687898089171974}}",0.03863139450550079,0.11280986122194157,0.34244696418425313,False,False,0.1,6,421,74,949,536,3,8.0,18,0,3,8.0,additive null,0.03
direction_shuffle,A375,0.1,additive,7,0,True,100,842,148,2006,1801,0,201,48,0,0.5837584733963013,0.5298306345939636,20,0.0,0.0,0.0,0.18245971202850342,0.0,0.5838442444801331,1.0001469290601175,2,-0.029193710694774343,0.18322526654610674,2 * sqrt(2) * median posterior synergy_sd,0.03292045973973667,0.11602546072144374,2006,0.11398070329698465,0.027025926692880595,0.1643956407356369,0.17842590169203676,1003,0.1656640494850295,0.23598925581474423,0.22317674314621583,0.06653136759996414,-0.02144828318534784,0.0019882024370860034,0.14230543775947893,404,0.40279162512462613,0.49257425742574257,0.4990180032733224,"{'0.00': {'n': 1003, 'accuracy': 0.49750747756729813}, '0.05': {'n': 600, 'accuracy': 0.5033333333333333}, '0.10': {'n': 485, 'accuracy': 0.4865979381443299}, '0.15': {'n': 390, 'accuracy': 0.49230769230769234}, '0.20': {'n': 296, 'accuracy': 0.49324324324324326}, '0.30': {'n': 154, 'accuracy': 0.4675324675324675}}",0.03343123197555542,0.11212848712849663,0.29815110175564935,False,False,0.1,7,421,74,1003,482,3,8.5,14,0,3,9.0,additive null,0.03
direction_shuffle,A375,0.1,order_insensitive,0,0,True,100,842,148,1696,34224,32423,201,86,2,0.47817811369895935,0.821262001991272,50,0.0,0.0,0.6635465025901794,0.0,0.0,0.47817811369895935,1.0459983883340471,2,-0.029358366205463185,0.16413265489980453,2 * sqrt(2) * median posterior synergy_sd,0.029958185384837223,0.10710487150181647,1696,0.09644233456542792,0.020926057931795625,0.14465841811590374,0.30066609926018273,848,0.13519859591981132,0.22019047232295716,0.2200987637388758,0.0,,,0.14230543775947893,289,0.3408018867924528,0.5,0.5,"{'0.00': {'n': 847, 'accuracy': 0.5}, '0.05': {'n': 445, 'accuracy': 0.5}, '0.10': {'n': 363, 'accuracy': 0.5}, '0.15': {'n': 273, 'accuracy': 0.5}, '0.20': {'n': 222, 'accuracy': 0.5}, '0.30': {'n': 126, 'accuracy': 0.5}}",0.0,0.11009523616147858,0.0,False,False,0.1,0,421,74,848,637,4,8.0,16,0,4,9.0,order-insensitive,0.03
direction_shuffle,A375,0.1,order_insensitive,1,0,True,100,842,148,1858,34224,32423,201,86,2,0.43633925914764404,0.48194044828414917,105,0.0,0.0,0.6438830494880676,0.0,0.0,0.43633925914764404,1.039690496937727,2,-0.03516435858788598,0.1877605228186904,2 * sqrt(2) * median posterior synergy_sd,0.03692779816824434,0.12528450094290083,1858,0.10334461024190386,0.023104010226797894,0.15200003364077883,0.37370759684059407,929,0.14835670026910655,0.22677428445349257,0.2252608861678265,0.0,,,0.14230543775947893,359,0.38643702906350913,0.5,0.5,"{'0.00': {'n': 929, 'accuracy': 0.5}, '0.05': {'n': 541, 'accuracy': 0.5}, '0.10': {'n': 439, 'accuracy': 0.5}, '0.15': {'n': 345, 'accuracy': 0.5}, '0.20': {'n': 276, 'accuracy': 0.5}, '0.30': {'n': 157, 'accuracy': 0.5}}",0.0,0.11338714222674628,0.0,False,False,0.1,1,421,74,929,556,3,8.0,20,0,3,9.0,order-insensitive,0.03
direction_shuffle,A375,0.1,order_insensitive,2,0,True,100,842,148,1856,34224,32423,201,86,2,0.37761130928993225,0.5364257097244263,55,0.0,0.0,0.5665512084960938,0.0,0.0,0.37761130928993225,1.0477178613662146,2,-0.031561750434679334,0.1825210547079902,2 * sqrt(2) * median posterior synergy_sd,0.03328322666787428,0.1167224942581638,1856,0.10033518935451458,0.021808698264536817,0.14767768370521261,0.34338881102425967,928,0.15148584803556037,0.23478671427417291,0.23376891151829587,0.0,,,0.14230543775947893,358,0.3857758620689655,0.5,0.5,"{'0.00': {'n': 928, 'accuracy': 0.5}, '0.05': {'n': 517, 'accuracy': 0.5}, '0.10': {'n': 431, 'accuracy': 0.5}, '0.15': {'n': 343, 'accuracy': 0.5}, '0.20': {'n': 274, 'accuracy': 0.5}, '0.30': {'n': 169, 'accuracy': 0.5}}",0.0,0.11739335713708646,0.0,False,False,0.1,2,421,74,928,557,3,8.0,15,0,4,9.0,order-insensitive,0.03
direction_shuffle,A375,0.1,order_insensitive,3,0,True,100,842,148,1998,34224,32423,201,86,2,0.36620721220970154,0.3855568766593933,180,0.0,0.0,0.6046141386032104,0.0,0.0,0.37444546818733215,1.022496159832355,2,-0.033189754739904986,0.18919881235169816,2 * sqrt(2) * median posterior synergy_sd,0.029806507039125213,0.11292722529990916,1998,0.10125700833389824,0.020613308728971286,0.1435733566124693,0.30498742250551303,999,0.1429069186936937,0.21329499371408597,0.21202409330184552,0.0,,,0.14230543775947893,389,0.3893893893893894,0.5,0.5,"{'0.00': {'n': 999, 'accuracy': 0.5}, '0.05': {'n': 593, 'accuracy': 0.5}, '0.10': {'n': 472, 'accuracy': 0.5}, '0.15': {'n': 369, 'accuracy': 0.5}, '0.20': {'n': 287, 'accuracy': 0.5}, '0.30': {'n': 155, 'accuracy': 0.5}}",0.0,0.10664749685704299,0.0,False,False,0.1,3,421,74,999,486,3,8.0,16,0,4,8.0,order-insensitive,0.03
direction_shuffle,A375,0.1,order_insensitive,4,0,True,100,842,148,1786,34224,32423,201,86,2,0.4061751961708069,0.4842754602432251,50,0.0,0.0,0.6637697815895081,0.0,0.0,0.4061751961708069,1.0107414348072206,2,-0.04265420599524941,0.18910720769434244,2 * sqrt(2) * median posterior synergy_sd,0.03802511261439003,0.1328952772871702,1786,0.10448913848336129,0.023330345131807196,0.15274274166652632,0.38556304033526534,893,0.15261419986002242,0.23337378624405375,0.23311662515342554,0.0,,,0.14230543775947893,358,0.4008958566629339,0.5,0.5,"{'0.00': {'n': 893, 'accuracy': 0.5}, '0.05': {'n': 528, 'accuracy': 0.5}, '0.10': {'n': 422, 'accuracy': 0.5}, '0.15': {'n': 347, 'accuracy': 0.5}, '0.20': {'n': 271, 'accuracy': 0.5}, '0.30': {'n': 164, 'accuracy': 0.5}}",0.0,0.11668689312202687,0.0,False,False,0.1,4,421,74,893,592,2,8.5,16,0,4,9.0,order-insensitive,0.03
direction_shuffle,A375,0.1,order_insensitive,5,0,True,100,842,148,2000,34224,32423,201,86,2,0.4400345981121063,0.3853349983692169,55,0.0,0.0,0.6179991960525513,0.0,0.0,0.448391318321228,1.0189910526239863,2,-0.02925282121733967,0.19570233801059841,2 * sqrt(2) * median posterior synergy_sd,0.03577585657634306,0.12102978776227909,2000,0.1052205290062814,0.022129415403783617,0.1487595892834597,0.37970818558621644,1000,0.151636287456,0.22819119154489678,0.22763419355102732,0.0,,,0.14230543775947893,404,0.404,0.5,0.5,"{'0.00': {'n': 1000, 'accuracy': 0.5}, '0.05': {'n': 579, 'accuracy': 0.5}, '0.10': {'n': 468, 'accuracy': 0.5}, '0.15': {'n': 389, 'accuracy': 0.5}, '0.20': {'n': 315, 'accuracy': 0.5}, '0.30': {'n': 187, 'accuracy': 0.5}}",0.0,0.11409559577244839,0.0,False,False,0.1,5,421,74,1000,485,2,8.0,16,0,3,9.0,order-insensitive,0.03
direction_shuffle,A375,0.1,order_insensitive,6,0,True,100,842,148,1898,34224,32423,201,86,2,0.38902875781059265,0.6635577082633972,235,0.0,0.0,0.9823348522186279,0.0,0.0,0.4862467348575592,1.249899204352135,2,-0.026082576733966745,0.18002170378299104,2 * sqrt(2) * median posterior synergy_sd,0.033440013122669865,0.11311920848873924,1898,0.10435128058479343,0.02216899072220792,0.1488925475710854,0.3362215030496568,949,0.1458528073667018,0.22561972244388315,0.22561830227374263,0.0,,,0.14230543775947893,357,0.3761854583772392,0.5,0.5,"{'0.00': {'n': 948, 'accuracy': 0.5}, '0.05': {'n': 528, 'accuracy': 0.5}, '0.10': {'n': 439, 'accuracy': 0.5}, '0.15': {'n': 344, 'accuracy': 0.5}, '0.20': {'n': 265, 'accuracy': 0.5}, '0.30': {'n': 157, 'accuracy': 0.5}}",0.0,0.11280986122194157,0.0,False,False,0.1,6,421,74,949,536,3,8.0,18,0,3,8.0,order-insensitive,0.03
direction_shuffle,A375,0.1,order_insensitive,7,0,True,100,842,148,2006,34224,32423,201,86,2,0.4552138149738312,0.4923788607120514,25,0.0,0.0,0.3835279941558838,0.0,0.0,0.4703563451766968,1.0332646543333404,2,-0.029193710694774343,0.18322526654610674,2 * sqrt(2) * median posterior synergy_sd,0.03292045973973667,0.11602546072144374,2006,0.10649666921826587,0.023527255839826677,0.1533859701531619,0.2847836737691485,1003,0.147940451555334,0.22425697425699326,0.22317674314621583,0.0,,,0.14230543775947893,404,0.40279162512462613,0.5,0.5,"{'0.00': {'n': 1003, 'accuracy': 0.5}, '0.05': {'n': 600, 'accuracy': 0.5}, '0.10': {'n': 485, 'accuracy': 0.5}, '0.15': {'n': 390, 'accuracy': 0.5}, '0.20': {'n': 296, 'accuracy': 0.5}, '0.30': {'n': 154, 'accuracy': 0.5}}",0.0,0.11212848712849663,0.0,False,False,0.1,7,421,74,1003,482,3,8.5,14,0,3,9.0,order-insensitive,0.03
direction_shuffle,A375,0.1,structured,0,0,True,100,842,148,1696,34347,32546,201,48,4,0.020610690116882324,0.9286514520645142,1000,0.6059623956680298,0.5426059365272522,0.817284882068634,0.01516240555793047,0.6639128514819208,0.6272175908088684,30.431663726539227,0,-0.029358366205463185,0.16413265489980453,2 * sqrt(2) * median posterior synergy_sd,0.029958185384837223,0.10710487150181647,1696,0.1106695522900956,0.025704003374409323,0.16032468111432288,0.14099057724855313,848,0.18426375778957574,0.26570006473448227,0.2200987637388758,0.1804039180278778,0.1318420024487219,0.06274977560487503,0.14230543775947893,289,0.3408018867924528,0.5501730103806228,0.5528484673221515,"{'0.00': {'n': 847, 'accuracy': 0.5064935064935064}, '0.05': {'n': 445, 'accuracy': 0.5258426966292135}, '0.10': {'n': 363, 'accuracy': 0.5426997245179064}, '0.15': {'n': 273, 'accuracy': 0.5641025641025641}, '0.20': {'n': 222, 'accuracy': 0.5540540540540541}, '0.30': {'n': 126, 'accuracy': 0.5158730158730159}}",0.09021027386188507,0.11009523616147858,0.8193839897811028,True,False,0.1,0,421,74,848,637,4,8.0,16,0,4,9.0,structured,0.01
direction_shuffle,A375,0.1,structured,1,0,True,100,842,148,1858,34347,32546,201,48,4,0.7774295806884766,0.6348537802696228,10,0.021151138469576836,0.01928483135998249,0.15291926264762878,0.06826930493116379,0.1261111976744254,0.9056486487388611,1.1649269223031573,0,-0.03516435858788598,0.1877605228186904,2 * sqrt(2) * median posterior synergy_sd,0.03692779816824434,0.12528450094290083,1858,0.11863900625501778,0.0323221486038212,0.1797836160605888,0.12382673286375967,929,0.15465430132426375,0.22865856860934936,0.2252608861678265,0.027631182223558426,-0.011965316152366385,-0.048174999491122174,0.14230543775947893,359,0.38643702906350913,0.4958217270194986,0.49947162802613043,"{'0.00': {'n': 929, 'accuracy': 0.47255113024757806}, '0.05': {'n': 541, 'accuracy': 0.47689463955637706}, '0.10': {'n': 439, 'accuracy': 0.47380410022779046}, '0.15': {'n': 345, 'accuracy': 0.5043478260869565}, '0.20': {'n': 276, 'accuracy': 0.5362318840579711}, '0.30': {'n': 157, 'accuracy': 0.5286624203821656}}",0.013825731351971626,0.11338714222674628,0.12193385493677561,True,False,0.1,1,421,74,929,556,3,8.0,20,0,3,9.0,structured,0.01
direction_shuffle,A375,0.1,structured,2,0,True,100,842,148,1856,34347,32546,201,48,4,0.02642955631017685,0.6221519708633423,220,0.5117619633674622,0.3879234194755554,0.6362441778182983,0.020433997735381126,0.6097083996992432,0.027853380888700485,1.053872435912796,0,-0.031561750434679334,0.1825210547079902,2 * sqrt(2) * median posterior synergy_sd,0.03328322666787428,0.1167224942581638,1856,0.11859926940219831,0.029323021360690645,0.17123966059499957,0.11714932792147381,928,0.20436468203910346,0.29059947061438984,0.23376891151829587,0.14410224556922913,-0.13350285196713796,-0.09292658751251837,0.14230543775947893,358,0.3857758620689655,0.42178770949720673,0.4127215189873418,"{'0.00': {'n': 928, 'accuracy': 0.47844827586206895}, '0.05': {'n': 517, 'accuracy': 0.4564796905222437}, '0.10': {'n': 431, 'accuracy': 0.4385150812064965}, '0.15': {'n': 343, 'accuracy': 0.4198250728862974}, '0.20': {'n': 274, 'accuracy': 0.4051094890510949}, '0.30': {'n': 169, 'accuracy': 0.42011834319526625}}",0.07246673107147217,0.11739335713708646,0.6172983960825732,True,False,0.1,2,421,74,928,557,3,8.0,15,0,4,9.0,structured,0.01
direction_shuffle,A375,0.1,structured,3,0,True,100,842,148,1998,34347,32546,201,48,4,0.031023047864437103,0.5866075754165649,205,0.5036512613296509,0.41950279474258423,0.5987252593040466,0.022534146904945374,0.7006599241031034,0.5054715871810913,16.293421245709794,0,-0.033189754739904986,0.18919881235169816,2 * sqrt(2) * median posterior synergy_sd,0.029806507039125213,0.11292722529990916,1998,0.11837880246261176,0.027125478293409493,0.16469814295677257,0.08541860831993997,999,0.19584004407004663,0.26986165878045276,0.21202409330184552,0.1626388281583786,-0.01807278168316858,-0.043795663398869804,0.14230543775947893,389,0.3893893893893894,0.46272493573264784,0.45657257845216725,"{'0.00': {'n': 999, 'accuracy': 0.45645645645645644}, '0.05': {'n': 593, 'accuracy': 0.4536256323777403}, '0.10': {'n': 472, 'accuracy': 0.4724576271186441}, '0.15': {'n': 369, 'accuracy': 0.4715447154471545}, '0.20': {'n': 287, 'accuracy': 0.4912891986062718}, '0.30': {'n': 155, 'accuracy': 0.4774193548387097}}",0.08147560805082321,0.10664749685704299,0.7639711240483988,True,False,0.1,3,421,74,999,486,3,8.0,16,0,4,8.0,structured,0.01
direction_shuffle,A375,0.1,structured,4,0,True,100,842,148,1786,34347,32546,201,48,4,0.7994987964630127,0.7671728730201721,10,0.04708905145525932,0.042565129697322845,0.07133559137582779,0.0665995180606842,0.596688537606294,0.8983601331710815,1.1236541407509704,0,-0.04265420599524941,0.18910720769434244,2 * sqrt(2) * median posterior synergy_sd,0.03802511261439003,0.1328952772871702,1786,0.1225110250529617,0.0336384411175079,0.1834078545687395,0.11408505226421695,893,0.15746164913080782,0.23552857533857788,0.23311662515342554,0.03099680133163929,-0.007346346825005307,0.044864332225398124,0.14230543775947893,358,0.4008958566629339,0.5,0.5019936708860759,"{'0.00': {'n': 893, 'accuracy': 0.5352743561030235}, '0.05': {'n': 528, 'accuracy': 0.5132575757575758}, '0.10': {'n': 422, 'accuracy': 0.514218009478673}, '0.15': {'n': 347, 'accuracy': 0.5072046109510087}, '0.20': {'n': 271, 'accuracy': 0.5055350553505535}, '0.30': {'n': 164, 'accuracy': 0.5}}",0.015570417046546936,0.11668689312202687,0.13343758351903298,True,False,0.1,4,421,74,893,592,2,8.5,16,0,4,9.0,structured,0.01
direction_shuffle,A375,0.1,structured,5,0,True,100,842,148,2000,34347,32546,201,48,4,0.034136660397052765,0.5594009160995483,225,0.5612809658050537,0.5005695819854736,0.6728995442390442,0.019512586295604706,0.743899421943506,0.034136660397052765,1.1098803317932342,0,-0.02925282121733967,0.19570233801059841,2 * sqrt(2) * median posterior synergy_sd,0.03577585657634306,0.12102978776227909,2000,0.13382994951195337,0.033859057616747366,0.1840083085535742,0.05092403481015051,1000,0.22523887649922375,0.30366754711584976,0.22763419355102732,0.19911955296993256,-0.003199703870623294,-0.024282144282144286,0.14230543775947893,404,0.404,0.49257425742574257,0.49193548387096775,"{'0.00': {'n': 1000, 'accuracy': 0.48}, '0.05': {'n': 579, 'accuracy': 0.49222797927461137}, '0.10': {'n': 468, 'accuracy': 0.49786324786324787}, '0.15': {'n': 389, 'accuracy': 0.4910025706940874}, '0.20': {'n': 315, 'accuracy': 0.5079365079365079}, '0.30': {'n': 187, 'accuracy': 0.5347593582887701}}",0.09959729015827179,0.11409559577244839,0.8729284376314408,True,False,0.1,5,421,74,1000,485,2,8.0,16,0,3,9.0,structured,0.01
direction_shuffle,A375,0.1,structured,6,0,True,100,842,148,1898,34347,32546,201,48,4,0.7862213850021362,0.8657940030097961,10,0.04459229111671448,0.04405148699879646,0.10751455277204514,0.06014339253306389,0.4097258079303502,0.7862213850021362,1.1027843984997137,0,-0.026082576733966745,0.18002170378299104,2 * sqrt(2) * median posterior synergy_sd,0.033440013122669865,0.11311920848873924,1898,0.10723520547324554,0.028989303522373434,0.17026245482305674,0.1320093656567748,949,0.14839550388720812,0.22076691804639653,0.22561830227374263,0.028318114578723907,0.23247687006139048,0.15960374853715367,0.14230543775947893,357,0.3761854583772392,0.6078431372549019,0.6077212806026365,"{'0.00': {'n': 948, 'accuracy': 0.5348101265822784}, '0.05': {'n': 528, 'accuracy': 0.5625}, '0.10': {'n': 439, 'accuracy': 0.5831435079726651}, '0.15': {'n': 344, 'accuracy': 0.6133720930232558}, '0.20': {'n': 265, 'accuracy': 0.6566037735849056}, '0.30': {'n': 157, 'accuracy': 0.6624203821656051}}",0.014167324639856815,0.11280986122194157,0.12558587065348914,True,False,0.1,6,421,74,949,536,3,8.0,18,0,3,8.0,structured,0.01
direction_shuffle,A375,0.1,structured,7,0,True,100,842,148,2006,34347,32546,201,48,4,0.04103168472647667,0.5351582169532776,85,0.5532551407814026,0.5095648765563965,0.5505972504615784,0.08685057610273361,0.9254766094985336,0.8002558350563049,19.503362837546877,0,-0.029193710694774343,0.18322526654610674,2 * sqrt(2) * median posterior synergy_sd,0.03292045973973667,0.11602546072144374,2006,0.13275709855238696,0.03476461730591824,0.18645272136903296,-0.05682626319175088,1003,0.21924027935148824,0.3069098705464226,0.22317674314621583,0.19206000864505768,-0.0788195708097618,-0.015501304850389072,0.14230543775947893,404,0.40279162512462613,0.5099009900990099,0.5180662218305426,"{'0.00': {'n': 1003, 'accuracy': 0.5194416749750748}, '0.05': {'n': 600, 'accuracy': 0.5066666666666667}, '0.10': {'n': 485, 'accuracy': 0.5010309278350515}, '0.15': {'n': 390, 'accuracy': 0.5153846153846153}, '0.20': {'n': 296, 'accuracy': 0.4864864864864865}, '0.30': {'n': 154, 'accuracy': 0.43506493506493504}}",0.09606590121984482,0.11212848712849663,0.8567483935617141,True,False,0.1,7,421,74,1003,482,3,8.5,14,0,3,9.0,structured,0.01
direction_shuffle,A375,0.1,unrestricted,0,0,True,100,842,148,1696,34224,32423,201,86,1,0.37367817759513855,0.9131054282188416,10,0.36124005913734436,0.36996427178382874,0.43857064843177795,0.15251541137695312,0.843568244037149,0.37367817759513855,10.809545218446445,0,-0.029358366205463185,0.16413265489980453,2 * sqrt(2) * median posterior synergy_sd,0.029958185384837223,0.10710487150181647,1696,0.1196125783275074,0.02938343886831982,0.17141598195127494,0.018026472644443903,848,0.1799583661437311,0.2548170840495894,0.2200987637388758,0.13724137842655182,0.038861948403819756,0.02489951514280409,0.14230543775947893,289,0.3408018867924528,0.532871972318339,0.5334972045498361,"{'0.00': {'n': 847, 'accuracy': 0.4923258559622196}, '0.05': {'n': 445, 'accuracy': 0.49887640449438203}, '0.10': {'n': 363, 'accuracy': 0.512396694214876}, '0.15': {'n': 273, 'accuracy': 0.5311355311355311}, '0.20': {'n': 222, 'accuracy': 0.5405405405405406}, '0.30': {'n': 126, 'accuracy': 0.5238095238095238}}",0.06871730089187622,0.11009523616147858,0.6241623460536238,True,False,0.1,0,421,74,848,637,4,8.0,16,0,4,9.0,unrestricted,0.03
direction_shuffle,A375,0.1,unrestricted,1,0,True,100,842,148,1858,34224,32423,201,86,1,0.965438723564148,0.6363325119018555,0,0.0015225105453282595,0.001571687520481646,0.04427025839686394,0.02389605902135372,0.03550210858026035,0.965438723564148,1.0062443859388965,0,-0.03516435858788598,0.1877605228186904,2 * sqrt(2) * median posterior synergy_sd,0.03692779816824434,0.12528450094290083,1858,0.11546528805342217,0.036366076718156906,0.19069891640530343,0.01420587345150126,929,0.149615094652945,0.2267031905452688,0.2252608861678265,0.008979616686701775,0.018112981124622465,0.026811994190411303,0.14230543775947893,359,0.38643702906350913,0.5431754874651811,0.5397559882157039,"{'0.00': {'n': 929, 'accuracy': 0.5145317545748116}, '0.05': {'n': 541, 'accuracy': 0.5378927911275416}, '0.10': {'n': 439, 'accuracy': 0.5466970387243736}, '0.15': {'n': 345, 'accuracy': 0.5507246376811594}, '0.20': {'n': 276, 'accuracy': 0.5760869565217391}, '0.30': {'n': 157, 'accuracy': 0.535031847133758}}",0.004506209399551153,0.11338714222674628,0.03974180238655144,True,True,0.1,1,421,74,929,556,3,8.0,20,0,3,9.0,unrestricted,0.03
direction_shuffle,A375,0.1,unrestricted,2,0,True,100,842,148,1856,34224,32423,201,86,1,0.024251246824860573,0.6119099855422974,300,0.5100805163383484,0.41852474212646484,0.6701743602752686,0.01961326040327549,0.6245012744960271,0.024251246824860573,1.092693004855429,0,-0.031561750434679334,0.1825210547079902,2 * sqrt(2) * median posterior synergy_sd,0.03328322666787428,0.1167224942581638,1856,0.1226908549373177,0.03150528406870716,0.17749727904592555,0.051446272471429744,928,0.20718048795462565,0.29550984454449386,0.23376891151829587,0.1546836942434311,-0.12046799487125107,-0.0955920818944045,0.14230543775947893,358,0.3857758620689655,0.41620111731843573,0.40838607594936704,"{'0.00': {'n': 928, 'accuracy': 0.4536637931034483}, '0.05': {'n': 517, 'accuracy': 0.4448742746615087}, '0.10': {'n': 431, 'accuracy': 0.4361948955916473}, '0.15': {'n': 343, 'accuracy': 0.4139941690962099}, '0.20': {'n': 274, 'accuracy': 0.3905109489051095}, '0.30': {'n': 169, 'accuracy': 0.42011834319526625}}",0.0777345672249794,0.11739335713708646,0.66217177122045,True,False,0.1,2,421,74,928,557,3,8.0,15,0,4,9.0,unrestricted,0.03
direction_shuffle,A375,0.1,unrestricted,3,0,True,100,842,148,1998,34224,32423,201,86,1,0.06219762563705444,0.5808157324790955,70,0.47070884704589844,0.41980084776878357,0.5826529860496521,0.03347345441579819,0.72049892100443,0.06219762563705444,1.9990162990719016,0,-0.033189754739904986,0.18919881235169816,2 * sqrt(2) * median posterior synergy_sd,0.029806507039125213,0.11292722529990916,1998,0.1177837436535287,0.027896264437835463,0.1670217483977325,0.059430249440823424,999,0.1931484673363456,0.27046214460097256,0.21202409330184552,0.16262391209602356,-0.02244217550460232,-0.012656616536376052,0.14230543775947893,389,0.3893893893893894,0.4652956298200514,0.46407788111165493,"{'0.00': {'n': 999, 'accuracy': 0.47147147147147145}, '0.05': {'n': 593, 'accuracy': 0.47217537942664417}, '0.10': {'n': 472, 'accuracy': 0.4724576271186441}, '0.15': {'n': 369, 'accuracy': 0.4796747967479675}, '0.20': {'n': 287, 'accuracy': 0.49477351916376305}, '0.30': {'n': 155, 'accuracy': 0.5225806451612903}}",0.08143798261880875,0.10664749685704299,0.7636183222187891,True,False,0.1,3,421,74,999,486,3,8.0,16,0,4,8.0,unrestricted,0.03
direction_shuffle,A375,0.1,unrestricted,4,0,True,100,842,148,1786,34224,32423,201,86,1,0.01943778619170189,0.7002862691879272,420,0.5520694255828857,0.5315975546836853,0.7203686237335205,0.017019877210259438,0.7379521222461438,0.03766193613409996,1.9375630415246605,0,-0.04265420599524941,0.18910720769434244,2 * sqrt(2) * median posterior synergy_sd,0.03802511261439003,0.1328952772871702,1786,0.1286399399186868,0.033752052090711984,0.1837173157073442,0.11109294989429086,893,0.20864879513724452,0.3005335178700647,0.23311662515342554,0.20412275195121765,0.059784548952572916,0.11556852922974344,0.14230543775947893,358,0.4008958566629339,0.5754189944134078,0.5728164556962025,"{'0.00': {'n': 893, 'accuracy': 0.5520716685330347}, '0.05': {'n': 528, 'accuracy': 0.553030303030303}, '0.10': {'n': 422, 'accuracy': 0.5687203791469194}, '0.15': {'n': 347, 'accuracy': 0.579250720461095}, '0.20': {'n': 271, 'accuracy': 0.5793357933579336}, '0.30': {'n': 164, 'accuracy': 0.5487804878048781}}",0.10222893208265305,0.11668689312202687,0.8760961008340995,True,False,0.1,4,421,74,893,592,2,8.5,16,0,4,9.0,unrestricted,0.03
direction_shuffle,A375,0.1,unrestricted,5,0,True,100,842,148,2000,34224,32423,201,86,1,0.03609659895300865,0.5432237386703491,135,0.54013991355896,0.5216162204742432,0.6896674036979675,0.0257214717566967,0.756330105899393,0.07466830313205719,2.068568931639849,0,-0.02925282121733967,0.19570233801059841,2 * sqrt(2) * median posterior synergy_sd,0.03577585657634306,0.12102978776227909,2000,0.13328780980971147,0.034479356901497206,0.18568617854190766,0.03353692530922503,1000,0.2190863504795335,0.30286135931643765,0.22763419355102732,0.2080037146806717,0.03968596242571484,0.015723207723207726,0.14230543775947893,404,0.404,0.5074257425742574,0.5104320804971885,"{'0.00': {'n': 1000, 'accuracy': 0.504}, '0.05': {'n': 579, 'accuracy': 0.4784110535405872}, '0.10': {'n': 468, 'accuracy': 0.49786324786324787}, '0.15': {'n': 389, 'accuracy': 0.4961439588688946}, '0.20': {'n': 315, 'accuracy': 0.4984126984126984}, '0.30': {'n': 187, 'accuracy': 0.5026737967914439}}",0.10402180254459381,0.11409559577244839,0.9117074313022064,True,False,0.1,5,421,74,1000,485,2,8.0,16,0,3,9.0,unrestricted,0.03
direction_shuffle,A375,0.1,unrestricted,6,0,True,100,842,148,1898,34224,32423,201,86,1,0.03494955226778984,0.7590147256851196,85,0.5061779022216797,0.42729100584983826,0.7371684908866882,0.029651042073965073,0.5796381846650552,0.05306853726506233,1.5184325355140897,0,-0.026082576733966745,0.18002170378299104,2 * sqrt(2) * median posterior synergy_sd,0.033440013122669865,0.11311920848873924,1898,0.11414769565893296,0.024916931127414808,0.15785097759410555,0.2539433436722831,949,0.18168960097598338,0.25306973810316424,0.22561830227374263,0.15822407603263855,0.1675105309346658,0.10827576136456973,0.14230543775947893,357,0.3761854583772392,0.5602240896358543,0.5603107344632768,"{'0.00': {'n': 948, 'accuracy': 0.5274261603375527}, '0.05': {'n': 528, 'accuracy': 0.5378787878787878}, '0.10': {'n': 439, 'accuracy': 0.5398633257403189}, '0.15': {'n': 344, 'accuracy': 0.5697674418604651}, '0.20': {'n': 265, 'accuracy': 0.5735849056603773}, '0.30': {'n': 157, 'accuracy': 0.5923566878980892}}",0.07919599115848541,0.11280986122194157,0.7020307471407629,True,False,0.1,6,421,74,949,536,3,8.0,18,0,3,8.0,unrestricted,0.03
direction_shuffle,A375,0.1,unrestricted,7,0,True,100,842,148,2006,34224,32423,201,86,1,0.05710369721055031,0.5422508120536804,35,0.5086826682090759,0.3821636736392975,0.4965532720088959,0.1143488734960556,0.7696327769489573,0.05710369721055031,1.495337075873105,0,-0.029193710694774343,0.18322526654610674,2 * sqrt(2) * median posterior synergy_sd,0.03292045973973667,0.11602546072144374,2006,0.12245586604554323,0.03131625155043294,0.17696398376628206,0.04800226011454567,1003,0.19474210438865475,0.28174758389336135,0.22317674314621583,0.15111494064331055,-0.09125559644004178,-0.020738818922672306,0.14230543775947893,404,0.40279162512462613,0.49504950495049505,0.49449830039028075,"{'0.00': {'n': 1003, 'accuracy': 0.5164506480558325}, '0.05': {'n': 600, 'accuracy': 0.505}, '0.10': {'n': 485, 'accuracy': 0.49072164948453606}, '0.15': {'n': 390, 'accuracy': 0.5025641025641026}, '0.20': {'n': 296, 'accuracy': 0.48986486486486486}, '0.30': {'n': 154, 'accuracy': 0.4805194805194805}}",0.07556517422199249,0.11212848712849663,0.673915934809649,True,False,0.1,7,421,74,1003,482,3,8.5,14,0,3,9.0,unrestricted,0.03
direction_shuffle,A375,0.4,additive,0,0,True,100,3366,594,1696,1801,0,201,48,0,0.6724154949188232,0.7577604055404663,25,0.0,0.0,0.0,0.09545687586069107,0.0,0.6724165081977844,1.000001506923872,2,-0.028090107136660724,0.17538491429058034,2 * sqrt(2) * median posterior synergy_sd,0.029974873508001976,0.10641113471242601,1696,0.09901357455349495,0.022573666978404464,0.1502453559295743,0.24560418242832482,848,0.1432651094803234,0.22156105488333583,0.2200987637388758,0.03348231688141823,0.035219255712210754,0.008577588761722252,0.14230543775947893,289,0.3408018867924528,0.4982698961937716,0.5047715442452284,"{'0.00': {'n': 847, 'accuracy': 0.4970484061393152}, '0.05': {'n': 445, 'accuracy': 0.49213483146067416}, '0.10': {'n': 363, 'accuracy': 0.4903581267217631}, '0.15': {'n': 273, 'accuracy': 0.5054945054945055}, '0.20': {'n': 222, 'accuracy': 0.5135135135135135}, '0.30': {'n': 126, 'accuracy': 0.5079365079365079}}",0.016741696745157242,0.11009523616147858,0.1520655872939126,False,False,0.4,0,1683,297,848,637,22,33.0,52,0,22,33.0,additive null,0.03
direction_shuffle,A375,0.4,additive,1,0,True,100,3366,594,1858,1801,0,201,48,0,0.6771426200866699,0.7441861629486084,25,0.0,0.0,0.0,0.11423094570636749,0.0,0.6771426200866699,1.0000221824815436,2,-0.03424886740582294,0.177545009964686,2 * sqrt(2) * median posterior synergy_sd,0.0369398733467773,0.12482587575964227,1858,0.1080195911767541,0.025439446971829056,0.15949748265044517,0.3103997001977926,929,0.15425574797948033,0.22968072368754425,0.2252608861678265,0.03997856378555298,-0.0022226900890363194,0.060887815189943136,0.14230543775947893,359,0.38643702906350913,0.5125348189415042,0.49956769565774306,"{'0.00': {'n': 929, 'accuracy': 0.5414424111948332}, '0.05': {'n': 541, 'accuracy': 0.5268022181146026}, '0.10': {'n': 439, 'accuracy': 0.5284738041002278}, '0.15': {'n': 345, 'accuracy': 0.5130434782608696}, '0.20': {'n': 276, 'accuracy': 0.4891304347826087}, '0.30': {'n': 157, 'accuracy': 0.4394904458598726}}",0.02028113417327404,0.11338714222674628,0.17886626097972186,False,False,0.4,1,1683,297,929,556,24,34.0,45,0,24,34.0,additive null,0.03
direction_shuffle,A375,0.4,additive,2,0,True,100,3366,594,1856,1801,0,201,48,0,0.6665218472480774,0.6927886605262756,20,0.0,0.0,0.0,0.09580794721841812,0.0,0.6665218472480774,1.0006975649925645,2,-0.03628097129590018,0.18293339690743488,2 * sqrt(2) * median posterior synergy_sd,0.03338401567275748,0.11941760468126594,1856,0.1067244392775583,0.02476933163931043,0.15738275521578096,0.2542507535046836,928,0.16295153035051727,0.24204484555552117,0.23376891151829587,0.03454117476940155,-0.12208216125064589,-0.12755917011030576,0.14230543775947893,358,0.3857758620689655,0.3854748603351955,0.395506329113924,"{'0.00': {'n': 928, 'accuracy': 0.45905172413793105}, '0.05': {'n': 517, 'accuracy': 0.40618955512572535}, '0.10': {'n': 431, 'accuracy': 0.40835266821345706}, '0.15': {'n': 343, 'accuracy': 0.3848396501457726}, '0.20': {'n': 274, 'accuracy': 0.41605839416058393}, '0.30': {'n': 169, 'accuracy': 0.4260355029585799}}",0.017526471987366676,0.11739335713708646,0.14929696547395,False,False,0.4,2,1683,297,928,557,23,33.0,45,0,23,33.0,additive null,0.03
direction_shuffle,A375,0.4,additive,3,0,True,100,3366,594,1998,1801,0,201,48,0,0.6663274168968201,0.6511445045471191,20,0.0,0.0,0.0,0.09725995361804962,0.0,0.6663274168968201,1.009158063848992,2,-0.033119607071301245,0.1813965202053738,2 * sqrt(2) * median posterior synergy_sd,0.029804807462353103,0.1128897289485234,1998,0.10229545949199602,0.021447595397756845,0.14644997575198448,0.27685803601711323,999,0.14831539140690325,0.2138610136336203,0.21202409330184552,0.03501913323998451,0.08110473522275657,0.0976424801555062,0.14230543775947893,389,0.3893893893893894,0.5501285347043702,0.5553244139881438,"{'0.00': {'n': 999, 'accuracy': 0.5295295295295295}, '0.05': {'n': 593, 'accuracy': 0.5379426644182125}, '0.10': {'n': 472, 'accuracy': 0.5338983050847458}, '0.15': {'n': 369, 'accuracy': 0.5609756097560976}, '0.20': {'n': 287, 'accuracy': 0.5574912891986062}, '0.30': {'n': 155, 'accuracy': 0.5483870967741935}}",0.017642615363001823,0.10664749685704299,0.16542924947081594,False,False,0.4,3,1683,297,999,486,24,33.5,44,0,24,33.0,additive null,0.03
direction_shuffle,A375,0.4,additive,4,0,True,100,3366,594,1786,1801,0,201,48,0,0.680314302444458,0.7722916007041931,25,0.0,0.0,0.0,0.09116464108228683,0.0,0.680314302444458,1.0001515941482906,2,-0.030435392057635176,0.1780848287402359,2 * sqrt(2) * median posterior synergy_sd,0.03835536568651404,0.1271252628927078,1786,0.11361400461459295,0.026531603420807726,0.1628852461729046,0.30125346844156164,893,0.1605056916984011,0.23758210225370466,0.23311662515342554,0.032321181148290634,-0.057042495908124095,-0.059286099140019255,0.14230543775947893,358,0.4008958566629339,0.44972067039106145,0.45367088607594935,"{'0.00': {'n': 893, 'accuracy': 0.47592385218365063}, '0.05': {'n': 528, 'accuracy': 0.48484848484848486}, '0.10': {'n': 422, 'accuracy': 0.476303317535545}, '0.15': {'n': 347, 'accuracy': 0.4553314121037464}, '0.20': {'n': 271, 'accuracy': 0.45018450184501846}, '0.30': {'n': 164, 'accuracy': 0.4329268292682927}}",0.01623504050076008,0.11668689312202687,0.13913336850765293,False,False,0.4,4,1683,297,893,592,24,33.0,49,0,25,33.0,additive null,0.03
direction_shuffle,A375,0.4,additive,5,0,True,100,3366,594,2000,1801,0,201,48,0,0.6829730868339539,0.7840302586555481,25,0.0,0.0,0.0,0.10091804713010788,0.0,0.6831306219100952,1.0002306607378508,2,-0.03174565153327392,0.18228006432740557,2 * sqrt(2) * median posterior synergy_sd,0.03573220356340463,0.12225646585490403,2000,0.1086854013191832,0.02430058960309838,0.1558864638225474,0.31884975083194445,1000,0.15583730337260465,0.22719703618437886,0.22763419355102732,0.036764636635780334,0.10528035169171499,0.11768555768555768,0.14230543775947893,404,0.404,0.551980198019802,0.5548732366577883,"{'0.00': {'n': 1000, 'accuracy': 0.543}, '0.05': {'n': 579, 'accuracy': 0.5492227979274611}, '0.10': {'n': 468, 'accuracy': 0.5598290598290598}, '0.15': {'n': 389, 'accuracy': 0.5526992287917738}, '0.20': {'n': 315, 'accuracy': 0.5714285714285714}, '0.30': {'n': 187, 'accuracy': 0.5614973262032086}}",0.018395349383354187,0.11409559577244839,0.16122751503959687,False,False,0.4,5,1683,297,1000,485,25,34.0,47,0,25,34.0,additive null,0.03
direction_shuffle,A375,0.4,additive,6,0,True,100,3366,594,1898,1801,0,201,48,0,0.6438120007514954,0.7569999098777771,65,0.0,0.0,0.0,0.10136588662862778,0.0,0.643837571144104,1.0000397171729927,2,-0.03341150188918598,0.17875951139702853,2 * sqrt(2) * median posterior synergy_sd,0.03339891632567544,0.11699378388770085,1898,0.10514333630433585,0.024215627140951428,0.15561371128840618,0.27494161607327317,949,0.15391602122264864,0.22973758505530553,0.22561830227374263,0.03621911630034447,-0.03425015439755752,-0.029374179068538078,0.14230543775947893,357,0.3761854583772392,0.4789915966386555,0.4795197740112994,"{'0.00': {'n': 948, 'accuracy': 0.5168776371308017}, '0.05': {'n': 528, 'accuracy': 0.4753787878787879}, '0.10': {'n': 439, 'accuracy': 0.4806378132118451}, '0.15': {'n': 344, 'accuracy': 0.47674418604651164}, '0.20': {'n': 265, 'accuracy': 0.4641509433962264}, '0.30': {'n': 157, 'accuracy': 0.45222929936305734}}",0.018120115622878075,0.11280986122194157,0.1606252806856011,False,False,0.4,6,1683,297,949,536,21,33.5,46,0,21,33.0,additive null,0.03
direction_shuffle,A375,0.4,additive,7,0,True,100,3366,594,2006,1801,0,201,48,0,0.6666550040245056,0.7587040066719055,30,0.0,0.0,0.0,0.1072758361697197,0.0,0.6690456867218018,1.0035860867808146,2,-0.0293428773392751,0.17842982752032327,2 * sqrt(2) * median posterior synergy_sd,0.032918985575295455,0.11609922608103733,2006,0.10638459699775976,0.024872102028544372,0.15770891550113575,0.24390104993113948,1003,0.15715421159786272,0.232038955221773,0.22317674314621583,0.03790600597858429,-0.1093341308926023,-0.05492439112749782,0.14230543775947893,404,0.40279162512462613,0.47029702970297027,0.4815309077174871,"{'0.00': {'n': 1003, 'accuracy': 0.4785643070787637}, '0.05': {'n': 600, 'accuracy': 0.47333333333333333}, '0.10': {'n': 485, 'accuracy': 0.4742268041237113}, '0.15': {'n': 390, 'accuracy': 0.46923076923076923}, '0.20': {'n': 296, 'accuracy': 0.4594594594594595}, '0.30': {'n': 154, 'accuracy': 0.4090909090909091}}",0.01914120838046074,0.11212848712849663,0.17070780914510478,False,False,0.4,7,1683,297,1003,482,21,34.0,44,0,21,34.0,additive null,0.03
direction_shuffle,A375,0.4,order_insensitive,0,0,True,100,3366,594,1696,34224,32423,201,86,2,0.5027680397033691,0.6169970035552979,355,0.0,0.0,0.9400089979171753,0.0,0.0,0.5032491087913513,1.0009568410280534,2,-0.028090107136660724,0.17538491429058034,2 * sqrt(2) * median posterior synergy_sd,0.029974873508001976,0.10641113471242601,1696,0.08635296779038337,0.01740877725406928,0.13194232548378584,0.4182111057954908,848,0.13519859591981132,0.22019047232295716,0.2200987637388758,0.0,,,0.14230543775947893,289,0.3408018867924528,0.5,0.5,"{'0.00': {'n': 847, 'accuracy': 0.5}, '0.05': {'n': 445, 'accuracy': 0.5}, '0.10': {'n': 363, 'accuracy': 0.5}, '0.15': {'n': 273, 'accuracy': 0.5}, '0.20': {'n': 222, 'accuracy': 0.5}, '0.30': {'n': 126, 'accuracy': 0.5}}",0.0,0.11009523616147858,0.0,False,False,0.4,0,1683,297,848,637,22,33.0,52,0,22,33.0,order-insensitive,0.03
direction_shuffle,A375,0.4,order_insensitive,1,0,True,100,3366,594,1858,34224,32423,201,86,2,0.5074887275695801,0.5923523306846619,390,0.0,0.0,1.0232633352279663,0.0,0.0,0.5074887275695801,1.0010791210419197,2,-0.03424886740582294,0.177545009964686,2 * sqrt(2) * median posterior synergy_sd,0.0369398733467773,0.12482587575964227,1858,0.09029731607346876,0.01775599234511035,0.1332516129174816,0.5186790947919167,929,0.14835670026910655,0.22677428445349257,0.2252608861678265,0.0,,,0.14230543775947893,359,0.38643702906350913,0.5,0.5,"{'0.00': {'n': 929, 'accuracy': 0.5}, '0.05': {'n': 541, 'accuracy': 0.5}, '0.10': {'n': 439, 'accuracy': 0.5}, '0.15': {'n': 345, 'accuracy': 0.5}, '0.20': {'n': 276, 'accuracy': 0.5}, '0.30': {'n': 157, 'accuracy': 0.5}}",0.0,0.11338714222674628,0.0,False,False,0.4,1,1683,297,929,556,24,34.0,45,0,24,34.0,order-insensitive,0.03
direction_shuffle,A375,0.4,order_insensitive,2,0,True,100,3366,594,1856,34224,32423,201,86,2,0.468270480632782,0.48152005672454834,1275,0.0,0.0,1.0186710357666016,0.0,0.0,0.46868008375167847,1.0008747147980437,2,-0.03628097129590018,0.18293339690743488,2 * sqrt(2) * median posterior synergy_sd,0.03338401567275748,0.11941760468126594,1856,0.09176505135450329,0.018543975807877772,0.13617626741792335,0.4416823115321967,928,0.15148584803556037,0.23478671427417291,0.23376891151829587,0.0,,,0.14230543775947893,358,0.3857758620689655,0.5,0.5,"{'0.00': {'n': 928, 'accuracy': 0.5}, '0.05': {'n': 517, 'accuracy': 0.5}, '0.10': {'n': 431, 'accuracy': 0.5}, '0.15': {'n': 343, 'accuracy': 0.5}, '0.20': {'n': 274, 'accuracy': 0.5}, '0.30': {'n': 169, 'accuracy': 0.5}}",0.0,0.11739335713708646,0.0,False,False,0.4,2,1683,297,928,557,23,33.0,45,0,23,33.0,order-insensitive,0.03
direction_shuffle,A375,0.4,order_insensitive,3,0,True,100,3366,594,1998,34224,32423,201,86,2,0.49340400099754333,0.48169592022895813,450,0.0,0.0,0.9018053412437439,0.0,0.0,0.49451589584350586,1.0022535180981802,2,-0.033119607071301245,0.1813965202053738,2 * sqrt(2) * median posterior synergy_sd,0.029804807462353103,0.1128897289485234,1998,0.08994129485431696,0.016220827318839746,0.12736101176906434,0.4530873644697788,999,0.1429069186936937,0.21329499371408597,0.21202409330184552,0.0,,,0.14230543775947893,389,0.3893893893893894,0.5,0.5,"{'0.00': {'n': 999, 'accuracy': 0.5}, '0.05': {'n': 593, 'accuracy': 0.5}, '0.10': {'n': 472, 'accuracy': 0.5}, '0.15': {'n': 369, 'accuracy': 0.5}, '0.20': {'n': 287, 'accuracy': 0.5}, '0.30': {'n': 155, 'accuracy': 0.5}}",0.0,0.10664749685704299,0.0,False,False,0.4,3,1683,297,999,486,24,33.5,44,0,24,33.0,order-insensitive,0.03
direction_shuffle,A375,0.4,order_insensitive,4,0,True,100,3366,594,1786,34224,32423,201,86,2,0.5072515606880188,0.5681830048561096,1370,0.0,0.0,1.1198577880859375,0.0,0.0,0.6962977647781372,1.3726872793327685,2,-0.030435392057635176,0.1780848287402359,2 * sqrt(2) * median posterior synergy_sd,0.03835536568651404,0.1271252628927078,1786,0.09722366074919625,0.019351704149346102,0.1391104027359065,0.490346062405867,893,0.15261419986002242,0.23337378624405375,0.23311662515342554,0.0,,,0.14230543775947893,358,0.4008958566629339,0.5,0.5,"{'0.00': {'n': 893, 'accuracy': 0.5}, '0.05': {'n': 528, 'accuracy': 0.5}, '0.10': {'n': 422, 'accuracy': 0.5}, '0.15': {'n': 347, 'accuracy': 0.5}, '0.20': {'n': 271, 'accuracy': 0.5}, '0.30': {'n': 164, 'accuracy': 0.5}}",0.0,0.11668689312202687,0.0,False,False,0.4,4,1683,297,893,592,24,33.0,49,0,25,33.0,order-insensitive,0.03
direction_shuffle,A375,0.4,order_insensitive,5,0,True,100,3366,594,2000,34224,32423,201,86,2,0.49987727403640747,0.5684409141540527,715,0.0,0.0,1.0570011138916016,0.0,0.0,0.49998557567596436,1.000216656457859,2,-0.03174565153327392,0.18228006432740557,2 * sqrt(2) * median posterior synergy_sd,0.03573220356340463,0.12225646585490403,2000,0.09332792045090144,0.017987453971794055,0.13411731421331868,0.4958081694765021,1000,0.151636287456,0.22819119154489678,0.22763419355102732,0.0,,,0.14230543775947893,404,0.404,0.5,0.5,"{'0.00': {'n': 1000, 'accuracy': 0.5}, '0.05': {'n': 579, 'accuracy': 0.5}, '0.10': {'n': 468, 'accuracy': 0.5}, '0.15': {'n': 389, 'accuracy': 0.5}, '0.20': {'n': 315, 'accuracy': 0.5}, '0.30': {'n': 187, 'accuracy': 0.5}}",0.0,0.11409559577244839,0.0,False,False,0.4,5,1683,297,1000,485,25,34.0,47,0,25,34.0,order-insensitive,0.03
direction_shuffle,A375,0.4,order_insensitive,6,0,True,100,3366,594,1898,34224,32423,201,86,2,0.4754616320133209,0.5630435347557068,575,0.0,0.0,1.0151914358139038,0.0,0.0,0.47547203302383423,1.0000218756042822,2,-0.03341150188918598,0.17875951139702853,2 * sqrt(2) * median posterior synergy_sd,0.03339891632567544,0.11699378388770085,1898,0.09225728070203537,0.017952102576101428,0.13398545658429287,0.46248253633279546,949,0.1458528073667018,0.22561972244388315,0.22561830227374263,0.0,,,0.14230543775947893,357,0.3761854583772392,0.5,0.5,"{'0.00': {'n': 948, 'accuracy': 0.5}, '0.05': {'n': 528, 'accuracy': 0.5}, '0.10': {'n': 439, 'accuracy': 0.5}, '0.15': {'n': 344, 'accuracy': 0.5}, '0.20': {'n': 265, 'accuracy': 0.5}, '0.30': {'n': 157, 'accuracy': 0.5}}",0.0,0.11280986122194157,0.0,False,False,0.4,6,1683,297,949,536,21,33.5,46,0,21,33.0,order-insensitive,0.03
direction_shuffle,A375,0.4,order_insensitive,7,0,True,100,3366,594,2006,34224,32423,201,86,2,0.5031225681304932,0.5976481437683105,350,0.0,0.0,1.0208569765090942,0.0,0.0,0.5031225681304932,1.0083697958160698,2,-0.0293428773392751,0.17842982752032327,2 * sqrt(2) * median posterior synergy_sd,0.032918985575295455,0.11609922608103733,2006,0.09334803586790125,0.01854757463437093,0.1361894806303737,0.4361633893557799,1003,0.147940451555334,0.22425697425699326,0.22317674314621583,0.0,,,0.14230543775947893,404,0.40279162512462613,0.5,0.5,"{'0.00': {'n': 1003, 'accuracy': 0.5}, '0.05': {'n': 600, 'accuracy': 0.5}, '0.10': {'n': 485, 'accuracy': 0.5}, '0.15': {'n': 390, 'accuracy': 0.5}, '0.20': {'n': 296, 'accuracy': 0.5}, '0.30': {'n': 154, 'accuracy': 0.5}}",0.0,0.11212848712849663,0.0,False,False,0.4,7,1683,297,1003,482,21,34.0,44,0,21,34.0,order-insensitive,0.03
direction_shuffle,A375,0.4,structured,0,0,True,100,3366,594,1696,34347,32546,201,48,4,0.4695007801055908,0.6222134828567505,1075,0.0,0.0,1.0296072959899902,0.08845434337854385,0.0,0.48787856101989746,1.0391432382927532,2,-0.028090107136660724,0.17538491429058034,2 * sqrt(2) * median posterior synergy_sd,0.029974873508001976,0.10641113471242601,1696,0.08663288955804485,0.017059723203373626,0.13061287533537275,0.4298762427093634,848,0.14296748277009746,0.22199999514952495,0.2200987637388758,0.031026197597384453,0.012122134660683086,-0.028709155187284032,0.14230543775947893,289,0.3408018867924528,0.4602076124567474,0.4661895122421438,"{'0.00': {'n': 847, 'accuracy': 0.47461629279811096}, '0.05': {'n': 445, 'accuracy': 0.45393258426966293}, '0.10': {'n': 363, 'accuracy': 0.4490358126721763}, '0.15': {'n': 273, 'accuracy': 0.4652014652014652}, '0.20': {'n': 222, 'accuracy': 0.46396396396396394}, '0.30': {'n': 126, 'accuracy': 0.4444444444444444}}",0.015513557009398937,0.11009523616147858,0.14091033863304436,True,True,0.4,0,1683,297,848,637,22,33.0,52,0,22,33.0,structured,0.01
direction_shuffle,A375,0.4,structured,1,0,True,100,3366,594,1858,34347,32546,201,48,4,0.47714993357658386,0.5860719084739685,120,1.5819849770448702e-12,1.7157715135815432e-12,0.7541946768760681,0.11203707754611969,2.274971656772227e-12,0.48424452543258667,1.0148686845722135,2,-0.03424886740582294,0.177545009964686,2 * sqrt(2) * median posterior synergy_sd,0.0369398733467773,0.12482587575964227,1858,0.09077438065952316,0.018133486778155034,0.13466063559242186,0.5084461571620402,929,0.1537411062582116,0.23119463476592336,0.2252608861678265,0.03936964273452759,-0.04177651858889368,0.027162042264398546,0.14230543775947893,359,0.38643702906350913,0.5013927576601671,0.49109773280389396,"{'0.00': {'n': 929, 'accuracy': 0.5414424111948332}, '0.05': {'n': 541, 'accuracy': 0.5138632162661737}, '0.10': {'n': 439, 'accuracy': 0.5125284738041003}, '0.15': {'n': 345, 'accuracy': 0.4985507246376812}, '0.20': {'n': 276, 'accuracy': 0.4782608695652174}, '0.30': {'n': 157, 'accuracy': 0.40764331210191085}}",0.01989162527024746,0.11338714222674628,0.17543104870276316,True,True,0.4,1,1683,297,929,556,24,34.0,45,0,24,34.0,structured,0.01
direction_shuffle,A375,0.4,structured,2,0,True,100,3366,594,1856,34347,32546,201,48,4,0.45061683654785156,0.4958055317401886,1375,0.0,0.0,1.0186891555786133,0.0955612063407898,0.0,0.4507267475128174,1.000243912246617,2,-0.03628097129590018,0.18293339690743488,2 * sqrt(2) * median posterior synergy_sd,0.03338401567275748,0.11941760468126594,1856,0.0951516139913645,0.01941630246810004,0.139342392932302,0.41541850437616945,928,0.1627789495581169,0.24209531523138697,0.23376891151829587,0.03422003239393234,-0.12187459606256805,-0.1489988040508992,0.14230543775947893,358,0.3857758620689655,0.37988826815642457,0.3918354430379747,"{'0.00': {'n': 928, 'accuracy': 0.4375}, '0.05': {'n': 517, 'accuracy': 0.3984526112185687}, '0.10': {'n': 431, 'accuracy': 0.3990719257540603}, '0.15': {'n': 343, 'accuracy': 0.37900874635568516}, '0.20': {'n': 274, 'accuracy': 0.3905109489051095}, '0.30': {'n': 169, 'accuracy': 0.40828402366863903}}",0.017481334507465363,0.11739335713708646,0.14891246773913688,True,True,0.4,2,1683,297,928,557,23,33.0,45,0,23,33.0,structured,0.01
direction_shuffle,A375,0.4,structured,3,0,True,100,3366,594,1998,34347,32546,201,48,4,0.4540175497531891,0.48803967237472534,345,0.0,0.0,0.9781315922737122,0.09245966374874115,0.0,0.45440390706062317,1.0008509743899638,2,-0.033119607071301245,0.1813965202053738,2 * sqrt(2) * median posterior synergy_sd,0.029804807462353103,0.1128897289485234,1998,0.08974095650961865,0.016222254497769432,0.12736661453367373,0.4530392447176562,999,0.14812250979479025,0.21524459176537938,0.21202409330184552,0.03316115587949753,0.03730623162132868,0.06946625984702136,0.14230543775947893,389,0.3893893893893894,0.5372750642673522,0.5425436449665524,"{'0.00': {'n': 999, 'accuracy': 0.5305305305305306}, '0.05': {'n': 593, 'accuracy': 0.5311973018549747}, '0.10': {'n': 472, 'accuracy': 0.5169491525423728}, '0.15': {'n': 369, 'accuracy': 0.5474254742547425}, '0.20': {'n': 287, 'accuracy': 0.5505226480836237}, '0.30': {'n': 155, 'accuracy': 0.5096774193548387}}",0.016771860420703888,0.10664749685704299,0.1572644545346052,True,True,0.4,3,1683,297,999,486,24,33.5,44,0,24,33.0,structured,0.01
direction_shuffle,A375,0.4,structured,4,0,True,100,3366,594,1786,34347,32546,201,48,4,0.4851628839969635,0.5745437741279602,130,3.972259804072009e-13,4.237644577690519e-13,0.8459701538085938,0.09030639380216599,5.009212864794889e-13,0.4920787811279297,1.0142547943362656,2,-0.030435392057635176,0.1780848287402359,2 * sqrt(2) * median posterior synergy_sd,0.03835536568651404,0.1271252628927078,1786,0.09862650096731554,0.019857804771751787,0.14091772341246428,0.47701720138994375,893,0.1603748633007523,0.23817109116864774,0.23311662515342554,0.031927015632390976,-0.07672951985681067,-0.07003942239798709,0.14230543775947893,358,0.4008958566629339,0.4301675977653631,0.43484177215189873,"{'0.00': {'n': 893, 'accuracy': 0.47032474804031354}, '0.05': {'n': 528, 'accuracy': 0.4659090909090909}, '0.10': {'n': 422, 'accuracy': 0.45734597156398105}, '0.15': {'n': 347, 'accuracy': 0.42939481268011526}, '0.20': {'n': 271, 'accuracy': 0.4317343173431734}, '0.30': {'n': 164, 'accuracy': 0.42073170731707316}}",0.016082199290394783,0.11668689312202687,0.13782352807677045,True,True,0.4,4,1683,297,893,592,24,33.0,49,0,25,33.0,structured,0.01
direction_shuffle,A375,0.4,structured,5,0,True,100,3366,594,2000,34347,32546,201,48,4,0.47645241022109985,0.5715656876564026,100,5.673406189288244e-11,5.5663855469401113e-11,0.6986744999885559,0.09423813968896866,7.967065560616978e-11,0.47645241022109985,1.0214161397919626,2,-0.03174565153327392,0.18228006432740557,2 * sqrt(2) * median posterior synergy_sd,0.03573220356340463,0.12225646585490403,2000,0.09334037193558374,0.017976550830181955,0.13407666027382228,0.4961137866548133,1000,0.15456110549610844,0.2270803125462451,0.22763419355102732,0.03432443365454674,0.10491724361233679,0.13193924393924394,0.14230543775947893,404,0.404,0.5495049504950495,0.5529742527374963,"{'0.00': {'n': 1000, 'accuracy': 0.546}, '0.05': {'n': 579, 'accuracy': 0.5474956822107081}, '0.10': {'n': 468, 'accuracy': 0.5534188034188035}, '0.15': {'n': 389, 'accuracy': 0.5449871465295629}, '0.20': {'n': 315, 'accuracy': 0.5555555555555556}, '0.30': {'n': 187, 'accuracy': 0.5668449197860963}}",0.017177734524011612,0.11409559577244839,0.15055563194806212,True,True,0.4,5,1683,297,1000,485,25,34.0,47,0,25,34.0,structured,0.01
direction_shuffle,A375,0.4,structured,6,0,True,100,3366,594,1898,34347,32546,201,48,4,0.44891542196273804,0.5620051026344299,100,8.314923749530578e-11,8.482081703675703e-11,0.6788438558578491,0.10229258984327316,1.2494893531822528e-10,0.45526793599128723,1.0141508037321927,2,-0.03341150188918598,0.17875951139702853,2 * sqrt(2) * median posterior synergy_sd,0.03339891632567544,0.11699378388770085,1898,0.09373868897654024,0.018388310652192423,0.13560350530938506,0.44942170082911936,949,0.1542166748141686,0.22969838126373293,0.22561830227374263,0.03652762249112129,-0.03135065365029704,-0.02729955231812441,0.14230543775947893,357,0.3761854583772392,0.49019607843137253,0.4907250470809793,"{'0.00': {'n': 948, 'accuracy': 0.520042194092827}, '0.05': {'n': 528, 'accuracy': 0.48674242424242425}, '0.10': {'n': 439, 'accuracy': 0.4920273348519362}, '0.15': {'n': 344, 'accuracy': 0.4883720930232558}, '0.20': {'n': 265, 'accuracy': 0.4830188679245283}, '0.30': {'n': 157, 'accuracy': 0.4713375796178344}}",0.01828577183187008,0.11280986122194157,0.1620937357231097,True,True,0.4,6,1683,297,949,536,21,33.5,46,0,21,33.0,structured,0.01
direction_shuffle,A375,0.4,structured,7,0,True,100,3366,594,2006,34347,32546,201,48,4,0.4674590229988098,0.6050693392753601,185,5.792816636369287e-17,5.761139589375447e-17,0.8693299293518066,0.11230213940143585,6.627103697753845e-17,0.4674590229988098,1.0092577632591775,2,-0.0293428773392751,0.17842982752032327,2 * sqrt(2) * median posterior synergy_sd,0.032918985575295455,0.11609922608103733,2006,0.09503274739665016,0.019454817661860562,0.13948052789497378,0.40858367374690374,1003,0.15711706058449806,0.23354470416580872,0.22317674314621583,0.03966200351715088,-0.13518305889058177,-0.05207323374248274,0.14230543775947893,404,0.40279162512462613,0.46782178217821785,0.4760795669142641,"{'0.00': {'n': 1003, 'accuracy': 0.48055832502492524}, '0.05': {'n': 600, 'accuracy': 0.48}, '0.10': {'n': 485, 'accuracy': 0.47010309278350515}, '0.15': {'n': 390, 'accuracy': 0.4666666666666667}, '0.20': {'n': 296, 'accuracy': 0.44594594594594594}, '0.30': {'n': 154, 'accuracy': 0.4090909090909091}}",0.020038053393363953,0.11212848712849663,0.17870617812225373,True,True,0.4,7,1683,297,1003,482,21,34.0,44,0,21,34.0,structured,0.01
direction_shuffle,A375,0.4,unrestricted,0,0,True,100,3366,594,1696,34224,32423,201,86,1,0.4903383255004883,0.7119829058647156,20,0.10014360398054123,0.09101834893226624,0.3626672029495239,0.10599929094314575,0.2509693410157471,0.4903383255004883,1.2143605658810128,0,-0.028090107136660724,0.17538491429058034,2 * sqrt(2) * median posterior synergy_sd,0.029974873508001976,0.10641113471242601,1696,0.09466790002946854,0.01984935833373429,0.14088775082928356,0.3366486303365752,848,0.14947734765897105,0.2275278030074727,0.2200987637388758,0.047631535679101944,-0.04732657829401506,-0.04366253303152127,0.14230543775947893,289,0.3408018867924528,0.4913494809688581,0.49614420667052245,"{'0.00': {'n': 847, 'accuracy': 0.5100354191263282}, '0.05': {'n': 445, 'accuracy': 0.48764044943820223}, '0.10': {'n': 363, 'accuracy': 0.49586776859504134}, '0.15': {'n': 273, 'accuracy': 0.4908424908424908}, '0.20': {'n': 222, 'accuracy': 0.5045045045045045}, '0.30': {'n': 126, 'accuracy': 0.4523809523809524}}",0.023830370977520943,0.11009523616147858,0.2164523353450873,True,False,0.4,0,1683,297,848,637,22,33.0,52,0,22,33.0,unrestricted,0.03
direction_shuffle,A375,0.4,unrestricted,1,0,True,100,3366,594,1858,34224,32423,201,86,1,0.42765116691589355,0.6014171242713928,25,0.14913006126880646,0.1414443701505661,0.5405935049057007,0.11106658726930618,0.2616464475932599,0.42765116691589355,1.109816571880996,0,-0.03424886740582294,0.177545009964686,2 * sqrt(2) * median posterior synergy_sd,0.0369398733467773,0.12482587575964227,1858,0.09460002486759238,0.019188402121771326,0.13852220804539367,0.47985001912376735,929,0.15905901891196117,0.23463088436658452,0.2252608861678265,0.06963417679071426,0.02777480150141303,0.06649635224403146,0.14230543775947893,359,0.38643702906350913,0.5682451253481894,0.5590655821698476,"{'0.00': {'n': 929, 'accuracy': 0.566200215285253}, '0.05': {'n': 541, 'accuracy': 0.5674676524953789}, '0.10': {'n': 439, 'accuracy': 0.571753986332574}, '0.15': {'n': 345, 'accuracy': 0.5710144927536231}, '0.20': {'n': 276, 'accuracy': 0.5579710144927537}, '0.30': {'n': 157, 'accuracy': 0.5222929936305732}}",0.03504300117492676,0.11338714222674628,0.3090562164874868,True,False,0.4,1,1683,297,929,556,24,34.0,45,0,24,34.0,unrestricted,0.03
direction_shuffle,A375,0.4,unrestricted,2,0,True,100,3366,594,1856,34224,32423,201,86,1,0.40566757321357727,0.5398289561271667,30,0.16202642023563385,0.16856540739536285,0.5304141044616699,0.09009851515293121,0.3177996323578988,0.40566757321357727,1.1441286889410673,0,-0.03628097129590018,0.18293339690743488,2 * sqrt(2) * median posterior synergy_sd,0.03338401567275748,0.11941760468126594,1856,0.10073668990916614,0.02222254241072884,0.14907227244101715,0.33092888821796984,928,0.17562278239780688,0.2600791506984977,0.23376891151829587,0.0733034610748291,-0.18644305202391592,-0.16877821174377333,0.14230543775947893,358,0.3857758620689655,0.388268156424581,0.3993354430379747,"{'0.00': {'n': 928, 'accuracy': 0.4515086206896552}, '0.05': {'n': 517, 'accuracy': 0.4081237911025145}, '0.10': {'n': 431, 'accuracy': 0.4037122969837587}, '0.15': {'n': 343, 'accuracy': 0.3935860058309038}, '0.20': {'n': 274, 'accuracy': 0.3722627737226277}, '0.30': {'n': 169, 'accuracy': 0.3668639053254438}}",0.037244267761707306,0.11739335713708646,0.3172604367912845,True,False,0.4,2,1683,297,928,557,23,33.0,45,0,23,33.0,unrestricted,0.03
direction_shuffle,A375,0.4,unrestricted,3,0,True,100,3366,594,1998,34224,32423,201,86,1,0.41959479451179504,0.5191042423248291,25,0.16723760962486267,0.1270483136177063,0.43021827936172485,0.09707706421613693,0.29531128664778294,0.41959479451179504,1.0749586084972738,0,-0.033119607071301245,0.1813965202053738,2 * sqrt(2) * median posterior synergy_sd,0.029804807462353103,0.1128897289485234,1998,0.0926006280782492,0.017437520508754464,0.13205120411701843,0.4120644951642737,999,0.1528952227905792,0.22003194472977605,0.21202409330184552,0.061220940202474594,0.04220094797267444,0.0720255044623782,0.14230543775947893,389,0.3893893893893894,0.532133676092545,0.5407896883667809,"{'0.00': {'n': 999, 'accuracy': 0.5355355355355356}, '0.05': {'n': 593, 'accuracy': 0.5278246205733558}, '0.10': {'n': 472, 'accuracy': 0.5169491525423728}, '0.15': {'n': 369, 'accuracy': 0.5420054200542005}, '0.20': {'n': 287, 'accuracy': 0.5261324041811847}, '0.30': {'n': 155, 'accuracy': 0.4838709677419355}}",0.030719228088855743,0.10664749685704299,0.288044529821771,True,False,0.4,3,1683,297,999,486,24,33.5,44,0,24,33.0,unrestricted,0.03
direction_shuffle,A375,0.4,unrestricted,4,0,True,100,3366,594,1786,34224,32423,201,86,1,0.4402027130126953,0.6013072729110718,25,0.13969673216342926,0.12943802773952484,0.6203029155731201,0.10084217041730881,0.20866906230794097,0.4402027130126953,1.0050494187646715,0,-0.030435392057635176,0.1780848287402359,2 * sqrt(2) * median posterior synergy_sd,0.03835536568651404,0.1271252628927078,1786,0.09957986389602155,0.020922399113193983,0.1446457711555854,0.44897963457571666,893,0.16529240657220082,0.24194413017320107,0.23311662515342554,0.061025284230709076,-0.010667067682847725,-0.03214231562177186,0.14230543775947893,358,0.4008958566629339,0.44972067039106145,0.4503481012658228,"{'0.00': {'n': 893, 'accuracy': 0.48824188129899215}, '0.05': {'n': 528, 'accuracy': 0.4659090909090909}, '0.10': {'n': 422, 'accuracy': 0.466824644549763}, '0.15': {'n': 347, 'accuracy': 0.44668587896253603}, '0.20': {'n': 271, 'accuracy': 0.46494464944649444}, '0.30': {'n': 164, 'accuracy': 0.49390243902439024}}",0.030527928844094276,0.11668689312202687,0.26162260411003735,True,False,0.4,4,1683,297,893,592,24,33.0,49,0,25,33.0,unrestricted,0.03
direction_shuffle,A375,0.4,unrestricted,5,0,True,100,3366,594,2000,34224,32423,201,86,1,0.3763875365257263,0.5888869166374207,30,0.2358587235212326,0.1853284239768982,0.5287390351295471,0.09918929636478424,0.35051019815756673,0.407583087682724,1.0828814669182476,0,-0.03174565153327392,0.18228006432740557,2 * sqrt(2) * median posterior synergy_sd,0.03573220356340463,0.12225646585490403,2000,0.09564025235324107,0.01874577757874615,0.1369152204057173,0.4745522114005064,1000,0.1632539827044111,0.23320085068541713,0.22763419355102732,0.07996051013469696,0.11009694283528021,0.11772530172530174,0.14230543775947893,404,0.404,0.5618811881188119,0.5620745782775969,"{'0.00': {'n': 1000, 'accuracy': 0.527}, '0.05': {'n': 579, 'accuracy': 0.533678756476684}, '0.10': {'n': 468, 'accuracy': 0.5555555555555556}, '0.15': {'n': 389, 'accuracy': 0.5604113110539846}, '0.20': {'n': 315, 'accuracy': 0.5682539682539682}, '0.30': {'n': 187, 'accuracy': 0.5935828877005348}}",0.04000033438205719,0.11409559577244839,0.350586138853542,True,False,0.4,5,1683,297,1000,485,25,34.0,47,0,25,34.0,unrestricted,0.03
direction_shuffle,A375,0.4,unrestricted,6,0,True,100,3366,594,1898,34224,32423,201,86,1,0.402161180973053,0.6318301558494568,25,0.1620120257139206,0.15265877544879913,0.46942687034606934,0.09927231073379517,0.3252024651598161,0.402161180973053,1.057044721885087,0,-0.03341150188918598,0.17875951139702853,2 * sqrt(2) * median posterior synergy_sd,0.03339891632567544,0.11699378388770085,1898,0.09584201306533739,0.020107959683436746,0.14180253764808565,0.39793239021751803,949,0.16133841129301485,0.2387547890438082,0.22561830227374263,0.06808757781982422,-0.04764545635786309,0.0033922450014005415,0.14230543775947893,357,0.3761854583772392,0.4957983193277311,0.4958568738229755,"{'0.00': {'n': 948, 'accuracy': 0.5189873417721519}, '0.05': {'n': 528, 'accuracy': 0.5}, '0.10': {'n': 439, 'accuracy': 0.5056947608200456}, '0.15': {'n': 344, 'accuracy': 0.4941860465116279}, '0.20': {'n': 265, 'accuracy': 0.49056603773584906}, '0.30': {'n': 157, 'accuracy': 0.5286624203821656}}",0.03405191749334335,0.11280986122194157,0.3018523125948163,True,False,0.4,6,1683,297,949,536,21,33.5,46,0,21,33.0,unrestricted,0.03
direction_shuffle,A375,0.4,unrestricted,7,0,True,100,3366,594,2006,34224,32423,201,86,1,0.3714854121208191,0.6173053979873657,30,0.23135711252689362,0.19792677462100983,0.5039541125297546,0.10516519844532013,0.39274761272897396,0.3714854121208191,1.0225515392560687,0,-0.0293428773392751,0.17842982752032327,2 * sqrt(2) * median posterior synergy_sd,0.032918985575295455,0.11609922608103733,2006,0.0998814667070108,0.02133140171404042,0.14605273607173686,0.3515364957504168,1003,0.16610112863128906,0.2450463997493364,0.22317674314621583,0.08066176623106003,-0.0764986287716416,0.001345059461023376,0.14230543775947893,404,0.40279162512462613,0.49257425742574257,0.5006798438876998,"{'0.00': {'n': 1003, 'accuracy': 0.5124626121635095}, '0.05': {'n': 600, 'accuracy': 0.5133333333333333}, '0.10': {'n': 485, 'accuracy': 0.5051546391752577}, '0.15': {'n': 390, 'accuracy': 0.4846153846153846}, '0.20': {'n': 296, 'accuracy': 0.49324324324324326}, '0.30': {'n': 154, 'accuracy': 0.4675324675324675}}",0.04059860110282898,0.11212848712849663,0.36207213833451557,True,False,0.4,7,1683,297,1003,482,21,34.0,44,0,21,34.0,unrestricted,0.03
initvar,A375,0.1,additive,0,0,False,100,842,148,1696,1801,0,201,48,0,0.4816807806491852,0.8919891119003296,115,0.0,0.0,0.0,0.35301560163497925,0.0,0.48170006275177,1.0000400308738888,2,-0.02935836620546318,0.16413265489980453,2 * sqrt(2) * median posterior synergy_sd,0.029958185384837223,0.10710487150181647,1696,0.08724757726399643,0.017456743591448748,0.13212397054073402,0.41660810508063495,848,0.11611698472837297,0.1630750057362833,0.2200987637388758,0.11580317467451096,0.6917851335151287,0.5659391263628515,0.14230543775947893,289,0.3408018867924528,0.8373702422145328,0.8377192982456141,"{'0.00': {'n': 847, 'accuracy': 0.667060212514758}, '0.05': {'n': 445, 'accuracy': 0.7640449438202247}, '0.10': {'n': 363, 'accuracy': 0.7933884297520661}, '0.15': {'n': 273, 'accuracy': 0.8315018315018315}, '0.20': {'n': 222, 'accuracy': 0.8873873873873874}, '0.30': {'n': 126, 'accuracy': 0.9444444444444444}}",0.057941388338804245,0.11009523616147858,0.526284245885268,False,False,0.1,0,421,74,848,637,4,8.0,16,0,4,9.0,additive null,0.03
initvar,A375,0.1,additive,0,1,False,100,842,148,1696,1801,0,201,48,0,0.4816843569278717,0.8920229077339172,115,0.0,0.0,0.0,0.35300764441490173,0.0,0.4817672371864319,1.00017206342155,2,-0.02935836620546318,0.16413265489980453,2 * sqrt(2) * median posterior synergy_sd,0.029958185384837223,0.10710487150181647,1696,0.08724732430503382,0.01745691918769331,0.13212463505226157,0.4166022367796359,848,0.11610974553603531,0.16306813079639937,0.2200987637388758,0.11580024659633636,0.6918326222018136,0.5660468273642485,0.14230543775947893,289,0.3408018867924528,0.8373702422145328,0.8377192982456141,"{'0.00': {'n': 847, 'accuracy': 0.667060212514758}, '0.05': {'n': 445, 'accuracy': 0.7640449438202247}, '0.10': {'n': 363, 'accuracy': 0.7933884297520661}, '0.15': {'n': 273, 'accuracy': 0.8315018315018315}, '0.20': {'n': 222, 'accuracy': 0.8873873873873874}, '0.30': {'n': 126, 'accuracy': 0.9444444444444444}}",0.057940080761909485,0.11009523616147858,0.526272369105306,False,False,0.1,0,421,74,848,637,4,8.0,16,0,4,9.0,additive null,0.03
initvar,A375,0.1,additive,0,2,False,100,842,148,1696,1801,0,201,48,0,0.48169276118278503,0.8920093178749084,115,0.0,0.0,0.0,0.3529699444770813,0.0,0.4817715585231781,1.0001635842319896,2,-0.02935836620546318,0.16413265489980453,2 * sqrt(2) * median posterior synergy_sd,0.029958185384837223,0.10710487150181647,1696,0.08724684341525389,0.017456853124394694,0.1321243850483123,0.41660444456786194,848,0.1161136105499799,0.1630751487021596,0.2200987637388758,0.1157880648970604,0.6918056061906346,0.5659520552058843,0.14230543775947893,289,0.3408018867924528,0.8373702422145328,0.8377192982456141,"{'0.00': {'n': 847, 'accuracy': 0.667060212514758}, '0.05': {'n': 445, 'accuracy': 0.7640449438202247}, '0.10': {'n': 363, 'accuracy': 0.7933884297520661}, '0.15': {'n': 273, 'accuracy': 0.8315018315018315}, '0.20': {'n': 222, 'accuracy': 0.8873873873873874}, '0.30': {'n': 126, 'accuracy': 0.9444444444444444}}",0.05793389305472374,0.11009523616147858,0.5262161658816109,False,False,0.1,0,421,74,848,637,4,8.0,16,0,4,9.0,additive null,0.03
initvar,A375,0.1,additive,0,3,False,100,842,148,1696,1801,0,201,48,0,0.48169395327568054,0.8920379877090454,115,0.0,0.0,0.0,0.3530089855194092,0.0,0.4817067086696625,1.000026480286695,2,-0.02935836620546318,0.16413265489980453,2 * sqrt(2) * median posterior synergy_sd,0.029958185384837223,0.10710487150181647,1696,0.08724712460388441,0.017456774663444093,0.13212408812719992,0.41660706667675684,848,0.11611144184565482,0.16306810467340746,0.2200987637388758,0.11580100655555725,0.6918324172770606,0.5659949545632834,0.14230543775947893,289,0.3408018867924528,0.8373702422145328,0.8377192982456141,"{'0.00': {'n': 847, 'accuracy': 0.667060212514758}, '0.05': {'n': 445, 'accuracy': 0.7640449438202247}, '0.10': {'n': 363, 'accuracy': 0.7933884297520661}, '0.15': {'n': 273, 'accuracy': 0.8315018315018315}, '0.20': {'n': 222, 'accuracy': 0.8873873873873874}, '0.30': {'n': 126, 'accuracy': 0.9444444444444444}}",0.057940296828746796,0.11009523616147858,0.526274331650143,False,False,0.1,0,421,74,848,637,4,8.0,16,0,4,9.0,additive null,0.03
initvar,A375,0.1,additive,1,0,False,100,842,148,1858,1801,0,201,48,0,0.44933220744132996,0.4672395884990692,45,0.0,0.0,0.0,0.32039308547973633,0.0,0.44933220744132996,1.0004721309369387,2,-0.03516435858788598,0.1877605228186904,2 * sqrt(2) * median posterior synergy_sd,0.03692779816824434,0.12528450094290083,1858,0.10301346513452123,0.021298726817095635,0.14594083327532303,0.42264435171334047,929,0.13073725490140692,0.1755044462275048,0.2252608861678265,0.11919600516557693,0.6376893806572024,0.5917620912364054,0.14230543775947893,359,0.38643702906350913,0.8857938718662952,0.8816606891251442,"{'0.00': {'n': 929, 'accuracy': 0.7255113024757804}, '0.05': {'n': 541, 'accuracy': 0.7948243992606284}, '0.10': {'n': 439, 'accuracy': 0.8337129840546698}, '0.15': {'n': 345, 'accuracy': 0.8956521739130435}, '0.20': {'n': 276, 'accuracy': 0.9130434782608695}, '0.30': {'n': 157, 'accuracy': 0.9363057324840764}}",0.0601571723818779,0.11338714222674628,0.5305466845753852,False,False,0.1,1,421,74,929,556,3,8.0,20,0,3,9.0,additive null,0.03
initvar,A375,0.1,additive,1,1,False,100,842,148,1858,1801,0,201,48,0,0.44953328371047974,0.4669864773750305,45,0.0,0.0,0.0,0.32016780972480774,0.0,0.44953328371047974,1.0004743085730463,2,-0.03516435858788598,0.1877605228186904,2 * sqrt(2) * median posterior synergy_sd,0.03692779816824434,0.12528450094290083,1858,0.10305611922671577,0.021317267477183818,0.14600434061076342,0.4221417604121419,929,0.1308569559930328,0.17578715113146864,0.2252608861678265,0.11914797127246857,0.6359845030208091,0.5894194871469434,0.14230543775947893,359,0.38643702906350913,0.8746518105849582,0.8701645958754964,"{'0.00': {'n': 929, 'accuracy': 0.7201291711517761}, '0.05': {'n': 541, 'accuracy': 0.7874306839186691}, '0.10': {'n': 439, 'accuracy': 0.8246013667425968}, '0.15': {'n': 345, 'accuracy': 0.8840579710144928}, '0.20': {'n': 276, 'accuracy': 0.9021739130434783}, '0.30': {'n': 157, 'accuracy': 0.9171974522292994}}",0.06011487543582916,0.11338714222674628,0.5301736533372916,False,False,0.1,1,421,74,929,556,3,8.0,20,0,3,9.0,additive null,0.03
initvar,A375,0.1,additive,1,2,False,100,842,148,1858,1801,0,201,48,0,0.44935619831085205,0.4666282534599304,45,0.0,0.0,0.0,0.32030513882637024,0.0,0.44935619831085205,1.0002088261001314,2,-0.03516435858788598,0.1877605228186904,2 * sqrt(2) * median posterior synergy_sd,0.03692779816824434,0.12528450094290083,1858,0.10303369644413117,0.021288619521645263,0.14590620110757893,0.4229183354198449,929,0.1308453595713634,0.17568278666331635,0.2252608861678265,0.11918233335018158,0.6365882328477013,0.5901582580094377,0.14230543775947893,359,0.38643702906350913,0.8690807799442897,0.8634078391187396,"{'0.00': {'n': 929, 'accuracy': 0.7168998923573735}, '0.05': {'n': 541, 'accuracy': 0.7837338262476895}, '0.10': {'n': 439, 'accuracy': 0.8200455580865603}, '0.15': {'n': 345, 'accuracy': 0.8782608695652174}, '0.20': {'n': 276, 'accuracy': 0.894927536231884}, '0.30': {'n': 157, 'accuracy': 0.9235668789808917}}",0.060140661895275116,0.11338714222674628,0.5304010729453666,False,False,0.1,1,421,74,929,556,3,8.0,20,0,3,9.0,additive null,0.03
initvar,A375,0.1,additive,1,3,False,100,842,148,1858,1801,0,201,48,0,0.4493512511253357,0.4670649468898773,45,0.0,0.0,0.0,0.3199537992477417,0.0,0.4493512511253357,1.0008155753045098,2,-0.03516435858788598,0.1877605228186904,2 * sqrt(2) * median posterior synergy_sd,0.03692779816824434,0.12528450094290083,1858,0.10308939871099125,0.021314229266097547,0.14599393571685623,0.4222241187778043,929,0.13083189255839772,0.17568177071141836,0.2252608861678265,0.11903481185436249,0.636689829640687,0.590278293307598,0.14230543775947893,359,0.38643702906350913,0.8746518105849582,0.8691558857435635,"{'0.00': {'n': 929, 'accuracy': 0.7190527448869752}, '0.05': {'n': 541, 'accuracy': 0.7855822550831792}, '0.10': {'n': 439, 'accuracy': 0.8223234624145785}, '0.15': {'n': 345, 'accuracy': 0.8840579710144928}, '0.20': {'n': 276, 'accuracy': 0.9021739130434783}, '0.30': {'n': 157, 'accuracy': 0.9235668789808917}}",0.060074687004089355,0.11338714222674628,0.5298192178082662,False,False,0.1,1,421,74,929,556,3,8.0,20,0,3,9.0,additive null,0.03
initvar,A375,0.1,order_insensitive,0,0,False,100,842,148,1696,34224,32423,201,86,2,0.4781780242919922,0.8212617635726929,50,0.0,0.0,0.663546085357666,0.0,0.0,0.4781780242919922,1.0472781198721204,2,-0.02935836620546318,0.16413265489980453,2 * sqrt(2) * median posterior synergy_sd,0.029958185384837223,0.10710487150181647,1696,0.09644231660452063,0.02092605433438721,0.144658405681755,0.300666219483001,848,0.13519859591981132,0.22019047232295716,0.2200987637388758,0.0,,,0.14230543775947893,289,0.3408018867924528,0.5,0.5,"{'0.00': {'n': 847, 'accuracy': 0.5}, '0.05': {'n': 445, 'accuracy': 0.5}, '0.10': {'n': 363, 'accuracy': 0.5}, '0.15': {'n': 273, 'accuracy': 0.5}, '0.20': {'n': 222, 'accuracy': 0.5}, '0.30': {'n': 126, 'accuracy': 0.5}}",0.0,0.11009523616147858,0.0,False,False,0.1,0,421,74,848,637,4,8.0,16,0,4,9.0,order-insensitive,0.03
initvar,A375,0.1,order_insensitive,0,1,False,100,842,148,1696,34224,32423,201,86,2,0.4774796664714813,0.851576030254364,45,0.0,0.0,0.6450510621070862,0.0,0.0,0.4774796664714813,1.0108133890088842,2,-0.02935836620546318,0.16413265489980453,2 * sqrt(2) * median posterior synergy_sd,0.029958185384837223,0.10710487150181647,1696,0.09214264776486594,0.019300329740952353,0.13892562665308497,0.35499677353006676,848,0.13519859591981132,0.22019047232295716,0.2200987637388758,0.0,,,0.14230543775947893,289,0.3408018867924528,0.5,0.5,"{'0.00': {'n': 847, 'accuracy': 0.5}, '0.05': {'n': 445, 'accuracy': 0.5}, '0.10': {'n': 363, 'accuracy': 0.5}, '0.15': {'n': 273, 'accuracy': 0.5}, '0.20': {'n': 222, 'accuracy': 0.5}, '0.30': {'n': 126, 'accuracy': 0.5}}",0.0,0.11009523616147858,0.0,False,False,0.1,0,421,74,848,637,4,8.0,16,0,4,9.0,order-insensitive,0.03
initvar,A375,0.1,order_insensitive,0,2,False,100,842,148,1696,34224,32423,201,86,2,0.45079413056373596,0.8967649340629578,1460,0.0,0.0,0.7883445024490356,0.0,0.0,0.4688884913921356,1.0401388563018155,2,-0.02935836620546318,0.16413265489980453,2 * sqrt(2) * median posterior synergy_sd,0.029958185384837223,0.10710487150181647,1696,0.10032953604494357,0.02161606150639276,0.14702401676730492,0.2776066729257921,848,0.13519859591981132,0.22019047232295716,0.2200987637388758,0.0,,,0.14230543775947893,289,0.3408018867924528,0.5,0.5,"{'0.00': {'n': 847, 'accuracy': 0.5}, '0.05': {'n': 445, 'accuracy': 0.5}, '0.10': {'n': 363, 'accuracy': 0.5}, '0.15': {'n': 273, 'accuracy': 0.5}, '0.20': {'n': 222, 'accuracy': 0.5}, '0.30': {'n': 126, 'accuracy': 0.5}}",0.0,0.11009523616147858,0.0,False,False,0.1,0,421,74,848,637,4,8.0,16,0,4,9.0,order-insensitive,0.03
initvar,A375,0.1,order_insensitive,0,3,False,100,842,148,1696,34224,32423,201,86,2,0.4872012436389923,0.8119992613792419,40,0.0,0.0,0.5440418720245361,0.0,0.0,0.4872012436389923,1.06454022494504,2,-0.02935836620546318,0.16413265489980453,2 * sqrt(2) * median posterior synergy_sd,0.029958185384837223,0.10710487150181647,1696,0.09461850393573051,0.020096852663709978,0.1417633685537628,0.3283775467069203,848,0.13519859591981132,0.22019047232295716,0.2200987637388758,0.0,,,0.14230543775947893,289,0.3408018867924528,0.5,0.5,"{'0.00': {'n': 847, 'accuracy': 0.5}, '0.05': {'n': 445, 'accuracy': 0.5}, '0.10': {'n': 363, 'accuracy': 0.5}, '0.15': {'n': 273, 'accuracy': 0.5}, '0.20': {'n': 222, 'accuracy': 0.5}, '0.30': {'n': 126, 'accuracy': 0.5}}",0.0,0.11009523616147858,0.0,False,False,0.1,0,421,74,848,637,4,8.0,16,0,4,9.0,order-insensitive,0.03
initvar,A375,0.1,order_insensitive,1,0,False,100,842,148,1858,34224,32423,201,86,2,0.44211554527282715,0.4818352460861206,270,0.0,0.0,0.6594587564468384,0.0,0.0,0.44211554527282715,1.04816240475706,2,-0.03516435858788598,0.1877605228186904,2 * sqrt(2) * median posterior synergy_sd,0.03692779816824434,0.12528450094290083,1858,0.10562262189176623,0.023773015674076924,0.15418500469915006,0.3555725187658304,929,0.14835670026910655,0.22677428445349257,0.2252608861678265,0.0,,,0.14230543775947893,359,0.38643702906350913,0.5,0.5,"{'0.00': {'n': 929, 'accuracy': 0.5}, '0.05': {'n': 541, 'accuracy': 0.5}, '0.10': {'n': 439, 'accuracy': 0.5}, '0.15': {'n': 345, 'accuracy': 0.5}, '0.20': {'n': 276, 'accuracy': 0.5}, '0.30': {'n': 157, 'accuracy': 0.5}}",0.0,0.11338714222674628,0.0,False,False,0.1,1,421,74,929,556,3,8.0,20,0,3,9.0,order-insensitive,0.03
initvar,A375,0.1,order_insensitive,1,1,False,100,842,148,1858,34224,32423,201,86,2,0.42151379585266113,0.46922916173934937,60,0.0,0.0,0.6747608780860901,0.0,0.0,0.42698919773101807,1.0129898521287566,2,-0.03516435858788598,0.1877605228186904,2 * sqrt(2) * median posterior synergy_sd,0.03692779816824434,0.12528450094290083,1858,0.10140675554585771,0.022098924652978018,0.14865707064575845,0.40095297343233316,929,0.14835670026910655,0.22677428445349257,0.2252608861678265,0.0,,,0.14230543775947893,359,0.38643702906350913,0.5,0.5,"{'0.00': {'n': 929, 'accuracy': 0.5}, '0.05': {'n': 541, 'accuracy': 0.5}, '0.10': {'n': 439, 'accuracy': 0.5}, '0.15': {'n': 345, 'accuracy': 0.5}, '0.20': {'n': 276, 'accuracy': 0.5}, '0.30': {'n': 157, 'accuracy': 0.5}}",0.0,0.11338714222674628,0.0,False,False,0.1,1,421,74,929,556,3,8.0,20,0,3,9.0,order-insensitive,0.03
initvar,A375,0.1,order_insensitive,1,2,False,100,842,148,1858,34224,32423,201,86,2,0.43014025688171387,0.48352622985839844,130,0.0,0.0,0.6662364602088928,0.0,0.0,0.43014025688171387,1.0216622860749707,2,-0.03516435858788598,0.1877605228186904,2 * sqrt(2) * median posterior synergy_sd,0.03692779816824434,0.12528450094290083,1858,0.1036347572895151,0.023137098185503597,0.15210883664502728,0.37281066436134,929,0.14835670026910655,0.22677428445349257,0.2252608861678265,0.0,,,0.14230543775947893,359,0.38643702906350913,0.5,0.5,"{'0.00': {'n': 929, 'accuracy': 0.5}, '0.05': {'n': 541, 'accuracy': 0.5}, '0.10': {'n': 439, 'accuracy': 0.5}, '0.15': {'n': 345, 'accuracy': 0.5}, '0.20': {'n': 276, 'accuracy': 0.5}, '0.30': {'n': 157, 'accuracy': 0.5}}",0.0,0.11338714222674628,0.0,False,False,0.1,1,421,74,929,556,3,8.0,20,0,3,9.0,order-insensitive,0.03
initvar,A375,0.1,order_insensitive,1,3,False,100,842,148,1858,34224,32423,201,86,2,0.4326547086238861,0.4663626551628113,130,0.0,0.0,0.6638506650924683,0.0,0.0,0.434090256690979,1.0033179994080241,2,-0.03516435858788598,0.1877605228186904,2 * sqrt(2) * median posterior synergy_sd,0.03692779816824434,0.12528450094290083,1858,0.10416908658787223,0.023337222241599342,0.1527652520751998,0.3673857976480783,929,0.14835670026910655,0.22677428445349257,0.2252608861678265,0.0,,,0.14230543775947893,359,0.38643702906350913,0.5,0.5,"{'0.00': {'n': 929, 'accuracy': 0.5}, '0.05': {'n': 541, 'accuracy': 0.5}, '0.10': {'n': 439, 'accuracy': 0.5}, '0.15': {'n': 345, 'accuracy': 0.5}, '0.20': {'n': 276, 'accuracy': 0.5}, '0.30': {'n': 157, 'accuracy': 0.5}}",0.0,0.11338714222674628,0.0,False,False,0.1,1,421,74,929,556,3,8.0,20,0,3,9.0,order-insensitive,0.03
initvar,A375,0.1,structured,0,0,False,100,842,148,1696,34347,32546,201,48,4,0.03165658935904503,0.6907082200050354,180,0.5925012826919556,0.5357857942581177,0.7048638463020325,0.03543335944414139,0.7601266500885828,0.03232549875974655,1.0211301790320757,0,-0.02935836620546318,0.16413265489980453,2 * sqrt(2) * median posterior synergy_sd,0.029958185384837223,0.10710487150181647,1696,0.08248592227139755,0.014073542720342032,0.11863196331656166,0.529672260302267,848,0.11421335800474562,0.1586225833414072,0.2200987637388758,0.18347658216953278,0.705079014984707,0.5693454730905712,0.14230543775947893,289,0.3408018867924528,0.8615916955017301,0.862372276845961,"{'0.00': {'n': 847, 'accuracy': 0.6776859504132231}, '0.05': {'n': 445, 'accuracy': 0.7842696629213484}, '0.10': {'n': 363, 'accuracy': 0.8126721763085399}, '0.15': {'n': 273, 'accuracy': 0.8534798534798534}, '0.20': {'n': 222, 'accuracy': 0.8783783783783784}, '0.30': {'n': 126, 'accuracy': 0.9444444444444444}}",0.09180431813001633,0.11009523616147858,0.8338627658272639,True,False,0.1,0,421,74,848,637,4,8.0,16,0,4,9.0,structured,0.01
initvar,A375,0.1,structured,0,1,False,100,842,148,1696,34347,32546,201,48,4,0.03166649863123894,0.6175071001052856,175,0.5896937847137451,0.5674462914466858,0.6592390537261963,0.04051089659333229,0.8607595199940399,0.03371834382414818,1.0647954551844612,0,-0.02935836620546318,0.16413265489980453,2 * sqrt(2) * median posterior synergy_sd,0.029958185384837223,0.10710487150181647,1696,0.08290590235502007,0.014604347547443644,0.12084844867619793,0.5119331423337332,848,0.11593120155253878,0.1609981460228308,0.2200987637388758,0.19560518860816956,0.7059347370815005,0.5567726553671071,0.14230543775947893,289,0.3408018867924528,0.8200692041522492,0.8194765760555234,"{'0.00': {'n': 847, 'accuracy': 0.6599763872491146}, '0.05': {'n': 445, 'accuracy': 0.748314606741573}, '0.10': {'n': 363, 'accuracy': 0.7851239669421488}, '0.15': {'n': 273, 'accuracy': 0.8205128205128205}, '0.20': {'n': 222, 'accuracy': 0.8693693693693694}, '0.30': {'n': 126, 'accuracy': 0.9285714285714286}}",0.0978548601269722,0.11009523616147858,0.8888201119206174,True,False,0.1,0,421,74,848,637,4,8.0,16,0,4,9.0,structured,0.01
initvar,A375,0.1,structured,0,2,False,100,842,148,1696,34347,32546,201,48,4,0.028659068048000336,0.7021081447601318,225,0.6017705202102661,0.5430103540420532,0.640756368637085,0.027662435546517372,0.84745213722504,0.03119487315416336,1.088481771351248,0,-0.02935836620546318,0.16413265489980453,2 * sqrt(2) * median posterior synergy_sd,0.029958185384837223,0.10710487150181647,1696,0.08311404683838682,0.014459068433903408,0.12024586659799749,0.5167882664808257,848,0.11613541287450582,0.16195418016461458,0.2200987637388758,0.18433114886283875,0.6925990331451134,0.5649571246504982,0.14230543775947893,289,0.3408018867924528,0.8269896193771626,0.8258868324657798,"{'0.00': {'n': 847, 'accuracy': 0.6623376623376623}, '0.05': {'n': 445, 'accuracy': 0.755056179775281}, '0.10': {'n': 363, 'accuracy': 0.7878787878787878}, '0.15': {'n': 273, 'accuracy': 0.8278388278388278}, '0.20': {'n': 222, 'accuracy': 0.8828828828828829}, '0.30': {'n': 126, 'accuracy': 0.9365079365079365}}",0.09218486398458481,0.11009523616147858,0.8373192810030007,True,False,0.1,0,421,74,848,637,4,8.0,16,0,4,9.0,structured,0.01
initvar,A375,0.1,structured,0,3,False,100,842,148,1696,34347,32546,201,48,4,0.02394970878958702,0.6664368510246277,1265,0.6042054295539856,0.5727440714836121,0.7479335069656372,0.018900202587246895,0.7657687028987805,0.0263409111648798,1.0998426492906852,0,-0.02935836620546318,0.16413265489980453,2 * sqrt(2) * median posterior synergy_sd,0.029958185384837223,0.10710487150181647,1696,0.085418067914998,0.015125547649680712,0.12298596525490504,0.49451500740591103,848,0.114869370617742,0.1602526783476788,0.2200987637388758,0.19184057414531708,0.7053550318576174,0.5543697797090447,0.14230543775947893,289,0.3408018867924528,0.8166089965397924,0.8168257181415076,"{'0.00': {'n': 847, 'accuracy': 0.6623376623376623}, '0.05': {'n': 445, 'accuracy': 0.7415730337078652}, '0.10': {'n': 363, 'accuracy': 0.7796143250688705}, '0.15': {'n': 273, 'accuracy': 0.8168498168498168}, '0.20': {'n': 222, 'accuracy': 0.8603603603603603}, '0.30': {'n': 126, 'accuracy': 0.8968253968253969}}",0.09598222374916077,0.11009523616147858,0.8718108711659602,True,False,0.1,0,421,74,848,637,4,8.0,16,0,4,9.0,structured,0.01
initvar,A375,0.1,structured,1,0,False,100,842,148,1858,34347,32546,201,48,4,0.04021584615111351,0.34683164954185486,115,0.5213531255722046,0.47230830788612366,0.6347819566726685,0.07082927972078323,0.7440480985972229,0.04021584615111351,1.4833391650417922,0,-0.03516435858788598,0.1877605228186904,2 * sqrt(2) * median posterior synergy_sd,0.03692779816824434,0.12528450094290083,1858,0.08948576781090538,0.01610062845311532,0.12688825183252908,0.563551903444779,929,0.12373645985083513,0.16656092300225653,0.2252608861678265,0.1931343376636505,0.6931870138919922,0.5963292846614644,0.14230543775947893,359,0.38643702906350913,0.8328690807799443,0.8305847316510824,"{'0.00': {'n': 929, 'accuracy': 0.682454251883746}, '0.05': {'n': 541, 'accuracy': 0.7634011090573013}, '0.10': {'n': 439, 'accuracy': 0.7995444191343963}, '0.15': {'n': 345, 'accuracy': 0.8434782608695652}, '0.20': {'n': 276, 'accuracy': 0.8623188405797102}, '0.30': {'n': 157, 'accuracy': 0.910828025477707}}",0.09721334278583527,0.11338714222674628,0.8573577292514577,True,False,0.1,1,421,74,929,556,3,8.0,20,0,3,9.0,structured,0.01
initvar,A375,0.1,structured,1,1,False,100,842,148,1858,34347,32546,201,48,4,0.03660474717617035,0.3656371235847473,210,0.546234130859375,0.5262477397918701,0.6831961274147034,0.031102169305086136,0.7702733061196572,0.036615218967199326,1.0002860774035285,0,-0.03516435858788598,0.1877605228186904,2 * sqrt(2) * median posterior synergy_sd,0.03692779816824434,0.12528450094290083,1858,0.08668573240205735,0.015609258575635686,0.12493701843583305,0.5768717218826154,929,0.12542166081465558,0.1676389885703967,0.2252608861678265,0.20490092039108276,0.7004555911442631,0.6074604631865809,0.14230543775947893,359,0.38643702906350913,0.8551532033426184,0.8535769181503778,"{'0.00': {'n': 929, 'accuracy': 0.7072120559741658}, '0.05': {'n': 541, 'accuracy': 0.7837338262476895}, '0.10': {'n': 439, 'accuracy': 0.8246013667425968}, '0.15': {'n': 345, 'accuracy': 0.8666666666666667}, '0.20': {'n': 276, 'accuracy': 0.8840579710144928}, '0.30': {'n': 157, 'accuracy': 0.9299363057324841}}",0.10294225066900253,0.11338714222674628,0.9078829278821002,True,False,0.1,1,421,74,929,556,3,8.0,20,0,3,9.0,structured,0.01
initvar,A375,0.1,structured,1,2,False,100,842,148,1858,34347,32546,201,48,4,0.03510427474975586,0.34129956364631653,150,0.5337671041488647,0.4755563735961914,0.6359282732009888,0.047315582633018494,0.7478144841751502,0.03510427474975586,1.020006927606512,0,-0.03516435858788598,0.1877605228186904,2 * sqrt(2) * median posterior synergy_sd,0.03692779816824434,0.12528450094290083,1858,0.0892311974875736,0.016136964694771494,0.12703135319586065,0.5625669180727491,929,0.12365645864667243,0.17069743851940292,0.2252608861678265,0.18974792957305908,0.6744102259005611,0.5931053790181889,0.14230543775947893,359,0.38643702906350913,0.8328690807799443,0.8305847316510824,"{'0.00': {'n': 929, 'accuracy': 0.71259418729817}, '0.05': {'n': 541, 'accuracy': 0.7689463955637708}, '0.10': {'n': 439, 'accuracy': 0.8041002277904328}, '0.15': {'n': 345, 'accuracy': 0.8434782608695652}, '0.20': {'n': 276, 'accuracy': 0.8514492753623188}, '0.30': {'n': 157, 'accuracy': 0.8789808917197452}}",0.09537781774997711,0.11338714222674628,0.8411696059791773,True,False,0.1,1,421,74,929,556,3,8.0,20,0,3,9.0,structured,0.01
initvar,A375,0.1,structured,1,3,False,100,842,148,1858,34347,32546,201,48,4,0.03689807653427124,0.3873852491378784,285,0.5524812340736389,0.5400763750076294,0.7223579287528992,0.02457670122385025,0.7476575718356602,0.03841622918844223,1.04114449306757,0,-0.03516435858788598,0.1877605228186904,2 * sqrt(2) * median posterior synergy_sd,0.03692779816824434,0.12528450094290083,1858,0.08691566731860349,0.015525890158725917,0.12460292997648939,0.5791316328531122,929,0.12158971769865873,0.1672052618023369,0.2252608861678265,0.207208052277565,0.7040507747265357,0.6321989598537304,0.14230543775947893,359,0.38643702906350913,0.871866295264624,0.8708210580248494,"{'0.00': {'n': 929, 'accuracy': 0.7265877287405813}, '0.05': {'n': 541, 'accuracy': 0.8151571164510166}, '0.10': {'n': 439, 'accuracy': 0.8451025056947609}, '0.15': {'n': 345, 'accuracy': 0.881159420289855}, '0.20': {'n': 276, 'accuracy': 0.8876811594202898}, '0.30': {'n': 157, 'accuracy': 0.9235668789808917}}",0.10456138849258423,0.11338714222674628,0.9221626582975985,True,False,0.1,1,421,74,929,556,3,8.0,20,0,3,9.0,structured,0.01
initvar,A375,0.1,unrestricted,0,0,False,100,842,148,1696,34224,32423,201,86,1,0.04414165019989014,0.7055619359016418,55,0.5434655547142029,0.5008288621902466,0.60248863697052,0.08280768990516663,0.8312669010797499,0.04414165019989014,1.1704987912903362,0,-0.02935836620546318,0.16413265489980453,2 * sqrt(2) * median posterior synergy_sd,0.029958185384837223,0.10710487150181647,1696,0.08207720548164439,0.013772162995586076,0.11735485927555823,0.5397441553149074,848,0.11288879403230098,0.15495700972619145,0.2200987637388758,0.1798609495162964,0.7176328632851798,0.5779228060304373,0.14230543775947893,289,0.3408018867924528,0.8581314878892734,0.8591671486408328,"{'0.00': {'n': 847, 'accuracy': 0.6753246753246753}, '0.05': {'n': 445, 'accuracy': 0.7775280898876404}, '0.10': {'n': 363, 'accuracy': 0.8154269972451791}, '0.15': {'n': 273, 'accuracy': 0.8571428571428571}, '0.20': {'n': 222, 'accuracy': 0.8963963963963963}, '0.30': {'n': 126, 'accuracy': 0.9285714285714286}}",0.08993061631917953,0.11009523616147858,0.8168438476963413,True,False,0.1,0,421,74,848,637,4,8.0,16,0,4,9.0,unrestricted,0.03
initvar,A375,0.1,unrestricted,0,1,False,100,842,148,1696,34224,32423,201,86,1,0.04154374822974205,0.569037675857544,55,0.5547604560852051,0.534848153591156,0.6109126806259155,0.08391454815864563,0.8754903451065592,0.04154374822974205,1.1007365344583038,0,-0.02935836620546318,0.16413265489980453,2 * sqrt(2) * median posterior synergy_sd,0.029958185384837223,0.10710487150181647,1696,0.0824512240110829,0.01443279064681999,0.12013655000381854,0.5176664513450631,848,0.11192137260536299,0.15672747934385078,0.2200987637388758,0.19242297112941742,0.7191524848483017,0.5802344910361202,0.14230543775947893,289,0.3408018867924528,0.8581314878892734,0.8575043377674957,"{'0.00': {'n': 847, 'accuracy': 0.680047225501771}, '0.05': {'n': 445, 'accuracy': 0.7865168539325843}, '0.10': {'n': 363, 'accuracy': 0.8209366391184573}, '0.15': {'n': 273, 'accuracy': 0.8608058608058609}, '0.20': {'n': 222, 'accuracy': 0.8963963963963963}, '0.30': {'n': 126, 'accuracy': 0.9365079365079365}}",0.09632352739572525,0.11009523616147858,0.8749109475949157,True,False,0.1,0,421,74,848,637,4,8.0,16,0,4,9.0,unrestricted,0.03
initvar,A375,0.1,unrestricted,0,2,False,100,842,148,1696,34224,32423,201,86,1,0.02658996731042862,0.6392853260040283,405,0.6079329252243042,0.6301177740097046,0.7521200776100159,0.016960225999355316,0.837788795656149,0.0319843627512455,1.2028733385731238,0,-0.02935836620546318,0.16413265489980453,2 * sqrt(2) * median posterior synergy_sd,0.029958185384837223,0.10710487150181647,1696,0.08575333504210134,0.015999479762127882,0.12648904996926763,0.46530882078579094,848,0.11802851702502422,0.16558674196448359,0.2200987637388758,0.20981967449188232,0.7043000166803838,0.5476055349774204,0.14230543775947893,289,0.3408018867924528,0.8339100346020761,0.833405629458261,"{'0.00': {'n': 847, 'accuracy': 0.6635182998819362}, '0.05': {'n': 445, 'accuracy': 0.748314606741573}, '0.10': {'n': 363, 'accuracy': 0.7878787878787878}, '0.15': {'n': 273, 'accuracy': 0.8388278388278388}, '0.20': {'n': 222, 'accuracy': 0.8828828828828829}, '0.30': {'n': 126, 'accuracy': 0.9285714285714286}}",0.10493960976600647,0.11009523616147858,0.953171212713416,True,False,0.1,0,421,74,848,637,4,8.0,16,0,4,9.0,unrestricted,0.03
initvar,A375,0.1,unrestricted,0,3,False,100,842,148,1696,34224,32423,201,86,1,0.05254935845732689,0.7508734464645386,40,0.503077507019043,0.473163366317749,0.5521621704101562,0.12436208128929138,0.8569282570848245,0.05254935845732689,1.8277969894064798,0,-0.02935836620546318,0.16413265489980453,2 * sqrt(2) * median posterior synergy_sd,0.029958185384837223,0.10710487150181647,1696,0.08601602480013361,0.015062398997853083,0.12272896560247333,0.4966253902191965,848,0.12257188545704241,0.16633123439635739,0.2200987637388758,0.18165786564350128,0.6731246442091631,0.5515320265743022,0.14230543775947893,289,0.3408018867924528,0.8166089965397924,0.8179342587237324,"{'0.00': {'n': 847, 'accuracy': 0.6611570247933884}, '0.05': {'n': 445, 'accuracy': 0.748314606741573}, '0.10': {'n': 363, 'accuracy': 0.7851239669421488}, '0.15': {'n': 273, 'accuracy': 0.8168498168498168}, '0.20': {'n': 222, 'accuracy': 0.8603603603603603}, '0.30': {'n': 126, 'accuracy': 0.9047619047619048}}",0.09082959592342377,0.11009523616147858,0.8250093200236424,True,False,0.1,0,421,74,848,637,4,8.0,16,0,4,9.0,unrestricted,0.03
initvar,A375,0.1,unrestricted,1,0,False,100,842,148,1858,34224,32423,201,86,1,0.04625590518116951,0.36914390325546265,50,0.48718181252479553,0.4460957646369934,0.6443151235580444,0.09275399893522263,0.6923565012311961,0.04625590518116951,1.4418783130869408,0,-0.03516435858788598,0.1877605228186904,2 * sqrt(2) * median posterior synergy_sd,0.03692779816824434,0.12528450094290083,1858,0.08736620447231834,0.015097151215797817,0.12287046518914876,0.5907536820237371,929,0.1185389473355744,0.16094030437901902,0.2252608861678265,0.1907208412885666,0.7129655455242642,0.6391735045876833,0.14230543775947893,359,0.38643702906350913,0.8746518105849582,0.8752081465351608,"{'0.00': {'n': 929, 'accuracy': 0.7158234660925726}, '0.05': {'n': 541, 'accuracy': 0.7985212569316081}, '0.10': {'n': 439, 'accuracy': 0.8382687927107062}, '0.15': {'n': 345, 'accuracy': 0.8869565217391304}, '0.20': {'n': 276, 'accuracy': 0.9057971014492754}, '0.30': {'n': 157, 'accuracy': 0.9363057324840764}}",0.09585244953632355,0.11338714222674628,0.8453555460868951,True,False,0.1,1,421,74,929,556,3,8.0,20,0,3,9.0,unrestricted,0.03
initvar,A375,0.1,unrestricted,1,1,False,100,842,148,1858,34224,32423,201,86,1,0.03441938757896423,0.3601635694503784,115,0.547349750995636,0.4954662322998047,0.6791807413101196,0.02831055037677288,0.7295057149943105,0.051607370376586914,1.4993692220173986,0,-0.03516435858788598,0.1877605228186904,2 * sqrt(2) * median posterior synergy_sd,0.03692779816824434,0.12528450094290083,1858,0.09003366601850096,0.017290341345745135,0.13149274255921933,0.5313017382448597,929,0.12421717179155586,0.17599941972795938,0.2252608861678265,0.19145870208740234,0.6545046453168983,0.5957273719992672,0.14230543775947893,359,0.38643702906350913,0.8495821727019499,0.8498462917894197,"{'0.00': {'n': 929, 'accuracy': 0.7093649085037675}, '0.05': {'n': 541, 'accuracy': 0.7763401109057301}, '0.10': {'n': 439, 'accuracy': 0.8177676537585421}, '0.15': {'n': 345, 'accuracy': 0.8608695652173913}, '0.20': {'n': 276, 'accuracy': 0.8804347826086957}, '0.30': {'n': 157, 'accuracy': 0.9044585987261147}}",0.09627622365951538,0.11338714222674628,0.8490929550635178,True,False,0.1,1,421,74,929,556,3,8.0,20,0,3,9.0,unrestricted,0.03
initvar,A375,0.1,unrestricted,1,2,False,100,842,148,1858,34224,32423,201,86,1,0.0548759326338768,0.36210790276527405,40,0.4480327069759369,0.37548884749412537,0.5404574871063232,0.1341714709997177,0.6947611171130952,0.0548759326338768,1.4630221235395995,0,-0.03516435858788598,0.1877605228186904,2 * sqrt(2) * median posterior synergy_sd,0.03692779816824434,0.12528450094290083,1858,0.09165152981362072,0.016651562138317467,0.12904093202669248,0.548617457939448,929,0.1234980592138711,0.16857271788158104,0.2252608861678265,0.1741991937160492,0.6714198274398375,0.5904891034291181,0.14230543775947893,359,0.38643702906350913,0.8328690807799443,0.8295760215191494,"{'0.00': {'n': 929, 'accuracy': 0.7104413347685683}, '0.05': {'n': 541, 'accuracy': 0.7689463955637708}, '0.10': {'n': 439, 'accuracy': 0.8041002277904328}, '0.15': {'n': 345, 'accuracy': 0.8434782608695652}, '0.20': {'n': 276, 'accuracy': 0.8586956521739131}, '0.30': {'n': 157, 'accuracy': 0.9044585987261147}}",0.08775626868009567,0.11338714222674628,0.7739525572009285,True,False,0.1,1,421,74,929,556,3,8.0,20,0,3,9.0,unrestricted,0.03
initvar,A375,0.1,unrestricted,1,3,False,100,842,148,1858,34224,32423,201,86,1,0.057216618210077286,0.36988475918769836,90,0.5261061191558838,0.5082328915596008,0.6554222106933594,0.039133258163928986,0.7754282404039228,0.057216618210077286,1.0128986396306576,0,-0.03516435858788598,0.1877605228186904,2 * sqrt(2) * median posterior synergy_sd,0.03692779816824434,0.12528450094290083,1858,0.08726161983162378,0.015445441114515531,0.1242796890666996,0.5813124068718132,929,0.11922041215461125,0.1630037167436716,0.2252608861678265,0.19814547896385193,0.7105958418193951,0.6407942355517612,0.14230543775947893,359,0.38643702906350913,0.8774373259052924,0.8775778147816062,"{'0.00': {'n': 929, 'accuracy': 0.7308934337997847}, '0.05': {'n': 541, 'accuracy': 0.8188539741219963}, '0.10': {'n': 439, 'accuracy': 0.8496583143507973}, '0.15': {'n': 345, 'accuracy': 0.8869565217391304}, '0.20': {'n': 276, 'accuracy': 0.9021739130434783}, '0.30': {'n': 157, 'accuracy': 0.9490445859872612}}",0.09996087849140167,0.11338714222674628,0.8815891866425613,True,False,0.1,1,421,74,929,556,3,8.0,20,0,3,9.0,unrestricted,0.03
initvar,A375,0.4,additive,0,0,False,100,3366,594,1696,1801,0,201,48,0,0.5206792950630188,0.5677297115325928,95,0.0,0.0,0.0,0.29320037364959717,0.0,0.520738959312439,1.0001145892490557,2,-0.028090107136660724,0.17538491429058034,2 * sqrt(2) * median posterior synergy_sd,0.029974873508001976,0.10641113471242601,1696,0.08532670321141313,0.01712233973472322,0.13085235853710556,0.42778364298216043,848,0.11267937931384957,0.16471132060337051,0.2200987637388758,0.10277654230594635,0.7047286243805211,0.6188751819975719,0.14230543775947893,289,0.3408018867924528,0.8823529411764706,0.8832658569500675,"{'0.00': {'n': 847, 'accuracy': 0.6953955135773318}, '0.05': {'n': 445, 'accuracy': 0.8089887640449438}, '0.10': {'n': 363, 'accuracy': 0.837465564738292}, '0.15': {'n': 273, 'accuracy': 0.8754578754578755}, '0.20': {'n': 222, 'accuracy': 0.9144144144144144}, '0.30': {'n': 126, 'accuracy': 0.9682539682539683}}",0.05142292007803917,0.11009523616147858,0.467076704414497,False,False,0.4,0,1683,297,848,637,22,33.0,52,0,22,33.0,additive null,0.03
initvar,A375,0.4,additive,0,1,False,100,3366,594,1696,1801,0,201,48,0,0.5207180976867676,0.5677396059036255,95,0.0,0.0,0.0,0.2930237948894501,0.0,0.5207180976867676,1.0000732637632848,2,-0.028090107136660724,0.17538491429058034,2 * sqrt(2) * median posterior synergy_sd,0.029974873508001976,0.10641113471242601,1696,0.08532158443346147,0.017123066766311007,0.1308551365683098,0.42775934610608823,848,0.11266669476784903,0.16471523497267154,0.2200987637388758,0.10271397978067398,0.704843208950596,0.6190851723841801,0.14230543775947893,289,0.3408018867924528,0.8823529411764706,0.8832658569500675,"{'0.00': {'n': 847, 'accuracy': 0.6953955135773318}, '0.05': {'n': 445, 'accuracy': 0.8089887640449438}, '0.10': {'n': 363, 'accuracy': 0.837465564738292}, '0.15': {'n': 273, 'accuracy': 0.8754578754578755}, '0.20': {'n': 222, 'accuracy': 0.9144144144144144}, '0.30': {'n': 126, 'accuracy': 0.9682539682539683}}",0.051391955465078354,0.11009523616147858,0.466795451437162,False,False,0.4,0,1683,297,848,637,22,33.0,52,0,22,33.0,additive null,0.03
initvar,A375,0.4,additive,0,2,False,100,3366,594,1696,1801,0,201,48,0,0.5206627249717712,0.5677489042282104,95,0.0,0.0,0.0,0.2931431531906128,0.0,0.5207194685935974,1.000108983453404,2,-0.028090107136660724,0.17538491429058034,2 * sqrt(2) * median posterior synergy_sd,0.029974873508001976,0.10641113471242601,1696,0.08532641390551533,0.017122242242783837,0.13085198601008635,0.42778690109309947,848,0.11268056146693704,0.164719860983043,0.2200987637388758,0.10275610536336899,0.7047126437351652,0.6188584551839073,0.14230543775947893,289,0.3408018867924528,0.8823529411764706,0.8832658569500675,"{'0.00': {'n': 847, 'accuracy': 0.6953955135773318}, '0.05': {'n': 445, 'accuracy': 0.8089887640449438}, '0.10': {'n': 363, 'accuracy': 0.837465564738292}, '0.15': {'n': 273, 'accuracy': 0.8754578754578755}, '0.20': {'n': 222, 'accuracy': 0.9144144144144144}, '0.30': {'n': 126, 'accuracy': 0.9682539682539683}}",0.05141288787126541,0.11009523616147858,0.4669855814274947,False,False,0.4,0,1683,297,848,637,22,33.0,52,0,22,33.0,additive null,0.03
initvar,A375,0.4,additive,0,3,False,100,3366,594,1696,1801,0,201,48,0,0.5207000970840454,0.5677242279052734,95,0.0,0.0,0.0,0.293098509311676,0.0,0.5207000970840454,1.0002526995745555,2,-0.028090107136660724,0.17538491429058034,2 * sqrt(2) * median posterior synergy_sd,0.029974873508001976,0.10641113471242601,1696,0.08531895451304733,0.01712213311449375,0.1308515690180815,0.4277905480825629,848,0.1126808469710699,0.16471903579083244,0.2200987637388758,0.10274048149585724,0.7047549723723349,0.6188471596650323,0.14230543775947893,289,0.3408018867924528,0.8823529411764706,0.8832658569500675,"{'0.00': {'n': 847, 'accuracy': 0.6953955135773318}, '0.05': {'n': 445, 'accuracy': 0.8089887640449438}, '0.10': {'n': 363, 'accuracy': 0.837465564738292}, '0.15': {'n': 273, 'accuracy': 0.8754578754578755}, '0.20': {'n': 222, 'accuracy': 0.9144144144144144}, '0.30': {'n': 126, 'accuracy': 0.9682539682539683}}",0.051405053585767746,0.11009523616147858,0.4669144222586622,False,False,0.4,0,1683,297,848,637,22,33.0,52,0,22,33.0,additive null,0.03
initvar,A375,0.4,additive,1,0,False,100,3366,594,1858,1801,0,201,48,0,0.5128300189971924,0.5814285278320312,75,0.0,0.0,0.0,0.30699336528778076,0.0,0.5128300189971924,1.00063279074909,2,-0.03424886740582294,0.177545009964686,2 * sqrt(2) * median posterior synergy_sd,0.0369398733467773,0.12482587575964227,1858,0.09521301895797134,0.019479008329856034,0.13956721796272947,0.47197240572904553,929,0.12386054561995272,0.1680910560912443,0.2252608861678265,0.10770024359226227,0.7043053034064714,0.621108566389398,0.14230543775947893,359,0.38643702906350913,0.8551532033426184,0.8535769181503778,"{'0.00': {'n': 929, 'accuracy': 0.7072120559741658}, '0.05': {'n': 541, 'accuracy': 0.7800369685767098}, '0.10': {'n': 439, 'accuracy': 0.8200455580865603}, '0.15': {'n': 345, 'accuracy': 0.8666666666666667}, '0.20': {'n': 276, 'accuracy': 0.8913043478260869}, '0.30': {'n': 157, 'accuracy': 0.9681528662420382}}",0.05450513958930969,0.11338714222674628,0.4806994736697118,False,False,0.4,1,1683,297,929,556,24,34.0,45,0,24,34.0,additive null,0.03
initvar,A375,0.4,additive,1,1,False,100,3366,594,1858,1801,0,201,48,0,0.512558102607727,0.581569492816925,80,0.0,0.0,0.0,0.30755817890167236,0.0,0.5125733613967896,1.0000297698719127,2,-0.03424886740582294,0.177545009964686,2 * sqrt(2) * median posterior synergy_sd,0.0369398733467773,0.12482587575964227,1858,0.09518705846192169,0.019474204285442005,0.13955000639714069,0.47210263145572295,929,0.12384149886879056,0.16808474342089405,0.2252608861678265,0.10792333632707596,0.7039322033849642,0.6199837069294791,0.14230543775947893,359,0.38643702906350913,0.8467966573816156,0.8454592032791085,"{'0.00': {'n': 929, 'accuracy': 0.7039827771797632}, '0.05': {'n': 541, 'accuracy': 0.7726432532347505}, '0.10': {'n': 439, 'accuracy': 0.8109339407744874}, '0.15': {'n': 345, 'accuracy': 0.8579710144927536}, '0.20': {'n': 276, 'accuracy': 0.8840579710144928}, '0.30': {'n': 157, 'accuracy': 0.9681528662420382}}",0.05460541695356369,0.11338714222674628,0.48158385405257276,False,False,0.4,1,1683,297,929,556,24,34.0,45,0,24,34.0,additive null,0.03
initvar,A375,0.4,additive,1,2,False,100,3366,594,1858,1801,0,201,48,0,0.512799084186554,0.5816121697425842,75,0.0,0.0,0.0,0.3072332739830017,0.0,0.512799084186554,1.000444559799747,2,-0.03424886740582294,0.177545009964686,2 * sqrt(2) * median posterior synergy_sd,0.0369398733467773,0.12482587575964227,1858,0.09522374288962128,0.01948363366081672,0.13958378724198853,0.471847024480754,929,0.12383638131390673,0.16807046732246958,0.2252608861678265,0.10778763145208359,0.7042674371747515,0.6211686289394627,0.14230543775947893,359,0.38643702906350913,0.8523676880222841,0.8512072499039324,"{'0.00': {'n': 929, 'accuracy': 0.7072120559741658}, '0.05': {'n': 541, 'accuracy': 0.7781885397412199}, '0.10': {'n': 439, 'accuracy': 0.8177676537585421}, '0.15': {'n': 345, 'accuracy': 0.863768115942029}, '0.20': {'n': 276, 'accuracy': 0.8913043478260869}, '0.30': {'n': 157, 'accuracy': 0.9681528662420382}}",0.054547734558582306,0.11338714222674628,0.4810751332765783,False,False,0.4,1,1683,297,929,556,24,34.0,45,0,24,34.0,additive null,0.03
initvar,A375,0.4,additive,1,3,False,100,3366,594,1858,1801,0,201,48,0,0.5125255584716797,0.5816268920898438,80,0.0,0.0,0.0,0.3078608810901642,0.0,0.5126076340675354,1.0001601395179207,2,-0.03424886740582294,0.177545009964686,2 * sqrt(2) * median posterior synergy_sd,0.0369398733467773,0.12482587575964227,1858,0.09518304857141183,0.01946976797054905,0.1395341104194564,0.4722228889473101,929,0.12384680917988601,0.16805537523636338,0.2252608861678265,0.1080239936709404,0.7039055267914979,0.6200417040342636,0.14230543775947893,359,0.38643702906350913,0.8495821727019499,0.847828871525554,"{'0.00': {'n': 929, 'accuracy': 0.7050592034445641}, '0.05': {'n': 541, 'accuracy': 0.7744916820702403}, '0.10': {'n': 439, 'accuracy': 0.8132118451025057}, '0.15': {'n': 345, 'accuracy': 0.8608695652173913}, '0.20': {'n': 276, 'accuracy': 0.8876811594202898}, '0.30': {'n': 157, 'accuracy': 0.9745222929936306}}",0.0546591617166996,0.11338714222674628,0.48205784750615527,False,False,0.4,1,1683,297,929,556,24,34.0,45,0,24,34.0,additive null,0.03
initvar,A375,0.4,order_insensitive,0,0,False,100,3366,594,1696,34224,32423,201,86,2,0.503719687461853,0.6166772246360779,345,0.0,0.0,0.9254500865936279,0.0,0.0,0.503719687461853,1.0003387723137558,2,-0.028090107136660724,0.17538491429058034,2 * sqrt(2) * median posterior synergy_sd,0.029974873508001976,0.10641113471242601,1696,0.0865516692906108,0.017472035315893576,0.13218182672324352,0.41609706657830947,848,0.13519859591981132,0.22019047232295716,0.2200987637388758,0.0,,,0.14230543775947893,289,0.3408018867924528,0.5,0.5,"{'0.00': {'n': 847, 'accuracy': 0.5}, '0.05': {'n': 445, 'accuracy': 0.5}, '0.10': {'n': 363, 'accuracy': 0.5}, '0.15': {'n': 273, 'accuracy': 0.5}, '0.20': {'n': 222, 'accuracy': 0.5}, '0.30': {'n': 126, 'accuracy': 0.5}}",0.0,0.11009523616147858,0.0,False,False,0.4,0,1683,297,848,637,22,33.0,52,0,22,33.0,order-insensitive,0.03
initvar,A375,0.4,order_insensitive,0,1,False,100,3366,594,1696,34224,32423,201,86,2,0.5036846399307251,0.616349458694458,460,0.0,0.0,0.9293867349624634,0.0,0.0,0.6882420182228088,1.3664145452548784,2,-0.028090107136660724,0.17538491429058034,2 * sqrt(2) * median posterior synergy_sd,0.029974873508001976,0.10641113471242601,1696,0.08660018466219806,0.017478901768886012,0.13220779768563581,0.41586759462658796,848,0.13519859591981132,0.22019047232295716,0.2200987637388758,0.0,,,0.14230543775947893,289,0.3408018867924528,0.5,0.5,"{'0.00': {'n': 847, 'accuracy': 0.5}, '0.05': {'n': 445, 'accuracy': 0.5}, '0.10': {'n': 363, 'accuracy': 0.5}, '0.15': {'n': 273, 'accuracy': 0.5}, '0.20': {'n': 222, 'accuracy': 0.5}, '0.30': {'n': 126, 'accuracy': 0.5}}",0.0,0.11009523616147858,0.0,False,False,0.4,0,1683,297,848,637,22,33.0,52,0,22,33.0,order-insensitive,0.03
initvar,A375,0.4,order_insensitive,0,2,False,100,3366,594,1696,34224,32423,201,86,2,0.5039049983024597,0.617234468460083,445,0.0,0.0,0.9454212784767151,0.0,0.0,0.5039049983024597,1.0034862747295112,2,-0.028090107136660724,0.17538491429058034,2 * sqrt(2) * median posterior synergy_sd,0.029974873508001976,0.10641113471242601,1696,0.08655882909210293,0.017485370680435992,0.13223226036197064,0.4156514082257602,848,0.13519859591981132,0.22019047232295716,0.2200987637388758,0.0,,,0.14230543775947893,289,0.3408018867924528,0.5,0.5,"{'0.00': {'n': 847, 'accuracy': 0.5}, '0.05': {'n': 445, 'accuracy': 0.5}, '0.10': {'n': 363, 'accuracy': 0.5}, '0.15': {'n': 273, 'accuracy': 0.5}, '0.20': {'n': 222, 'accuracy': 0.5}, '0.30': {'n': 126, 'accuracy': 0.5}}",0.0,0.11009523616147858,0.0,False,False,0.4,0,1683,297,848,637,22,33.0,52,0,22,33.0,order-insensitive,0.03
initvar,A375,0.4,order_insensitive,0,3,False,100,3366,594,1696,34224,32423,201,86,2,0.503314733505249,0.6164918541908264,490,0.0,0.0,0.9322594404220581,0.0,0.0,0.5045570135116577,1.0024681971810303,2,-0.028090107136660724,0.17538491429058034,2 * sqrt(2) * median posterior synergy_sd,0.029974873508001976,0.10641113471242601,1696,0.08654753723262601,0.017456622699127428,0.13212351304414907,0.4166121452156146,848,0.13519859591981132,0.22019047232295716,0.2200987637388758,0.0,,,0.14230543775947893,289,0.3408018867924528,0.5,0.5,"{'0.00': {'n': 847, 'accuracy': 0.5}, '0.05': {'n': 445, 'accuracy': 0.5}, '0.10': {'n': 363, 'accuracy': 0.5}, '0.15': {'n': 273, 'accuracy': 0.5}, '0.20': {'n': 222, 'accuracy': 0.5}, '0.30': {'n': 126, 'accuracy': 0.5}}",0.0,0.11009523616147858,0.0,False,False,0.4,0,1683,297,848,637,22,33.0,52,0,22,33.0,order-insensitive,0.03
initvar,A375,0.4,order_insensitive,1,0,False,100,3366,594,1858,34224,32423,201,86,2,0.5074602365493774,0.5923392176628113,410,0.0,0.0,1.0244770050048828,0.0,0.0,0.5074602365493774,1.0004488863036798,2,-0.03424886740582294,0.177545009964686,2 * sqrt(2) * median posterior synergy_sd,0.0369398733467773,0.12482587575964227,1858,0.09029662050683304,0.017753812305790425,0.13324343250528495,0.518738190249859,929,0.14835670026910655,0.22677428445349257,0.2252608861678265,0.0,,,0.14230543775947893,359,0.38643702906350913,0.5,0.5,"{'0.00': {'n': 929, 'accuracy': 0.5}, '0.05': {'n': 541, 'accuracy': 0.5}, '0.10': {'n': 439, 'accuracy': 0.5}, '0.15': {'n': 345, 'accuracy': 0.5}, '0.20': {'n': 276, 'accuracy': 0.5}, '0.30': {'n': 157, 'accuracy': 0.5}}",0.0,0.11338714222674628,0.0,False,False,0.4,1,1683,297,929,556,24,34.0,45,0,24,34.0,order-insensitive,0.03
initvar,A375,0.4,order_insensitive,1,1,False,100,3366,594,1858,34224,32423,201,86,2,0.5087822675704956,0.5926042199134827,345,0.0,0.0,1.015500783920288,0.0,0.0,0.6947576403617859,1.3655303744750145,2,-0.03424886740582294,0.177545009964686,2 * sqrt(2) * median posterior synergy_sd,0.0369398733467773,0.12482587575964227,1858,0.09047415028344677,0.01782314310621206,0.1335033449251818,0.5168588042392579,929,0.14835670026910655,0.22677428445349257,0.2252608861678265,0.0,,,0.14230543775947893,359,0.38643702906350913,0.5,0.5,"{'0.00': {'n': 929, 'accuracy': 0.5}, '0.05': {'n': 541, 'accuracy': 0.5}, '0.10': {'n': 439, 'accuracy': 0.5}, '0.15': {'n': 345, 'accuracy': 0.5}, '0.20': {'n': 276, 'accuracy': 0.5}, '0.30': {'n': 157, 'accuracy': 0.5}}",0.0,0.11338714222674628,0.0,False,False,0.4,1,1683,297,929,556,24,34.0,45,0,24,34.0,order-insensitive,0.03
initvar,A375,0.4,order_insensitive,1,2,False,100,3366,594,1858,34224,32423,201,86,2,0.5097599029541016,0.591758668422699,30,0.0,0.0,0.5864323973655701,0.0,0.0,0.5165917277336121,1.0134020442563636,2,-0.03424886740582294,0.177545009964686,2 * sqrt(2) * median posterior synergy_sd,0.0369398733467773,0.12482587575964227,1858,0.09025921878825482,0.01781226807661368,0.13346260928295114,0.5171535993139977,929,0.14835670026910655,0.22677428445349257,0.2252608861678265,0.0,,,0.14230543775947893,359,0.38643702906350913,0.5,0.5,"{'0.00': {'n': 929, 'accuracy': 0.5}, '0.05': {'n': 541, 'accuracy': 0.5}, '0.10': {'n': 439, 'accuracy': 0.5}, '0.15': {'n': 345, 'accuracy': 0.5}, '0.20': {'n': 276, 'accuracy': 0.5}, '0.30': {'n': 157, 'accuracy': 0.5}}",0.0,0.11338714222674628,0.0,False,False,0.4,1,1683,297,929,556,24,34.0,45,0,24,34.0,order-insensitive,0.03
initvar,A375,0.4,order_insensitive,1,3,False,100,3366,594,1858,34224,32423,201,86,2,0.5066952705383301,0.5927388072013855,365,0.0,0.0,1.0361104011535645,0.0,0.0,0.5066952705383301,1.0000935278603025,2,-0.03424886740582294,0.177545009964686,2 * sqrt(2) * median posterior synergy_sd,0.0369398733467773,0.12482587575964227,1858,0.09015976990301651,0.01771235034434192,0.1330877542989659,0.5198621211700925,929,0.14835670026910655,0.22677428445349257,0.2252608861678265,0.0,,,0.14230543775947893,359,0.38643702906350913,0.5,0.5,"{'0.00': {'n': 929, 'accuracy': 0.5}, '0.05': {'n': 541, 'accuracy': 0.5}, '0.10': {'n': 439, 'accuracy': 0.5}, '0.15': {'n': 345, 'accuracy': 0.5}, '0.20': {'n': 276, 'accuracy': 0.5}, '0.30': {'n': 157, 'accuracy': 0.5}}",0.0,0.11338714222674628,0.0,False,False,0.4,1,1683,297,929,556,24,34.0,45,0,24,34.0,order-insensitive,0.03
initvar,A375,0.4,structured,0,0,False,100,3366,594,1696,34347,32546,201,48,4,0.15091678500175476,0.32770249247550964,545,0.5000221729278564,0.5052526593208313,1.098641037940979,0.020632609724998474,0.45988875517316546,0.15091678500175476,1.1083863859122585,0,-0.028090107136660724,0.17538491429058034,2 * sqrt(2) * median posterior synergy_sd,0.029974873508001976,0.10641113471242601,1696,0.061091917819179525,0.008197117852404564,0.09053793598489289,0.726058179651891,848,0.09032151103697908,0.12780342138758294,0.2200987637388758,0.18165205419063568,0.8142260762752929,0.739611979641618,0.14230543775947893,289,0.3408018867924528,0.9307958477508651,0.9309090032774243,"{'0.00': {'n': 847, 'accuracy': 0.7697756788665879}, '0.05': {'n': 445, 'accuracy': 0.8741573033707866}, '0.10': {'n': 363, 'accuracy': 0.9008264462809917}, '0.15': {'n': 273, 'accuracy': 0.9304029304029304}, '0.20': {'n': 222, 'accuracy': 0.9684684684684685}, '0.30': {'n': 126, 'accuracy': 0.9920634920634921}}",0.09089548885822296,0.11009523616147858,0.8256078285249779,True,False,0.4,0,1683,297,848,637,22,33.0,52,0,22,33.0,structured,0.01
initvar,A375,0.4,structured,0,1,False,100,3366,594,1696,34347,32546,201,48,4,0.1490342915058136,0.32719719409942627,610,0.5007240176200867,0.5058768391609192,1.096682071685791,0.02026798203587532,0.46127939192376743,0.15014305710792542,1.0074396676825788,0,-0.028090107136660724,0.17538491429058034,2 * sqrt(2) * median posterior synergy_sd,0.029974873508001976,0.10641113471242601,1696,0.060928751462817975,0.008170107314804278,0.09038864593965482,0.7269608525147233,848,0.09037303223315189,0.12793225419016185,0.2200987637388758,0.1817733645439148,0.813823060196878,0.7391373907414371,0.14230543775947893,289,0.3408018867924528,0.9273356401384083,0.9277038750722961,"{'0.00': {'n': 847, 'accuracy': 0.7650531286894924}, '0.05': {'n': 445, 'accuracy': 0.8696629213483146}, '0.10': {'n': 363, 'accuracy': 0.8953168044077136}, '0.15': {'n': 273, 'accuracy': 0.9267399267399268}, '0.20': {'n': 222, 'accuracy': 0.963963963963964}, '0.30': {'n': 126, 'accuracy': 0.9841269841269841}}",0.09095725417137146,0.11009523616147858,0.8261688456525302,True,False,0.4,0,1683,297,848,637,22,33.0,52,0,22,33.0,structured,0.01
initvar,A375,0.4,structured,0,2,False,100,3366,594,1696,34347,32546,201,48,4,0.1505291610956192,0.3279762268066406,595,0.5008531212806702,0.506500244140625,1.1153761148452759,0.020262526348233223,0.45410712798963454,0.15263886749744415,1.0140152671181422,0,-0.028090107136660724,0.17538491429058034,2 * sqrt(2) * median posterior synergy_sd,0.029974873508001976,0.10641113471242601,1696,0.06110774764740244,0.008197964005872357,0.0905426087865396,0.7260299018077225,848,0.09055629043469011,0.12808961007831302,0.2200987637388758,0.1819661259651184,0.8133311221776581,0.7393954166011697,0.14230543775947893,289,0.3408018867924528,0.9273356401384083,0.9277038750722961,"{'0.00': {'n': 847, 'accuracy': 0.768595041322314}, '0.05': {'n': 445, 'accuracy': 0.8719101123595505}, '0.10': {'n': 363, 'accuracy': 0.8980716253443526}, '0.15': {'n': 273, 'accuracy': 0.9267399267399268}, '0.20': {'n': 222, 'accuracy': 0.963963963963964}, '0.30': {'n': 126, 'accuracy': 0.9841269841269841}}",0.09105125069618225,0.11009523616147858,0.8270226203306,True,False,0.4,0,1683,297,848,637,22,33.0,52,0,22,33.0,structured,0.01
initvar,A375,0.4,structured,0,3,False,100,3366,594,1696,34347,32546,201,48,4,0.16307774186134338,0.32655876874923706,180,0.4857249855995178,0.48470309376716614,0.7246639728546143,0.04029456526041031,0.6688660012416675,0.16307774186134338,1.0886485710045246,0,-0.028090107136660724,0.17538491429058034,2 * sqrt(2) * median posterior synergy_sd,0.029974873508001976,0.10641113471242601,1696,0.06193857438227303,0.008214834226326686,0.09063572268331448,0.7254661110968721,848,0.08930563593886151,0.12570455552254411,0.2200987637388758,0.18018744885921478,0.8208825360724304,0.7444225915730076,0.14230543775947893,289,0.3408018867924528,0.9342560553633218,0.9352226720647774,"{'0.00': {'n': 847, 'accuracy': 0.7662337662337663}, '0.05': {'n': 445, 'accuracy': 0.8764044943820225}, '0.10': {'n': 363, 'accuracy': 0.9035812672176309}, '0.15': {'n': 273, 'accuracy': 0.9340659340659341}, '0.20': {'n': 222, 'accuracy': 0.972972972972973}, '0.30': {'n': 126, 'accuracy': 0.9920634920634921}}",0.09017314016819,0.11009523616147858,0.8190467027649725,True,False,0.4,0,1683,297,848,637,22,33.0,52,0,22,33.0,structured,0.01
initvar,A375,0.4,structured,1,0,False,100,3366,594,1858,34347,32546,201,48,4,0.13614609837532043,0.28199270367622375,1365,0.5196261405944824,0.5159671306610107,1.1614934206008911,0.01788507029414177,0.444227338278058,0.13930606842041016,1.0232101403036793,0,-0.03424886740582294,0.177545009964686,2 * sqrt(2) * median posterior synergy_sd,0.0369398733467773,0.12482587575964227,1858,0.05954502606897457,0.007284024013251428,0.085346493854472,0.802548178469954,929,0.08855215574471183,0.12116583647707255,0.2252608861678265,0.18543754518032074,0.8433363884455338,0.7530487469033287,0.14230543775947893,359,0.38643702906350913,0.935933147632312,0.9364192391443575,"{'0.00': {'n': 929, 'accuracy': 0.7739504843918191}, '0.05': {'n': 541, 'accuracy': 0.8650646950092421}, '0.10': {'n': 439, 'accuracy': 0.9020501138952164}, '0.15': {'n': 345, 'accuracy': 0.9391304347826087}, '0.20': {'n': 276, 'accuracy': 0.9601449275362319}, '0.30': {'n': 157, 'accuracy': 0.9872611464968153}}",0.0934608057141304,0.11338714222674628,0.8242628209751672,True,False,0.4,1,1683,297,929,556,24,34.0,45,0,24,34.0,structured,0.01
initvar,A375,0.4,structured,1,1,False,100,3366,594,1858,34347,32546,201,48,4,0.13184310495853424,0.287545770406723,675,0.5233833193778992,0.5232576727867126,1.1590301990509033,0.01764628477394581,0.4514616385450469,0.1551043540239334,1.176431289847998,0,-0.03424886740582294,0.177545009964686,2 * sqrt(2) * median posterior synergy_sd,0.0369398733467773,0.12482587575964227,1858,0.060307599168324476,0.007478443048720898,0.086477991701478,0.797277960713433,929,0.08874807663165009,0.12213521906188572,0.2252608861678265,0.18792369961738586,0.8403377591192753,0.7623558977742283,0.14230543775947893,359,0.38643702906350913,0.9331476323119777,0.935058281029845,"{'0.00': {'n': 929, 'accuracy': 0.7696447793326158}, '0.05': {'n': 541, 'accuracy': 0.8613678373382625}, '0.10': {'n': 439, 'accuracy': 0.89749430523918}, '0.15': {'n': 345, 'accuracy': 0.936231884057971}, '0.20': {'n': 276, 'accuracy': 0.9601449275362319}, '0.30': {'n': 157, 'accuracy': 0.9872611464968153}}",0.09471511095762253,0.11338714222674628,0.8353249680481027,True,False,0.4,1,1683,297,929,556,24,34.0,45,0,24,34.0,structured,0.01
initvar,A375,0.4,structured,1,2,False,100,3366,594,1858,34347,32546,201,48,4,0.13189423084259033,0.2874685227870941,950,0.5234337449073792,0.5231812000274658,1.1602144241333008,0.01759418472647667,0.4509349212912008,0.15342970192432404,1.1632783401075009,0,-0.03424886740582294,0.177545009964686,2 * sqrt(2) * median posterior synergy_sd,0.0369398733467773,0.12482587575964227,1858,0.0602876204364916,0.007473195922362972,0.08644764844900625,0.7974201972924567,929,0.08871740133195039,0.12208298316781337,0.2252608861678265,0.18787840008735657,0.8404910369815656,0.7623749657255818,0.14230543775947893,359,0.38643702906350913,0.9331476323119777,0.935058281029845,"{'0.00': {'n': 929, 'accuracy': 0.7707212055974165}, '0.05': {'n': 541, 'accuracy': 0.8613678373382625}, '0.10': {'n': 439, 'accuracy': 0.89749430523918}, '0.15': {'n': 345, 'accuracy': 0.936231884057971}, '0.20': {'n': 276, 'accuracy': 0.9601449275362319}, '0.30': {'n': 157, 'accuracy': 0.9872611464968153}}",0.09469141811132431,0.11338714222674628,0.8351160127306574,True,False,0.4,1,1683,297,929,556,24,34.0,45,0,24,34.0,structured,0.01
initvar,A375,0.4,structured,1,3,False,100,3366,594,1858,34347,32546,201,48,4,0.1364051252603531,0.28185635805130005,1420,0.5187477469444275,0.5150743126869202,1.1617674827575684,0.018157336860895157,0.44335404487681224,0.13684481382369995,1.0032234020716424,0,-0.03424886740582294,0.177545009964686,2 * sqrt(2) * median posterior synergy_sd,0.0369398733467773,0.12482587575964227,1858,0.059530277789348274,0.00728431303359467,0.08534818705511366,0.8025403438454211,929,0.08857242363770565,0.12119880077944532,0.2252608861678265,0.18520979583263397,0.8432639534960964,0.7529527036978056,0.14230543775947893,359,0.38643702906350913,0.935933147632312,0.9364192391443575,"{'0.00': {'n': 929, 'accuracy': 0.7728740581270183}, '0.05': {'n': 541, 'accuracy': 0.8650646950092421}, '0.10': {'n': 439, 'accuracy': 0.9020501138952164}, '0.15': {'n': 345, 'accuracy': 0.9391304347826087}, '0.20': {'n': 276, 'accuracy': 0.9601449275362319}, '0.30': {'n': 157, 'accuracy': 0.9872611464968153}}",0.093349888920784,0.11338714222674628,0.8232846078271139,True,False,0.4,1,1683,297,929,556,24,34.0,45,0,24,34.0,structured,0.01
initvar,A375,0.4,unrestricted,0,0,False,100,3366,594,1696,34224,32423,201,86,1,0.1508670449256897,0.3168289363384247,250,0.4896945357322693,0.4963993728160858,0.6472176313400269,0.025471806526184082,0.7669744283515878,0.1597100794315338,1.0586147525471834,0,-0.028090107136660724,0.17538491429058034,2 * sqrt(2) * median posterior synergy_sd,0.029974873508001976,0.10641113471242601,1696,0.0613397443538222,0.008252869440251893,0.09084530499839766,0.7241950014303269,848,0.08891992479684707,0.1270468285928785,0.2200987637388758,0.1787487119436264,0.8166435375977478,0.7346853229806032,0.14230543775947893,289,0.3408018867924528,0.9342560553633218,0.934668401773665,"{'0.00': {'n': 847, 'accuracy': 0.768595041322314}, '0.05': {'n': 445, 'accuracy': 0.8719101123595505}, '0.10': {'n': 363, 'accuracy': 0.9035812672176309}, '0.15': {'n': 273, 'accuracy': 0.9340659340659341}, '0.20': {'n': 222, 'accuracy': 0.9684684684684685}, '0.30': {'n': 126, 'accuracy': 0.9920634920634921}}",0.08947023004293442,0.11009523616147858,0.8126621383663403,True,False,0.4,0,1683,297,848,637,22,33.0,52,0,22,33.0,unrestricted,0.03
initvar,A375,0.4,unrestricted,0,1,False,100,3366,594,1696,34224,32423,201,86,1,0.1541958749294281,0.3178299069404602,225,0.48934313654899597,0.49617671966552734,0.6512010097503662,0.024929095059633255,0.7619409556132807,0.1541958749294281,1.011568324810493,0,-0.028090107136660724,0.17538491429058034,2 * sqrt(2) * median posterior synergy_sd,0.029974873508001976,0.10641113471242601,1696,0.062066899903505626,0.008383489452578682,0.09156139717467554,0.7198297739692874,848,0.08922513975714731,0.1273936610276419,0.2200987637388758,0.17852576076984406,0.8155174255090942,0.7337238460525468,0.14230543775947893,289,0.3408018867924528,0.9342560553633218,0.9352226720647774,"{'0.00': {'n': 847, 'accuracy': 0.7638724911452184}, '0.05': {'n': 445, 'accuracy': 0.8696629213483146}, '0.10': {'n': 363, 'accuracy': 0.9035812672176309}, '0.15': {'n': 273, 'accuracy': 0.9340659340659341}, '0.20': {'n': 222, 'accuracy': 0.9684684684684685}, '0.30': {'n': 126, 'accuracy': 0.9920634920634921}}",0.08935423195362091,0.11009523616147858,0.8116085224846924,True,False,0.4,0,1683,297,848,637,22,33.0,52,0,22,33.0,unrestricted,0.03
initvar,A375,0.4,unrestricted,0,2,False,100,3366,594,1696,34224,32423,201,86,1,0.15096528828144073,0.31724676489830017,255,0.4914468228816986,0.4992595613002777,0.6641943454742432,0.024877389892935753,0.7516769221270622,0.1540246307849884,1.020265204924752,0,-0.028090107136660724,0.17538491429058034,2 * sqrt(2) * median posterior synergy_sd,0.029974873508001976,0.10641113471242601,1696,0.061781036438790224,0.008359125310108812,0.09142825225338616,0.7206440061981749,848,0.08904722875828604,0.1272772439648293,0.2200987637388758,0.17947286367416382,0.815885386238191,0.7343329578918012,0.14230543775947893,289,0.3408018867924528,0.9342560553633218,0.934668401773665,"{'0.00': {'n': 847, 'accuracy': 0.768595041322314}, '0.05': {'n': 445, 'accuracy': 0.8696629213483146}, '0.10': {'n': 363, 'accuracy': 0.9035812672176309}, '0.15': {'n': 273, 'accuracy': 0.9340659340659341}, '0.20': {'n': 222, 'accuracy': 0.9684684684684685}, '0.30': {'n': 126, 'accuracy': 0.9920634920634921}}",0.08982958644628525,0.11009523616147858,0.815926188800128,True,False,0.4,0,1683,297,848,637,22,33.0,52,0,22,33.0,unrestricted,0.03
initvar,A375,0.4,unrestricted,0,3,False,100,3366,594,1696,34224,32423,201,86,1,0.15968471765518188,0.3191467225551605,265,0.4811902940273285,0.4880002439022064,0.7441951632499695,0.03175650164484978,0.6557422944957932,0.15968471765518188,1.0388650781025137,0,-0.028090107136660724,0.17538491429058034,2 * sqrt(2) * median posterior synergy_sd,0.029974873508001976,0.10641113471242601,1696,0.06101084642418902,0.008160837632137043,0.09033735457792111,0.7272706386846473,848,0.08863589761152131,0.12644399093497855,0.2200987637388758,0.17675429582595825,0.8187059077949856,0.7373072805404657,0.14230543775947893,289,0.3408018867924528,0.9377162629757786,0.9384278002699056,"{'0.00': {'n': 847, 'accuracy': 0.7615112160566706}, '0.05': {'n': 445, 'accuracy': 0.8696629213483146}, '0.10': {'n': 363, 'accuracy': 0.9035812672176309}, '0.15': {'n': 273, 'accuracy': 0.9377289377289377}, '0.20': {'n': 222, 'accuracy': 0.9684684684684685}, '0.30': {'n': 126, 'accuracy': 0.9920634920634921}}",0.08847232908010483,0.11009523616147858,0.803598158873477,True,False,0.4,0,1683,297,848,637,22,33.0,52,0,22,33.0,unrestricted,0.03
initvar,A375,0.4,unrestricted,1,0,False,100,3366,594,1858,34224,32423,201,86,1,0.08187083154916763,0.27719298005104065,650,0.5422360897064209,0.5324695110321045,0.8370611071586609,0.013259608298540115,0.6361178490773882,0.08187083154916763,1.051876675847021,0,-0.03424886740582294,0.177545009964686,2 * sqrt(2) * median posterior synergy_sd,0.0369398733467773,0.12482587575964227,1858,0.06076281255323715,0.007797668082907285,0.08830440579556201,0.7886245619377806,929,0.09077714236382545,0.12608008708234192,0.2252608861678265,0.18977971374988556,0.8288387963039494,0.7506251713720902,0.14230543775947893,359,0.38643702906350913,0.924791086350975,0.9229057256308442,"{'0.00': {'n': 929, 'accuracy': 0.7664155005382132}, '0.05': {'n': 541, 'accuracy': 0.8558225508317929}, '0.10': {'n': 439, 'accuracy': 0.8997722095671982}, '0.15': {'n': 345, 'accuracy': 0.927536231884058}, '0.20': {'n': 276, 'accuracy': 0.9528985507246377}, '0.30': {'n': 157, 'accuracy': 0.9808917197452229}}",0.09567223489284515,0.11338714222674628,0.8437661714899235,True,False,0.4,1,1683,297,929,556,24,34.0,45,0,24,34.0,unrestricted,0.03
initvar,A375,0.4,unrestricted,1,1,False,100,3366,594,1858,34224,32423,201,86,1,0.08375386893749237,0.2763444781303406,650,0.5412783026695251,0.5312209725379944,0.7957242131233215,0.013034919276833534,0.6675943295138433,0.08375386893749237,1.0819601159300662,0,-0.03424886740582294,0.177545009964686,2 * sqrt(2) * median posterior synergy_sd,0.0369398733467773,0.12482587575964227,1858,0.061645239903301376,0.007841149269239026,0.08855026408339517,0.7874458948400513,929,0.0908468925700092,0.1260161941882074,0.2252608861678265,0.1893308311700821,0.8289958722213497,0.7513167363330383,0.14230543775947893,359,0.38643702906350913,0.9331476323119777,0.9320321506340463,"{'0.00': {'n': 929, 'accuracy': 0.7717976318622174}, '0.05': {'n': 541, 'accuracy': 0.8613678373382625}, '0.10': {'n': 439, 'accuracy': 0.9066059225512528}, '0.15': {'n': 345, 'accuracy': 0.936231884057971}, '0.20': {'n': 276, 'accuracy': 0.9601449275362319}, '0.30': {'n': 157, 'accuracy': 0.9872611464968153}}",0.0954524353146553,0.11338714222674628,0.8418276838106917,True,False,0.4,1,1683,297,929,556,24,34.0,45,0,24,34.0,unrestricted,0.03
initvar,A375,0.4,unrestricted,1,2,False,100,3366,594,1858,34224,32423,201,86,1,0.07705065608024597,0.2772010266780853,935,0.5451574325561523,0.5344507098197937,0.8068036437034607,0.011908001266419888,0.6624297175537176,0.07733789831399918,1.0037279660987448,0,-0.03424886740582294,0.177545009964686,2 * sqrt(2) * median posterior synergy_sd,0.0369398733467773,0.12482587575964227,1858,0.06132309854585166,0.007905949866641932,0.08891540848830383,0.7856893113952189,929,0.09141329688250029,0.12718043429374112,0.2252608861678265,0.19034859538078308,0.8256260916658176,0.7456811838533666,0.14230543775947893,359,0.38643702906350913,0.9303621169916435,0.9296624823876009,"{'0.00': {'n': 929, 'accuracy': 0.7685683530678149}, '0.05': {'n': 541, 'accuracy': 0.8576709796672828}, '0.10': {'n': 439, 'accuracy': 0.908883826879271}, '0.15': {'n': 345, 'accuracy': 0.9333333333333333}, '0.20': {'n': 276, 'accuracy': 0.9565217391304348}, '0.30': {'n': 157, 'accuracy': 0.9808917197452229}}",0.09596718102693558,0.11338714222674628,0.8463674023552415,True,False,0.4,1,1683,297,929,556,24,34.0,45,0,24,34.0,unrestricted,0.03
initvar,A375,0.4,unrestricted,1,3,False,100,3366,594,1858,34224,32423,201,86,1,0.08229216188192368,0.27549344301223755,685,0.5416296720504761,0.5322136878967285,0.8406166434288025,0.013399509713053703,0.633122948560565,0.08229216188192368,1.0683831693092183,0,-0.03424886740582294,0.177545009964686,2 * sqrt(2) * median posterior synergy_sd,0.0369398733467773,0.12482587575964227,1858,0.061523791884091995,0.007851751094080718,0.08861010717791011,0.7871585056685266,929,0.0907518102289787,0.1261347751154108,0.2252608861678265,0.1897209882736206,0.8286761591145357,0.7496910662606819,0.14230543775947893,359,0.38643702906350913,0.924791086350975,0.9218970154989112,"{'0.00': {'n': 929, 'accuracy': 0.7664155005382132}, '0.05': {'n': 541, 'accuracy': 0.8576709796672828}, '0.10': {'n': 439, 'accuracy': 0.8997722095671982}, '0.15': {'n': 345, 'accuracy': 0.927536231884058}, '0.20': {'n': 276, 'accuracy': 0.9565217391304348}, '0.30': {'n': 157, 'accuracy': 0.9872611464968153}}",0.09563861042261124,0.11338714222674628,0.8434696257831212,True,False,0.4,1,1683,297,929,556,24,34.0,45,0,24,34.0,unrestricted,0.03
