role,entity,n_rows,usable,mse_base,mse_pair,incremental,true_sd,bucket,contrast,fold_key,max_similarity_to_train,incremental_blind,key,block,screen,endpoint,representation,partition,fold,tag
acid,4,34,True,2.8541159641883005,2.742097753315299,0.0392479535795102,1.048192899557871,test_e1a,primary,p0f1,0.5882352941176471,0.0165898229574216,positive/all/chemistry/yield/shuffled_both/k5/p0f1/scale0.25_shuffled_both,positive,all,yield,shuffled_both,0,1,scale0.25_shuffled_both
acid,5,20,True,1.149787472120385,1.0529485444509974,0.0842233282389149,1.537335389614641,test_e1a,primary,p0f1,0.5689655172413793,0.0140428956972277,positive/all/chemistry/yield/shuffled_both/k5/p0f1/scale0.25_shuffled_both,positive,all,yield,shuffled_both,0,1,scale0.25_shuffled_both
acid,11,30,True,2.5165486288491024,2.3846184616231865,0.0524250418662689,1.3311505507450494,test_e1a,primary,p0f1,0.4545454545454545,0.0259322931141329,positive/all/chemistry/yield/shuffled_both/k5/p0f1/scale0.25_shuffled_both,positive,all,yield,shuffled_both,0,1,scale0.25_shuffled_both
acid,12,21,True,0.9383756089290898,0.9097360579431912,0.0305203489022729,1.4252713248091886,test_e1a,primary,p0f1,0.3636363636363636,0.0105584497713151,positive/all/chemistry/yield/shuffled_both/k5/p0f1/scale0.25_shuffled_both,positive,all,yield,shuffled_both,0,1,scale0.25_shuffled_both
acid,18,92,True,2.952644522163024,2.8386023794406485,0.0386237292929632,1.5487993403577935,test_e1a,primary,p0f1,0.4318181818181818,0.0326530523811622,positive/all/chemistry/yield/shuffled_both/k5/p0f1/scale0.25_shuffled_both,positive,all,yield,shuffled_both,0,1,scale0.25_shuffled_both
acid,31,2,False,0.4520066947653191,0.5190141687464374,-0.1482444281404025,0.4497543329488203,test_e1a,primary,p0f1,0.4347826086956521,0.3836977112402336,positive/all/chemistry/yield/shuffled_both/k5/p0f1/scale0.25_shuffled_both,positive,all,yield,shuffled_both,0,1,scale0.25_shuffled_both
acid,33,12,True,2.6128686734697286,2.519149781463586,0.0358681984126243,2.054088766391194,test_e1a,primary,p0f1,0.6521739130434783,-0.0002983925451935,positive/all/chemistry/yield/shuffled_both/k5/p0f1/scale0.25_shuffled_both,positive,all,yield,shuffled_both,0,1,scale0.25_shuffled_both
acid,35,2,False,8.462612322744935,8.661479871265666,-0.0234995461137024,1.4413594184848828,test_e1a,primary,p0f1,0.6153846153846154,-0.087372288549324,positive/all/chemistry/yield/shuffled_both/k5/p0f1/scale0.25_shuffled_both,positive,all,yield,shuffled_both,0,1,scale0.25_shuffled_both
acid,38,31,True,1.048514839141884,1.062576530496202,-0.0134110561237512,1.3695668074025855,test_e1a,primary,p0f1,0.6888888888888889,-0.0139887073913973,positive/all/chemistry/yield/shuffled_both/k5/p0f1/scale0.25_shuffled_both,positive,all,yield,shuffled_both,0,1,scale0.25_shuffled_both
acid,43,33,True,3.139580697841726,2.980640623444111,0.0506246182832238,1.334111069586225,test_e1a,primary,p0f1,0.5833333333333334,0.0405906106443499,positive/all/chemistry/yield/shuffled_both/k5/p0f1/scale0.25_shuffled_both,positive,all,yield,shuffled_both,0,1,scale0.25_shuffled_both
acid,51,2,False,1.280414188819459,1.394715536934863,-0.0892690420908173,1.448668540092399,test_e1a,primary,p0f1,0.4,0.0649144107150088,positive/all/chemistry/yield/shuffled_both/k5/p0f1/scale0.25_shuffled_both,positive,all,yield,shuffled_both,0,1,scale0.25_shuffled_both
acid,52,36,True,3.134615482107928,2.9730889723284672,0.0515299278975165,1.315662819383551,test_e1a,primary,p0f1,0.6041666666666666,0.0203859200730359,positive/all/chemistry/yield/shuffled_both/k5/p0f1/scale0.25_shuffled_both,positive,all,yield,shuffled_both,0,1,scale0.25_shuffled_both
acid,53,9,True,0.7880615856102913,0.7698607311205122,0.0230957260474559,1.4084383539199627,test_e1a,primary,p0f1,0.6666666666666666,-0.0275405862819249,positive/all/chemistry/yield/shuffled_both/k5/p0f1/scale0.25_shuffled_both,positive,all,yield,shuffled_both,0,1,scale0.25_shuffled_both
acid,62,41,True,2.018125224758842,1.9474512391249084,0.0350196235431223,1.392711350987421,test_e1a,primary,p0f1,0.603448275862069,-0.0332482292189328,positive/all/chemistry/yield/shuffled_both/k5/p0f1/scale0.25_shuffled_both,positive,all,yield,shuffled_both,0,1,scale0.25_shuffled_both
acid,68,59,True,1.2710493360147048,1.328944331270212,-0.0455489756495475,1.4226968043119033,test_e1a,primary,p0f1,0.3148148148148148,-0.0191269727462122,positive/all/chemistry/yield/shuffled_both/k5/p0f1/scale0.25_shuffled_both,positive,all,yield,shuffled_both,0,1,scale0.25_shuffled_both
acid,69,30,True,8.668126055098178,9.003619435342904,-0.0387042571960989,1.3915888664214848,test_e1a,primary,p0f1,0.6666666666666666,-0.044081321139892,positive/all/chemistry/yield/shuffled_both/k5/p0f1/scale0.25_shuffled_both,positive,all,yield,shuffled_both,0,1,scale0.25_shuffled_both
acid,71,49,True,1.593845308480951,1.6098144767883351,-0.010019271144076,1.6227931007416776,test_e1a,primary,p0f1,0.3636363636363636,-0.0228413224257426,positive/all/chemistry/yield/shuffled_both/k5/p0f1/scale0.25_shuffled_both,positive,all,yield,shuffled_both,0,1,scale0.25_shuffled_both
acid,73,110,True,1.6732152795842945,1.701054763241679,-0.016638315461894,1.7090796963334722,test_e1a,primary,p0f1,0.2272727272727272,-0.0172623942975462,positive/all/chemistry/yield/shuffled_both/k5/p0f1/scale0.25_shuffled_both,positive,all,yield,shuffled_both,0,1,scale0.25_shuffled_both
acid,76,38,True,0.8444690299616218,0.8257026106430622,0.0222227442958002,1.2885618756099937,test_e1a,primary,p0f1,0.6382978723404256,0.0072617459392027,positive/all/chemistry/yield/shuffled_both/k5/p0f1/scale0.25_shuffled_both,positive,all,yield,shuffled_both,0,1,scale0.25_shuffled_both
acid,77,34,True,0.9570134776625372,0.9720655327630726,-0.0157281537322748,1.5419028969980375,test_e1a,primary,p0f1,0.3636363636363636,-0.0076456108597606,positive/all/chemistry/yield/shuffled_both/k5/p0f1/scale0.25_shuffled_both,positive,all,yield,shuffled_both,0,1,scale0.25_shuffled_both
acid,87,28,True,7.693766293591055,7.937424051579908,-0.0316695034253668,1.654091479738116,test_e1a,primary,p0f1,0.5609756097560976,-0.027366328550181,positive/all/chemistry/yield/shuffled_both/k5/p0f1/scale0.25_shuffled_both,positive,all,yield,shuffled_both,0,1,scale0.25_shuffled_both
acid,90,16,True,2.3561610538985853,2.550946951070098,-0.0826708755113379,1.1678864976992864,test_e1a,primary,p0f1,0.4814814814814814,-0.0355774847579428,positive/all/chemistry/yield/shuffled_both/k5/p0f1/scale0.25_shuffled_both,positive,all,yield,shuffled_both,0,1,scale0.25_shuffled_both
acid,91,8,True,1.975960244192266,2.1387427902529943,-0.082381488463231,1.8981394133224696,test_e1a,primary,p0f1,0.3243243243243243,-0.0017303194922471,positive/all/chemistry/yield/shuffled_both/k5/p0f1/scale0.25_shuffled_both,positive,all,yield,shuffled_both,0,1,scale0.25_shuffled_both
acid,107,14,True,4.516097485885507,4.770918846758191,-0.056425124052148,1.5778861108264892,test_e1a,primary,p0f1,0.2631578947368421,-0.0294636437733428,positive/all/chemistry/yield/shuffled_both/k5/p0f1/scale0.25_shuffled_both,positive,all,yield,shuffled_both,0,1,scale0.25_shuffled_both
acid,109,4,True,0.7729809327486907,0.8703833367574609,-0.1260088054984887,0.788474565864496,test_e1a,primary,p0f1,0.3333333333333333,-0.1003719073796671,positive/all/chemistry/yield/shuffled_both/k5/p0f1/scale0.25_shuffled_both,positive,all,yield,shuffled_both,0,1,scale0.25_shuffled_both
acid,111,10,True,2.197527630700551,2.183552020357994,0.0063596972103151,1.7090728514256766,test_e1a,primary,p0f1,0.2325581395348837,-0.0274506226521458,positive/all/chemistry/yield/shuffled_both/k5/p0f1/scale0.25_shuffled_both,positive,all,yield,shuffled_both,0,1,scale0.25_shuffled_both
acid,115,2,False,0.1117451422153529,0.1159483951174609,-0.0376146364734815,0.8087299748190141,test_e1a,primary,p0f1,0.4146341463414634,0.1298872900607356,positive/all/chemistry/yield/shuffled_both/k5/p0f1/scale0.25_shuffled_both,positive,all,yield,shuffled_both,0,1,scale0.25_shuffled_both
acid,124,96,True,1.5865599832493764,1.6681167867325202,-0.05140480306084,1.4764909887611877,test_e1a,primary,p0f1,0.4375,-0.0292816189403994,positive/all/chemistry/yield/shuffled_both/k5/p0f1/scale0.25_shuffled_both,positive,all,yield,shuffled_both,0,1,scale0.25_shuffled_both
acid,137,4,True,0.1594358415045785,0.1469650205482254,0.0782184284202809,0.5212085807884725,test_e1a,primary,p0f1,0.5490196078431373,0.1047149664792147,positive/all/chemistry/yield/shuffled_both/k5/p0f1/scale0.25_shuffled_both,positive,all,yield,shuffled_both,0,1,scale0.25_shuffled_both
acid,151,20,True,1.8659829172528355,1.9316992304657163,-0.0352180679711853,1.5050424667993834,test_e1a,primary,p0f1,0.4242424242424242,-0.0370508685997972,positive/all/chemistry/yield/shuffled_both/k5/p0f1/scale0.25_shuffled_both,positive,all,yield,shuffled_both,0,1,scale0.25_shuffled_both
acid,152,4,True,0.4375525156403233,0.4435716534542813,-0.0137563780319018,1.0934677147300824,test_e1a,primary,p0f1,0.7254901960784313,-0.0851507025155844,positive/all/chemistry/yield/shuffled_both/k5/p0f1/scale0.25_shuffled_both,positive,all,yield,shuffled_both,0,1,scale0.25_shuffled_both
acid,154,74,True,2.2718060836642473,2.1458052348447505,0.0554628538613063,1.5260879531289506,test_e1a,primary,p0f1,0.234375,0.0244643873170381,positive/all/chemistry/yield/shuffled_both/k5/p0f1/scale0.25_shuffled_both,positive,all,yield,shuffled_both,0,1,scale0.25_shuffled_both
acid,160,7,True,1.696655073729366,1.5434798876784352,0.0902806872314011,1.4999314238565793,test_e1a,primary,p0f1,0.4821428571428571,0.0173326249187357,positive/all/chemistry/yield/shuffled_both/k5/p0f1/scale0.25_shuffled_both,positive,all,yield,shuffled_both,0,1,scale0.25_shuffled_both
acid,161,10,True,0.5736525183144155,0.5962930927653647,-0.0394674018297256,1.1366245736691465,test_e1a,primary,p0f1,0.6274509803921569,0.0662770472933363,positive/all/chemistry/yield/shuffled_both/k5/p0f1/scale0.25_shuffled_both,positive,all,yield,shuffled_both,0,1,scale0.25_shuffled_both
acid,167,4,True,6.3318139272325,6.052905043321044,0.04404881241249,1.3383346944104657,test_e1a,primary,p0f1,0.6551724137931034,0.0639571094693018,positive/all/chemistry/yield/shuffled_both/k5/p0f1/scale0.25_shuffled_both,positive,all,yield,shuffled_both,0,1,scale0.25_shuffled_both
acid,177,57,True,5.6767746864003,5.338090556011226,0.0596613656695678,1.8328460769619803,test_e1a,primary,p0f1,0.7924528301886793,0.0261931078222082,positive/all/chemistry/yield/shuffled_both/k5/p0f1/scale0.25_shuffled_both,positive,all,yield,shuffled_both,0,1,scale0.25_shuffled_both
acid,179,28,True,2.260995774467753,2.1667499859964967,0.0416833103075754,1.273190958620735,test_e1a,primary,p0f1,0.7254901960784313,0.0389051164996607,positive/all/chemistry/yield/shuffled_both/k5/p0f1/scale0.25_shuffled_both,positive,all,yield,shuffled_both,0,1,scale0.25_shuffled_both
acid,180,10,True,8.57556526309146,8.348146597449889,0.0265193790338653,1.5784020181390863,test_e1a,primary,p0f1,0.7037037037037037,0.0397136600749364,positive/all/chemistry/yield/shuffled_both/k5/p0f1/scale0.25_shuffled_both,positive,all,yield,shuffled_both,0,1,scale0.25_shuffled_both
acid,181,38,True,1.9599175804884013,1.8623515334414984,0.0497806887484473,1.3919990748582791,test_e1a,primary,p0f1,0.6666666666666666,0.0234999636723901,positive/all/chemistry/yield/shuffled_both/k5/p0f1/scale0.25_shuffled_both,positive,all,yield,shuffled_both,0,1,scale0.25_shuffled_both
acid,185,37,True,3.6058526629572474,3.469987594254665,0.0376790405493595,1.566096740569827,test_e1a,primary,p0f1,0.6296296296296297,0.0270624906941819,positive/all/chemistry/yield/shuffled_both/k5/p0f1/scale0.25_shuffled_both,positive,all,yield,shuffled_both,0,1,scale0.25_shuffled_both
acid,187,75,True,5.874712021735695,5.61653895452099,0.0439465060175711,1.466112444953836,test_e1a,primary,p0f1,0.52,0.0330917852868486,positive/all/chemistry/yield/shuffled_both/k5/p0f1/scale0.25_shuffled_both,positive,all,yield,shuffled_both,0,1,scale0.25_shuffled_both
acid,192,45,True,1.153778699628131,1.127833242203811,0.0224873777204259,1.3662147001365184,test_e1a,primary,p0f1,0.3529411764705882,-0.0242408978114934,positive/all/chemistry/yield/shuffled_both/k5/p0f1/scale0.25_shuffled_both,positive,all,yield,shuffled_both,0,1,scale0.25_shuffled_both
acid,199,2,False,0.4572638185825325,0.4069383308681374,0.1100578827128694,0.3713218528392381,test_e1a,primary,p0f1,0.9565217391304348,0.0760421848620435,positive/all/chemistry/yield/shuffled_both/k5/p0f1/scale0.25_shuffled_both,positive,all,yield,shuffled_both,0,1,scale0.25_shuffled_both
acid,217,20,True,0.8405959959637821,0.777840868233422,0.0746555158859737,1.4896081415666838,test_e1a,primary,p0f1,0.3050847457627119,-0.0051791359101827,positive/all/chemistry/yield/shuffled_both/k5/p0f1/scale0.25_shuffled_both,positive,all,yield,shuffled_both,0,1,scale0.25_shuffled_both
acid,228,38,True,1.248306181933529,1.3404915007229752,-0.0738483235312175,1.3310852417817438,test_e1a,primary,p0f1,0.3611111111111111,-0.0349683453269835,positive/all/chemistry/yield/shuffled_both/k5/p0f1/scale0.25_shuffled_both,positive,all,yield,shuffled_both,0,1,scale0.25_shuffled_both
acid,237,6,True,2.006589639352714,2.0590531325699564,-0.0261456015661309,1.3523002824136738,test_e1a,primary,p0f1,0.4390243902439024,-0.056422164013792,positive/all/chemistry/yield/shuffled_both/k5/p0f1/scale0.25_shuffled_both,positive,all,yield,shuffled_both,0,1,scale0.25_shuffled_both
acid,242,8,True,1.5251276077969378,1.6477079921379625,-0.0803738544331336,1.1120596747478773,test_e1a,primary,p0f1,0.59375,-0.0496781386305689,positive/all/chemistry/yield/shuffled_both/k5/p0f1/scale0.25_shuffled_both,positive,all,yield,shuffled_both,0,1,scale0.25_shuffled_both
acid,246,10,True,0.772939527199706,0.8067125978937165,-0.0436943247246877,1.6020243282894728,test_e1a,primary,p0f1,0.3823529411764705,0.0274442684998144,positive/all/chemistry/yield/shuffled_both/k5/p0f1/scale0.25_shuffled_both,positive,all,yield,shuffled_both,0,1,scale0.25_shuffled_both
acid,247,10,True,2.175594416072968,2.0051962514013373,0.0783225786078297,1.5314096330146398,test_e1a,primary,p0f1,0.5,0.0370225284879935,positive/all/chemistry/yield/shuffled_both/k5/p0f1/scale0.25_shuffled_both,positive,all,yield,shuffled_both,0,1,scale0.25_shuffled_both
acid,251,21,True,1.308292167009765,1.296415957900592,0.0090776429062608,1.619275583864045,test_e1a,primary,p0f1,0.4516129032258064,0.0163079173419758,positive/all/chemistry/yield/shuffled_both/k5/p0f1/scale0.25_shuffled_both,positive,all,yield,shuffled_both,0,1,scale0.25_shuffled_both
acid,265,18,True,1.166898821033958,1.1499885963358152,0.0144915946381359,1.2782877659281449,test_e1a,primary,p0f1,0.3191489361702128,-0.0337556895407924,positive/all/chemistry/yield/shuffled_both/k5/p0f1/scale0.25_shuffled_both,positive,all,yield,shuffled_both,0,1,scale0.25_shuffled_both
acid,271,9,True,2.7576628603790336,2.554747964610557,0.0735821984202181,1.126104778294554,test_e1a,primary,p0f1,0.5172413793103449,-0.0227541639612554,positive/all/chemistry/yield/shuffled_both/k5/p0f1/scale0.25_shuffled_both,positive,all,yield,shuffled_both,0,1,scale0.25_shuffled_both
amine,3,29,True,2.2922799681308677,2.369964827627862,-0.033889778114817,1.2701965417277548,test_e1n,primary,p0f1,0.4078947368421052,-0.0416162064262104,positive/all/chemistry/yield/shuffled_both/k5/p0f1/scale0.25_shuffled_both,positive,all,yield,shuffled_both,0,1,scale0.25_shuffled_both
amine,4,10,True,1.1926639255271587,1.2517974925272903,-0.0495810812538783,1.6287302370383454,test_e1n,primary,p0f1,0.25,-0.0237937591280235,positive/all/chemistry/yield/shuffled_both/k5/p0f1/scale0.25_shuffled_both,positive,all,yield,shuffled_both,0,1,scale0.25_shuffled_both
amine,11,102,True,1.911793413058654,1.8487550730578,0.0329734057928359,1.5812037692060623,test_e1n,primary,p0f1,0.2647058823529412,0.017067199826803,positive/all/chemistry/yield/shuffled_both/k5/p0f1/scale0.25_shuffled_both,positive,all,yield,shuffled_both,0,1,scale0.25_shuffled_both
amine,17,10,True,0.6568723875720075,0.6578216786477725,-0.0014451681844533,1.4794678359134972,test_e1n,primary,p0f1,0.2131147540983606,0.0113232373526777,positive/all/chemistry/yield/shuffled_both/k5/p0f1/scale0.25_shuffled_both,positive,all,yield,shuffled_both,0,1,scale0.25_shuffled_both
amine,20,41,True,1.939452840455702,1.7668327353088682,0.0890045385719583,1.6443735941236637,test_e1n,primary,p0f1,0.4473684210526316,0.0179117706410751,positive/all/chemistry/yield/shuffled_both/k5/p0f1/scale0.25_shuffled_both,positive,all,yield,shuffled_both,0,1,scale0.25_shuffled_both
amine,27,19,True,0.6653773943446588,0.6972699846961792,-0.0479315808180287,1.479409611901504,test_e1n,primary,p0f1,0.4358974358974359,0.0194059686847366,positive/all/chemistry/yield/shuffled_both/k5/p0f1/scale0.25_shuffled_both,positive,all,yield,shuffled_both,0,1,scale0.25_shuffled_both
amine,30,10,True,1.268021772591409,1.2701945331137316,-0.0017135041126954,1.8898161950566064,test_e1n,primary,p0f1,0.24,0.0056296272415021,positive/all/chemistry/yield/shuffled_both/k5/p0f1/scale0.25_shuffled_both,positive,all,yield,shuffled_both,0,1,scale0.25_shuffled_both
amine,34,10,True,1.0180883820793754,0.9836982318080404,0.033779140275715,1.1605273485841818,test_e1n,primary,p0f1,0.3513513513513513,-0.005896974996336,positive/all/chemistry/yield/shuffled_both/k5/p0f1/scale0.25_shuffled_both,positive,all,yield,shuffled_both,0,1,scale0.25_shuffled_both
amine,38,7,True,3.0122015149315553,2.7918880997687068,0.0731403307749331,1.6901031125040766,test_e1n,primary,p0f1,0.4772727272727273,0.0155725483537373,positive/all/chemistry/yield/shuffled_both/k5/p0f1/scale0.25_shuffled_both,positive,all,yield,shuffled_both,0,1,scale0.25_shuffled_both
amine,41,37,True,1.6369775375280962,1.513999752616477,0.0751249067823622,1.6613434005776182,test_e1n,primary,p0f1,0.3809523809523809,0.0136410742005665,positive/all/chemistry/yield/shuffled_both/k5/p0f1/scale0.25_shuffled_both,positive,all,yield,shuffled_both,0,1,scale0.25_shuffled_both
amine,48,8,True,0.736276197507241,0.7384668370777054,-0.0029752959254707,1.4798976590291997,test_e1n,primary,p0f1,0.2592592592592592,0.0016447219115326,positive/all/chemistry/yield/shuffled_both/k5/p0f1/scale0.25_shuffled_both,positive,all,yield,shuffled_both,0,1,scale0.25_shuffled_both
amine,57,8,True,3.5185053167254647,3.44848390033477,0.019900898275709,1.374221745354837,test_e1n,primary,p0f1,0.44,0.019684001897664,positive/all/chemistry/yield/shuffled_both/k5/p0f1/scale0.25_shuffled_both,positive,all,yield,shuffled_both,0,1,scale0.25_shuffled_both
amine,59,34,True,4.57895203573682,4.845030947291028,-0.0581091283502366,1.8844697365085812,test_e1n,primary,p0f1,0.71875,-0.0232045070609532,positive/all/chemistry/yield/shuffled_both/k5/p0f1/scale0.25_shuffled_both,positive,all,yield,shuffled_both,0,1,scale0.25_shuffled_both
amine,60,10,True,2.2289952496715273,2.178128334232462,0.0228205580279101,2.1151594872510704,test_e1n,primary,p0f1,0.1724137931034483,0.0029140324471507,positive/all/chemistry/yield/shuffled_both/k5/p0f1/scale0.25_shuffled_both,positive,all,yield,shuffled_both,0,1,scale0.25_shuffled_both
amine,83,16,True,2.5231608075492424,2.483892476963822,0.0155631501836626,1.037792198788806,test_e1n,primary,p0f1,0.53125,0.044633997057163,positive/all/chemistry/yield/shuffled_both/k5/p0f1/scale0.25_shuffled_both,positive,all,yield,shuffled_both,0,1,scale0.25_shuffled_both
amine,85,10,True,1.0480811898311924,1.175893303995283,-0.1219486766904733,1.2755178992569072,test_e1n,primary,p0f1,0.238095238095238,-0.0293947125961167,positive/all/chemistry/yield/shuffled_both/k5/p0f1/scale0.25_shuffled_both,positive,all,yield,shuffled_both,0,1,scale0.25_shuffled_both
amine,87,1,False,1.8595149699177005,1.512828592108054,0.1864391432272203,,test_e1n,primary,p0f1,0.3414634146341463,0.1885341576951753,positive/all/chemistry/yield/shuffled_both/k5/p0f1/scale0.25_shuffled_both,positive,all,yield,shuffled_both,0,1,scale0.25_shuffled_both
amine,90,29,True,1.8661913532934231,1.7405570713638945,0.0673212217534989,0.9151210679451348,test_e1n,primary,p0f1,0.3414634146341463,0.0406192682339413,positive/all/chemistry/yield/shuffled_both/k5/p0f1/scale0.25_shuffled_both,positive,all,yield,shuffled_both,0,1,scale0.25_shuffled_both
amine,104,10,True,1.6218385791410572,1.4441297370531283,0.1095724595366606,1.2062935134824295,test_e1n,primary,p0f1,0.2564102564102564,0.0145790318939007,positive/all/chemistry/yield/shuffled_both/k5/p0f1/scale0.25_shuffled_both,positive,all,yield,shuffled_both,0,1,scale0.25_shuffled_both
amine,106,78,True,1.4112452247355691,1.4545890761232816,-0.0307131961391287,1.4815335667504244,test_e1n,primary,p0f1,0.3333333333333333,-0.0013768934962052,positive/all/chemistry/yield/shuffled_both/k5/p0f1/scale0.25_shuffled_both,positive,all,yield,shuffled_both,0,1,scale0.25_shuffled_both
amine,107,35,True,2.991373245929577,2.9628106546023956,0.0095483207807809,1.2509495161069326,test_e1n,primary,p0f1,0.3157894736842105,0.0393006316541029,positive/all/chemistry/yield/shuffled_both/k5/p0f1/scale0.25_shuffled_both,positive,all,yield,shuffled_both,0,1,scale0.25_shuffled_both
amine,118,63,True,1.6944058282297396,1.8002588207053478,-0.0624720422416158,1.389269453376327,test_e1n,primary,p0f1,0.2972972972972973,-0.0362451798531762,positive/all/chemistry/yield/shuffled_both/k5/p0f1/scale0.25_shuffled_both,positive,all,yield,shuffled_both,0,1,scale0.25_shuffled_both
amine,124,38,True,4.208969332910865,4.029161560956659,0.0427201430403041,1.4427696668611227,test_e1n,primary,p0f1,0.3478260869565217,0.0315679422882125,positive/all/chemistry/yield/shuffled_both/k5/p0f1/scale0.25_shuffled_both,positive,all,yield,shuffled_both,0,1,scale0.25_shuffled_both
amine,125,14,True,1.971865029633072,2.128620198974817,-0.0794958919530683,1.959219330759166,test_e1n,primary,p0f1,0.3404255319148936,-0.020033432227372,positive/all/chemistry/yield/shuffled_both/k5/p0f1/scale0.25_shuffled_both,positive,all,yield,shuffled_both,0,1,scale0.25_shuffled_both
amine,128,35,True,1.2796199848056176,1.359155986536244,-0.0621559546389145,1.0882108684000569,test_e1n,primary,p0f1,0.2545454545454545,-0.0501209984300026,positive/all/chemistry/yield/shuffled_both/k5/p0f1/scale0.25_shuffled_both,positive,all,yield,shuffled_both,0,1,scale0.25_shuffled_both
amine,135,29,True,1.197573737998702,1.2552661435174144,-0.0481744077113146,1.4277208796242444,test_e1n,primary,p0f1,0.1904761904761904,-0.0108473282440182,positive/all/chemistry/yield/shuffled_both/k5/p0f1/scale0.25_shuffled_both,positive,all,yield,shuffled_both,0,1,scale0.25_shuffled_both
amine,137,30,True,2.50846457086469,2.6584916455641596,-0.0598083291436537,1.3831527268821682,test_e1n,primary,p0f1,0.1578947368421052,-0.0352157231042027,positive/all/chemistry/yield/shuffled_both/k5/p0f1/scale0.25_shuffled_both,positive,all,yield,shuffled_both,0,1,scale0.25_shuffled_both
amine,138,10,True,1.6735716603607125,1.6508644391387968,0.0135681200630639,1.9308601939229,test_e1n,primary,p0f1,0.1707317073170731,-0.0077258097459349,positive/all/chemistry/yield/shuffled_both/k5/p0f1/scale0.25_shuffled_both,positive,all,yield,shuffled_both,0,1,scale0.25_shuffled_both
amine,139,67,True,2.434838326155952,2.4459637452863308,-0.0045692640085648,1.498488014061318,test_e1n,primary,p0f1,0.2307692307692307,-0.0344028927112962,positive/all/chemistry/yield/shuffled_both/k5/p0f1/scale0.25_shuffled_both,positive,all,yield,shuffled_both,0,1,scale0.25_shuffled_both
amine,141,41,True,1.4240665009297329,1.4638341557043115,-0.0279254197389065,1.5248779944797397,test_e1n,primary,p0f1,0.3793103448275862,-0.0114317765032734,positive/all/chemistry/yield/shuffled_both/k5/p0f1/scale0.25_shuffled_both,positive,all,yield,shuffled_both,0,1,scale0.25_shuffled_both
amine,142,9,True,0.9442564107277228,0.9346204498726998,0.0102048138043319,1.5324770975442568,test_e1n,primary,p0f1,0.1702127659574468,-0.0078666835674325,positive/all/chemistry/yield/shuffled_both/k5/p0f1/scale0.25_shuffled_both,positive,all,yield,shuffled_both,0,1,scale0.25_shuffled_both
amine,153,18,True,2.7293889686448214,2.796978199352098,-0.0247635025581698,1.6287361526083617,test_e1n,primary,p0f1,0.1538461538461538,0.0045279645983318,positive/all/chemistry/yield/shuffled_both/k5/p0f1/scale0.25_shuffled_both,positive,all,yield,shuffled_both,0,1,scale0.25_shuffled_both
amine,157,10,True,4.457964119224003,4.356955459045492,0.0226580244876651,2.0714903220678806,test_e1n,primary,p0f1,0.1780821917808219,-0.0181358061535543,positive/all/chemistry/yield/shuffled_both/k5/p0f1/scale0.25_shuffled_both,positive,all,yield,shuffled_both,0,1,scale0.25_shuffled_both
amine,174,2,False,1.2860910917302222,1.4511753231870834,-0.1283612276909311,0.3970786263540737,test_e1n,primary,p0f1,0.1612903225806451,-0.080623710702262,positive/all/chemistry/yield/shuffled_both/k5/p0f1/scale0.25_shuffled_both,positive,all,yield,shuffled_both,0,1,scale0.25_shuffled_both
amine,177,82,True,2.091053719644716,1.9161680306449993,0.0836351966268139,1.6389435188264576,test_e1n,primary,p0f1,0.4411764705882353,0.0079694957506912,positive/all/chemistry/yield/shuffled_both/k5/p0f1/scale0.25_shuffled_both,positive,all,yield,shuffled_both,0,1,scale0.25_shuffled_both
amine,179,49,True,1.552265945046203,1.5649879422583364,-0.0081957587568892,1.8545922115270577,test_e1n,primary,p0f1,0.1923076923076923,0.0023972851470476,positive/all/chemistry/yield/shuffled_both/k5/p0f1/scale0.25_shuffled_both,positive,all,yield,shuffled_both,0,1,scale0.25_shuffled_both
amine,181,10,True,1.1746933421264834,1.15330265119042,0.0182095957889237,1.4911468614568544,test_e1n,primary,p0f1,0.2608695652173913,0.0026879957604712,positive/all/chemistry/yield/shuffled_both/k5/p0f1/scale0.25_shuffled_both,positive,all,yield,shuffled_both,0,1,scale0.25_shuffled_both
amine,184,9,True,5.39312459608373,5.5651098634992495,-0.031889726326814,1.1615878961764403,test_e1n,primary,p0f1,0.2142857142857142,-0.0290416022935615,positive/all/chemistry/yield/shuffled_both/k5/p0f1/scale0.25_shuffled_both,positive,all,yield,shuffled_both,0,1,scale0.25_shuffled_both
amine,187,44,True,3.163937304902104,3.207178508418336,-0.0136668964486861,1.4966614487895271,test_e1n,primary,p0f1,0.1896551724137931,-0.0297622792313894,positive/all/chemistry/yield/shuffled_both/k5/p0f1/scale0.25_shuffled_both,positive,all,yield,shuffled_both,0,1,scale0.25_shuffled_both
amine,191,46,True,1.583427494968324,1.540763969561906,0.0269437821068475,1.300126309117847,test_e1n,primary,p0f1,0.2142857142857142,0.0179671743699872,positive/all/chemistry/yield/shuffled_both/k5/p0f1/scale0.25_shuffled_both,positive,all,yield,shuffled_both,0,1,scale0.25_shuffled_both
amine,199,5,True,0.6992521579964253,0.7623288690469165,-0.0902059583644698,0.9429031014784376,test_e1n,primary,p0f1,0.3333333333333333,-0.0094444484918601,positive/all/chemistry/yield/shuffled_both/k5/p0f1/scale0.25_shuffled_both,positive,all,yield,shuffled_both,0,1,scale0.25_shuffled_both
amine,203,26,True,3.0109939621846724,2.838309509367027,0.0573513115557201,1.3631895399341034,test_e1n,primary,p0f1,0.4067796610169492,0.0424704182499361,positive/all/chemistry/yield/shuffled_both/k5/p0f1/scale0.25_shuffled_both,positive,all,yield,shuffled_both,0,1,scale0.25_shuffled_both
amine,205,22,True,2.2770513020155407,2.0585109052160515,0.0959751748263411,1.3064086470464191,test_e1n,primary,p0f1,0.509090909090909,0.0454219577783842,positive/all/chemistry/yield/shuffled_both/k5/p0f1/scale0.25_shuffled_both,positive,all,yield,shuffled_both,0,1,scale0.25_shuffled_both
amine,209,82,True,7.996993304219294,8.200165317425952,-0.0254060501838186,1.7769633724153218,test_e1n,primary,p0f1,0.4,-0.0282975887236642,positive/all/chemistry/yield/shuffled_both/k5/p0f1/scale0.25_shuffled_both,positive,all,yield,shuffled_both,0,1,scale0.25_shuffled_both
amine,218,10,True,4.831052296536046,4.8660853202309475,-0.0072516341253479,1.5346366826039972,test_e1n,primary,p0f1,0.46875,-0.0214247789084132,positive/all/chemistry/yield/shuffled_both/k5/p0f1/scale0.25_shuffled_both,positive,all,yield,shuffled_both,0,1,scale0.25_shuffled_both
amine,222,27,True,1.1549967951915454,1.1940642324967332,-0.0338247148977663,1.4260543831262582,test_e1n,primary,p0f1,0.3928571428571428,-0.0344420286099453,positive/all/chemistry/yield/shuffled_both/k5/p0f1/scale0.25_shuffled_both,positive,all,yield,shuffled_both,0,1,scale0.25_shuffled_both
amine,225,128,True,4.607086573251473,4.91135152099506,-0.0660428109838733,1.4660954740338057,test_e1n,primary,p0f1,0.196078431372549,-0.0333614905791836,positive/all/chemistry/yield/shuffled_both/k5/p0f1/scale0.25_shuffled_both,positive,all,yield,shuffled_both,0,1,scale0.25_shuffled_both
acid,6,43,True,1.694697057551002,1.5647445840427456,0.0766818310855215,1.6987048526119417,test_e1a,primary,p0f3,0.4318181818181818,-0.10620661130746,positive/all/chemistry/yield/ecfp4/k5/p0f3/scale0.25_ecfp4,positive,all,yield,ecfp4,0,3,scale0.25_ecfp4
acid,9,35,True,0.5344368262158448,0.5601151121251636,-0.0480473737020286,1.0815226768241508,test_e1a,primary,p0f3,0.475,0.1498987817248795,positive/all/chemistry/yield/ecfp4/k5/p0f3/scale0.25_ecfp4,positive,all,yield,ecfp4,0,3,scale0.25_ecfp4
acid,15,30,True,0.7861213878827779,0.7300116605419901,0.0713753985143508,1.1678469570344934,test_e1a,primary,p0f3,0.6666666666666666,-0.197328688270423,positive/all/chemistry/yield/ecfp4/k5/p0f3/scale0.25_ecfp4,positive,all,yield,ecfp4,0,3,scale0.25_ecfp4
acid,16,49,True,1.4164491765046816,1.2268741926418156,0.1338381828359511,1.5589971882196618,test_e1a,primary,p0f3,0.2790697674418604,0.1425203881438038,positive/all/chemistry/yield/ecfp4/k5/p0f3/scale0.25_ecfp4,positive,all,yield,ecfp4,0,3,scale0.25_ecfp4
acid,19,15,True,1.7614712972565203,1.6220463191734604,0.079152568821424,1.5173422952327569,test_e1a,primary,p0f3,0.4318181818181818,0.0955872614635607,positive/all/chemistry/yield/ecfp4/k5/p0f3/scale0.25_ecfp4,positive,all,yield,ecfp4,0,3,scale0.25_ecfp4
acid,25,43,True,1.1929404646066768,1.334788895990579,-0.1189065469672627,1.5460797413791714,test_e1a,primary,p0f3,0.4794520547945205,-0.1368039588517955,positive/all/chemistry/yield/ecfp4/k5/p0f3/scale0.25_ecfp4,positive,all,yield,ecfp4,0,3,scale0.25_ecfp4
acid,29,36,True,4.628437464720247,5.059778249555703,-0.0931936075885875,1.386238520739168,test_e1a,primary,p0f3,0.3958333333333333,-0.0938027999025337,positive/all/chemistry/yield/ecfp4/k5/p0f3/scale0.25_ecfp4,positive,all,yield,ecfp4,0,3,scale0.25_ecfp4
acid,30,86,True,3.0836992969984536,2.6859450514677836,0.1289860674540567,1.3312313971408245,test_e1a,primary,p0f3,0.3461538461538461,0.0631579673106149,positive/all/chemistry/yield/ecfp4/k5/p0f3/scale0.25_ecfp4,positive,all,yield,ecfp4,0,3,scale0.25_ecfp4
acid,32,26,True,1.7540713240566066,2.1022376367540483,-0.1984903965548243,0.9369403236101383,test_e1a,primary,p0f3,0.4318181818181818,-0.1989950321568621,positive/all/chemistry/yield/ecfp4/k5/p0f3/scale0.25_ecfp4,positive,all,yield,ecfp4,0,3,scale0.25_ecfp4
acid,34,12,True,0.9279449943114289,1.017261144884568,-0.0962515570649908,1.9094578482846676,test_e1a,primary,p0f3,0.6153846153846154,-0.1322311599465053,positive/all/chemistry/yield/ecfp4/k5/p0f3/scale0.25_ecfp4,positive,all,yield,ecfp4,0,3,scale0.25_ecfp4
acid,37,25,True,1.2439292816261622,1.5076079519003889,-0.2119723959946702,1.232299968954635,test_e1a,primary,p0f3,0.6521739130434783,0.1619508702841158,positive/all/chemistry/yield/ecfp4/k5/p0f3/scale0.25_ecfp4,positive,all,yield,ecfp4,0,3,scale0.25_ecfp4
acid,40,31,True,0.8125559265874771,0.83227559004184,-0.0242686845411126,1.2156075584471349,test_e1a,primary,p0f3,0.6521739130434783,0.1755914143335044,positive/all/chemistry/yield/ecfp4/k5/p0f3/scale0.25_ecfp4,positive,all,yield,ecfp4,0,3,scale0.25_ecfp4
acid,50,8,True,0.7767000158137625,0.8662429326531327,-0.1152863589754848,1.7395178547847718,test_e1a,primary,p0f3,0.5555555555555556,0.1361395171200327,positive/all/chemistry/yield/ecfp4/k5/p0f3/scale0.25_ecfp4,positive,all,yield,ecfp4,0,3,scale0.25_ecfp4
acid,57,7,True,2.037085784410685,2.4150199471684735,-0.1855268765066378,1.7418457221216896,test_e1a,primary,p0f3,0.5576923076923077,-0.2032954877808319,positive/all/chemistry/yield/ecfp4/k5/p0f3/scale0.25_ecfp4,positive,all,yield,ecfp4,0,3,scale0.25_ecfp4
acid,63,16,True,0.5059102319451654,0.5985618266949553,-0.1831384085543306,1.4720296097830292,test_e1a,primary,p0f3,0.6,0.1495566006540013,positive/all/chemistry/yield/ecfp4/k5/p0f3/scale0.25_ecfp4,positive,all,yield,ecfp4,0,3,scale0.25_ecfp4
acid,67,79,True,4.052508756460641,3.548475783448316,0.1243755419920511,1.3195057081733186,test_e1a,primary,p0f3,0.352112676056338,0.0907413621938233,positive/all/chemistry/yield/ecfp4/k5/p0f3/scale0.25_ecfp4,positive,all,yield,ecfp4,0,3,scale0.25_ecfp4
acid,70,2,False,1.9019181199776296,2.5014368847206674,-0.3152179678219213,0.8558919847546075,test_e1a,primary,p0f3,0.25,-0.2139094547094171,positive/all/chemistry/yield/ecfp4/k5/p0f3/scale0.25_ecfp4,positive,all,yield,ecfp4,0,3,scale0.25_ecfp4
acid,78,2,False,1.9341751297394816,1.6378827201811474,0.1531879947180595,0.8727697705001676,test_e1a,primary,p0f3,0.34,0.1830410966328673,positive/all/chemistry/yield/ecfp4/k5/p0f3/scale0.25_ecfp4,positive,all,yield,ecfp4,0,3,scale0.25_ecfp4
acid,80,24,True,2.5085440564090256,2.1131649252640266,0.157612990744513,1.4590037784873031,test_e1a,primary,p0f3,0.5882352941176471,0.0979723188538832,positive/all/chemistry/yield/ecfp4/k5/p0f3/scale0.25_ecfp4,positive,all,yield,ecfp4,0,3,scale0.25_ecfp4
acid,82,48,True,1.7780739088855742,1.5894272584144673,0.1060960680702767,1.5928425540168671,test_e1a,primary,p0f3,0.3555555555555555,0.1290828310640916,positive/all/chemistry/yield/ecfp4/k5/p0f3/scale0.25_ecfp4,positive,all,yield,ecfp4,0,3,scale0.25_ecfp4
acid,85,15,True,0.919386799386348,1.0198943284830984,-0.1093201785840682,0.9407708347095446,test_e1a,primary,p0f3,0.4090909090909091,-0.1956422127790151,positive/all/chemistry/yield/ecfp4/k5/p0f3/scale0.25_ecfp4,positive,all,yield,ecfp4,0,3,scale0.25_ecfp4
acid,93,62,True,1.3172834886996034,1.1803183899548535,0.1039754160131158,1.2842031698492653,test_e1a,primary,p0f3,0.40625,0.1228664085265262,positive/all/chemistry/yield/ecfp4/k5/p0f3/scale0.25_ecfp4,positive,all,yield,ecfp4,0,3,scale0.25_ecfp4
acid,96,56,True,1.5053035550832987,1.7283320792185937,-0.1481618264848603,1.3715975272229552,test_e1a,primary,p0f3,0.3968253968253968,-0.1642884390840786,positive/all/chemistry/yield/ecfp4/k5/p0f3/scale0.25_ecfp4,positive,all,yield,ecfp4,0,3,scale0.25_ecfp4
acid,101,6,True,2.560872920059294,2.3935690280250856,0.0653308060402835,1.7632664800187765,test_e1a,primary,p0f3,0.2586206896551724,0.026555491769251,positive/all/chemistry/yield/ecfp4/k5/p0f3/scale0.25_ecfp4,positive,all,yield,ecfp4,0,3,scale0.25_ecfp4
acid,105,36,True,0.8201886218711123,0.7150048978696857,0.1282433347605688,1.0907612312119763,test_e1a,primary,p0f3,0.3636363636363636,-0.2150224147754198,positive/all/chemistry/yield/ecfp4/k5/p0f3/scale0.25_ecfp4,positive,all,yield,ecfp4,0,3,scale0.25_ecfp4
acid,112,34,True,0.8797744386754545,1.0214321839484024,-0.161015982103573,1.1430908676620808,test_e1a,primary,p0f3,0.6382978723404256,0.1310385462184434,positive/all/chemistry/yield/ecfp4/k5/p0f3/scale0.25_ecfp4,positive,all,yield,ecfp4,0,3,scale0.25_ecfp4
acid,118,10,True,1.3058222686031429,1.0509788638841715,0.1951593343492151,1.0883083922118526,test_e1a,primary,p0f3,0.5454545454545454,-0.0474916367895725,positive/all/chemistry/yield/ecfp4/k5/p0f3/scale0.25_ecfp4,positive,all,yield,ecfp4,0,3,scale0.25_ecfp4
acid,121,2,False,0.0491721367499771,0.06295602432497,-0.2803190686034056,0.0886207586067038,test_e1a,primary,p0f3,0.8490566037735849,0.2971284520360702,positive/all/chemistry/yield/ecfp4/k5/p0f3/scale0.25_ecfp4,positive,all,yield,ecfp4,0,3,scale0.25_ecfp4
acid,122,12,True,1.088847565508669,1.3144797883331767,-0.2072211299100446,1.580694807814969,test_e1a,primary,p0f3,0.7058823529411765,-0.185896129616659,positive/all/chemistry/yield/ecfp4/k5/p0f3/scale0.25_ecfp4,positive,all,yield,ecfp4,0,3,scale0.25_ecfp4
acid,135,2,False,0.7478852070863927,0.4900549319622006,0.3447457880984783,0.631768930123203,test_e1a,primary,p0f3,0.4705882352941176,0.3790589007464298,positive/all/chemistry/yield/ecfp4/k5/p0f3/scale0.25_ecfp4,positive,all,yield,ecfp4,0,3,scale0.25_ecfp4
acid,162,33,True,1.848415227287531,1.9780403299493952,-0.0701276968227986,1.7376105331926237,test_e1a,primary,p0f3,0.6415094339622641,0.1066412174222213,positive/all/chemistry/yield/ecfp4/k5/p0f3/scale0.25_ecfp4,positive,all,yield,ecfp4,0,3,scale0.25_ecfp4
acid,163,4,True,0.7114144726485039,0.7884776293036855,-0.1083238528565289,0.8727381967225093,test_e1a,primary,p0f3,0.3725490196078431,0.0925659207089767,positive/all/chemistry/yield/ecfp4/k5/p0f3/scale0.25_ecfp4,positive,all,yield,ecfp4,0,3,scale0.25_ecfp4
acid,164,24,True,1.257716485352641,1.3995032403414396,-0.1127334789994773,1.6696798868950613,test_e1a,primary,p0f3,0.3898305084745763,0.0808471313836448,positive/all/chemistry/yield/ecfp4/k5/p0f3/scale0.25_ecfp4,positive,all,yield,ecfp4,0,3,scale0.25_ecfp4
acid,172,8,True,2.654719099593535,2.1392812675384127,0.1941590852810155,1.4371090572891314,test_e1a,primary,p0f3,0.6,0.1361099437796892,positive/all/chemistry/yield/ecfp4/k5/p0f3/scale0.25_ecfp4,positive,all,yield,ecfp4,0,3,scale0.25_ecfp4
acid,178,10,True,1.1609590107241536,0.8247009908266822,0.2896381498324638,1.6244241375890316,test_e1a,primary,p0f3,0.7254901960784313,0.1833067053006937,positive/all/chemistry/yield/ecfp4/k5/p0f3/scale0.25_ecfp4,positive,all,yield,ecfp4,0,3,scale0.25_ecfp4
acid,186,8,True,1.3586319756816276,1.4771445227788895,-0.0872293227441554,2.254117736293966,test_e1a,primary,p0f3,0.6111111111111112,-0.0460223661454877,positive/all/chemistry/yield/ecfp4/k5/p0f3/scale0.25_ecfp4,positive,all,yield,ecfp4,0,3,scale0.25_ecfp4
acid,188,97,True,1.0681512074578705,1.0551184711280832,0.0122012091909762,1.402798372544662,test_e1a,primary,p0f3,0.34375,0.050837237112683,positive/all/chemistry/yield/ecfp4/k5/p0f3/scale0.25_ecfp4,positive,all,yield,ecfp4,0,3,scale0.25_ecfp4
acid,189,26,True,1.2593293863206998,1.3727069565984242,-0.0900301156387466,1.0657906941013058,test_e1a,primary,p0f3,0.2222222222222222,-0.1434028962070823,positive/all/chemistry/yield/ecfp4/k5/p0f3/scale0.25_ecfp4,positive,all,yield,ecfp4,0,3,scale0.25_ecfp4
acid,190,1,False,1.4468796558585064,1.6901495204593304,-0.1681341386035868,,test_e1a,primary,p0f3,0.2222222222222222,-0.2608964694605182,positive/all/chemistry/yield/ecfp4/k5/p0f3/scale0.25_ecfp4,positive,all,yield,ecfp4,0,3,scale0.25_ecfp4
acid,191,8,True,0.4185862877579466,0.509627305281209,-0.2174964163563526,0.9473162534179024,test_e1a,primary,p0f3,0.2222222222222222,-0.3303399494428014,positive/all/chemistry/yield/ecfp4/k5/p0f3/scale0.25_ecfp4,positive,all,yield,ecfp4,0,3,scale0.25_ecfp4
acid,198,10,True,1.7359667455465928,1.903294199072952,-0.0963886283856629,2.3486279805878736,test_e1a,primary,p0f3,0.6451612903225806,-0.0608420753384708,positive/all/chemistry/yield/ecfp4/k5/p0f3/scale0.25_ecfp4,positive,all,yield,ecfp4,0,3,scale0.25_ecfp4
acid,201,2,False,1.4065153284057403,1.558605237610338,-0.1081324221165715,1.047666643374481,test_e1a,primary,p0f3,0.3666666666666666,-0.1003322317706569,positive/all/chemistry/yield/ecfp4/k5/p0f3/scale0.25_ecfp4,positive,all,yield,ecfp4,0,3,scale0.25_ecfp4
acid,207,110,True,1.2946649750780468,1.1705713496657657,0.0958499903844237,1.5495853968903182,test_e1a,primary,p0f3,0.3,0.0969786128196452,positive/all/chemistry/yield/ecfp4/k5/p0f3/scale0.25_ecfp4,positive,all,yield,ecfp4,0,3,scale0.25_ecfp4
acid,208,11,True,1.734597272019088,1.8565123321024404,-0.0702843605544485,1.3950383965675583,test_e1a,primary,p0f3,0.5490196078431373,-0.0456224636598763,positive/all/chemistry/yield/ecfp4/k5/p0f3/scale0.25_ecfp4,positive,all,yield,ecfp4,0,3,scale0.25_ecfp4
acid,211,15,True,0.8227456815926044,0.8154763873199824,0.0088354086022678,1.3665619262206057,test_e1a,primary,p0f3,0.36,0.0813165161823306,positive/all/chemistry/yield/ecfp4/k5/p0f3/scale0.25_ecfp4,positive,all,yield,ecfp4,0,3,scale0.25_ecfp4
acid,213,19,True,1.4987294235421715,1.3807673010324408,0.0787080847661836,1.1554035835102725,test_e1a,primary,p0f3,0.2954545454545454,0.115951631503086,positive/all/chemistry/yield/ecfp4/k5/p0f3/scale0.25_ecfp4,positive,all,yield,ecfp4,0,3,scale0.25_ecfp4
acid,214,16,True,1.3769285124898358,1.5088092754043476,-0.0957789469229872,2.0209001592602966,test_e1a,primary,p0f3,0.5166666666666667,0.0275122966515681,positive/all/chemistry/yield/ecfp4/k5/p0f3/scale0.25_ecfp4,positive,all,yield,ecfp4,0,3,scale0.25_ecfp4
acid,221,12,True,0.6105478710260386,0.4899981733983478,0.1974451199462943,1.7395847854216848,test_e1a,primary,p0f3,0.4857142857142857,0.2239304307418231,positive/all/chemistry/yield/ecfp4/k5/p0f3/scale0.25_ecfp4,positive,all,yield,ecfp4,0,3,scale0.25_ecfp4
acid,224,14,True,2.265520515418749,1.9948503997263676,0.1194736988035405,1.0405427775477707,test_e1a,primary,p0f3,0.4827586206896552,0.1668084211933692,positive/all/chemistry/yield/ecfp4/k5/p0f3/scale0.25_ecfp4,positive,all,yield,ecfp4,0,3,scale0.25_ecfp4
acid,229,69,True,1.452959535183418,1.564826194578702,-0.0769922745172406,1.6069379166255104,test_e1a,primary,p0f3,0.2954545454545454,-0.1355124834105625,positive/all/chemistry/yield/ecfp4/k5/p0f3/scale0.25_ecfp4,positive,all,yield,ecfp4,0,3,scale0.25_ecfp4
acid,233,2,False,1.0854040247460055,0.9252166422579954,0.1475831845431893,1.2430013199994958,test_e1a,primary,p0f3,0.6060606060606061,0.2395452316357145,positive/all/chemistry/yield/ecfp4/k5/p0f3/scale0.25_ecfp4,positive,all,yield,ecfp4,0,3,scale0.25_ecfp4
acid,238,15,True,3.075242790044665,2.8845196282434764,0.0620188956847919,1.312451106117519,test_e1a,primary,p0f3,0.59375,0.0892673347410047,positive/all/chemistry/yield/ecfp4/k5/p0f3/scale0.25_ecfp4,positive,all,yield,ecfp4,0,3,scale0.25_ecfp4
acid,248,15,True,0.6954288967384079,0.690185828588866,0.007539330295494,0.4643825967183215,test_e1a,primary,p0f3,0.5172413793103449,0.0580025428126832,positive/all/chemistry/yield/ecfp4/k5/p0f3/scale0.25_ecfp4,positive,all,yield,ecfp4,0,3,scale0.25_ecfp4
acid,250,6,True,1.0821065041891205,1.0287969952048182,0.0492645675614434,1.3300268456577642,test_e1a,primary,p0f3,0.5666666666666667,-0.0297526444520048,positive/all/chemistry/yield/ecfp4/k5/p0f3/scale0.25_ecfp4,positive,all,yield,ecfp4,0,3,scale0.25_ecfp4
amine,2,46,True,0.98676691260001,0.9717579263242174,0.0152102650424768,1.5331523034011778,test_e1n,primary,p0f3,0.4074074074074074,-0.139137372862268,positive/all/chemistry/yield/ecfp4/k5/p0f3/scale0.25_ecfp4,positive,all,yield,ecfp4,0,3,scale0.25_ecfp4
amine,5,41,True,1.1984803851926475,1.2650799786460063,-0.0555700320807948,1.4037710410113748,test_e1n,primary,p0f3,0.6578947368421053,0.1208893196930709,positive/all/chemistry/yield/ecfp4/k5/p0f3/scale0.25_ecfp4,positive,all,yield,ecfp4,0,3,scale0.25_ecfp4
amine,15,9,True,2.4926147235865255,2.1189757602482153,0.1498984017877803,1.4870198052923105,test_e1n,primary,p0f3,0.1578947368421052,0.1480286553826281,positive/all/chemistry/yield/ecfp4/k5/p0f3/scale0.25_ecfp4,positive,all,yield,ecfp4,0,3,scale0.25_ecfp4
amine,16,55,True,2.5709419785555223,1.9817952637492804,0.2291559746273436,1.4886794987698464,test_e1n,primary,p0f3,0.1477272727272727,0.1391098886258479,positive/all/chemistry/yield/ecfp4/k5/p0f3/scale0.25_ecfp4,positive,all,yield,ecfp4,0,3,scale0.25_ecfp4
amine,18,9,True,0.8633534060060494,1.035916960996302,-0.1998759184706842,1.6661700167418043,test_e1n,primary,p0f3,0.2291666666666666,-0.2295241087797723,positive/all/chemistry/yield/ecfp4/k5/p0f3/scale0.25_ecfp4,positive,all,yield,ecfp4,0,3,scale0.25_ecfp4
amine,25,49,True,2.897690174343875,2.598056529364143,0.1034043072074047,1.4587507525365322,test_e1n,primary,p0f3,0.3928571428571428,0.1264884807923765,positive/all/chemistry/yield/ecfp4/k5/p0f3/scale0.25_ecfp4,positive,all,yield,ecfp4,0,3,scale0.25_ecfp4
amine,28,28,True,1.0481315021998323,1.19916049336758,-0.1440935520502591,1.505016852352444,test_e1n,primary,p0f3,0.4358974358974359,0.1011040039706148,positive/all/chemistry/yield/ecfp4/k5/p0f3/scale0.25_ecfp4,positive,all,yield,ecfp4,0,3,scale0.25_ecfp4
amine,39,7,True,1.3788863360067676,1.6203199569820157,-0.1750931999764651,0.5677893905406175,test_e1n,primary,p0f3,0.1818181818181818,-0.2478502562566726,positive/all/chemistry/yield/ecfp4/k5/p0f3/scale0.25_ecfp4,positive,all,yield,ecfp4,0,3,scale0.25_ecfp4
amine,43,6,True,2.211006068651578,1.7052911335399117,0.2287261632981793,1.86551835399438,test_e1n,primary,p0f3,0.1724137931034483,0.1703371319564828,positive/all/chemistry/yield/ecfp4/k5/p0f3/scale0.25_ecfp4,positive,all,yield,ecfp4,0,3,scale0.25_ecfp4
amine,44,47,True,1.815800283214527,1.5516922380421787,0.1454499416118581,1.546641628588525,test_e1n,primary,p0f3,0.1724137931034483,0.1301281629410045,positive/all/chemistry/yield/ecfp4/k5/p0f3/scale0.25_ecfp4,positive,all,yield,ecfp4,0,3,scale0.25_ecfp4
amine,49,9,True,0.835220491168671,0.7455076919264053,0.107412114753957,1.2371546112020515,test_e1n,primary,p0f3,0.217391304347826,0.015629685982171,positive/all/chemistry/yield/ecfp4/k5/p0f3/scale0.25_ecfp4,positive,all,yield,ecfp4,0,3,scale0.25_ecfp4
amine,55,12,True,1.0967324678932708,1.2472563527700478,-0.137247587067355,1.529415895965666,test_e1n,primary,p0f3,0.3571428571428571,0.1531198653649248,positive/all/chemistry/yield/ecfp4/k5/p0f3/scale0.25_ecfp4,positive,all,yield,ecfp4,0,3,scale0.25_ecfp4
amine,58,33,True,1.5215920466755577,1.4678841918502434,0.0352971448179277,1.4505739323176312,test_e1n,primary,p0f3,0.71875,-0.1085061662641511,positive/all/chemistry/yield/ecfp4/k5/p0f3/scale0.25_ecfp4,positive,all,yield,ecfp4,0,3,scale0.25_ecfp4
amine,62,9,True,0.7987967552166771,1.0450731239061344,-0.3083091751200888,1.0681902647916452,test_e1n,primary,p0f3,0.1888888888888888,-0.0943451759094871,positive/all/chemistry/yield/ecfp4/k5/p0f3/scale0.25_ecfp4,positive,all,yield,ecfp4,0,3,scale0.25_ecfp4
amine,65,35,True,2.003046453757824,2.45257346134418,-0.2244216586904506,1.3872359508411092,test_e1n,primary,p0f3,0.3018867924528302,-0.1544042399125085,positive/all/chemistry/yield/ecfp4/k5/p0f3/scale0.25_ecfp4,positive,all,yield,ecfp4,0,3,scale0.25_ecfp4
amine,66,96,True,1.1369338459133975,1.235977323715027,-0.0871145477440331,1.5582842293557009,test_e1n,primary,p0f3,0.3658536585365853,0.0064911898041335,positive/all/chemistry/yield/ecfp4/k5/p0f3/scale0.25_ecfp4,positive,all,yield,ecfp4,0,3,scale0.25_ecfp4
amine,75,22,True,1.9799496304637505,2.143035904088499,-0.0823689002565939,1.8599563120795344,test_e1n,primary,p0f3,0.1145833333333333,0.0494373276658269,positive/all/chemistry/yield/ecfp4/k5/p0f3/scale0.25_ecfp4,positive,all,yield,ecfp4,0,3,scale0.25_ecfp4
amine,79,8,True,0.8674039396150582,0.8814583402984586,-0.0162028324308021,1.145700954458083,test_e1n,primary,p0f3,0.1590909090909091,0.1462759655932139,positive/all/chemistry/yield/ecfp4/k5/p0f3/scale0.25_ecfp4,positive,all,yield,ecfp4,0,3,scale0.25_ecfp4
amine,82,4,True,1.415376267222963,1.1782908551539697,0.1675069856400562,0.91341114739908,test_e1n,primary,p0f3,0.2777777777777778,0.1675721009686338,positive/all/chemistry/yield/ecfp4/k5/p0f3/scale0.25_ecfp4,positive,all,yield,ecfp4,0,3,scale0.25_ecfp4
amine,86,3,True,1.0837928579788068,1.1297111167024754,-0.0423681134135749,1.3545227860378326,test_e1n,primary,p0f3,0.2444444444444444,0.0206558715600368,positive/all/chemistry/yield/ecfp4/k5/p0f3/scale0.25_ecfp4,positive,all,yield,ecfp4,0,3,scale0.25_ecfp4
amine,88,8,True,3.0919719188009003,2.655942043605928,0.1410199984494261,1.4766061846321583,test_e1n,primary,p0f3,0.325,0.1222766074179599,positive/all/chemistry/yield/ecfp4/k5/p0f3/scale0.25_ecfp4,positive,all,yield,ecfp4,0,3,scale0.25_ecfp4
amine,92,53,True,0.8709387630451467,0.880509773228197,-0.0109893032543255,1.5803935269408331,test_e1n,primary,p0f3,0.2926829268292683,0.0096199355155712,positive/all/chemistry/yield/ecfp4/k5/p0f3/scale0.25_ecfp4,positive,all,yield,ecfp4,0,3,scale0.25_ecfp4
amine,94,9,True,0.9535895912598418,0.9580379305011943,-0.0046648361959107,1.853809253420779,test_e1n,primary,p0f3,0.3243243243243243,0.1411068954182398,positive/all/chemistry/yield/ecfp4/k5/p0f3/scale0.25_ecfp4,positive,all,yield,ecfp4,0,3,scale0.25_ecfp4
amine,99,10,True,5.873736961610829,5.381764502902912,0.0837579997067143,1.423185670489594,test_e1n,primary,p0f3,0.2352941176470588,0.0858620595242937,positive/all/chemistry/yield/ecfp4/k5/p0f3/scale0.25_ecfp4,positive,all,yield,ecfp4,0,3,scale0.25_ecfp4
amine,119,62,True,2.7239463948778257,2.3475555048951016,0.1381785231495372,1.4766698511041496,test_e1n,primary,p0f3,0.2972972972972973,0.1540225927781261,positive/all/chemistry/yield/ecfp4/k5/p0f3/scale0.25_ecfp4,positive,all,yield,ecfp4,0,3,scale0.25_ecfp4
amine,121,51,True,0.9038485721760664,0.8617725911820572,0.0465520246303082,1.3273858192124717,test_e1n,primary,p0f3,0.3125,0.1426024477803713,positive/all/chemistry/yield/ecfp4/k5/p0f3/scale0.25_ecfp4,positive,all,yield,ecfp4,0,3,scale0.25_ecfp4
amine,126,9,True,0.8556913033167538,1.0725656702183166,-0.253449305913165,0.9934490483525664,test_e1n,primary,p0f3,0.4411764705882353,-0.2049890781138659,positive/all/chemistry/yield/ecfp4/k5/p0f3/scale0.25_ecfp4,positive,all,yield,ecfp4,0,3,scale0.25_ecfp4
amine,131,49,True,0.9896082476311124,1.136850436899395,-0.1487883610719147,1.348013252644862,test_e1n,primary,p0f3,0.3720930232558139,0.154244341264677,positive/all/chemistry/yield/ecfp4/k5/p0f3/scale0.25_ecfp4,positive,all,yield,ecfp4,0,3,scale0.25_ecfp4
amine,145,34,True,1.071165261861932,1.02048784226818,0.0473105517869978,1.472894108949826,test_e1n,primary,p0f3,0.4594594594594595,-0.1536264224536696,positive/all/chemistry/yield/ecfp4/k5/p0f3/scale0.25_ecfp4,positive,all,yield,ecfp4,0,3,scale0.25_ecfp4
amine,158,97,True,1.1282284738463468,1.2243285529912231,-0.0851778530435884,1.6182099796247968,test_e1n,primary,p0f3,0.2631578947368421,-0.1061528613344753,positive/all/chemistry/yield/ecfp4/k5/p0f3/scale0.25_ecfp4,positive,all,yield,ecfp4,0,3,scale0.25_ecfp4
amine,162,9,True,1.1496374428252656,1.2843334113260865,-0.1171638670447283,1.7264137253437604,test_e1n,primary,p0f3,0.1612903225806451,0.0062535947207708,positive/all/chemistry/yield/ecfp4/k5/p0f3/scale0.25_ecfp4,positive,all,yield,ecfp4,0,3,scale0.25_ecfp4
amine,163,9,True,0.5135522146553937,0.4597617080659334,0.1047420399609317,1.315525601011997,test_e1n,primary,p0f3,0.3018867924528302,0.1697358178912325,positive/all/chemistry/yield/ecfp4/k5/p0f3/scale0.25_ecfp4,positive,all,yield,ecfp4,0,3,scale0.25_ecfp4
amine,166,34,True,1.8261686583907184,1.6203367358704628,0.112712438456611,1.500562164637742,test_e1n,primary,p0f3,0.4761904761904761,0.1049623531276185,positive/all/chemistry/yield/ecfp4/k5/p0f3/scale0.25_ecfp4,positive,all,yield,ecfp4,0,3,scale0.25_ecfp4
amine,185,81,True,1.8648500167150952,2.175696247989985,-0.1666869874192029,1.3892823901812226,test_e1n,primary,p0f3,0.2162162162162162,-0.1394125441874436,positive/all/chemistry/yield/ecfp4/k5/p0f3/scale0.25_ecfp4,positive,all,yield,ecfp4,0,3,scale0.25_ecfp4
amine,190,96,True,0.7970870475827789,0.8728094145731583,-0.0949988677146524,1.4337719585076922,test_e1n,primary,p0f3,0.3111111111111111,-0.0696655350680695,positive/all/chemistry/yield/ecfp4/k5/p0f3/scale0.25_ecfp4,positive,all,yield,ecfp4,0,3,scale0.25_ecfp4
amine,193,9,True,1.255027826501883,1.2494139227143628,0.0044731309290311,2.013315076357942,test_e1n,primary,p0f3,0.1794871794871795,-0.1370200013750051,positive/all/chemistry/yield/ecfp4/k5/p0f3/scale0.25_ecfp4,positive,all,yield,ecfp4,0,3,scale0.25_ecfp4
amine,195,8,True,4.362505197111877,4.7820697076727985,-0.0961751313989693,1.9247891207559304,test_e1n,primary,p0f3,0.1791044776119403,-0.1070924346079569,positive/all/chemistry/yield/ecfp4/k5/p0f3/scale0.25_ecfp4,positive,all,yield,ecfp4,0,3,scale0.25_ecfp4
amine,196,21,True,1.0695553765496018,1.1611579329802109,-0.0856454545870453,1.3565729558216688,test_e1n,primary,p0f3,0.1875,-0.1352140626705689,positive/all/chemistry/yield/ecfp4/k5/p0f3/scale0.25_ecfp4,positive,all,yield,ecfp4,0,3,scale0.25_ecfp4
amine,198,36,True,5.982302911856418,5.35429560277956,0.104977517576417,1.513425299386504,test_e1n,primary,p0f3,0.2641509433962264,0.1366975513525621,positive/all/chemistry/yield/ecfp4/k5/p0f3/scale0.25_ecfp4,positive,all,yield,ecfp4,0,3,scale0.25_ecfp4
amine,207,79,True,1.738510616720911,1.4575086929232952,0.1616337116926137,1.4830463973025585,test_e1n,primary,p0f3,0.2321428571428571,0.0700458336463895,positive/all/chemistry/yield/ecfp4/k5/p0f3/scale0.25_ecfp4,positive,all,yield,ecfp4,0,3,scale0.25_ecfp4
amine,208,29,True,1.995627993186922,2.2767053206746746,-0.140846554792452,1.1073832859953905,test_e1n,primary,p0f3,0.2127659574468085,-0.1283294303986992,positive/all/chemistry/yield/ecfp4/k5/p0f3/scale0.25_ecfp4,positive,all,yield,ecfp4,0,3,scale0.25_ecfp4
amine,213,17,True,0.8665078205570012,0.8256833978456218,0.0471137383216425,0.9420559522768108,test_e1n,primary,p0f3,0.2647058823529412,0.1293080654355674,positive/all/chemistry/yield/ecfp4/k5/p0f3/scale0.25_ecfp4,positive,all,yield,ecfp4,0,3,scale0.25_ecfp4
amine,214,9,True,0.7444312276185302,0.7160141179813473,0.0381729145459017,1.5106898550960597,test_e1n,primary,p0f3,0.25,0.1335185005237772,positive/all/chemistry/yield/ecfp4/k5/p0f3/scale0.25_ecfp4,positive,all,yield,ecfp4,0,3,scale0.25_ecfp4
amine,219,33,True,1.1780838062306245,1.2886564447678943,-0.0938580412976359,1.3786795372442235,test_e1n,primary,p0f3,0.3513513513513513,-0.142054031483817,positive/all/chemistry/yield/ecfp4/k5/p0f3/scale0.25_ecfp4,positive,all,yield,ecfp4,0,3,scale0.25_ecfp4
amine,228,20,True,1.3423969230213648,1.475975075314764,-0.0995071949306556,1.6695590642287204,test_e1n,primary,p0f3,0.4473684210526316,-0.1549220339334531,positive/all/chemistry/yield/ecfp4/k5/p0f3/scale0.25_ecfp4,positive,all,yield,ecfp4,0,3,scale0.25_ecfp4
amine,229,7,True,2.5300863526043313,2.939536213166653,-0.1618323659747251,1.50004784915237,test_e1n,primary,p0f3,0.1830985915492957,-0.1387381638404994,positive/all/chemistry/yield/ecfp4/k5/p0f3/scale0.25_ecfp4,positive,all,yield,ecfp4,0,3,scale0.25_ecfp4
acid,27,37,True,1.006860010595254,1.0268678831154263,-0.019871553452941,1.1771481038032017,test_e1a,primary,p0f4,0.4523809523809524,-0.0327942595694408,positive/all/chemistry/yield/ecfp4/k5/p0f4/scale0.25_ecfp4,positive,all,yield,ecfp4,0,4,scale0.25_ecfp4
acid,28,55,True,1.0693626984102396,1.0473181477703777,0.0206146620530475,1.6000788179904712,test_e1a,primary,p0f4,0.603448275862069,-0.0521549194982402,positive/all/chemistry/yield/ecfp4/k5/p0f4/scale0.25_ecfp4,positive,all,yield,ecfp4,0,4,scale0.25_ecfp4
acid,39,27,True,1.2171606078497188,1.2385685631873204,-0.0175884391916212,1.449188892649404,test_e1a,primary,p0f4,0.6481481481481481,0.0288851525492732,positive/all/chemistry/yield/ecfp4/k5/p0f4/scale0.25_ecfp4,positive,all,yield,ecfp4,0,4,scale0.25_ecfp4
acid,47,39,True,1.278383753564319,1.1802463149144486,0.0767668068185699,1.0190528633883429,test_e1a,primary,p0f4,0.5522388059701493,0.0322563538693443,positive/all/chemistry/yield/ecfp4/k5/p0f4/scale0.25_ecfp4,positive,all,yield,ecfp4,0,4,scale0.25_ecfp4
acid,49,36,True,1.3625185742615566,1.3658680786808937,-0.0024583183544137,1.2772486339857123,test_e1a,primary,p0f4,0.4736842105263157,-0.0134539205854695,positive/all/chemistry/yield/ecfp4/k5/p0f4/scale0.25_ecfp4,positive,all,yield,ecfp4,0,4,scale0.25_ecfp4
acid,55,8,True,1.399918901095062,1.4616980171309917,-0.0441304964077589,1.84994866803199,test_e1a,primary,p0f4,0.5384615384615384,-0.0821465656435125,positive/all/chemistry/yield/ecfp4/k5/p0f4/scale0.25_ecfp4,positive,all,yield,ecfp4,0,4,scale0.25_ecfp4
acid,58,92,True,1.667123752609208,1.6024020320178152,0.0388223852549021,1.4314458546104856,test_e1a,primary,p0f4,0.3953488372093023,0.0597910079734654,positive/all/chemistry/yield/ecfp4/k5/p0f4/scale0.25_ecfp4,positive,all,yield,ecfp4,0,4,scale0.25_ecfp4
acid,60,44,True,1.4893667609028354,1.897725665578064,-0.2741829047048738,1.5267313164331964,test_e1a,primary,p0f4,0.3191489361702128,0.015284031908022,positive/all/chemistry/yield/ecfp4/k5/p0f4/scale0.25_ecfp4,positive,all,yield,ecfp4,0,4,scale0.25_ecfp4
acid,65,12,True,1.6805176926589038,1.6996585760592555,-0.0113898731825115,2.462247935855975,test_e1a,primary,p0f4,0.6909090909090909,-0.0099972460872419,positive/all/chemistry/yield/ecfp4/k5/p0f4/scale0.25_ecfp4,positive,all,yield,ecfp4,0,4,scale0.25_ecfp4
acid,66,28,True,1.4386628708787703,1.3898587821531574,0.033923228098465,1.539227535345578,test_e1a,primary,p0f4,0.26,0.0242294884634763,positive/all/chemistry/yield/ecfp4/k5/p0f4/scale0.25_ecfp4,positive,all,yield,ecfp4,0,4,scale0.25_ecfp4
acid,74,2,False,0.0076520451213554,0.0010908894959727,0.8574381778110206,0.4746063499410018,test_e1a,primary,p0f4,0.3018867924528302,0.6886310926409333,positive/all/chemistry/yield/ecfp4/k5/p0f4/scale0.25_ecfp4,positive,all,yield,ecfp4,0,4,scale0.25_ecfp4
acid,88,3,True,2.9008735303318507,3.1826523279770735,-0.0971358436343097,2.5609789200983997,test_e1a,primary,p0f4,0.24,-0.0024616144614013,positive/all/chemistry/yield/ecfp4/k5/p0f4/scale0.25_ecfp4,positive,all,yield,ecfp4,0,4,scale0.25_ecfp4
acid,89,23,True,3.3419276498901955,3.5985557405525896,-0.0767904387968501,1.907237618437693,test_e1a,primary,p0f4,0.2318840579710145,-0.0513510387810072,positive/all/chemistry/yield/ecfp4/k5/p0f4/scale0.25_ecfp4,positive,all,yield,ecfp4,0,4,scale0.25_ecfp4
acid,102,28,True,4.16083140174912,4.269608097071309,-0.0261430192236247,1.4337161963692049,test_e1a,primary,p0f4,0.2692307692307692,-0.0556224388037362,positive/all/chemistry/yield/ecfp4/k5/p0f4/scale0.25_ecfp4,positive,all,yield,ecfp4,0,4,scale0.25_ecfp4
acid,104,2,False,0.0015082107967725,0.1319816166141078,-86.50873345856802,0.4962236800326198,test_e1a,primary,p0f4,0.4857142857142857,-0.1014658516816302,positive/all/chemistry/yield/ecfp4/k5/p0f4/scale0.25_ecfp4,positive,all,yield,ecfp4,0,4,scale0.25_ecfp4
acid,106,14,True,1.160997671405045,1.183281457348253,-0.0191936525731701,1.336325666756306,test_e1a,primary,p0f4,0.2702702702702703,0.0414467787670542,positive/all/chemistry/yield/ecfp4/k5/p0f4/scale0.25_ecfp4,positive,all,yield,ecfp4,0,4,scale0.25_ecfp4
acid,108,13,True,4.656044003471366,5.438989660769227,-0.1681568423138026,1.3952988922215352,test_e1a,primary,p0f4,0.65,0.019805777257736,positive/all/chemistry/yield/ecfp4/k5/p0f4/scale0.25_ecfp4,positive,all,yield,ecfp4,0,4,scale0.25_ecfp4
acid,119,12,True,1.6499162304192374,1.7276855733923986,-0.0471353281696005,1.0681741841838297,test_e1a,primary,p0f4,0.5925925925925926,-0.0094332673700805,positive/all/chemistry/yield/ecfp4/k5/p0f4/scale0.25_ecfp4,positive,all,yield,ecfp4,0,4,scale0.25_ecfp4
acid,128,33,True,1.009427559862119,0.9899807310022812,0.0192652049865706,1.1441235070615996,test_e1a,primary,p0f4,0.6585365853658537,0.0137676998752892,positive/all/chemistry/yield/ecfp4/k5/p0f4/scale0.25_ecfp4,positive,all,yield,ecfp4,0,4,scale0.25_ecfp4
acid,130,10,True,3.009793882730313,3.687348631846052,-0.2251166609791564,1.5955107062738163,test_e1a,primary,p0f4,0.5806451612903226,0.0002319494396888,positive/all/chemistry/yield/ecfp4/k5/p0f4/scale0.25_ecfp4,positive,all,yield,ecfp4,0,4,scale0.25_ecfp4
acid,143,12,True,0.5603701587453882,0.7171336960711584,-0.2797499739756803,1.7919509665908526,test_e1a,primary,p0f4,0.2258064516129032,-0.0485305428618025,positive/all/chemistry/yield/ecfp4/k5/p0f4/scale0.25_ecfp4,positive,all,yield,ecfp4,0,4,scale0.25_ecfp4
acid,144,50,True,1.3143120958804764,1.3898533712829546,-0.0574759036603647,1.6588921847197615,test_e1a,primary,p0f4,0.2321428571428571,-0.0338918159997296,positive/all/chemistry/yield/ecfp4/k5/p0f4/scale0.25_ecfp4,positive,all,yield,ecfp4,0,4,scale0.25_ecfp4
acid,148,8,True,1.2869257161983323,1.3258531457221598,-0.0302483888804567,1.3770162394482452,test_e1a,primary,p0f4,0.6896551724137931,-0.0522674371203706,positive/all/chemistry/yield/ecfp4/k5/p0f4/scale0.25_ecfp4,positive,all,yield,ecfp4,0,4,scale0.25_ecfp4
acid,149,2,False,0.7136942181179147,0.8427095582154827,-0.1807711717740894,0.2768802755692123,test_e1a,primary,p0f4,0.6551724137931034,0.0127963575512281,positive/all/chemistry/yield/ecfp4/k5/p0f4/scale0.25_ecfp4,positive,all,yield,ecfp4,0,4,scale0.25_ecfp4
acid,155,31,True,1.5346535902523333,1.487216287336509,0.0309107561583489,1.249945183394912,test_e1a,primary,p0f4,0.282051282051282,-0.0646203790087029,positive/all/chemistry/yield/ecfp4/k5/p0f4/scale0.25_ecfp4,positive,all,yield,ecfp4,0,4,scale0.25_ecfp4
acid,157,12,True,1.318801524333819,1.233710417042521,0.0645215415066197,1.0795675095225827,test_e1a,primary,p0f4,0.4222222222222222,-0.062456412054366,positive/all/chemistry/yield/ecfp4/k5/p0f4/scale0.25_ecfp4,positive,all,yield,ecfp4,0,4,scale0.25_ecfp4
acid,173,6,True,0.6064799148906281,1.2814678155519992,-1.112960024048113,1.2248382458524476,test_e1a,primary,p0f4,0.5925925925925926,-0.1600381734171869,positive/all/chemistry/yield/ecfp4/k5/p0f4/scale0.25_ecfp4,positive,all,yield,ecfp4,0,4,scale0.25_ecfp4
acid,174,38,True,1.5300842084916746,1.5899661831559613,-0.0391363915345006,1.340558763463474,test_e1a,primary,p0f4,0.72,0.0277863375167357,positive/all/chemistry/yield/ecfp4/k5/p0f4/scale0.25_ecfp4,positive,all,yield,ecfp4,0,4,scale0.25_ecfp4
acid,182,38,True,0.8809345671390263,0.9411607064240054,-0.0683661891944744,1.1834044491112947,test_e1a,primary,p0f4,0.7254901960784313,0.0286832676147,positive/all/chemistry/yield/ecfp4/k5/p0f4/scale0.25_ecfp4,positive,all,yield,ecfp4,0,4,scale0.25_ecfp4
acid,193,2,False,2.283269502949981,1.8264488594218735,0.2000730281457776,0.9079446385108104,test_e1a,primary,p0f4,0.1666666666666666,-0.0495544582630804,positive/all/chemistry/yield/ecfp4/k5/p0f4/scale0.25_ecfp4,positive,all,yield,ecfp4,0,4,scale0.25_ecfp4
acid,194,16,True,0.7827417810749198,0.6933178677704236,0.1142444615409343,0.8819434635610274,test_e1a,primary,p0f4,0.3783783783783784,0.0552467353890523,positive/all/chemistry/yield/ecfp4/k5/p0f4/scale0.25_ecfp4,positive,all,yield,ecfp4,0,4,scale0.25_ecfp4
acid,195,34,True,3.042628336066681,3.103560100259261,-0.0200260292952338,1.3295317616809887,test_e1a,primary,p0f4,0.3636363636363636,0.029193276484724,positive/all/chemistry/yield/ecfp4/k5/p0f4/scale0.25_ecfp4,positive,all,yield,ecfp4,0,4,scale0.25_ecfp4
acid,209,6,True,0.5356103686720182,0.609564268336086,-0.1380740627695982,1.215987275680909,test_e1a,primary,p0f4,0.4444444444444444,-0.0881889686159254,positive/all/chemistry/yield/ecfp4/k5/p0f4/scale0.25_ecfp4,positive,all,yield,ecfp4,0,4,scale0.25_ecfp4
acid,210,20,True,1.345147617519258,1.197014046981976,0.1101243972096329,1.181807068850285,test_e1a,primary,p0f4,0.3541666666666667,0.0398571101306125,positive/all/chemistry/yield/ecfp4/k5/p0f4/scale0.25_ecfp4,positive,all,yield,ecfp4,0,4,scale0.25_ecfp4
acid,212,14,True,0.8314296099451698,0.9206162410032852,-0.1072690098972983,1.174301585161487,test_e1a,primary,p0f4,0.3142857142857143,-0.0199181865583673,positive/all/chemistry/yield/ecfp4/k5/p0f4/scale0.25_ecfp4,positive,all,yield,ecfp4,0,4,scale0.25_ecfp4
acid,215,64,True,3.0042906376093153,3.054160211355752,-0.0165994505065996,1.5888159456234627,test_e1a,primary,p0f4,0.1875,-0.0260795695637487,positive/all/chemistry/yield/ecfp4/k5/p0f4/scale0.25_ecfp4,positive,all,yield,ecfp4,0,4,scale0.25_ecfp4
acid,219,80,True,1.7502890257404755,1.7508259129667476,-0.000306742039958,1.5785895019776826,test_e1a,primary,p0f4,0.1833333333333333,-0.0318329557414149,positive/all/chemistry/yield/ecfp4/k5/p0f4/scale0.25_ecfp4,positive,all,yield,ecfp4,0,4,scale0.25_ecfp4
acid,220,64,True,2.737760989645624,2.586949621635412,0.0550856588944722,1.8885623530367184,test_e1a,primary,p0f4,0.2622950819672131,0.0270102021315938,positive/all/chemistry/yield/ecfp4/k5/p0f4/scale0.25_ecfp4,positive,all,yield,ecfp4,0,4,scale0.25_ecfp4
acid,223,13,True,1.9533743432116368,1.9143490647991492,0.0199783920312601,1.569214857191923,test_e1a,primary,p0f4,0.625,-0.0155241485706927,positive/all/chemistry/yield/ecfp4/k5/p0f4/scale0.25_ecfp4,positive,all,yield,ecfp4,0,4,scale0.25_ecfp4
acid,232,11,True,1.8428781242385035,2.3124846273341895,-0.2548223330230978,1.0843033447231492,test_e1a,primary,p0f4,0.3695652173913043,-0.0181337047127483,positive/all/chemistry/yield/ecfp4/k5/p0f4/scale0.25_ecfp4,positive,all,yield,ecfp4,0,4,scale0.25_ecfp4
acid,235,9,True,0.9223312167173456,0.8146011756395501,0.1168019027494436,0.9963804236393888,test_e1a,primary,p0f4,0.375,-0.0446430696118744,positive/all/chemistry/yield/ecfp4/k5/p0f4/scale0.25_ecfp4,positive,all,yield,ecfp4,0,4,scale0.25_ecfp4
acid,239,7,True,2.4030000307494137,1.85626256746651,0.2275228698654635,0.7438450418775397,test_e1a,primary,p0f4,0.4210526315789473,0.0580205484438446,positive/all/chemistry/yield/ecfp4/k5/p0f4/scale0.25_ecfp4,positive,all,yield,ecfp4,0,4,scale0.25_ecfp4
acid,240,46,True,1.002793040231613,1.1071236775517683,-0.104040049276826,1.4725885661500908,test_e1a,primary,p0f4,0.6363636363636364,0.0615909389087063,positive/all/chemistry/yield/ecfp4/k5/p0f4/scale0.25_ecfp4,positive,all,yield,ecfp4,0,4,scale0.25_ecfp4
acid,241,97,True,1.7159172665966986,1.8794348275604535,-0.0952945483718286,1.5835229710385637,test_e1a,primary,p0f4,0.3265306122448979,0.0393629646866722,positive/all/chemistry/yield/ecfp4/k5/p0f4/scale0.25_ecfp4,positive,all,yield,ecfp4,0,4,scale0.25_ecfp4
acid,244,16,True,2.60506527668604,2.300346523109904,0.1169716384089136,1.5014837241475054,test_e1a,primary,p0f4,0.3137254901960784,0.0359654141131895,positive/all/chemistry/yield/ecfp4/k5/p0f4/scale0.25_ecfp4,positive,all,yield,ecfp4,0,4,scale0.25_ecfp4
acid,245,19,True,1.5858781349035418,1.533944756708845,0.0327473953084395,1.2476781357772584,test_e1a,primary,p0f4,0.3584905660377358,-9.463352190852704e-05,positive/all/chemistry/yield/ecfp4/k5/p0f4/scale0.25_ecfp4,positive,all,yield,ecfp4,0,4,scale0.25_ecfp4
acid,252,12,True,0.4072356524928204,0.7477062512919277,-0.8360530241273751,1.3370186922670784,test_e1a,primary,p0f4,0.3947368421052631,0.0620950342568866,positive/all/chemistry/yield/ecfp4/k5/p0f4/scale0.25_ecfp4,positive,all,yield,ecfp4,0,4,scale0.25_ecfp4
acid,254,2,False,6.356760145782438,5.65615381800821,0.1102143720554037,0.1390754962380242,test_e1a,primary,p0f4,0.76,0.0394943819330939,positive/all/chemistry/yield/ecfp4/k5/p0f4/scale0.25_ecfp4,positive,all,yield,ecfp4,0,4,scale0.25_ecfp4
acid,261,12,True,0.7376706945226288,0.7256665524944523,0.0162730363525485,1.6038557970911584,test_e1a,primary,p0f4,0.3939393939393939,-0.0061416709977972,positive/all/chemistry/yield/ecfp4/k5/p0f4/scale0.25_ecfp4,positive,all,yield,ecfp4,0,4,scale0.25_ecfp4
acid,262,108,True,2.3383794169310357,2.4085741148507305,-0.0300185236884356,1.479148212798293,test_e1a,primary,p0f4,0.3421052631578947,-0.0420951766330008,positive/all/chemistry/yield/ecfp4/k5/p0f4/scale0.25_ecfp4,positive,all,yield,ecfp4,0,4,scale0.25_ecfp4
acid,266,25,True,0.9070268575296682,0.8765972313990301,0.0335487597506369,1.2168497637137945,test_e1a,primary,p0f4,0.391304347826087,-0.04394648142285,positive/all/chemistry/yield/ecfp4/k5/p0f4/scale0.25_ecfp4,positive,all,yield,ecfp4,0,4,scale0.25_ecfp4
amine,0,8,True,3.7455729365144537,3.4421856637552284,0.0809988960037582,0.723693321454002,test_e1n,primary,p0f4,0.1818181818181818,0.008699954126945,positive/all/chemistry/yield/ecfp4/k5/p0f4/scale0.25_ecfp4,positive,all,yield,ecfp4,0,4,scale0.25_ecfp4
amine,14,8,True,1.6640855367999092,1.5392127582031865,0.0750398797629462,0.875290875557863,test_e1n,primary,p0f4,0.1860465116279069,0.0015551782984621,positive/all/chemistry/yield/ecfp4/k5/p0f4/scale0.25_ecfp4,positive,all,yield,ecfp4,0,4,scale0.25_ecfp4
amine,23,8,True,1.6937734842153478,1.6332264453574703,0.0357468335772926,1.4776833412107684,test_e1n,primary,p0f4,0.1666666666666666,-0.0132624890709227,positive/all/chemistry/yield/ecfp4/k5/p0f4/scale0.25_ecfp4,positive,all,yield,ecfp4,0,4,scale0.25_ecfp4
amine,32,56,True,2.6466941013361054,2.6598289615450783,-0.0049627420873239,1.2785455996964348,test_e1n,primary,p0f4,0.25,0.0016550333399281,positive/all/chemistry/yield/ecfp4/k5/p0f4/scale0.25_ecfp4,positive,all,yield,ecfp4,0,4,scale0.25_ecfp4
amine,40,47,True,2.247899487833588,2.1988161651871896,0.0218351945503143,1.6276055005963164,test_e1n,primary,p0f4,0.3809523809523809,-0.0013173501970822,positive/all/chemistry/yield/ecfp4/k5/p0f4/scale0.25_ecfp4,positive,all,yield,ecfp4,0,4,scale0.25_ecfp4
amine,42,4,True,0.8709760010697079,0.7920941476993357,0.0905671950472707,1.3327524611325323,test_e1n,primary,p0f4,0.2444444444444444,-0.0019075293877586,positive/all/chemistry/yield/ecfp4/k5/p0f4/scale0.25_ecfp4,positive,all,yield,ecfp4,0,4,scale0.25_ecfp4
amine,47,30,True,4.753776003097114,4.47720895523778,0.0581783928563628,1.7259626531727257,test_e1n,primary,p0f4,0.2857142857142857,0.0311734958339857,positive/all/chemistry/yield/ecfp4/k5/p0f4/scale0.25_ecfp4,positive,all,yield,ecfp4,0,4,scale0.25_ecfp4
amine,50,94,True,3.6662697073405415,3.6539870737372793,0.003350171859607,1.5773135457853396,test_e1n,primary,p0f4,0.196078431372549,0.0081386904267281,positive/all/chemistry/yield/ecfp4/k5/p0f4/scale0.25_ecfp4,positive,all,yield,ecfp4,0,4,scale0.25_ecfp4
amine,51,49,True,1.4762442641325484,1.5939022761437014,-0.0797009105266801,1.5170355222579124,test_e1n,primary,p0f4,0.5789473684210527,-0.0161301369046509,positive/all/chemistry/yield/ecfp4/k5/p0f4/scale0.25_ecfp4,positive,all,yield,ecfp4,0,4,scale0.25_ecfp4
amine,53,18,True,0.7991214648815208,0.7042056582230242,0.1187751935465393,0.9653424112818072,test_e1n,primary,p0f4,0.7647058823529411,0.0029364020204407,positive/all/chemistry/yield/ecfp4/k5/p0f4/scale0.25_ecfp4,positive,all,yield,ecfp4,0,4,scale0.25_ecfp4
amine,56,8,True,1.066149767381164,1.0983074766416392,-0.0301624689554318,1.2562822722661322,test_e1n,primary,p0f4,0.2105263157894736,0.0098642615912002,positive/all/chemistry/yield/ecfp4/k5/p0f4/scale0.25_ecfp4,positive,all,yield,ecfp4,0,4,scale0.25_ecfp4
amine,68,37,True,1.7710965917572865,1.8413717453240253,-0.0396788937959682,1.5443494709459922,test_e1n,primary,p0f4,0.296875,0.0017197718874712,positive/all/chemistry/yield/ecfp4/k5/p0f4/scale0.25_ecfp4,positive,all,yield,ecfp4,0,4,scale0.25_ecfp4
amine,70,8,True,6.627651716778344,6.444380542861012,0.0276525052536132,1.4047902623319106,test_e1n,primary,p0f4,0.2244897959183673,0.0070118130805467,positive/all/chemistry/yield/ecfp4/k5/p0f4/scale0.25_ecfp4,positive,all,yield,ecfp4,0,4,scale0.25_ecfp4
amine,73,97,True,2.1647739619967177,2.280867040646195,-0.0536282682106896,1.6021690585929984,test_e1n,primary,p0f4,0.2207792207792207,0.0062830560915814,positive/all/chemistry/yield/ecfp4/k5/p0f4/scale0.25_ecfp4,positive,all,yield,ecfp4,0,4,scale0.25_ecfp4
amine,74,41,True,1.4524252161088975,1.493191121594429,-0.0280674729641121,1.5395242714230215,test_e1n,primary,p0f4,0.3243243243243243,-0.003052123922719,positive/all/chemistry/yield/ecfp4/k5/p0f4/scale0.25_ecfp4,positive,all,yield,ecfp4,0,4,scale0.25_ecfp4
amine,81,56,True,3.7508439043330375,3.5417576572354768,0.055743787912907,1.5648450823749849,test_e1n,primary,p0f4,0.5370370370370371,-0.0057099077284532,positive/all/chemistry/yield/ecfp4/k5/p0f4/scale0.25_ecfp4,positive,all,yield,ecfp4,0,4,scale0.25_ecfp4
amine,91,15,True,2.483607704871213,2.235982858390563,0.0997036875006354,0.9213543087639672,test_e1n,primary,p0f4,0.2127659574468085,0.0549991727020745,positive/all/chemistry/yield/ecfp4/k5/p0f4/scale0.25_ecfp4,positive,all,yield,ecfp4,0,4,scale0.25_ecfp4
amine,93,8,True,0.6398048746257146,0.5238531414698461,0.1812298370244525,0.8001754361058522,test_e1n,primary,p0f4,0.2045454545454545,0.0237349519387988,positive/all/chemistry/yield/ecfp4/k5/p0f4/scale0.25_ecfp4,positive,all,yield,ecfp4,0,4,scale0.25_ecfp4
amine,102,12,True,2.5975108625548047,3.156088687783784,-0.2150434992520435,1.247063589670514,test_e1n,primary,p0f4,0.2115384615384615,-0.0639387704484963,positive/all/chemistry/yield/ecfp4/k5/p0f4/scale0.25_ecfp4,positive,all,yield,ecfp4,0,4,scale0.25_ecfp4
amine,108,22,True,1.6245743642691366,1.7734300347138243,-0.0916274894634663,1.2702651566488352,test_e1n,primary,p0f4,0.1714285714285714,-0.0049793712935768,positive/all/chemistry/yield/ecfp4/k5/p0f4/scale0.25_ecfp4,positive,all,yield,ecfp4,0,4,scale0.25_ecfp4
amine,109,7,True,2.266402625403715,2.357879858863041,-0.040362304752904,1.8207652554484084,test_e1n,primary,p0f4,0.2,-0.0020821008480336,positive/all/chemistry/yield/ecfp4/k5/p0f4/scale0.25_ecfp4,positive,all,yield,ecfp4,0,4,scale0.25_ecfp4
amine,110,8,True,4.640697883844917,4.641938637452366,-0.0002673635816217,1.3865151574819474,test_e1n,primary,p0f4,0.1733333333333333,-0.0132688370625904,positive/all/chemistry/yield/ecfp4/k5/p0f4/scale0.25_ecfp4,positive,all,yield,ecfp4,0,4,scale0.25_ecfp4
amine,114,8,True,1.1152418441201926,1.051277797817849,0.057354417465213,0.9680424537463098,test_e1n,primary,p0f4,0.1636363636363636,0.0158805370803576,positive/all/chemistry/yield/ecfp4/k5/p0f4/scale0.25_ecfp4,positive,all,yield,ecfp4,0,4,scale0.25_ecfp4
amine,117,22,True,1.3037744900169514,1.1942925316192452,0.0839730791145352,0.7433257833788122,test_e1n,primary,p0f4,0.4285714285714285,0.065764202107622,positive/all/chemistry/yield/ecfp4/k5/p0f4/scale0.25_ecfp4,positive,all,yield,ecfp4,0,4,scale0.25_ecfp4
amine,120,36,True,1.4777570460700309,1.2863804503990066,0.1295047762959235,1.593023018621177,test_e1n,primary,p0f4,0.1304347826086956,-0.0174561964928774,positive/all/chemistry/yield/ecfp4/k5/p0f4/scale0.25_ecfp4,positive,all,yield,ecfp4,0,4,scale0.25_ecfp4
amine,123,27,True,2.1052878370924293,2.4186952385241423,-0.1488667705716448,1.4848768554910032,test_e1n,primary,p0f4,0.3478260869565217,-0.070327027724476,positive/all/chemistry/yield/ecfp4/k5/p0f4/scale0.25_ecfp4,positive,all,yield,ecfp4,0,4,scale0.25_ecfp4
amine,143,8,True,1.5447423011478785,1.510783308168155,0.0219835974935683,1.0586764087526308,test_e1n,primary,p0f4,0.1702127659574468,-0.012193987731689,positive/all/chemistry/yield/ecfp4/k5/p0f4/scale0.25_ecfp4,positive,all,yield,ecfp4,0,4,scale0.25_ecfp4
amine,151,8,True,3.115578407294976,3.0856440425210945,0.0096079638707829,1.8603013473845875,test_e1n,primary,p0f4,0.1842105263157894,-0.0061128224323105,positive/all/chemistry/yield/ecfp4/k5/p0f4/scale0.25_ecfp4,positive,all,yield,ecfp4,0,4,scale0.25_ecfp4
amine,154,73,True,1.3633151065741311,1.354708998529505,0.006312633083229,1.5164809493002047,test_e1n,primary,p0f4,0.3,-0.0116123568056514,positive/all/chemistry/yield/ecfp4/k5/p0f4/scale0.25_ecfp4,positive,all,yield,ecfp4,0,4,scale0.25_ecfp4
amine,156,60,True,3.994174859382456,4.226167821695322,-0.0580828257350591,1.2953000276732458,test_e1n,primary,p0f4,0.1451612903225806,0.0024661683330411,positive/all/chemistry/yield/ecfp4/k5/p0f4/scale0.25_ecfp4,positive,all,yield,ecfp4,0,4,scale0.25_ecfp4
amine,164,4,True,2.5331426895683804,2.0259264239227326,0.2002320152490391,2.4485436443111843,test_e1n,primary,p0f4,0.1666666666666666,-0.0106666337187137,positive/all/chemistry/yield/ecfp4/k5/p0f4/scale0.25_ecfp4,positive,all,yield,ecfp4,0,4,scale0.25_ecfp4
amine,169,51,True,1.451902385484361,1.3591080340339208,0.0639122522134871,1.663664177426537,test_e1n,primary,p0f4,0.1785714285714285,-0.019017451059186,positive/all/chemistry/yield/ecfp4/k5/p0f4/scale0.25_ecfp4,positive,all,yield,ecfp4,0,4,scale0.25_ecfp4
amine,170,30,True,0.8280563802546925,0.820592149150247,0.0090141580723641,0.9421116726713308,test_e1n,primary,p0f4,0.3125,0.0043024745304227,positive/all/chemistry/yield/ecfp4/k5/p0f4/scale0.25_ecfp4,positive,all,yield,ecfp4,0,4,scale0.25_ecfp4
amine,171,7,True,0.536108249264665,0.4034425897848841,0.247460582189786,0.594999268471393,test_e1n,primary,p0f4,0.2142857142857142,0.0285857977543643,positive/all/chemistry/yield/ecfp4/k5/p0f4/scale0.25_ecfp4,positive,all,yield,ecfp4,0,4,scale0.25_ecfp4
amine,172,71,True,1.144682392520968,1.1984196512595957,-0.0469451256433504,1.5318684595215777,test_e1n,primary,p0f4,0.2592592592592592,-0.0187720202551626,positive/all/chemistry/yield/ecfp4/k5/p0f4/scale0.25_ecfp4,positive,all,yield,ecfp4,0,4,scale0.25_ecfp4
amine,178,67,True,1.0724321129871217,1.0271111900331598,0.0422599457859633,1.3960263371670738,test_e1n,primary,p0f4,0.3043478260869565,0.001356942203794,positive/all/chemistry/yield/ecfp4/k5/p0f4/scale0.25_ecfp4,positive,all,yield,ecfp4,0,4,scale0.25_ecfp4
amine,189,55,True,1.6165810171568264,1.6742415436642566,-0.0356681947242216,1.5269032936627691,test_e1n,primary,p0f4,0.25,-0.0130789463615657,positive/all/chemistry/yield/ecfp4/k5/p0f4/scale0.25_ecfp4,positive,all,yield,ecfp4,0,4,scale0.25_ecfp4
amine,192,84,True,1.368260908215891,1.3255136742872533,0.0312420194657002,1.4222640869801697,test_e1n,primary,p0f4,0.2558139534883721,0.0111633692772302,positive/all/chemistry/yield/ecfp4/k5/p0f4/scale0.25_ecfp4,positive,all,yield,ecfp4,0,4,scale0.25_ecfp4
amine,194,8,True,2.351303324772296,2.355742244427159,-0.0018878549645622,1.9661121395070835,test_e1n,primary,p0f4,0.1666666666666666,0.005762431096258,positive/all/chemistry/yield/ecfp4/k5/p0f4/scale0.25_ecfp4,positive,all,yield,ecfp4,0,4,scale0.25_ecfp4
amine,200,5,True,1.211363525928888,1.0349715911441542,0.1456143684444142,0.9218364328570368,test_e1n,primary,p0f4,0.275,0.0764304564382963,positive/all/chemistry/yield/ecfp4/k5/p0f4/scale0.25_ecfp4,positive,all,yield,ecfp4,0,4,scale0.25_ecfp4
amine,201,8,True,0.9432495863974402,0.8112792432090646,0.1399103112172153,1.210790537083404,test_e1n,primary,p0f4,0.1538461538461538,0.0010856895329793,positive/all/chemistry/yield/ecfp4/k5/p0f4/scale0.25_ecfp4,positive,all,yield,ecfp4,0,4,scale0.25_ecfp4
amine,206,8,True,4.297242768771566,3.718272801389825,0.1347305699340902,0.7014951401795878,test_e1n,primary,p0f4,0.2222222222222222,0.0135725174827391,positive/all/chemistry/yield/ecfp4/k5/p0f4/scale0.25_ecfp4,positive,all,yield,ecfp4,0,4,scale0.25_ecfp4
amine,210,37,True,1.9281467538072088,2.0202866282306458,-0.0477867539083853,1.3543254635888724,test_e1n,primary,p0f4,0.3571428571428571,-0.0049530466730978,positive/all/chemistry/yield/ecfp4/k5/p0f4/scale0.25_ecfp4,positive,all,yield,ecfp4,0,4,scale0.25_ecfp4
amine,211,41,True,0.8708270128331517,1.0841285595106915,-0.2449413529141497,1.4317137169481753,test_e1n,primary,p0f4,0.5945945945945946,-0.0037404467366533,positive/all/chemistry/yield/ecfp4/k5/p0f4/scale0.25_ecfp4,positive,all,yield,ecfp4,0,4,scale0.25_ecfp4
amine,217,8,True,3.443245008347609,3.7667176807635743,-0.0939441345683378,1.0946705148734162,test_e1n,primary,p0f4,0.1481481481481481,-0.0007730045794329,positive/all/chemistry/yield/ecfp4/k5/p0f4/scale0.25_ecfp4,positive,all,yield,ecfp4,0,4,scale0.25_ecfp4
amine,221,38,True,1.2814419881948456,1.2515452386455803,0.0233305524750131,1.7783259004713357,test_e1n,primary,p0f4,0.3095238095238095,0.0018110903546664,positive/all/chemistry/yield/ecfp4/k5/p0f4/scale0.25_ecfp4,positive,all,yield,ecfp4,0,4,scale0.25_ecfp4
acid,8,11,True,4.69763266695678,6.749046638824626,-0.4366910138158573,1.476745691639202,test_e1a,primary,p0f0,0.3076923076923077,0.0402985506613939,positive/all/chemistry/yield/shuffled_both/k5/p0f0/scale0.25_shuffled_both,positive,all,yield,shuffled_both,0,0,scale0.25_shuffled_both
acid,20,20,True,1.0877324113912938,1.7099529339277235,-0.5720345518991767,1.1611933784759896,test_e1a,primary,p0f0,0.5161290322580645,-0.0955817747369343,positive/all/chemistry/yield/shuffled_both/k5/p0f0/scale0.25_shuffled_both,positive,all,yield,shuffled_both,0,0,scale0.25_shuffled_both
acid,21,15,True,2.111118285262518,1.473259252620885,0.3021427255376716,1.1310268488612245,test_e1a,primary,p0f0,0.3055555555555556,0.2112663549115998,positive/all/chemistry/yield/shuffled_both/k5/p0f0/scale0.25_shuffled_both,positive,all,yield,shuffled_both,0,0,scale0.25_shuffled_both
acid,22,32,True,1.748236937755416,1.7061505667207075,0.0240736081739261,1.1171795543639649,test_e1a,primary,p0f0,0.5434782608695652,0.0696202726460099,positive/all/chemistry/yield/shuffled_both/k5/p0f0/scale0.25_shuffled_both,positive,all,yield,shuffled_both,0,0,scale0.25_shuffled_both
acid,23,37,True,8.775490565065065,9.193622427560248,-0.0476476909632552,1.495225757069653,test_e1a,primary,p0f0,0.4651162790697674,-0.1089248592480676,positive/all/chemistry/yield/shuffled_both/k5/p0f0/scale0.25_shuffled_both,positive,all,yield,shuffled_both,0,0,scale0.25_shuffled_both
acid,24,60,True,5.955344393860285,6.04538937191339,-0.0151200286831334,1.4703812104888334,test_e1a,primary,p0f0,0.4042553191489361,-0.064199548389332,positive/all/chemistry/yield/shuffled_both/k5/p0f0/scale0.25_shuffled_both,positive,all,yield,shuffled_both,0,0,scale0.25_shuffled_both
acid,36,26,True,0.5670502831737422,0.6706880322804766,-0.1827664180444119,1.1428027846520032,test_e1a,primary,p0f0,0.3888888888888889,-0.1095130552537344,positive/all/chemistry/yield/shuffled_both/k5/p0f0/scale0.25_shuffled_both,positive,all,yield,shuffled_both,0,0,scale0.25_shuffled_both
acid,45,30,True,1.893072244121621,1.890199516466582,0.0015174949946887,1.430065941074719,test_e1a,primary,p0f0,0.6078431372549019,0.0698691554618023,positive/all/chemistry/yield/shuffled_both/k5/p0f0/scale0.25_shuffled_both,positive,all,yield,shuffled_both,0,0,scale0.25_shuffled_both
acid,48,12,True,0.7236440427924333,0.6125283027259708,0.1535502726418967,1.3750758787881998,test_e1a,primary,p0f0,0.3777777777777777,0.0718299831101025,positive/all/chemistry/yield/shuffled_both/k5/p0f0/scale0.25_shuffled_both,positive,all,yield,shuffled_both,0,0,scale0.25_shuffled_both
acid,54,12,True,1.6917357542036535,1.7462346073098844,-0.0322147551535818,1.9552702558860071,test_e1a,primary,p0f0,0.5490196078431373,-0.0538545581923017,positive/all/chemistry/yield/shuffled_both/k5/p0f0/scale0.25_shuffled_both,positive,all,yield,shuffled_both,0,0,scale0.25_shuffled_both
acid,56,31,True,1.2102413295968726,1.128765399157402,0.0673220525914528,1.5554920120623712,test_e1a,primary,p0f0,0.5833333333333334,0.0231429756579312,positive/all/chemistry/yield/shuffled_both/k5/p0f0/scale0.25_shuffled_both,positive,all,yield,shuffled_both,0,0,scale0.25_shuffled_both
acid,59,70,True,1.5980322493081234,1.3676385988781714,0.144173342264965,1.5464361122930397,test_e1a,primary,p0f0,0.5,-0.0886588438989344,positive/all/chemistry/yield/shuffled_both/k5/p0f0/scale0.25_shuffled_both,positive,all,yield,shuffled_both,0,0,scale0.25_shuffled_both
acid,79,5,True,1.492419439122506,1.0819270883734462,0.275051597418495,1.0318294043723386,test_e1a,primary,p0f0,0.5319148936170213,0.2196212958600479,positive/all/chemistry/yield/shuffled_both/k5/p0f0/scale0.25_shuffled_both,positive,all,yield,shuffled_both,0,0,scale0.25_shuffled_both
acid,81,36,True,3.66543975349043,3.2346926292411884,0.1175158107124966,1.6367908688692543,test_e1a,primary,p0f0,0.3714285714285714,0.0790540415628677,positive/all/chemistry/yield/shuffled_both/k5/p0f0/scale0.25_shuffled_both,positive,all,yield,shuffled_both,0,0,scale0.25_shuffled_both
acid,86,21,True,1.9279009031421732,1.9529657675406829,-0.0130011165810741,1.602181407738991,test_e1a,primary,p0f0,0.2962962962962963,-0.0492986037807756,positive/all/chemistry/yield/shuffled_both/k5/p0f0/scale0.25_shuffled_both,positive,all,yield,shuffled_both,0,0,scale0.25_shuffled_both
acid,97,8,True,1.41751855987435,1.5855398896779032,-0.1185320140135919,1.1323903480369484,test_e1a,primary,p0f0,0.1555555555555555,-0.4058000740620295,positive/all/chemistry/yield/shuffled_both/k5/p0f0/scale0.25_shuffled_both,positive,all,yield,shuffled_both,0,0,scale0.25_shuffled_both
acid,98,30,True,2.8446859829847053,3.5731340871835635,-0.2560732919401369,1.570562565571903,test_e1a,primary,p0f0,0.146788990825688,-0.0614273759453438,positive/all/chemistry/yield/shuffled_both/k5/p0f0/scale0.25_shuffled_both,positive,all,yield,shuffled_both,0,0,scale0.25_shuffled_both
acid,100,27,True,1.1625965840680603,1.150102985631324,0.0107462886163141,1.173167772213616,test_e1a,primary,p0f0,0.5142857142857142,0.1104083836786291,positive/all/chemistry/yield/shuffled_both/k5/p0f0/scale0.25_shuffled_both,positive,all,yield,shuffled_both,0,0,scale0.25_shuffled_both
acid,103,35,True,5.889191466954435,7.107539186837604,-0.206878605784782,1.2633255836872324,test_e1a,primary,p0f0,0.3272727272727272,0.0828395234553929,positive/all/chemistry/yield/shuffled_both/k5/p0f0/scale0.25_shuffled_both,positive,all,yield,shuffled_both,0,0,scale0.25_shuffled_both
acid,114,59,True,2.1899161708681265,2.56572981839118,-0.1716109742109777,1.222079460469954,test_e1a,primary,p0f0,0.3620689655172414,-0.0976024826388779,positive/all/chemistry/yield/shuffled_both/k5/p0f0/scale0.25_shuffled_both,positive,all,yield,shuffled_both,0,0,scale0.25_shuffled_both
acid,116,10,True,1.916714748415906,2.1256538227937436,-0.1090089563668865,1.5850175916323397,test_e1a,primary,p0f0,0.40625,0.1467544396393583,positive/all/chemistry/yield/shuffled_both/k5/p0f0/scale0.25_shuffled_both,positive,all,yield,shuffled_both,0,0,scale0.25_shuffled_both
acid,120,13,True,4.983332861038805,5.9927304521124105,-0.202554719746975,1.349996135540077,test_e1a,primary,p0f0,0.3611111111111111,0.0637943395251006,positive/all/chemistry/yield/shuffled_both/k5/p0f0/scale0.25_shuffled_both,positive,all,yield,shuffled_both,0,0,scale0.25_shuffled_both
acid,125,12,True,0.6852265505928612,0.5452258547887435,0.204313005214098,1.3621352042807786,test_e1a,primary,p0f0,0.5208333333333334,0.0333353939354006,positive/all/chemistry/yield/shuffled_both/k5/p0f0/scale0.25_shuffled_both,positive,all,yield,shuffled_both,0,0,scale0.25_shuffled_both
acid,127,40,True,1.3867943407486436,1.1535882889445737,0.1681619580868614,1.2045343000256408,test_e1a,primary,p0f0,0.58,0.0742280358815503,positive/all/chemistry/yield/shuffled_both/k5/p0f0/scale0.25_shuffled_both,positive,all,yield,shuffled_both,0,0,scale0.25_shuffled_both
acid,129,87,True,2.0511276124650206,1.5494098939864076,0.2446058038659304,1.5391313448858306,test_e1a,primary,p0f0,0.3559322033898305,-0.0026850620058991,positive/all/chemistry/yield/shuffled_both/k5/p0f0/scale0.25_shuffled_both,positive,all,yield,shuffled_both,0,0,scale0.25_shuffled_both
acid,133,35,True,8.685252585126014,12.207106726788291,-0.4054981829421578,1.6698715839109364,test_e1a,primary,p0f0,0.4857142857142857,-0.0365945539726557,positive/all/chemistry/yield/shuffled_both/k5/p0f0/scale0.25_shuffled_both,positive,all,yield,shuffled_both,0,0,scale0.25_shuffled_both
acid,136,2,False,4.988104719838157,5.122483201756026,-0.0269397876478882,0.3153374533935504,test_e1a,primary,p0f0,0.5833333333333334,-0.1839795296996835,positive/all/chemistry/yield/shuffled_both/k5/p0f0/scale0.25_shuffled_both,positive,all,yield,shuffled_both,0,0,scale0.25_shuffled_both
acid,138,10,True,2.765022499132227,3.959613013376301,-0.4320364534534469,0.9592982516336604,test_e1a,primary,p0f0,0.5238095238095238,-0.1840593218748378,positive/all/chemistry/yield/shuffled_both/k5/p0f0/scale0.25_shuffled_both,positive,all,yield,shuffled_both,0,0,scale0.25_shuffled_both
acid,141,30,True,0.8978312174554882,0.9230345744108568,-0.0280713751820711,1.3161464528776472,test_e1a,primary,p0f0,0.4146341463414634,0.0126402196331046,positive/all/chemistry/yield/shuffled_both/k5/p0f0/scale0.25_shuffled_both,positive,all,yield,shuffled_both,0,0,scale0.25_shuffled_both
acid,145,51,True,1.5490228957777414,1.5899062737062188,-0.0263930107423948,1.5442336037673303,test_e1a,primary,p0f0,0.2653061224489796,0.0022856652514429,positive/all/chemistry/yield/shuffled_both/k5/p0f0/scale0.25_shuffled_both,positive,all,yield,shuffled_both,0,0,scale0.25_shuffled_both
acid,147,104,True,8.158384075265605,8.920391141899952,-0.0934017152912156,1.4463722354624005,test_e1a,primary,p0f0,0.4375,-0.0572533614843635,positive/all/chemistry/yield/shuffled_both/k5/p0f0/scale0.25_shuffled_both,positive,all,yield,shuffled_both,0,0,scale0.25_shuffled_both
acid,153,18,True,1.206909369700374,0.6988290290073359,0.4209763826915798,1.1066951484069014,test_e1a,primary,p0f0,0.2708333333333333,0.1472246258743011,positive/all/chemistry/yield/shuffled_both/k5/p0f0/scale0.25_shuffled_both,positive,all,yield,shuffled_both,0,0,scale0.25_shuffled_both
acid,156,7,True,2.134165771589608,2.7177677036135095,-0.2734567013457498,1.263727002309159,test_e1a,primary,p0f0,0.3157894736842105,-0.1557428887443608,positive/all/chemistry/yield/shuffled_both/k5/p0f0/scale0.25_shuffled_both,positive,all,yield,shuffled_both,0,0,scale0.25_shuffled_both
acid,159,20,True,2.4234637285203195,1.89810838709172,0.2167787102592052,1.431487262959743,test_e1a,primary,p0f0,0.3584905660377358,0.0079860417788595,positive/all/chemistry/yield/shuffled_both/k5/p0f0/scale0.25_shuffled_both,positive,all,yield,shuffled_both,0,0,scale0.25_shuffled_both
acid,166,16,True,2.101984421212548,1.9388075726965068,0.0776299038514811,1.4578336528032416,test_e1a,primary,p0f0,0.6896551724137931,0.0290810825301376,positive/all/chemistry/yield/shuffled_both/k5/p0f0/scale0.25_shuffled_both,positive,all,yield,shuffled_both,0,0,scale0.25_shuffled_both
acid,170,22,True,2.295064995808016,1.8408900980421392,0.1978919545178182,1.2048659322047008,test_e1a,primary,p0f0,0.8490566037735849,-0.0419269636688521,positive/all/chemistry/yield/shuffled_both/k5/p0f0/scale0.25_shuffled_both,positive,all,yield,shuffled_both,0,0,scale0.25_shuffled_both
acid,171,2,False,0.8307256432338831,0.8235628960728872,0.0086222776669231,0.9187428012848776,test_e1a,primary,p0f0,0.6530612244897959,0.2336951815170304,positive/all/chemistry/yield/shuffled_both/k5/p0f0/scale0.25_shuffled_both,positive,all,yield,shuffled_both,0,0,scale0.25_shuffled_both
acid,176,10,True,1.8578171078988197,1.947693142527226,-0.0483772241337878,1.971010735846132,test_e1a,primary,p0f0,0.6428571428571429,0.1348072382905819,positive/all/chemistry/yield/shuffled_both/k5/p0f0/scale0.25_shuffled_both,positive,all,yield,shuffled_both,0,0,scale0.25_shuffled_both
acid,196,2,False,0.0668213649875729,0.1367450540827836,-1.046427128631907,0.0561230123897922,test_e1a,primary,p0f0,0.6666666666666666,-0.8752526798672897,positive/all/chemistry/yield/shuffled_both/k5/p0f0/scale0.25_shuffled_both,positive,all,yield,shuffled_both,0,0,scale0.25_shuffled_both
acid,200,16,True,1.4408363752522635,1.414317518847488,0.0184051824761383,1.4353248551952358,test_e1a,primary,p0f0,0.6896551724137931,0.213976631723943,positive/all/chemistry/yield/shuffled_both/k5/p0f0/scale0.25_shuffled_both,positive,all,yield,shuffled_both,0,0,scale0.25_shuffled_both
acid,202,10,True,4.852595297901045,4.949323893722948,-0.0199333737688247,1.53409987122889,test_e1a,primary,p0f0,0.5769230769230769,0.0016058804716329,positive/all/chemistry/yield/shuffled_both/k5/p0f0/scale0.25_shuffled_both,positive,all,yield,shuffled_both,0,0,scale0.25_shuffled_both
acid,204,14,True,2.7013551384782324,2.325346137785225,0.1391927315802047,1.2536599772879824,test_e1a,primary,p0f0,0.6,-0.1418957830148204,positive/all/chemistry/yield/shuffled_both/k5/p0f0/scale0.25_shuffled_both,positive,all,yield,shuffled_both,0,0,scale0.25_shuffled_both
acid,216,19,True,1.3221569811476364,1.3095271406834577,0.0095524515199518,1.2172063470809154,test_e1a,primary,p0f0,0.4827586206896552,0.1662124837486723,positive/all/chemistry/yield/shuffled_both/k5/p0f0/scale0.25_shuffled_both,positive,all,yield,shuffled_both,0,0,scale0.25_shuffled_both
acid,218,8,True,1.045563307355762,1.3322662209455527,-0.2742090426976293,2.369943189503294,test_e1a,primary,p0f0,0.5294117647058824,0.1373146703693829,positive/all/chemistry/yield/shuffled_both/k5/p0f0/scale0.25_shuffled_both,positive,all,yield,shuffled_both,0,0,scale0.25_shuffled_both
acid,226,7,True,2.528597155222716,2.1318114930641228,0.1569192867828109,1.836288300186336,test_e1a,primary,p0f0,0.5,0.1699554571987025,positive/all/chemistry/yield/shuffled_both/k5/p0f0/scale0.25_shuffled_both,positive,all,yield,shuffled_both,0,0,scale0.25_shuffled_both
acid,227,8,True,2.5942007269118985,3.136174868300235,-0.208917581344407,1.762814416100261,test_e1a,primary,p0f0,0.3023255813953488,0.1540806704422963,positive/all/chemistry/yield/shuffled_both/k5/p0f0/scale0.25_shuffled_both,positive,all,yield,shuffled_both,0,0,scale0.25_shuffled_both
acid,230,79,True,1.745222646880345,1.6986993486025574,0.0266575146506089,1.562006247066991,test_e1a,primary,p0f0,0.6285714285714286,-0.0705243398557158,positive/all/chemistry/yield/shuffled_both/k5/p0f0/scale0.25_shuffled_both,positive,all,yield,shuffled_both,0,0,scale0.25_shuffled_both
acid,236,50,True,1.8097836419571576,1.8036573567872216,0.0033850925756574,1.6350352908147985,test_e1a,primary,p0f0,0.3469387755102041,-0.038441451654035,positive/all/chemistry/yield/shuffled_both/k5/p0f0/scale0.25_shuffled_both,positive,all,yield,shuffled_both,0,0,scale0.25_shuffled_both
acid,263,113,True,1.1806926787291374,1.2531749434104145,-0.0613896113587277,1.563251922084287,test_e1a,primary,p0f0,0.275,-0.0582123609669258,positive/all/chemistry/yield/shuffled_both/k5/p0f0/scale0.25_shuffled_both,positive,all,yield,shuffled_both,0,0,scale0.25_shuffled_both
amine,1,8,True,2.0717164242460777,2.3660983155778927,-0.1420956497166083,1.2980367632289675,test_e1n,primary,p0f0,0.225,-0.1173517586925629,positive/all/chemistry/yield/shuffled_both/k5/p0f0/scale0.25_shuffled_both,positive,all,yield,shuffled_both,0,0,scale0.25_shuffled_both
amine,6,27,True,2.188111041144083,2.8938432739073647,-0.3225303558608616,1.1418323894862736,test_e1n,primary,p0f0,0.1860465116279069,-0.1609169461634523,positive/all/chemistry/yield/shuffled_both/k5/p0f0/scale0.25_shuffled_both,positive,all,yield,shuffled_both,0,0,scale0.25_shuffled_both
amine,7,66,True,6.017157935202121,6.601341706102069,-0.0970863283282466,1.7171270822335696,test_e1n,primary,p0f0,0.1860465116279069,-0.0591187623996156,positive/all/chemistry/yield/shuffled_both/k5/p0f0/scale0.25_shuffled_both,positive,all,yield,shuffled_both,0,0,scale0.25_shuffled_both
amine,8,8,True,1.2238031212727298,1.4652245430875273,-0.197271454548771,1.0959074897123873,test_e1n,primary,p0f0,0.1621621621621621,0.1486770515467491,positive/all/chemistry/yield/shuffled_both/k5/p0f0/scale0.25_shuffled_both,positive,all,yield,shuffled_both,0,0,scale0.25_shuffled_both
amine,9,143,True,1.5248500316026274,1.6309603077449186,-0.0695873521612933,1.5477429970283028,test_e1n,primary,p0f0,0.18,-0.004540774415277,positive/all/chemistry/yield/shuffled_both/k5/p0f0/scale0.25_shuffled_both,positive,all,yield,shuffled_both,0,0,scale0.25_shuffled_both
amine,10,26,True,2.474280913954035,2.842258535677269,-0.1487210363414983,1.5609658882802144,test_e1n,primary,p0f0,0.2903225806451613,0.0224084900350818,positive/all/chemistry/yield/shuffled_both/k5/p0f0/scale0.25_shuffled_both,positive,all,yield,shuffled_both,0,0,scale0.25_shuffled_both
amine,13,25,True,10.932774171336089,9.71198187488064,0.1116635427864378,1.1395009037933297,test_e1n,primary,p0f0,0.28,0.0800379228910881,positive/all/chemistry/yield/shuffled_both/k5/p0f0/scale0.25_shuffled_both,positive,all,yield,shuffled_both,0,0,scale0.25_shuffled_both
amine,19,8,True,5.86429403609665,6.403158923257514,-0.091889131725656,1.297571617953548,test_e1n,primary,p0f0,0.2131147540983606,-0.1056360118038564,positive/all/chemistry/yield/shuffled_both/k5/p0f0/scale0.25_shuffled_both,positive,all,yield,shuffled_both,0,0,scale0.25_shuffled_both
amine,21,48,True,1.7137591860051975,2.443074218652846,-0.4255644775551543,1.6249955248299677,test_e1n,primary,p0f0,0.2553191489361702,-0.0903606649390715,positive/all/chemistry/yield/shuffled_both/k5/p0f0/scale0.25_shuffled_both,positive,all,yield,shuffled_both,0,0,scale0.25_shuffled_both
amine,26,29,True,4.832820475547324,3.5890064145393255,0.2573681491587238,1.2731922837018428,test_e1n,primary,p0f0,0.425,0.0970745420311078,positive/all/chemistry/yield/shuffled_both/k5/p0f0/scale0.25_shuffled_both,positive,all,yield,shuffled_both,0,0,scale0.25_shuffled_both
amine,33,82,True,4.779767834151467,4.8110568575916135,-0.006546138751047,1.6863602266906594,test_e1n,primary,p0f0,0.2777777777777778,-0.0379875944072738,positive/all/chemistry/yield/shuffled_both/k5/p0f0/scale0.25_shuffled_both,positive,all,yield,shuffled_both,0,0,scale0.25_shuffled_both
amine,36,8,True,0.9896557491029911,1.1070627510445488,-0.1186341837027407,1.059037990972422,test_e1n,primary,p0f0,0.1791044776119403,0.1063410470245486,positive/all/chemistry/yield/shuffled_both/k5/p0f0/scale0.25_shuffled_both,positive,all,yield,shuffled_both,0,0,scale0.25_shuffled_both
amine,46,26,True,4.858649217024858,3.799352310081162,0.2180229235796416,1.685282050017164,test_e1n,primary,p0f0,0.7368421052631579,0.0504163415608733,positive/all/chemistry/yield/shuffled_both/k5/p0f0/scale0.25_shuffled_both,positive,all,yield,shuffled_both,0,0,scale0.25_shuffled_both
amine,54,6,True,0.7840899061650037,1.0940576581139223,-0.3953216965449486,0.8858022011519716,test_e1n,primary,p0f0,0.1956521739130435,0.0044760158858813,positive/all/chemistry/yield/shuffled_both/k5/p0f0/scale0.25_shuffled_both,positive,all,yield,shuffled_both,0,0,scale0.25_shuffled_both
amine,61,48,True,1.5668995960809466,1.6038056479543288,-0.023553552483956,1.3492443348240968,test_e1n,primary,p0f0,0.8333333333333334,-0.1023614160083228,positive/all/chemistry/yield/shuffled_both/k5/p0f0/scale0.25_shuffled_both,positive,all,yield,shuffled_both,0,0,scale0.25_shuffled_both
amine,63,8,True,1.381463228804679,1.2444707053190815,0.0991647990545006,1.3197950466633757,test_e1n,primary,p0f0,0.1891891891891892,-0.0008155574426769,positive/all/chemistry/yield/shuffled_both/k5/p0f0/scale0.25_shuffled_both,positive,all,yield,shuffled_both,0,0,scale0.25_shuffled_both
amine,67,39,True,1.2174220300639151,1.2695266726817422,-0.0427991619431198,1.5693430337016223,test_e1n,primary,p0f0,0.3658536585365853,-0.0364653698793786,positive/all/chemistry/yield/shuffled_both/k5/p0f0/scale0.25_shuffled_both,positive,all,yield,shuffled_both,0,0,scale0.25_shuffled_both
amine,78,8,True,1.7006383650754675,1.5796070120452403,0.0711681892610111,1.2560360009237117,test_e1n,primary,p0f0,0.1444444444444444,-0.2598370842242459,positive/all/chemistry/yield/shuffled_both/k5/p0f0/scale0.25_shuffled_both,positive,all,yield,shuffled_both,0,0,scale0.25_shuffled_both
amine,80,6,True,5.301676205704864,4.520157080898528,0.1474098180430905,1.6364466154013058,test_e1n,primary,p0f0,0.3,0.1197366924035827,positive/all/chemistry/yield/shuffled_both/k5/p0f0/scale0.25_shuffled_both,positive,all,yield,shuffled_both,0,0,scale0.25_shuffled_both
amine,84,4,True,4.095468734940098,2.9863483384477707,0.2708164726127618,0.9087391331556992,test_e1n,primary,p0f0,0.4054054054054054,0.1796096642821685,positive/all/chemistry/yield/shuffled_both/k5/p0f0/scale0.25_shuffled_both,positive,all,yield,shuffled_both,0,0,scale0.25_shuffled_both
amine,89,17,True,1.7210122953264495,1.6165166346697433,0.0607175561386009,1.913477862726425,test_e1n,primary,p0f0,0.2857142857142857,-0.0309770919695857,positive/all/chemistry/yield/shuffled_both/k5/p0f0/scale0.25_shuffled_both,positive,all,yield,shuffled_both,0,0,scale0.25_shuffled_both
amine,95,38,True,2.909718263170761,3.0957017529747177,-0.0639180405051613,1.2245449613786514,test_e1n,primary,p0f0,0.1935483870967742,-0.0975335641297276,positive/all/chemistry/yield/shuffled_both/k5/p0f0/scale0.25_shuffled_both,positive,all,yield,shuffled_both,0,0,scale0.25_shuffled_both
amine,100,7,True,0.6364380745394742,0.5288192049043665,0.1690955867355682,1.2674262400563865,test_e1n,primary,p0f0,0.2352941176470588,-0.0978310077790804,positive/all/chemistry/yield/shuffled_both/k5/p0f0/scale0.25_shuffled_both,positive,all,yield,shuffled_both,0,0,scale0.25_shuffled_both
amine,101,36,True,1.2335102007904708,1.5228166500920322,-0.2345391623970072,1.366575859667971,test_e1n,primary,p0f0,0.2222222222222222,-0.087667039915684,positive/all/chemistry/yield/shuffled_both/k5/p0f0/scale0.25_shuffled_both,positive,all,yield,shuffled_both,0,0,scale0.25_shuffled_both
amine,115,14,True,2.011163354447954,2.0680602508213615,-0.0282905395265742,1.2451152090697637,test_e1n,primary,p0f0,0.1860465116279069,0.1129490357402592,positive/all/chemistry/yield/shuffled_both/k5/p0f0/scale0.25_shuffled_both,positive,all,yield,shuffled_both,0,0,scale0.25_shuffled_both
amine,144,21,True,1.1350842429196917,1.156962603631452,-0.0192746581130263,1.0107684110867372,test_e1n,primary,p0f0,0.2222222222222222,0.0303071663710736,positive/all/chemistry/yield/shuffled_both/k5/p0f0/scale0.25_shuffled_both,positive,all,yield,shuffled_both,0,0,scale0.25_shuffled_both
amine,146,3,True,2.9493819617062766,2.633417020603535,0.1071292037467909,1.517813158901759,test_e1n,primary,p0f0,0.1923076923076923,0.0890855391316614,positive/all/chemistry/yield/shuffled_both/k5/p0f0/scale0.25_shuffled_both,positive,all,yield,shuffled_both,0,0,scale0.25_shuffled_both
amine,147,8,True,8.033701415999317,8.643281911159525,-0.0758779127571522,0.5220492099909627,test_e1n,primary,p0f0,0.1684210526315789,0.1406064440547222,positive/all/chemistry/yield/shuffled_both/k5/p0f0/scale0.25_shuffled_both,positive,all,yield,shuffled_both,0,0,scale0.25_shuffled_both
amine,150,33,True,1.0592107774227215,1.183031621877224,-0.116899154628868,1.6870107896270852,test_e1n,primary,p0f0,0.3018867924528302,-0.0113078099765833,positive/all/chemistry/yield/shuffled_both/k5/p0f0/scale0.25_shuffled_both,positive,all,yield,shuffled_both,0,0,scale0.25_shuffled_both
amine,155,8,True,2.0614926388379486,1.6467610528573318,0.2011802410385509,1.2743007919200895,test_e1n,primary,p0f0,0.1836734693877551,0.148559285411332,positive/all/chemistry/yield/shuffled_both/k5/p0f0/scale0.25_shuffled_both,positive,all,yield,shuffled_both,0,0,scale0.25_shuffled_both
amine,159,33,True,3.038746728352149,2.778434764430965,0.0856642514798677,1.4527650029086765,test_e1n,primary,p0f0,0.1842105263157894,-0.0535718116434686,positive/all/chemistry/yield/shuffled_both/k5/p0f0/scale0.25_shuffled_both,positive,all,yield,shuffled_both,0,0,scale0.25_shuffled_both
amine,160,7,True,11.047279438697974,9.884374729740935,0.1052661621723309,1.525118571087967,test_e1n,primary,p0f0,0.1566265060240964,-0.1107931386715399,positive/all/chemistry/yield/shuffled_both/k5/p0f0/scale0.25_shuffled_both,positive,all,yield,shuffled_both,0,0,scale0.25_shuffled_both
amine,161,53,True,2.187578160960298,2.773609078763757,-0.2678902762250126,1.625116141567465,test_e1n,primary,p0f0,0.4444444444444444,-0.04163807563728,positive/all/chemistry/yield/shuffled_both/k5/p0f0/scale0.25_shuffled_both,positive,all,yield,shuffled_both,0,0,scale0.25_shuffled_both
amine,167,46,True,1.0409562084945798,1.0194569813772087,0.0206533444365186,1.4491106729083263,test_e1n,primary,p0f0,0.3076923076923077,0.0225786283025095,positive/all/chemistry/yield/shuffled_both/k5/p0f0/scale0.25_shuffled_both,positive,all,yield,shuffled_both,0,0,scale0.25_shuffled_both
amine,168,6,True,0.8434291386940407,0.7985361534424175,0.0532267421079798,0.9335103219978464,test_e1n,primary,p0f0,0.1875,0.1051442402992209,positive/all/chemistry/yield/shuffled_both/k5/p0f0/scale0.25_shuffled_both,positive,all,yield,shuffled_both,0,0,scale0.25_shuffled_both
amine,173,65,True,1.1669766336173284,1.2253276469302492,-0.0500018694736394,1.436729987508405,test_e1n,primary,p0f0,0.1935483870967742,-0.0110638335616217,positive/all/chemistry/yield/shuffled_both/k5/p0f0/scale0.25_shuffled_both,positive,all,yield,shuffled_both,0,0,scale0.25_shuffled_both
amine,182,97,True,2.8342501855690223,2.515752085195585,0.1123747303590609,1.3428111372021356,test_e1n,primary,p0f0,0.1428571428571428,0.1010873460628675,positive/all/chemistry/yield/shuffled_both/k5/p0f0/scale0.25_shuffled_both,positive,all,yield,shuffled_both,0,0,scale0.25_shuffled_both
amine,183,56,True,1.277272787913147,1.3446139916853563,-0.0527226481370779,1.342321125628452,test_e1n,primary,p0f0,0.2631578947368421,0.0282081522576647,positive/all/chemistry/yield/shuffled_both/k5/p0f0/scale0.25_shuffled_both,positive,all,yield,shuffled_both,0,0,scale0.25_shuffled_both
amine,186,13,True,3.7023936925939456,4.129935854129164,-0.1154772282565328,1.2942559134621088,test_e1n,primary,p0f0,0.3333333333333333,-0.1219227256510631,positive/all/chemistry/yield/shuffled_both/k5/p0f0/scale0.25_shuffled_both,positive,all,yield,shuffled_both,0,0,scale0.25_shuffled_both
amine,197,8,True,1.1729180576522056,0.5586869184146791,0.5236777925194658,0.9898026533545808,test_e1n,primary,p0f0,0.1830985915492957,-0.0652920332109068,positive/all/chemistry/yield/shuffled_both/k5/p0f0/scale0.25_shuffled_both,positive,all,yield,shuffled_both,0,0,scale0.25_shuffled_both
amine,204,36,True,2.492650106840076,2.4201485870625987,0.0290861198603551,1.4196823109673768,test_e1n,primary,p0f0,0.2758620689655172,-0.0202746355840366,positive/all/chemistry/yield/shuffled_both/k5/p0f0/scale0.25_shuffled_both,positive,all,yield,shuffled_both,0,0,scale0.25_shuffled_both
amine,216,8,True,1.2504174461161417,1.1773297312883173,0.0584506518641739,1.3702459238315277,test_e1n,primary,p0f0,0.2542372881355932,0.1109038868379971,positive/all/chemistry/yield/shuffled_both/k5/p0f0/scale0.25_shuffled_both,positive,all,yield,shuffled_both,0,0,scale0.25_shuffled_both
amine,220,57,True,1.4102637825540751,1.266776817428787,0.1017447706594466,1.7714380392266935,test_e1n,primary,p0f0,0.1212121212121212,-0.0263613330320571,positive/all/chemistry/yield/shuffled_both/k5/p0f0/scale0.25_shuffled_both,positive,all,yield,shuffled_both,0,0,scale0.25_shuffled_both
amine,223,43,True,2.1218518940379485,2.0173505178670275,0.0492500803022833,1.262544933608115,test_e1n,primary,p0f0,0.2926829268292683,-0.1247533656495993,positive/all/chemistry/yield/shuffled_both/k5/p0f0/scale0.25_shuffled_both,positive,all,yield,shuffled_both,0,0,scale0.25_shuffled_both
amine,226,25,True,4.517031031535048,4.297600972481074,0.0485783820217421,1.7274462684803948,test_e1n,primary,p0f0,0.225,-0.0342084032794811,positive/all/chemistry/yield/shuffled_both/k5/p0f0/scale0.25_shuffled_both,positive,all,yield,shuffled_both,0,0,scale0.25_shuffled_both
amine,227,59,True,4.166680633939079,4.289081021492832,-0.0293759945402962,1.3159127718975394,test_e1n,primary,p0f0,0.3023255813953488,-0.0709568591111589,positive/all/chemistry/yield/shuffled_both/k5/p0f0/scale0.25_shuffled_both,positive,all,yield,shuffled_both,0,0,scale0.25_shuffled_both
acid,4,34,True,1.3268670843088517,1.340592158465709,-0.0103439706351649,1.048192899557871,test_e1a,primary,p0f1,0.5882352941176471,-0.0197705772412115,positive/all/chemistry/yield/ecfp4/k5/p0f1/scale0.25_ecfp4,positive,all,yield,ecfp4,0,1,scale0.25_ecfp4
acid,5,20,True,0.6912783218689531,0.7854904657925059,-0.1362868484995147,1.537335389614641,test_e1a,primary,p0f1,0.5689655172413793,-0.001272825900431,positive/all/chemistry/yield/ecfp4/k5/p0f1/scale0.25_ecfp4,positive,all,yield,ecfp4,0,1,scale0.25_ecfp4
acid,11,30,True,1.0202871778602671,1.0399396633370737,-0.0192617195464723,1.3311505507450494,test_e1a,primary,p0f1,0.4545454545454545,-0.0204572779466019,positive/all/chemistry/yield/ecfp4/k5/p0f1/scale0.25_ecfp4,positive,all,yield,ecfp4,0,1,scale0.25_ecfp4
acid,12,21,True,1.4139653834859958,1.5517746356913666,-0.0974629604195933,1.4252713248091886,test_e1a,primary,p0f1,0.3636363636363636,0.0151433081767765,positive/all/chemistry/yield/ecfp4/k5/p0f1/scale0.25_ecfp4,positive,all,yield,ecfp4,0,1,scale0.25_ecfp4
acid,18,92,True,3.8876181001368058,3.849311470835195,0.0098534959748907,1.5487993403577935,test_e1a,primary,p0f1,0.4318181818181818,0.0009180990582624,positive/all/chemistry/yield/ecfp4/k5/p0f1/scale0.25_ecfp4,positive,all,yield,ecfp4,0,1,scale0.25_ecfp4
acid,31,2,False,0.4296955397210646,0.5599849911749195,-0.3032134137078357,0.4497543329488203,test_e1a,primary,p0f1,0.4347826086956521,0.1956628301766688,positive/all/chemistry/yield/ecfp4/k5/p0f1/scale0.25_ecfp4,positive,all,yield,ecfp4,0,1,scale0.25_ecfp4
acid,33,12,True,2.30376327855468,2.3028779818850937,0.0003842828288077,2.054088766391194,test_e1a,primary,p0f1,0.6521739130434783,0.0037457473972211,positive/all/chemistry/yield/ecfp4/k5/p0f1/scale0.25_ecfp4,positive,all,yield,ecfp4,0,1,scale0.25_ecfp4
acid,35,2,False,2.776422015938654,2.1185842927640075,0.2369372233032969,1.4413594184848828,test_e1a,primary,p0f1,0.6153846153846154,0.0536340854644581,positive/all/chemistry/yield/ecfp4/k5/p0f1/scale0.25_ecfp4,positive,all,yield,ecfp4,0,1,scale0.25_ecfp4
acid,38,31,True,0.9900101835339608,0.9832535730444936,0.0068247888777756,1.3695668074025855,test_e1a,primary,p0f1,0.6888888888888889,-0.004478255462945,positive/all/chemistry/yield/ecfp4/k5/p0f1/scale0.25_ecfp4,positive,all,yield,ecfp4,0,1,scale0.25_ecfp4
acid,43,33,True,1.8722493428390437,1.715604575431292,0.0836666163120232,1.334111069586225,test_e1a,primary,p0f1,0.5833333333333334,-0.005997243604948,positive/all/chemistry/yield/ecfp4/k5/p0f1/scale0.25_ecfp4,positive,all,yield,ecfp4,0,1,scale0.25_ecfp4
acid,51,2,False,1.1926381606960528,1.0200240137083505,0.1447330403103657,1.448668540092399,test_e1a,primary,p0f1,0.4,0.1117778573157696,positive/all/chemistry/yield/ecfp4/k5/p0f1/scale0.25_ecfp4,positive,all,yield,ecfp4,0,1,scale0.25_ecfp4
acid,52,36,True,1.0197143176333858,0.9207427304093944,0.0970581519868138,1.315662819383551,test_e1a,primary,p0f1,0.6041666666666666,0.0076790976993895,positive/all/chemistry/yield/ecfp4/k5/p0f1/scale0.25_ecfp4,positive,all,yield,ecfp4,0,1,scale0.25_ecfp4
acid,53,9,True,1.45987232537201,1.5090664456482368,-0.0336975497248985,1.4084383539199627,test_e1a,primary,p0f1,0.6666666666666666,-0.0126075346007112,positive/all/chemistry/yield/ecfp4/k5/p0f1/scale0.25_ecfp4,positive,all,yield,ecfp4,0,1,scale0.25_ecfp4
acid,62,41,True,1.350734374580864,1.363473702504867,-0.0094314086942195,1.392711350987421,test_e1a,primary,p0f1,0.603448275862069,-0.0049449233291958,positive/all/chemistry/yield/ecfp4/k5/p0f1/scale0.25_ecfp4,positive,all,yield,ecfp4,0,1,scale0.25_ecfp4
acid,68,59,True,2.031123130622722,2.1105067306233805,-0.0390835980368753,1.4226968043119033,test_e1a,primary,p0f1,0.3148148148148148,-0.0029527654931225,positive/all/chemistry/yield/ecfp4/k5/p0f1/scale0.25_ecfp4,positive,all,yield,ecfp4,0,1,scale0.25_ecfp4
acid,69,30,True,2.165073169909053,2.0601676083201035,0.0484535871798532,1.3915888664214848,test_e1a,primary,p0f1,0.6666666666666666,0.0070951861511958,positive/all/chemistry/yield/ecfp4/k5/p0f1/scale0.25_ecfp4,positive,all,yield,ecfp4,0,1,scale0.25_ecfp4
acid,71,49,True,1.1851930922921583,1.2048407121865323,-0.0165775686866143,1.6227931007416776,test_e1a,primary,p0f1,0.3636363636363636,-0.0069852522594744,positive/all/chemistry/yield/ecfp4/k5/p0f1/scale0.25_ecfp4,positive,all,yield,ecfp4,0,1,scale0.25_ecfp4
acid,73,110,True,1.1903725505464795,1.1736659658978816,0.0140347529359007,1.7090796963334722,test_e1a,primary,p0f1,0.2272727272727272,0.0093560634866926,positive/all/chemistry/yield/ecfp4/k5/p0f1/scale0.25_ecfp4,positive,all,yield,ecfp4,0,1,scale0.25_ecfp4
acid,76,38,True,0.8023277371371782,0.8387075582087017,-0.0453428435633198,1.2885618756099937,test_e1a,primary,p0f1,0.6382978723404256,0.0011670417260606,positive/all/chemistry/yield/ecfp4/k5/p0f1/scale0.25_ecfp4,positive,all,yield,ecfp4,0,1,scale0.25_ecfp4
acid,77,34,True,0.8022852629434953,0.8008654906634165,0.0017696601765684,1.5419028969980375,test_e1a,primary,p0f1,0.3636363636363636,0.0013739271036948,positive/all/chemistry/yield/ecfp4/k5/p0f1/scale0.25_ecfp4,positive,all,yield,ecfp4,0,1,scale0.25_ecfp4
acid,87,28,True,3.1084380288137283,3.1520527154723497,-0.014031061984937,1.654091479738116,test_e1a,primary,p0f1,0.5609756097560976,0.0049138709447521,positive/all/chemistry/yield/ecfp4/k5/p0f1/scale0.25_ecfp4,positive,all,yield,ecfp4,0,1,scale0.25_ecfp4
acid,90,16,True,1.1563085367898411,1.0611523998676058,0.0822930332992343,1.1678864976992864,test_e1a,primary,p0f1,0.4814814814814814,0.003881872917298,positive/all/chemistry/yield/ecfp4/k5/p0f1/scale0.25_ecfp4,positive,all,yield,ecfp4,0,1,scale0.25_ecfp4
acid,91,8,True,1.1032958101971737,1.0450235730530322,0.0528165126755328,1.8981394133224696,test_e1a,primary,p0f1,0.3243243243243243,-0.0137671197039763,positive/all/chemistry/yield/ecfp4/k5/p0f1/scale0.25_ecfp4,positive,all,yield,ecfp4,0,1,scale0.25_ecfp4
acid,107,14,True,1.6782870088270874,1.670944787871294,0.0043748303580831,1.5778861108264892,test_e1a,primary,p0f1,0.2631578947368421,0.0142452594075005,positive/all/chemistry/yield/ecfp4/k5/p0f1/scale0.25_ecfp4,positive,all,yield,ecfp4,0,1,scale0.25_ecfp4
acid,109,4,True,0.1405017410796608,0.1336989843375621,0.0484175974605304,0.788474565864496,test_e1a,primary,p0f1,0.3333333333333333,-0.0876019933045031,positive/all/chemistry/yield/ecfp4/k5/p0f1/scale0.25_ecfp4,positive,all,yield,ecfp4,0,1,scale0.25_ecfp4
acid,111,10,True,3.026541240260494,3.113297870744678,-0.0286652728633285,1.7090728514256766,test_e1a,primary,p0f1,0.2325581395348837,0.0078059782748453,positive/all/chemistry/yield/ecfp4/k5/p0f1/scale0.25_ecfp4,positive,all,yield,ecfp4,0,1,scale0.25_ecfp4
acid,115,2,False,0.092247308830294,0.0975403057061605,-0.057378333774527,0.8087299748190141,test_e1a,primary,p0f1,0.4146341463414634,-0.0466944643829991,positive/all/chemistry/yield/ecfp4/k5/p0f1/scale0.25_ecfp4,positive,all,yield,ecfp4,0,1,scale0.25_ecfp4
acid,124,96,True,1.3036793210594655,1.2608615025285252,0.032843827342558,1.4764909887611877,test_e1a,primary,p0f1,0.4375,0.0001395469438915,positive/all/chemistry/yield/ecfp4/k5/p0f1/scale0.25_ecfp4,positive,all,yield,ecfp4,0,1,scale0.25_ecfp4
acid,137,4,True,0.1226301748453841,0.1610652146126349,-0.3134223678283989,0.5212085807884725,test_e1a,primary,p0f1,0.5490196078431373,0.0837674433252334,positive/all/chemistry/yield/ecfp4/k5/p0f1/scale0.25_ecfp4,positive,all,yield,ecfp4,0,1,scale0.25_ecfp4
acid,151,20,True,1.1725016530633043,1.1577222462284311,0.0126050200409186,1.5050424667993834,test_e1a,primary,p0f1,0.4242424242424242,0.009866843096689,positive/all/chemistry/yield/ecfp4/k5/p0f1/scale0.25_ecfp4,positive,all,yield,ecfp4,0,1,scale0.25_ecfp4
acid,152,4,True,1.447265927295857,1.4015846984451292,0.0315638114524542,1.0934677147300824,test_e1a,primary,p0f1,0.7254901960784313,0.0565370770859606,positive/all/chemistry/yield/ecfp4/k5/p0f1/scale0.25_ecfp4,positive,all,yield,ecfp4,0,1,scale0.25_ecfp4
acid,154,74,True,3.096228902783423,3.070767097618256,0.0082234892718291,1.5260879531289506,test_e1a,primary,p0f1,0.234375,0.0061784042347117,positive/all/chemistry/yield/ecfp4/k5/p0f1/scale0.25_ecfp4,positive,all,yield,ecfp4,0,1,scale0.25_ecfp4
acid,160,7,True,0.3530602760449516,0.448409662665061,-0.2700654621591285,1.4999314238565793,test_e1a,primary,p0f1,0.4821428571428571,0.0035575358905762,positive/all/chemistry/yield/ecfp4/k5/p0f1/scale0.25_ecfp4,positive,all,yield,ecfp4,0,1,scale0.25_ecfp4
acid,161,10,True,0.7503527114647313,0.8276326800107123,-0.1029915230067286,1.1366245736691465,test_e1a,primary,p0f1,0.6274509803921569,0.009140363551743,positive/all/chemistry/yield/ecfp4/k5/p0f1/scale0.25_ecfp4,positive,all,yield,ecfp4,0,1,scale0.25_ecfp4
acid,167,4,True,0.9384926282211704,1.1711336099227263,-0.2478879159045779,1.3383346944104657,test_e1a,primary,p0f1,0.6551724137931034,0.0109109039880093,positive/all/chemistry/yield/ecfp4/k5/p0f1/scale0.25_ecfp4,positive,all,yield,ecfp4,0,1,scale0.25_ecfp4
acid,177,57,True,1.6782170632404465,2.046608913519959,-0.2195138271137524,1.8328460769619803,test_e1a,primary,p0f1,0.7924528301886793,-0.0040714336964826,positive/all/chemistry/yield/ecfp4/k5/p0f1/scale0.25_ecfp4,positive,all,yield,ecfp4,0,1,scale0.25_ecfp4
acid,179,28,True,0.8620073878551392,0.8683770732169164,-0.0073893628424999,1.273190958620735,test_e1a,primary,p0f1,0.7254901960784313,-0.0146056326043002,positive/all/chemistry/yield/ecfp4/k5/p0f1/scale0.25_ecfp4,positive,all,yield,ecfp4,0,1,scale0.25_ecfp4
acid,180,10,True,4.159330000071137,4.03360919411683,0.0302262157492086,1.5784020181390863,test_e1a,primary,p0f1,0.7037037037037037,-0.0062626649162078,positive/all/chemistry/yield/ecfp4/k5/p0f1/scale0.25_ecfp4,positive,all,yield,ecfp4,0,1,scale0.25_ecfp4
acid,181,38,True,1.0327490420538272,1.066356381637234,-0.0325416322987546,1.3919990748582791,test_e1a,primary,p0f1,0.6666666666666666,-0.0069341677551526,positive/all/chemistry/yield/ecfp4/k5/p0f1/scale0.25_ecfp4,positive,all,yield,ecfp4,0,1,scale0.25_ecfp4
acid,185,37,True,1.455006387064275,1.4303886139251676,0.0169193574392332,1.566096740569827,test_e1a,primary,p0f1,0.6296296296296297,-0.0066641078594513,positive/all/chemistry/yield/ecfp4/k5/p0f1/scale0.25_ecfp4,positive,all,yield,ecfp4,0,1,scale0.25_ecfp4
acid,187,75,True,1.5274774159849296,1.5768770664210074,-0.032340674840174,1.466112444953836,test_e1a,primary,p0f1,0.52,0.0054706233173563,positive/all/chemistry/yield/ecfp4/k5/p0f1/scale0.25_ecfp4,positive,all,yield,ecfp4,0,1,scale0.25_ecfp4
acid,192,45,True,1.0821215191008984,1.118072952050346,-0.0332231013937498,1.3662147001365184,test_e1a,primary,p0f1,0.3529411764705882,0.00353594532219,positive/all/chemistry/yield/ecfp4/k5/p0f1/scale0.25_ecfp4,positive,all,yield,ecfp4,0,1,scale0.25_ecfp4
acid,199,2,False,0.7490235098067101,0.9652996993025162,-0.2887441938259287,0.3713218528392381,test_e1a,primary,p0f1,0.9565217391304348,-0.1605973386929242,positive/all/chemistry/yield/ecfp4/k5/p0f1/scale0.25_ecfp4,positive,all,yield,ecfp4,0,1,scale0.25_ecfp4
acid,217,20,True,0.7413536726336332,0.698321127705429,0.0580459051013163,1.4896081415666838,test_e1a,primary,p0f1,0.3050847457627119,0.0081930934945145,positive/all/chemistry/yield/ecfp4/k5/p0f1/scale0.25_ecfp4,positive,all,yield,ecfp4,0,1,scale0.25_ecfp4
acid,228,38,True,1.5579363149169625,1.610979299310833,-0.0340469529376736,1.3310852417817438,test_e1a,primary,p0f1,0.3611111111111111,-0.0048295467340302,positive/all/chemistry/yield/ecfp4/k5/p0f1/scale0.25_ecfp4,positive,all,yield,ecfp4,0,1,scale0.25_ecfp4
acid,237,6,True,1.4408345775251814,1.436183387131159,0.0032281224136164,1.3523002824136738,test_e1a,primary,p0f1,0.4390243902439024,-0.0147835276781371,positive/all/chemistry/yield/ecfp4/k5/p0f1/scale0.25_ecfp4,positive,all,yield,ecfp4,0,1,scale0.25_ecfp4
acid,242,8,True,1.4910001595737676,1.5915300212400338,-0.0674244472884595,1.1120596747478773,test_e1a,primary,p0f1,0.59375,-0.0400563453941795,positive/all/chemistry/yield/ecfp4/k5/p0f1/scale0.25_ecfp4,positive,all,yield,ecfp4,0,1,scale0.25_ecfp4
acid,246,10,True,1.4896956257039005,1.5895339658297476,-0.0670192879694282,1.6020243282894728,test_e1a,primary,p0f1,0.3823529411764705,0.011243166115581,positive/all/chemistry/yield/ecfp4/k5/p0f1/scale0.25_ecfp4,positive,all,yield,ecfp4,0,1,scale0.25_ecfp4
acid,247,10,True,1.3950812254047065,1.3772231381739997,0.0128007508849717,1.5314096330146398,test_e1a,primary,p0f1,0.5,0.0177101160013237,positive/all/chemistry/yield/ecfp4/k5/p0f1/scale0.25_ecfp4,positive,all,yield,ecfp4,0,1,scale0.25_ecfp4
acid,251,21,True,1.409731002099157,1.3457454922631764,0.0453884533579123,1.619275583864045,test_e1a,primary,p0f1,0.4516129032258064,0.0140899727372625,positive/all/chemistry/yield/ecfp4/k5/p0f1/scale0.25_ecfp4,positive,all,yield,ecfp4,0,1,scale0.25_ecfp4
acid,265,18,True,1.586622436215727,1.5384339252086534,0.0303717569518358,1.2782877659281449,test_e1a,primary,p0f1,0.3191489361702128,-0.0053149007842976,positive/all/chemistry/yield/ecfp4/k5/p0f1/scale0.25_ecfp4,positive,all,yield,ecfp4,0,1,scale0.25_ecfp4
acid,271,9,True,0.6816412040904484,0.7206309358086929,-0.0571997870496556,1.126104778294554,test_e1a,primary,p0f1,0.5172413793103449,-0.020990028859319,positive/all/chemistry/yield/ecfp4/k5/p0f1/scale0.25_ecfp4,positive,all,yield,ecfp4,0,1,scale0.25_ecfp4
amine,3,29,True,1.4812161239541022,1.508800586911442,-0.0186228481524379,1.2701965417277548,test_e1n,primary,p0f1,0.4078947368421052,0.0189124254129737,positive/all/chemistry/yield/ecfp4/k5/p0f1/scale0.25_ecfp4,positive,all,yield,ecfp4,0,1,scale0.25_ecfp4
amine,4,10,True,3.332985305827389,3.209346549343202,0.0370955000215623,1.6287302370383454,test_e1n,primary,p0f1,0.25,0.0227745996601478,positive/all/chemistry/yield/ecfp4/k5/p0f1/scale0.25_ecfp4,positive,all,yield,ecfp4,0,1,scale0.25_ecfp4
amine,11,102,True,1.2435287175495924,1.2921571782130383,-0.0391052172556736,1.5812037692060623,test_e1n,primary,p0f1,0.2647058823529412,-0.0109038834176964,positive/all/chemistry/yield/ecfp4/k5/p0f1/scale0.25_ecfp4,positive,all,yield,ecfp4,0,1,scale0.25_ecfp4
amine,17,10,True,0.7644391328328646,0.7730638739414454,-0.0112824432164,1.4794678359134972,test_e1n,primary,p0f1,0.2131147540983606,-0.0264690594713918,positive/all/chemistry/yield/ecfp4/k5/p0f1/scale0.25_ecfp4,positive,all,yield,ecfp4,0,1,scale0.25_ecfp4
amine,20,41,True,1.4693023791227977,1.509458823579975,-0.0273302793405612,1.6443735941236637,test_e1n,primary,p0f1,0.4473684210526316,-0.013343944739919,positive/all/chemistry/yield/ecfp4/k5/p0f1/scale0.25_ecfp4,positive,all,yield,ecfp4,0,1,scale0.25_ecfp4
amine,27,19,True,0.7867898788259483,0.7666309443027002,0.0256217512016415,1.479409611901504,test_e1n,primary,p0f1,0.4358974358974359,-0.0138394718609959,positive/all/chemistry/yield/ecfp4/k5/p0f1/scale0.25_ecfp4,positive,all,yield,ecfp4,0,1,scale0.25_ecfp4
amine,30,10,True,1.3941845369386203,1.4580152945558953,-0.0457835788061713,1.8898161950566064,test_e1n,primary,p0f1,0.24,-0.0299286346364939,positive/all/chemistry/yield/ecfp4/k5/p0f1/scale0.25_ecfp4,positive,all,yield,ecfp4,0,1,scale0.25_ecfp4
amine,34,10,True,0.9205045976031024,0.9358651636021508,-0.0166871149139782,1.1605273485841818,test_e1n,primary,p0f1,0.3513513513513513,0.007452813061056,positive/all/chemistry/yield/ecfp4/k5/p0f1/scale0.25_ecfp4,positive,all,yield,ecfp4,0,1,scale0.25_ecfp4
amine,38,7,True,1.6934900722060793,1.7699907359110931,-0.0451733759533399,1.6901031125040766,test_e1n,primary,p0f1,0.4772727272727273,-0.0291360370734723,positive/all/chemistry/yield/ecfp4/k5/p0f1/scale0.25_ecfp4,positive,all,yield,ecfp4,0,1,scale0.25_ecfp4
amine,41,37,True,1.0038601717830695,1.1288946476409742,-0.1245536772674393,1.6613434005776182,test_e1n,primary,p0f1,0.3809523809523809,-0.0371623094674171,positive/all/chemistry/yield/ecfp4/k5/p0f1/scale0.25_ecfp4,positive,all,yield,ecfp4,0,1,scale0.25_ecfp4
amine,48,8,True,0.4133089242517233,0.3561779619225944,0.1382282331129477,1.4798976590291997,test_e1n,primary,p0f1,0.2592592592592592,-0.0524018297109014,positive/all/chemistry/yield/ecfp4/k5/p0f1/scale0.25_ecfp4,positive,all,yield,ecfp4,0,1,scale0.25_ecfp4
amine,57,8,True,1.8831159914249944,1.92712770965018,-0.0233717510900011,1.374221745354837,test_e1n,primary,p0f1,0.44,-0.0266783219409096,positive/all/chemistry/yield/ecfp4/k5/p0f1/scale0.25_ecfp4,positive,all,yield,ecfp4,0,1,scale0.25_ecfp4
amine,59,34,True,2.1800546646373298,2.1878367788055817,-0.0035696876296202,1.8844697365085812,test_e1n,primary,p0f1,0.71875,-0.0001822404991258,positive/all/chemistry/yield/ecfp4/k5/p0f1/scale0.25_ecfp4,positive,all,yield,ecfp4,0,1,scale0.25_ecfp4
amine,60,10,True,1.4646668775079288,1.500694223818928,-0.0245976384557138,2.1151594872510704,test_e1n,primary,p0f1,0.1724137931034483,-0.021930397920596,positive/all/chemistry/yield/ecfp4/k5/p0f1/scale0.25_ecfp4,positive,all,yield,ecfp4,0,1,scale0.25_ecfp4
amine,83,16,True,1.216059183591323,1.2229914120185308,-0.0057005682953152,1.037792198788806,test_e1n,primary,p0f1,0.53125,-0.0150665294150438,positive/all/chemistry/yield/ecfp4/k5/p0f1/scale0.25_ecfp4,positive,all,yield,ecfp4,0,1,scale0.25_ecfp4
amine,85,10,True,1.407598147847072,1.3338121332428277,0.0524198008622706,1.2755178992569072,test_e1n,primary,p0f1,0.238095238095238,0.0214127992442104,positive/all/chemistry/yield/ecfp4/k5/p0f1/scale0.25_ecfp4,positive,all,yield,ecfp4,0,1,scale0.25_ecfp4
amine,87,1,False,0.64163842701196,0.6695652601891624,-0.0435242529149237,,test_e1n,primary,p0f1,0.3414634146341463,-0.0412929392377112,positive/all/chemistry/yield/ecfp4/k5/p0f1/scale0.25_ecfp4,positive,all,yield,ecfp4,0,1,scale0.25_ecfp4
amine,90,29,True,0.96929420203226,0.9536809978886592,0.0161078072177317,0.9151210679451348,test_e1n,primary,p0f1,0.3414634146341463,-0.012996946530533,positive/all/chemistry/yield/ecfp4/k5/p0f1/scale0.25_ecfp4,positive,all,yield,ecfp4,0,1,scale0.25_ecfp4
amine,104,10,True,0.79174688956143,0.9226068912703834,-0.1652800957404965,1.2062935134824295,test_e1n,primary,p0f1,0.2564102564102564,-0.0320066894330546,positive/all/chemistry/yield/ecfp4/k5/p0f1/scale0.25_ecfp4,positive,all,yield,ecfp4,0,1,scale0.25_ecfp4
amine,106,78,True,0.885013584117677,0.953287258183898,-0.0771442103165989,1.4815335667504244,test_e1n,primary,p0f1,0.3333333333333333,-0.0189427397359855,positive/all/chemistry/yield/ecfp4/k5/p0f1/scale0.25_ecfp4,positive,all,yield,ecfp4,0,1,scale0.25_ecfp4
amine,107,35,True,2.7678464161353005,2.8316890846231715,-0.023065827683103,1.2509495161069326,test_e1n,primary,p0f1,0.3157894736842105,-0.0047743939926303,positive/all/chemistry/yield/ecfp4/k5/p0f1/scale0.25_ecfp4,positive,all,yield,ecfp4,0,1,scale0.25_ecfp4
amine,118,63,True,1.590210626539651,1.5425170137954545,0.0299920098307853,1.389269453376327,test_e1n,primary,p0f1,0.2972972972972973,0.016760035758214,positive/all/chemistry/yield/ecfp4/k5/p0f1/scale0.25_ecfp4,positive,all,yield,ecfp4,0,1,scale0.25_ecfp4
amine,124,38,True,1.211666512808264,1.187362939482383,0.0200579722794788,1.4427696668611227,test_e1n,primary,p0f1,0.3478260869565217,-0.0064806520791058,positive/all/chemistry/yield/ecfp4/k5/p0f1/scale0.25_ecfp4,positive,all,yield,ecfp4,0,1,scale0.25_ecfp4
amine,125,14,True,1.2136919688316383,1.2438233362679567,-0.0248262064923476,1.959219330759166,test_e1n,primary,p0f1,0.3404255319148936,-0.0003525896203593,positive/all/chemistry/yield/ecfp4/k5/p0f1/scale0.25_ecfp4,positive,all,yield,ecfp4,0,1,scale0.25_ecfp4
amine,128,35,True,2.838201426632976,2.9506385202917595,-0.0396156145239383,1.0882108684000569,test_e1n,primary,p0f1,0.2545454545454545,0.008927865862511,positive/all/chemistry/yield/ecfp4/k5/p0f1/scale0.25_ecfp4,positive,all,yield,ecfp4,0,1,scale0.25_ecfp4
amine,135,29,True,0.6508288882560538,0.6305173036560392,0.0312087938420204,1.4277208796242444,test_e1n,primary,p0f1,0.1904761904761904,-0.0044862189792096,positive/all/chemistry/yield/ecfp4/k5/p0f1/scale0.25_ecfp4,positive,all,yield,ecfp4,0,1,scale0.25_ecfp4
amine,137,30,True,1.564816864684755,1.5544022810107916,0.006655464871962,1.3831527268821682,test_e1n,primary,p0f1,0.1578947368421052,-0.0029939093353661,positive/all/chemistry/yield/ecfp4/k5/p0f1/scale0.25_ecfp4,positive,all,yield,ecfp4,0,1,scale0.25_ecfp4
amine,138,10,True,1.5749096957208832,1.5459238655669605,0.018404756941099,1.9308601939229,test_e1n,primary,p0f1,0.1707317073170731,-0.007723103071983,positive/all/chemistry/yield/ecfp4/k5/p0f1/scale0.25_ecfp4,positive,all,yield,ecfp4,0,1,scale0.25_ecfp4
amine,139,67,True,1.261671758631495,1.2678425420391912,-0.0048909578624392,1.498488014061318,test_e1n,primary,p0f1,0.2307692307692307,0.0074014579966102,positive/all/chemistry/yield/ecfp4/k5/p0f1/scale0.25_ecfp4,positive,all,yield,ecfp4,0,1,scale0.25_ecfp4
amine,141,41,True,1.2207122377917798,1.1982772687744714,0.0183785894191512,1.5248779944797397,test_e1n,primary,p0f1,0.3793103448275862,-0.0002670192899434,positive/all/chemistry/yield/ecfp4/k5/p0f1/scale0.25_ecfp4,positive,all,yield,ecfp4,0,1,scale0.25_ecfp4
amine,142,9,True,0.9388874658599908,0.9453061084543576,-0.0068364344266618,1.5324770975442568,test_e1n,primary,p0f1,0.1702127659574468,0.0084978606827411,positive/all/chemistry/yield/ecfp4/k5/p0f1/scale0.25_ecfp4,positive,all,yield,ecfp4,0,1,scale0.25_ecfp4
amine,153,18,True,2.6219705939539657,2.613486185160753,0.0032358901403307,1.6287361526083617,test_e1n,primary,p0f1,0.1538461538461538,0.0094747870191121,positive/all/chemistry/yield/ecfp4/k5/p0f1/scale0.25_ecfp4,positive,all,yield,ecfp4,0,1,scale0.25_ecfp4
amine,157,10,True,3.222421509436205,3.5108739580256936,-0.0895141891725879,2.0714903220678806,test_e1n,primary,p0f1,0.1780821917808219,0.0047372414501952,positive/all/chemistry/yield/ecfp4/k5/p0f1/scale0.25_ecfp4,positive,all,yield,ecfp4,0,1,scale0.25_ecfp4
amine,174,2,False,0.2193683112526757,0.1578397351155234,0.2804806937966607,0.3970786263540737,test_e1n,primary,p0f1,0.1612903225806451,0.0238462642875553,positive/all/chemistry/yield/ecfp4/k5/p0f1/scale0.25_ecfp4,positive,all,yield,ecfp4,0,1,scale0.25_ecfp4
amine,177,82,True,1.3817372401944523,1.3699673333767577,0.0085181946865952,1.6389435188264576,test_e1n,primary,p0f1,0.4411764705882353,-0.0155328427581615,positive/all/chemistry/yield/ecfp4/k5/p0f1/scale0.25_ecfp4,positive,all,yield,ecfp4,0,1,scale0.25_ecfp4
amine,179,49,True,1.465702065521065,1.4956100091457896,-0.020405199889032,1.8545922115270577,test_e1n,primary,p0f1,0.1923076923076923,-0.0076358688709059,positive/all/chemistry/yield/ecfp4/k5/p0f1/scale0.25_ecfp4,positive,all,yield,ecfp4,0,1,scale0.25_ecfp4
amine,181,10,True,1.1334762734219537,1.1787973918500076,-0.0399841791934736,1.4911468614568544,test_e1n,primary,p0f1,0.2608695652173913,0.0149372565673695,positive/all/chemistry/yield/ecfp4/k5/p0f1/scale0.25_ecfp4,positive,all,yield,ecfp4,0,1,scale0.25_ecfp4
amine,184,9,True,2.9551638454607403,3.077288643998804,-0.0413258976234609,1.1615878961764403,test_e1n,primary,p0f1,0.2142857142857142,0.0132757463257726,positive/all/chemistry/yield/ecfp4/k5/p0f1/scale0.25_ecfp4,positive,all,yield,ecfp4,0,1,scale0.25_ecfp4
amine,187,44,True,1.494636688643277,1.4214875013950143,0.048941115793606,1.4966614487895271,test_e1n,primary,p0f1,0.1896551724137931,0.0220299300650045,positive/all/chemistry/yield/ecfp4/k5/p0f1/scale0.25_ecfp4,positive,all,yield,ecfp4,0,1,scale0.25_ecfp4
amine,191,46,True,1.1242500878741488,1.0944200813549565,0.026533248109945,1.300126309117847,test_e1n,primary,p0f1,0.2142857142857142,0.0039272380098011,positive/all/chemistry/yield/ecfp4/k5/p0f1/scale0.25_ecfp4,positive,all,yield,ecfp4,0,1,scale0.25_ecfp4
amine,199,5,True,0.6907927914682827,0.5908131030397666,0.1447318062135663,0.9429031014784376,test_e1n,primary,p0f1,0.3333333333333333,0.0803773395308293,positive/all/chemistry/yield/ecfp4/k5/p0f1/scale0.25_ecfp4,positive,all,yield,ecfp4,0,1,scale0.25_ecfp4
amine,203,26,True,4.0546860721186295,4.106167920913072,-0.0126968766209667,1.3631895399341034,test_e1n,primary,p0f1,0.4067796610169492,-0.0238787078504982,positive/all/chemistry/yield/ecfp4/k5/p0f1/scale0.25_ecfp4,positive,all,yield,ecfp4,0,1,scale0.25_ecfp4
amine,205,22,True,3.6558849290177537,3.834801175800657,-0.0489392446033507,1.3064086470464191,test_e1n,primary,p0f1,0.509090909090909,-0.0235065838767449,positive/all/chemistry/yield/ecfp4/k5/p0f1/scale0.25_ecfp4,positive,all,yield,ecfp4,0,1,scale0.25_ecfp4
amine,209,82,True,6.101330142961012,6.316359998962777,-0.0352431110861688,1.7769633724153218,test_e1n,primary,p0f1,0.4,0.0132425318689893,positive/all/chemistry/yield/ecfp4/k5/p0f1/scale0.25_ecfp4,positive,all,yield,ecfp4,0,1,scale0.25_ecfp4
amine,218,10,True,2.8539466788552676,2.8485953622101534,0.0018750583831022,1.5346366826039972,test_e1n,primary,p0f1,0.46875,0.0165597843682425,positive/all/chemistry/yield/ecfp4/k5/p0f1/scale0.25_ecfp4,positive,all,yield,ecfp4,0,1,scale0.25_ecfp4
amine,222,27,True,2.7107247535326886,2.7667895403256524,-0.0206825819257003,1.4260543831262582,test_e1n,primary,p0f1,0.3928571428571428,0.0053922815268812,positive/all/chemistry/yield/ecfp4/k5/p0f1/scale0.25_ecfp4,positive,all,yield,ecfp4,0,1,scale0.25_ecfp4
amine,225,128,True,1.1217190662153884,1.1347126441088955,-0.0115836293461131,1.4660954740338057,test_e1n,primary,p0f1,0.196078431372549,0.0200600945838536,positive/all/chemistry/yield/ecfp4/k5/p0f1/scale0.25_ecfp4,positive,all,yield,ecfp4,0,1,scale0.25_ecfp4
acid,8,11,True,2.3312925977800503,2.5512496244596896,-0.0943498155868942,1.476745691639202,test_e1a,primary,p0f0,0.3076923076923077,-0.0658383951139696,positive/all/chemistry/yield/ecfp4/k5/p0f0/scale0.25_ecfp4,positive,all,yield,ecfp4,0,0,scale0.25_ecfp4
acid,20,20,True,0.6389124205542871,0.5740094591721633,0.1015835023614306,1.1611933784759896,test_e1a,primary,p0f0,0.5161290322580645,-0.0266353775178578,positive/all/chemistry/yield/ecfp4/k5/p0f0/scale0.25_ecfp4,positive,all,yield,ecfp4,0,0,scale0.25_ecfp4
acid,21,15,True,1.6813954935793562,1.2902730952429986,0.2326177272568609,1.1310268488612245,test_e1a,primary,p0f0,0.3055555555555556,0.1648787181180281,positive/all/chemistry/yield/ecfp4/k5/p0f0/scale0.25_ecfp4,positive,all,yield,ecfp4,0,0,scale0.25_ecfp4
acid,22,32,True,0.7404298636590189,0.7362977163655215,0.0055807409942614,1.1171795543639649,test_e1a,primary,p0f0,0.5434782608695652,0.0437543777261992,positive/all/chemistry/yield/ecfp4/k5/p0f0/scale0.25_ecfp4,positive,all,yield,ecfp4,0,0,scale0.25_ecfp4
acid,23,37,True,2.482040708064294,2.4041512095843447,0.031381233283919,1.495225757069653,test_e1a,primary,p0f0,0.4651162790697674,-0.0265849420963282,positive/all/chemistry/yield/ecfp4/k5/p0f0/scale0.25_ecfp4,positive,all,yield,ecfp4,0,0,scale0.25_ecfp4
acid,24,60,True,0.8798742330140344,0.9556220103374607,-0.0860893233160724,1.4703812104888334,test_e1a,primary,p0f0,0.4042553191489361,-0.0504574531632546,positive/all/chemistry/yield/ecfp4/k5/p0f0/scale0.25_ecfp4,positive,all,yield,ecfp4,0,0,scale0.25_ecfp4
acid,36,26,True,0.5189757967529398,0.5627643300161268,-0.0843749044505686,1.1428027846520032,test_e1a,primary,p0f0,0.3888888888888889,-0.036578280178902,positive/all/chemistry/yield/ecfp4/k5/p0f0/scale0.25_ecfp4,positive,all,yield,ecfp4,0,0,scale0.25_ecfp4
acid,45,30,True,0.989937974361748,0.977330565741838,0.012735554091698,1.430065941074719,test_e1a,primary,p0f0,0.6078431372549019,0.042058706996382,positive/all/chemistry/yield/ecfp4/k5/p0f0/scale0.25_ecfp4,positive,all,yield,ecfp4,0,0,scale0.25_ecfp4
acid,48,12,True,1.9211851941559408,1.6486606960848749,0.1418522789474221,1.3750758787881998,test_e1a,primary,p0f0,0.3777777777777777,0.0725947895201409,positive/all/chemistry/yield/ecfp4/k5/p0f0/scale0.25_ecfp4,positive,all,yield,ecfp4,0,0,scale0.25_ecfp4
acid,54,12,True,2.169926577004557,1.904728253958548,0.1222153439920064,1.9552702558860071,test_e1a,primary,p0f0,0.5490196078431373,-0.0227998831145428,positive/all/chemistry/yield/ecfp4/k5/p0f0/scale0.25_ecfp4,positive,all,yield,ecfp4,0,0,scale0.25_ecfp4
acid,56,31,True,1.0585776793099486,1.0474758878640853,0.0104874603563341,1.5554920120623712,test_e1a,primary,p0f0,0.5833333333333334,0.0359365397017551,positive/all/chemistry/yield/ecfp4/k5/p0f0/scale0.25_ecfp4,positive,all,yield,ecfp4,0,0,scale0.25_ecfp4
acid,59,70,True,1.486352347005298,1.3952145090327637,0.0613164423335818,1.5464361122930397,test_e1a,primary,p0f0,0.5,0.0450839681196775,positive/all/chemistry/yield/ecfp4/k5/p0f0/scale0.25_ecfp4,positive,all,yield,ecfp4,0,0,scale0.25_ecfp4
acid,79,5,True,0.615411427703896,0.6463723902873969,-0.050309372217894,1.0318294043723386,test_e1a,primary,p0f0,0.5319148936170213,0.0617704474349417,positive/all/chemistry/yield/ecfp4/k5/p0f0/scale0.25_ecfp4,positive,all,yield,ecfp4,0,0,scale0.25_ecfp4
acid,81,36,True,3.2687776063155187,3.2655893956938207,0.0009753525646829,1.6367908688692543,test_e1a,primary,p0f0,0.3714285714285714,0.0323504611840917,positive/all/chemistry/yield/ecfp4/k5/p0f0/scale0.25_ecfp4,positive,all,yield,ecfp4,0,0,scale0.25_ecfp4
acid,86,21,True,1.924306446473346,1.8802836712931663,0.0228772164957716,1.602181407738991,test_e1a,primary,p0f0,0.2962962962962963,-0.01410232916626,positive/all/chemistry/yield/ecfp4/k5/p0f0/scale0.25_ecfp4,positive,all,yield,ecfp4,0,0,scale0.25_ecfp4
acid,97,8,True,2.1587789259928796,2.2324209438836853,-0.034112811184191,1.1323903480369484,test_e1a,primary,p0f0,0.1555555555555555,0.046717938325926,positive/all/chemistry/yield/ecfp4/k5/p0f0/scale0.25_ecfp4,positive,all,yield,ecfp4,0,0,scale0.25_ecfp4
acid,98,30,True,2.4232415844885264,2.439989790879223,-0.0069114885193057,1.570562565571903,test_e1a,primary,p0f0,0.146788990825688,-0.0332966684150077,positive/all/chemistry/yield/ecfp4/k5/p0f0/scale0.25_ecfp4,positive,all,yield,ecfp4,0,0,scale0.25_ecfp4
acid,100,27,True,2.0240780551680793,1.9516733710750775,0.035771685735207,1.173167772213616,test_e1a,primary,p0f0,0.5142857142857142,0.0164354114080075,positive/all/chemistry/yield/ecfp4/k5/p0f0/scale0.25_ecfp4,positive,all,yield,ecfp4,0,0,scale0.25_ecfp4
acid,103,35,True,3.424067817064276,3.511650226924056,-0.0255784682252206,1.2633255836872324,test_e1a,primary,p0f0,0.3272727272727272,-0.0407640021630995,positive/all/chemistry/yield/ecfp4/k5/p0f0/scale0.25_ecfp4,positive,all,yield,ecfp4,0,0,scale0.25_ecfp4
acid,114,59,True,1.2589030838926665,1.3159746638100376,-0.045334371364712,1.222079460469954,test_e1a,primary,p0f0,0.3620689655172414,-0.0514467243806804,positive/all/chemistry/yield/ecfp4/k5/p0f0/scale0.25_ecfp4,positive,all,yield,ecfp4,0,0,scale0.25_ecfp4
acid,116,10,True,1.279390123688869,1.2430024791039849,0.0284413986876556,1.5850175916323397,test_e1a,primary,p0f0,0.40625,0.0449098964025693,positive/all/chemistry/yield/ecfp4/k5/p0f0/scale0.25_ecfp4,positive,all,yield,ecfp4,0,0,scale0.25_ecfp4
acid,120,13,True,2.1828164842814073,2.149292663747021,0.0153580572511676,1.349996135540077,test_e1a,primary,p0f0,0.3611111111111111,-0.0979436927179753,positive/all/chemistry/yield/ecfp4/k5/p0f0/scale0.25_ecfp4,positive,all,yield,ecfp4,0,0,scale0.25_ecfp4
acid,125,12,True,1.385526209191345,1.4099543158795371,-0.0176309235625717,1.3621352042807786,test_e1a,primary,p0f0,0.5208333333333334,-0.0376121739582493,positive/all/chemistry/yield/ecfp4/k5/p0f0/scale0.25_ecfp4,positive,all,yield,ecfp4,0,0,scale0.25_ecfp4
acid,127,40,True,0.8292870852124918,0.8912012061637314,-0.0746594539517941,1.2045343000256408,test_e1a,primary,p0f0,0.58,0.016484684577235,positive/all/chemistry/yield/ecfp4/k5/p0f0/scale0.25_ecfp4,positive,all,yield,ecfp4,0,0,scale0.25_ecfp4
acid,129,87,True,1.796728359976458,1.7443306135292989,0.0291628649128941,1.5391313448858306,test_e1a,primary,p0f0,0.3559322033898305,0.0483811205283327,positive/all/chemistry/yield/ecfp4/k5/p0f0/scale0.25_ecfp4,positive,all,yield,ecfp4,0,0,scale0.25_ecfp4
acid,133,35,True,5.829148293847374,5.767771095539627,0.010529359558845,1.6698715839109364,test_e1a,primary,p0f0,0.4857142857142857,-0.0243907608160354,positive/all/chemistry/yield/ecfp4/k5/p0f0/scale0.25_ecfp4,positive,all,yield,ecfp4,0,0,scale0.25_ecfp4
acid,136,2,False,3.3801848798088825,4.267138908248278,-0.2623980817550855,0.3153374533935504,test_e1a,primary,p0f0,0.5833333333333334,-0.0873803237186936,positive/all/chemistry/yield/ecfp4/k5/p0f0/scale0.25_ecfp4,positive,all,yield,ecfp4,0,0,scale0.25_ecfp4
acid,138,10,True,1.085937479883499,1.1593553016121572,-0.0676077795349086,0.9592982516336604,test_e1a,primary,p0f0,0.5238095238095238,-0.0500768632032553,positive/all/chemistry/yield/ecfp4/k5/p0f0/scale0.25_ecfp4,positive,all,yield,ecfp4,0,0,scale0.25_ecfp4
acid,141,30,True,0.7979757455285619,0.8189002823837384,-0.026222021123357,1.3161464528776472,test_e1a,primary,p0f0,0.4146341463414634,0.0017967518422955,positive/all/chemistry/yield/ecfp4/k5/p0f0/scale0.25_ecfp4,positive,all,yield,ecfp4,0,0,scale0.25_ecfp4
acid,145,51,True,1.9901444730733016,2.026219307028456,-0.0181267412709216,1.5442336037673303,test_e1a,primary,p0f0,0.2653061224489796,-0.0339551389362247,positive/all/chemistry/yield/ecfp4/k5/p0f0/scale0.25_ecfp4,positive,all,yield,ecfp4,0,0,scale0.25_ecfp4
acid,147,104,True,3.8885555823117257,3.97513029541738,-0.0222639772720405,1.4463722354624005,test_e1a,primary,p0f0,0.4375,-0.0280604462346134,positive/all/chemistry/yield/ecfp4/k5/p0f0/scale0.25_ecfp4,positive,all,yield,ecfp4,0,0,scale0.25_ecfp4
acid,153,18,True,0.3633210430642128,0.3649877418510421,-0.0045873995427638,1.1066951484069014,test_e1a,primary,p0f0,0.2708333333333333,0.0568713600230672,positive/all/chemistry/yield/ecfp4/k5/p0f0/scale0.25_ecfp4,positive,all,yield,ecfp4,0,0,scale0.25_ecfp4
acid,156,7,True,0.4387479171613349,0.4422735070573992,-0.0080355706731889,1.263727002309159,test_e1a,primary,p0f0,0.3157894736842105,-0.1305029459122735,positive/all/chemistry/yield/ecfp4/k5/p0f0/scale0.25_ecfp4,positive,all,yield,ecfp4,0,0,scale0.25_ecfp4
acid,159,20,True,1.0892300538433473,1.0882122915234689,0.0009343869243115,1.431487262959743,test_e1a,primary,p0f0,0.3584905660377358,0.0397360811511482,positive/all/chemistry/yield/ecfp4/k5/p0f0/scale0.25_ecfp4,positive,all,yield,ecfp4,0,0,scale0.25_ecfp4
acid,166,16,True,0.8229283899777697,0.91409190833523,-0.1107794061642748,1.4578336528032416,test_e1a,primary,p0f0,0.6896551724137931,0.0329753912656315,positive/all/chemistry/yield/ecfp4/k5/p0f0/scale0.25_ecfp4,positive,all,yield,ecfp4,0,0,scale0.25_ecfp4
acid,170,22,True,0.8603441825046015,1.078068637913412,-0.2530666910247239,1.2048659322047008,test_e1a,primary,p0f0,0.8490566037735849,-0.0067822154056296,positive/all/chemistry/yield/ecfp4/k5/p0f0/scale0.25_ecfp4,positive,all,yield,ecfp4,0,0,scale0.25_ecfp4
acid,171,2,False,0.2662174756970279,0.4834224797431328,-0.8158931094865374,0.9187428012848776,test_e1a,primary,p0f0,0.6530612244897959,0.2016961406831805,positive/all/chemistry/yield/ecfp4/k5/p0f0/scale0.25_ecfp4,positive,all,yield,ecfp4,0,0,scale0.25_ecfp4
acid,176,10,True,0.5244467718944742,0.5576265056126941,-0.0632661606407907,1.971010735846132,test_e1a,primary,p0f0,0.6428571428571429,0.0304324507935851,positive/all/chemistry/yield/ecfp4/k5/p0f0/scale0.25_ecfp4,positive,all,yield,ecfp4,0,0,scale0.25_ecfp4
acid,196,2,False,0.8376984566186603,0.7640748416311058,0.0878879678073343,0.0561230123897922,test_e1a,primary,p0f0,0.6666666666666666,0.1010161925991541,positive/all/chemistry/yield/ecfp4/k5/p0f0/scale0.25_ecfp4,positive,all,yield,ecfp4,0,0,scale0.25_ecfp4
acid,200,16,True,0.7556050123163922,0.6709314425933992,0.1120606247216606,1.4353248551952358,test_e1a,primary,p0f0,0.6896551724137931,0.0417008047331624,positive/all/chemistry/yield/ecfp4/k5/p0f0/scale0.25_ecfp4,positive,all,yield,ecfp4,0,0,scale0.25_ecfp4
acid,202,10,True,2.9008130087549615,3.151341788277747,-0.0863650220702483,1.53409987122889,test_e1a,primary,p0f0,0.5769230769230769,-0.0369268315699171,positive/all/chemistry/yield/ecfp4/k5/p0f0/scale0.25_ecfp4,positive,all,yield,ecfp4,0,0,scale0.25_ecfp4
acid,204,14,True,2.3780348603402355,2.4756494466017744,-0.0410484252731151,1.2536599772879824,test_e1a,primary,p0f0,0.6,-0.0230502210598282,positive/all/chemistry/yield/ecfp4/k5/p0f0/scale0.25_ecfp4,positive,all,yield,ecfp4,0,0,scale0.25_ecfp4
acid,216,19,True,0.7432364352781096,0.8173230234905979,-0.0996810499269538,1.2172063470809154,test_e1a,primary,p0f0,0.4827586206896552,0.0365871433222225,positive/all/chemistry/yield/ecfp4/k5/p0f0/scale0.25_ecfp4,positive,all,yield,ecfp4,0,0,scale0.25_ecfp4
acid,218,8,True,1.294936178293824,1.352883770403392,-0.044749380765559,2.369943189503294,test_e1a,primary,p0f0,0.5294117647058824,-0.055971645146376,positive/all/chemistry/yield/ecfp4/k5/p0f0/scale0.25_ecfp4,positive,all,yield,ecfp4,0,0,scale0.25_ecfp4
acid,226,7,True,2.578370837802038,2.5597243301314476,0.0072318951941319,1.836288300186336,test_e1a,primary,p0f0,0.5,0.0337077840824963,positive/all/chemistry/yield/ecfp4/k5/p0f0/scale0.25_ecfp4,positive,all,yield,ecfp4,0,0,scale0.25_ecfp4
acid,227,8,True,1.8398188625310763,1.820303057434269,0.0106074600572141,1.762814416100261,test_e1a,primary,p0f0,0.3023255813953488,0.0160580846608665,positive/all/chemistry/yield/ecfp4/k5/p0f0/scale0.25_ecfp4,positive,all,yield,ecfp4,0,0,scale0.25_ecfp4
acid,230,79,True,1.326440123226036,1.3245797923130609,0.0014024989748129,1.562006247066991,test_e1a,primary,p0f0,0.6285714285714286,-0.0409822979373915,positive/all/chemistry/yield/ecfp4/k5/p0f0/scale0.25_ecfp4,positive,all,yield,ecfp4,0,0,scale0.25_ecfp4
acid,236,50,True,1.9702573875564555,2.0056253221543385,-0.0179509209412211,1.6350352908147985,test_e1a,primary,p0f0,0.3469387755102041,-0.041093559425487,positive/all/chemistry/yield/ecfp4/k5/p0f0/scale0.25_ecfp4,positive,all,yield,ecfp4,0,0,scale0.25_ecfp4
acid,263,113,True,1.7360796650114598,1.8301442401453576,-0.0541821766763661,1.563251922084287,test_e1a,primary,p0f0,0.275,-0.0510930309302914,positive/all/chemistry/yield/ecfp4/k5/p0f0/scale0.25_ecfp4,positive,all,yield,ecfp4,0,0,scale0.25_ecfp4
amine,1,8,True,1.0123356028112087,1.060274986593795,-0.0473552284928642,1.2980367632289675,test_e1n,primary,p0f0,0.225,-0.0087236552987786,positive/all/chemistry/yield/ecfp4/k5/p0f0/scale0.25_ecfp4,positive,all,yield,ecfp4,0,0,scale0.25_ecfp4
amine,6,27,True,1.171370457892117,1.1259121996612047,0.0388077554155791,1.1418323894862736,test_e1n,primary,p0f0,0.1860465116279069,0.0046887635301657,positive/all/chemistry/yield/ecfp4/k5/p0f0/scale0.25_ecfp4,positive,all,yield,ecfp4,0,0,scale0.25_ecfp4
amine,7,66,True,2.1403838591212647,2.2821818525221103,-0.0662488612949365,1.7171270822335696,test_e1n,primary,p0f0,0.1860465116279069,-0.016000137637991,positive/all/chemistry/yield/ecfp4/k5/p0f0/scale0.25_ecfp4,positive,all,yield,ecfp4,0,0,scale0.25_ecfp4
amine,8,8,True,1.1603834530566428,1.2828642074463712,-0.1055519656602252,1.0959074897123873,test_e1n,primary,p0f0,0.1621621621621621,-0.0358233381376371,positive/all/chemistry/yield/ecfp4/k5/p0f0/scale0.25_ecfp4,positive,all,yield,ecfp4,0,0,scale0.25_ecfp4
amine,9,143,True,1.2365144128161911,1.1500383197659914,0.0699353700643476,1.5477429970283028,test_e1n,primary,p0f0,0.18,0.0334151357764007,positive/all/chemistry/yield/ecfp4/k5/p0f0/scale0.25_ecfp4,positive,all,yield,ecfp4,0,0,scale0.25_ecfp4
amine,10,26,True,1.9805955653756309,1.884849651812019,0.0483419811885992,1.5609658882802144,test_e1n,primary,p0f0,0.2903225806451613,0.0211040980339503,positive/all/chemistry/yield/ecfp4/k5/p0f0/scale0.25_ecfp4,positive,all,yield,ecfp4,0,0,scale0.25_ecfp4
amine,13,25,True,3.997515273815981,3.869886347409037,0.031927064104776,1.1395009037933297,test_e1n,primary,p0f0,0.28,0.0179183133558428,positive/all/chemistry/yield/ecfp4/k5/p0f0/scale0.25_ecfp4,positive,all,yield,ecfp4,0,0,scale0.25_ecfp4
amine,19,8,True,3.500749156907056,3.761330610836215,-0.0744359113577235,1.297571617953548,test_e1n,primary,p0f0,0.2131147540983606,-0.0144153934644248,positive/all/chemistry/yield/ecfp4/k5/p0f0/scale0.25_ecfp4,positive,all,yield,ecfp4,0,0,scale0.25_ecfp4
amine,21,48,True,1.7354957940994868,1.811508618646908,-0.0437989102629099,1.6249955248299677,test_e1n,primary,p0f0,0.2553191489361702,-0.0488344200136701,positive/all/chemistry/yield/ecfp4/k5/p0f0/scale0.25_ecfp4,positive,all,yield,ecfp4,0,0,scale0.25_ecfp4
amine,26,29,True,1.74242479959341,1.853535526695716,-0.0637678751635268,1.2731922837018428,test_e1n,primary,p0f0,0.425,-0.0125158610412896,positive/all/chemistry/yield/ecfp4/k5/p0f0/scale0.25_ecfp4,positive,all,yield,ecfp4,0,0,scale0.25_ecfp4
amine,33,82,True,2.587864976373112,2.560610548892619,0.0105316265451723,1.6863602266906594,test_e1n,primary,p0f0,0.2777777777777778,-0.0262977736000402,positive/all/chemistry/yield/ecfp4/k5/p0f0/scale0.25_ecfp4,positive,all,yield,ecfp4,0,0,scale0.25_ecfp4
amine,36,8,True,1.101653822637211,1.2268092629542855,-0.1136068679156119,1.059037990972422,test_e1n,primary,p0f0,0.1791044776119403,-0.0245417534686891,positive/all/chemistry/yield/ecfp4/k5/p0f0/scale0.25_ecfp4,positive,all,yield,ecfp4,0,0,scale0.25_ecfp4
amine,46,26,True,1.5619654417557312,1.5511543177778226,0.0069214873062468,1.685282050017164,test_e1n,primary,p0f0,0.7368421052631579,0.0372750680167539,positive/all/chemistry/yield/ecfp4/k5/p0f0/scale0.25_ecfp4,positive,all,yield,ecfp4,0,0,scale0.25_ecfp4
amine,54,6,True,0.2366033155838952,0.2906888765884591,-0.2285917290342707,0.8858022011519716,test_e1n,primary,p0f0,0.1956521739130435,-0.2187234420740613,positive/all/chemistry/yield/ecfp4/k5/p0f0/scale0.25_ecfp4,positive,all,yield,ecfp4,0,0,scale0.25_ecfp4
amine,61,48,True,0.9645885426617342,1.0527265610812504,-0.0913736940896101,1.3492443348240968,test_e1n,primary,p0f0,0.8333333333333334,-0.0533505283291486,positive/all/chemistry/yield/ecfp4/k5/p0f0/scale0.25_ecfp4,positive,all,yield,ecfp4,0,0,scale0.25_ecfp4
amine,63,8,True,1.211735857885562,1.3119168776144634,-0.0826756252833138,1.3197950466633757,test_e1n,primary,p0f0,0.1891891891891892,-0.0962590792242004,positive/all/chemistry/yield/ecfp4/k5/p0f0/scale0.25_ecfp4,positive,all,yield,ecfp4,0,0,scale0.25_ecfp4
amine,67,39,True,1.052068064299534,1.0219323469510868,0.0286442658712499,1.5693430337016223,test_e1n,primary,p0f0,0.3658536585365853,-0.042977475294655,positive/all/chemistry/yield/ecfp4/k5/p0f0/scale0.25_ecfp4,positive,all,yield,ecfp4,0,0,scale0.25_ecfp4
amine,78,8,True,2.4087941047590924,2.295352800665938,0.0470946453534683,1.2560360009237117,test_e1n,primary,p0f0,0.1444444444444444,0.0188562022001554,positive/all/chemistry/yield/ecfp4/k5/p0f0/scale0.25_ecfp4,positive,all,yield,ecfp4,0,0,scale0.25_ecfp4
amine,80,6,True,1.1401947932270684,1.184793038711535,-0.0391145844108278,1.6364466154013058,test_e1n,primary,p0f0,0.3,0.0345424438572676,positive/all/chemistry/yield/ecfp4/k5/p0f0/scale0.25_ecfp4,positive,all,yield,ecfp4,0,0,scale0.25_ecfp4
amine,84,4,True,0.8097760061363486,0.8233955206834097,-0.0168188665061137,0.9087391331556992,test_e1n,primary,p0f0,0.4054054054054054,0.049525322099546,positive/all/chemistry/yield/ecfp4/k5/p0f0/scale0.25_ecfp4,positive,all,yield,ecfp4,0,0,scale0.25_ecfp4
amine,89,17,True,1.87785819003594,1.8187656429346284,0.0314680562221689,1.913477862726425,test_e1n,primary,p0f0,0.2857142857142857,0.0052828085416152,positive/all/chemistry/yield/ecfp4/k5/p0f0/scale0.25_ecfp4,positive,all,yield,ecfp4,0,0,scale0.25_ecfp4
amine,95,38,True,3.541904535554746,3.410505588077567,0.0370983876494002,1.2245449613786514,test_e1n,primary,p0f0,0.1935483870967742,-0.0175815927321731,positive/all/chemistry/yield/ecfp4/k5/p0f0/scale0.25_ecfp4,positive,all,yield,ecfp4,0,0,scale0.25_ecfp4
amine,100,7,True,0.5503117737966507,0.4281468247134872,0.2219922503935114,1.2674262400563865,test_e1n,primary,p0f0,0.2352941176470588,0.0024055599234656,positive/all/chemistry/yield/ecfp4/k5/p0f0/scale0.25_ecfp4,positive,all,yield,ecfp4,0,0,scale0.25_ecfp4
amine,101,36,True,0.8392161443361854,0.9072441336829722,-0.0810613449299124,1.366575859667971,test_e1n,primary,p0f0,0.2222222222222222,-0.0608825089660947,positive/all/chemistry/yield/ecfp4/k5/p0f0/scale0.25_ecfp4,positive,all,yield,ecfp4,0,0,scale0.25_ecfp4
amine,115,14,True,1.8939895522555263,1.8189161892942016,0.0396376858953212,1.2451152090697637,test_e1n,primary,p0f0,0.1860465116279069,0.0126667086560274,positive/all/chemistry/yield/ecfp4/k5/p0f0/scale0.25_ecfp4,positive,all,yield,ecfp4,0,0,scale0.25_ecfp4
amine,144,21,True,0.929267913563047,0.904240953467797,0.0269319103026923,1.0107684110867372,test_e1n,primary,p0f0,0.2222222222222222,-0.0044155001565648,positive/all/chemistry/yield/ecfp4/k5/p0f0/scale0.25_ecfp4,positive,all,yield,ecfp4,0,0,scale0.25_ecfp4
amine,146,3,True,2.0911876616387812,2.283629817476347,-0.0920252923100914,1.517813158901759,test_e1n,primary,p0f0,0.1923076923076923,-0.0176522803992587,positive/all/chemistry/yield/ecfp4/k5/p0f0/scale0.25_ecfp4,positive,all,yield,ecfp4,0,0,scale0.25_ecfp4
amine,147,8,True,9.565717418754575,8.95696826814237,0.0636386299075372,0.5220492099909627,test_e1n,primary,p0f0,0.1684210526315789,0.0027634457989992,positive/all/chemistry/yield/ecfp4/k5/p0f0/scale0.25_ecfp4,positive,all,yield,ecfp4,0,0,scale0.25_ecfp4
amine,150,33,True,0.8484492328260683,0.828341407552246,0.0236995031592472,1.6870107896270852,test_e1n,primary,p0f0,0.3018867924528302,0.0406213227238524,positive/all/chemistry/yield/ecfp4/k5/p0f0/scale0.25_ecfp4,positive,all,yield,ecfp4,0,0,scale0.25_ecfp4
amine,155,8,True,3.1525043858707966,2.904365280304064,0.0787117399991153,1.2743007919200895,test_e1n,primary,p0f0,0.1836734693877551,0.0439981042743861,positive/all/chemistry/yield/ecfp4/k5/p0f0/scale0.25_ecfp4,positive,all,yield,ecfp4,0,0,scale0.25_ecfp4
amine,159,33,True,2.3776103789538716,2.566422996769208,-0.0794127664846466,1.4527650029086765,test_e1n,primary,p0f0,0.1842105263157894,-0.0308368090628836,positive/all/chemistry/yield/ecfp4/k5/p0f0/scale0.25_ecfp4,positive,all,yield,ecfp4,0,0,scale0.25_ecfp4
amine,160,7,True,9.917500367683411,9.446772315892144,0.0474643846069473,1.525118571087967,test_e1n,primary,p0f0,0.1566265060240964,-0.0054478184091446,positive/all/chemistry/yield/ecfp4/k5/p0f0/scale0.25_ecfp4,positive,all,yield,ecfp4,0,0,scale0.25_ecfp4
amine,161,53,True,1.6602421435031736,1.5746805818870944,0.0515355919321148,1.625116141567465,test_e1n,primary,p0f0,0.4444444444444444,0.0264854279269048,positive/all/chemistry/yield/ecfp4/k5/p0f0/scale0.25_ecfp4,positive,all,yield,ecfp4,0,0,scale0.25_ecfp4
amine,167,46,True,0.988818946181811,1.0083685215234737,-0.0197706318402886,1.4491106729083263,test_e1n,primary,p0f0,0.3076923076923077,-0.010350623702761,positive/all/chemistry/yield/ecfp4/k5/p0f0/scale0.25_ecfp4,positive,all,yield,ecfp4,0,0,scale0.25_ecfp4
amine,168,6,True,1.1071855610165016,1.1704133435848512,-0.0571067622217729,0.9335103219978464,test_e1n,primary,p0f0,0.1875,-0.0705537414246562,positive/all/chemistry/yield/ecfp4/k5/p0f0/scale0.25_ecfp4,positive,all,yield,ecfp4,0,0,scale0.25_ecfp4
amine,173,65,True,1.1225341336818997,1.1338625922662418,-0.0100918611242446,1.436729987508405,test_e1n,primary,p0f0,0.1935483870967742,-0.0159190995173228,positive/all/chemistry/yield/ecfp4/k5/p0f0/scale0.25_ecfp4,positive,all,yield,ecfp4,0,0,scale0.25_ecfp4
amine,182,97,True,3.066724205589188,3.039389993714433,0.0089131627242312,1.3428111372021356,test_e1n,primary,p0f0,0.1428571428571428,0.0086495174509935,positive/all/chemistry/yield/ecfp4/k5/p0f0/scale0.25_ecfp4,positive,all,yield,ecfp4,0,0,scale0.25_ecfp4
amine,183,56,True,0.9002645831344377,0.9281015999358236,-0.0309209284946723,1.342321125628452,test_e1n,primary,p0f0,0.2631578947368421,0.01067652216315,positive/all/chemistry/yield/ecfp4/k5/p0f0/scale0.25_ecfp4,positive,all,yield,ecfp4,0,0,scale0.25_ecfp4
amine,186,13,True,1.8403188746793189,1.785072839379631,0.0300198167066644,1.2942559134621088,test_e1n,primary,p0f0,0.3333333333333333,-0.0191708596653197,positive/all/chemistry/yield/ecfp4/k5/p0f0/scale0.25_ecfp4,positive,all,yield,ecfp4,0,0,scale0.25_ecfp4
amine,197,8,True,0.6613031384753676,0.6187878941509992,0.0642900991251714,0.9898026533545808,test_e1n,primary,p0f0,0.1830985915492957,0.0242366381865012,positive/all/chemistry/yield/ecfp4/k5/p0f0/scale0.25_ecfp4,positive,all,yield,ecfp4,0,0,scale0.25_ecfp4
amine,204,36,True,2.0705058285189035,1.9315497475494312,0.0671121419005479,1.4196823109673768,test_e1n,primary,p0f0,0.2758620689655172,0.023443698354239,positive/all/chemistry/yield/ecfp4/k5/p0f0/scale0.25_ecfp4,positive,all,yield,ecfp4,0,0,scale0.25_ecfp4
amine,216,8,True,2.181803316373336,2.2048733043220428,-0.0105738165193802,1.3702459238315277,test_e1n,primary,p0f0,0.2542372881355932,-0.0521086798807022,positive/all/chemistry/yield/ecfp4/k5/p0f0/scale0.25_ecfp4,positive,all,yield,ecfp4,0,0,scale0.25_ecfp4
amine,220,57,True,1.429120382566027,1.4681849300822278,-0.0273346794243178,1.7714380392266935,test_e1n,primary,p0f0,0.1212121212121212,0.0028644915945051,positive/all/chemistry/yield/ecfp4/k5/p0f0/scale0.25_ecfp4,positive,all,yield,ecfp4,0,0,scale0.25_ecfp4
amine,223,43,True,1.045684702541086,1.093456730998095,-0.0456849261932583,1.262544933608115,test_e1n,primary,p0f0,0.2926829268292683,-0.0557344634183358,positive/all/chemistry/yield/ecfp4/k5/p0f0/scale0.25_ecfp4,positive,all,yield,ecfp4,0,0,scale0.25_ecfp4
amine,226,25,True,0.9469934893330322,0.9657748822914184,-0.0198326526738994,1.7274462684803948,test_e1n,primary,p0f0,0.225,-0.0448893707726834,positive/all/chemistry/yield/ecfp4/k5/p0f0/scale0.25_ecfp4,positive,all,yield,ecfp4,0,0,scale0.25_ecfp4
amine,227,59,True,1.798394968973556,1.7660407192171026,0.0179906251488901,1.3159127718975394,test_e1n,primary,p0f0,0.3023255813953488,-0.0166710056481815,positive/all/chemistry/yield/ecfp4/k5/p0f0/scale0.25_ecfp4,positive,all,yield,ecfp4,0,0,scale0.25_ecfp4
acid,0,21,True,1.0142026655725271,0.974487088859582,0.0391594087267807,1.5924587244306734,test_e1a,primary,p0f2,0.46875,0.0333351214988648,positive/all/chemistry/yield/ecfp4/k5/p0f2/scale0.25_ecfp4,positive,all,yield,ecfp4,0,2,scale0.25_ecfp4
acid,1,9,True,1.758107685132744,1.7618900633020265,-0.002151391636171,1.436351808557672,test_e1a,primary,p0f2,0.1612903225806451,0.0293355162196203,positive/all/chemistry/yield/ecfp4/k5/p0f2/scale0.25_ecfp4,positive,all,yield,ecfp4,0,2,scale0.25_ecfp4
acid,2,70,True,0.8674353276762242,0.8779109999964884,-0.0120766032763819,1.5098125283033557,test_e1a,primary,p0f2,0.1612903225806451,0.0382493809345991,positive/all/chemistry/yield/ecfp4/k5/p0f2/scale0.25_ecfp4,positive,all,yield,ecfp4,0,2,scale0.25_ecfp4
acid,3,34,True,1.076372127586522,1.0935180547811163,-0.0159293675069789,1.2949128460985364,test_e1a,primary,p0f2,0.75,-0.0768613997664517,positive/all/chemistry/yield/ecfp4/k5/p0f2/scale0.25_ecfp4,positive,all,yield,ecfp4,0,2,scale0.25_ecfp4
acid,10,34,True,0.9214259585531408,0.9011444860563746,0.022010962800107,1.4760166903726415,test_e1a,primary,p0f2,0.3783783783783784,-0.0241008624758927,positive/all/chemistry/yield/ecfp4/k5/p0f2/scale0.25_ecfp4,positive,all,yield,ecfp4,0,2,scale0.25_ecfp4
acid,13,2,False,7.751117445016039,8.263537667230562,-0.0661092062982491,0.0753129944799176,test_e1a,primary,p0f2,0.3333333333333333,-0.0640032730302317,positive/all/chemistry/yield/ecfp4/k5/p0f2/scale0.25_ecfp4,positive,all,yield,ecfp4,0,2,scale0.25_ecfp4
acid,14,28,True,1.0878372313378455,1.065268832012819,0.0207461177783662,1.3995196925535147,test_e1a,primary,p0f2,0.4411764705882353,0.0306683229455186,positive/all/chemistry/yield/ecfp4/k5/p0f2/scale0.25_ecfp4,positive,all,yield,ecfp4,0,2,scale0.25_ecfp4
acid,26,41,True,1.1061929985843455,1.1337382827758893,-0.0249009749897122,1.3347694259694474,test_e1a,primary,p0f2,0.4651162790697674,0.0741024957025133,positive/all/chemistry/yield/ecfp4/k5/p0f2/scale0.25_ecfp4,positive,all,yield,ecfp4,0,2,scale0.25_ecfp4
acid,41,8,True,0.4398104951540812,0.4348349231689127,0.0113129905720539,0.9395266947749088,test_e1a,primary,p0f2,0.5769230769230769,-0.0388965400851764,positive/all/chemistry/yield/ecfp4/k5/p0f2/scale0.25_ecfp4,positive,all,yield,ecfp4,0,2,scale0.25_ecfp4
acid,42,34,True,0.94621362731311,0.8489505020294527,0.10279193035916,1.2499759209976489,test_e1a,primary,p0f2,0.6595744680851063,-0.0979469735697833,positive/all/chemistry/yield/ecfp4/k5/p0f2/scale0.25_ecfp4,positive,all,yield,ecfp4,0,2,scale0.25_ecfp4
acid,44,27,True,1.284445645256281,1.2071933989674988,0.0601444261764522,1.417062956953368,test_e1a,primary,p0f2,0.6875,-0.0696724600843574,positive/all/chemistry/yield/ecfp4/k5/p0f2/scale0.25_ecfp4,positive,all,yield,ecfp4,0,2,scale0.25_ecfp4
acid,61,2,False,0.6814923967808988,0.8294233538574115,-0.2170691232584254,1.5491680810137054,test_e1a,primary,p0f2,0.5873015873015873,-0.2278472020281348,positive/all/chemistry/yield/ecfp4/k5/p0f2/scale0.25_ecfp4,positive,all,yield,ecfp4,0,2,scale0.25_ecfp4
acid,64,27,True,0.7438555844513489,0.7750710010967694,-0.0419643507394573,1.326399466084463,test_e1a,primary,p0f2,0.7111111111111111,-0.0680097500482392,positive/all/chemistry/yield/ecfp4/k5/p0f2/scale0.25_ecfp4,positive,all,yield,ecfp4,0,2,scale0.25_ecfp4
acid,72,72,True,1.3771359161404064,1.450896757071543,-0.0535610465652951,1.415655427789244,test_e1a,primary,p0f2,0.1875,-0.0814115734509095,positive/all/chemistry/yield/ecfp4/k5/p0f2/scale0.25_ecfp4,positive,all,yield,ecfp4,0,2,scale0.25_ecfp4
acid,84,21,True,1.0514244279696232,1.1025228307395585,-0.0485992158928718,1.3407352924873952,test_e1a,primary,p0f2,0.6585365853658537,-0.0380610244587955,positive/all/chemistry/yield/ecfp4/k5/p0f2/scale0.25_ecfp4,positive,all,yield,ecfp4,0,2,scale0.25_ecfp4
acid,92,7,True,1.9653506289295288,1.9606422598739344,0.0023956890878847,1.9015323230596368,test_e1a,primary,p0f2,0.3428571428571428,0.0281729571864213,positive/all/chemistry/yield/ecfp4/k5/p0f2/scale0.25_ecfp4,positive,all,yield,ecfp4,0,2,scale0.25_ecfp4
acid,94,2,False,0.8011107035118975,0.8250920978364258,-0.0299351815166106,0.1580621395060847,test_e1a,primary,p0f2,0.4893617021276595,-0.0449580566119602,positive/all/chemistry/yield/ecfp4/k5/p0f2/scale0.25_ecfp4,positive,all,yield,ecfp4,0,2,scale0.25_ecfp4
acid,99,2,False,1.3221642473730957,1.3627445661157211,-0.0306923431209482,1.196422173630048,test_e1a,primary,p0f2,0.4090909090909091,-0.0002713174033404,positive/all/chemistry/yield/ecfp4/k5/p0f2/scale0.25_ecfp4,positive,all,yield,ecfp4,0,2,scale0.25_ecfp4
acid,110,13,True,1.2393408038526732,1.2595721796454422,-0.016324303799146,1.335867767215202,test_e1a,primary,p0f2,0.2857142857142857,0.0530217202134299,positive/all/chemistry/yield/ecfp4/k5/p0f2/scale0.25_ecfp4,positive,all,yield,ecfp4,0,2,scale0.25_ecfp4
acid,117,48,True,0.9709192659605664,0.9754929838865678,-0.0047107087956241,1.199548822095414,test_e1a,primary,p0f2,0.3214285714285714,0.0250314175683127,positive/all/chemistry/yield/ecfp4/k5/p0f2/scale0.25_ecfp4,positive,all,yield,ecfp4,0,2,scale0.25_ecfp4
acid,123,2,False,1.4589854691884574,1.5673093872255697,-0.0742460568146479,1.6701000093233198,test_e1a,primary,p0f2,0.2727272727272727,-0.0678807606601596,positive/all/chemistry/yield/ecfp4/k5/p0f2/scale0.25_ecfp4,positive,all,yield,ecfp4,0,2,scale0.25_ecfp4
acid,126,66,True,1.6273509878872114,1.4853263178370448,0.0872735329423661,1.4266949689418829,test_e1a,primary,p0f2,0.3877551020408163,0.0568264527258882,positive/all/chemistry/yield/ecfp4/k5/p0f2/scale0.25_ecfp4,positive,all,yield,ecfp4,0,2,scale0.25_ecfp4
acid,131,25,True,0.9975963602529226,0.9382107289011706,0.0595287169418859,1.39436021520826,test_e1a,primary,p0f2,0.5142857142857142,0.0918518837462046,positive/all/chemistry/yield/ecfp4/k5/p0f2/scale0.25_ecfp4,positive,all,yield,ecfp4,0,2,scale0.25_ecfp4
acid,132,8,True,4.965171031053529,5.0306827742459905,-0.0131942571127425,2.2367464034985542,test_e1a,primary,p0f2,0.5925925925925926,-0.0055898128307376,positive/all/chemistry/yield/ecfp4/k5/p0f2/scale0.25_ecfp4,positive,all,yield,ecfp4,0,2,scale0.25_ecfp4
acid,134,13,True,2.438588637293784,2.6035467811873207,-0.067644924351242,1.753350802281615,test_e1a,primary,p0f2,0.3783783783783784,-0.0258594272456433,positive/all/chemistry/yield/ecfp4/k5/p0f2/scale0.25_ecfp4,positive,all,yield,ecfp4,0,2,scale0.25_ecfp4
acid,139,2,False,6.307745066838046,6.153538274534724,0.0244472138092642,0.5761081238727696,test_e1a,primary,p0f2,0.6909090909090909,-0.0631430919438866,positive/all/chemistry/yield/ecfp4/k5/p0f2/scale0.25_ecfp4,positive,all,yield,ecfp4,0,2,scale0.25_ecfp4
acid,140,31,True,1.1160443655984975,1.1476407892366796,-0.0283110820789258,1.2954905020069791,test_e1a,primary,p0f2,0.6190476190476191,-0.0719611294855737,positive/all/chemistry/yield/ecfp4/k5/p0f2/scale0.25_ecfp4,positive,all,yield,ecfp4,0,2,scale0.25_ecfp4
acid,142,4,True,3.271470125043307,3.5327826969232987,-0.0798761907925209,3.3591865191154904,test_e1a,primary,p0f2,0.1818181818181818,-0.0421764485018305,positive/all/chemistry/yield/ecfp4/k5/p0f2/scale0.25_ecfp4,positive,all,yield,ecfp4,0,2,scale0.25_ecfp4
acid,146,17,True,1.267957721616339,1.117706122997009,0.1184989026509457,1.2243528701886262,test_e1a,primary,p0f2,0.375,0.0731550625709216,positive/all/chemistry/yield/ecfp4/k5/p0f2/scale0.25_ecfp4,positive,all,yield,ecfp4,0,2,scale0.25_ecfp4
acid,150,37,True,2.0911968460854418,2.098459876493418,-0.0034731452572587,1.555574125131598,test_e1a,primary,p0f2,0.5510204081632653,-0.0283644423527957,positive/all/chemistry/yield/ecfp4/k5/p0f2/scale0.25_ecfp4,positive,all,yield,ecfp4,0,2,scale0.25_ecfp4
acid,158,18,True,2.9498046438881618,2.962743881100988,-0.0043864725888325,1.3288457249440329,test_e1a,primary,p0f2,0.2894736842105263,-0.0605723490429985,positive/all/chemistry/yield/ecfp4/k5/p0f2/scale0.25_ecfp4,positive,all,yield,ecfp4,0,2,scale0.25_ecfp4
acid,165,6,True,0.6801793532038399,0.6670614899881353,0.0192858885732354,1.7857174897559396,test_e1a,primary,p0f2,0.3695652173913043,-0.0754063576188215,positive/all/chemistry/yield/ecfp4/k5/p0f2/scale0.25_ecfp4,positive,all,yield,ecfp4,0,2,scale0.25_ecfp4
acid,168,2,False,0.0266775171976681,0.0174261879264476,0.346783743129933,0.2885286128904948,test_e1a,primary,p0f2,0.6382978723404256,-0.0563432940236547,positive/all/chemistry/yield/ecfp4/k5/p0f2/scale0.25_ecfp4,positive,all,yield,ecfp4,0,2,scale0.25_ecfp4
acid,169,35,True,1.763883114468745,1.6723633239562463,0.0518854054227188,1.4953918814773497,test_e1a,primary,p0f2,0.6415094339622641,-0.0550973782746393,positive/all/chemistry/yield/ecfp4/k5/p0f2/scale0.25_ecfp4,positive,all,yield,ecfp4,0,2,scale0.25_ecfp4
acid,183,27,True,1.8610207210908996,1.9516366617089644,-0.0486915269621217,1.6122566587888112,test_e1a,primary,p0f2,0.6666666666666666,-0.064329121175263,positive/all/chemistry/yield/ecfp4/k5/p0f2/scale0.25_ecfp4,positive,all,yield,ecfp4,0,2,scale0.25_ecfp4
acid,184,76,True,1.7005483043669625,1.8047151836652933,-0.0612548782241779,1.3451252761680734,test_e1a,primary,p0f2,0.3695652173913043,-0.0529073948250469,positive/all/chemistry/yield/ecfp4/k5/p0f2/scale0.25_ecfp4,positive,all,yield,ecfp4,0,2,scale0.25_ecfp4
acid,197,30,True,0.9355068592611332,0.9035053417176,0.0342076781444533,1.3775855007420337,test_e1a,primary,p0f2,0.6785714285714286,-0.0677606089354376,positive/all/chemistry/yield/ecfp4/k5/p0f2/scale0.25_ecfp4,positive,all,yield,ecfp4,0,2,scale0.25_ecfp4
acid,203,4,True,0.3872183217564551,0.3209392636588858,0.1711671539634847,0.9217096993343572,test_e1a,primary,p0f2,0.6,0.1116289016044441,positive/all/chemistry/yield/ecfp4/k5/p0f2/scale0.25_ecfp4,positive,all,yield,ecfp4,0,2,scale0.25_ecfp4
acid,205,15,True,1.19940257935184,1.148378015716383,0.0425416490791865,1.0172735905787258,test_e1a,primary,p0f2,0.5208333333333334,0.0861021690883924,positive/all/chemistry/yield/ecfp4/k5/p0f2/scale0.25_ecfp4,positive,all,yield,ecfp4,0,2,scale0.25_ecfp4
acid,206,119,True,2.281345562466722,2.25983373604243,0.0094294467169769,1.487246966379424,test_e1a,primary,p0f2,0.3055555555555556,-0.021803906153619,positive/all/chemistry/yield/ecfp4/k5/p0f2/scale0.25_ecfp4,positive,all,yield,ecfp4,0,2,scale0.25_ecfp4
acid,231,22,True,2.0599925205702445,2.0343291016006178,0.0124580156060579,1.788119841031372,test_e1a,primary,p0f2,0.6285714285714286,0.0029910082504851,positive/all/chemistry/yield/ecfp4/k5/p0f2/scale0.25_ecfp4,positive,all,yield,ecfp4,0,2,scale0.25_ecfp4
acid,234,8,True,2.227231469180284,2.158149672350458,0.0310168915021892,1.6820207821994175,test_e1a,primary,p0f2,0.6764705882352942,0.0405425323209184,positive/all/chemistry/yield/ecfp4/k5/p0f2/scale0.25_ecfp4,positive,all,yield,ecfp4,0,2,scale0.25_ecfp4
acid,243,53,True,1.5772868300406688,1.5937996717764935,-0.0104691432283112,1.7008613421183167,test_e1a,primary,p0f2,0.3333333333333333,-0.0421065393978994,positive/all/chemistry/yield/ecfp4/k5/p0f2/scale0.25_ecfp4,positive,all,yield,ecfp4,0,2,scale0.25_ecfp4
acid,249,11,True,0.7061736279939388,0.8029757971426076,-0.1370798417149326,1.197222679470977,test_e1a,primary,p0f2,0.3947368421052631,-0.0285173097630764,positive/all/chemistry/yield/ecfp4/k5/p0f2/scale0.25_ecfp4,positive,all,yield,ecfp4,0,2,scale0.25_ecfp4
acid,253,2,False,0.3403860752174149,0.3313498250283252,0.0265470618424035,0.6675588640995294,test_e1a,primary,p0f2,0.76,-0.0786902945152052,positive/all/chemistry/yield/ecfp4/k5/p0f2/scale0.25_ecfp4,positive,all,yield,ecfp4,0,2,scale0.25_ecfp4
acid,256,7,True,6.579203097633991,5.946293962276887,0.0961984492597151,1.322807611688115,test_e1a,primary,p0f2,0.3636363636363636,0.0456994929472829,positive/all/chemistry/yield/ecfp4/k5/p0f2/scale0.25_ecfp4,positive,all,yield,ecfp4,0,2,scale0.25_ecfp4
acid,257,31,True,3.7975018324942464,3.4690546395657056,0.0864903316485861,1.544948655665021,test_e1a,primary,p0f2,0.4848484848484848,0.0744641406085658,positive/all/chemistry/yield/ecfp4/k5/p0f2/scale0.25_ecfp4,positive,all,yield,ecfp4,0,2,scale0.25_ecfp4
acid,258,37,True,2.0895476831492203,2.2602697029978955,-0.0817028590567385,1.3648330196596383,test_e1a,primary,p0f2,0.5454545454545454,-0.0988479833178317,positive/all/chemistry/yield/ecfp4/k5/p0f2/scale0.25_ecfp4,positive,all,yield,ecfp4,0,2,scale0.25_ecfp4
acid,264,109,True,1.5317475198029942,1.5732939033803053,-0.0271235194052441,1.772099680255042,test_e1a,primary,p0f2,0.2926829268292683,0.0358592773127275,positive/all/chemistry/yield/ecfp4/k5/p0f2/scale0.25_ecfp4,positive,all,yield,ecfp4,0,2,scale0.25_ecfp4
acid,267,10,True,0.4678877246187582,0.4938117451913291,-0.0554064986289053,1.2885645236092909,test_e1a,primary,p0f2,0.4857142857142857,0.0312653017764972,positive/all/chemistry/yield/ecfp4/k5/p0f2/scale0.25_ecfp4,positive,all,yield,ecfp4,0,2,scale0.25_ecfp4
acid,268,10,True,0.8662765488737463,0.8775954795596179,-0.0130661861972225,0.8519341453002655,test_e1a,primary,p0f2,0.1935483870967742,0.0175343650936402,positive/all/chemistry/yield/ecfp4/k5/p0f2/scale0.25_ecfp4,positive,all,yield,ecfp4,0,2,scale0.25_ecfp4
acid,269,4,True,0.8233174970134908,0.8592153438206138,-0.043601462300193,1.5167357705751034,test_e1a,primary,p0f2,0.4242424242424242,0.0645157184128607,positive/all/chemistry/yield/ecfp4/k5/p0f2/scale0.25_ecfp4,positive,all,yield,ecfp4,0,2,scale0.25_ecfp4
acid,270,53,True,2.1026134528447233,1.9701257351639496,0.0630109721316227,1.612432747548121,test_e1a,primary,p0f2,0.1818181818181818,0.0654178109327701,positive/all/chemistry/yield/ecfp4/k5/p0f2/scale0.25_ecfp4,positive,all,yield,ecfp4,0,2,scale0.25_ecfp4
amine,12,10,True,0.7745374148599615,0.838359504774993,-0.0824002671666555,1.501591508450082,test_e1n,primary,p0f2,0.2340425531914893,-0.1065510036399188,positive/all/chemistry/yield/ecfp4/k5/p0f2/scale0.25_ecfp4,positive,all,yield,ecfp4,0,2,scale0.25_ecfp4
amine,22,10,True,1.893366696073036,1.8558729581148323,0.0198026816653995,1.4504418269825643,test_e1n,primary,p0f2,0.2258064516129032,0.0295668791697455,positive/all/chemistry/yield/ecfp4/k5/p0f2/scale0.25_ecfp4,positive,all,yield,ecfp4,0,2,scale0.25_ecfp4
amine,24,85,True,0.7298434163673552,0.81967641047894,-0.1230852976090544,1.5803083565135865,test_e1n,primary,p0f2,0.1228070175438596,-0.107517387496264,positive/all/chemistry/yield/ecfp4/k5/p0f2/scale0.25_ecfp4,positive,all,yield,ecfp4,0,2,scale0.25_ecfp4
amine,29,11,True,1.796949912249434,1.765584063588176,0.0174550489401197,1.573531102779144,test_e1n,primary,p0f2,0.3,-0.013162822597672,positive/all/chemistry/yield/ecfp4/k5/p0f2/scale0.25_ecfp4,positive,all,yield,ecfp4,0,2,scale0.25_ecfp4
amine,31,10,True,0.8839690817261647,0.8276966138545456,0.0636588643595241,1.5576542187820783,test_e1n,primary,p0f2,0.2058823529411764,0.0698008759799435,positive/all/chemistry/yield/ecfp4/k5/p0f2/scale0.25_ecfp4,positive,all,yield,ecfp4,0,2,scale0.25_ecfp4
amine,35,2,False,0.5587863856959756,0.4918339738962116,0.1198175430068395,0.4962236800326198,test_e1n,primary,p0f2,0.303030303030303,0.0693671847269773,positive/all/chemistry/yield/ecfp4/k5/p0f2/scale0.25_ecfp4,positive,all,yield,ecfp4,0,2,scale0.25_ecfp4
amine,37,7,True,0.7406636446995797,0.7930051012146474,-0.0706683214298953,1.446114487198806,test_e1n,primary,p0f2,0.3,-0.0448735432065381,positive/all/chemistry/yield/ecfp4/k5/p0f2/scale0.25_ecfp4,positive,all,yield,ecfp4,0,2,scale0.25_ecfp4
amine,45,10,True,1.9286449314378633,1.8141276038971368,0.0593770920059145,1.7034963970066697,test_e1n,primary,p0f2,0.1666666666666666,0.0692891960749439,positive/all/chemistry/yield/ecfp4/k5/p0f2/scale0.25_ecfp4,positive,all,yield,ecfp4,0,2,scale0.25_ecfp4
amine,52,89,True,1.5176214526876026,1.5561485835906324,-0.0253865223338802,1.6695649599977636,test_e1n,primary,p0f2,0.3333333333333333,-0.0786327505096931,positive/all/chemistry/yield/ecfp4/k5/p0f2/scale0.25_ecfp4,positive,all,yield,ecfp4,0,2,scale0.25_ecfp4
amine,64,10,True,0.9116572751818726,0.9537112991035098,-0.0461292034479159,1.3404799355890156,test_e1n,primary,p0f2,0.2666666666666666,-0.1019663050337018,positive/all/chemistry/yield/ecfp4/k5/p0f2/scale0.25_ecfp4,positive,all,yield,ecfp4,0,2,scale0.25_ecfp4
amine,69,64,True,1.1946497687555064,1.1438850977152697,0.0424933502419874,1.3353233940441327,test_e1n,primary,p0f2,0.296875,0.0331163874300399,positive/all/chemistry/yield/ecfp4/k5/p0f2/scale0.25_ecfp4,positive,all,yield,ecfp4,0,2,scale0.25_ecfp4
amine,71,12,True,1.879907053048786,1.717732310889226,0.0862674257732845,1.525185175690685,test_e1n,primary,p0f2,0.2575757575757575,0.0425766295458025,positive/all/chemistry/yield/ecfp4/k5/p0f2/scale0.25_ecfp4,positive,all,yield,ecfp4,0,2,scale0.25_ecfp4
amine,72,48,True,0.8558165988727172,0.9026566492976008,-0.0547314114806625,1.5121724494305,test_e1n,primary,p0f2,0.34375,-0.0118612170567913,positive/all/chemistry/yield/ecfp4/k5/p0f2/scale0.25_ecfp4,positive,all,yield,ecfp4,0,2,scale0.25_ecfp4
amine,76,10,True,1.7267219706785375,1.7109358035627984,0.0091422750065175,1.9908101965329243,test_e1n,primary,p0f2,0.1818181818181818,0.0312264555432157,positive/all/chemistry/yield/ecfp4/k5/p0f2/scale0.25_ecfp4,positive,all,yield,ecfp4,0,2,scale0.25_ecfp4
amine,77,56,True,2.182133427524706,2.3022302026750476,-0.0550364031985763,1.2852627238295833,test_e1n,primary,p0f2,0.1538461538461538,-0.0796316032669091,positive/all/chemistry/yield/ecfp4/k5/p0f2/scale0.25_ecfp4,positive,all,yield,ecfp4,0,2,scale0.25_ecfp4
amine,96,34,True,8.879882392484943,9.161788984938942,-0.0317466583445493,1.7134790593448963,test_e1n,primary,p0f2,0.2131147540983606,-0.0422243570378979,positive/all/chemistry/yield/ecfp4/k5/p0f2/scale0.25_ecfp4,positive,all,yield,ecfp4,0,2,scale0.25_ecfp4
amine,97,9,True,1.63117728564871,1.5197503762163171,0.0683107289518679,1.559191939408166,test_e1n,primary,p0f2,0.15,0.1100076571975443,positive/all/chemistry/yield/ecfp4/k5/p0f2/scale0.25_ecfp4,positive,all,yield,ecfp4,0,2,scale0.25_ecfp4
amine,98,8,True,5.557824252807638,5.3230529599383765,0.0422415827111953,1.6432929560182157,test_e1n,primary,p0f2,0.2142857142857142,0.021137100233006,positive/all/chemistry/yield/ecfp4/k5/p0f2/scale0.25_ecfp4,positive,all,yield,ecfp4,0,2,scale0.25_ecfp4
amine,103,28,True,2.108909487510235,1.9708249957856097,0.0654767274472492,1.6427450107421977,test_e1n,primary,p0f2,0.2708333333333333,0.0599339783640894,positive/all/chemistry/yield/ecfp4/k5/p0f2/scale0.25_ecfp4,positive,all,yield,ecfp4,0,2,scale0.25_ecfp4
amine,105,101,True,1.2961166752534052,1.346414878705093,-0.038806848497535,1.5457810951453663,test_e1n,primary,p0f2,0.4,-0.0721065159937799,positive/all/chemistry/yield/ecfp4/k5/p0f2/scale0.25_ecfp4,positive,all,yield,ecfp4,0,2,scale0.25_ecfp4
amine,111,41,True,1.6936716684840378,1.7516085444355256,-0.0342078556485188,1.560586812272856,test_e1n,primary,p0f2,0.3142857142857143,-0.0546364195405546,positive/all/chemistry/yield/ecfp4/k5/p0f2/scale0.25_ecfp4,positive,all,yield,ecfp4,0,2,scale0.25_ecfp4
amine,112,43,True,1.1049496961642298,1.0750400198825456,0.0270688126215282,1.2686550767561504,test_e1n,primary,p0f2,0.293103448275862,0.0626533310607893,positive/all/chemistry/yield/ecfp4/k5/p0f2/scale0.25_ecfp4,positive,all,yield,ecfp4,0,2,scale0.25_ecfp4
amine,113,104,True,1.115003314661716,1.0902044490599312,0.0222410689508206,1.4694687059087648,test_e1n,primary,p0f2,0.22,0.0775940130804659,positive/all/chemistry/yield/ecfp4/k5/p0f2/scale0.25_ecfp4,positive,all,yield,ecfp4,0,2,scale0.25_ecfp4
amine,116,4,True,4.129981308820474,4.404036884635124,-0.0663575825947067,0.7781653507295753,test_e1n,primary,p0f2,0.2549019607843137,-0.0065732947739001,positive/all/chemistry/yield/ecfp4/k5/p0f2/scale0.25_ecfp4,positive,all,yield,ecfp4,0,2,scale0.25_ecfp4
amine,122,28,True,1.2912188114964755,1.324130267478027,-0.0254886744899638,1.4481019601827008,test_e1n,primary,p0f2,0.5945945945945946,0.0293980740709447,positive/all/chemistry/yield/ecfp4/k5/p0f2/scale0.25_ecfp4,positive,all,yield,ecfp4,0,2,scale0.25_ecfp4
amine,127,39,True,3.3928434257748106,3.2983700482805536,0.0278448975206341,1.6417990700825793,test_e1n,primary,p0f2,0.5370370370370371,0.0516032644804962,positive/all/chemistry/yield/ecfp4/k5/p0f2/scale0.25_ecfp4,positive,all,yield,ecfp4,0,2,scale0.25_ecfp4
amine,129,36,True,1.5940929970549889,1.6767966272323156,-0.0518813082612605,1.4062380271392485,test_e1n,primary,p0f2,0.3720930232558139,0.0359060028242659,positive/all/chemistry/yield/ecfp4/k5/p0f2/scale0.25_ecfp4,positive,all,yield,ecfp4,0,2,scale0.25_ecfp4
amine,130,26,True,1.8980823603730177,2.0815200062521804,-0.0966436703216151,1.296051083846907,test_e1n,primary,p0f2,0.4482758620689655,-0.0588038633582597,positive/all/chemistry/yield/ecfp4/k5/p0f2/scale0.25_ecfp4,positive,all,yield,ecfp4,0,2,scale0.25_ecfp4
amine,132,30,True,0.8210943467839279,0.8472023373532481,-0.0317965781539968,1.3032865420765547,test_e1n,primary,p0f2,0.5789473684210527,-0.0667762585504851,positive/all/chemistry/yield/ecfp4/k5/p0f2/scale0.25_ecfp4,positive,all,yield,ecfp4,0,2,scale0.25_ecfp4
amine,133,46,True,1.024618894039358,1.0364040260255778,-0.0115019662967168,1.26419214013685,test_e1n,primary,p0f2,0.3404255319148936,-0.0616972896761982,positive/all/chemistry/yield/ecfp4/k5/p0f2/scale0.25_ecfp4,positive,all,yield,ecfp4,0,2,scale0.25_ecfp4
amine,134,55,True,1.2241040616766146,1.2155372344630768,0.0069984468492033,1.350350727407113,test_e1n,primary,p0f2,0.3,0.0123690602769519,positive/all/chemistry/yield/ecfp4/k5/p0f2/scale0.25_ecfp4,positive,all,yield,ecfp4,0,2,scale0.25_ecfp4
amine,136,16,True,1.8977175282354768,2.018269952807204,-0.0635249571013967,1.5894226579265471,test_e1n,primary,p0f2,0.145631067961165,-0.0144432593335137,positive/all/chemistry/yield/ecfp4/k5/p0f2/scale0.25_ecfp4,positive,all,yield,ecfp4,0,2,scale0.25_ecfp4
amine,140,16,True,1.7935339561487738,1.8977027507023665,-0.0580801908971226,1.5323103112506766,test_e1n,primary,p0f2,0.3243243243243243,0.020274401285629,positive/all/chemistry/yield/ecfp4/k5/p0f2/scale0.25_ecfp4,positive,all,yield,ecfp4,0,2,scale0.25_ecfp4
amine,148,22,True,1.0636932982820808,1.0355790757995835,0.0264307601898996,1.3319925744126415,test_e1n,primary,p0f2,0.3095238095238095,0.013384694948944,positive/all/chemistry/yield/ecfp4/k5/p0f2/scale0.25_ecfp4,positive,all,yield,ecfp4,0,2,scale0.25_ecfp4
amine,149,10,True,0.9603714925816832,0.9668230999779271,-0.0067178247647698,1.8649461271457344,test_e1n,primary,p0f2,0.4054054054054054,-0.036727850871369,positive/all/chemistry/yield/ecfp4/k5/p0f2/scale0.25_ecfp4,positive,all,yield,ecfp4,0,2,scale0.25_ecfp4
amine,152,10,True,1.487543433186136,1.6283877679789334,-0.094682502473979,1.4732037277928558,test_e1n,primary,p0f2,0.2608695652173913,-0.0615688193242052,positive/all/chemistry/yield/ecfp4/k5/p0f2/scale0.25_ecfp4,positive,all,yield,ecfp4,0,2,scale0.25_ecfp4
amine,165,10,True,1.2361918438638304,1.2462349356191804,-0.008124217778334,1.7236363457172617,test_e1n,primary,p0f2,0.2608695652173913,0.0273189821075057,positive/all/chemistry/yield/ecfp4/k5/p0f2/scale0.25_ecfp4,positive,all,yield,ecfp4,0,2,scale0.25_ecfp4
amine,175,21,True,0.9104121200902572,0.8900088896064612,0.0224109829313049,1.0676994926489274,test_e1n,primary,p0f2,0.2727272727272727,0.0624355538431778,positive/all/chemistry/yield/ecfp4/k5/p0f2/scale0.25_ecfp4,positive,all,yield,ecfp4,0,2,scale0.25_ecfp4
amine,176,49,True,1.2828795907063473,1.2285334176231868,0.0423626453151676,1.4581782069100262,test_e1n,primary,p0f2,0.1923076923076923,0.082706887069981,positive/all/chemistry/yield/ecfp4/k5/p0f2/scale0.25_ecfp4,positive,all,yield,ecfp4,0,2,scale0.25_ecfp4
amine,180,9,True,1.1229582361839787,1.0618086838513223,0.0544539862323411,1.8188732947441224,test_e1n,primary,p0f2,0.1818181818181818,0.0589294010335544,positive/all/chemistry/yield/ecfp4/k5/p0f2/scale0.25_ecfp4,positive,all,yield,ecfp4,0,2,scale0.25_ecfp4
amine,188,65,True,1.309561198248934,1.1980175055208926,0.0851763879971327,1.6060070651622842,test_e1n,primary,p0f2,0.2558139534883721,0.0910168745933285,positive/all/chemistry/yield/ecfp4/k5/p0f2/scale0.25_ecfp4,positive,all,yield,ecfp4,0,2,scale0.25_ecfp4
amine,202,24,True,1.6166327923929875,1.5051524994843983,0.0689583271062892,1.1743121842799098,test_e1n,primary,p0f2,0.2926829268292683,0.0330945938996996,positive/all/chemistry/yield/ecfp4/k5/p0f2/scale0.25_ecfp4,positive,all,yield,ecfp4,0,2,scale0.25_ecfp4
amine,212,7,True,2.6266861543594753,2.700115058082981,-0.0279549589895378,2.2268519524042545,test_e1n,primary,p0f2,0.123076923076923,-0.0266364656531723,positive/all/chemistry/yield/ecfp4/k5/p0f2/scale0.25_ecfp4,positive,all,yield,ecfp4,0,2,scale0.25_ecfp4
amine,215,9,True,2.1951360760161123,2.1007822032218137,0.0429831543589491,1.4333810368932078,test_e1n,primary,p0f2,0.1702127659574468,0.0427937387271442,positive/all/chemistry/yield/ecfp4/k5/p0f2/scale0.25_ecfp4,positive,all,yield,ecfp4,0,2,scale0.25_ecfp4
amine,224,32,True,1.5391056377646537,1.376951167921684,0.1053562964518001,1.2335061455937035,test_e1n,primary,p0f2,0.4482758620689655,0.0652109433566309,positive/all/chemistry/yield/ecfp4/k5/p0f2/scale0.25_ecfp4,positive,all,yield,ecfp4,0,2,scale0.25_ecfp4
acid,0,21,True,0.9830243900803716,0.7936245029889031,0.1926705878335158,1.5924587244306734,test_e1a,primary,p0f2,0.46875,-0.0816617670468553,positive/all/chemistry/yield/shuffled_both/k5/p0f2/scale0.25_shuffled_both,positive,all,yield,shuffled_both,0,2,scale0.25_shuffled_both
acid,1,9,True,8.426062437432261,8.306550201164393,0.0141836400044867,1.436351808557672,test_e1a,primary,p0f2,0.1612903225806451,0.1057150311240812,positive/all/chemistry/yield/shuffled_both/k5/p0f2/scale0.25_shuffled_both,positive,all,yield,shuffled_both,0,2,scale0.25_shuffled_both
acid,2,70,True,0.8759907461931803,1.086477480000866,-0.2402841978895373,1.5098125283033557,test_e1a,primary,p0f2,0.1612903225806451,0.0699528746604319,positive/all/chemistry/yield/shuffled_both/k5/p0f2/scale0.25_shuffled_both,positive,all,yield,shuffled_both,0,2,scale0.25_shuffled_both
acid,3,34,True,1.4435226138011996,1.4523212023458332,-0.0060952204423485,1.2949128460985364,test_e1a,primary,p0f2,0.75,-0.1107335800918238,positive/all/chemistry/yield/shuffled_both/k5/p0f2/scale0.25_shuffled_both,positive,all,yield,shuffled_both,0,2,scale0.25_shuffled_both
acid,10,34,True,1.6909298379234587,2.1448511048386742,-0.2684447673314774,1.4760166903726415,test_e1a,primary,p0f2,0.3783783783783784,-0.0521458361749573,positive/all/chemistry/yield/shuffled_both/k5/p0f2/scale0.25_shuffled_both,positive,all,yield,shuffled_both,0,2,scale0.25_shuffled_both
acid,13,2,False,4.2359141228320105,4.3341043488690385,-0.0231804099870138,0.0753129944799176,test_e1a,primary,p0f2,0.3333333333333333,0.0209903732122693,positive/all/chemistry/yield/shuffled_both/k5/p0f2/scale0.25_shuffled_both,positive,all,yield,shuffled_both,0,2,scale0.25_shuffled_both
acid,14,28,True,1.0968180842660458,1.2342714498784473,-0.1253201124089604,1.3995196925535147,test_e1a,primary,p0f2,0.4411764705882353,0.0295579920839695,positive/all/chemistry/yield/shuffled_both/k5/p0f2/scale0.25_shuffled_both,positive,all,yield,shuffled_both,0,2,scale0.25_shuffled_both
acid,26,41,True,1.7405559888565507,1.6139370859200983,0.0727462395620114,1.3347694259694474,test_e1a,primary,p0f2,0.4651162790697674,0.1111596572933799,positive/all/chemistry/yield/shuffled_both/k5/p0f2/scale0.25_shuffled_both,positive,all,yield,shuffled_both,0,2,scale0.25_shuffled_both
acid,41,8,True,1.3147798321254556,1.7688190433531357,-0.3453347854398454,0.9395266947749088,test_e1a,primary,p0f2,0.5769230769230769,-0.0553857947339355,positive/all/chemistry/yield/shuffled_both/k5/p0f2/scale0.25_shuffled_both,positive,all,yield,shuffled_both,0,2,scale0.25_shuffled_both
acid,42,34,True,1.7455137719118596,2.0279169522616813,-0.1617879989800972,1.2499759209976489,test_e1a,primary,p0f2,0.6595744680851063,-0.1186661229529446,positive/all/chemistry/yield/shuffled_both/k5/p0f2/scale0.25_shuffled_both,positive,all,yield,shuffled_both,0,2,scale0.25_shuffled_both
acid,44,27,True,3.7022561465606945,4.164945809026675,-0.1249750541695522,1.417062956953368,test_e1a,primary,p0f2,0.6875,-0.1451183052309341,positive/all/chemistry/yield/shuffled_both/k5/p0f2/scale0.25_shuffled_both,positive,all,yield,shuffled_both,0,2,scale0.25_shuffled_both
acid,61,2,False,1.111239446556131,1.4307503724264048,-0.2875266234117928,1.5491680810137054,test_e1a,primary,p0f2,0.5873015873015873,-0.1192031896580052,positive/all/chemistry/yield/shuffled_both/k5/p0f2/scale0.25_shuffled_both,positive,all,yield,shuffled_both,0,2,scale0.25_shuffled_both
acid,64,27,True,0.950600906975793,1.0860341446532658,-0.1424711849984816,1.326399466084463,test_e1a,primary,p0f2,0.7111111111111111,-0.0937676408544025,positive/all/chemistry/yield/shuffled_both/k5/p0f2/scale0.25_shuffled_both,positive,all,yield,shuffled_both,0,2,scale0.25_shuffled_both
acid,72,72,True,1.0345775064803222,1.006964506935451,0.0266901216892022,1.415655427789244,test_e1a,primary,p0f2,0.1875,-0.0567653750342864,positive/all/chemistry/yield/shuffled_both/k5/p0f2/scale0.25_shuffled_both,positive,all,yield,shuffled_both,0,2,scale0.25_shuffled_both
acid,84,21,True,1.4440085699762988,1.4430639511921644,0.0006541642506664,1.3407352924873952,test_e1a,primary,p0f2,0.6585365853658537,-0.1087300443051559,positive/all/chemistry/yield/shuffled_both/k5/p0f2/scale0.25_shuffled_both,positive,all,yield,shuffled_both,0,2,scale0.25_shuffled_both
acid,92,7,True,5.338842086837524,5.223827205798941,0.0215430385779985,1.9015323230596368,test_e1a,primary,p0f2,0.3428571428571428,0.0752841073454061,positive/all/chemistry/yield/shuffled_both/k5/p0f2/scale0.25_shuffled_both,positive,all,yield,shuffled_both,0,2,scale0.25_shuffled_both
acid,94,2,False,0.5464279937010468,0.9625564675704548,-0.7615431102841224,0.1580621395060847,test_e1a,primary,p0f2,0.4893617021276595,-0.1810352100602825,positive/all/chemistry/yield/shuffled_both/k5/p0f2/scale0.25_shuffled_both,positive,all,yield,shuffled_both,0,2,scale0.25_shuffled_both
acid,99,2,False,1.390131498977785,1.5864360844490235,-0.1412129612310695,1.196422173630048,test_e1a,primary,p0f2,0.4090909090909091,-0.2240565815863762,positive/all/chemistry/yield/shuffled_both/k5/p0f2/scale0.25_shuffled_both,positive,all,yield,shuffled_both,0,2,scale0.25_shuffled_both
acid,110,13,True,4.873684192837862,4.471732034215659,0.0824739853298031,1.335867767215202,test_e1a,primary,p0f2,0.2857142857142857,0.0882369722265136,positive/all/chemistry/yield/shuffled_both/k5/p0f2/scale0.25_shuffled_both,positive,all,yield,shuffled_both,0,2,scale0.25_shuffled_both
acid,117,48,True,3.461851950285105,2.7548927869900592,0.2042141528429092,1.199548822095414,test_e1a,primary,p0f2,0.3214285714285714,0.1040242091923762,positive/all/chemistry/yield/shuffled_both/k5/p0f2/scale0.25_shuffled_both,positive,all,yield,shuffled_both,0,2,scale0.25_shuffled_both
acid,123,2,False,1.0574854619434044,0.9119368274557604,0.1376365347095747,1.6701000093233198,test_e1a,primary,p0f2,0.2727272727272727,0.0416212808867257,positive/all/chemistry/yield/shuffled_both/k5/p0f2/scale0.25_shuffled_both,positive,all,yield,shuffled_both,0,2,scale0.25_shuffled_both
acid,126,66,True,3.6151146357029487,2.968434727371075,0.1788822688899679,1.4266949689418829,test_e1a,primary,p0f2,0.3877551020408163,0.1637826852240521,positive/all/chemistry/yield/shuffled_both/k5/p0f2/scale0.25_shuffled_both,positive,all,yield,shuffled_both,0,2,scale0.25_shuffled_both
acid,131,25,True,3.834195182709665,3.54777829654873,0.0747006535954492,1.39436021520826,test_e1a,primary,p0f2,0.5142857142857142,0.0334875790386719,positive/all/chemistry/yield/shuffled_both/k5/p0f2/scale0.25_shuffled_both,positive,all,yield,shuffled_both,0,2,scale0.25_shuffled_both
acid,132,8,True,4.655582291787,4.404677490883845,0.0538933231500988,2.2367464034985542,test_e1a,primary,p0f2,0.5925925925925926,-0.0185336679473793,positive/all/chemistry/yield/shuffled_both/k5/p0f2/scale0.25_shuffled_both,positive,all,yield,shuffled_both,0,2,scale0.25_shuffled_both
acid,134,13,True,2.003965726703474,2.1843229110385116,-0.0900001341997627,1.753350802281615,test_e1a,primary,p0f2,0.3783783783783784,-0.0255411396310927,positive/all/chemistry/yield/shuffled_both/k5/p0f2/scale0.25_shuffled_both,positive,all,yield,shuffled_both,0,2,scale0.25_shuffled_both
acid,139,2,False,4.07116843995592,4.648164680617318,-0.1417274301398459,0.5761081238727696,test_e1a,primary,p0f2,0.6909090909090909,0.0184578897293187,positive/all/chemistry/yield/shuffled_both/k5/p0f2/scale0.25_shuffled_both,positive,all,yield,shuffled_both,0,2,scale0.25_shuffled_both
acid,140,31,True,1.7776262713167177,3.1294084804281903,-0.7604422993311102,1.2954905020069791,test_e1a,primary,p0f2,0.6190476190476191,-0.1595018975441391,positive/all/chemistry/yield/shuffled_both/k5/p0f2/scale0.25_shuffled_both,positive,all,yield,shuffled_both,0,2,scale0.25_shuffled_both
acid,142,4,True,5.27779144485117,5.657046330058231,-0.0718586342734419,3.3591865191154904,test_e1a,primary,p0f2,0.1818181818181818,0.0130196280404932,positive/all/chemistry/yield/shuffled_both/k5/p0f2/scale0.25_shuffled_both,positive,all,yield,shuffled_both,0,2,scale0.25_shuffled_both
acid,146,17,True,5.131067449067916,4.421396123995783,0.1383087110267958,1.2243528701886262,test_e1a,primary,p0f2,0.375,0.0831554714567337,positive/all/chemistry/yield/shuffled_both/k5/p0f2/scale0.25_shuffled_both,positive,all,yield,shuffled_both,0,2,scale0.25_shuffled_both
acid,150,37,True,4.41879816592066,5.826453689722177,-0.318560719667591,1.555574125131598,test_e1a,primary,p0f2,0.5510204081632653,-0.0937466278663861,positive/all/chemistry/yield/shuffled_both/k5/p0f2/scale0.25_shuffled_both,positive,all,yield,shuffled_both,0,2,scale0.25_shuffled_both
acid,158,18,True,2.2287109991026393,2.384925901208236,-0.0700920407215177,1.3288457249440329,test_e1a,primary,p0f2,0.2894736842105263,-0.1567490919784944,positive/all/chemistry/yield/shuffled_both/k5/p0f2/scale0.25_shuffled_both,positive,all,yield,shuffled_both,0,2,scale0.25_shuffled_both
acid,165,6,True,1.2752885206221685,0.984106350647072,0.2283265043686262,1.7857174897559396,test_e1a,primary,p0f2,0.3695652173913043,-0.1507543470559904,positive/all/chemistry/yield/shuffled_both/k5/p0f2/scale0.25_shuffled_both,positive,all,yield,shuffled_both,0,2,scale0.25_shuffled_both
acid,168,2,False,0.5601667293649449,0.6616447736153434,-0.1811568572904052,0.2885286128904948,test_e1a,primary,p0f2,0.6382978723404256,-0.1965562536271303,positive/all/chemistry/yield/shuffled_both/k5/p0f2/scale0.25_shuffled_both,positive,all,yield,shuffled_both,0,2,scale0.25_shuffled_both
acid,169,35,True,1.9537936776885911,1.958687659586993,-0.0025048611602589,1.4953918814773497,test_e1a,primary,p0f2,0.6415094339622641,-0.1057984065998312,positive/all/chemistry/yield/shuffled_both/k5/p0f2/scale0.25_shuffled_both,positive,all,yield,shuffled_both,0,2,scale0.25_shuffled_both
acid,183,27,True,2.887377135886732,3.1921404476049777,-0.1055502268582766,1.6122566587888112,test_e1a,primary,p0f2,0.6666666666666666,-0.1241860482652328,positive/all/chemistry/yield/shuffled_both/k5/p0f2/scale0.25_shuffled_both,positive,all,yield,shuffled_both,0,2,scale0.25_shuffled_both
acid,184,76,True,2.143705448704625,2.8153383751873213,-0.3133046692065568,1.3451252761680734,test_e1a,primary,p0f2,0.3695652173913043,-0.139715525815554,positive/all/chemistry/yield/shuffled_both/k5/p0f2/scale0.25_shuffled_both,positive,all,yield,shuffled_both,0,2,scale0.25_shuffled_both
acid,197,30,True,0.8577895743456717,0.9263121070159084,-0.0798826830257362,1.3775855007420337,test_e1a,primary,p0f2,0.6785714285714286,-0.0622161230415925,positive/all/chemistry/yield/shuffled_both/k5/p0f2/scale0.25_shuffled_both,positive,all,yield,shuffled_both,0,2,scale0.25_shuffled_both
acid,203,4,True,1.4944688496260816,1.526561128133058,-0.0214740364210375,0.9217096993343572,test_e1a,primary,p0f2,0.6,0.0683546085270926,positive/all/chemistry/yield/shuffled_both/k5/p0f2/scale0.25_shuffled_both,positive,all,yield,shuffled_both,0,2,scale0.25_shuffled_both
acid,205,15,True,3.864364183193717,2.499956324127565,0.3530743466156786,1.0172735905787258,test_e1a,primary,p0f2,0.5208333333333334,0.0526794134670237,positive/all/chemistry/yield/shuffled_both/k5/p0f2/scale0.25_shuffled_both,positive,all,yield,shuffled_both,0,2,scale0.25_shuffled_both
acid,206,119,True,2.5602680955793153,3.164912534284998,-0.2361645015807885,1.487246966379424,test_e1a,primary,p0f2,0.3055555555555556,-0.0718785484412023,positive/all/chemistry/yield/shuffled_both/k5/p0f2/scale0.25_shuffled_both,positive,all,yield,shuffled_both,0,2,scale0.25_shuffled_both
acid,231,22,True,3.0155589998348606,2.750960876452085,0.0877443032609428,1.788119841031372,test_e1a,primary,p0f2,0.6285714285714286,0.0246564239219408,positive/all/chemistry/yield/shuffled_both/k5/p0f2/scale0.25_shuffled_both,positive,all,yield,shuffled_both,0,2,scale0.25_shuffled_both
acid,234,8,True,5.729537151210524,5.7513873901782855,-0.0038136132799393,1.6820207821994175,test_e1a,primary,p0f2,0.6764705882352942,-0.0186584115942072,positive/all/chemistry/yield/shuffled_both/k5/p0f2/scale0.25_shuffled_both,positive,all,yield,shuffled_both,0,2,scale0.25_shuffled_both
acid,243,53,True,1.203672837315923,1.3125873049285557,-0.0904851087738272,1.7008613421183167,test_e1a,primary,p0f2,0.3333333333333333,-0.0019664741969742,positive/all/chemistry/yield/shuffled_both/k5/p0f2/scale0.25_shuffled_both,positive,all,yield,shuffled_both,0,2,scale0.25_shuffled_both
acid,249,11,True,1.0215399396727174,1.1502476760347369,-0.1259938367199378,1.197222679470977,test_e1a,primary,p0f2,0.3947368421052631,-0.0617212915627809,positive/all/chemistry/yield/shuffled_both/k5/p0f2/scale0.25_shuffled_both,positive,all,yield,shuffled_both,0,2,scale0.25_shuffled_both
acid,253,2,False,0.0843207120014538,0.0210713572776749,0.7501046092054866,0.6675588640995294,test_e1a,primary,p0f2,0.76,-0.2705630054116921,positive/all/chemistry/yield/shuffled_both/k5/p0f2/scale0.25_shuffled_both,positive,all,yield,shuffled_both,0,2,scale0.25_shuffled_both
acid,256,7,True,4.977948886102309,3.2935021944583167,0.3383816769084786,1.322807611688115,test_e1a,primary,p0f2,0.3636363636363636,0.0612640298826915,positive/all/chemistry/yield/shuffled_both/k5/p0f2/scale0.25_shuffled_both,positive,all,yield,shuffled_both,0,2,scale0.25_shuffled_both
acid,257,31,True,2.1746256685251812,1.7772120708444448,0.1827503479944942,1.544948655665021,test_e1a,primary,p0f2,0.4848484848484848,0.0761471602662352,positive/all/chemistry/yield/shuffled_both/k5/p0f2/scale0.25_shuffled_both,positive,all,yield,shuffled_both,0,2,scale0.25_shuffled_both
acid,258,37,True,2.637847962626857,3.3020199488550297,-0.2517855447463955,1.3648330196596383,test_e1a,primary,p0f2,0.5454545454545454,-0.1534756643430253,positive/all/chemistry/yield/shuffled_both/k5/p0f2/scale0.25_shuffled_both,positive,all,yield,shuffled_both,0,2,scale0.25_shuffled_both
acid,264,109,True,1.885355690065526,2.141366747347946,-0.1357892617458949,1.772099680255042,test_e1a,primary,p0f2,0.2926829268292683,0.079903254073395,positive/all/chemistry/yield/shuffled_both/k5/p0f2/scale0.25_shuffled_both,positive,all,yield,shuffled_both,0,2,scale0.25_shuffled_both
acid,267,10,True,0.4589937074745469,0.9807910004088992,-1.1368288593875508,1.2885645236092909,test_e1a,primary,p0f2,0.4857142857142857,0.0173985389917588,positive/all/chemistry/yield/shuffled_both/k5/p0f2/scale0.25_shuffled_both,positive,all,yield,shuffled_both,0,2,scale0.25_shuffled_both
acid,268,10,True,0.9895544445676838,1.2845010684104294,-0.2980600263703548,0.8519341453002655,test_e1a,primary,p0f2,0.1935483870967742,0.199279814595828,positive/all/chemistry/yield/shuffled_both/k5/p0f2/scale0.25_shuffled_both,positive,all,yield,shuffled_both,0,2,scale0.25_shuffled_both
acid,269,4,True,4.309644008701982,3.899269577015186,0.0952223503514844,1.5167357705751034,test_e1a,primary,p0f2,0.4242424242424242,0.0430166859965844,positive/all/chemistry/yield/shuffled_both/k5/p0f2/scale0.25_shuffled_both,positive,all,yield,shuffled_both,0,2,scale0.25_shuffled_both
acid,270,53,True,5.373724365425448,4.53775463354874,0.1555661725516364,1.612432747548121,test_e1a,primary,p0f2,0.1818181818181818,0.1367476681930458,positive/all/chemistry/yield/shuffled_both/k5/p0f2/scale0.25_shuffled_both,positive,all,yield,shuffled_both,0,2,scale0.25_shuffled_both
amine,12,10,True,2.5650953985388076,3.992512569272953,-0.5564772255828245,1.501591508450082,test_e1n,primary,p0f2,0.2340425531914893,-0.1222800311525076,positive/all/chemistry/yield/shuffled_both/k5/p0f2/scale0.25_shuffled_both,positive,all,yield,shuffled_both,0,2,scale0.25_shuffled_both
amine,22,10,True,1.7764037322137392,2.4015372221510285,-0.351909579225131,1.4504418269825643,test_e1n,primary,p0f2,0.2258064516129032,-0.1698454429723617,positive/all/chemistry/yield/shuffled_both/k5/p0f2/scale0.25_shuffled_both,positive,all,yield,shuffled_both,0,2,scale0.25_shuffled_both
amine,24,85,True,1.5773500397658793,1.9632442739010472,-0.2446471768514013,1.5803083565135865,test_e1n,primary,p0f2,0.1228070175438596,-0.1569643412651427,positive/all/chemistry/yield/shuffled_both/k5/p0f2/scale0.25_shuffled_both,positive,all,yield,shuffled_both,0,2,scale0.25_shuffled_both
amine,29,11,True,1.84127069912225,2.0359298587936023,-0.1057200116007646,1.573531102779144,test_e1n,primary,p0f2,0.3,-0.0309159639597034,positive/all/chemistry/yield/shuffled_both/k5/p0f2/scale0.25_shuffled_both,positive,all,yield,shuffled_both,0,2,scale0.25_shuffled_both
amine,31,10,True,4.1775707354922815,3.2598921059738317,0.2196680050733626,1.5576542187820783,test_e1n,primary,p0f2,0.2058823529411764,-0.0288591143512415,positive/all/chemistry/yield/shuffled_both/k5/p0f2/scale0.25_shuffled_both,positive,all,yield,shuffled_both,0,2,scale0.25_shuffled_both
amine,35,2,False,1.244578424290199,1.3234334035027304,-0.0633587869382386,0.4962236800326198,test_e1n,primary,p0f2,0.303030303030303,-10.288735955160965,positive/all/chemistry/yield/shuffled_both/k5/p0f2/scale0.25_shuffled_both,positive,all,yield,shuffled_both,0,2,scale0.25_shuffled_both
amine,37,7,True,0.8858236413654483,1.4088031692374468,-0.5903878644126661,1.446114487198806,test_e1n,primary,p0f2,0.3,-0.0195273184762578,positive/all/chemistry/yield/shuffled_both/k5/p0f2/scale0.25_shuffled_both,positive,all,yield,shuffled_both,0,2,scale0.25_shuffled_both
amine,45,10,True,1.0392249370172986,0.8127846556358191,0.217893425490145,1.7034963970066697,test_e1n,primary,p0f2,0.1666666666666666,-0.0538370277720396,positive/all/chemistry/yield/shuffled_both/k5/p0f2/scale0.25_shuffled_both,positive,all,yield,shuffled_both,0,2,scale0.25_shuffled_both
amine,52,89,True,1.490452124093813,1.8351441593376616,-0.2312667610530732,1.6695649599977636,test_e1n,primary,p0f2,0.3333333333333333,-0.1630284581388092,positive/all/chemistry/yield/shuffled_both/k5/p0f2/scale0.25_shuffled_both,positive,all,yield,shuffled_both,0,2,scale0.25_shuffled_both
amine,64,10,True,1.144878457184897,1.3425367388256055,-0.1726456467062223,1.3404799355890156,test_e1n,primary,p0f2,0.2666666666666666,-0.1890290060407891,positive/all/chemistry/yield/shuffled_both/k5/p0f2/scale0.25_shuffled_both,positive,all,yield,shuffled_both,0,2,scale0.25_shuffled_both
amine,69,64,True,1.3966406643456533,1.3980172426767492,-0.0009856352934853,1.3353233940441327,test_e1n,primary,p0f2,0.296875,-0.0170919134324316,positive/all/chemistry/yield/shuffled_both/k5/p0f2/scale0.25_shuffled_both,positive,all,yield,shuffled_both,0,2,scale0.25_shuffled_both
amine,71,12,True,1.7354313213764585,1.9986196654524049,-0.1516558683908035,1.525185175690685,test_e1n,primary,p0f2,0.2575757575757575,-0.0096584318026493,positive/all/chemistry/yield/shuffled_both/k5/p0f2/scale0.25_shuffled_both,positive,all,yield,shuffled_both,0,2,scale0.25_shuffled_both
amine,72,48,True,1.058767370327068,0.9699490012088146,0.0838884646499977,1.5121724494305,test_e1n,primary,p0f2,0.34375,-0.0935155144975248,positive/all/chemistry/yield/shuffled_both/k5/p0f2/scale0.25_shuffled_both,positive,all,yield,shuffled_both,0,2,scale0.25_shuffled_both
amine,76,10,True,1.8702535599351584,1.7378341634768872,0.0708029110570771,1.9908101965329243,test_e1n,primary,p0f2,0.1818181818181818,-0.0444527343242819,positive/all/chemistry/yield/shuffled_both/k5/p0f2/scale0.25_shuffled_both,positive,all,yield,shuffled_both,0,2,scale0.25_shuffled_both
amine,77,56,True,0.8836089846915912,0.8327160874487269,0.0575966271558766,1.2852627238295833,test_e1n,primary,p0f2,0.1538461538461538,-0.1110080537376001,positive/all/chemistry/yield/shuffled_both/k5/p0f2/scale0.25_shuffled_both,positive,all,yield,shuffled_both,0,2,scale0.25_shuffled_both
amine,96,34,True,13.2013727299835,15.144845792789692,-0.147217497949444,1.7134790593448963,test_e1n,primary,p0f2,0.2131147540983606,-0.1482286556536396,positive/all/chemistry/yield/shuffled_both/k5/p0f2/scale0.25_shuffled_both,positive,all,yield,shuffled_both,0,2,scale0.25_shuffled_both
amine,97,9,True,0.4716386161364865,0.5737122533478397,-0.2164234091930554,1.559191939408166,test_e1n,primary,p0f2,0.15,-0.0313334054236258,positive/all/chemistry/yield/shuffled_both/k5/p0f2/scale0.25_shuffled_both,positive,all,yield,shuffled_both,0,2,scale0.25_shuffled_both
amine,98,8,True,7.447112541096412,7.180887240456082,0.0357487951432428,1.6432929560182157,test_e1n,primary,p0f2,0.2142857142857142,0.0739046173880506,positive/all/chemistry/yield/shuffled_both/k5/p0f2/scale0.25_shuffled_both,positive,all,yield,shuffled_both,0,2,scale0.25_shuffled_both
amine,103,28,True,3.2827894245120524,2.534580214442958,0.2279187341357743,1.6427450107421977,test_e1n,primary,p0f2,0.2708333333333333,0.0869908396104156,positive/all/chemistry/yield/shuffled_both/k5/p0f2/scale0.25_shuffled_both,positive,all,yield,shuffled_both,0,2,scale0.25_shuffled_both
amine,105,101,True,1.1461370850920647,1.270375120583713,-0.1083971866085014,1.5457810951453663,test_e1n,primary,p0f2,0.4,-0.1442491218362529,positive/all/chemistry/yield/shuffled_both/k5/p0f2/scale0.25_shuffled_both,positive,all,yield,shuffled_both,0,2,scale0.25_shuffled_both
amine,111,41,True,1.632426144856195,1.3741884738657342,0.1581925600764068,1.560586812272856,test_e1n,primary,p0f2,0.3142857142857143,-0.1133099197980931,positive/all/chemistry/yield/shuffled_both/k5/p0f2/scale0.25_shuffled_both,positive,all,yield,shuffled_both,0,2,scale0.25_shuffled_both
amine,112,43,True,2.57894230841391,2.197925687821402,0.1477414284722169,1.2686550767561504,test_e1n,primary,p0f2,0.293103448275862,0.0667972770318972,positive/all/chemistry/yield/shuffled_both/k5/p0f2/scale0.25_shuffled_both,positive,all,yield,shuffled_both,0,2,scale0.25_shuffled_both
amine,113,104,True,2.051242043533268,1.6722152478434658,0.1847791667905401,1.4694687059087648,test_e1n,primary,p0f2,0.22,0.1064615702930559,positive/all/chemistry/yield/shuffled_both/k5/p0f2/scale0.25_shuffled_both,positive,all,yield,shuffled_both,0,2,scale0.25_shuffled_both
amine,116,4,True,0.1340654823473595,0.2215283010906748,-0.65238879696641,0.7781653507295753,test_e1n,primary,p0f2,0.2549019607843137,-0.0754005869845642,positive/all/chemistry/yield/shuffled_both/k5/p0f2/scale0.25_shuffled_both,positive,all,yield,shuffled_both,0,2,scale0.25_shuffled_both
amine,122,28,True,1.2596152533002274,1.448514182387415,-0.1499655776573578,1.4481019601827008,test_e1n,primary,p0f2,0.5945945945945946,0.1418161932095041,positive/all/chemistry/yield/shuffled_both/k5/p0f2/scale0.25_shuffled_both,positive,all,yield,shuffled_both,0,2,scale0.25_shuffled_both
amine,127,39,True,4.160068993420061,3.510981236515638,0.1560281230746601,1.6417990700825793,test_e1n,primary,p0f2,0.5370370370370371,0.0902437348848453,positive/all/chemistry/yield/shuffled_both/k5/p0f2/scale0.25_shuffled_both,positive,all,yield,shuffled_both,0,2,scale0.25_shuffled_both
amine,129,36,True,1.176540529160357,1.2770388428029376,-0.0854184884853066,1.4062380271392485,test_e1n,primary,p0f2,0.3720930232558139,-0.0585690063291142,positive/all/chemistry/yield/shuffled_both/k5/p0f2/scale0.25_shuffled_both,positive,all,yield,shuffled_both,0,2,scale0.25_shuffled_both
amine,130,26,True,1.921772412714131,2.199780476794508,-0.1446623243424256,1.296051083846907,test_e1n,primary,p0f2,0.4482758620689655,-0.1325806523404848,positive/all/chemistry/yield/shuffled_both/k5/p0f2/scale0.25_shuffled_both,positive,all,yield,shuffled_both,0,2,scale0.25_shuffled_both
amine,132,30,True,1.927424251085902,2.1880488645273712,-0.1352191212155988,1.3032865420765547,test_e1n,primary,p0f2,0.5789473684210527,-0.1049495755426492,positive/all/chemistry/yield/shuffled_both/k5/p0f2/scale0.25_shuffled_both,positive,all,yield,shuffled_both,0,2,scale0.25_shuffled_both
amine,133,46,True,3.4204738095904315,3.8924148840602375,-0.1379753510015375,1.26419214013685,test_e1n,primary,p0f2,0.3404255319148936,-0.131859001976484,positive/all/chemistry/yield/shuffled_both/k5/p0f2/scale0.25_shuffled_both,positive,all,yield,shuffled_both,0,2,scale0.25_shuffled_both
amine,134,55,True,1.6692674480923806,1.4515653298901992,0.1304177580716432,1.350350727407113,test_e1n,primary,p0f2,0.3,-0.0903491487332652,positive/all/chemistry/yield/shuffled_both/k5/p0f2/scale0.25_shuffled_both,positive,all,yield,shuffled_both,0,2,scale0.25_shuffled_both
amine,136,16,True,1.7817902831919434,1.80611437366345,-0.0136514890113397,1.5894226579265471,test_e1n,primary,p0f2,0.145631067961165,-0.0314034772414164,positive/all/chemistry/yield/shuffled_both/k5/p0f2/scale0.25_shuffled_both,positive,all,yield,shuffled_both,0,2,scale0.25_shuffled_both
amine,140,16,True,2.7798010382998206,2.2424386753128784,0.1933096489940169,1.5323103112506766,test_e1n,primary,p0f2,0.3243243243243243,-0.0507067526278466,positive/all/chemistry/yield/shuffled_both/k5/p0f2/scale0.25_shuffled_both,positive,all,yield,shuffled_both,0,2,scale0.25_shuffled_both
amine,148,22,True,2.0879310148289205,1.703951945732897,0.1839040975822113,1.3319925744126415,test_e1n,primary,p0f2,0.3095238095238095,-0.1033189955728581,positive/all/chemistry/yield/shuffled_both/k5/p0f2/scale0.25_shuffled_both,positive,all,yield,shuffled_both,0,2,scale0.25_shuffled_both
amine,149,10,True,0.590901732691224,0.6622632099193001,-0.1207670806837286,1.8649461271457344,test_e1n,primary,p0f2,0.4054054054054054,-0.1481357233402209,positive/all/chemistry/yield/shuffled_both/k5/p0f2/scale0.25_shuffled_both,positive,all,yield,shuffled_both,0,2,scale0.25_shuffled_both
amine,152,10,True,2.549831517889128,3.479473359057665,-0.364589516854878,1.4732037277928558,test_e1n,primary,p0f2,0.2608695652173913,-0.1653103979690673,positive/all/chemistry/yield/shuffled_both/k5/p0f2/scale0.25_shuffled_both,positive,all,yield,shuffled_both,0,2,scale0.25_shuffled_both
amine,165,10,True,1.8908217202041355,1.6574673528937098,0.1234142620729111,1.7236363457172617,test_e1n,primary,p0f2,0.2608695652173913,0.0131807200421829,positive/all/chemistry/yield/shuffled_both/k5/p0f2/scale0.25_shuffled_both,positive,all,yield,shuffled_both,0,2,scale0.25_shuffled_both
amine,175,21,True,0.840789022473493,0.709245160105152,0.1564528780137445,1.0676994926489274,test_e1n,primary,p0f2,0.2727272727272727,0.0179869161872329,positive/all/chemistry/yield/shuffled_both/k5/p0f2/scale0.25_shuffled_both,positive,all,yield,shuffled_both,0,2,scale0.25_shuffled_both
amine,176,49,True,1.1725209290082514,0.9752036288669808,0.1682846721620283,1.4581782069100262,test_e1n,primary,p0f2,0.1923076923076923,0.0110440647925202,positive/all/chemistry/yield/shuffled_both/k5/p0f2/scale0.25_shuffled_both,positive,all,yield,shuffled_both,0,2,scale0.25_shuffled_both
amine,180,9,True,3.3887396652894104,2.857920230797084,0.1566421404185949,1.8188732947441224,test_e1n,primary,p0f2,0.1818181818181818,-0.0351716385280722,positive/all/chemistry/yield/shuffled_both/k5/p0f2/scale0.25_shuffled_both,positive,all,yield,shuffled_both,0,2,scale0.25_shuffled_both
amine,188,65,True,1.2466061238099886,1.1706796382463214,0.0609065558988383,1.6060070651622842,test_e1n,primary,p0f2,0.2558139534883721,0.0495407181279878,positive/all/chemistry/yield/shuffled_both/k5/p0f2/scale0.25_shuffled_both,positive,all,yield,shuffled_both,0,2,scale0.25_shuffled_both
amine,202,24,True,4.046472521796495,4.030260857957859,0.0040063694369136,1.1743121842799098,test_e1n,primary,p0f2,0.2926829268292683,0.1416484421181598,positive/all/chemistry/yield/shuffled_both/k5/p0f2/scale0.25_shuffled_both,positive,all,yield,shuffled_both,0,2,scale0.25_shuffled_both
amine,212,7,True,3.9025288513524967,4.992432752208742,-0.2792814460496604,2.2268519524042545,test_e1n,primary,p0f2,0.123076923076923,-0.1134986212740485,positive/all/chemistry/yield/shuffled_both/k5/p0f2/scale0.25_shuffled_both,positive,all,yield,shuffled_both,0,2,scale0.25_shuffled_both
amine,215,9,True,1.8807226065288256,2.428158722460749,-0.2910775432972032,1.4333810368932078,test_e1n,primary,p0f2,0.1702127659574468,-0.2199525819921768,positive/all/chemistry/yield/shuffled_both/k5/p0f2/scale0.25_shuffled_both,positive,all,yield,shuffled_both,0,2,scale0.25_shuffled_both
amine,224,32,True,3.852385243101294,3.3263190967436747,0.1365559551188913,1.2335061455937035,test_e1n,primary,p0f2,0.4482758620689655,0.1464129058214385,positive/all/chemistry/yield/shuffled_both/k5/p0f2/scale0.25_shuffled_both,positive,all,yield,shuffled_both,0,2,scale0.25_shuffled_both
acid,27,37,True,1.785177768598916,1.7868599292597571,-0.000942293081636,1.1771481038032017,test_e1a,primary,p0f4,0.4523809523809524,-0.0323958874742138,positive/all/chemistry/yield/shuffled_both/k5/p0f4/scale0.25_shuffled_both,positive,all,yield,shuffled_both,0,4,scale0.25_shuffled_both
acid,28,55,True,1.5176074664277437,1.8650700563068328,-0.2289541910972354,1.6000788179904712,test_e1a,primary,p0f4,0.603448275862069,-0.0149803130352716,positive/all/chemistry/yield/shuffled_both/k5/p0f4/scale0.25_shuffled_both,positive,all,yield,shuffled_both,0,4,scale0.25_shuffled_both
acid,39,27,True,1.6737817265541195,1.7794624656789917,-0.0631389012368064,1.449188892649404,test_e1a,primary,p0f4,0.6481481481481481,0.0074667222565246,positive/all/chemistry/yield/shuffled_both/k5/p0f4/scale0.25_shuffled_both,positive,all,yield,shuffled_both,0,4,scale0.25_shuffled_both
acid,47,39,True,4.863494233559503,4.803508361470188,0.0123339042278276,1.0190528633883429,test_e1a,primary,p0f4,0.5522388059701493,0.0172008916829958,positive/all/chemistry/yield/shuffled_both/k5/p0f4/scale0.25_shuffled_both,positive,all,yield,shuffled_both,0,4,scale0.25_shuffled_both
acid,49,36,True,1.1388446227082627,1.1248094284736618,0.0123240641916753,1.2772486339857123,test_e1a,primary,p0f4,0.4736842105263157,-0.0482668771592968,positive/all/chemistry/yield/shuffled_both/k5/p0f4/scale0.25_shuffled_both,positive,all,yield,shuffled_both,0,4,scale0.25_shuffled_both
acid,55,8,True,1.6531271708110968,1.7850069086385747,-0.0797759181241766,1.84994866803199,test_e1a,primary,p0f4,0.5384615384615384,-0.1008214784200824,positive/all/chemistry/yield/shuffled_both/k5/p0f4/scale0.25_shuffled_both,positive,all,yield,shuffled_both,0,4,scale0.25_shuffled_both
acid,58,92,True,2.149774439173165,2.023800199427909,0.0585988173688154,1.4314458546104856,test_e1a,primary,p0f4,0.3953488372093023,-0.0022409353244468,positive/all/chemistry/yield/shuffled_both/k5/p0f4/scale0.25_shuffled_both,positive,all,yield,shuffled_both,0,4,scale0.25_shuffled_both
acid,60,44,True,1.9614627985082544,2.0256044209194624,-0.0327009120234089,1.5267313164331964,test_e1a,primary,p0f4,0.3191489361702128,0.0228141723793113,positive/all/chemistry/yield/shuffled_both/k5/p0f4/scale0.25_shuffled_both,positive,all,yield,shuffled_both,0,4,scale0.25_shuffled_both
acid,65,12,True,2.6631624852436966,2.054797795562219,0.2284369403115139,2.462247935855975,test_e1a,primary,p0f4,0.6909090909090909,0.0146081573482238,positive/all/chemistry/yield/shuffled_both/k5/p0f4/scale0.25_shuffled_both,positive,all,yield,shuffled_both,0,4,scale0.25_shuffled_both
acid,66,28,True,1.6622969714185416,1.5222636212338538,0.0842408742796352,1.539227535345578,test_e1a,primary,p0f4,0.26,-0.0191081304013469,positive/all/chemistry/yield/shuffled_both/k5/p0f4/scale0.25_shuffled_both,positive,all,yield,shuffled_both,0,4,scale0.25_shuffled_both
acid,74,2,False,0.0280071097609086,0.0206958526555847,0.2610500393556738,0.4746063499410018,test_e1a,primary,p0f4,0.3018867924528302,0.5870494302427693,positive/all/chemistry/yield/shuffled_both/k5/p0f4/scale0.25_shuffled_both,positive,all,yield,shuffled_both,0,4,scale0.25_shuffled_both
acid,88,3,True,4.4039968386709045,4.881870322128889,-0.1085090432540372,2.5609789200983997,test_e1a,primary,p0f4,0.24,-0.0876560688093579,positive/all/chemistry/yield/shuffled_both/k5/p0f4/scale0.25_shuffled_both,positive,all,yield,shuffled_both,0,4,scale0.25_shuffled_both
acid,89,23,True,3.4753797393459487,3.211865828655345,0.0758230554512571,1.907237618437693,test_e1a,primary,p0f4,0.2318840579710145,0.0313320442598091,positive/all/chemistry/yield/shuffled_both/k5/p0f4/scale0.25_shuffled_both,positive,all,yield,shuffled_both,0,4,scale0.25_shuffled_both
acid,102,28,True,3.9803685799408015,3.6637543374901567,0.079543950790445,1.4337161963692049,test_e1a,primary,p0f4,0.2692307692307692,0.0504534413065983,positive/all/chemistry/yield/shuffled_both/k5/p0f4/scale0.25_shuffled_both,positive,all,yield,shuffled_both,0,4,scale0.25_shuffled_both
acid,104,2,False,0.0182474974897632,0.0472157239034864,-1.5875177640097893,0.4962236800326198,test_e1a,primary,p0f4,0.4857142857142857,-0.1892109391233694,positive/all/chemistry/yield/shuffled_both/k5/p0f4/scale0.25_shuffled_both,positive,all,yield,shuffled_both,0,4,scale0.25_shuffled_both
acid,106,14,True,1.4082598451353543,1.570866310410051,-0.1154662371695105,1.336325666756306,test_e1a,primary,p0f4,0.2702702702702703,-0.0650382213408562,positive/all/chemistry/yield/shuffled_both/k5/p0f4/scale0.25_shuffled_both,positive,all,yield,shuffled_both,0,4,scale0.25_shuffled_both
acid,108,13,True,3.381803808183768,3.588773657873595,-0.061201022125817,1.3952988922215352,test_e1a,primary,p0f4,0.65,-0.0323957757354345,positive/all/chemistry/yield/shuffled_both/k5/p0f4/scale0.25_shuffled_both,positive,all,yield,shuffled_both,0,4,scale0.25_shuffled_both
acid,119,12,True,1.465184713394935,1.5182127143038484,-0.0361920244076556,1.0681741841838297,test_e1a,primary,p0f4,0.5925925925925926,-0.0631346537021682,positive/all/chemistry/yield/shuffled_both/k5/p0f4/scale0.25_shuffled_both,positive,all,yield,shuffled_both,0,4,scale0.25_shuffled_both
acid,128,33,True,0.9140885635005224,0.9762524641799086,-0.0680064308444341,1.1441235070615996,test_e1a,primary,p0f4,0.6585365853658537,-0.0040738211360391,positive/all/chemistry/yield/shuffled_both/k5/p0f4/scale0.25_shuffled_both,positive,all,yield,shuffled_both,0,4,scale0.25_shuffled_both
acid,130,10,True,2.692830767844374,2.5893316695647197,0.038435054855863,1.5955107062738163,test_e1a,primary,p0f4,0.5806451612903226,-0.0548402486961852,positive/all/chemistry/yield/shuffled_both/k5/p0f4/scale0.25_shuffled_both,positive,all,yield,shuffled_both,0,4,scale0.25_shuffled_both
acid,143,12,True,1.7524654109485382,1.4904500949525836,0.1495124037022427,1.7919509665908526,test_e1a,primary,p0f4,0.2258064516129032,-0.0202133062251421,positive/all/chemistry/yield/shuffled_both/k5/p0f4/scale0.25_shuffled_both,positive,all,yield,shuffled_both,0,4,scale0.25_shuffled_both
acid,144,50,True,2.3053836719496927,2.2736596923478047,0.0137608242774872,1.6588921847197615,test_e1a,primary,p0f4,0.2321428571428571,0.0119347952999272,positive/all/chemistry/yield/shuffled_both/k5/p0f4/scale0.25_shuffled_both,positive,all,yield,shuffled_both,0,4,scale0.25_shuffled_both
acid,148,8,True,1.9037350505878297,1.4701844620166749,0.227736831570803,1.3770162394482452,test_e1a,primary,p0f4,0.6896551724137931,-0.0606794885080381,positive/all/chemistry/yield/shuffled_both/k5/p0f4/scale0.25_shuffled_both,positive,all,yield,shuffled_both,0,4,scale0.25_shuffled_both
acid,149,2,False,0.7230538638344486,0.7314031160752293,-0.0115472064508495,0.2768802755692123,test_e1a,primary,p0f4,0.6551724137931034,0.4451004981215738,positive/all/chemistry/yield/shuffled_both/k5/p0f4/scale0.25_shuffled_both,positive,all,yield,shuffled_both,0,4,scale0.25_shuffled_both
acid,155,31,True,3.3247418204312535,3.3231281798781667,0.0004853431154174,1.249945183394912,test_e1a,primary,p0f4,0.282051282051282,0.0954975163994116,positive/all/chemistry/yield/shuffled_both/k5/p0f4/scale0.25_shuffled_both,positive,all,yield,shuffled_both,0,4,scale0.25_shuffled_both
acid,157,12,True,1.4375965131312254,1.339515295889057,0.0682258313416035,1.0795675095225827,test_e1a,primary,p0f4,0.4222222222222222,0.0771432878212428,positive/all/chemistry/yield/shuffled_both/k5/p0f4/scale0.25_shuffled_both,positive,all,yield,shuffled_both,0,4,scale0.25_shuffled_both
acid,173,6,True,3.0452863997197,2.8995958225209955,0.0478413384081426,1.2248382458524476,test_e1a,primary,p0f4,0.5925925925925926,-0.0794465775911907,positive/all/chemistry/yield/shuffled_both/k5/p0f4/scale0.25_shuffled_both,positive,all,yield,shuffled_both,0,4,scale0.25_shuffled_both
acid,174,38,True,4.753259798363241,4.909664745607137,-0.0329047756442333,1.340558763463474,test_e1a,primary,p0f4,0.72,0.0064575449691149,positive/all/chemistry/yield/shuffled_both/k5/p0f4/scale0.25_shuffled_both,positive,all,yield,shuffled_both,0,4,scale0.25_shuffled_both
acid,182,38,True,5.348520173353303,5.5982100296348145,-0.0466839140900101,1.1834044491112947,test_e1a,primary,p0f4,0.7254901960784313,0.0182484433458834,positive/all/chemistry/yield/shuffled_both/k5/p0f4/scale0.25_shuffled_both,positive,all,yield,shuffled_both,0,4,scale0.25_shuffled_both
acid,193,2,False,3.172854874463542,3.593155158874029,-0.1324675413909533,0.9079446385108104,test_e1a,primary,p0f4,0.1666666666666666,0.0522431935507342,positive/all/chemistry/yield/shuffled_both/k5/p0f4/scale0.25_shuffled_both,positive,all,yield,shuffled_both,0,4,scale0.25_shuffled_both
acid,194,16,True,2.915426532984828,3.220899120852802,-0.1047780091221266,0.8819434635610274,test_e1a,primary,p0f4,0.3783783783783784,-0.0292808755494842,positive/all/chemistry/yield/shuffled_both/k5/p0f4/scale0.25_shuffled_both,positive,all,yield,shuffled_both,0,4,scale0.25_shuffled_both
acid,195,34,True,4.1418638396191625,4.227143136549917,-0.0205895944997061,1.3295317616809887,test_e1a,primary,p0f4,0.3636363636363636,0.022597955629602,positive/all/chemistry/yield/shuffled_both/k5/p0f4/scale0.25_shuffled_both,positive,all,yield,shuffled_both,0,4,scale0.25_shuffled_both
acid,209,6,True,1.4228572682179872,1.5062903598511694,-0.0586377098369643,1.215987275680909,test_e1a,primary,p0f4,0.4444444444444444,-0.1431102149007657,positive/all/chemistry/yield/shuffled_both/k5/p0f4/scale0.25_shuffled_both,positive,all,yield,shuffled_both,0,4,scale0.25_shuffled_both
acid,210,20,True,2.76702322344556,2.485668701839077,0.1016813011262456,1.181807068850285,test_e1a,primary,p0f4,0.3541666666666667,0.0285663550970295,positive/all/chemistry/yield/shuffled_both/k5/p0f4/scale0.25_shuffled_both,positive,all,yield,shuffled_both,0,4,scale0.25_shuffled_both
acid,212,14,True,0.7971918289618121,0.8648026729634822,-0.0848112606594577,1.174301585161487,test_e1a,primary,p0f4,0.3142857142857143,0.0297909754266735,positive/all/chemistry/yield/shuffled_both/k5/p0f4/scale0.25_shuffled_both,positive,all,yield,shuffled_both,0,4,scale0.25_shuffled_both
acid,215,64,True,1.8598289820605205,2.174864024129461,-0.1693892530483693,1.5888159456234627,test_e1a,primary,p0f4,0.1875,-0.0014773272742791,positive/all/chemistry/yield/shuffled_both/k5/p0f4/scale0.25_shuffled_both,positive,all,yield,shuffled_both,0,4,scale0.25_shuffled_both
acid,219,80,True,1.031843623776639,1.0849529158509603,-0.0514702914768581,1.5785895019776826,test_e1a,primary,p0f4,0.1833333333333333,0.0087458758688834,positive/all/chemistry/yield/shuffled_both/k5/p0f4/scale0.25_shuffled_both,positive,all,yield,shuffled_both,0,4,scale0.25_shuffled_both
acid,220,64,True,2.290669765307638,2.258204542343638,0.0141728080824604,1.8885623530367184,test_e1a,primary,p0f4,0.2622950819672131,0.0041509662317059,positive/all/chemistry/yield/shuffled_both/k5/p0f4/scale0.25_shuffled_both,positive,all,yield,shuffled_both,0,4,scale0.25_shuffled_both
acid,223,13,True,2.1310129116247336,1.9580979614201104,0.0811421410266297,1.569214857191923,test_e1a,primary,p0f4,0.625,0.0211309883218339,positive/all/chemistry/yield/shuffled_both/k5/p0f4/scale0.25_shuffled_both,positive,all,yield,shuffled_both,0,4,scale0.25_shuffled_both
acid,232,11,True,1.046392218918237,1.079548346047318,-0.0316861369280419,1.0843033447231492,test_e1a,primary,p0f4,0.3695652173913043,0.1076934918484335,positive/all/chemistry/yield/shuffled_both/k5/p0f4/scale0.25_shuffled_both,positive,all,yield,shuffled_both,0,4,scale0.25_shuffled_both
acid,235,9,True,1.1647746854148782,1.0403426993272933,0.1068292328513851,0.9963804236393888,test_e1a,primary,p0f4,0.375,0.0289908105730996,positive/all/chemistry/yield/shuffled_both/k5/p0f4/scale0.25_shuffled_both,positive,all,yield,shuffled_both,0,4,scale0.25_shuffled_both
acid,239,7,True,1.4500061840871676,1.4704234977971051,-0.0140808459536267,0.7438450418775397,test_e1a,primary,p0f4,0.4210526315789473,-0.0982140264288682,positive/all/chemistry/yield/shuffled_both/k5/p0f4/scale0.25_shuffled_both,positive,all,yield,shuffled_both,0,4,scale0.25_shuffled_both
acid,240,46,True,1.080017565316013,0.9490631260337592,0.1212521383797458,1.4725885661500908,test_e1a,primary,p0f4,0.6363636363636364,0.0447080628678366,positive/all/chemistry/yield/shuffled_both/k5/p0f4/scale0.25_shuffled_both,positive,all,yield,shuffled_both,0,4,scale0.25_shuffled_both
acid,241,97,True,3.3333854671498035,3.2490792998792126,0.0252914546191612,1.5835229710385637,test_e1a,primary,p0f4,0.3265306122448979,-0.0023498470584941,positive/all/chemistry/yield/shuffled_both/k5/p0f4/scale0.25_shuffled_both,positive,all,yield,shuffled_both,0,4,scale0.25_shuffled_both
acid,244,16,True,4.786336959304605,4.13143504599366,0.1368273731831228,1.5014837241475054,test_e1a,primary,p0f4,0.3137254901960784,-0.0009346171257593,positive/all/chemistry/yield/shuffled_both/k5/p0f4/scale0.25_shuffled_both,positive,all,yield,shuffled_both,0,4,scale0.25_shuffled_both
acid,245,19,True,1.4056680490021287,1.3103081261849994,0.0678395748447326,1.2476781357772584,test_e1a,primary,p0f4,0.3584905660377358,-0.009899635599849,positive/all/chemistry/yield/shuffled_both/k5/p0f4/scale0.25_shuffled_both,positive,all,yield,shuffled_both,0,4,scale0.25_shuffled_both
acid,252,12,True,0.637441311020554,1.137405089914996,-0.7843291143054278,1.3370186922670784,test_e1a,primary,p0f4,0.3947368421052631,0.0231011838850331,positive/all/chemistry/yield/shuffled_both/k5/p0f4/scale0.25_shuffled_both,positive,all,yield,shuffled_both,0,4,scale0.25_shuffled_both
acid,254,2,False,7.343837944697503,8.040214177056882,-0.0948245641588789,0.1390754962380242,test_e1a,primary,p0f4,0.76,0.1362226303162904,positive/all/chemistry/yield/shuffled_both/k5/p0f4/scale0.25_shuffled_both,positive,all,yield,shuffled_both,0,4,scale0.25_shuffled_both
acid,261,12,True,5.7445949225439605,7.37631395602476,-0.2840442286152009,1.6038557970911584,test_e1a,primary,p0f4,0.3939393939393939,0.0272582923597554,positive/all/chemistry/yield/shuffled_both/k5/p0f4/scale0.25_shuffled_both,positive,all,yield,shuffled_both,0,4,scale0.25_shuffled_both
acid,262,108,True,2.783499193044321,2.9361146310935453,-0.0548286266547497,1.479148212798293,test_e1a,primary,p0f4,0.3421052631578947,0.0168268303952794,positive/all/chemistry/yield/shuffled_both/k5/p0f4/scale0.25_shuffled_both,positive,all,yield,shuffled_both,0,4,scale0.25_shuffled_both
acid,266,25,True,0.963434788752352,0.9586464742041594,0.0049700453046682,1.2168497637137945,test_e1a,primary,p0f4,0.391304347826087,0.0038847459219862,positive/all/chemistry/yield/shuffled_both/k5/p0f4/scale0.25_shuffled_both,positive,all,yield,shuffled_both,0,4,scale0.25_shuffled_both
amine,0,8,True,5.193653478230059,6.586918297272392,-0.2682629530218758,0.723693321454002,test_e1n,primary,p0f4,0.1818181818181818,-0.012655822098798,positive/all/chemistry/yield/shuffled_both/k5/p0f4/scale0.25_shuffled_both,positive,all,yield,shuffled_both,0,4,scale0.25_shuffled_both
amine,14,8,True,1.1734315373193158,1.3217574709305535,-0.1264035684178779,0.875290875557863,test_e1n,primary,p0f4,0.1860465116279069,-0.0564234992255479,positive/all/chemistry/yield/shuffled_both/k5/p0f4/scale0.25_shuffled_both,positive,all,yield,shuffled_both,0,4,scale0.25_shuffled_both
amine,23,8,True,1.5713947845719185,1.4163815474936023,0.0986469082118945,1.4776833412107684,test_e1n,primary,p0f4,0.1666666666666666,0.0476542426533024,positive/all/chemistry/yield/shuffled_both/k5/p0f4/scale0.25_shuffled_both,positive,all,yield,shuffled_both,0,4,scale0.25_shuffled_both
amine,32,56,True,11.926244312923163,12.78179160596132,-0.0717365224617352,1.2785455996964348,test_e1n,primary,p0f4,0.25,0.021231018034611,positive/all/chemistry/yield/shuffled_both/k5/p0f4/scale0.25_shuffled_both,positive,all,yield,shuffled_both,0,4,scale0.25_shuffled_both
amine,40,47,True,1.3088492859506715,1.2102195778881388,0.0753560468124441,1.6276055005963164,test_e1n,primary,p0f4,0.3809523809523809,-0.0188632891422269,positive/all/chemistry/yield/shuffled_both/k5/p0f4/scale0.25_shuffled_both,positive,all,yield,shuffled_both,0,4,scale0.25_shuffled_both
amine,42,4,True,1.0127700293998283,1.3537268257990682,-0.336657668080178,1.3327524611325323,test_e1n,primary,p0f4,0.2444444444444444,0.2057316456051089,positive/all/chemistry/yield/shuffled_both/k5/p0f4/scale0.25_shuffled_both,positive,all,yield,shuffled_both,0,4,scale0.25_shuffled_both
amine,47,30,True,5.863507424101415,5.526092570329116,0.0575448838668449,1.7259626531727257,test_e1n,primary,p0f4,0.2857142857142857,-0.041042966834113,positive/all/chemistry/yield/shuffled_both/k5/p0f4/scale0.25_shuffled_both,positive,all,yield,shuffled_both,0,4,scale0.25_shuffled_both
amine,50,94,True,1.7430367372323403,2.104226932725046,-0.207218923030972,1.5773135457853396,test_e1n,primary,p0f4,0.196078431372549,0.0530063850540172,positive/all/chemistry/yield/shuffled_both/k5/p0f4/scale0.25_shuffled_both,positive,all,yield,shuffled_both,0,4,scale0.25_shuffled_both
amine,51,49,True,1.1116033779609042,1.260136106500432,-0.1336202565450928,1.5170355222579124,test_e1n,primary,p0f4,0.5789473684210527,0.0316198669668607,positive/all/chemistry/yield/shuffled_both/k5/p0f4/scale0.25_shuffled_both,positive,all,yield,shuffled_both,0,4,scale0.25_shuffled_both
amine,53,18,True,2.301181057662731,2.0973881318998235,0.0885601439679398,0.9653424112818072,test_e1n,primary,p0f4,0.7647058823529411,0.0108326200977852,positive/all/chemistry/yield/shuffled_both/k5/p0f4/scale0.25_shuffled_both,positive,all,yield,shuffled_both,0,4,scale0.25_shuffled_both
amine,56,8,True,1.709904558867794,2.2267755260583795,-0.3022805948495917,1.2562822722661322,test_e1n,primary,p0f4,0.2105263157894736,0.0518593844265933,positive/all/chemistry/yield/shuffled_both/k5/p0f4/scale0.25_shuffled_both,positive,all,yield,shuffled_both,0,4,scale0.25_shuffled_both
amine,68,37,True,1.870582519420404,2.6807044970024423,-0.4330853994257642,1.5443494709459922,test_e1n,primary,p0f4,0.296875,0.0326442229205385,positive/all/chemistry/yield/shuffled_both/k5/p0f4/scale0.25_shuffled_both,positive,all,yield,shuffled_both,0,4,scale0.25_shuffled_both
amine,70,8,True,5.681488270052418,5.225691696796183,0.080224855106852,1.4047902623319106,test_e1n,primary,p0f4,0.2244897959183673,-0.0037940448427531,positive/all/chemistry/yield/shuffled_both/k5/p0f4/scale0.25_shuffled_both,positive,all,yield,shuffled_both,0,4,scale0.25_shuffled_both
amine,73,97,True,1.7078791522322785,1.7746252166344278,-0.0390812571925298,1.6021690585929984,test_e1n,primary,p0f4,0.2207792207792207,0.0495990475128781,positive/all/chemistry/yield/shuffled_both/k5/p0f4/scale0.25_shuffled_both,positive,all,yield,shuffled_both,0,4,scale0.25_shuffled_both
amine,74,41,True,1.1549999849598318,1.101053803077949,0.046706651588189,1.5395242714230215,test_e1n,primary,p0f4,0.3243243243243243,0.0253643210922753,positive/all/chemistry/yield/shuffled_both/k5/p0f4/scale0.25_shuffled_both,positive,all,yield,shuffled_both,0,4,scale0.25_shuffled_both
amine,81,56,True,3.3594288502022325,3.5805481553790464,-0.0658205055194138,1.5648450823749849,test_e1n,primary,p0f4,0.5370370370370371,0.0394666469247432,positive/all/chemistry/yield/shuffled_both/k5/p0f4/scale0.25_shuffled_both,positive,all,yield,shuffled_both,0,4,scale0.25_shuffled_both
amine,91,15,True,2.885594601809565,3.130272034189156,-0.0847927259865792,0.9213543087639672,test_e1n,primary,p0f4,0.2127659574468085,0.110446350542117,positive/all/chemistry/yield/shuffled_both/k5/p0f4/scale0.25_shuffled_both,positive,all,yield,shuffled_both,0,4,scale0.25_shuffled_both
amine,93,8,True,0.4564729186386139,0.4003486971545026,0.1229519193635765,0.8001754361058522,test_e1n,primary,p0f4,0.2045454545454545,0.1905290237837342,positive/all/chemistry/yield/shuffled_both/k5/p0f4/scale0.25_shuffled_both,positive,all,yield,shuffled_both,0,4,scale0.25_shuffled_both
amine,102,12,True,1.6505265982646653,1.2632796504064387,0.2346202407555087,1.247063589670514,test_e1n,primary,p0f4,0.2115384615384615,-0.0011812641622168,positive/all/chemistry/yield/shuffled_both/k5/p0f4/scale0.25_shuffled_both,positive,all,yield,shuffled_both,0,4,scale0.25_shuffled_both
amine,108,22,True,1.466009158568997,1.5260901481731786,-0.040982683670836,1.2702651566488352,test_e1n,primary,p0f4,0.1714285714285714,0.0575579342369816,positive/all/chemistry/yield/shuffled_both/k5/p0f4/scale0.25_shuffled_both,positive,all,yield,shuffled_both,0,4,scale0.25_shuffled_both
amine,109,7,True,2.853103181425418,2.836730111104733,0.0057386884663965,1.8207652554484084,test_e1n,primary,p0f4,0.2,0.0731158046723349,positive/all/chemistry/yield/shuffled_both/k5/p0f4/scale0.25_shuffled_both,positive,all,yield,shuffled_both,0,4,scale0.25_shuffled_both
amine,110,8,True,3.399812770173858,3.18423875714553,0.0634076131837413,1.3865151574819474,test_e1n,primary,p0f4,0.1733333333333333,-0.009608841033692,positive/all/chemistry/yield/shuffled_both/k5/p0f4/scale0.25_shuffled_both,positive,all,yield,shuffled_both,0,4,scale0.25_shuffled_both
amine,114,8,True,1.541666153189062,1.4829024559182562,0.0381170055198062,0.9680424537463098,test_e1n,primary,p0f4,0.1636363636363636,-0.0485250143709197,positive/all/chemistry/yield/shuffled_both/k5/p0f4/scale0.25_shuffled_both,positive,all,yield,shuffled_both,0,4,scale0.25_shuffled_both
amine,117,22,True,3.3703552526603513,3.3014221415161087,0.0204527730689015,0.7433257833788122,test_e1n,primary,p0f4,0.4285714285714285,0.0729595653116597,positive/all/chemistry/yield/shuffled_both/k5/p0f4/scale0.25_shuffled_both,positive,all,yield,shuffled_both,0,4,scale0.25_shuffled_both
amine,120,36,True,1.5672415646958635,1.399631499559482,0.1069459034982316,1.593023018621177,test_e1n,primary,p0f4,0.1304347826086956,-0.0337752566284343,positive/all/chemistry/yield/shuffled_both/k5/p0f4/scale0.25_shuffled_both,positive,all,yield,shuffled_both,0,4,scale0.25_shuffled_both
amine,123,27,True,1.87003392682677,2.149906604744358,-0.1496618183780753,1.4848768554910032,test_e1n,primary,p0f4,0.3478260869565217,0.0180910386405707,positive/all/chemistry/yield/shuffled_both/k5/p0f4/scale0.25_shuffled_both,positive,all,yield,shuffled_both,0,4,scale0.25_shuffled_both
amine,143,8,True,2.8297344403289895,2.850850197621062,-0.0074620985598978,1.0586764087526308,test_e1n,primary,p0f4,0.1702127659574468,0.0630999475560608,positive/all/chemistry/yield/shuffled_both/k5/p0f4/scale0.25_shuffled_both,positive,all,yield,shuffled_both,0,4,scale0.25_shuffled_both
amine,151,8,True,4.149216633382931,4.630969512739599,-0.1161069478707563,1.8603013473845875,test_e1n,primary,p0f4,0.1842105263157894,0.0374735057181512,positive/all/chemistry/yield/shuffled_both/k5/p0f4/scale0.25_shuffled_both,positive,all,yield,shuffled_both,0,4,scale0.25_shuffled_both
amine,154,73,True,1.4702234610849585,1.3574254700627124,0.076721664432566,1.5164809493002047,test_e1n,primary,p0f4,0.3,0.0005613150558156,positive/all/chemistry/yield/shuffled_both/k5/p0f4/scale0.25_shuffled_both,positive,all,yield,shuffled_both,0,4,scale0.25_shuffled_both
amine,156,60,True,10.262733920158762,10.45732916726321,-0.0189613458380919,1.2953000276732458,test_e1n,primary,p0f4,0.1451612903225806,0.0093731844056534,positive/all/chemistry/yield/shuffled_both/k5/p0f4/scale0.25_shuffled_both,positive,all,yield,shuffled_both,0,4,scale0.25_shuffled_both
amine,164,4,True,4.193702680784082,3.2953327179661147,0.2142188016652629,2.4485436443111843,test_e1n,primary,p0f4,0.1666666666666666,-0.0387954356643613,positive/all/chemistry/yield/shuffled_both/k5/p0f4/scale0.25_shuffled_both,positive,all,yield,shuffled_both,0,4,scale0.25_shuffled_both
amine,169,51,True,3.7263601545245546,3.057317101896394,0.1795433143561841,1.663664177426537,test_e1n,primary,p0f4,0.1785714285714285,0.0231507684406246,positive/all/chemistry/yield/shuffled_both/k5/p0f4/scale0.25_shuffled_both,positive,all,yield,shuffled_both,0,4,scale0.25_shuffled_both
amine,170,30,True,1.243566099837356,1.3784430660696834,-0.1084598287537492,0.9421116726713308,test_e1n,primary,p0f4,0.3125,0.0452968268780902,positive/all/chemistry/yield/shuffled_both/k5/p0f4/scale0.25_shuffled_both,positive,all,yield,shuffled_both,0,4,scale0.25_shuffled_both
amine,171,7,True,0.7492670627881294,0.6543221017143007,0.1267171156843929,0.594999268471393,test_e1n,primary,p0f4,0.2142857142857142,-0.474776814691783,positive/all/chemistry/yield/shuffled_both/k5/p0f4/scale0.25_shuffled_both,positive,all,yield,shuffled_both,0,4,scale0.25_shuffled_both
amine,172,71,True,1.4038872560516873,1.4591521734486093,-0.0393656379162168,1.5318684595215777,test_e1n,primary,p0f4,0.2592592592592592,0.0408298647340595,positive/all/chemistry/yield/shuffled_both/k5/p0f4/scale0.25_shuffled_both,positive,all,yield,shuffled_both,0,4,scale0.25_shuffled_both
amine,178,67,True,1.0201175156590003,0.9711945392566868,0.0479581770250353,1.3960263371670738,test_e1n,primary,p0f4,0.3043478260869565,0.0308978078235778,positive/all/chemistry/yield/shuffled_both/k5/p0f4/scale0.25_shuffled_both,positive,all,yield,shuffled_both,0,4,scale0.25_shuffled_both
amine,189,55,True,2.134136811821194,1.77795111212144,0.1668991874029848,1.5269032936627691,test_e1n,primary,p0f4,0.25,-0.0042568334235344,positive/all/chemistry/yield/shuffled_both/k5/p0f4/scale0.25_shuffled_both,positive,all,yield,shuffled_both,0,4,scale0.25_shuffled_both
amine,192,84,True,1.660405022099603,1.9916901207358544,-0.1995206556393918,1.4222640869801697,test_e1n,primary,p0f4,0.2558139534883721,0.0454859765231927,positive/all/chemistry/yield/shuffled_both/k5/p0f4/scale0.25_shuffled_both,positive,all,yield,shuffled_both,0,4,scale0.25_shuffled_both
amine,194,8,True,1.922884913390149,2.322569490087679,-0.2078567333459724,1.9661121395070835,test_e1n,primary,p0f4,0.1666666666666666,-0.0583697421255007,positive/all/chemistry/yield/shuffled_both/k5/p0f4/scale0.25_shuffled_both,positive,all,yield,shuffled_both,0,4,scale0.25_shuffled_both
amine,200,5,True,4.1981970475846335,3.4232469467575406,0.1845911690288449,0.9218364328570368,test_e1n,primary,p0f4,0.275,0.1023065608026312,positive/all/chemistry/yield/shuffled_both/k5/p0f4/scale0.25_shuffled_both,positive,all,yield,shuffled_both,0,4,scale0.25_shuffled_both
amine,201,8,True,0.7035102161864177,0.736323926794174,-0.0466428345356981,1.210790537083404,test_e1n,primary,p0f4,0.1538461538461538,0.1232555026422635,positive/all/chemistry/yield/shuffled_both/k5/p0f4/scale0.25_shuffled_both,positive,all,yield,shuffled_both,0,4,scale0.25_shuffled_both
amine,206,8,True,1.7785062053576042,2.033971041317499,-0.1436401150529178,0.7014951401795878,test_e1n,primary,p0f4,0.2222222222222222,0.0043541864634807,positive/all/chemistry/yield/shuffled_both/k5/p0f4/scale0.25_shuffled_both,positive,all,yield,shuffled_both,0,4,scale0.25_shuffled_both
amine,210,37,True,1.6062641594332,1.4844913155910135,0.0758112189250093,1.3543254635888724,test_e1n,primary,p0f4,0.3571428571428571,-0.0130410366398976,positive/all/chemistry/yield/shuffled_both/k5/p0f4/scale0.25_shuffled_both,positive,all,yield,shuffled_both,0,4,scale0.25_shuffled_both
amine,211,41,True,0.941835761506294,1.025870684660558,-0.0892246043194044,1.4317137169481753,test_e1n,primary,p0f4,0.5945945945945946,0.0330494136593176,positive/all/chemistry/yield/shuffled_both/k5/p0f4/scale0.25_shuffled_both,positive,all,yield,shuffled_both,0,4,scale0.25_shuffled_both
amine,217,8,True,5.150805472143665,5.362765807887806,-0.0411509106469765,1.0946705148734162,test_e1n,primary,p0f4,0.1481481481481481,0.0124316091844045,positive/all/chemistry/yield/shuffled_both/k5/p0f4/scale0.25_shuffled_both,positive,all,yield,shuffled_both,0,4,scale0.25_shuffled_both
amine,221,38,True,2.5259045472435013,2.34566225204982,0.0713575243333634,1.7783259004713357,test_e1n,primary,p0f4,0.3095238095238095,0.0724436272387485,positive/all/chemistry/yield/shuffled_both/k5/p0f4/scale0.25_shuffled_both,positive,all,yield,shuffled_both,0,4,scale0.25_shuffled_both
acid,6,43,True,1.4407386078239883,1.494685037706076,-0.0374435928829346,1.6987048526119417,test_e1a,primary,p0f3,0.4318181818181818,-0.0539762510757124,positive/all/chemistry/yield/shuffled_both/k5/p0f3/scale0.25_shuffled_both,positive,all,yield,shuffled_both,0,3,scale0.25_shuffled_both
acid,9,35,True,0.6583065462919233,0.6660777915483863,-0.0118049035061802,1.0815226768241508,test_e1a,primary,p0f3,0.475,-0.0352370384883429,positive/all/chemistry/yield/shuffled_both/k5/p0f3/scale0.25_shuffled_both,positive,all,yield,shuffled_both,0,3,scale0.25_shuffled_both
acid,15,30,True,4.450993031565596,4.680523840406318,-0.0515684493803816,1.1678469570344934,test_e1a,primary,p0f3,0.6666666666666666,-0.135080087259658,positive/all/chemistry/yield/shuffled_both/k5/p0f3/scale0.25_shuffled_both,positive,all,yield,shuffled_both,0,3,scale0.25_shuffled_both
acid,16,49,True,1.2417385202761384,0.9843018141079992,0.2073195781273582,1.5589971882196618,test_e1a,primary,p0f3,0.2790697674418604,0.0321879524996094,positive/all/chemistry/yield/shuffled_both/k5/p0f3/scale0.25_shuffled_both,positive,all,yield,shuffled_both,0,3,scale0.25_shuffled_both
acid,19,15,True,4.618992258599382,3.7922631974696928,0.178984725421553,1.5173422952327569,test_e1a,primary,p0f3,0.4318181818181818,0.0717894016924528,positive/all/chemistry/yield/shuffled_both/k5/p0f3/scale0.25_shuffled_both,positive,all,yield,shuffled_both,0,3,scale0.25_shuffled_both
acid,25,43,True,5.708413213419622,6.1749194036135355,-0.0817225685584968,1.5460797413791714,test_e1a,primary,p0f3,0.4794520547945205,-0.1013118987000532,positive/all/chemistry/yield/shuffled_both/k5/p0f3/scale0.25_shuffled_both,positive,all,yield,shuffled_both,0,3,scale0.25_shuffled_both
acid,29,36,True,7.842025994136749,8.178390273314388,-0.0428925228543144,1.386238520739168,test_e1a,primary,p0f3,0.3958333333333333,-0.0726651382644967,positive/all/chemistry/yield/shuffled_both/k5/p0f3/scale0.25_shuffled_both,positive,all,yield,shuffled_both,0,3,scale0.25_shuffled_both
acid,30,86,True,1.276403713940696,1.6584001301583056,-0.2992755442854797,1.3312313971408245,test_e1a,primary,p0f3,0.3461538461538461,0.009289568050382,positive/all/chemistry/yield/shuffled_both/k5/p0f3/scale0.25_shuffled_both,positive,all,yield,shuffled_both,0,3,scale0.25_shuffled_both
acid,32,26,True,3.4141689514962,3.468215095711908,-0.0158299559815349,0.9369403236101383,test_e1a,primary,p0f3,0.4318181818181818,-0.1195227514247987,positive/all/chemistry/yield/shuffled_both/k5/p0f3/scale0.25_shuffled_both,positive,all,yield,shuffled_both,0,3,scale0.25_shuffled_both
acid,34,12,True,5.356425276263065,5.645110604670361,-0.0538951471397541,1.9094578482846676,test_e1a,primary,p0f3,0.6153846153846154,-0.053540816187908,positive/all/chemistry/yield/shuffled_both/k5/p0f3/scale0.25_shuffled_both,positive,all,yield,shuffled_both,0,3,scale0.25_shuffled_both
acid,37,25,True,1.035028069258867,1.0571011181138,-0.0213260388877554,1.232299968954635,test_e1a,primary,p0f3,0.6521739130434783,-0.0204955146953285,positive/all/chemistry/yield/shuffled_both/k5/p0f3/scale0.25_shuffled_both,positive,all,yield,shuffled_both,0,3,scale0.25_shuffled_both
acid,40,31,True,0.903591269509951,0.8658631126200719,0.0417535650940279,1.2156075584471349,test_e1a,primary,p0f3,0.6521739130434783,0.0065270394195356,positive/all/chemistry/yield/shuffled_both/k5/p0f3/scale0.25_shuffled_both,positive,all,yield,shuffled_both,0,3,scale0.25_shuffled_both
acid,50,8,True,1.0252559185624135,0.8184621745127307,0.2016996345065176,1.7395178547847718,test_e1a,primary,p0f3,0.5555555555555556,0.1353912210381953,positive/all/chemistry/yield/shuffled_both/k5/p0f3/scale0.25_shuffled_both,positive,all,yield,shuffled_both,0,3,scale0.25_shuffled_both
acid,57,7,True,3.0267535327858774,3.8923972490245142,-0.2859974249181376,1.7418457221216896,test_e1a,primary,p0f3,0.5576923076923077,-0.0837305399648904,positive/all/chemistry/yield/shuffled_both/k5/p0f3/scale0.25_shuffled_both,positive,all,yield,shuffled_both,0,3,scale0.25_shuffled_both
acid,63,16,True,2.5694644225956376,2.656308464424154,-0.0337984994323399,1.4720296097830292,test_e1a,primary,p0f3,0.6,0.0955300900985324,positive/all/chemistry/yield/shuffled_both/k5/p0f3/scale0.25_shuffled_both,positive,all,yield,shuffled_both,0,3,scale0.25_shuffled_both
acid,67,79,True,6.958356750413967,6.589717360229573,0.0529779376664559,1.3195057081733186,test_e1a,primary,p0f3,0.352112676056338,0.040319424899311,positive/all/chemistry/yield/shuffled_both/k5/p0f3/scale0.25_shuffled_both,positive,all,yield,shuffled_both,0,3,scale0.25_shuffled_both
acid,70,2,False,7.247194951373928,6.543217354874789,0.097137941123783,0.8558919847546075,test_e1a,primary,p0f3,0.25,-0.2584830011713586,positive/all/chemistry/yield/shuffled_both/k5/p0f3/scale0.25_shuffled_both,positive,all,yield,shuffled_both,0,3,scale0.25_shuffled_both
acid,78,2,False,2.406179519915481,2.446437227112722,-0.0167309657754275,0.8727697705001676,test_e1a,primary,p0f3,0.34,-0.087720196827282,positive/all/chemistry/yield/shuffled_both/k5/p0f3/scale0.25_shuffled_both,positive,all,yield,shuffled_both,0,3,scale0.25_shuffled_both
acid,80,24,True,4.293528022616486,3.5307782504401595,0.1776510525047195,1.4590037784873031,test_e1a,primary,p0f3,0.5882352941176471,0.0544523269112559,positive/all/chemistry/yield/shuffled_both/k5/p0f3/scale0.25_shuffled_both,positive,all,yield,shuffled_both,0,3,scale0.25_shuffled_both
acid,82,48,True,3.1906479420281144,2.831904449545968,0.1124359374648252,1.5928425540168671,test_e1a,primary,p0f3,0.3555555555555555,0.0439541286561462,positive/all/chemistry/yield/shuffled_both/k5/p0f3/scale0.25_shuffled_both,positive,all,yield,shuffled_both,0,3,scale0.25_shuffled_both
acid,85,15,True,2.0878778691975284,2.4181971490784866,-0.1582081427051649,0.9407708347095446,test_e1a,primary,p0f3,0.4090909090909091,-0.1411795091156964,positive/all/chemistry/yield/shuffled_both/k5/p0f3/scale0.25_shuffled_both,positive,all,yield,shuffled_both,0,3,scale0.25_shuffled_both
acid,93,62,True,0.8466602784395053,0.8477626490753751,-0.0013020223860054,1.2842031698492653,test_e1a,primary,p0f3,0.40625,0.0043743615408073,positive/all/chemistry/yield/shuffled_both/k5/p0f3/scale0.25_shuffled_both,positive,all,yield,shuffled_both,0,3,scale0.25_shuffled_both
acid,96,56,True,1.9092533442866713,2.3959858575460684,-0.254933434955563,1.3715975272229552,test_e1a,primary,p0f3,0.3968253968253968,-0.0762782280423814,positive/all/chemistry/yield/shuffled_both/k5/p0f3/scale0.25_shuffled_both,positive,all,yield,shuffled_both,0,3,scale0.25_shuffled_both
acid,101,6,True,1.9028760941377896,2.106287401393528,-0.1068967695176734,1.7632664800187765,test_e1a,primary,p0f3,0.2586206896551724,0.0026856217386397,positive/all/chemistry/yield/shuffled_both/k5/p0f3/scale0.25_shuffled_both,positive,all,yield,shuffled_both,0,3,scale0.25_shuffled_both
acid,105,36,True,2.493206575004629,3.3631307455552477,-0.3489178070008112,1.0907612312119763,test_e1a,primary,p0f3,0.3636363636363636,-0.1491414424980137,positive/all/chemistry/yield/shuffled_both/k5/p0f3/scale0.25_shuffled_both,positive,all,yield,shuffled_both,0,3,scale0.25_shuffled_both
acid,112,34,True,1.2918197066414567,1.1309215206305812,0.1245515803665725,1.1430908676620808,test_e1a,primary,p0f3,0.6382978723404256,-0.0041967988938342,positive/all/chemistry/yield/shuffled_both/k5/p0f3/scale0.25_shuffled_both,positive,all,yield,shuffled_both,0,3,scale0.25_shuffled_both
acid,118,10,True,0.6113020990288871,0.5958791642701808,0.0252296446932001,1.0883083922118526,test_e1a,primary,p0f3,0.5454545454545454,-0.1168812544178001,positive/all/chemistry/yield/shuffled_both/k5/p0f3/scale0.25_shuffled_both,positive,all,yield,shuffled_both,0,3,scale0.25_shuffled_both
acid,121,2,False,0.8073114665665622,0.7986890459851264,0.0106804138656748,0.0886207586067038,test_e1a,primary,p0f3,0.8490566037735849,-0.3353904969904349,positive/all/chemistry/yield/shuffled_both/k5/p0f3/scale0.25_shuffled_both,positive,all,yield,shuffled_both,0,3,scale0.25_shuffled_both
acid,122,12,True,2.8585915854478063,3.277776152492135,-0.1466402438103666,1.580694807814969,test_e1a,primary,p0f3,0.7058823529411765,-0.097384402114262,positive/all/chemistry/yield/shuffled_both/k5/p0f3/scale0.25_shuffled_both,positive,all,yield,shuffled_both,0,3,scale0.25_shuffled_both
acid,135,2,False,1.2792941291573916,0.834963617589648,0.3473247484223213,0.631768930123203,test_e1a,primary,p0f3,0.4705882352941176,-0.098190495426109,positive/all/chemistry/yield/shuffled_both/k5/p0f3/scale0.25_shuffled_both,positive,all,yield,shuffled_both,0,3,scale0.25_shuffled_both
acid,162,33,True,3.0562738104439555,2.7666314128511615,0.094769780313211,1.7376105331926237,test_e1a,primary,p0f3,0.6415094339622641,0.0382462375775962,positive/all/chemistry/yield/shuffled_both/k5/p0f3/scale0.25_shuffled_both,positive,all,yield,shuffled_both,0,3,scale0.25_shuffled_both
acid,163,4,True,1.075421652151098,1.8216257982176136,-0.693871231413214,0.8727381967225093,test_e1a,primary,p0f3,0.3725490196078431,0.0991179124876444,positive/all/chemistry/yield/shuffled_both/k5/p0f3/scale0.25_shuffled_both,positive,all,yield,shuffled_both,0,3,scale0.25_shuffled_both
acid,164,24,True,1.3161166339187114,1.1912797317530237,0.0948524613612611,1.6696798868950613,test_e1a,primary,p0f3,0.3898305084745763,-0.0187390612087905,positive/all/chemistry/yield/shuffled_both/k5/p0f3/scale0.25_shuffled_both,positive,all,yield,shuffled_both,0,3,scale0.25_shuffled_both
acid,172,8,True,4.760998315465619,4.20858895366379,0.1160280523535122,1.4371090572891314,test_e1a,primary,p0f3,0.6,-0.0005279360431384,positive/all/chemistry/yield/shuffled_both/k5/p0f3/scale0.25_shuffled_both,positive,all,yield,shuffled_both,0,3,scale0.25_shuffled_both
acid,178,10,True,5.317969966864207,5.177834023392626,0.02635139806068,1.6244241375890316,test_e1a,primary,p0f3,0.7254901960784313,0.1274287930011274,positive/all/chemistry/yield/shuffled_both/k5/p0f3/scale0.25_shuffled_both,positive,all,yield,shuffled_both,0,3,scale0.25_shuffled_both
acid,186,8,True,1.332648854732405,1.3877309805667666,-0.0413328129452543,2.254117736293966,test_e1a,primary,p0f3,0.6111111111111112,-0.0128563909794514,positive/all/chemistry/yield/shuffled_both/k5/p0f3/scale0.25_shuffled_both,positive,all,yield,shuffled_both,0,3,scale0.25_shuffled_both
acid,188,97,True,1.9039560504784496,1.84851950919413,0.0291165025948939,1.402798372544662,test_e1a,primary,p0f3,0.34375,-0.0196244974658004,positive/all/chemistry/yield/shuffled_both/k5/p0f3/scale0.25_shuffled_both,positive,all,yield,shuffled_both,0,3,scale0.25_shuffled_both
acid,189,26,True,2.052580603460769,2.5339202710873483,-0.2345046361711753,1.0657906941013058,test_e1a,primary,p0f3,0.2222222222222222,-0.1078666421069691,positive/all/chemistry/yield/shuffled_both/k5/p0f3/scale0.25_shuffled_both,positive,all,yield,shuffled_both,0,3,scale0.25_shuffled_both
acid,190,1,False,0.5929466439453783,0.9101255545552308,-0.5349198175731149,,test_e1a,primary,p0f3,0.2222222222222222,-0.1080635691867273,positive/all/chemistry/yield/shuffled_both/k5/p0f3/scale0.25_shuffled_both,positive,all,yield,shuffled_both,0,3,scale0.25_shuffled_both
acid,191,8,True,0.6167640341178526,0.6953127367052385,-0.1273561657980475,0.9473162534179024,test_e1a,primary,p0f3,0.2222222222222222,-0.20701532276355,positive/all/chemistry/yield/shuffled_both/k5/p0f3/scale0.25_shuffled_both,positive,all,yield,shuffled_both,0,3,scale0.25_shuffled_both
acid,198,10,True,2.5148739461961003,2.5945544192085213,-0.0316836846367358,2.3486279805878736,test_e1a,primary,p0f3,0.6451612903225806,0.0364969925515192,positive/all/chemistry/yield/shuffled_both/k5/p0f3/scale0.25_shuffled_both,positive,all,yield,shuffled_both,0,3,scale0.25_shuffled_both
acid,201,2,False,5.137748691662416,5.667808159705274,-0.1031695981749831,1.047666643374481,test_e1a,primary,p0f3,0.3666666666666666,-0.1110357328906277,positive/all/chemistry/yield/shuffled_both/k5/p0f3/scale0.25_shuffled_both,positive,all,yield,shuffled_both,0,3,scale0.25_shuffled_both
acid,207,110,True,1.651769862060689,1.5693152351637774,0.0499189558974301,1.5495853968903182,test_e1a,primary,p0f3,0.3,-0.0056405364036811,positive/all/chemistry/yield/shuffled_both/k5/p0f3/scale0.25_shuffled_both,positive,all,yield,shuffled_both,0,3,scale0.25_shuffled_both
acid,208,11,True,2.0103864113615004,2.2873997355531244,-0.1377910846522392,1.3950383965675583,test_e1a,primary,p0f3,0.5490196078431373,-0.1463950639964659,positive/all/chemistry/yield/shuffled_both/k5/p0f3/scale0.25_shuffled_both,positive,all,yield,shuffled_both,0,3,scale0.25_shuffled_both
acid,211,15,True,0.8381990960227399,0.8174290281058039,0.0247793967035876,1.3665619262206057,test_e1a,primary,p0f3,0.36,0.003840087409853,positive/all/chemistry/yield/shuffled_both/k5/p0f3/scale0.25_shuffled_both,positive,all,yield,shuffled_both,0,3,scale0.25_shuffled_both
acid,213,19,True,6.072133306208645,5.980982794037465,0.0150112831149441,1.1554035835102725,test_e1a,primary,p0f3,0.2954545454545454,0.0542551013253342,positive/all/chemistry/yield/shuffled_both/k5/p0f3/scale0.25_shuffled_both,positive,all,yield,shuffled_both,0,3,scale0.25_shuffled_both
acid,214,16,True,1.5289929224434549,1.3991755057796416,0.0849038702261318,2.0209001592602966,test_e1a,primary,p0f3,0.5166666666666667,0.0022358289585083,positive/all/chemistry/yield/shuffled_both/k5/p0f3/scale0.25_shuffled_both,positive,all,yield,shuffled_both,0,3,scale0.25_shuffled_both
acid,221,12,True,2.138310731877595,2.1110400061948895,0.012753397004541,1.7395847854216848,test_e1a,primary,p0f3,0.4857142857142857,0.1634407677788522,positive/all/chemistry/yield/shuffled_both/k5/p0f3/scale0.25_shuffled_both,positive,all,yield,shuffled_both,0,3,scale0.25_shuffled_both
acid,224,14,True,2.8185206011123216,2.4538268836115025,0.1293918935192077,1.0405427775477707,test_e1a,primary,p0f3,0.4827586206896552,0.0107138332889081,positive/all/chemistry/yield/shuffled_both/k5/p0f3/scale0.25_shuffled_both,positive,all,yield,shuffled_both,0,3,scale0.25_shuffled_both
acid,229,69,True,1.7729349494367557,1.848768197804256,-0.042772718983058,1.6069379166255104,test_e1a,primary,p0f3,0.2954545454545454,-0.0576793886065905,positive/all/chemistry/yield/shuffled_both/k5/p0f3/scale0.25_shuffled_both,positive,all,yield,shuffled_both,0,3,scale0.25_shuffled_both
acid,233,2,False,1.7169809525763655,1.4305926999070977,0.166797571190022,1.2430013199994958,test_e1a,primary,p0f3,0.6060606060606061,-0.0723628371501217,positive/all/chemistry/yield/shuffled_both/k5/p0f3/scale0.25_shuffled_both,positive,all,yield,shuffled_both,0,3,scale0.25_shuffled_both
acid,238,15,True,1.9834003070150907,1.7502337075165966,0.1175590215821823,1.312451106117519,test_e1a,primary,p0f3,0.59375,0.0541056824848118,positive/all/chemistry/yield/shuffled_both/k5/p0f3/scale0.25_shuffled_both,positive,all,yield,shuffled_both,0,3,scale0.25_shuffled_both
acid,248,15,True,0.7238147242704928,0.7622758859906029,-0.0531367495443999,0.4643825967183215,test_e1a,primary,p0f3,0.5172413793103449,-0.0401316957321011,positive/all/chemistry/yield/shuffled_both/k5/p0f3/scale0.25_shuffled_both,positive,all,yield,shuffled_both,0,3,scale0.25_shuffled_both
acid,250,6,True,1.4409573315352322,1.3028134402989862,0.0958695224438492,1.3300268456577642,test_e1a,primary,p0f3,0.5666666666666667,0.039679625310144,positive/all/chemistry/yield/shuffled_both/k5/p0f3/scale0.25_shuffled_both,positive,all,yield,shuffled_both,0,3,scale0.25_shuffled_both
amine,2,46,True,1.929910170614624,2.1083596680786063,-0.0924651831888896,1.5331523034011778,test_e1n,primary,p0f3,0.4074074074074074,-0.0370996337009486,positive/all/chemistry/yield/shuffled_both/k5/p0f3/scale0.25_shuffled_both,positive,all,yield,shuffled_both,0,3,scale0.25_shuffled_both
amine,5,41,True,2.728959795219695,2.3203901496616877,0.1497162568219937,1.4037710410113748,test_e1n,primary,p0f3,0.6578947368421053,0.0247148898303218,positive/all/chemistry/yield/shuffled_both/k5/p0f3/scale0.25_shuffled_both,positive,all,yield,shuffled_both,0,3,scale0.25_shuffled_both
amine,15,9,True,3.542852057464985,3.371550679279246,0.0483512648587167,1.4870198052923105,test_e1n,primary,p0f3,0.1578947368421052,0.1268375619230056,positive/all/chemistry/yield/shuffled_both/k5/p0f3/scale0.25_shuffled_both,positive,all,yield,shuffled_both,0,3,scale0.25_shuffled_both
amine,16,55,True,6.296425083782329,6.081588295420977,0.034120439059095,1.4886794987698464,test_e1n,primary,p0f3,0.1477272727272727,0.057941632835431,positive/all/chemistry/yield/shuffled_both/k5/p0f3/scale0.25_shuffled_both,positive,all,yield,shuffled_both,0,3,scale0.25_shuffled_both
amine,18,9,True,0.6595489680091453,0.973193700927106,-0.4755442706016206,1.6661700167418043,test_e1n,primary,p0f3,0.2291666666666666,-0.0265983903048594,positive/all/chemistry/yield/shuffled_both/k5/p0f3/scale0.25_shuffled_both,positive,all,yield,shuffled_both,0,3,scale0.25_shuffled_both
amine,25,49,True,1.8824676665333349,1.7188160667260786,0.086934613920158,1.4587507525365322,test_e1n,primary,p0f3,0.3928571428571428,0.02753786541625,positive/all/chemistry/yield/shuffled_both/k5/p0f3/scale0.25_shuffled_both,positive,all,yield,shuffled_both,0,3,scale0.25_shuffled_both
amine,28,28,True,1.726686359092006,1.4296727312527333,0.1720136527837401,1.505016852352444,test_e1n,primary,p0f3,0.4358974358974359,0.0391657245185155,positive/all/chemistry/yield/shuffled_both/k5/p0f3/scale0.25_shuffled_both,positive,all,yield,shuffled_both,0,3,scale0.25_shuffled_both
amine,39,7,True,1.0537749907437175,1.694742402043605,-0.6082583254775431,0.5677893905406175,test_e1n,primary,p0f3,0.1818181818181818,-0.1555673275047593,positive/all/chemistry/yield/shuffled_both/k5/p0f3/scale0.25_shuffled_both,positive,all,yield,shuffled_both,0,3,scale0.25_shuffled_both
amine,43,6,True,4.079307311420908,3.790226383822303,0.0708651997826346,1.86551835399438,test_e1n,primary,p0f3,0.1724137931034483,0.0182759771079108,positive/all/chemistry/yield/shuffled_both/k5/p0f3/scale0.25_shuffled_both,positive,all,yield,shuffled_both,0,3,scale0.25_shuffled_both
amine,44,47,True,1.8042077337131353,1.6750718990866575,0.0715748149248373,1.546641628588525,test_e1n,primary,p0f3,0.1724137931034483,0.0751523436943717,positive/all/chemistry/yield/shuffled_both/k5/p0f3/scale0.25_shuffled_both,positive,all,yield,shuffled_both,0,3,scale0.25_shuffled_both
amine,49,9,True,0.806580856533771,0.6474765554905739,0.1972577203566887,1.2371546112020515,test_e1n,primary,p0f3,0.217391304347826,-0.0441002304941309,positive/all/chemistry/yield/shuffled_both/k5/p0f3/scale0.25_shuffled_both,positive,all,yield,shuffled_both,0,3,scale0.25_shuffled_both
amine,55,12,True,1.5014501780094829,1.2759958926647417,0.1501576866464077,1.529415895965666,test_e1n,primary,p0f3,0.3571428571428571,0.0825016240362465,positive/all/chemistry/yield/shuffled_both/k5/p0f3/scale0.25_shuffled_both,positive,all,yield,shuffled_both,0,3,scale0.25_shuffled_both
amine,58,33,True,2.3426600212724864,3.2044704813512195,-0.3678768802357479,1.4505739323176312,test_e1n,primary,p0f3,0.71875,-0.0852697580208017,positive/all/chemistry/yield/shuffled_both/k5/p0f3/scale0.25_shuffled_both,positive,all,yield,shuffled_both,0,3,scale0.25_shuffled_both
amine,62,9,True,0.6376679795037182,0.6301600949070958,0.0117739714678251,1.0681902647916452,test_e1n,primary,p0f3,0.1888888888888888,-0.0783929449378508,positive/all/chemistry/yield/shuffled_both/k5/p0f3/scale0.25_shuffled_both,positive,all,yield,shuffled_both,0,3,scale0.25_shuffled_both
amine,65,35,True,0.7888783923111738,0.7848275912098249,0.0051348866198265,1.3872359508411092,test_e1n,primary,p0f3,0.3018867924528302,0.0004448354460939,positive/all/chemistry/yield/shuffled_both/k5/p0f3/scale0.25_shuffled_both,positive,all,yield,shuffled_both,0,3,scale0.25_shuffled_both
amine,66,96,True,1.3058808891774567,1.185620108420047,0.0920916920938778,1.5582842293557009,test_e1n,primary,p0f3,0.3658536585365853,-0.0403148804311672,positive/all/chemistry/yield/shuffled_both/k5/p0f3/scale0.25_shuffled_both,positive,all,yield,shuffled_both,0,3,scale0.25_shuffled_both
amine,75,22,True,2.260563660330801,2.194674690802428,0.0291471417879605,1.8599563120795344,test_e1n,primary,p0f3,0.1145833333333333,-0.0114093282572034,positive/all/chemistry/yield/shuffled_both/k5/p0f3/scale0.25_shuffled_both,positive,all,yield,shuffled_both,0,3,scale0.25_shuffled_both
amine,79,8,True,1.346210934492521,1.2666814412102645,0.0590765468059705,1.145700954458083,test_e1n,primary,p0f3,0.1590909090909091,0.0560036994514682,positive/all/chemistry/yield/shuffled_both/k5/p0f3/scale0.25_shuffled_both,positive,all,yield,shuffled_both,0,3,scale0.25_shuffled_both
amine,82,4,True,2.272886299508428,1.9661672675435733,0.1349469315870269,0.91341114739908,test_e1n,primary,p0f3,0.2777777777777778,0.152584650828498,positive/all/chemistry/yield/shuffled_both/k5/p0f3/scale0.25_shuffled_both,positive,all,yield,shuffled_both,0,3,scale0.25_shuffled_both
amine,86,3,True,1.0791317928236426,1.441307109969671,-0.3356173171382202,1.3545227860378326,test_e1n,primary,p0f3,0.2444444444444444,0.0204725551728557,positive/all/chemistry/yield/shuffled_both/k5/p0f3/scale0.25_shuffled_both,positive,all,yield,shuffled_both,0,3,scale0.25_shuffled_both
amine,88,8,True,3.483536676073678,3.6885173846529264,-0.0588427014382073,1.4766061846321583,test_e1n,primary,p0f3,0.325,0.1164946618182284,positive/all/chemistry/yield/shuffled_both/k5/p0f3/scale0.25_shuffled_both,positive,all,yield,shuffled_both,0,3,scale0.25_shuffled_both
amine,92,53,True,1.337570423016532,1.239046951724744,0.0736585301203017,1.5803935269408331,test_e1n,primary,p0f3,0.2926829268292683,-0.0134747973354636,positive/all/chemistry/yield/shuffled_both/k5/p0f3/scale0.25_shuffled_both,positive,all,yield,shuffled_both,0,3,scale0.25_shuffled_both
amine,94,9,True,1.167797094046401,1.0215225583627638,0.1252568073934813,1.853809253420779,test_e1n,primary,p0f3,0.3243243243243243,0.0960619390370198,positive/all/chemistry/yield/shuffled_both/k5/p0f3/scale0.25_shuffled_both,positive,all,yield,shuffled_both,0,3,scale0.25_shuffled_both
amine,99,10,True,2.14801366031367,1.783951117360137,0.1694880017198632,1.423185670489594,test_e1n,primary,p0f3,0.2352941176470588,0.035644558824473,positive/all/chemistry/yield/shuffled_both/k5/p0f3/scale0.25_shuffled_both,positive,all,yield,shuffled_both,0,3,scale0.25_shuffled_both
amine,119,62,True,5.411852783630686,4.696709661349894,0.13214386105326,1.4766698511041496,test_e1n,primary,p0f3,0.2972972972972973,0.0458658878759483,positive/all/chemistry/yield/shuffled_both/k5/p0f3/scale0.25_shuffled_both,positive,all,yield,shuffled_both,0,3,scale0.25_shuffled_both
amine,121,51,True,1.759677548521238,1.6111802459913378,0.0843889283321773,1.3273858192124717,test_e1n,primary,p0f3,0.3125,0.0324977658802903,positive/all/chemistry/yield/shuffled_both/k5/p0f3/scale0.25_shuffled_both,positive,all,yield,shuffled_both,0,3,scale0.25_shuffled_both
amine,126,9,True,0.6829889662870577,0.7265210407137314,-0.0637375954451031,0.9934490483525664,test_e1n,primary,p0f3,0.4411764705882353,-0.0737997731846773,positive/all/chemistry/yield/shuffled_both/k5/p0f3/scale0.25_shuffled_both,positive,all,yield,shuffled_both,0,3,scale0.25_shuffled_both
amine,131,49,True,1.752817929445043,1.7296739621076045,0.0132038627336303,1.348013252644862,test_e1n,primary,p0f3,0.3720930232558139,0.0267606116133484,positive/all/chemistry/yield/shuffled_both/k5/p0f3/scale0.25_shuffled_both,positive,all,yield,shuffled_both,0,3,scale0.25_shuffled_both
amine,145,34,True,1.4027172727475872,1.6540419256651548,-0.1791698568203148,1.472894108949826,test_e1n,primary,p0f3,0.4594594594594595,-0.0435406961292406,positive/all/chemistry/yield/shuffled_both/k5/p0f3/scale0.25_shuffled_both,positive,all,yield,shuffled_both,0,3,scale0.25_shuffled_both
amine,158,97,True,1.5832255295057711,1.5661834851059613,0.0107641293563084,1.6182099796247968,test_e1n,primary,p0f3,0.2631578947368421,-0.0576960441962084,positive/all/chemistry/yield/shuffled_both/k5/p0f3/scale0.25_shuffled_both,positive,all,yield,shuffled_both,0,3,scale0.25_shuffled_both
amine,162,9,True,0.8450609063242065,0.826061622978745,0.0224827384668679,1.7264137253437604,test_e1n,primary,p0f3,0.1612903225806451,0.0614670673661618,positive/all/chemistry/yield/shuffled_both/k5/p0f3/scale0.25_shuffled_both,positive,all,yield,shuffled_both,0,3,scale0.25_shuffled_both
amine,163,9,True,0.4855823104971956,0.4177195847097638,0.1397553500619618,1.315525601011997,test_e1n,primary,p0f3,0.3018867924528302,0.085040815672472,positive/all/chemistry/yield/shuffled_both/k5/p0f3/scale0.25_shuffled_both,positive,all,yield,shuffled_both,0,3,scale0.25_shuffled_both
amine,166,34,True,1.7333883083391932,1.9857142598804003,-0.145568047463622,1.500562164637742,test_e1n,primary,p0f3,0.4761904761904761,-0.0456091255434414,positive/all/chemistry/yield/shuffled_both/k5/p0f3/scale0.25_shuffled_both,positive,all,yield,shuffled_both,0,3,scale0.25_shuffled_both
amine,185,81,True,5.541222861563629,5.18449127110823,0.0643777735289888,1.3892823901812226,test_e1n,primary,p0f3,0.2162162162162162,-0.0672093210893201,positive/all/chemistry/yield/shuffled_both/k5/p0f3/scale0.25_shuffled_both,positive,all,yield,shuffled_both,0,3,scale0.25_shuffled_both
amine,190,96,True,0.8955026380812869,0.8567226377754182,0.0433052887358982,1.4337719585076922,test_e1n,primary,p0f3,0.3111111111111111,-0.0559892315991823,positive/all/chemistry/yield/shuffled_both/k5/p0f3/scale0.25_shuffled_both,positive,all,yield,shuffled_both,0,3,scale0.25_shuffled_both
amine,193,9,True,1.2543450127330906,1.4219951678260614,-0.1336555360695204,2.013315076357942,test_e1n,primary,p0f3,0.1794871794871795,-0.0446003130309158,positive/all/chemistry/yield/shuffled_both/k5/p0f3/scale0.25_shuffled_both,positive,all,yield,shuffled_both,0,3,scale0.25_shuffled_both
amine,195,8,True,9.174171549719215,9.375497190533135,-0.0219448306283396,1.9247891207559304,test_e1n,primary,p0f3,0.1791044776119403,-0.051583803523092,positive/all/chemistry/yield/shuffled_both/k5/p0f3/scale0.25_shuffled_both,positive,all,yield,shuffled_both,0,3,scale0.25_shuffled_both
amine,196,21,True,1.1946433501092082,1.4963275106168643,-0.2525307326911232,1.3565729558216688,test_e1n,primary,p0f3,0.1875,-0.0553724557815655,positive/all/chemistry/yield/shuffled_both/k5/p0f3/scale0.25_shuffled_both,positive,all,yield,shuffled_both,0,3,scale0.25_shuffled_both
amine,198,36,True,4.619245958753166,5.147360035497602,-0.1143290661419955,1.513425299386504,test_e1n,primary,p0f3,0.2641509433962264,0.0477423207515997,positive/all/chemistry/yield/shuffled_both/k5/p0f3/scale0.25_shuffled_both,positive,all,yield,shuffled_both,0,3,scale0.25_shuffled_both
amine,207,79,True,1.4463927851430851,1.6086050697270853,-0.1121495393576326,1.4830463973025585,test_e1n,primary,p0f3,0.2321428571428571,-0.0007625420458767,positive/all/chemistry/yield/shuffled_both/k5/p0f3/scale0.25_shuffled_both,positive,all,yield,shuffled_both,0,3,scale0.25_shuffled_both
amine,208,29,True,2.810473860198494,2.673135670265157,0.0488665601478455,1.1073832859953905,test_e1n,primary,p0f3,0.2127659574468085,-0.0855312607122631,positive/all/chemistry/yield/shuffled_both/k5/p0f3/scale0.25_shuffled_both,positive,all,yield,shuffled_both,0,3,scale0.25_shuffled_both
amine,213,17,True,1.789463495284355,1.6872170858161837,0.057138024741837,0.9420559522768108,test_e1n,primary,p0f3,0.2647058823529412,0.1039121849528534,positive/all/chemistry/yield/shuffled_both/k5/p0f3/scale0.25_shuffled_both,positive,all,yield,shuffled_both,0,3,scale0.25_shuffled_both
amine,214,9,True,1.1279637977153103,1.1215500341132438,0.0056861431324812,1.5106898550960597,test_e1n,primary,p0f3,0.25,0.0710165509162681,positive/all/chemistry/yield/shuffled_both/k5/p0f3/scale0.25_shuffled_both,positive,all,yield,shuffled_both,0,3,scale0.25_shuffled_both
amine,219,33,True,1.2430962734479354,1.2396091556380169,0.0028051872444654,1.3786795372442235,test_e1n,primary,p0f3,0.3513513513513513,-0.050570237997128,positive/all/chemistry/yield/shuffled_both/k5/p0f3/scale0.25_shuffled_both,positive,all,yield,shuffled_both,0,3,scale0.25_shuffled_both
amine,228,20,True,1.4725006720619611,1.6177584476743028,-0.0986470012328992,1.6695590642287204,test_e1n,primary,p0f3,0.4473684210526316,-0.0417612204137736,positive/all/chemistry/yield/shuffled_both/k5/p0f3/scale0.25_shuffled_both,positive,all,yield,shuffled_both,0,3,scale0.25_shuffled_both
amine,229,7,True,3.846503673748439,4.5054083190750385,-0.1712996271974161,1.50004784915237,test_e1n,primary,p0f3,0.1830985915492957,-0.1377632415177554,positive/all/chemistry/yield/shuffled_both/k5/p0f3/scale0.25_shuffled_both,positive,all,yield,shuffled_both,0,3,scale0.25_shuffled_both
acid,4,34,True,1.4669090467092591,1.2595302097788632,0.1413712986470512,1.089579077988469,test_e1a,primary,p0f1,0.5882352941176471,-0.0429309260901382,positive/all/chemistry/yield/ecfp4/k5/p0f1/scale0.5_ecfp4,positive,all,yield,ecfp4,0,1,scale0.5_ecfp4
acid,5,20,True,0.694200974030302,0.6506147067293725,0.0627862376047703,1.518203848866895,test_e1a,primary,p0f1,0.5689655172413793,0.0417035853373134,positive/all/chemistry/yield/ecfp4/k5/p0f1/scale0.5_ecfp4,positive,all,yield,ecfp4,0,1,scale0.5_ecfp4
acid,11,30,True,1.2440351003593213,1.203621268147587,0.0324860867672152,1.3588117419990424,test_e1a,primary,p0f1,0.4545454545454545,-0.0400188829604686,positive/all/chemistry/yield/ecfp4/k5/p0f1/scale0.5_ecfp4,positive,all,yield,ecfp4,0,1,scale0.5_ecfp4
acid,12,21,True,1.815673551591632,2.069914791431861,-0.1400258541065155,1.449678296804677,test_e1a,primary,p0f1,0.3636363636363636,-0.0272887071267002,positive/all/chemistry/yield/ecfp4/k5/p0f1/scale0.5_ecfp4,positive,all,yield,ecfp4,0,1,scale0.5_ecfp4
acid,18,92,True,4.845015236845425,4.2145853921137215,0.1301192697883391,1.7905453379952074,test_e1a,primary,p0f1,0.4318181818181818,0.0306156672900753,positive/all/chemistry/yield/ecfp4/k5/p0f1/scale0.5_ecfp4,positive,all,yield,ecfp4,0,1,scale0.5_ecfp4
acid,31,2,False,0.6736735713557016,0.4719352617793959,0.2994600325055461,0.4497543329488203,test_e1a,primary,p0f1,0.4347826086956521,-0.0067736245455456,positive/all/chemistry/yield/ecfp4/k5/p0f1/scale0.5_ecfp4,positive,all,yield,ecfp4,0,1,scale0.5_ecfp4
acid,33,12,True,2.4510211045834365,2.1938080489477874,0.1049411835559709,2.06971525004514,test_e1a,primary,p0f1,0.6521739130434783,0.0521521627182818,positive/all/chemistry/yield/ecfp4/k5/p0f1/scale0.5_ecfp4,positive,all,yield,ecfp4,0,1,scale0.5_ecfp4
acid,35,2,False,2.4287155565485,2.8272510794199253,-0.1640931239547016,1.4413594184848826,test_e1a,primary,p0f1,0.6153846153846154,0.0001785561937691,positive/all/chemistry/yield/ecfp4/k5/p0f1/scale0.5_ecfp4,positive,all,yield,ecfp4,0,1,scale0.5_ecfp4
acid,38,31,True,1.0494790062615524,1.0243445381868048,0.0239494719997129,1.4150794367768142,test_e1a,primary,p0f1,0.6888888888888889,-0.0165734810992776,positive/all/chemistry/yield/ecfp4/k5/p0f1/scale0.5_ecfp4,positive,all,yield,ecfp4,0,1,scale0.5_ecfp4
acid,43,33,True,2.0511200081725796,2.076670332677492,-0.0124567672311268,1.3745661945777894,test_e1a,primary,p0f1,0.5833333333333334,-0.0041438000338409,positive/all/chemistry/yield/ecfp4/k5/p0f1/scale0.5_ecfp4,positive,all,yield,ecfp4,0,1,scale0.5_ecfp4
acid,51,2,False,1.1919272202164506,1.5303229779109808,-0.2839063929029815,1.4486685400923995,test_e1a,primary,p0f1,0.4,0.0090947173988884,positive/all/chemistry/yield/ecfp4/k5/p0f1/scale0.5_ecfp4,positive,all,yield,ecfp4,0,1,scale0.5_ecfp4
acid,52,36,True,1.0157095024346552,0.9751165865661416,0.0399650842797202,1.3250026829306338,test_e1a,primary,p0f1,0.6041666666666666,-0.0138971790063717,positive/all/chemistry/yield/ecfp4/k5/p0f1/scale0.5_ecfp4,positive,all,yield,ecfp4,0,1,scale0.5_ecfp4
acid,53,9,True,1.7385315405845498,1.7720501766146473,-0.0192798550084558,1.4782347719290092,test_e1a,primary,p0f1,0.6666666666666666,0.091763873117728,positive/all/chemistry/yield/ecfp4/k5/p0f1/scale0.5_ecfp4,positive,all,yield,ecfp4,0,1,scale0.5_ecfp4
acid,62,41,True,1.458625453845504,1.5119315706632477,-0.0365454453555624,1.4176200264512608,test_e1a,primary,p0f1,0.603448275862069,0.0196105548261323,positive/all/chemistry/yield/ecfp4/k5/p0f1/scale0.5_ecfp4,positive,all,yield,ecfp4,0,1,scale0.5_ecfp4
acid,68,59,True,2.1550433044345274,2.280625147727613,-0.0582734662615225,1.5478330109195255,test_e1a,primary,p0f1,0.3148148148148148,0.0177653213998028,positive/all/chemistry/yield/ecfp4/k5/p0f1/scale0.5_ecfp4,positive,all,yield,ecfp4,0,1,scale0.5_ecfp4
acid,69,30,True,2.18566577978764,2.0930997737624035,0.0423514001460141,1.3831337451949903,test_e1a,primary,p0f1,0.6666666666666666,0.020758534281877,positive/all/chemistry/yield/ecfp4/k5/p0f1/scale0.5_ecfp4,positive,all,yield,ecfp4,0,1,scale0.5_ecfp4
acid,71,49,True,1.2751767636520182,1.3813922167950374,-0.0832946899368096,1.628849029332342,test_e1a,primary,p0f1,0.3636363636363636,-0.0162410704425999,positive/all/chemistry/yield/ecfp4/k5/p0f1/scale0.5_ecfp4,positive,all,yield,ecfp4,0,1,scale0.5_ecfp4
acid,73,110,True,1.5447357059784257,1.4540556384049068,0.0587026422853886,1.8002881736661691,test_e1a,primary,p0f1,0.2272727272727272,-0.0413392026713719,positive/all/chemistry/yield/ecfp4/k5/p0f1/scale0.5_ecfp4,positive,all,yield,ecfp4,0,1,scale0.5_ecfp4
acid,76,38,True,0.8172876553881737,0.8167032428190422,0.0007150634972628,1.2917074451896955,test_e1a,primary,p0f1,0.6382978723404256,-0.0199652390103226,positive/all/chemistry/yield/ecfp4/k5/p0f1/scale0.5_ecfp4,positive,all,yield,ecfp4,0,1,scale0.5_ecfp4
acid,77,34,True,0.974183481783633,1.0411814728549675,-0.0687734829466291,1.623893838408856,test_e1a,primary,p0f1,0.3636363636363636,-0.0060802040325664,positive/all/chemistry/yield/ecfp4/k5/p0f1/scale0.5_ecfp4,positive,all,yield,ecfp4,0,1,scale0.5_ecfp4
acid,87,28,True,3.324774673173476,3.290048466068312,0.0104446798711981,1.8498809563039065,test_e1a,primary,p0f1,0.5609756097560976,0.0139288032721366,positive/all/chemistry/yield/ecfp4/k5/p0f1/scale0.5_ecfp4,positive,all,yield,ecfp4,0,1,scale0.5_ecfp4
acid,90,16,True,1.0474154025923603,1.1200626896951271,-0.0693586202026095,1.197474529141431,test_e1a,primary,p0f1,0.4814814814814814,0.029939409923758,positive/all/chemistry/yield/ecfp4/k5/p0f1/scale0.5_ecfp4,positive,all,yield,ecfp4,0,1,scale0.5_ecfp4
acid,91,8,True,1.0704738588720568,1.0089684008071758,0.0574562914872938,1.934715849136858,test_e1a,primary,p0f1,0.3243243243243243,0.0140283084058902,positive/all/chemistry/yield/ecfp4/k5/p0f1/scale0.5_ecfp4,positive,all,yield,ecfp4,0,1,scale0.5_ecfp4
acid,107,14,True,1.8325671073526064,1.6482467200078506,0.1005804298272231,1.715955385045854,test_e1a,primary,p0f1,0.2631578947368421,0.023808083196773,positive/all/chemistry/yield/ecfp4/k5/p0f1/scale0.5_ecfp4,positive,all,yield,ecfp4,0,1,scale0.5_ecfp4
acid,109,4,True,0.2570024839317012,0.2473888509068212,0.0374067708522024,1.0714296246323527,test_e1a,primary,p0f1,0.3333333333333333,-0.1401568588935791,positive/all/chemistry/yield/ecfp4/k5/p0f1/scale0.5_ecfp4,positive,all,yield,ecfp4,0,1,scale0.5_ecfp4
acid,111,10,True,3.3191988572247704,3.5432484629790957,-0.0675011095724635,1.745540082003158,test_e1a,primary,p0f1,0.2325581395348837,-0.0711832635722753,positive/all/chemistry/yield/ecfp4/k5/p0f1/scale0.5_ecfp4,positive,all,yield,ecfp4,0,1,scale0.5_ecfp4
acid,115,2,False,0.1040313923937068,0.0973888782024336,0.063851055325056,0.808729974819014,test_e1a,primary,p0f1,0.4146341463414634,0.0531246736568438,positive/all/chemistry/yield/ecfp4/k5/p0f1/scale0.5_ecfp4,positive,all,yield,ecfp4,0,1,scale0.5_ecfp4
acid,124,96,True,1.5064192842319262,1.4206347534854515,0.0569459855197043,1.5214549362313112,test_e1a,primary,p0f1,0.4375,-0.0265810638758918,positive/all/chemistry/yield/ecfp4/k5/p0f1/scale0.5_ecfp4,positive,all,yield,ecfp4,0,1,scale0.5_ecfp4
acid,137,4,True,0.3463610598070419,0.3332242903183069,0.0379279630800686,0.5219203900101133,test_e1a,primary,p0f1,0.5490196078431373,0.0962061391750234,positive/all/chemistry/yield/ecfp4/k5/p0f1/scale0.5_ecfp4,positive,all,yield,ecfp4,0,1,scale0.5_ecfp4
acid,151,20,True,1.2246601291660646,1.2423402967153157,-0.0144367952611395,1.5031775667256615,test_e1a,primary,p0f1,0.4242424242424242,0.0281587223637271,positive/all/chemistry/yield/ecfp4/k5/p0f1/scale0.5_ecfp4,positive,all,yield,ecfp4,0,1,scale0.5_ecfp4
acid,152,4,True,1.5101463504776556,1.6826150211805702,-0.1142065937174652,1.2342145071167523,test_e1a,primary,p0f1,0.7254901960784313,0.146261365942257,positive/all/chemistry/yield/ecfp4/k5/p0f1/scale0.5_ecfp4,positive,all,yield,ecfp4,0,1,scale0.5_ecfp4
acid,154,74,True,3.2447766377663005,3.3067564596256025,-0.0191014139888434,1.6123875031852133,test_e1a,primary,p0f1,0.234375,-0.0035729242868951,positive/all/chemistry/yield/ecfp4/k5/p0f1/scale0.5_ecfp4,positive,all,yield,ecfp4,0,1,scale0.5_ecfp4
acid,160,7,True,0.1616732544231652,0.4970207802461264,-2.0742300698990026,1.4237016954032566,test_e1a,primary,p0f1,0.4821428571428571,-0.0015370027801471,positive/all/chemistry/yield/ecfp4/k5/p0f1/scale0.5_ecfp4,positive,all,yield,ecfp4,0,1,scale0.5_ecfp4
acid,161,10,True,0.9843027610482464,0.989965489573237,-0.0057530352947094,1.21895754253355,test_e1a,primary,p0f1,0.6274509803921569,0.0745190851820223,positive/all/chemistry/yield/ecfp4/k5/p0f1/scale0.5_ecfp4,positive,all,yield,ecfp4,0,1,scale0.5_ecfp4
acid,167,4,True,0.9817624768991864,0.9859497599075372,-0.0042650672712365,1.4484015874788223,test_e1a,primary,p0f1,0.6551724137931034,0.0537805368534071,positive/all/chemistry/yield/ecfp4/k5/p0f1/scale0.5_ecfp4,positive,all,yield,ecfp4,0,1,scale0.5_ecfp4
acid,177,57,True,1.7168617107453383,1.662962363346009,0.0313941111634027,1.824660990144395,test_e1a,primary,p0f1,0.7924528301886793,0.0192540650703847,positive/all/chemistry/yield/ecfp4/k5/p0f1/scale0.5_ecfp4,positive,all,yield,ecfp4,0,1,scale0.5_ecfp4
acid,179,28,True,0.9146497556045224,0.8530563359745738,0.0673409895454895,1.2658649501923245,test_e1a,primary,p0f1,0.7254901960784313,-0.0214902393697382,positive/all/chemistry/yield/ecfp4/k5/p0f1/scale0.5_ecfp4,positive,all,yield,ecfp4,0,1,scale0.5_ecfp4
acid,180,10,True,4.324221833166053,4.6637575528504875,-0.0785194961739133,1.852920889466681,test_e1a,primary,p0f1,0.7037037037037037,-0.0507578602331013,positive/all/chemistry/yield/ecfp4/k5/p0f1/scale0.5_ecfp4,positive,all,yield,ecfp4,0,1,scale0.5_ecfp4
acid,181,38,True,1.0952921058820335,1.1647318810931184,-0.0633984074551192,1.4210862181959154,test_e1a,primary,p0f1,0.6666666666666666,-0.0194233048270231,positive/all/chemistry/yield/ecfp4/k5/p0f1/scale0.5_ecfp4,positive,all,yield,ecfp4,0,1,scale0.5_ecfp4
acid,185,37,True,1.7519920494067378,1.740183917800845,0.0067398317303388,1.6527345654534078,test_e1a,primary,p0f1,0.6296296296296297,-0.0225815875292383,positive/all/chemistry/yield/ecfp4/k5/p0f1/scale0.5_ecfp4,positive,all,yield,ecfp4,0,1,scale0.5_ecfp4
acid,187,75,True,1.5823437332950134,1.5159132156219852,0.0419823558404063,1.4731443033305205,test_e1a,primary,p0f1,0.52,-0.008890790229062,positive/all/chemistry/yield/ecfp4/k5/p0f1/scale0.5_ecfp4,positive,all,yield,ecfp4,0,1,scale0.5_ecfp4
acid,192,45,True,1.236844646817202,1.3307280964852242,-0.0759056118402699,1.4608694184090707,test_e1a,primary,p0f1,0.3529411764705882,-0.0117393370480776,positive/all/chemistry/yield/ecfp4/k5/p0f1/scale0.5_ecfp4,positive,all,yield,ecfp4,0,1,scale0.5_ecfp4
acid,199,2,False,0.601984580141008,0.6290525966674673,-0.0449646343434892,0.3713218528392381,test_e1a,primary,p0f1,0.9565217391304348,0.0053311454782999,positive/all/chemistry/yield/ecfp4/k5/p0f1/scale0.5_ecfp4,positive,all,yield,ecfp4,0,1,scale0.5_ecfp4
acid,217,20,True,0.7772274524455117,0.8146408364278586,-0.0481369821210344,1.529157527174586,test_e1a,primary,p0f1,0.3050847457627119,-0.0161943006719076,positive/all/chemistry/yield/ecfp4/k5/p0f1/scale0.5_ecfp4,positive,all,yield,ecfp4,0,1,scale0.5_ecfp4
acid,228,38,True,1.5271023856048318,1.666692296811924,-0.0914083512166117,1.3199993785300643,test_e1a,primary,p0f1,0.3611111111111111,-0.0232988497005273,positive/all/chemistry/yield/ecfp4/k5/p0f1/scale0.5_ecfp4,positive,all,yield,ecfp4,0,1,scale0.5_ecfp4
acid,237,6,True,1.7575278948765776,1.601044801262928,0.089035908943362,1.4181888923844794,test_e1a,primary,p0f1,0.4390243902439024,0.0213335292450453,positive/all/chemistry/yield/ecfp4/k5/p0f1/scale0.5_ecfp4,positive,all,yield,ecfp4,0,1,scale0.5_ecfp4
acid,242,8,True,1.402243326617581,2.1107042516476007,-0.505233943055327,1.2106097344397193,test_e1a,primary,p0f1,0.59375,0.0230643837808464,positive/all/chemistry/yield/ecfp4/k5/p0f1/scale0.5_ecfp4,positive,all,yield,ecfp4,0,1,scale0.5_ecfp4
acid,246,10,True,1.486104949852488,1.5400126729470376,-0.0362745061174183,1.6361881676857508,test_e1a,primary,p0f1,0.3823529411764705,-0.0070051960515238,positive/all/chemistry/yield/ecfp4/k5/p0f1/scale0.5_ecfp4,positive,all,yield,ecfp4,0,1,scale0.5_ecfp4
acid,247,10,True,1.469225169015591,1.3288722898752408,0.0955285017574191,1.511390196250488,test_e1a,primary,p0f1,0.5,-0.0355447127301526,positive/all/chemistry/yield/ecfp4/k5/p0f1/scale0.5_ecfp4,positive,all,yield,ecfp4,0,1,scale0.5_ecfp4
acid,251,21,True,1.4852075724911311,1.3337078446896855,0.1020057604118838,1.6645194103541845,test_e1a,primary,p0f1,0.4516129032258064,-0.0360619418961241,positive/all/chemistry/yield/ecfp4/k5/p0f1/scale0.5_ecfp4,positive,all,yield,ecfp4,0,1,scale0.5_ecfp4
acid,265,18,True,1.7657763471972532,1.7298413011808091,0.020350847984504,1.2926553073169624,test_e1a,primary,p0f1,0.3191489361702128,-0.0060489946511546,positive/all/chemistry/yield/ecfp4/k5/p0f1/scale0.5_ecfp4,positive,all,yield,ecfp4,0,1,scale0.5_ecfp4
acid,271,9,True,0.8216288949041369,0.7655232919035494,0.0682858202146525,1.2102836100112446,test_e1a,primary,p0f1,0.5172413793103449,-0.001754210757392,positive/all/chemistry/yield/ecfp4/k5/p0f1/scale0.5_ecfp4,positive,all,yield,ecfp4,0,1,scale0.5_ecfp4
amine,3,29,True,1.4361939726015758,1.5102648513941066,-0.0515744253252616,1.2955601668074987,test_e1n,primary,p0f1,0.4078947368421052,0.0008351634623879,positive/all/chemistry/yield/ecfp4/k5/p0f1/scale0.5_ecfp4,positive,all,yield,ecfp4,0,1,scale0.5_ecfp4
amine,4,10,True,3.3891981369976825,3.3523675912011557,0.0108670382514588,1.719117238715539,test_e1n,primary,p0f1,0.25,0.0338355228931913,positive/all/chemistry/yield/ecfp4/k5/p0f1/scale0.5_ecfp4,positive,all,yield,ecfp4,0,1,scale0.5_ecfp4
amine,11,102,True,1.35397779469267,1.3240612508023084,0.0220952987616405,1.570283440895428,test_e1n,primary,p0f1,0.2647058823529412,-0.0121341319837511,positive/all/chemistry/yield/ecfp4/k5/p0f1/scale0.5_ecfp4,positive,all,yield,ecfp4,0,1,scale0.5_ecfp4
amine,17,10,True,0.9475100855056132,0.97218022032364,-0.0260368044577194,1.6194971708025565,test_e1n,primary,p0f1,0.2131147540983606,-0.0425708676553189,positive/all/chemistry/yield/ecfp4/k5/p0f1/scale0.5_ecfp4,positive,all,yield,ecfp4,0,1,scale0.5_ecfp4
amine,20,41,True,1.7180037776480075,1.550908935162323,0.0972610448589593,1.6679942934862977,test_e1n,primary,p0f1,0.4473684210526316,-0.005442986863678,positive/all/chemistry/yield/ecfp4/k5/p0f1/scale0.5_ecfp4,positive,all,yield,ecfp4,0,1,scale0.5_ecfp4
amine,27,19,True,0.6837776227208048,0.8155469123450112,-0.1927078120806089,1.4679859384778635,test_e1n,primary,p0f1,0.4358974358974359,-0.0266622705264139,positive/all/chemistry/yield/ecfp4/k5/p0f1/scale0.5_ecfp4,positive,all,yield,ecfp4,0,1,scale0.5_ecfp4
amine,30,10,True,1.5431985078261112,1.5922007444045416,-0.0317536832299425,1.9240274559288393,test_e1n,primary,p0f1,0.24,-0.0466286910804816,positive/all/chemistry/yield/ecfp4/k5/p0f1/scale0.5_ecfp4,positive,all,yield,ecfp4,0,1,scale0.5_ecfp4
amine,34,10,True,0.9815944941450412,0.8715430535298012,0.1121149734148555,1.2202944330046186,test_e1n,primary,p0f1,0.3513513513513513,0.0439475902999252,positive/all/chemistry/yield/ecfp4/k5/p0f1/scale0.5_ecfp4,positive,all,yield,ecfp4,0,1,scale0.5_ecfp4
amine,38,7,True,1.9709921850104213,1.583209059817293,0.1967451358469378,1.7658992927091626,test_e1n,primary,p0f1,0.4772727272727273,-0.001125481657219,positive/all/chemistry/yield/ecfp4/k5/p0f1/scale0.5_ecfp4,positive,all,yield,ecfp4,0,1,scale0.5_ecfp4
amine,41,37,True,1.3041315274682488,1.2718138220210171,0.0247810169193369,1.7729950974217423,test_e1n,primary,p0f1,0.3809523809523809,0.0001560904581519,positive/all/chemistry/yield/ecfp4/k5/p0f1/scale0.5_ecfp4,positive,all,yield,ecfp4,0,1,scale0.5_ecfp4
amine,48,8,True,0.4877162973382686,0.4470330133433434,0.083415879717278,1.5664682603986018,test_e1n,primary,p0f1,0.2592592592592592,-0.054520190994461,positive/all/chemistry/yield/ecfp4/k5/p0f1/scale0.5_ecfp4,positive,all,yield,ecfp4,0,1,scale0.5_ecfp4
amine,57,8,True,1.5124595965159646,1.6370301439812311,-0.0823628927028674,1.3579289969479922,test_e1n,primary,p0f1,0.44,-0.0239970889712701,positive/all/chemistry/yield/ecfp4/k5/p0f1/scale0.5_ecfp4,positive,all,yield,ecfp4,0,1,scale0.5_ecfp4
amine,59,34,True,2.681213110249998,2.6761887835081963,0.0018739005573985,1.9855421796868824,test_e1n,primary,p0f1,0.71875,0.00408854162888,positive/all/chemistry/yield/ecfp4/k5/p0f1/scale0.5_ecfp4,positive,all,yield,ecfp4,0,1,scale0.5_ecfp4
amine,60,10,True,1.8486880856796852,1.663671327517945,0.1000800295057438,2.222267572487551,test_e1n,primary,p0f1,0.1724137931034483,0.0146604725590855,positive/all/chemistry/yield/ecfp4/k5/p0f1/scale0.5_ecfp4,positive,all,yield,ecfp4,0,1,scale0.5_ecfp4
amine,83,16,True,2.047730673121464,1.957824495827644,0.043905274494312,1.2571420386400058,test_e1n,primary,p0f1,0.53125,-0.0137189232648726,positive/all/chemistry/yield/ecfp4/k5/p0f1/scale0.5_ecfp4,positive,all,yield,ecfp4,0,1,scale0.5_ecfp4
amine,85,10,True,1.314566413880894,1.268461825001531,0.0350720879466651,1.25056780443452,test_e1n,primary,p0f1,0.238095238095238,0.0345194586854816,positive/all/chemistry/yield/ecfp4/k5/p0f1/scale0.5_ecfp4,positive,all,yield,ecfp4,0,1,scale0.5_ecfp4
amine,87,1,False,0.2525246434415235,0.1909032831434526,0.2440211753524973,,test_e1n,primary,p0f1,0.3414634146341463,-0.0169900562680886,positive/all/chemistry/yield/ecfp4/k5/p0f1/scale0.5_ecfp4,positive,all,yield,ecfp4,0,1,scale0.5_ecfp4
amine,90,29,True,1.1365285027871923,1.272577828829505,-0.1197060396713929,0.9298906259252564,test_e1n,primary,p0f1,0.3414634146341463,-0.0324803815538765,positive/all/chemistry/yield/ecfp4/k5/p0f1/scale0.5_ecfp4,positive,all,yield,ecfp4,0,1,scale0.5_ecfp4
amine,104,10,True,0.8400526684056604,0.9258052705143782,-0.1020800306145899,1.1597011944403863,test_e1n,primary,p0f1,0.2564102564102564,-0.0471514363255136,positive/all/chemistry/yield/ecfp4/k5/p0f1/scale0.5_ecfp4,positive,all,yield,ecfp4,0,1,scale0.5_ecfp4
amine,106,78,True,0.913948155784578,0.91154566448106,0.0026286953896805,1.442343263379955,test_e1n,primary,p0f1,0.3333333333333333,-0.015374086268955,positive/all/chemistry/yield/ecfp4/k5/p0f1/scale0.5_ecfp4,positive,all,yield,ecfp4,0,1,scale0.5_ecfp4
amine,107,35,True,2.946960487481825,3.0710674725255633,-0.0421135558386083,1.305501366620148,test_e1n,primary,p0f1,0.3157894736842105,-0.0241279901078601,positive/all/chemistry/yield/ecfp4/k5/p0f1/scale0.5_ecfp4,positive,all,yield,ecfp4,0,1,scale0.5_ecfp4
amine,118,63,True,1.7729278508724189,1.7066363171321413,0.0373909934956783,1.4239500032152403,test_e1n,primary,p0f1,0.2972972972972973,0.0479533003522804,positive/all/chemistry/yield/ecfp4/k5/p0f1/scale0.5_ecfp4,positive,all,yield,ecfp4,0,1,scale0.5_ecfp4
amine,124,38,True,1.5701347585011494,1.4472038657069728,0.0782932115403434,1.5633600268107213,test_e1n,primary,p0f1,0.3478260869565217,-0.0033694753306621,positive/all/chemistry/yield/ecfp4/k5/p0f1/scale0.5_ecfp4,positive,all,yield,ecfp4,0,1,scale0.5_ecfp4
amine,125,14,True,1.5509266032026825,1.285907987043022,0.1708776002761147,2.0161123058080235,test_e1n,primary,p0f1,0.3404255319148936,0.0225088364805696,positive/all/chemistry/yield/ecfp4/k5/p0f1/scale0.5_ecfp4,positive,all,yield,ecfp4,0,1,scale0.5_ecfp4
amine,128,35,True,2.6614003032987763,2.5824490139829703,0.0296653191246527,1.0941297734801176,test_e1n,primary,p0f1,0.2545454545454545,0.0229313538949855,positive/all/chemistry/yield/ecfp4/k5/p0f1/scale0.5_ecfp4,positive,all,yield,ecfp4,0,1,scale0.5_ecfp4
amine,135,29,True,0.7593312573991292,0.7299872591050591,0.0386445283374472,1.444396854206998,test_e1n,primary,p0f1,0.1904761904761904,-0.0099250413867293,positive/all/chemistry/yield/ecfp4/k5/p0f1/scale0.5_ecfp4,positive,all,yield,ecfp4,0,1,scale0.5_ecfp4
amine,137,30,True,1.5114534696568045,1.5331542050125824,-0.0143575278971077,1.3645238358707314,test_e1n,primary,p0f1,0.1578947368421052,0.0271015917475402,positive/all/chemistry/yield/ecfp4/k5/p0f1/scale0.5_ecfp4,positive,all,yield,ecfp4,0,1,scale0.5_ecfp4
amine,138,10,True,1.763104520831589,1.6652314168615348,0.0555117991098401,1.9803728671883232,test_e1n,primary,p0f1,0.1707317073170731,-0.0451452764323252,positive/all/chemistry/yield/ecfp4/k5/p0f1/scale0.5_ecfp4,positive,all,yield,ecfp4,0,1,scale0.5_ecfp4
amine,139,67,True,1.4165556040006917,1.3991585027698823,0.0122812695680112,1.568881881893181,test_e1n,primary,p0f1,0.2307692307692307,0.0297899945816115,positive/all/chemistry/yield/ecfp4/k5/p0f1/scale0.5_ecfp4,positive,all,yield,ecfp4,0,1,scale0.5_ecfp4
amine,141,41,True,1.3525949108045188,1.321081156690484,0.0232987377538559,1.6034186651464668,test_e1n,primary,p0f1,0.3793103448275862,0.0054414928308678,positive/all/chemistry/yield/ecfp4/k5/p0f1/scale0.5_ecfp4,positive,all,yield,ecfp4,0,1,scale0.5_ecfp4
amine,142,9,True,0.8864756669398928,0.9798950340514874,-0.1053828893398478,1.526888965675243,test_e1n,primary,p0f1,0.1702127659574468,0.0358939383642197,positive/all/chemistry/yield/ecfp4/k5/p0f1/scale0.5_ecfp4,positive,all,yield,ecfp4,0,1,scale0.5_ecfp4
amine,153,18,True,2.687718386181553,2.7845078197160564,-0.0360117466294571,1.7048233560488808,test_e1n,primary,p0f1,0.1538461538461538,0.0156625672869934,positive/all/chemistry/yield/ecfp4/k5/p0f1/scale0.5_ecfp4,positive,all,yield,ecfp4,0,1,scale0.5_ecfp4
amine,157,10,True,3.7977747710257033,3.8965700018916216,-0.0260139784011561,2.2479665833056615,test_e1n,primary,p0f1,0.1780821917808219,-0.0017024339319733,positive/all/chemistry/yield/ecfp4/k5/p0f1/scale0.5_ecfp4,positive,all,yield,ecfp4,0,1,scale0.5_ecfp4
amine,174,2,False,0.2078517745513455,0.1634817372282257,0.2134696103456121,0.3970786263540737,test_e1n,primary,p0f1,0.1612903225806451,-0.0013623474158059,positive/all/chemistry/yield/ecfp4/k5/p0f1/scale0.5_ecfp4,positive,all,yield,ecfp4,0,1,scale0.5_ecfp4
amine,177,82,True,1.4582293227441374,1.3779343831679185,0.0550633143387334,1.6594952867039303,test_e1n,primary,p0f1,0.4411764705882353,-0.0279572484759305,positive/all/chemistry/yield/ecfp4/k5/p0f1/scale0.5_ecfp4,positive,all,yield,ecfp4,0,1,scale0.5_ecfp4
amine,179,49,True,1.481149374247941,1.488136241437556,-0.0047171928173435,1.901867001554863,test_e1n,primary,p0f1,0.1923076923076923,-0.0247594586912947,positive/all/chemistry/yield/ecfp4/k5/p0f1/scale0.5_ecfp4,positive,all,yield,ecfp4,0,1,scale0.5_ecfp4
amine,181,10,True,1.1109202202790578,0.9624866200380872,0.1336131951974776,1.4943457967176,test_e1n,primary,p0f1,0.2608695652173913,0.0076310942324274,positive/all/chemistry/yield/ecfp4/k5/p0f1/scale0.5_ecfp4,positive,all,yield,ecfp4,0,1,scale0.5_ecfp4
amine,184,9,True,3.1073832475748615,3.2790924547365656,-0.0552584581563002,1.1492840636764805,test_e1n,primary,p0f1,0.2142857142857142,0.0139042350199747,positive/all/chemistry/yield/ecfp4/k5/p0f1/scale0.5_ecfp4,positive,all,yield,ecfp4,0,1,scale0.5_ecfp4
amine,187,44,True,2.340451192052024,2.0007423341893324,0.145146738806737,1.762510315121068,test_e1n,primary,p0f1,0.1896551724137931,0.0195516328997165,positive/all/chemistry/yield/ecfp4/k5/p0f1/scale0.5_ecfp4,positive,all,yield,ecfp4,0,1,scale0.5_ecfp4
amine,191,46,True,1.2622967176778948,1.1804410758344392,0.0648465932748649,1.3185995444645555,test_e1n,primary,p0f1,0.2142857142857142,-0.016474352996014,positive/all/chemistry/yield/ecfp4/k5/p0f1/scale0.5_ecfp4,positive,all,yield,ecfp4,0,1,scale0.5_ecfp4
amine,199,5,True,0.5845781257610563,0.56904320082074,0.0265745915827615,0.9932225493420154,test_e1n,primary,p0f1,0.3333333333333333,0.0243324952317519,positive/all/chemistry/yield/ecfp4/k5/p0f1/scale0.5_ecfp4,positive,all,yield,ecfp4,0,1,scale0.5_ecfp4
amine,203,26,True,4.053213554568325,4.039667514507628,0.0033420494327097,1.3448621885946912,test_e1n,primary,p0f1,0.4067796610169492,-0.0033594531157248,positive/all/chemistry/yield/ecfp4/k5/p0f1/scale0.5_ecfp4,positive,all,yield,ecfp4,0,1,scale0.5_ecfp4
amine,205,22,True,3.623324710382272,3.652595625823024,-0.0080784687491239,1.3121948917063035,test_e1n,primary,p0f1,0.509090909090909,-0.0075841650029173,positive/all/chemistry/yield/ecfp4/k5/p0f1/scale0.5_ecfp4,positive,all,yield,ecfp4,0,1,scale0.5_ecfp4
amine,209,82,True,6.815142588228738,6.39460767755394,0.0617059592269068,1.8550622224725049,test_e1n,primary,p0f1,0.4,0.0285110704660462,positive/all/chemistry/yield/ecfp4/k5/p0f1/scale0.5_ecfp4,positive,all,yield,ecfp4,0,1,scale0.5_ecfp4
amine,218,10,True,2.9857443045406287,2.885133312353947,0.0336971227019258,1.5415863158466587,test_e1n,primary,p0f1,0.46875,0.0337906268310085,positive/all/chemistry/yield/ecfp4/k5/p0f1/scale0.5_ecfp4,positive,all,yield,ecfp4,0,1,scale0.5_ecfp4
amine,222,27,True,2.7310326814445527,2.6229263493660246,0.039584415379953,1.4122044639672258,test_e1n,primary,p0f1,0.3928571428571428,0.00881075378275,positive/all/chemistry/yield/ecfp4/k5/p0f1/scale0.5_ecfp4,positive,all,yield,ecfp4,0,1,scale0.5_ecfp4
amine,225,128,True,1.168925857089414,1.2895475575052595,-0.1031902063627796,1.4847308677531832,test_e1n,primary,p0f1,0.196078431372549,0.0295104872923421,positive/all/chemistry/yield/ecfp4/k5/p0f1/scale0.5_ecfp4,positive,all,yield,ecfp4,0,1,scale0.5_ecfp4
acid,8,11,True,2.511421004181287,2.690119233609201,-0.0711542306647898,1.4658869599788873,test_e1a,primary,p0f0,0.3076923076923077,-0.0969201702879583,positive/all/chemistry/yield/ecfp4/k5/p0f0/scale0.5_ecfp4,positive,all,yield,ecfp4,0,0,scale0.5_ecfp4
acid,20,20,True,0.8497592794889695,0.6736495923696226,0.2072465595494952,1.244914255834772,test_e1a,primary,p0f0,0.5161290322580645,-0.0516071249713001,positive/all/chemistry/yield/ecfp4/k5/p0f0/scale0.5_ecfp4,positive,all,yield,ecfp4,0,0,scale0.5_ecfp4
acid,21,15,True,1.8870210226635344,1.1547981852046731,0.3880310969855158,1.1677879470796175,test_e1a,primary,p0f0,0.3055555555555556,0.1658193556462632,positive/all/chemistry/yield/ecfp4/k5/p0f0/scale0.5_ecfp4,positive,all,yield,ecfp4,0,0,scale0.5_ecfp4
acid,22,32,True,0.7754018812287526,0.7147930092061175,0.0781644634735607,1.1221653131010565,test_e1a,primary,p0f0,0.5434782608695652,0.0054282797503892,positive/all/chemistry/yield/ecfp4/k5/p0f0/scale0.5_ecfp4,positive,all,yield,ecfp4,0,0,scale0.5_ecfp4
acid,23,37,True,2.4522441791284124,2.529734133135678,-0.0315996076845852,1.5660609980710558,test_e1a,primary,p0f0,0.4651162790697674,-0.0282327028650719,positive/all/chemistry/yield/ecfp4/k5/p0f0/scale0.5_ecfp4,positive,all,yield,ecfp4,0,0,scale0.5_ecfp4
acid,24,60,True,1.0638392419099756,0.923667511495428,0.1317602555841884,1.4970732375620597,test_e1a,primary,p0f0,0.4042553191489361,-0.0844298413591346,positive/all/chemistry/yield/ecfp4/k5/p0f0/scale0.5_ecfp4,positive,all,yield,ecfp4,0,0,scale0.5_ecfp4
acid,36,26,True,0.6413272143654931,0.5603273465252099,0.1263003752622936,1.2491854184938544,test_e1a,primary,p0f0,0.3888888888888889,-0.0803853429004983,positive/all/chemistry/yield/ecfp4/k5/p0f0/scale0.5_ecfp4,positive,all,yield,ecfp4,0,0,scale0.5_ecfp4
acid,45,30,True,1.057915488599127,1.0636148860111054,-0.0053873844115142,1.446906900083171,test_e1a,primary,p0f0,0.6078431372549019,0.0198935139120004,positive/all/chemistry/yield/ecfp4/k5/p0f0/scale0.5_ecfp4,positive,all,yield,ecfp4,0,0,scale0.5_ecfp4
acid,48,12,True,2.114088399210684,1.4369648616053998,0.3202910237140958,1.4349599792033123,test_e1a,primary,p0f0,0.3777777777777777,0.2157513249449105,positive/all/chemistry/yield/ecfp4/k5/p0f0/scale0.5_ecfp4,positive,all,yield,ecfp4,0,0,scale0.5_ecfp4
acid,54,12,True,2.225798697077439,2.232153142888876,-0.0028549058905376,2.2583029945151183,test_e1a,primary,p0f0,0.5490196078431373,-0.0751098144374975,positive/all/chemistry/yield/ecfp4/k5/p0f0/scale0.5_ecfp4,positive,all,yield,ecfp4,0,0,scale0.5_ecfp4
acid,56,31,True,1.031033986110549,1.1600504209366702,-0.1251330572649889,1.5530473652632009,test_e1a,primary,p0f0,0.5833333333333334,-0.0110578922111448,positive/all/chemistry/yield/ecfp4/k5/p0f0/scale0.5_ecfp4,positive,all,yield,ecfp4,0,0,scale0.5_ecfp4
acid,59,70,True,1.8858141081708637,1.4612818822258662,0.2251188089566104,1.5505953696951515,test_e1a,primary,p0f0,0.5,0.028498713982425,positive/all/chemistry/yield/ecfp4/k5/p0f0/scale0.5_ecfp4,positive,all,yield,ecfp4,0,0,scale0.5_ecfp4
acid,79,5,True,0.8400065044488608,1.0467273962123067,-0.2460943941131481,1.275098349223912,test_e1a,primary,p0f0,0.5319148936170213,-0.0086808508706768,positive/all/chemistry/yield/ecfp4/k5/p0f0/scale0.5_ecfp4,positive,all,yield,ecfp4,0,0,scale0.5_ecfp4
acid,81,36,True,3.2985467372921145,3.383312914981095,-0.0256980374813693,1.658894250861546,test_e1a,primary,p0f0,0.3714285714285714,0.007249783136467,positive/all/chemistry/yield/ecfp4/k5/p0f0/scale0.5_ecfp4,positive,all,yield,ecfp4,0,0,scale0.5_ecfp4
acid,86,21,True,1.7702444725929756,1.9425281103566063,-0.0973219464491688,1.598823527325267,test_e1a,primary,p0f0,0.2962962962962963,0.0033768492861873,positive/all/chemistry/yield/ecfp4/k5/p0f0/scale0.5_ecfp4,positive,all,yield,ecfp4,0,0,scale0.5_ecfp4
acid,97,8,True,2.28945174383995,2.390620640685605,-0.0441891370359135,1.1111108237948073,test_e1a,primary,p0f0,0.1555555555555555,0.0682410647006916,positive/all/chemistry/yield/ecfp4/k5/p0f0/scale0.5_ecfp4,positive,all,yield,ecfp4,0,0,scale0.5_ecfp4
acid,98,30,True,4.141486758850596,4.036741913954344,0.025291604439494,1.6932933384366151,test_e1a,primary,p0f0,0.146788990825688,-0.0443522852636069,positive/all/chemistry/yield/ecfp4/k5/p0f0/scale0.5_ecfp4,positive,all,yield,ecfp4,0,0,scale0.5_ecfp4
acid,100,27,True,2.3442351129127292,1.967630652890075,0.1606513177574242,1.2326894996155016,test_e1a,primary,p0f0,0.5142857142857142,-0.0341136799564736,positive/all/chemistry/yield/ecfp4/k5/p0f0/scale0.5_ecfp4,positive,all,yield,ecfp4,0,0,scale0.5_ecfp4
acid,103,35,True,3.5758858076751263,3.278958914052784,0.0830358992406947,1.327807773823269,test_e1a,primary,p0f0,0.3272727272727272,-0.0710221882342536,positive/all/chemistry/yield/ecfp4/k5/p0f0/scale0.5_ecfp4,positive,all,yield,ecfp4,0,0,scale0.5_ecfp4
acid,114,59,True,1.5626692369825532,1.4641316310102768,0.0630572379875784,1.2236205466686867,test_e1a,primary,p0f0,0.3620689655172414,-0.0836913374992431,positive/all/chemistry/yield/ecfp4/k5/p0f0/scale0.5_ecfp4,positive,all,yield,ecfp4,0,0,scale0.5_ecfp4
acid,116,10,True,1.226122266027468,1.2693988249920392,-0.0352954678041885,1.4392526110468369,test_e1a,primary,p0f0,0.40625,-0.0617935507622799,positive/all/chemistry/yield/ecfp4/k5/p0f0/scale0.5_ecfp4,positive,all,yield,ecfp4,0,0,scale0.5_ecfp4
acid,120,13,True,2.0740925927668146,1.8393270443786431,0.1131895216283458,1.4366087962294565,test_e1a,primary,p0f0,0.3611111111111111,-0.0965605168229877,positive/all/chemistry/yield/ecfp4/k5/p0f0/scale0.5_ecfp4,positive,all,yield,ecfp4,0,0,scale0.5_ecfp4
acid,125,12,True,1.4151193915697602,1.7389594280835352,-0.2288429078443667,1.3677063580698452,test_e1a,primary,p0f0,0.5208333333333334,-0.0422159065550835,positive/all/chemistry/yield/ecfp4/k5/p0f0/scale0.5_ecfp4,positive,all,yield,ecfp4,0,0,scale0.5_ecfp4
acid,127,40,True,0.9138695439815951,0.8986616811168402,0.0166411748426329,1.1973118871460853,test_e1a,primary,p0f0,0.58,0.0731573755828342,positive/all/chemistry/yield/ecfp4/k5/p0f0/scale0.5_ecfp4,positive,all,yield,ecfp4,0,0,scale0.5_ecfp4
acid,129,87,True,2.1213113082697372,2.2277857530587144,-0.050192748407033,1.5526148544963876,test_e1a,primary,p0f0,0.3559322033898305,0.078274468791026,positive/all/chemistry/yield/ecfp4/k5/p0f0/scale0.5_ecfp4,positive,all,yield,ecfp4,0,0,scale0.5_ecfp4
acid,133,35,True,6.395840380671567,5.86208452026298,0.083453593060517,1.7693734697107388,test_e1a,primary,p0f0,0.4857142857142857,-0.0343734472429058,positive/all/chemistry/yield/ecfp4/k5/p0f0/scale0.5_ecfp4,positive,all,yield,ecfp4,0,0,scale0.5_ecfp4
acid,136,2,False,3.553637918063379,4.53351365578113,-0.275738766951179,0.3153374533935504,test_e1a,primary,p0f0,0.5833333333333334,0.0791744821833425,positive/all/chemistry/yield/ecfp4/k5/p0f0/scale0.5_ecfp4,positive,all,yield,ecfp4,0,0,scale0.5_ecfp4
acid,138,10,True,1.2835558220634264,1.1284752696657765,0.1208210423979415,1.0143404933154363,test_e1a,primary,p0f0,0.5238095238095238,-0.0363092902569319,positive/all/chemistry/yield/ecfp4/k5/p0f0/scale0.5_ecfp4,positive,all,yield,ecfp4,0,0,scale0.5_ecfp4
acid,141,30,True,0.883720260418823,0.904581732353306,-0.0236064203445964,1.374425165996523,test_e1a,primary,p0f0,0.4146341463414634,-0.0205293276734288,positive/all/chemistry/yield/ecfp4/k5/p0f0/scale0.5_ecfp4,positive,all,yield,ecfp4,0,0,scale0.5_ecfp4
acid,145,51,True,2.710508069834846,2.7781905320878786,-0.0249703968810381,1.745595715292434,test_e1a,primary,p0f0,0.2653061224489796,-0.0060075842681972,positive/all/chemistry/yield/ecfp4/k5/p0f0/scale0.5_ecfp4,positive,all,yield,ecfp4,0,0,scale0.5_ecfp4
acid,147,104,True,3.949442453740631,3.9230315679612953,0.0066872441081705,1.4894872520986668,test_e1a,primary,p0f0,0.4375,-0.0304315057310997,positive/all/chemistry/yield/ecfp4/k5/p0f0/scale0.5_ecfp4,positive,all,yield,ecfp4,0,0,scale0.5_ecfp4
acid,153,18,True,0.3406857903841372,0.3474292672312727,-0.0197938306717517,1.077817941892227,test_e1a,primary,p0f0,0.2708333333333333,0.0141327638340106,positive/all/chemistry/yield/ecfp4/k5/p0f0/scale0.5_ecfp4,positive,all,yield,ecfp4,0,0,scale0.5_ecfp4
acid,156,7,True,0.5708943500686566,0.4470989461363889,0.2168446822382809,1.4127911315783244,test_e1a,primary,p0f0,0.3157894736842105,0.016800079743113,positive/all/chemistry/yield/ecfp4/k5/p0f0/scale0.5_ecfp4,positive,all,yield,ecfp4,0,0,scale0.5_ecfp4
acid,159,20,True,1.235539254486776,1.0287857686463338,0.1673386621182865,1.4279502224532217,test_e1a,primary,p0f0,0.3584905660377358,0.0684304357700763,positive/all/chemistry/yield/ecfp4/k5/p0f0/scale0.5_ecfp4,positive,all,yield,ecfp4,0,0,scale0.5_ecfp4
acid,166,16,True,1.0404507679276178,1.170708150743058,-0.1251932208910646,1.433030507486782,test_e1a,primary,p0f0,0.6896551724137931,0.0505456197578912,positive/all/chemistry/yield/ecfp4/k5/p0f0/scale0.5_ecfp4,positive,all,yield,ecfp4,0,0,scale0.5_ecfp4
acid,170,22,True,1.1286749483222993,1.9192698379787727,-0.7004628665069961,1.2961519839992286,test_e1a,primary,p0f0,0.8490566037735849,0.0145703267137984,positive/all/chemistry/yield/ecfp4/k5/p0f0/scale0.5_ecfp4,positive,all,yield,ecfp4,0,0,scale0.5_ecfp4
acid,171,2,False,0.3634210090654233,0.2715513145123596,0.2527913694073895,0.9187428012848776,test_e1a,primary,p0f0,0.6530612244897959,-0.2274883025628842,positive/all/chemistry/yield/ecfp4/k5/p0f0/scale0.5_ecfp4,positive,all,yield,ecfp4,0,0,scale0.5_ecfp4
acid,176,10,True,0.5695695423862691,0.3795798698686241,0.3335671210958086,2.003590228688026,test_e1a,primary,p0f0,0.6428571428571429,-0.0459888098495928,positive/all/chemistry/yield/ecfp4/k5/p0f0/scale0.5_ecfp4,positive,all,yield,ecfp4,0,0,scale0.5_ecfp4
acid,196,2,False,1.5401821126995243,1.0887425506148376,0.2931079113063032,0.056123012389792,test_e1a,primary,p0f0,0.6666666666666666,0.1157378744542898,positive/all/chemistry/yield/ecfp4/k5/p0f0/scale0.5_ecfp4,positive,all,yield,ecfp4,0,0,scale0.5_ecfp4
acid,200,16,True,1.0104701330148091,0.8632130949264757,0.1457312129048106,1.4805917527586951,test_e1a,primary,p0f0,0.6896551724137931,0.0508952035470325,positive/all/chemistry/yield/ecfp4/k5/p0f0/scale0.5_ecfp4,positive,all,yield,ecfp4,0,0,scale0.5_ecfp4
acid,202,10,True,3.811514814446337,3.67817763517104,0.034982726229982,1.4248720850008805,test_e1a,primary,p0f0,0.5769230769230769,0.0207718502340923,positive/all/chemistry/yield/ecfp4/k5/p0f0/scale0.5_ecfp4,positive,all,yield,ecfp4,0,0,scale0.5_ecfp4
acid,204,14,True,2.4202382416981907,2.2828130964430113,0.0567816601223329,1.2107783214525936,test_e1a,primary,p0f0,0.6,0.0176813254054454,positive/all/chemistry/yield/ecfp4/k5/p0f0/scale0.5_ecfp4,positive,all,yield,ecfp4,0,0,scale0.5_ecfp4
acid,216,19,True,0.9500198329180944,1.0892974250982392,-0.1466049311332142,1.3290180550765265,test_e1a,primary,p0f0,0.4827586206896552,0.0032354058874758,positive/all/chemistry/yield/ecfp4/k5/p0f0/scale0.5_ecfp4,positive,all,yield,ecfp4,0,0,scale0.5_ecfp4
acid,218,8,True,1.456417746599712,1.478513278188605,-0.015171149651588,2.3206477641457135,test_e1a,primary,p0f0,0.5294117647058824,0.0290823532680358,positive/all/chemistry/yield/ecfp4/k5/p0f0/scale0.5_ecfp4,positive,all,yield,ecfp4,0,0,scale0.5_ecfp4
acid,226,7,True,2.885789521210717,3.608473548594753,-0.2504285298952911,1.8306568804576449,test_e1a,primary,p0f0,0.5,0.0537059802467126,positive/all/chemistry/yield/ecfp4/k5/p0f0/scale0.5_ecfp4,positive,all,yield,ecfp4,0,0,scale0.5_ecfp4
acid,227,8,True,2.138711187976762,1.9288843898310857,0.0981089916793179,1.7509527221158587,test_e1a,primary,p0f0,0.3023255813953488,0.0089820273020849,positive/all/chemistry/yield/ecfp4/k5/p0f0/scale0.5_ecfp4,positive,all,yield,ecfp4,0,0,scale0.5_ecfp4
acid,230,79,True,1.3148548954685697,1.2753263285562657,0.0300630640297514,1.5697883159874162,test_e1a,primary,p0f0,0.6285714285714286,-0.0370778825734887,positive/all/chemistry/yield/ecfp4/k5/p0f0/scale0.5_ecfp4,positive,all,yield,ecfp4,0,0,scale0.5_ecfp4
acid,236,50,True,2.0689600167206423,2.13765913856348,-0.0332046638347935,1.654671351735131,test_e1a,primary,p0f0,0.3469387755102041,-0.0510913866236193,positive/all/chemistry/yield/ecfp4/k5/p0f0/scale0.5_ecfp4,positive,all,yield,ecfp4,0,0,scale0.5_ecfp4
acid,263,113,True,1.704368182351078,1.7526303739347158,-0.0283167639970036,1.5576815908585675,test_e1a,primary,p0f0,0.275,-0.0683405513985218,positive/all/chemistry/yield/ecfp4/k5/p0f0/scale0.5_ecfp4,positive,all,yield,ecfp4,0,0,scale0.5_ecfp4
amine,1,8,True,0.9120085149428137,0.8005526763816642,0.1222092082858876,1.2495743023105006,test_e1n,primary,p0f0,0.225,-0.0022433289702616,positive/all/chemistry/yield/ecfp4/k5/p0f0/scale0.5_ecfp4,positive,all,yield,ecfp4,0,0,scale0.5_ecfp4
amine,6,27,True,1.2623104162026109,1.0816375015477635,0.1431287521165855,1.127933790947136,test_e1n,primary,p0f0,0.1860465116279069,0.0394986347949438,positive/all/chemistry/yield/ecfp4/k5/p0f0/scale0.5_ecfp4,positive,all,yield,ecfp4,0,0,scale0.5_ecfp4
amine,7,66,True,2.381441501336236,2.4941202698981733,-0.0473153627744846,1.7641375777298345,test_e1n,primary,p0f0,0.1860465116279069,0.0060117368673792,positive/all/chemistry/yield/ecfp4/k5/p0f0/scale0.5_ecfp4,positive,all,yield,ecfp4,0,0,scale0.5_ecfp4
amine,8,8,True,1.1430937221767925,1.331893069861573,-0.1651652388793194,1.102893641837805,test_e1n,primary,p0f0,0.1621621621621621,0.0073942415212517,positive/all/chemistry/yield/ecfp4/k5/p0f0/scale0.5_ecfp4,positive,all,yield,ecfp4,0,0,scale0.5_ecfp4
amine,9,143,True,1.526663994899935,1.287632855761602,0.1565708891654317,1.655351912911666,test_e1n,primary,p0f0,0.18,0.0132701273753604,positive/all/chemistry/yield/ecfp4/k5/p0f0/scale0.5_ecfp4,positive,all,yield,ecfp4,0,0,scale0.5_ecfp4
amine,10,26,True,2.5564668602242313,2.1273123979047885,0.1678701449240773,1.6678835787834063,test_e1n,primary,p0f0,0.2903225806451613,-0.006216711438455,positive/all/chemistry/yield/ecfp4/k5/p0f0/scale0.5_ecfp4,positive,all,yield,ecfp4,0,0,scale0.5_ecfp4
amine,13,25,True,4.0838403369597795,4.085075175749396,-0.00030237195574,1.165558151200904,test_e1n,primary,p0f0,0.28,-0.0370637148602237,positive/all/chemistry/yield/ecfp4/k5/p0f0/scale0.5_ecfp4,positive,all,yield,ecfp4,0,0,scale0.5_ecfp4
amine,19,8,True,4.2975162141811865,3.629831705908774,0.1553652098086679,1.39016179487241,test_e1n,primary,p0f0,0.2131147540983606,0.0034569307008253,positive/all/chemistry/yield/ecfp4/k5/p0f0/scale0.5_ecfp4,positive,all,yield,ecfp4,0,0,scale0.5_ecfp4
amine,21,48,True,2.13096871032641,1.9985696300112716,0.0621309358854256,1.694136958006027,test_e1n,primary,p0f0,0.2553191489361702,-0.035865236643416,positive/all/chemistry/yield/ecfp4/k5/p0f0/scale0.5_ecfp4,positive,all,yield,ecfp4,0,0,scale0.5_ecfp4
amine,26,29,True,2.3778798781371004,2.627806805002835,-0.1051049420803942,1.495649664132081,test_e1n,primary,p0f0,0.425,-0.0826252677406975,positive/all/chemistry/yield/ecfp4/k5/p0f0/scale0.5_ecfp4,positive,all,yield,ecfp4,0,0,scale0.5_ecfp4
amine,33,82,True,3.223758357168444,3.0762158619538016,0.0457672315564726,1.7649722353585944,test_e1n,primary,p0f0,0.2777777777777778,-0.0441197947927873,positive/all/chemistry/yield/ecfp4/k5/p0f0/scale0.5_ecfp4,positive,all,yield,ecfp4,0,0,scale0.5_ecfp4
amine,36,8,True,1.3168029186620291,1.3890809932860757,-0.0548890601620828,1.071164468494137,test_e1n,primary,p0f0,0.1791044776119403,0.0112185832651188,positive/all/chemistry/yield/ecfp4/k5/p0f0/scale0.5_ecfp4,positive,all,yield,ecfp4,0,0,scale0.5_ecfp4
amine,46,26,True,1.923222055201734,1.8622669896392192,0.0316942421690983,1.7290567545510476,test_e1n,primary,p0f0,0.7368421052631579,0.0506277019665668,positive/all/chemistry/yield/ecfp4/k5/p0f0/scale0.5_ecfp4,positive,all,yield,ecfp4,0,0,scale0.5_ecfp4
amine,54,6,True,0.3922744938354426,0.3497102617747912,0.1085062442997043,0.8339320904394733,test_e1n,primary,p0f0,0.1956521739130435,-0.0535236861227141,positive/all/chemistry/yield/ecfp4/k5/p0f0/scale0.5_ecfp4,positive,all,yield,ecfp4,0,0,scale0.5_ecfp4
amine,61,48,True,1.0520986660079394,1.0007577497776392,0.0487985755415003,1.3719964822864237,test_e1n,primary,p0f0,0.8333333333333334,-0.0637032142304256,positive/all/chemistry/yield/ecfp4/k5/p0f0/scale0.5_ecfp4,positive,all,yield,ecfp4,0,0,scale0.5_ecfp4
amine,63,8,True,1.6860012615226991,1.7087605143659648,-0.0134989536263518,1.433373099983872,test_e1n,primary,p0f0,0.1891891891891892,-0.0373418167333827,positive/all/chemistry/yield/ecfp4/k5/p0f0/scale0.5_ecfp4,positive,all,yield,ecfp4,0,0,scale0.5_ecfp4
amine,67,39,True,1.1717136783072104,1.0552414743497696,0.09940329801877,1.616174830001488,test_e1n,primary,p0f0,0.3658536585365853,-0.016226896055957,positive/all/chemistry/yield/ecfp4/k5/p0f0/scale0.5_ecfp4,positive,all,yield,ecfp4,0,0,scale0.5_ecfp4
amine,78,8,True,3.316906848702814,3.0809185699564505,0.0711470926108928,1.4103367029105147,test_e1n,primary,p0f0,0.1444444444444444,-0.0026348923544259,positive/all/chemistry/yield/ecfp4/k5/p0f0/scale0.5_ecfp4,positive,all,yield,ecfp4,0,0,scale0.5_ecfp4
amine,80,6,True,1.5067092380949834,1.6444921243863335,-0.0914462344875226,1.7179297952625847,test_e1n,primary,p0f0,0.3,0.0138840946309034,positive/all/chemistry/yield/ecfp4/k5/p0f0/scale0.5_ecfp4,positive,all,yield,ecfp4,0,0,scale0.5_ecfp4
amine,84,4,True,0.9639788366693136,0.8044832209130585,0.1654555159191415,1.0165168710523242,test_e1n,primary,p0f0,0.4054054054054054,0.0668792931736301,positive/all/chemistry/yield/ecfp4/k5/p0f0/scale0.5_ecfp4,positive,all,yield,ecfp4,0,0,scale0.5_ecfp4
amine,89,17,True,1.9014862194293431,1.8845311529396933,0.0089167443426113,1.9308357752287937,test_e1n,primary,p0f0,0.2857142857142857,0.0262509169309309,positive/all/chemistry/yield/ecfp4/k5/p0f0/scale0.5_ecfp4,positive,all,yield,ecfp4,0,0,scale0.5_ecfp4
amine,95,38,True,3.5182751108993484,3.034812717614654,0.1374146074555013,1.3496131630755943,test_e1n,primary,p0f0,0.1935483870967742,0.0420257050450942,positive/all/chemistry/yield/ecfp4/k5/p0f0/scale0.5_ecfp4,positive,all,yield,ecfp4,0,0,scale0.5_ecfp4
amine,100,7,True,0.6933823085492206,0.5809350104480929,0.1621721476228657,1.3239378274868712,test_e1n,primary,p0f0,0.2352941176470588,-0.0085389083875455,positive/all/chemistry/yield/ecfp4/k5/p0f0/scale0.5_ecfp4,positive,all,yield,ecfp4,0,0,scale0.5_ecfp4
amine,101,36,True,0.9184476022493422,1.0196901095426452,-0.1102322081797078,1.3710104308158713,test_e1n,primary,p0f0,0.2222222222222222,-0.083650128629831,positive/all/chemistry/yield/ecfp4/k5/p0f0/scale0.5_ecfp4,positive,all,yield,ecfp4,0,0,scale0.5_ecfp4
amine,115,14,True,2.410741275028125,2.3106971030113104,0.0414993400798049,1.4236347248729504,test_e1n,primary,p0f0,0.1860465116279069,-0.0521110861307152,positive/all/chemistry/yield/ecfp4/k5/p0f0/scale0.5_ecfp4,positive,all,yield,ecfp4,0,0,scale0.5_ecfp4
amine,144,21,True,1.1869490632543669,1.113414105626934,0.0619529176979297,1.1478796369641509,test_e1n,primary,p0f0,0.2222222222222222,0.0458715032249986,positive/all/chemistry/yield/ecfp4/k5/p0f0/scale0.5_ecfp4,positive,all,yield,ecfp4,0,0,scale0.5_ecfp4
amine,146,3,True,2.1192250000946222,2.563892614760787,-0.2098255799390391,1.5290954131538566,test_e1n,primary,p0f0,0.1923076923076923,0.0371745876781712,positive/all/chemistry/yield/ecfp4/k5/p0f0/scale0.5_ecfp4,positive,all,yield,ecfp4,0,0,scale0.5_ecfp4
amine,147,8,True,9.689665649380048,9.026269137390202,0.068464334683446,0.5367477671197903,test_e1n,primary,p0f0,0.1684210526315789,0.0057702598542714,positive/all/chemistry/yield/ecfp4/k5/p0f0/scale0.5_ecfp4,positive,all,yield,ecfp4,0,0,scale0.5_ecfp4
amine,150,33,True,0.8635992505730888,0.8244650717056808,0.0453152070725377,1.6705417601008818,test_e1n,primary,p0f0,0.3018867924528302,0.0735518931006906,positive/all/chemistry/yield/ecfp4/k5/p0f0/scale0.5_ecfp4,positive,all,yield,ecfp4,0,0,scale0.5_ecfp4
amine,155,8,True,4.061137885618795,3.7657858908505615,0.072726413898461,1.3242556682155875,test_e1n,primary,p0f0,0.1836734693877551,0.0220545492182161,positive/all/chemistry/yield/ecfp4/k5/p0f0/scale0.5_ecfp4,positive,all,yield,ecfp4,0,0,scale0.5_ecfp4
amine,159,33,True,2.5193382076782345,2.7748723885161604,-0.101429089615332,1.4797020335766242,test_e1n,primary,p0f0,0.1842105263157894,-0.0335234322142934,positive/all/chemistry/yield/ecfp4/k5/p0f0/scale0.5_ecfp4,positive,all,yield,ecfp4,0,0,scale0.5_ecfp4
amine,160,7,True,11.892158889930412,10.740849557995668,0.0968124747231224,1.6472536042058965,test_e1n,primary,p0f0,0.1566265060240964,-0.0066199193976228,positive/all/chemistry/yield/ecfp4/k5/p0f0/scale0.5_ecfp4,positive,all,yield,ecfp4,0,0,scale0.5_ecfp4
amine,161,53,True,1.870459820267912,1.7121833151382206,0.0846190350707565,1.681292582880855,test_e1n,primary,p0f0,0.4444444444444444,0.0097582517435248,positive/all/chemistry/yield/ecfp4/k5/p0f0/scale0.5_ecfp4,positive,all,yield,ecfp4,0,0,scale0.5_ecfp4
amine,167,46,True,1.4804012271405482,1.4150058584176015,0.0441740843793141,1.6254759358724165,test_e1n,primary,p0f0,0.3076923076923077,-0.0163206934172768,positive/all/chemistry/yield/ecfp4/k5/p0f0/scale0.5_ecfp4,positive,all,yield,ecfp4,0,0,scale0.5_ecfp4
amine,168,6,True,1.3094913161440815,1.4397130619145528,-0.099444527936177,1.101054931848623,test_e1n,primary,p0f0,0.1875,-0.0226199458411098,positive/all/chemistry/yield/ecfp4/k5/p0f0/scale0.5_ecfp4,positive,all,yield,ecfp4,0,0,scale0.5_ecfp4
amine,173,65,True,1.1404760916722665,1.1517526335433108,-0.0098875741046968,1.445776862663517,test_e1n,primary,p0f0,0.1935483870967742,-0.0077077178696101,positive/all/chemistry/yield/ecfp4/k5/p0f0/scale0.5_ecfp4,positive,all,yield,ecfp4,0,0,scale0.5_ecfp4
amine,182,97,True,3.162511813962762,3.3322519507993142,-0.0536725700397813,1.3704120754234,test_e1n,primary,p0f0,0.1428571428571428,-0.0091647823047524,positive/all/chemistry/yield/ecfp4/k5/p0f0/scale0.5_ecfp4,positive,all,yield,ecfp4,0,0,scale0.5_ecfp4
amine,183,56,True,0.96877239788889,0.9649172481185097,0.003979417434664,1.3251668714436775,test_e1n,primary,p0f0,0.2631578947368421,0.0011881409547372,positive/all/chemistry/yield/ecfp4/k5/p0f0/scale0.5_ecfp4,positive,all,yield,ecfp4,0,0,scale0.5_ecfp4
amine,186,13,True,2.5472581960870597,2.08894511900655,0.179924075927812,1.5400674714008773,test_e1n,primary,p0f0,0.3333333333333333,0.0057071141556238,positive/all/chemistry/yield/ecfp4/k5/p0f0/scale0.5_ecfp4,positive,all,yield,ecfp4,0,0,scale0.5_ecfp4
amine,197,8,True,0.76449197704343,0.79779935005025,-0.0435679824079147,0.9855055206892044,test_e1n,primary,p0f0,0.1830985915492957,0.001743881679509,positive/all/chemistry/yield/ecfp4/k5/p0f0/scale0.5_ecfp4,positive,all,yield,ecfp4,0,0,scale0.5_ecfp4
amine,204,36,True,2.272819694908141,2.223822253400344,0.0215579975910835,1.4407146788603822,test_e1n,primary,p0f0,0.2758620689655172,0.0406288093599744,positive/all/chemistry/yield/ecfp4/k5/p0f0/scale0.5_ecfp4,positive,all,yield,ecfp4,0,0,scale0.5_ecfp4
amine,216,8,True,2.0701298708998155,2.0476089779043356,0.0108789759097049,1.3222310271572273,test_e1n,primary,p0f0,0.2542372881355932,0.0005738610361479,positive/all/chemistry/yield/ecfp4/k5/p0f0/scale0.5_ecfp4,positive,all,yield,ecfp4,0,0,scale0.5_ecfp4
amine,220,57,True,1.5508800500783235,1.5623388353746144,-0.0073885696677264,1.9489680103578653,test_e1n,primary,p0f0,0.1212121212121212,-0.0007475091772886,positive/all/chemistry/yield/ecfp4/k5/p0f0/scale0.5_ecfp4,positive,all,yield,ecfp4,0,0,scale0.5_ecfp4
amine,223,43,True,1.094222814780486,1.2817323365986468,-0.1713631988707689,1.2822709225117963,test_e1n,primary,p0f0,0.2926829268292683,-0.0679961641304458,positive/all/chemistry/yield/ecfp4/k5/p0f0/scale0.5_ecfp4,positive,all,yield,ecfp4,0,0,scale0.5_ecfp4
amine,226,25,True,1.067312724355937,1.0934892281473676,-0.0245256176508403,1.7178450604526825,test_e1n,primary,p0f0,0.225,-0.05123999626917,positive/all/chemistry/yield/ecfp4/k5/p0f0/scale0.5_ecfp4,positive,all,yield,ecfp4,0,0,scale0.5_ecfp4
amine,227,59,True,1.9789210885872832,1.552027777887338,0.2157202291500652,1.4711608633901068,test_e1n,primary,p0f0,0.3023255813953488,0.002408278640304,positive/all/chemistry/yield/ecfp4/k5/p0f0/scale0.5_ecfp4,positive,all,yield,ecfp4,0,0,scale0.5_ecfp4
acid,6,43,True,1.750389966501766,1.9058086154309248,-0.0887908705508464,1.7098205750011095,test_e1a,primary,p0f3,0.4318181818181818,-0.0261170002321522,positive/all/chemistry/yield/ecfp4/k5/p0f3/scale0.5_ecfp4,positive,all,yield,ecfp4,0,3,scale0.5_ecfp4
acid,9,35,True,0.6513071015859362,0.6810038388992348,-0.0455955988211811,1.1463052344759428,test_e1a,primary,p0f3,0.475,0.023570617406481,positive/all/chemistry/yield/ecfp4/k5/p0f3/scale0.5_ecfp4,positive,all,yield,ecfp4,0,3,scale0.5_ecfp4
acid,15,30,True,0.8750451968854389,0.7547327480117356,0.1374928395720965,1.2055404525547215,test_e1a,primary,p0f3,0.6666666666666666,0.0056104641090011,positive/all/chemistry/yield/ecfp4/k5/p0f3/scale0.5_ecfp4,positive,all,yield,ecfp4,0,3,scale0.5_ecfp4
acid,16,49,True,1.5103309944034764,1.5884886645781149,-0.0517487030751877,1.5838271364010994,test_e1a,primary,p0f3,0.2790697674418604,0.0795329712624233,positive/all/chemistry/yield/ecfp4/k5/p0f3/scale0.5_ecfp4,positive,all,yield,ecfp4,0,3,scale0.5_ecfp4
acid,19,15,True,2.0447508107107883,2.0594230969598697,-0.007175586468642,1.5247228308363006,test_e1a,primary,p0f3,0.4318181818181818,0.0550133275587951,positive/all/chemistry/yield/ecfp4/k5/p0f3/scale0.5_ecfp4,positive,all,yield,ecfp4,0,3,scale0.5_ecfp4
acid,25,43,True,1.385182049914525,1.5101009517706048,-0.0901822990442215,1.598423998703984,test_e1a,primary,p0f3,0.4794520547945205,0.0003072879136004,positive/all/chemistry/yield/ecfp4/k5/p0f3/scale0.5_ecfp4,positive,all,yield,ecfp4,0,3,scale0.5_ecfp4
acid,29,36,True,5.2340253056782355,4.697785340790105,0.1024526886231099,1.4718103543102354,test_e1a,primary,p0f3,0.3958333333333333,-0.0204424772411975,positive/all/chemistry/yield/ecfp4/k5/p0f3/scale0.5_ecfp4,positive,all,yield,ecfp4,0,3,scale0.5_ecfp4
acid,30,86,True,3.012972739500532,3.234337315483404,-0.0734704874958702,1.4508393925366367,test_e1a,primary,p0f3,0.3461538461538461,-0.0072694498884764,positive/all/chemistry/yield/ecfp4/k5/p0f3/scale0.5_ecfp4,positive,all,yield,ecfp4,0,3,scale0.5_ecfp4
acid,32,26,True,2.0032080800100553,1.8513031943226776,0.075830807195334,1.0502468396762623,test_e1a,primary,p0f3,0.4318181818181818,-0.0250705541064162,positive/all/chemistry/yield/ecfp4/k5/p0f3/scale0.5_ecfp4,positive,all,yield,ecfp4,0,3,scale0.5_ecfp4
acid,34,12,True,0.9160539862783182,1.0683573203314742,-0.1662602164659787,1.9094455648647055,test_e1a,primary,p0f3,0.6153846153846154,-0.0248935262033493,positive/all/chemistry/yield/ecfp4/k5/p0f3/scale0.5_ecfp4,positive,all,yield,ecfp4,0,3,scale0.5_ecfp4
acid,37,25,True,1.468750405089953,1.3933055587168264,0.0513666897463807,1.2520734567307572,test_e1a,primary,p0f3,0.6521739130434783,0.0329913948562348,positive/all/chemistry/yield/ecfp4/k5/p0f3/scale0.5_ecfp4,positive,all,yield,ecfp4,0,3,scale0.5_ecfp4
acid,40,31,True,0.97866080868156,1.0336053447715547,-0.0561425732006324,1.3154455992846246,test_e1a,primary,p0f3,0.6521739130434783,0.0651618921652573,positive/all/chemistry/yield/ecfp4/k5/p0f3/scale0.5_ecfp4,positive,all,yield,ecfp4,0,3,scale0.5_ecfp4
acid,50,8,True,0.9325845546855454,1.262364646518519,-0.3536195084682385,1.9180488790884656,test_e1a,primary,p0f3,0.5555555555555556,-0.0809883664267765,positive/all/chemistry/yield/ecfp4/k5/p0f3/scale0.5_ecfp4,positive,all,yield,ecfp4,0,3,scale0.5_ecfp4
acid,57,7,True,2.6840170415707827,1.9242501277555613,0.2830708233396978,2.213010623970974,test_e1a,primary,p0f3,0.5576923076923077,0.1031785277951552,positive/all/chemistry/yield/ecfp4/k5/p0f3/scale0.5_ecfp4,positive,all,yield,ecfp4,0,3,scale0.5_ecfp4
acid,63,16,True,1.2119840212357031,1.0072287159252085,0.1689422481838763,1.800571331165147,test_e1a,primary,p0f3,0.6,-0.0236125643308295,positive/all/chemistry/yield/ecfp4/k5/p0f3/scale0.5_ecfp4,positive,all,yield,ecfp4,0,3,scale0.5_ecfp4
acid,67,79,True,4.189752463151294,4.35485111047269,-0.0394053464431209,1.4063077709756873,test_e1a,primary,p0f3,0.352112676056338,0.0343277857711028,positive/all/chemistry/yield/ecfp4/k5/p0f3/scale0.5_ecfp4,positive,all,yield,ecfp4,0,3,scale0.5_ecfp4
acid,70,2,False,3.4227901492309596,3.186719521262856,0.0689702312077602,0.8558919847546075,test_e1a,primary,p0f3,0.25,-0.0330648784961007,positive/all/chemistry/yield/ecfp4/k5/p0f3/scale0.5_ecfp4,positive,all,yield,ecfp4,0,3,scale0.5_ecfp4
acid,78,2,False,2.0850646318842725,2.358993283853481,-0.1313765759489475,0.8727697705001676,test_e1a,primary,p0f3,0.34,-0.0277438245043712,positive/all/chemistry/yield/ecfp4/k5/p0f3/scale0.5_ecfp4,positive,all,yield,ecfp4,0,3,scale0.5_ecfp4
acid,80,24,True,2.2580200487330817,2.061714759062838,0.0869369117339704,1.5755726597168318,test_e1a,primary,p0f3,0.5882352941176471,0.0588249201508523,positive/all/chemistry/yield/ecfp4/k5/p0f3/scale0.5_ecfp4,positive,all,yield,ecfp4,0,3,scale0.5_ecfp4
acid,82,48,True,1.6528134443550415,1.4417654990914732,0.1276901189207855,1.6020753911973395,test_e1a,primary,p0f3,0.3555555555555555,0.0978674873983388,positive/all/chemistry/yield/ecfp4/k5/p0f3/scale0.5_ecfp4,positive,all,yield,ecfp4,0,3,scale0.5_ecfp4
acid,85,15,True,0.993356395291324,1.2165657200547308,-0.2247021570721812,0.8321964419333431,test_e1a,primary,p0f3,0.4090909090909091,-0.0638528632617678,positive/all/chemistry/yield/ecfp4/k5/p0f3/scale0.5_ecfp4,positive,all,yield,ecfp4,0,3,scale0.5_ecfp4
acid,93,62,True,1.2533726980311095,1.1546146185455224,0.0787938652570969,1.2948647047661737,test_e1a,primary,p0f3,0.40625,0.1352398760762476,positive/all/chemistry/yield/ecfp4/k5/p0f3/scale0.5_ecfp4,positive,all,yield,ecfp4,0,3,scale0.5_ecfp4
acid,96,56,True,1.8922993221174431,2.627504401225192,-0.3885247278348489,1.4017932665637622,test_e1a,primary,p0f3,0.3968253968253968,-0.119486231731152,positive/all/chemistry/yield/ecfp4/k5/p0f3/scale0.5_ecfp4,positive,all,yield,ecfp4,0,3,scale0.5_ecfp4
acid,101,6,True,2.4063378556129726,2.4414087791183543,-0.0145743971170033,1.715921688307778,test_e1a,primary,p0f3,0.2586206896551724,-0.002346685636176,positive/all/chemistry/yield/ecfp4/k5/p0f3/scale0.5_ecfp4,positive,all,yield,ecfp4,0,3,scale0.5_ecfp4
acid,105,36,True,0.7752164348496944,0.7306143376323815,0.0575350253325843,1.1027247800534716,test_e1a,primary,p0f3,0.3636363636363636,-0.0430450215170339,positive/all/chemistry/yield/ecfp4/k5/p0f3/scale0.5_ecfp4,positive,all,yield,ecfp4,0,3,scale0.5_ecfp4
acid,112,34,True,0.9809546777205048,1.159931761535388,-0.182451939809066,1.1389845494541262,test_e1a,primary,p0f3,0.6382978723404256,0.02241623415794,positive/all/chemistry/yield/ecfp4/k5/p0f3/scale0.5_ecfp4,positive,all,yield,ecfp4,0,3,scale0.5_ecfp4
acid,118,10,True,1.1597582884314792,1.0545425998613274,0.0907220837476844,1.2157935646266138,test_e1a,primary,p0f3,0.5454545454545454,-0.0345272435228387,positive/all/chemistry/yield/ecfp4/k5/p0f3/scale0.5_ecfp4,positive,all,yield,ecfp4,0,3,scale0.5_ecfp4
acid,121,2,False,0.1176968977547839,0.1529721737614442,-0.2997128784154934,0.0886207586067038,test_e1a,primary,p0f3,0.8490566037735849,0.4339670875126817,positive/all/chemistry/yield/ecfp4/k5/p0f3/scale0.5_ecfp4,positive,all,yield,ecfp4,0,3,scale0.5_ecfp4
acid,122,12,True,0.9948435381370044,1.0542324110422834,-0.059696696644875,1.681285597223096,test_e1a,primary,p0f3,0.7058823529411765,-0.0279835670572041,positive/all/chemistry/yield/ecfp4/k5/p0f3/scale0.5_ecfp4,positive,all,yield,ecfp4,0,3,scale0.5_ecfp4
acid,135,2,False,0.7048647733391644,0.8168970034754253,-0.1589414514297957,0.6317689301232031,test_e1a,primary,p0f3,0.4705882352941176,-0.1356203332726506,positive/all/chemistry/yield/ecfp4/k5/p0f3/scale0.5_ecfp4,positive,all,yield,ecfp4,0,3,scale0.5_ecfp4
acid,162,33,True,2.0204983966660492,1.9129776786475752,0.0532149484483086,1.7645106529420345,test_e1a,primary,p0f3,0.6415094339622641,0.0175155333117766,positive/all/chemistry/yield/ecfp4/k5/p0f3/scale0.5_ecfp4,positive,all,yield,ecfp4,0,3,scale0.5_ecfp4
acid,163,4,True,0.6988925004854951,0.7345392890813592,-0.0510046803637205,0.8383428026628335,test_e1a,primary,p0f3,0.3725490196078431,0.0229789568327903,positive/all/chemistry/yield/ecfp4/k5/p0f3/scale0.5_ecfp4,positive,all,yield,ecfp4,0,3,scale0.5_ecfp4
acid,164,24,True,1.4834106835854914,1.816965972478498,-0.2248570086382173,1.671501619974572,test_e1a,primary,p0f3,0.3898305084745763,0.1016870560481199,positive/all/chemistry/yield/ecfp4/k5/p0f3/scale0.5_ecfp4,positive,all,yield,ecfp4,0,3,scale0.5_ecfp4
acid,172,8,True,2.2846243717712564,2.3411381054476017,-0.0247365537961632,1.435825374915892,test_e1a,primary,p0f3,0.6,-0.0180852876300543,positive/all/chemistry/yield/ecfp4/k5/p0f3/scale0.5_ecfp4,positive,all,yield,ecfp4,0,3,scale0.5_ecfp4
acid,178,10,True,1.1577543851320364,0.7351994834661955,0.364978018733784,1.9007580716961685,test_e1a,primary,p0f3,0.7254901960784313,0.0027833785329157,positive/all/chemistry/yield/ecfp4/k5/p0f3/scale0.5_ecfp4,positive,all,yield,ecfp4,0,3,scale0.5_ecfp4
acid,186,8,True,1.7354831461553537,1.5999781928218657,0.0780790949388788,2.5367441912673834,test_e1a,primary,p0f3,0.6111111111111112,0.0050505649956885,positive/all/chemistry/yield/ecfp4/k5/p0f3/scale0.5_ecfp4,positive,all,yield,ecfp4,0,3,scale0.5_ecfp4
acid,188,97,True,1.0864842628366207,1.0931072793083978,-0.0060958236564656,1.400761740634112,test_e1a,primary,p0f3,0.34375,0.0278962439096762,positive/all/chemistry/yield/ecfp4/k5/p0f3/scale0.5_ecfp4,positive,all,yield,ecfp4,0,3,scale0.5_ecfp4
acid,189,26,True,1.4548873179887831,1.4010593000745264,0.0369980666191166,1.0720379115272232,test_e1a,primary,p0f3,0.2222222222222222,0.0102833417798434,positive/all/chemistry/yield/ecfp4/k5/p0f3/scale0.5_ecfp4,positive,all,yield,ecfp4,0,3,scale0.5_ecfp4
acid,190,1,False,1.3362775194426508,1.8889276776045787,-0.413574388643785,,test_e1a,primary,p0f3,0.2222222222222222,-0.5205777352030161,positive/all/chemistry/yield/ecfp4/k5/p0f3/scale0.5_ecfp4,positive,all,yield,ecfp4,0,3,scale0.5_ecfp4
acid,191,8,True,0.4755484846607245,0.4346389734460142,0.0860259522094719,1.0395716612695178,test_e1a,primary,p0f3,0.2222222222222222,0.0486142677219014,positive/all/chemistry/yield/ecfp4/k5/p0f3/scale0.5_ecfp4,positive,all,yield,ecfp4,0,3,scale0.5_ecfp4
acid,198,10,True,2.0659862372931608,1.7686418816280436,0.143923686565645,2.623836208591293,test_e1a,primary,p0f3,0.6451612903225806,-0.0678840308922301,positive/all/chemistry/yield/ecfp4/k5/p0f3/scale0.5_ecfp4,positive,all,yield,ecfp4,0,3,scale0.5_ecfp4
acid,201,2,False,1.874322845781699,2.1984453383846185,-0.1729277820693382,1.0476666433744803,test_e1a,primary,p0f3,0.3666666666666666,0.1628758216809916,positive/all/chemistry/yield/ecfp4/k5/p0f3/scale0.5_ecfp4,positive,all,yield,ecfp4,0,3,scale0.5_ecfp4
acid,207,110,True,1.3962614622913636,1.2731543288539686,0.0881691121341754,1.6139015389703082,test_e1a,primary,p0f3,0.3,0.0729818081326366,positive/all/chemistry/yield/ecfp4/k5/p0f3/scale0.5_ecfp4,positive,all,yield,ecfp4,0,3,scale0.5_ecfp4
acid,208,11,True,1.9026529594672472,2.1642645757392343,-0.1374983361890858,1.3983615960392957,test_e1a,primary,p0f3,0.5490196078431373,0.0465261862472858,positive/all/chemistry/yield/ecfp4/k5/p0f3/scale0.5_ecfp4,positive,all,yield,ecfp4,0,3,scale0.5_ecfp4
acid,211,15,True,0.9391540549235944,0.9693566102031436,-0.0321593194654377,1.329611841131925,test_e1a,primary,p0f3,0.36,0.0742008685850014,positive/all/chemistry/yield/ecfp4/k5/p0f3/scale0.5_ecfp4,positive,all,yield,ecfp4,0,3,scale0.5_ecfp4
acid,213,19,True,2.2084478902394613,1.8834948302253671,0.1471409225684105,1.3224960670514985,test_e1a,primary,p0f3,0.2954545454545454,0.0341630044289963,positive/all/chemistry/yield/ecfp4/k5/p0f3/scale0.5_ecfp4,positive,all,yield,ecfp4,0,3,scale0.5_ecfp4
acid,214,16,True,1.605879185807468,1.4499047012355797,0.0971271599696718,2.0455901168803496,test_e1a,primary,p0f3,0.5166666666666667,-0.0168331878695293,positive/all/chemistry/yield/ecfp4/k5/p0f3/scale0.5_ecfp4,positive,all,yield,ecfp4,0,3,scale0.5_ecfp4
acid,221,12,True,0.7331251459375641,0.8454781383468597,-0.1532521330524161,1.9233585552770116,test_e1a,primary,p0f3,0.4857142857142857,0.0052950876169126,positive/all/chemistry/yield/ecfp4/k5/p0f3/scale0.5_ecfp4,positive,all,yield,ecfp4,0,3,scale0.5_ecfp4
acid,224,14,True,2.1494215418712934,1.665357229641721,0.2252067836856908,0.9221945425836025,test_e1a,primary,p0f3,0.4827586206896552,0.0388183247835905,positive/all/chemistry/yield/ecfp4/k5/p0f3/scale0.5_ecfp4,positive,all,yield,ecfp4,0,3,scale0.5_ecfp4
acid,229,69,True,1.5170864867794356,1.6067882845748755,-0.0591276756975565,1.541890214558386,test_e1a,primary,p0f3,0.2954545454545454,-0.0644982612849998,positive/all/chemistry/yield/ecfp4/k5/p0f3/scale0.5_ecfp4,positive,all,yield,ecfp4,0,3,scale0.5_ecfp4
acid,233,2,False,0.8505119066774551,1.2345373153389243,-0.4515226719890066,1.2430013199994958,test_e1a,primary,p0f3,0.6060606060606061,-0.0831641536343621,positive/all/chemistry/yield/ecfp4/k5/p0f3/scale0.5_ecfp4,positive,all,yield,ecfp4,0,3,scale0.5_ecfp4
acid,238,15,True,3.315590693312365,3.060559050212192,0.0769189163229884,1.3019582476466274,test_e1a,primary,p0f3,0.59375,0.0840394128667414,positive/all/chemistry/yield/ecfp4/k5/p0f3/scale0.5_ecfp4,positive,all,yield,ecfp4,0,3,scale0.5_ecfp4
acid,248,15,True,0.5720242341418216,0.6214839163214665,-0.0864643125720832,0.4594757618755898,test_e1a,primary,p0f3,0.5172413793103449,-0.0830213528253724,positive/all/chemistry/yield/ecfp4/k5/p0f3/scale0.5_ecfp4,positive,all,yield,ecfp4,0,3,scale0.5_ecfp4
acid,250,6,True,1.248257483798478,1.140592254946491,0.0862524200731079,1.2457275976297697,test_e1a,primary,p0f3,0.5666666666666667,-0.1205172403298835,positive/all/chemistry/yield/ecfp4/k5/p0f3/scale0.5_ecfp4,positive,all,yield,ecfp4,0,3,scale0.5_ecfp4
amine,2,46,True,0.9837953513974754,0.974503285680068,0.0094451205773721,1.537029002339019,test_e1n,primary,p0f3,0.4074074074074074,-0.0432464653685424,positive/all/chemistry/yield/ecfp4/k5/p0f3/scale0.5_ecfp4,positive,all,yield,ecfp4,0,3,scale0.5_ecfp4
amine,5,41,True,1.2941158013648162,1.223644627352949,0.0544550757648935,1.4286550407623628,test_e1n,primary,p0f3,0.6578947368421053,0.0644191754283869,positive/all/chemistry/yield/ecfp4/k5/p0f3/scale0.5_ecfp4,positive,all,yield,ecfp4,0,3,scale0.5_ecfp4
amine,15,9,True,2.4022712261506896,1.8926361006247947,0.2121472046861733,1.5234619451715818,test_e1n,primary,p0f3,0.1578947368421052,0.0565466064715098,positive/all/chemistry/yield/ecfp4/k5/p0f3/scale0.5_ecfp4,positive,all,yield,ecfp4,0,3,scale0.5_ecfp4
amine,16,55,True,2.5962042499410747,2.454925989386058,0.0544172364551914,1.686879157716476,test_e1n,primary,p0f3,0.1477272727272727,0.0158723388602664,positive/all/chemistry/yield/ecfp4/k5/p0f3/scale0.5_ecfp4,positive,all,yield,ecfp4,0,3,scale0.5_ecfp4
amine,18,9,True,0.9505678037972696,1.1242261340542758,-0.1826890512841765,1.6152222346365233,test_e1n,primary,p0f3,0.2291666666666666,0.0017282110665475,positive/all/chemistry/yield/ecfp4/k5/p0f3/scale0.5_ecfp4,positive,all,yield,ecfp4,0,3,scale0.5_ecfp4
amine,25,49,True,3.050043708920792,2.4974652172713645,0.1811706796309972,1.4855329457424429,test_e1n,primary,p0f3,0.3928571428571428,-0.0305194496842335,positive/all/chemistry/yield/ecfp4/k5/p0f3/scale0.5_ecfp4,positive,all,yield,ecfp4,0,3,scale0.5_ecfp4
amine,28,28,True,1.400595895481716,1.4422482303444777,-0.029739009658054,1.5672439301858898,test_e1n,primary,p0f3,0.4358974358974359,0.0232860345578571,positive/all/chemistry/yield/ecfp4/k5/p0f3/scale0.5_ecfp4,positive,all,yield,ecfp4,0,3,scale0.5_ecfp4
amine,39,7,True,1.5720628363396238,1.548150051033114,0.0152110874665722,0.5949599418739417,test_e1n,primary,p0f3,0.1818181818181818,-0.0278083596068208,positive/all/chemistry/yield/ecfp4/k5/p0f3/scale0.5_ecfp4,positive,all,yield,ecfp4,0,3,scale0.5_ecfp4
amine,43,6,True,1.318519695832647,1.0782863685881283,0.182199270897361,1.871120931275145,test_e1n,primary,p0f3,0.1724137931034483,-0.0209832923050643,positive/all/chemistry/yield/ecfp4/k5/p0f3/scale0.5_ecfp4,positive,all,yield,ecfp4,0,3,scale0.5_ecfp4
amine,44,47,True,2.1241848811560327,1.8985742852065224,0.1062104329764025,1.6936179680038494,test_e1n,primary,p0f3,0.1724137931034483,0.0192087433253688,positive/all/chemistry/yield/ecfp4/k5/p0f3/scale0.5_ecfp4,positive,all,yield,ecfp4,0,3,scale0.5_ecfp4
amine,49,9,True,1.4384956360671244,1.4687988560680705,-0.0210659102754009,1.364733340504369,test_e1n,primary,p0f3,0.217391304347826,-0.0988421137940172,positive/all/chemistry/yield/ecfp4/k5/p0f3/scale0.5_ecfp4,positive,all,yield,ecfp4,0,3,scale0.5_ecfp4
amine,55,12,True,1.147358769927456,1.4600264286780051,-0.2725108021532954,1.5252298381189775,test_e1n,primary,p0f3,0.3571428571428571,0.0562113949685133,positive/all/chemistry/yield/ecfp4/k5/p0f3/scale0.5_ecfp4,positive,all,yield,ecfp4,0,3,scale0.5_ecfp4
amine,58,33,True,1.7851348166015175,2.094790340524815,-0.1734633827336413,1.5283273910640431,test_e1n,primary,p0f3,0.71875,0.0127928672546423,positive/all/chemistry/yield/ecfp4/k5/p0f3/scale0.5_ecfp4,positive,all,yield,ecfp4,0,3,scale0.5_ecfp4
amine,62,9,True,1.2869202662759494,1.7303268607629132,-0.344548614320979,1.1732674836939982,test_e1n,primary,p0f3,0.1888888888888888,-0.1770629021475884,positive/all/chemistry/yield/ecfp4/k5/p0f3/scale0.5_ecfp4,positive,all,yield,ecfp4,0,3,scale0.5_ecfp4
amine,65,35,True,1.9170361580067172,2.4421771589239847,-0.2739338007392071,1.3667829218761425,test_e1n,primary,p0f3,0.3018867924528302,-0.0589543185254268,positive/all/chemistry/yield/ecfp4/k5/p0f3/scale0.5_ecfp4,positive,all,yield,ecfp4,0,3,scale0.5_ecfp4
amine,66,96,True,1.210584713965903,1.2826312303083467,-0.059513816349471,1.5584103162955816,test_e1n,primary,p0f3,0.3658536585365853,-0.0004119063896514,positive/all/chemistry/yield/ecfp4/k5/p0f3/scale0.5_ecfp4,positive,all,yield,ecfp4,0,3,scale0.5_ecfp4
amine,75,22,True,4.3734496172953605,4.247972471383063,0.0286906576941191,2.3948698019976775,test_e1n,primary,p0f3,0.1145833333333333,0.0103909151684487,positive/all/chemistry/yield/ecfp4/k5/p0f3/scale0.5_ecfp4,positive,all,yield,ecfp4,0,3,scale0.5_ecfp4
amine,79,8,True,0.9630636973394594,1.4937812580747842,-0.5510721276292261,1.0975258607090543,test_e1n,primary,p0f3,0.1590909090909091,-0.040300318298438,positive/all/chemistry/yield/ecfp4/k5/p0f3/scale0.5_ecfp4,positive,all,yield,ecfp4,0,3,scale0.5_ecfp4
amine,82,4,True,1.2517063007498654,1.1798033874278846,0.0574439173781466,0.9161102957679736,test_e1n,primary,p0f3,0.2777777777777778,0.0445277648791386,positive/all/chemistry/yield/ecfp4/k5/p0f3/scale0.5_ecfp4,positive,all,yield,ecfp4,0,3,scale0.5_ecfp4
amine,86,3,True,1.2396285372664904,1.296111767300452,-0.0455646416131343,1.3486544597845884,test_e1n,primary,p0f3,0.2444444444444444,0.0165487633351452,positive/all/chemistry/yield/ecfp4/k5/p0f3/scale0.5_ecfp4,positive,all,yield,ecfp4,0,3,scale0.5_ecfp4
amine,88,8,True,2.881862513831747,3.9841314233065113,-0.3824849048781231,1.4295240899183144,test_e1n,primary,p0f3,0.325,-0.000357163718226,positive/all/chemistry/yield/ecfp4/k5/p0f3/scale0.5_ecfp4,positive,all,yield,ecfp4,0,3,scale0.5_ecfp4
amine,92,53,True,0.9047286984831444,0.9071776660149448,-0.0027068529338201,1.5919928661366105,test_e1n,primary,p0f3,0.2926829268292683,-0.0081633290128129,positive/all/chemistry/yield/ecfp4/k5/p0f3/scale0.5_ecfp4,positive,all,yield,ecfp4,0,3,scale0.5_ecfp4
amine,94,9,True,0.7924043466688805,0.6618432605065988,0.164765736976502,1.7730277514617567,test_e1n,primary,p0f3,0.3243243243243243,0.0625316102827143,positive/all/chemistry/yield/ecfp4/k5/p0f3/scale0.5_ecfp4,positive,all,yield,ecfp4,0,3,scale0.5_ecfp4
amine,99,10,True,6.395768084038635,6.109039678145743,0.0448309573026037,1.6043100811502886,test_e1n,primary,p0f3,0.2352941176470588,-0.0074873204461245,positive/all/chemistry/yield/ecfp4/k5/p0f3/scale0.5_ecfp4,positive,all,yield,ecfp4,0,3,scale0.5_ecfp4
amine,119,62,True,2.8401492253319867,3.1475227942888115,-0.1082244433550478,1.543643468915832,test_e1n,primary,p0f3,0.2972972972972973,0.0083240466821389,positive/all/chemistry/yield/ecfp4/k5/p0f3/scale0.5_ecfp4,positive,all,yield,ecfp4,0,3,scale0.5_ecfp4
amine,121,51,True,0.9739607546657422,0.8947054101850765,0.0813742690359896,1.3714178152361691,test_e1n,primary,p0f3,0.3125,0.0351563577342601,positive/all/chemistry/yield/ecfp4/k5/p0f3/scale0.5_ecfp4,positive,all,yield,ecfp4,0,3,scale0.5_ecfp4
amine,126,9,True,0.9556111836489416,1.3108347353303056,-0.3717239372659549,0.9449197499592388,test_e1n,primary,p0f3,0.4411764705882353,-0.1750150799738714,positive/all/chemistry/yield/ecfp4/k5/p0f3/scale0.5_ecfp4,positive,all,yield,ecfp4,0,3,scale0.5_ecfp4
amine,131,49,True,1.152356489629912,0.956617859781008,0.1698594415967295,1.3445878869204235,test_e1n,primary,p0f3,0.3720930232558139,0.0638739686450351,positive/all/chemistry/yield/ecfp4/k5/p0f3/scale0.5_ecfp4,positive,all,yield,ecfp4,0,3,scale0.5_ecfp4
amine,145,34,True,1.053556049738316,1.0892545415269894,-0.0338838088372612,1.506049643708251,test_e1n,primary,p0f3,0.4594594594594595,-0.0850233028158409,positive/all/chemistry/yield/ecfp4/k5/p0f3/scale0.5_ecfp4,positive,all,yield,ecfp4,0,3,scale0.5_ecfp4
amine,158,97,True,1.4656296233269437,1.3799540596448518,0.0584564901790196,1.6883336168215757,test_e1n,primary,p0f3,0.2631578947368421,0.0378075028628075,positive/all/chemistry/yield/ecfp4/k5/p0f3/scale0.5_ecfp4,positive,all,yield,ecfp4,0,3,scale0.5_ecfp4
amine,162,9,True,1.6541383048608804,1.3086167698866948,0.2088830988066897,1.8790470597162563,test_e1n,primary,p0f3,0.1612903225806451,0.1225495741705258,positive/all/chemistry/yield/ecfp4/k5/p0f3/scale0.5_ecfp4,positive,all,yield,ecfp4,0,3,scale0.5_ecfp4
amine,163,9,True,0.58695965660565,0.5189403057022197,0.115884201133655,1.4124278167504407,test_e1n,primary,p0f3,0.3018867924528302,0.0930650804182515,positive/all/chemistry/yield/ecfp4/k5/p0f3/scale0.5_ecfp4,positive,all,yield,ecfp4,0,3,scale0.5_ecfp4
amine,166,34,True,1.8097056133230376,1.59927716243804,0.1162777245844988,1.5200650389379595,test_e1n,primary,p0f3,0.4761904761904761,0.1271332399757477,positive/all/chemistry/yield/ecfp4/k5/p0f3/scale0.5_ecfp4,positive,all,yield,ecfp4,0,3,scale0.5_ecfp4
amine,185,81,True,1.9957196470482577,2.2469554231735653,-0.1258873091202439,1.3923742345980117,test_e1n,primary,p0f3,0.2162162162162162,-0.0332108040211434,positive/all/chemistry/yield/ecfp4/k5/p0f3/scale0.5_ecfp4,positive,all,yield,ecfp4,0,3,scale0.5_ecfp4
amine,190,96,True,0.9584687323765012,1.0967747380824526,-0.1442989228902906,1.472892664703739,test_e1n,primary,p0f3,0.3111111111111111,-0.0256205271364824,positive/all/chemistry/yield/ecfp4/k5/p0f3/scale0.5_ecfp4,positive,all,yield,ecfp4,0,3,scale0.5_ecfp4
amine,193,9,True,1.5842434921566555,1.8565222063162776,-0.1718667083107059,2.1780006681976505,test_e1n,primary,p0f3,0.1794871794871795,-0.0057331509734692,positive/all/chemistry/yield/ecfp4/k5/p0f3/scale0.5_ecfp4,positive,all,yield,ecfp4,0,3,scale0.5_ecfp4
amine,195,8,True,5.306669998374847,5.797719288536023,-0.0925343558788389,2.2215744733201888,test_e1n,primary,p0f3,0.1791044776119403,0.0217261862282003,positive/all/chemistry/yield/ecfp4/k5/p0f3/scale0.5_ecfp4,positive,all,yield,ecfp4,0,3,scale0.5_ecfp4
amine,196,21,True,1.5416815158346833,1.1520702677257495,0.2527183754278805,1.452414953032688,test_e1n,primary,p0f3,0.1875,-0.0836007656286774,positive/all/chemistry/yield/ecfp4/k5/p0f3/scale0.5_ecfp4,positive,all,yield,ecfp4,0,3,scale0.5_ecfp4
amine,198,36,True,5.9157275910889275,6.455679593306281,-0.0912739800647182,1.5162575229592683,test_e1n,primary,p0f3,0.2641509433962264,0.0654700118586248,positive/all/chemistry/yield/ecfp4/k5/p0f3/scale0.5_ecfp4,positive,all,yield,ecfp4,0,3,scale0.5_ecfp4
amine,207,79,True,1.7811605221681102,1.5243355299603705,0.1441896948710275,1.543878828865382,test_e1n,primary,p0f3,0.2321428571428571,0.0238279349952359,positive/all/chemistry/yield/ecfp4/k5/p0f3/scale0.5_ecfp4,positive,all,yield,ecfp4,0,3,scale0.5_ecfp4
amine,208,29,True,2.1738178341808525,1.9614736071884784,0.0976826225516687,1.1681130999036338,test_e1n,primary,p0f3,0.2127659574468085,0.0050287607306352,positive/all/chemistry/yield/ecfp4/k5/p0f3/scale0.5_ecfp4,positive,all,yield,ecfp4,0,3,scale0.5_ecfp4
amine,213,17,True,0.8393335921333837,0.7931750062507592,0.0549943268269538,0.948000773472082,test_e1n,primary,p0f3,0.2647058823529412,0.046461222357963,positive/all/chemistry/yield/ecfp4/k5/p0f3/scale0.5_ecfp4,positive,all,yield,ecfp4,0,3,scale0.5_ecfp4
amine,214,9,True,0.7339784998549468,0.6813071704587434,0.0717614063717296,1.457149440448507,test_e1n,primary,p0f3,0.25,-0.0040072383832094,positive/all/chemistry/yield/ecfp4/k5/p0f3/scale0.5_ecfp4,positive,all,yield,ecfp4,0,3,scale0.5_ecfp4
amine,219,33,True,1.2213024620119113,1.2440330208787314,-0.0186117358916766,1.359040503864802,test_e1n,primary,p0f3,0.3513513513513513,-0.0506568417809361,positive/all/chemistry/yield/ecfp4/k5/p0f3/scale0.5_ecfp4,positive,all,yield,ecfp4,0,3,scale0.5_ecfp4
amine,228,20,True,1.7818307020756623,1.796439335989336,-0.008198665505458,1.792943714007953,test_e1n,primary,p0f3,0.4473684210526316,-0.0390595503714263,positive/all/chemistry/yield/ecfp4/k5/p0f3/scale0.5_ecfp4,positive,all,yield,ecfp4,0,3,scale0.5_ecfp4
amine,229,7,True,3.809041857998799,3.5539067117251935,0.0669814498724487,1.5673925012766754,test_e1n,primary,p0f3,0.1830985915492957,-0.0500717514713691,positive/all/chemistry/yield/ecfp4/k5/p0f3/scale0.5_ecfp4,positive,all,yield,ecfp4,0,3,scale0.5_ecfp4
acid,0,21,True,1.0449392695028747,0.9235396686407046,0.1161786186099843,1.5367052256288392,test_e1a,primary,p0f2,0.46875,0.0371104164650645,positive/all/chemistry/yield/ecfp4/k5/p0f2/scale0.5_ecfp4,positive,all,yield,ecfp4,0,2,scale0.5_ecfp4
acid,1,9,True,1.8576846830967977,1.509408387787609,0.1874786924165219,1.4515518829003011,test_e1a,primary,p0f2,0.1612903225806451,0.0601191437324082,positive/all/chemistry/yield/ecfp4/k5/p0f2/scale0.5_ecfp4,positive,all,yield,ecfp4,0,2,scale0.5_ecfp4
acid,2,70,True,0.9083222646298856,0.9147484417844352,-0.0070747766566836,1.544470575541708,test_e1a,primary,p0f2,0.1612903225806451,0.055699343856617,positive/all/chemistry/yield/ecfp4/k5/p0f2/scale0.5_ecfp4,positive,all,yield,ecfp4,0,2,scale0.5_ecfp4
acid,3,34,True,1.166206654890911,1.15319411348616,0.0111580064735338,1.3090094465322073,test_e1a,primary,p0f2,0.75,-0.1332799338553913,positive/all/chemistry/yield/ecfp4/k5/p0f2/scale0.5_ecfp4,positive,all,yield,ecfp4,0,2,scale0.5_ecfp4
acid,10,34,True,1.1741359414046315,1.0324171103820377,0.1207005305135742,1.5413318370879752,test_e1a,primary,p0f2,0.3783783783783784,-0.0025721895780763,positive/all/chemistry/yield/ecfp4/k5/p0f2/scale0.5_ecfp4,positive,all,yield,ecfp4,0,2,scale0.5_ecfp4
acid,13,2,False,9.002571959849785,9.169760395385165,-0.0185711856879362,0.0753129944799176,test_e1a,primary,p0f2,0.3333333333333333,-0.0856190825806071,positive/all/chemistry/yield/ecfp4/k5/p0f2/scale0.5_ecfp4,positive,all,yield,ecfp4,0,2,scale0.5_ecfp4
acid,14,28,True,1.2665109110642014,1.167716542434366,0.0780051460802829,1.399904613874028,test_e1a,primary,p0f2,0.4411764705882353,0.0348049274368429,positive/all/chemistry/yield/ecfp4/k5/p0f2/scale0.5_ecfp4,positive,all,yield,ecfp4,0,2,scale0.5_ecfp4
acid,26,41,True,1.1787096907874337,1.0764226737009202,0.086778803878486,1.3563525897123048,test_e1a,primary,p0f2,0.4651162790697674,0.1128173188680378,positive/all/chemistry/yield/ecfp4/k5/p0f2/scale0.5_ecfp4,positive,all,yield,ecfp4,0,2,scale0.5_ecfp4
acid,41,8,True,0.6110216509332098,0.597398385668671,0.0222958797674879,1.0017943892363452,test_e1a,primary,p0f2,0.5769230769230769,-0.1960955351191298,positive/all/chemistry/yield/ecfp4/k5/p0f2/scale0.5_ecfp4,positive,all,yield,ecfp4,0,2,scale0.5_ecfp4
acid,42,34,True,1.0542416224806936,0.9331847680455208,0.1148283769619329,1.2524683430352346,test_e1a,primary,p0f2,0.6595744680851063,-0.118233925381032,positive/all/chemistry/yield/ecfp4/k5/p0f2/scale0.5_ecfp4,positive,all,yield,ecfp4,0,2,scale0.5_ecfp4
acid,44,27,True,1.4255196940126893,1.3593782068426687,0.0463981574213395,1.48612402984768,test_e1a,primary,p0f2,0.6875,-0.1133455095097915,positive/all/chemistry/yield/ecfp4/k5/p0f2/scale0.5_ecfp4,positive,all,yield,ecfp4,0,2,scale0.5_ecfp4
acid,61,2,False,0.6848452391044073,0.7621051697048361,-0.1128137076654922,1.5491680810137054,test_e1a,primary,p0f2,0.5873015873015873,-0.4215144946249531,positive/all/chemistry/yield/ecfp4/k5/p0f2/scale0.5_ecfp4,positive,all,yield,ecfp4,0,2,scale0.5_ecfp4
acid,64,27,True,1.0160239887106337,0.8121568866988349,0.200651858890175,1.3917137449550054,test_e1a,primary,p0f2,0.7111111111111111,-0.1462747354228546,positive/all/chemistry/yield/ecfp4/k5/p0f2/scale0.5_ecfp4,positive,all,yield,ecfp4,0,2,scale0.5_ecfp4
acid,72,72,True,1.698252428162693,1.829897398589792,-0.0775179050204706,1.43699225611361,test_e1a,primary,p0f2,0.1875,-0.0834971735380838,positive/all/chemistry/yield/ecfp4/k5/p0f2/scale0.5_ecfp4,positive,all,yield,ecfp4,0,2,scale0.5_ecfp4
acid,84,21,True,1.306823676985872,1.342593058842241,-0.0273712379767021,1.257989352325352,test_e1a,primary,p0f2,0.6585365853658537,-0.1695954247721327,positive/all/chemistry/yield/ecfp4/k5/p0f2/scale0.5_ecfp4,positive,all,yield,ecfp4,0,2,scale0.5_ecfp4
acid,92,7,True,1.8336165748080584,2.3592116204806812,-0.2866439215775751,1.883385390844529,test_e1a,primary,p0f2,0.3428571428571428,0.0475628357159293,positive/all/chemistry/yield/ecfp4/k5/p0f2/scale0.5_ecfp4,positive,all,yield,ecfp4,0,2,scale0.5_ecfp4
acid,94,2,False,0.8404180983294003,0.8064415952168263,0.0404280954683307,0.1580621395060847,test_e1a,primary,p0f2,0.4893617021276595,-0.3417016804185671,positive/all/chemistry/yield/ecfp4/k5/p0f2/scale0.5_ecfp4,positive,all,yield,ecfp4,0,2,scale0.5_ecfp4
acid,99,2,False,1.4675544691448292,1.9161041915214057,-0.3056443435710803,1.196422173630048,test_e1a,primary,p0f2,0.4090909090909091,-0.0569826098410284,positive/all/chemistry/yield/ecfp4/k5/p0f2/scale0.5_ecfp4,positive,all,yield,ecfp4,0,2,scale0.5_ecfp4
acid,110,13,True,1.1855286172929618,1.4938262701290823,-0.2600507894445334,1.3900498248738289,test_e1a,primary,p0f2,0.2857142857142857,0.0727183940993992,positive/all/chemistry/yield/ecfp4/k5/p0f2/scale0.5_ecfp4,positive,all,yield,ecfp4,0,2,scale0.5_ecfp4
acid,117,48,True,1.0632374172543455,1.1392095599912744,-0.0714536015230875,1.2101520376926036,test_e1a,primary,p0f2,0.3214285714285714,0.0342456717678171,positive/all/chemistry/yield/ecfp4/k5/p0f2/scale0.5_ecfp4,positive,all,yield,ecfp4,0,2,scale0.5_ecfp4
acid,123,2,False,1.537112980325127,1.2364463709665772,0.1956047559333951,1.6701000093233198,test_e1a,primary,p0f2,0.2727272727272727,-0.0791805388749402,positive/all/chemistry/yield/ecfp4/k5/p0f2/scale0.5_ecfp4,positive,all,yield,ecfp4,0,2,scale0.5_ecfp4
acid,126,66,True,2.1842610277219054,1.4343507903445467,0.3433244597874295,1.538097984800107,test_e1a,primary,p0f2,0.3877551020408163,0.0833727132203902,positive/all/chemistry/yield/ecfp4/k5/p0f2/scale0.5_ecfp4,positive,all,yield,ecfp4,0,2,scale0.5_ecfp4
acid,131,25,True,1.120290042038479,1.2097076533416005,-0.0798164831853878,1.4287926615864224,test_e1a,primary,p0f2,0.5142857142857142,0.1235913194364155,positive/all/chemistry/yield/ecfp4/k5/p0f2/scale0.5_ecfp4,positive,all,yield,ecfp4,0,2,scale0.5_ecfp4
acid,132,8,True,5.94769438165328,5.969844279499951,-0.0037241149974007,2.1966513814070123,test_e1a,primary,p0f2,0.5925925925925926,-0.0390228947747364,positive/all/chemistry/yield/ecfp4/k5/p0f2/scale0.5_ecfp4,positive,all,yield,ecfp4,0,2,scale0.5_ecfp4
acid,134,13,True,2.906755406793309,3.0275029756748952,-0.0415403265783527,1.8836255459756648,test_e1a,primary,p0f2,0.3783783783783784,0.0516570621714788,positive/all/chemistry/yield/ecfp4/k5/p0f2/scale0.5_ecfp4,positive,all,yield,ecfp4,0,2,scale0.5_ecfp4
acid,139,2,False,6.554670922176186,5.082584968390183,0.2245857909976146,0.5761081238727702,test_e1a,primary,p0f2,0.6909090909090909,-0.0916671450320472,positive/all/chemistry/yield/ecfp4/k5/p0f2/scale0.5_ecfp4,positive,all,yield,ecfp4,0,2,scale0.5_ecfp4
acid,140,31,True,1.342537576141114,1.3749983272002493,-0.0241786536451649,1.4219644558691955,test_e1a,primary,p0f2,0.6190476190476191,-0.1098293621241948,positive/all/chemistry/yield/ecfp4/k5/p0f2/scale0.5_ecfp4,positive,all,yield,ecfp4,0,2,scale0.5_ecfp4
acid,142,4,True,3.960673135000512,4.728475716190671,-0.1938565882665446,3.766009574753325,test_e1a,primary,p0f2,0.1818181818181818,-0.0816658168342217,positive/all/chemistry/yield/ecfp4/k5/p0f2/scale0.5_ecfp4,positive,all,yield,ecfp4,0,2,scale0.5_ecfp4
acid,146,17,True,1.3904364991280165,1.1555775111369917,0.1689102581371475,1.224728810345188,test_e1a,primary,p0f2,0.375,0.110287953631608,positive/all/chemistry/yield/ecfp4/k5/p0f2/scale0.5_ecfp4,positive,all,yield,ecfp4,0,2,scale0.5_ecfp4
acid,150,37,True,2.5557733773252354,2.5606740307218296,-0.0019174835453223,1.7220489642075645,test_e1a,primary,p0f2,0.5510204081632653,-0.0768211768180242,positive/all/chemistry/yield/ecfp4/k5/p0f2/scale0.5_ecfp4,positive,all,yield,ecfp4,0,2,scale0.5_ecfp4
acid,158,18,True,3.608804598430538,3.801282187914124,-0.0533355531544417,1.3340112166869598,test_e1a,primary,p0f2,0.2894736842105263,-0.0760763830194948,positive/all/chemistry/yield/ecfp4/k5/p0f2/scale0.5_ecfp4,positive,all,yield,ecfp4,0,2,scale0.5_ecfp4
acid,165,6,True,0.7775253929029363,0.5854275748799399,0.2470630795809614,1.8192897284086504,test_e1a,primary,p0f2,0.3695652173913043,-0.0682193341926136,positive/all/chemistry/yield/ecfp4/k5/p0f2/scale0.5_ecfp4,positive,all,yield,ecfp4,0,2,scale0.5_ecfp4
acid,168,2,False,0.0078236246070349,0.0096007926535917,-0.2271540540120931,0.2885286128904946,test_e1a,primary,p0f2,0.6382978723404256,-0.3801069289513754,positive/all/chemistry/yield/ecfp4/k5/p0f2/scale0.5_ecfp4,positive,all,yield,ecfp4,0,2,scale0.5_ecfp4
acid,169,35,True,1.8028018456450576,1.6121768676483264,0.1057381755278401,1.528480266436934,test_e1a,primary,p0f2,0.6415094339622641,-0.1253004359193659,positive/all/chemistry/yield/ecfp4/k5/p0f2/scale0.5_ecfp4,positive,all,yield,ecfp4,0,2,scale0.5_ecfp4
acid,183,27,True,1.882561336069433,2.190575812385259,-0.1636145768078525,1.633772302880804,test_e1a,primary,p0f2,0.6666666666666666,-0.0939493189175102,positive/all/chemistry/yield/ecfp4/k5/p0f2/scale0.5_ecfp4,positive,all,yield,ecfp4,0,2,scale0.5_ecfp4
acid,184,76,True,1.9387133423894265,1.8352404527140092,0.0533719387044031,1.3955937328381467,test_e1a,primary,p0f2,0.3695652173913043,-0.065601922039276,positive/all/chemistry/yield/ecfp4/k5/p0f2/scale0.5_ecfp4,positive,all,yield,ecfp4,0,2,scale0.5_ecfp4
acid,197,30,True,1.1423472628180165,1.019384818854845,0.107640161591353,1.4247688725959518,test_e1a,primary,p0f2,0.6785714285714286,-0.0935643937128161,positive/all/chemistry/yield/ecfp4/k5/p0f2/scale0.5_ecfp4,positive,all,yield,ecfp4,0,2,scale0.5_ecfp4
acid,203,4,True,0.5176183432193268,0.2897503922958952,0.4402238713299977,1.07083740653509,test_e1a,primary,p0f2,0.6,0.2027595312464438,positive/all/chemistry/yield/ecfp4/k5/p0f2/scale0.5_ecfp4,positive,all,yield,ecfp4,0,2,scale0.5_ecfp4
acid,205,15,True,1.7687762547936563,1.3521666902823857,0.2355354801842203,1.1690893621652478,test_e1a,primary,p0f2,0.5208333333333334,0.0850966730802785,positive/all/chemistry/yield/ecfp4/k5/p0f2/scale0.5_ecfp4,positive,all,yield,ecfp4,0,2,scale0.5_ecfp4
acid,206,119,True,2.4606130437533387,2.391373765690936,0.0281390356107302,1.5516013161883524,test_e1a,primary,p0f2,0.3055555555555556,-0.0344839678274533,positive/all/chemistry/yield/ecfp4/k5/p0f2/scale0.5_ecfp4,positive,all,yield,ecfp4,0,2,scale0.5_ecfp4
acid,231,22,True,2.321393833880358,1.8605388419775648,0.1985251210616186,1.827721202776266,test_e1a,primary,p0f2,0.6285714285714286,0.0210320538742758,positive/all/chemistry/yield/ecfp4/k5/p0f2/scale0.5_ecfp4,positive,all,yield,ecfp4,0,2,scale0.5_ecfp4
acid,234,8,True,2.451493620465537,2.623043890320835,-0.06997785693716,1.8563140225240329,test_e1a,primary,p0f2,0.6764705882352942,0.048088558404442,positive/all/chemistry/yield/ecfp4/k5/p0f2/scale0.5_ecfp4,positive,all,yield,ecfp4,0,2,scale0.5_ecfp4
acid,243,53,True,1.6848020677291065,1.855263690688913,-0.1011760527986331,1.7110479403674057,test_e1a,primary,p0f2,0.3333333333333333,-0.0586040049444138,positive/all/chemistry/yield/ecfp4/k5/p0f2/scale0.5_ecfp4,positive,all,yield,ecfp4,0,2,scale0.5_ecfp4
acid,249,11,True,0.6679202853336639,0.8312653357613136,-0.2445577024899754,1.2164413647282044,test_e1a,primary,p0f2,0.3947368421052631,-0.1496010490518484,positive/all/chemistry/yield/ecfp4/k5/p0f2/scale0.5_ecfp4,positive,all,yield,ecfp4,0,2,scale0.5_ecfp4
acid,253,2,False,0.1875977171533455,0.14380886448694,0.233418899392106,0.667558864099529,test_e1a,primary,p0f2,0.76,-0.9068134414583466,positive/all/chemistry/yield/ecfp4/k5/p0f2/scale0.5_ecfp4,positive,all,yield,ecfp4,0,2,scale0.5_ecfp4
acid,256,7,True,7.497981217074787,5.3483413992037745,0.2866958125976285,1.6934027110290235,test_e1a,primary,p0f2,0.3636363636363636,0.0962329878322051,positive/all/chemistry/yield/ecfp4/k5/p0f2/scale0.5_ecfp4,positive,all,yield,ecfp4,0,2,scale0.5_ecfp4
acid,257,31,True,4.162387745888124,3.7248160180453382,0.105125172030176,1.5814801564549286,test_e1a,primary,p0f2,0.4848484848484848,0.1334557121452313,positive/all/chemistry/yield/ecfp4/k5/p0f2/scale0.5_ecfp4,positive,all,yield,ecfp4,0,2,scale0.5_ecfp4
acid,258,37,True,2.2908471568267816,2.444952831666649,-0.0672701687585872,1.3977921926119412,test_e1a,primary,p0f2,0.5454545454545454,-0.1406843604193151,positive/all/chemistry/yield/ecfp4/k5/p0f2/scale0.5_ecfp4,positive,all,yield,ecfp4,0,2,scale0.5_ecfp4
acid,264,109,True,1.6918045656814171,1.8739631306183555,-0.1076711628707356,1.787659637259145,test_e1a,primary,p0f2,0.2926829268292683,0.0846551825604516,positive/all/chemistry/yield/ecfp4/k5/p0f2/scale0.5_ecfp4,positive,all,yield,ecfp4,0,2,scale0.5_ecfp4
acid,267,10,True,0.5368964567187701,0.8717458281550167,-0.6236758824646946,1.2409700505370087,test_e1a,primary,p0f2,0.4857142857142857,-0.0318626281432745,positive/all/chemistry/yield/ecfp4/k5/p0f2/scale0.5_ecfp4,positive,all,yield,ecfp4,0,2,scale0.5_ecfp4
acid,268,10,True,1.7358971589466754,1.4986083575504996,0.1366951954343656,1.0361842492932285,test_e1a,primary,p0f2,0.1935483870967742,0.067606152195226,positive/all/chemistry/yield/ecfp4/k5/p0f2/scale0.5_ecfp4,positive,all,yield,ecfp4,0,2,scale0.5_ecfp4
acid,269,4,True,1.2358242507351165,0.5774887557827606,0.5327096426217175,1.80112514592446,test_e1a,primary,p0f2,0.4242424242424242,0.123178429686923,positive/all/chemistry/yield/ecfp4/k5/p0f2/scale0.5_ecfp4,positive,all,yield,ecfp4,0,2,scale0.5_ecfp4
acid,270,53,True,2.1535364156506187,2.293519490403662,-0.0650014895200887,1.600687269720889,test_e1a,primary,p0f2,0.1818181818181818,0.1075065507427763,positive/all/chemistry/yield/ecfp4/k5/p0f2/scale0.5_ecfp4,positive,all,yield,ecfp4,0,2,scale0.5_ecfp4
amine,12,10,True,0.8579422532030494,1.091392196482738,-0.272104494688453,1.5038057041297888,test_e1n,primary,p0f2,0.2340425531914893,-0.2046218313437466,positive/all/chemistry/yield/ecfp4/k5/p0f2/scale0.5_ecfp4,positive,all,yield,ecfp4,0,2,scale0.5_ecfp4
amine,22,10,True,2.197075868193695,2.6531249072427783,-0.2075709107960934,1.4788745390497555,test_e1n,primary,p0f2,0.2258064516129032,-0.0411795491235598,positive/all/chemistry/yield/ecfp4/k5/p0f2/scale0.5_ecfp4,positive,all,yield,ecfp4,0,2,scale0.5_ecfp4
amine,24,85,True,0.8228874157211271,0.9894436568047262,-0.202404652084319,1.609577714583246,test_e1n,primary,p0f2,0.1228070175438596,-0.1981292254984237,positive/all/chemistry/yield/ecfp4/k5/p0f2/scale0.5_ecfp4,positive,all,yield,ecfp4,0,2,scale0.5_ecfp4
amine,29,11,True,1.8115969655587292,1.811410466811016,0.0001029471517445,1.5750491117408092,test_e1n,primary,p0f2,0.3,-0.0063200596004662,positive/all/chemistry/yield/ecfp4/k5/p0f2/scale0.5_ecfp4,positive,all,yield,ecfp4,0,2,scale0.5_ecfp4
amine,31,10,True,1.0871397360090174,0.971562545210014,0.1063130957049708,1.6680744406552928,test_e1n,primary,p0f2,0.2058823529411764,0.1335042541840989,positive/all/chemistry/yield/ecfp4/k5/p0f2/scale0.5_ecfp4,positive,all,yield,ecfp4,0,2,scale0.5_ecfp4
amine,35,2,False,0.4130699876210856,0.1554724503876324,0.6236171713103269,0.4962236800326199,test_e1n,primary,p0f2,0.303030303030303,0.4413029339518814,positive/all/chemistry/yield/ecfp4/k5/p0f2/scale0.5_ecfp4,positive,all,yield,ecfp4,0,2,scale0.5_ecfp4
amine,37,7,True,0.8764827973250825,0.7340307388843363,0.1625269302209835,1.5354365153849776,test_e1n,primary,p0f2,0.3,0.2814453836265239,positive/all/chemistry/yield/ecfp4/k5/p0f2/scale0.5_ecfp4,positive,all,yield,ecfp4,0,2,scale0.5_ecfp4
amine,45,10,True,2.1266609231583185,1.8920688737287263,0.1103100390264367,1.849287626906793,test_e1n,primary,p0f2,0.1666666666666666,0.1113957814282756,positive/all/chemistry/yield/ecfp4/k5/p0f2/scale0.5_ecfp4,positive,all,yield,ecfp4,0,2,scale0.5_ecfp4
amine,52,89,True,1.5332034145182625,1.708197577462103,-0.1141362987368668,1.6707276573847094,test_e1n,primary,p0f2,0.3333333333333333,-0.1384358067277085,positive/all/chemistry/yield/ecfp4/k5/p0f2/scale0.5_ecfp4,positive,all,yield,ecfp4,0,2,scale0.5_ecfp4
amine,64,10,True,1.0150292838081043,1.001031829974988,0.0137901970479135,1.4279081177164976,test_e1n,primary,p0f2,0.2666666666666666,-0.1148546047143339,positive/all/chemistry/yield/ecfp4/k5/p0f2/scale0.5_ecfp4,positive,all,yield,ecfp4,0,2,scale0.5_ecfp4
amine,69,64,True,1.2999146444161072,1.1614217400755302,0.1065399985572013,1.3437842788943828,test_e1n,primary,p0f2,0.296875,0.0879196237078223,positive/all/chemistry/yield/ecfp4/k5/p0f2/scale0.5_ecfp4,positive,all,yield,ecfp4,0,2,scale0.5_ecfp4
amine,71,12,True,1.7960870422060775,1.588458288324406,0.1156006078784731,1.5760164588769805,test_e1n,primary,p0f2,0.2575757575757575,0.0122842461832054,positive/all/chemistry/yield/ecfp4/k5/p0f2/scale0.5_ecfp4,positive,all,yield,ecfp4,0,2,scale0.5_ecfp4
amine,72,48,True,1.0524110425738058,0.859684471940715,0.1831286092948563,1.6126505986896946,test_e1n,primary,p0f2,0.34375,0.0115870759239045,positive/all/chemistry/yield/ecfp4/k5/p0f2/scale0.5_ecfp4,positive,all,yield,ecfp4,0,2,scale0.5_ecfp4
amine,76,10,True,2.512039282807055,2.3456869756624763,0.0662220166233585,2.159836380559656,test_e1n,primary,p0f2,0.1818181818181818,0.0581058041800737,positive/all/chemistry/yield/ecfp4/k5/p0f2/scale0.5_ecfp4,positive,all,yield,ecfp4,0,2,scale0.5_ecfp4
amine,77,56,True,2.2233503322340464,2.867388622357503,-0.289670179632159,1.3009291286984084,test_e1n,primary,p0f2,0.1538461538461538,-0.1235621403431346,positive/all/chemistry/yield/ecfp4/k5/p0f2/scale0.5_ecfp4,positive,all,yield,ecfp4,0,2,scale0.5_ecfp4
amine,96,34,True,10.193822166423304,11.450972997738534,-0.1233247756132207,1.9574396885399783,test_e1n,primary,p0f2,0.2131147540983606,-0.1136093378546012,positive/all/chemistry/yield/ecfp4/k5/p0f2/scale0.5_ecfp4,positive,all,yield,ecfp4,0,2,scale0.5_ecfp4
amine,97,9,True,1.7139235333039908,1.3670883271291745,0.2023632906808917,1.5857524364765594,test_e1n,primary,p0f2,0.15,0.1947465733499183,positive/all/chemistry/yield/ecfp4/k5/p0f2/scale0.5_ecfp4,positive,all,yield,ecfp4,0,2,scale0.5_ecfp4
amine,98,8,True,5.745917131002278,5.3990038179317885,0.0603756206644031,1.6625670855016017,test_e1n,primary,p0f2,0.2142857142857142,0.0832347981027371,positive/all/chemistry/yield/ecfp4/k5/p0f2/scale0.5_ecfp4,positive,all,yield,ecfp4,0,2,scale0.5_ecfp4
amine,103,28,True,2.7192407989915175,2.302907299273848,0.1531065214496908,1.7344069667696262,test_e1n,primary,p0f2,0.2708333333333333,0.1338382704529336,positive/all/chemistry/yield/ecfp4/k5/p0f2/scale0.5_ecfp4,positive,all,yield,ecfp4,0,2,scale0.5_ecfp4
amine,105,101,True,1.537533412699627,1.6405486503477626,-0.0670003245440109,1.6301264746092814,test_e1n,primary,p0f2,0.4,-0.1126413629498972,positive/all/chemistry/yield/ecfp4/k5/p0f2/scale0.5_ecfp4,positive,all,yield,ecfp4,0,2,scale0.5_ecfp4
amine,111,41,True,1.7563089244085,1.6758196414055508,0.0458286591181883,1.5688389710793171,test_e1n,primary,p0f2,0.3142857142857143,-0.0484526483147467,positive/all/chemistry/yield/ecfp4/k5/p0f2/scale0.5_ecfp4,positive,all,yield,ecfp4,0,2,scale0.5_ecfp4
amine,112,43,True,1.1352790151407484,1.0627210887222207,0.0639119771006532,1.314203876035879,test_e1n,primary,p0f2,0.293103448275862,0.047052207927333,positive/all/chemistry/yield/ecfp4/k5/p0f2/scale0.5_ecfp4,positive,all,yield,ecfp4,0,2,scale0.5_ecfp4
amine,113,104,True,1.1862465170249423,1.0899863972112978,0.081146809227361,1.4714363755016937,test_e1n,primary,p0f2,0.22,0.1433566274970553,positive/all/chemistry/yield/ecfp4/k5/p0f2/scale0.5_ecfp4,positive,all,yield,ecfp4,0,2,scale0.5_ecfp4
amine,116,4,True,4.725828400579776,4.780998892342882,-0.0116742477903635,0.9512470129764448,test_e1n,primary,p0f2,0.2549019607843137,-0.0403039575369355,positive/all/chemistry/yield/ecfp4/k5/p0f2/scale0.5_ecfp4,positive,all,yield,ecfp4,0,2,scale0.5_ecfp4
amine,122,28,True,1.7178904053077286,1.3946276864884557,0.1881742384848854,1.6095696512736486,test_e1n,primary,p0f2,0.5945945945945946,0.1114783816794204,positive/all/chemistry/yield/ecfp4/k5/p0f2/scale0.5_ecfp4,positive,all,yield,ecfp4,0,2,scale0.5_ecfp4
amine,127,39,True,3.5014752862505896,3.2459840978833183,0.0729667261598334,1.6718891923396666,test_e1n,primary,p0f2,0.5370370370370371,0.0638770271266487,positive/all/chemistry/yield/ecfp4/k5/p0f2/scale0.5_ecfp4,positive,all,yield,ecfp4,0,2,scale0.5_ecfp4
amine,129,36,True,1.677253867824437,1.677354070513985,-5.974211267023577e-05,1.3905388745670195,test_e1n,primary,p0f2,0.3720930232558139,0.0026596938093204,positive/all/chemistry/yield/ecfp4/k5/p0f2/scale0.5_ecfp4,positive,all,yield,ecfp4,0,2,scale0.5_ecfp4
amine,130,26,True,2.0440093830694193,1.920843838399811,0.0602568391758822,1.3235208276615076,test_e1n,primary,p0f2,0.4482758620689655,-0.059602932850699,positive/all/chemistry/yield/ecfp4/k5/p0f2/scale0.5_ecfp4,positive,all,yield,ecfp4,0,2,scale0.5_ecfp4
amine,132,30,True,0.9220479123344608,0.8803792567527498,0.0451914212095698,1.3801952856035826,test_e1n,primary,p0f2,0.5789473684210527,-0.1270247318067172,positive/all/chemistry/yield/ecfp4/k5/p0f2/scale0.5_ecfp4,positive,all,yield,ecfp4,0,2,scale0.5_ecfp4
amine,133,46,True,1.0375612074926637,0.9807064427645374,0.0547965405005065,1.2448147308067012,test_e1n,primary,p0f2,0.3404255319148936,-0.0666545184331268,positive/all/chemistry/yield/ecfp4/k5/p0f2/scale0.5_ecfp4,positive,all,yield,ecfp4,0,2,scale0.5_ecfp4
amine,134,55,True,1.2427761526679877,1.2856363356383336,-0.0344874520470432,1.3620339873369118,test_e1n,primary,p0f2,0.3,0.0001732276872772,positive/all/chemistry/yield/ecfp4/k5/p0f2/scale0.5_ecfp4,positive,all,yield,ecfp4,0,2,scale0.5_ecfp4
amine,136,16,True,2.9145480363331515,3.0436183148641778,-0.0442848348773183,1.8000403415380506,test_e1n,primary,p0f2,0.145631067961165,-0.0181521461568756,positive/all/chemistry/yield/ecfp4/k5/p0f2/scale0.5_ecfp4,positive,all,yield,ecfp4,0,2,scale0.5_ecfp4
amine,140,16,True,1.7128561481440194,2.1105194315586964,-0.2321638532491876,1.4947307449514782,test_e1n,primary,p0f2,0.3243243243243243,0.0155071652378429,positive/all/chemistry/yield/ecfp4/k5/p0f2/scale0.5_ecfp4,positive,all,yield,ecfp4,0,2,scale0.5_ecfp4
amine,148,22,True,1.26282176595573,1.2057354400597442,0.045205370571659,1.3539220573500608,test_e1n,primary,p0f2,0.3095238095238095,0.0442026557770586,positive/all/chemistry/yield/ecfp4/k5/p0f2/scale0.5_ecfp4,positive,all,yield,ecfp4,0,2,scale0.5_ecfp4
amine,149,10,True,1.0137796361123503,1.1097295968654943,-0.0946457763948522,1.858732663417542,test_e1n,primary,p0f2,0.4054054054054054,-0.1012144564423291,positive/all/chemistry/yield/ecfp4/k5/p0f2/scale0.5_ecfp4,positive,all,yield,ecfp4,0,2,scale0.5_ecfp4
amine,152,10,True,1.796048830068613,1.5541562437700898,0.1346804063725163,1.6923318226641753,test_e1n,primary,p0f2,0.2608695652173913,-0.1126940184341758,positive/all/chemistry/yield/ecfp4/k5/p0f2/scale0.5_ecfp4,positive,all,yield,ecfp4,0,2,scale0.5_ecfp4
amine,165,10,True,1.7285817479425485,1.0676474273700802,0.38235641522835,1.896484078207143,test_e1n,primary,p0f2,0.2608695652173913,0.0652012888281019,positive/all/chemistry/yield/ecfp4/k5/p0f2/scale0.5_ecfp4,positive,all,yield,ecfp4,0,2,scale0.5_ecfp4
amine,175,21,True,0.9588431457834928,0.9893854465308548,-0.0318532816151126,1.0722291896173608,test_e1n,primary,p0f2,0.2727272727272727,-0.0041956658956561,positive/all/chemistry/yield/ecfp4/k5/p0f2/scale0.5_ecfp4,positive,all,yield,ecfp4,0,2,scale0.5_ecfp4
amine,176,49,True,1.2205154383552117,1.0595919490460677,0.1318487945765007,1.450540516674392,test_e1n,primary,p0f2,0.1923076923076923,0.09201694655509,positive/all/chemistry/yield/ecfp4/k5/p0f2/scale0.5_ecfp4,positive,all,yield,ecfp4,0,2,scale0.5_ecfp4
amine,180,9,True,1.3973029151588172,1.466704544068916,-0.0496682774774077,1.955479771987903,test_e1n,primary,p0f2,0.1818181818181818,0.1138218407248208,positive/all/chemistry/yield/ecfp4/k5/p0f2/scale0.5_ecfp4,positive,all,yield,ecfp4,0,2,scale0.5_ecfp4
amine,188,65,True,1.4981143485458803,1.3538687011398227,0.0962848046586478,1.653525115336138,test_e1n,primary,p0f2,0.2558139534883721,0.1341338786049727,positive/all/chemistry/yield/ecfp4/k5/p0f2/scale0.5_ecfp4,positive,all,yield,ecfp4,0,2,scale0.5_ecfp4
amine,202,24,True,1.5392760767926703,1.3800740861292715,0.1034265347611468,1.230694029820709,test_e1n,primary,p0f2,0.2926829268292683,0.1240674166382214,positive/all/chemistry/yield/ecfp4/k5/p0f2/scale0.5_ecfp4,positive,all,yield,ecfp4,0,2,scale0.5_ecfp4
amine,212,7,True,3.3124087042925354,2.6672021138140507,0.1947847165243722,2.5038910507723826,test_e1n,primary,p0f2,0.123076923076923,-0.0611655833589857,positive/all/chemistry/yield/ecfp4/k5/p0f2/scale0.5_ecfp4,positive,all,yield,ecfp4,0,2,scale0.5_ecfp4
amine,215,9,True,2.229484859958509,2.2875309365936856,-0.026035645129367,1.4358093807779513,test_e1n,primary,p0f2,0.1702127659574468,0.0039267526612596,positive/all/chemistry/yield/ecfp4/k5/p0f2/scale0.5_ecfp4,positive,all,yield,ecfp4,0,2,scale0.5_ecfp4
amine,224,32,True,1.4443006524677346,1.0131257258195698,0.2985354371414696,1.267221636071487,test_e1n,primary,p0f2,0.4482758620689655,0.2210755677609214,positive/all/chemistry/yield/ecfp4/k5/p0f2/scale0.5_ecfp4,positive,all,yield,ecfp4,0,2,scale0.5_ecfp4
acid,27,37,True,1.119126277878549,1.141250367381862,-0.019769073375037,1.2107089095504808,test_e1a,primary,p0f4,0.4523809523809524,-0.0119373805004372,positive/all/chemistry/yield/ecfp4/k5/p0f4/scale0.5_ecfp4,positive,all,yield,ecfp4,0,4,scale0.5_ecfp4
acid,28,55,True,1.1048726322745248,1.2186706512429593,-0.1029965044334262,1.6010100972868295,test_e1a,primary,p0f4,0.603448275862069,-0.1048100471941695,positive/all/chemistry/yield/ecfp4/k5/p0f4/scale0.5_ecfp4,positive,all,yield,ecfp4,0,4,scale0.5_ecfp4
acid,39,27,True,1.5493731858838995,1.1382805859316962,0.2653283299966752,1.56452409385048,test_e1a,primary,p0f4,0.6481481481481481,-0.0942942858793536,positive/all/chemistry/yield/ecfp4/k5/p0f4/scale0.5_ecfp4,positive,all,yield,ecfp4,0,4,scale0.5_ecfp4
acid,47,39,True,1.3827956740271905,1.5032486415207773,-0.0871082906578564,1.0461526060035318,test_e1a,primary,p0f4,0.5522388059701493,-0.0250805057634893,positive/all/chemistry/yield/ecfp4/k5/p0f4/scale0.5_ecfp4,positive,all,yield,ecfp4,0,4,scale0.5_ecfp4
acid,49,36,True,1.641654170088211,1.518420260803294,0.0750669121001869,1.4129079473898294,test_e1a,primary,p0f4,0.4736842105263157,-0.0771446932648693,positive/all/chemistry/yield/ecfp4/k5/p0f4/scale0.5_ecfp4,positive,all,yield,ecfp4,0,4,scale0.5_ecfp4
acid,55,8,True,1.4043706699487983,2.0678814126435894,-0.4724612646025865,1.8349857756697716,test_e1a,primary,p0f4,0.5384615384615384,-0.1062798880248205,positive/all/chemistry/yield/ecfp4/k5/p0f4/scale0.5_ecfp4,positive,all,yield,ecfp4,0,4,scale0.5_ecfp4
acid,58,92,True,1.9345939924941291,1.8487224670485964,0.0443873628155048,1.4649923227217638,test_e1a,primary,p0f4,0.3953488372093023,0.0324259450441097,positive/all/chemistry/yield/ecfp4/k5/p0f4/scale0.5_ecfp4,positive,all,yield,ecfp4,0,4,scale0.5_ecfp4
acid,60,44,True,1.6841328339160455,2.465042334262581,-0.4636864056208194,1.5873494939350905,test_e1a,primary,p0f4,0.3191489361702128,0.048554973185406,positive/all/chemistry/yield/ecfp4/k5/p0f4/scale0.5_ecfp4,positive,all,yield,ecfp4,0,4,scale0.5_ecfp4
acid,65,12,True,2.774302420038015,1.176635449238473,0.5758806102968579,3.020005427621666,test_e1a,primary,p0f4,0.6909090909090909,-0.0852021318920983,positive/all/chemistry/yield/ecfp4/k5/p0f4/scale0.5_ecfp4,positive,all,yield,ecfp4,0,4,scale0.5_ecfp4
acid,66,28,True,2.426172352910065,1.9450003586936775,0.1983255615122507,1.7172795116075594,test_e1a,primary,p0f4,0.26,0.1818746087230647,positive/all/chemistry/yield/ecfp4/k5/p0f4/scale0.5_ecfp4,positive,all,yield,ecfp4,0,4,scale0.5_ecfp4
acid,74,2,False,0.0085503985401096,0.0690342478937043,-7.07380469692343,0.4746063499410019,test_e1a,primary,p0f4,0.3018867924528302,-609.0604883056219,positive/all/chemistry/yield/ecfp4/k5/p0f4/scale0.5_ecfp4,positive,all,yield,ecfp4,0,4,scale0.5_ecfp4
acid,88,3,True,4.4105844611133085,3.047398330693625,0.3090715397105424,2.9565944948953407,test_e1a,primary,p0f4,0.24,0.0746109583845503,positive/all/chemistry/yield/ecfp4/k5/p0f4/scale0.5_ecfp4,positive,all,yield,ecfp4,0,4,scale0.5_ecfp4
acid,89,23,True,3.3627722138748495,3.883065175430497,-0.1547214406640182,1.956989742394733,test_e1a,primary,p0f4,0.2318840579710145,-0.1156976975199299,positive/all/chemistry/yield/ecfp4/k5/p0f4/scale0.5_ecfp4,positive,all,yield,ecfp4,0,4,scale0.5_ecfp4
acid,102,28,True,4.290817639075368,5.101301660521008,-0.1888880138052875,1.477973880448611,test_e1a,primary,p0f4,0.2692307692307692,-0.1642955426856163,positive/all/chemistry/yield/ecfp4/k5/p0f4/scale0.5_ecfp4,positive,all,yield,ecfp4,0,4,scale0.5_ecfp4
acid,104,2,False,0.0052253372958862,0.2057610761045598,-38.37756827038677,0.4962236800326199,test_e1a,primary,p0f4,0.4857142857142857,-2.7141145665983615,positive/all/chemistry/yield/ecfp4/k5/p0f4/scale0.5_ecfp4,positive,all,yield,ecfp4,0,4,scale0.5_ecfp4
acid,106,14,True,1.4552726691171436,1.8332440666636975,-0.2597254834558629,1.5022293654258687,test_e1a,primary,p0f4,0.2702702702702703,0.0733766175008296,positive/all/chemistry/yield/ecfp4/k5/p0f4/scale0.5_ecfp4,positive,all,yield,ecfp4,0,4,scale0.5_ecfp4
acid,108,13,True,4.736943155469654,5.315231364337966,-0.1220804619959547,1.384378958735285,test_e1a,primary,p0f4,0.65,-0.0261185664872556,positive/all/chemistry/yield/ecfp4/k5/p0f4/scale0.5_ecfp4,positive,all,yield,ecfp4,0,4,scale0.5_ecfp4
acid,119,12,True,1.9717337613453696,1.9388990492430045,0.0166527108000429,1.0782933281702605,test_e1a,primary,p0f4,0.5925925925925926,-0.2271926717118795,positive/all/chemistry/yield/ecfp4/k5/p0f4/scale0.5_ecfp4,positive,all,yield,ecfp4,0,4,scale0.5_ecfp4
acid,128,33,True,1.5738574571764892,1.0941383184620737,0.3048046927801421,1.3726420813915106,test_e1a,primary,p0f4,0.6585365853658537,0.0450604231845044,positive/all/chemistry/yield/ecfp4/k5/p0f4/scale0.5_ecfp4,positive,all,yield,ecfp4,0,4,scale0.5_ecfp4
acid,130,10,True,3.69172192189619,3.838904311236116,-0.0398682220529569,1.5057228830048883,test_e1a,primary,p0f4,0.5806451612903226,0.0968183705840068,positive/all/chemistry/yield/ecfp4/k5/p0f4/scale0.5_ecfp4,positive,all,yield,ecfp4,0,4,scale0.5_ecfp4
acid,143,12,True,0.531634595397002,0.7872775978050927,-0.4808622400075137,1.9220826597233291,test_e1a,primary,p0f4,0.2258064516129032,0.1517101844426281,positive/all/chemistry/yield/ecfp4/k5/p0f4/scale0.5_ecfp4,positive,all,yield,ecfp4,0,4,scale0.5_ecfp4
acid,144,50,True,1.588398247317938,1.5453034622405062,0.0271309699253311,1.8202431637726724,test_e1a,primary,p0f4,0.2321428571428571,-0.0228863117327811,positive/all/chemistry/yield/ecfp4/k5/p0f4/scale0.5_ecfp4,positive,all,yield,ecfp4,0,4,scale0.5_ecfp4
acid,148,8,True,1.5543705313362666,2.430271203633824,-0.563508284954785,1.3442651456746084,test_e1a,primary,p0f4,0.6896551724137931,-0.2057155198670985,positive/all/chemistry/yield/ecfp4/k5/p0f4/scale0.5_ecfp4,positive,all,yield,ecfp4,0,4,scale0.5_ecfp4
acid,149,2,False,0.7173791232200183,1.2589480971455846,-0.7549271457673414,0.2768802755692123,test_e1a,primary,p0f4,0.6551724137931034,0.061714911490643,positive/all/chemistry/yield/ecfp4/k5/p0f4/scale0.5_ecfp4,positive,all,yield,ecfp4,0,4,scale0.5_ecfp4
acid,155,31,True,1.532164902458508,1.6998280720426384,-0.1094289324309012,1.2179745545106528,test_e1a,primary,p0f4,0.282051282051282,-0.1926978408731521,positive/all/chemistry/yield/ecfp4/k5/p0f4/scale0.5_ecfp4,positive,all,yield,ecfp4,0,4,scale0.5_ecfp4
acid,157,12,True,2.1140476194821143,1.7193944232525722,0.1866813181465711,1.5286218644267835,test_e1a,primary,p0f4,0.4222222222222222,-0.1927649500732393,positive/all/chemistry/yield/ecfp4/k5/p0f4/scale0.5_ecfp4,positive,all,yield,ecfp4,0,4,scale0.5_ecfp4
acid,173,6,True,0.6247323082489941,2.7600180684089843,-3.417921135125524,1.2009605973830877,test_e1a,primary,p0f4,0.5925925925925926,-0.545525990131877,positive/all/chemistry/yield/ecfp4/k5/p0f4/scale0.5_ecfp4,positive,all,yield,ecfp4,0,4,scale0.5_ecfp4
acid,174,38,True,1.5179975469338611,1.6084547210764857,-0.0595898025825767,1.3450517549377177,test_e1a,primary,p0f4,0.72,0.010374578258684,positive/all/chemistry/yield/ecfp4/k5/p0f4/scale0.5_ecfp4,positive,all,yield,ecfp4,0,4,scale0.5_ecfp4
acid,182,38,True,0.8872924183183812,0.9806984284975008,-0.1052708309580112,1.1838356342142229,test_e1a,primary,p0f4,0.7254901960784313,-0.0179792031008032,positive/all/chemistry/yield/ecfp4/k5/p0f4/scale0.5_ecfp4,positive,all,yield,ecfp4,0,4,scale0.5_ecfp4
acid,193,2,False,2.565387905711092,2.311976575963728,0.0987809013924237,0.9079446385108108,test_e1a,primary,p0f4,0.1666666666666666,0.263724321298236,positive/all/chemistry/yield/ecfp4/k5/p0f4/scale0.5_ecfp4,positive,all,yield,ecfp4,0,4,scale0.5_ecfp4
acid,194,16,True,0.7507160551046667,1.253819123666022,-0.6701642586972669,0.901227410769848,test_e1a,primary,p0f4,0.3783783783783784,-0.0212344008093154,positive/all/chemistry/yield/ecfp4/k5/p0f4/scale0.5_ecfp4,positive,all,yield,ecfp4,0,4,scale0.5_ecfp4
acid,195,34,True,3.281727873584274,3.530948942500489,-0.075942027650214,1.3643029075124695,test_e1a,primary,p0f4,0.3636363636363636,-0.0052355273408093,positive/all/chemistry/yield/ecfp4/k5/p0f4/scale0.5_ecfp4,positive,all,yield,ecfp4,0,4,scale0.5_ecfp4
acid,209,6,True,0.6028275047845193,1.7493003475639015,-1.9018257025103544,1.262157774122121,test_e1a,primary,p0f4,0.4444444444444444,-0.2025689058749953,positive/all/chemistry/yield/ecfp4/k5/p0f4/scale0.5_ecfp4,positive,all,yield,ecfp4,0,4,scale0.5_ecfp4
acid,210,20,True,1.237820083309844,1.483287507165624,-0.1983062216921034,1.2014785093582758,test_e1a,primary,p0f4,0.3541666666666667,-0.0588901112596644,positive/all/chemistry/yield/ecfp4/k5/p0f4/scale0.5_ecfp4,positive,all,yield,ecfp4,0,4,scale0.5_ecfp4
acid,212,14,True,0.8045196931097278,0.7517367194838694,0.065608056680173,1.1358294462834442,test_e1a,primary,p0f4,0.3142857142857143,0.0633821609215969,positive/all/chemistry/yield/ecfp4/k5/p0f4/scale0.5_ecfp4,positive,all,yield,ecfp4,0,4,scale0.5_ecfp4
acid,215,64,True,3.334733055611742,3.2610760273411894,0.0220878334314049,1.6925500235827744,test_e1a,primary,p0f4,0.1875,-0.0118198327882363,positive/all/chemistry/yield/ecfp4/k5/p0f4/scale0.5_ecfp4,positive,all,yield,ecfp4,0,4,scale0.5_ecfp4
acid,219,80,True,2.230698762925514,1.7858268496152945,0.1994316403021534,1.7502797852653431,test_e1a,primary,p0f4,0.1833333333333333,0.0775177291418327,positive/all/chemistry/yield/ecfp4/k5/p0f4/scale0.5_ecfp4,positive,all,yield,ecfp4,0,4,scale0.5_ecfp4
acid,220,64,True,3.603950958882187,2.835544294488845,0.2132122976034262,2.096245097176568,test_e1a,primary,p0f4,0.2622950819672131,0.1555005112654821,positive/all/chemistry/yield/ecfp4/k5/p0f4/scale0.5_ecfp4,positive,all,yield,ecfp4,0,4,scale0.5_ecfp4
acid,223,13,True,2.1198023720292154,2.4063279310506336,-0.1351661658662721,1.5688532826844532,test_e1a,primary,p0f4,0.625,-0.0081531048928571,positive/all/chemistry/yield/ecfp4/k5/p0f4/scale0.5_ecfp4,positive,all,yield,ecfp4,0,4,scale0.5_ecfp4
acid,232,11,True,3.1118946261786564,3.0899053580757116,0.007066199452244,1.5102785886572698,test_e1a,primary,p0f4,0.3695652173913043,-0.0620083080132327,positive/all/chemistry/yield/ecfp4/k5/p0f4/scale0.5_ecfp4,positive,all,yield,ecfp4,0,4,scale0.5_ecfp4
acid,235,9,True,1.033139083534284,0.991060785883644,0.0407285895202933,1.0090433559217382,test_e1a,primary,p0f4,0.375,0.0004803191029509,positive/all/chemistry/yield/ecfp4/k5/p0f4/scale0.5_ecfp4,positive,all,yield,ecfp4,0,4,scale0.5_ecfp4
acid,239,7,True,3.0784291055797657,2.4433996051698936,0.2062836201940976,0.8841564829633181,test_e1a,primary,p0f4,0.4210526315789473,0.0123870374569404,positive/all/chemistry/yield/ecfp4/k5/p0f4/scale0.5_ecfp4,positive,all,yield,ecfp4,0,4,scale0.5_ecfp4
acid,240,46,True,1.1188556701498251,1.299517133694531,-0.1614698556432339,1.4514084880410276,test_e1a,primary,p0f4,0.6363636363636364,0.102861330179891,positive/all/chemistry/yield/ecfp4/k5/p0f4/scale0.5_ecfp4,positive,all,yield,ecfp4,0,4,scale0.5_ecfp4
acid,241,97,True,1.9943397793828592,2.207238842474639,-0.1067516504924055,1.6664833019340322,test_e1a,primary,p0f4,0.3265306122448979,0.0344649183578631,positive/all/chemistry/yield/ecfp4/k5/p0f4/scale0.5_ecfp4,positive,all,yield,ecfp4,0,4,scale0.5_ecfp4
acid,244,16,True,3.07724609204099,2.7261457421765343,0.114095635955975,1.685313447363014,test_e1a,primary,p0f4,0.3137254901960784,0.0819213862752694,positive/all/chemistry/yield/ecfp4/k5/p0f4/scale0.5_ecfp4,positive,all,yield,ecfp4,0,4,scale0.5_ecfp4
acid,245,19,True,2.300152033915575,2.0813351640223217,0.0951314811659466,1.2257259134209273,test_e1a,primary,p0f4,0.3584905660377358,0.1192759046918298,positive/all/chemistry/yield/ecfp4/k5/p0f4/scale0.5_ecfp4,positive,all,yield,ecfp4,0,4,scale0.5_ecfp4
acid,252,12,True,0.5530779015922832,0.6186927193946162,-0.1186357610988095,1.370629257542389,test_e1a,primary,p0f4,0.3947368421052631,0.1235941932231761,positive/all/chemistry/yield/ecfp4/k5/p0f4/scale0.5_ecfp4,positive,all,yield,ecfp4,0,4,scale0.5_ecfp4
acid,254,2,False,6.625698774830562,7.392029230114925,-0.115660322228271,0.1390754962380242,test_e1a,primary,p0f4,0.76,-0.0796168078998382,positive/all/chemistry/yield/ecfp4/k5/p0f4/scale0.5_ecfp4,positive,all,yield,ecfp4,0,4,scale0.5_ecfp4
acid,261,12,True,0.9363659444470516,0.9321144661798844,0.004540402491547,1.521973287248515,test_e1a,primary,p0f4,0.3939393939393939,0.0610491442732998,positive/all/chemistry/yield/ecfp4/k5/p0f4/scale0.5_ecfp4,positive,all,yield,ecfp4,0,4,scale0.5_ecfp4
acid,262,108,True,2.465706512720073,2.624975995457751,-0.0645938524784031,1.5117472333722357,test_e1a,primary,p0f4,0.3421052631578947,-0.0723652682752697,positive/all/chemistry/yield/ecfp4/k5/p0f4/scale0.5_ecfp4,positive,all,yield,ecfp4,0,4,scale0.5_ecfp4
acid,266,25,True,1.0818054191369653,0.5687158308220055,0.4742900888075496,1.2520976383645623,test_e1a,primary,p0f4,0.391304347826087,0.1336330813858719,positive/all/chemistry/yield/ecfp4/k5/p0f4/scale0.5_ecfp4,positive,all,yield,ecfp4,0,4,scale0.5_ecfp4
amine,0,8,True,4.137446235959314,3.928135305625138,0.0505894018670299,0.8245377799473027,test_e1n,primary,p0f4,0.1818181818181818,0.0266013060307998,positive/all/chemistry/yield/ecfp4/k5/p0f4/scale0.5_ecfp4,positive,all,yield,ecfp4,0,4,scale0.5_ecfp4
amine,14,8,True,1.779915705451374,1.739329173697626,0.022802502179987,0.796786345511293,test_e1n,primary,p0f4,0.1860465116279069,-0.0051079873919375,positive/all/chemistry/yield/ecfp4/k5/p0f4/scale0.5_ecfp4,positive,all,yield,ecfp4,0,4,scale0.5_ecfp4
amine,23,8,True,1.6926243302911843,1.9462424226774295,-0.1498372012309516,1.434903829235532,test_e1n,primary,p0f4,0.1666666666666666,-0.0575561274426772,positive/all/chemistry/yield/ecfp4/k5/p0f4/scale0.5_ecfp4,positive,all,yield,ecfp4,0,4,scale0.5_ecfp4
amine,32,56,True,2.812772073218452,2.9542341885129537,-0.0502927758140874,1.2682372981704466,test_e1n,primary,p0f4,0.25,0.0510766867781721,positive/all/chemistry/yield/ecfp4/k5/p0f4/scale0.5_ecfp4,positive,all,yield,ecfp4,0,4,scale0.5_ecfp4
amine,40,47,True,2.421686163071553,2.1372202944684835,0.1174660337664341,1.6530183716288411,test_e1n,primary,p0f4,0.3809523809523809,-0.018668539282076,positive/all/chemistry/yield/ecfp4/k5/p0f4/scale0.5_ecfp4,positive,all,yield,ecfp4,0,4,scale0.5_ecfp4
amine,42,4,True,1.0669042363344512,0.8066636830369461,0.2439211922071001,1.339643101645798,test_e1n,primary,p0f4,0.2444444444444444,-0.1309749700189328,positive/all/chemistry/yield/ecfp4/k5/p0f4/scale0.5_ecfp4,positive,all,yield,ecfp4,0,4,scale0.5_ecfp4
amine,47,30,True,5.607170256161448,4.987377093078612,0.1105358201673607,1.7786909774446,test_e1n,primary,p0f4,0.2857142857142857,0.0850034690902703,positive/all/chemistry/yield/ecfp4/k5/p0f4/scale0.5_ecfp4,positive,all,yield,ecfp4,0,4,scale0.5_ecfp4
amine,50,94,True,4.149886757814976,3.3794597722116513,0.1856501226575576,1.5713806775864805,test_e1n,primary,p0f4,0.196078431372549,0.0402991857744086,positive/all/chemistry/yield/ecfp4/k5/p0f4/scale0.5_ecfp4,positive,all,yield,ecfp4,0,4,scale0.5_ecfp4
amine,51,49,True,1.8544457777984764,1.690474272355714,0.0884207602108608,1.637391272302625,test_e1n,primary,p0f4,0.5789473684210527,-0.0658664599564584,positive/all/chemistry/yield/ecfp4/k5/p0f4/scale0.5_ecfp4,positive,all,yield,ecfp4,0,4,scale0.5_ecfp4
amine,53,18,True,0.8213971873464015,0.8353192409907635,-0.0169492346197803,0.9386819363287252,test_e1n,primary,p0f4,0.7647058823529411,0.0284527342999242,positive/all/chemistry/yield/ecfp4/k5/p0f4/scale0.5_ecfp4,positive,all,yield,ecfp4,0,4,scale0.5_ecfp4
amine,56,8,True,1.3710344537518404,1.2142869486612744,0.1143279110613346,1.4673280925810943,test_e1n,primary,p0f4,0.2105263157894736,0.0465899441620818,positive/all/chemistry/yield/ecfp4/k5/p0f4/scale0.5_ecfp4,positive,all,yield,ecfp4,0,4,scale0.5_ecfp4
amine,68,37,True,2.087625731831058,2.044005597094212,0.0208946144281267,1.5421228481203424,test_e1n,primary,p0f4,0.296875,0.0196080086995881,positive/all/chemistry/yield/ecfp4/k5/p0f4/scale0.5_ecfp4,positive,all,yield,ecfp4,0,4,scale0.5_ecfp4
amine,70,8,True,7.370333125610399,5.404326830895548,0.2667459205993527,1.6030295896520377,test_e1n,primary,p0f4,0.2244897959183673,0.0204407058505208,positive/all/chemistry/yield/ecfp4/k5/p0f4/scale0.5_ecfp4,positive,all,yield,ecfp4,0,4,scale0.5_ecfp4
amine,73,97,True,1.9698108721653005,1.6260996032489063,0.1744894770220107,1.6729891260465712,test_e1n,primary,p0f4,0.2207792207792207,0.0313771076617293,positive/all/chemistry/yield/ecfp4/k5/p0f4/scale0.5_ecfp4,positive,all,yield,ecfp4,0,4,scale0.5_ecfp4
amine,74,41,True,1.5229937749775262,1.9355333256401732,-0.2708740885488745,1.5893573975976625,test_e1n,primary,p0f4,0.3243243243243243,0.0250762535379159,positive/all/chemistry/yield/ecfp4/k5/p0f4/scale0.5_ecfp4,positive,all,yield,ecfp4,0,4,scale0.5_ecfp4
amine,81,56,True,3.739355253849724,3.4419163868426503,0.0795428213729774,1.5854049032172726,test_e1n,primary,p0f4,0.5370370370370371,0.0674075891746289,positive/all/chemistry/yield/ecfp4/k5/p0f4/scale0.5_ecfp4,positive,all,yield,ecfp4,0,4,scale0.5_ecfp4
amine,91,15,True,3.478783590177485,2.699255568941038,0.2240806307806794,1.385354514170028,test_e1n,primary,p0f4,0.2127659574468085,0.0139185961243466,positive/all/chemistry/yield/ecfp4/k5/p0f4/scale0.5_ecfp4,positive,all,yield,ecfp4,0,4,scale0.5_ecfp4
amine,93,8,True,0.9048896160341192,0.9817662714531832,-0.0849569428766272,0.9401106703843112,test_e1n,primary,p0f4,0.2045454545454545,-0.0040780102532684,positive/all/chemistry/yield/ecfp4/k5/p0f4/scale0.5_ecfp4,positive,all,yield,ecfp4,0,4,scale0.5_ecfp4
amine,102,12,True,2.2355420942804116,2.451488819665342,-0.0965970293905114,1.2719204014115495,test_e1n,primary,p0f4,0.2115384615384615,-0.0709824999073938,positive/all/chemistry/yield/ecfp4/k5/p0f4/scale0.5_ecfp4,positive,all,yield,ecfp4,0,4,scale0.5_ecfp4
amine,108,22,True,1.533571029838248,2.119459287641154,-0.3820418137819819,1.308519421192583,test_e1n,primary,p0f4,0.1714285714285714,0.1003687030552272,positive/all/chemistry/yield/ecfp4/k5/p0f4/scale0.5_ecfp4,positive,all,yield,ecfp4,0,4,scale0.5_ecfp4
amine,109,7,True,2.105461989800306,2.3665918539279036,-0.1240249719028954,1.7465094386683988,test_e1n,primary,p0f4,0.2,0.0193347356766411,positive/all/chemistry/yield/ecfp4/k5/p0f4/scale0.5_ecfp4,positive,all,yield,ecfp4,0,4,scale0.5_ecfp4
amine,110,8,True,5.526733848854937,5.086380745765537,0.0796769149975686,1.431861705932916,test_e1n,primary,p0f4,0.1733333333333333,-0.0392312592545114,positive/all/chemistry/yield/ecfp4/k5/p0f4/scale0.5_ecfp4,positive,all,yield,ecfp4,0,4,scale0.5_ecfp4
amine,114,8,True,0.9981246697875152,1.99518763234134,-0.9989362979737628,1.0882152993818708,test_e1n,primary,p0f4,0.1636363636363636,-0.0004700174185099,positive/all/chemistry/yield/ecfp4/k5/p0f4/scale0.5_ecfp4,positive,all,yield,ecfp4,0,4,scale0.5_ecfp4
amine,117,22,True,1.7018032882014276,1.1901265093431956,0.3006674052199088,0.937249216273762,test_e1n,primary,p0f4,0.4285714285714285,0.0634633784089767,positive/all/chemistry/yield/ecfp4/k5/p0f4/scale0.5_ecfp4,positive,all,yield,ecfp4,0,4,scale0.5_ecfp4
amine,120,36,True,2.1895816817373723,1.8344774984576984,0.1621790071781695,1.7577057803177702,test_e1n,primary,p0f4,0.1304347826086956,-0.0258509924630994,positive/all/chemistry/yield/ecfp4/k5/p0f4/scale0.5_ecfp4,positive,all,yield,ecfp4,0,4,scale0.5_ecfp4
amine,123,27,True,3.198706892287732,3.773293791629439,-0.1796309942392875,1.6142256247609093,test_e1n,primary,p0f4,0.3478260869565217,-0.0102958250243003,positive/all/chemistry/yield/ecfp4/k5/p0f4/scale0.5_ecfp4,positive,all,yield,ecfp4,0,4,scale0.5_ecfp4
amine,143,8,True,1.6806260203669976,2.1106366057990464,-0.2558633391491509,1.1283803280117912,test_e1n,primary,p0f4,0.1702127659574468,-0.0902063685526257,positive/all/chemistry/yield/ecfp4/k5/p0f4/scale0.5_ecfp4,positive,all,yield,ecfp4,0,4,scale0.5_ecfp4
amine,151,8,True,3.496767763214671,2.9722049218080215,0.1500136345698878,2.0590598913160196,test_e1n,primary,p0f4,0.1842105263157894,-0.0327441931337606,positive/all/chemistry/yield/ecfp4/k5/p0f4/scale0.5_ecfp4,positive,all,yield,ecfp4,0,4,scale0.5_ecfp4
amine,154,73,True,1.4419599313780291,1.428520950934137,0.0093199402781247,1.5208830661371409,test_e1n,primary,p0f4,0.3,0.0086047073104412,positive/all/chemistry/yield/ecfp4/k5/p0f4/scale0.5_ecfp4,positive,all,yield,ecfp4,0,4,scale0.5_ecfp4
amine,156,60,True,4.284334763884478,4.3382706542696265,-0.0125890933733308,1.3224973434277618,test_e1n,primary,p0f4,0.1451612903225806,0.0175625659573339,positive/all/chemistry/yield/ecfp4/k5/p0f4/scale0.5_ecfp4,positive,all,yield,ecfp4,0,4,scale0.5_ecfp4
amine,164,4,True,3.130572607228258,2.7708981502071968,0.1148909487646444,2.607348768040302,test_e1n,primary,p0f4,0.1666666666666666,-0.0147674897093466,positive/all/chemistry/yield/ecfp4/k5/p0f4/scale0.5_ecfp4,positive,all,yield,ecfp4,0,4,scale0.5_ecfp4
amine,169,51,True,2.458167071770932,2.0790249742845304,0.1542377252711537,2.093017960970922,test_e1n,primary,p0f4,0.1785714285714285,-0.0390874957708304,positive/all/chemistry/yield/ecfp4/k5/p0f4/scale0.5_ecfp4,positive,all,yield,ecfp4,0,4,scale0.5_ecfp4
amine,170,30,True,0.9641646810784436,1.053636491579529,-0.0927972287898051,1.0014924906548104,test_e1n,primary,p0f4,0.3125,0.0770603761456457,positive/all/chemistry/yield/ecfp4/k5/p0f4/scale0.5_ecfp4,positive,all,yield,ecfp4,0,4,scale0.5_ecfp4
amine,171,7,True,0.7229374517553618,0.8865953783196362,-0.2263790956837235,0.6213086617193759,test_e1n,primary,p0f4,0.2142857142857142,0.0715990936331002,positive/all/chemistry/yield/ecfp4/k5/p0f4/scale0.5_ecfp4,positive,all,yield,ecfp4,0,4,scale0.5_ecfp4
amine,172,71,True,1.2384173821948798,1.2614327755029595,-0.0185845205655053,1.5981969317058309,test_e1n,primary,p0f4,0.2592592592592592,-0.0449492965722153,positive/all/chemistry/yield/ecfp4/k5/p0f4/scale0.5_ecfp4,positive,all,yield,ecfp4,0,4,scale0.5_ecfp4
amine,178,67,True,1.363050798544485,1.230554399933551,0.0972057672042879,1.4364799227088871,test_e1n,primary,p0f4,0.3043478260869565,0.0538838922005917,positive/all/chemistry/yield/ecfp4/k5/p0f4/scale0.5_ecfp4,positive,all,yield,ecfp4,0,4,scale0.5_ecfp4
amine,189,55,True,1.9329561569170828,1.8508314035342417,0.0424866094810054,1.7078642735291376,test_e1n,primary,p0f4,0.25,-0.0249912329112065,positive/all/chemistry/yield/ecfp4/k5/p0f4/scale0.5_ecfp4,positive,all,yield,ecfp4,0,4,scale0.5_ecfp4
amine,192,84,True,1.7968978027450535,2.75238262988797,-0.5317413297980875,1.405208837534896,test_e1n,primary,p0f4,0.2558139534883721,0.049456295991987,positive/all/chemistry/yield/ecfp4/k5/p0f4/scale0.5_ecfp4,positive,all,yield,ecfp4,0,4,scale0.5_ecfp4
amine,194,8,True,3.633109410041501,3.2681513493910157,0.1004533636233973,2.4489579293777974,test_e1n,primary,p0f4,0.1666666666666666,0.0212090841311149,positive/all/chemistry/yield/ecfp4/k5/p0f4/scale0.5_ecfp4,positive,all,yield,ecfp4,0,4,scale0.5_ecfp4
amine,200,5,True,1.169691733725799,0.945515065526634,0.1916544861654265,0.9636471024500104,test_e1n,primary,p0f4,0.275,0.1087403666646763,positive/all/chemistry/yield/ecfp4/k5/p0f4/scale0.5_ecfp4,positive,all,yield,ecfp4,0,4,scale0.5_ecfp4
amine,201,8,True,1.0909678438208128,1.3656323644929018,-0.2517622514978559,1.269339209509412,test_e1n,primary,p0f4,0.1538461538461538,0.0081828309135436,positive/all/chemistry/yield/ecfp4/k5/p0f4/scale0.5_ecfp4,positive,all,yield,ecfp4,0,4,scale0.5_ecfp4
amine,206,8,True,4.679896168700649,4.309170113741136,0.0792167265246066,0.7746850904894016,test_e1n,primary,p0f4,0.2222222222222222,0.0451468758549725,positive/all/chemistry/yield/ecfp4/k5/p0f4/scale0.5_ecfp4,positive,all,yield,ecfp4,0,4,scale0.5_ecfp4
amine,210,37,True,1.9516969089714296,1.9250367434720017,0.0136599926847649,1.3173367391162998,test_e1n,primary,p0f4,0.3571428571428571,-0.0529319057576096,positive/all/chemistry/yield/ecfp4/k5/p0f4/scale0.5_ecfp4,positive,all,yield,ecfp4,0,4,scale0.5_ecfp4
amine,211,41,True,0.9688229183219432,1.6625644410160565,-0.7160663827975016,1.423232296280605,test_e1n,primary,p0f4,0.5945945945945946,-0.0382032452206,positive/all/chemistry/yield/ecfp4/k5/p0f4/scale0.5_ecfp4,positive,all,yield,ecfp4,0,4,scale0.5_ecfp4
amine,217,8,True,3.410229239270798,3.2012890330952946,0.0612686689121757,1.0955934844156106,test_e1n,primary,p0f4,0.1481481481481481,-0.0239855520325815,positive/all/chemistry/yield/ecfp4/k5/p0f4/scale0.5_ecfp4,positive,all,yield,ecfp4,0,4,scale0.5_ecfp4
amine,221,38,True,1.4102483379218254,1.455032160534474,-0.0317559832608227,1.8416410381209856,test_e1n,primary,p0f4,0.3095238095238095,0.0217183438527959,positive/all/chemistry/yield/ecfp4/k5/p0f4/scale0.5_ecfp4,positive,all,yield,ecfp4,0,4,scale0.5_ecfp4
acid,4,34,True,3.1737817724206208,3.1681282396386004,0.001781323729044,1.089579077988469,test_e1a,primary,p0f1,0.5882352941176471,0.0362822316290198,positive/all/chemistry/yield/shuffled_both/k5/p0f1/scale0.5_shuffled_both,positive,all,yield,shuffled_both,0,1,scale0.5_shuffled_both
acid,5,20,True,1.1335425795809997,1.0771390562530505,0.0497586278133441,1.518203848866895,test_e1a,primary,p0f1,0.5689655172413793,0.0167301749430892,positive/all/chemistry/yield/shuffled_both/k5/p0f1/scale0.5_shuffled_both,positive,all,yield,shuffled_both,0,1,scale0.5_shuffled_both
acid,11,30,True,2.797793280934167,2.358632904057088,0.1569666993876137,1.3588117419990424,test_e1a,primary,p0f1,0.4545454545454545,0.0413123853302843,positive/all/chemistry/yield/shuffled_both/k5/p0f1/scale0.5_shuffled_both,positive,all,yield,shuffled_both,0,1,scale0.5_shuffled_both
acid,12,21,True,1.067208794830863,1.0544253725133108,0.0119783704739597,1.449678296804677,test_e1a,primary,p0f1,0.3636363636363636,0.0403480002158973,positive/all/chemistry/yield/shuffled_both/k5/p0f1/scale0.5_shuffled_both,positive,all,yield,shuffled_both,0,1,scale0.5_shuffled_both
acid,18,92,True,3.71224303402677,3.510391196437935,0.0543746289611541,1.7905453379952074,test_e1a,primary,p0f1,0.4318181818181818,0.0377159470080232,positive/all/chemistry/yield/shuffled_both/k5/p0f1/scale0.5_shuffled_both,positive,all,yield,shuffled_both,0,1,scale0.5_shuffled_both
acid,31,2,False,0.2191434800151876,0.4747818590672061,-1.16653426802523,0.4497543329488203,test_e1a,primary,p0f1,0.4347826086956521,0.3885816616881069,positive/all/chemistry/yield/shuffled_both/k5/p0f1/scale0.5_shuffled_both,positive,all,yield,shuffled_both,0,1,scale0.5_shuffled_both
acid,33,12,True,2.792804332375948,2.6324072755258965,0.0574322572443145,2.06971525004514,test_e1a,primary,p0f1,0.6521739130434783,0.045127174905305,positive/all/chemistry/yield/shuffled_both/k5/p0f1/scale0.5_shuffled_both,positive,all,yield,shuffled_both,0,1,scale0.5_shuffled_both
acid,35,2,False,7.31189679098958,8.859100055827547,-0.2116008074327005,1.4413594184848826,test_e1a,primary,p0f1,0.6153846153846154,-0.1078434550017446,positive/all/chemistry/yield/shuffled_both/k5/p0f1/scale0.5_shuffled_both,positive,all,yield,shuffled_both,0,1,scale0.5_shuffled_both
acid,38,31,True,1.155593131778526,1.181897985072358,-0.0227630751433658,1.4150794367768142,test_e1a,primary,p0f1,0.6888888888888889,-0.0089196446507462,positive/all/chemistry/yield/shuffled_both/k5/p0f1/scale0.5_shuffled_both,positive,all,yield,shuffled_both,0,1,scale0.5_shuffled_both
acid,43,33,True,3.2542853428787772,3.3965093460943216,-0.0437036056247395,1.3745661945777894,test_e1a,primary,p0f1,0.5833333333333334,0.0446984107545394,positive/all/chemistry/yield/shuffled_both/k5/p0f1/scale0.5_shuffled_both,positive,all,yield,shuffled_both,0,1,scale0.5_shuffled_both
acid,51,2,False,1.3401495136273702,1.7964101044228546,-0.3404549911453747,1.4486685400923995,test_e1a,primary,p0f1,0.4,0.0601916181108834,positive/all/chemistry/yield/shuffled_both/k5/p0f1/scale0.5_shuffled_both,positive,all,yield,shuffled_both,0,1,scale0.5_shuffled_both
acid,52,36,True,3.0237004602989255,2.8370518890053,0.0617285256077162,1.3250026829306338,test_e1a,primary,p0f1,0.6041666666666666,0.0283456462443081,positive/all/chemistry/yield/shuffled_both/k5/p0f1/scale0.5_shuffled_both,positive,all,yield,shuffled_both,0,1,scale0.5_shuffled_both
acid,53,9,True,0.9609784493863968,1.0447372891913629,-0.0871599564573455,1.4782347719290092,test_e1a,primary,p0f1,0.6666666666666666,0.0126812314079121,positive/all/chemistry/yield/shuffled_both/k5/p0f1/scale0.5_shuffled_both,positive,all,yield,shuffled_both,0,1,scale0.5_shuffled_both
acid,62,41,True,2.1149965929377417,1.984613923031047,0.0616467517451613,1.4176200264512608,test_e1a,primary,p0f1,0.603448275862069,-0.0353855565262768,positive/all/chemistry/yield/shuffled_both/k5/p0f1/scale0.5_shuffled_both,positive,all,yield,shuffled_both,0,1,scale0.5_shuffled_both
acid,68,59,True,1.507913606340264,1.5335734303068849,-0.0170167732811283,1.5478330109195255,test_e1a,primary,p0f1,0.3148148148148148,-0.0081724752383114,positive/all/chemistry/yield/shuffled_both/k5/p0f1/scale0.5_shuffled_both,positive,all,yield,shuffled_both,0,1,scale0.5_shuffled_both
acid,69,30,True,8.87021163887812,9.402946477544011,-0.0600588644729644,1.3831337451949903,test_e1a,primary,p0f1,0.6666666666666666,-0.0364433760051146,positive/all/chemistry/yield/shuffled_both/k5/p0f1/scale0.5_shuffled_both,positive,all,yield,shuffled_both,0,1,scale0.5_shuffled_both
acid,71,49,True,1.600927619873272,1.612640129653933,-0.0073160770263855,1.628849029332342,test_e1a,primary,p0f1,0.3636363636363636,-0.0127723528092731,positive/all/chemistry/yield/shuffled_both/k5/p0f1/scale0.5_shuffled_both,positive,all,yield,shuffled_both,0,1,scale0.5_shuffled_both
acid,73,110,True,2.0944420312000283,2.1414755217339967,-0.022456334352219,1.8002881736661691,test_e1a,primary,p0f1,0.2272727272727272,-0.0061923288823122,positive/all/chemistry/yield/shuffled_both/k5/p0f1/scale0.5_shuffled_both,positive,all,yield,shuffled_both,0,1,scale0.5_shuffled_both
acid,76,38,True,0.8864350191585076,0.8850996084176573,0.0015064959212892,1.2917074451896955,test_e1a,primary,p0f1,0.6382978723404256,0.0032218810103008,positive/all/chemistry/yield/shuffled_both/k5/p0f1/scale0.5_shuffled_both,positive,all,yield,shuffled_both,0,1,scale0.5_shuffled_both
acid,77,34,True,1.2110379012173258,1.300986756253843,-0.0742741865849956,1.623893838408856,test_e1a,primary,p0f1,0.3636363636363636,0.0063472301228152,positive/all/chemistry/yield/shuffled_both/k5/p0f1/scale0.5_shuffled_both,positive,all,yield,shuffled_both,0,1,scale0.5_shuffled_both
acid,87,28,True,8.102218924876775,8.502341418410689,-0.0493843103036122,1.8498809563039065,test_e1a,primary,p0f1,0.5609756097560976,-0.0307697685645005,positive/all/chemistry/yield/shuffled_both/k5/p0f1/scale0.5_shuffled_both,positive,all,yield,shuffled_both,0,1,scale0.5_shuffled_both
acid,90,16,True,2.363644422842352,2.807474257430163,-0.1877735205425241,1.197474529141431,test_e1a,primary,p0f1,0.4814814814814814,-0.0486945483769181,positive/all/chemistry/yield/shuffled_both/k5/p0f1/scale0.5_shuffled_both,positive,all,yield,shuffled_both,0,1,scale0.5_shuffled_both
acid,91,8,True,2.2935210001676705,2.5357205475246607,-0.1056016262067292,1.934715849136858,test_e1a,primary,p0f1,0.3243243243243243,-0.0156888864846622,positive/all/chemistry/yield/shuffled_both/k5/p0f1/scale0.5_shuffled_both,positive,all,yield,shuffled_both,0,1,scale0.5_shuffled_both
acid,107,14,True,4.916496123581878,4.94003507378497,-0.0047877491635126,1.715955385045854,test_e1a,primary,p0f1,0.2631578947368421,-0.0053167381839491,positive/all/chemistry/yield/shuffled_both/k5/p0f1/scale0.5_shuffled_both,positive,all,yield,shuffled_both,0,1,scale0.5_shuffled_both
acid,109,4,True,0.838563346246954,0.7550112565815493,0.0996371830933793,1.0714296246323527,test_e1a,primary,p0f1,0.3333333333333333,-0.1965052168171603,positive/all/chemistry/yield/shuffled_both/k5/p0f1/scale0.5_shuffled_both,positive,all,yield,shuffled_both,0,1,scale0.5_shuffled_both
acid,111,10,True,2.369813279879822,2.252878483397085,0.0493434640929462,1.745540082003158,test_e1a,primary,p0f1,0.2325581395348837,-0.017523422883912,positive/all/chemistry/yield/shuffled_both/k5/p0f1/scale0.5_shuffled_both,positive,all,yield,shuffled_both,0,1,scale0.5_shuffled_both
acid,115,2,False,0.1647716655044704,0.2956246472654917,-0.7941473514903035,0.808729974819014,test_e1a,primary,p0f1,0.4146341463414634,0.2006587876455295,positive/all/chemistry/yield/shuffled_both/k5/p0f1/scale0.5_shuffled_both,positive,all,yield,shuffled_both,0,1,scale0.5_shuffled_both
acid,124,96,True,1.893703904614916,2.144071281953622,-0.1322104140613356,1.5214549362313112,test_e1a,primary,p0f1,0.4375,-0.0351314042362644,positive/all/chemistry/yield/shuffled_both/k5/p0f1/scale0.5_shuffled_both,positive,all,yield,shuffled_both,0,1,scale0.5_shuffled_both
acid,137,4,True,0.1044102347268856,0.1048783056665476,-0.0044829986340557,0.5219203900101133,test_e1a,primary,p0f1,0.5490196078431373,0.342185454512679,positive/all/chemistry/yield/shuffled_both/k5/p0f1/scale0.5_shuffled_both,positive,all,yield,shuffled_both,0,1,scale0.5_shuffled_both
acid,151,20,True,2.000408998693512,2.0885052136382622,-0.0440391015048855,1.5031775667256615,test_e1a,primary,p0f1,0.4242424242424242,-0.0254516532360795,positive/all/chemistry/yield/shuffled_both/k5/p0f1/scale0.5_shuffled_both,positive,all,yield,shuffled_both,0,1,scale0.5_shuffled_both
acid,152,4,True,0.590724709504123,0.7138129419530109,-0.2083681797435101,1.2342145071167523,test_e1a,primary,p0f1,0.7254901960784313,-0.0663944639862799,positive/all/chemistry/yield/shuffled_both/k5/p0f1/scale0.5_shuffled_both,positive,all,yield,shuffled_both,0,1,scale0.5_shuffled_both
acid,154,74,True,2.4357568799715947,2.3393914139500036,0.0395628425866192,1.6123875031852133,test_e1a,primary,p0f1,0.234375,0.0234810370482639,positive/all/chemistry/yield/shuffled_both/k5/p0f1/scale0.5_shuffled_both,positive,all,yield,shuffled_both,0,1,scale0.5_shuffled_both
acid,160,7,True,1.7848556373076665,1.5936526331860732,0.1071251927186727,1.4237016954032566,test_e1a,primary,p0f1,0.4821428571428571,0.0208255666480343,positive/all/chemistry/yield/shuffled_both/k5/p0f1/scale0.5_shuffled_both,positive,all,yield,shuffled_both,0,1,scale0.5_shuffled_both
acid,161,10,True,0.892302255989885,0.7851395962370327,0.1200968158866417,1.21895754253355,test_e1a,primary,p0f1,0.6274509803921569,0.0390767567710802,positive/all/chemistry/yield/shuffled_both/k5/p0f1/scale0.5_shuffled_both,positive,all,yield,shuffled_both,0,1,scale0.5_shuffled_both
acid,167,4,True,5.514497786120404,5.075796358385018,0.0795541941896442,1.4484015874788223,test_e1a,primary,p0f1,0.6551724137931034,0.0421132632903441,positive/all/chemistry/yield/shuffled_both/k5/p0f1/scale0.5_shuffled_both,positive,all,yield,shuffled_both,0,1,scale0.5_shuffled_both
acid,177,57,True,5.499725273368802,5.028064668682516,0.0857607573545896,1.824660990144395,test_e1a,primary,p0f1,0.7924528301886793,0.0327327303256774,positive/all/chemistry/yield/shuffled_both/k5/p0f1/scale0.5_shuffled_both,positive,all,yield,shuffled_both,0,1,scale0.5_shuffled_both
acid,179,28,True,2.1999516143940183,1.9723219619311705,0.1034702995163596,1.2658649501923245,test_e1a,primary,p0f1,0.7254901960784313,0.045678664892145,positive/all/chemistry/yield/shuffled_both/k5/p0f1/scale0.5_shuffled_both,positive,all,yield,shuffled_both,0,1,scale0.5_shuffled_both
acid,180,10,True,8.962127620242594,8.737743113632764,0.0250369684652801,1.852920889466681,test_e1a,primary,p0f1,0.7037037037037037,0.049659649026609,positive/all/chemistry/yield/shuffled_both/k5/p0f1/scale0.5_shuffled_both,positive,all,yield,shuffled_both,0,1,scale0.5_shuffled_both
acid,181,38,True,1.8846046391034816,1.8841305615076327,0.0002515528116679,1.4210862181959154,test_e1a,primary,p0f1,0.6666666666666666,0.0388960274717957,positive/all/chemistry/yield/shuffled_both/k5/p0f1/scale0.5_shuffled_both,positive,all,yield,shuffled_both,0,1,scale0.5_shuffled_both
acid,185,37,True,3.91291526972524,3.765186747932465,0.0377540814481137,1.6527345654534078,test_e1a,primary,p0f1,0.6296296296296297,0.0190125171755118,positive/all/chemistry/yield/shuffled_both/k5/p0f1/scale0.5_shuffled_both,positive,all,yield,shuffled_both,0,1,scale0.5_shuffled_both
acid,187,75,True,5.595212029649004,5.194681206180299,0.0715845657584188,1.4731443033305205,test_e1a,primary,p0f1,0.52,0.0362140811152406,positive/all/chemistry/yield/shuffled_both/k5/p0f1/scale0.5_shuffled_both,positive,all,yield,shuffled_both,0,1,scale0.5_shuffled_both
acid,192,45,True,1.4587549473136072,1.432978879836665,0.0176699092088157,1.4608694184090707,test_e1a,primary,p0f1,0.3529411764705882,-0.0029943937709664,positive/all/chemistry/yield/shuffled_both/k5/p0f1/scale0.5_shuffled_both,positive,all,yield,shuffled_both,0,1,scale0.5_shuffled_both
acid,199,2,False,0.2775610081296991,0.0499028145978129,0.8202095642537286,0.3713218528392381,test_e1a,primary,p0f1,0.9565217391304348,0.1101161418409485,positive/all/chemistry/yield/shuffled_both/k5/p0f1/scale0.5_shuffled_both,positive,all,yield,shuffled_both,0,1,scale0.5_shuffled_both
acid,217,20,True,0.9105676370756864,0.8261346666490267,0.0927256438608103,1.529157527174586,test_e1a,primary,p0f1,0.3050847457627119,0.0174424980537861,positive/all/chemistry/yield/shuffled_both/k5/p0f1/scale0.5_shuffled_both,positive,all,yield,shuffled_both,0,1,scale0.5_shuffled_both
acid,228,38,True,1.3048337850530076,1.3767390602166525,-0.0551068465480635,1.3199993785300643,test_e1a,primary,p0f1,0.3611111111111111,-0.0400505735178984,positive/all/chemistry/yield/shuffled_both/k5/p0f1/scale0.5_shuffled_both,positive,all,yield,shuffled_both,0,1,scale0.5_shuffled_both
acid,237,6,True,2.411525115534831,2.5023566059012357,-0.037665579255748,1.4181888923844794,test_e1a,primary,p0f1,0.4390243902439024,-0.0954671417758921,positive/all/chemistry/yield/shuffled_both/k5/p0f1/scale0.5_shuffled_both,positive,all,yield,shuffled_both,0,1,scale0.5_shuffled_both
acid,242,8,True,1.5543775361679495,1.4945060896611366,0.0385179566184518,1.2106097344397193,test_e1a,primary,p0f1,0.59375,-0.0349317144140262,positive/all/chemistry/yield/shuffled_both/k5/p0f1/scale0.5_shuffled_both,positive,all,yield,shuffled_both,0,1,scale0.5_shuffled_both
acid,246,10,True,0.8687977498739498,0.8801448740860955,-0.0130607200741392,1.6361881676857508,test_e1a,primary,p0f1,0.3823529411764705,0.0447478549338585,positive/all/chemistry/yield/shuffled_both/k5/p0f1/scale0.5_shuffled_both,positive,all,yield,shuffled_both,0,1,scale0.5_shuffled_both
acid,247,10,True,1.8846340819164864,1.626682069423845,0.1368711385237867,1.511390196250488,test_e1a,primary,p0f1,0.5,0.0610093894706761,positive/all/chemistry/yield/shuffled_both/k5/p0f1/scale0.5_shuffled_both,positive,all,yield,shuffled_both,0,1,scale0.5_shuffled_both
acid,251,21,True,1.3990293255527482,1.394450958432455,0.0032725312019348,1.6645194103541845,test_e1a,primary,p0f1,0.4516129032258064,0.029164867761431,positive/all/chemistry/yield/shuffled_both/k5/p0f1/scale0.5_shuffled_both,positive,all,yield,shuffled_both,0,1,scale0.5_shuffled_both
acid,265,18,True,1.27168580212518,1.2735357132831124,-0.0014546919961211,1.2926553073169624,test_e1a,primary,p0f1,0.3191489361702128,-0.0030151082452147,positive/all/chemistry/yield/shuffled_both/k5/p0f1/scale0.5_shuffled_both,positive,all,yield,shuffled_both,0,1,scale0.5_shuffled_both
acid,271,9,True,2.8933044490559334,2.624544453657769,0.092890326659491,1.2102836100112446,test_e1a,primary,p0f1,0.5172413793103449,0.0358334058858091,positive/all/chemistry/yield/shuffled_both/k5/p0f1/scale0.5_shuffled_both,positive,all,yield,shuffled_both,0,1,scale0.5_shuffled_both
amine,3,29,True,2.5720682992809456,2.736119868280034,-0.0637819645166308,1.2955601668074987,test_e1n,primary,p0f1,0.4078947368421052,-0.031095423152603,positive/all/chemistry/yield/shuffled_both/k5/p0f1/scale0.5_shuffled_both,positive,all,yield,shuffled_both,0,1,scale0.5_shuffled_both
amine,4,10,True,1.3918638578781837,1.5716746879126196,-0.1291870817800724,1.719117238715539,test_e1n,primary,p0f1,0.25,-0.0137971214149814,positive/all/chemistry/yield/shuffled_both/k5/p0f1/scale0.5_shuffled_both,positive,all,yield,shuffled_both,0,1,scale0.5_shuffled_both
amine,11,102,True,1.988453795258635,1.8002026150792816,0.094672142057426,1.570283440895428,test_e1n,primary,p0f1,0.2647058823529412,0.0290540752362443,positive/all/chemistry/yield/shuffled_both/k5/p0f1/scale0.5_shuffled_both,positive,all,yield,shuffled_both,0,1,scale0.5_shuffled_both
amine,17,10,True,0.8758395895262703,0.8881054856172834,-0.0140047289911244,1.6194971708025565,test_e1n,primary,p0f1,0.2131147540983606,0.0151697266850876,positive/all/chemistry/yield/shuffled_both/k5/p0f1/scale0.5_shuffled_both,positive,all,yield,shuffled_both,0,1,scale0.5_shuffled_both
amine,20,41,True,1.8988264677088744,1.8315700465128515,0.0354199935274625,1.6679942934862977,test_e1n,primary,p0f1,0.4473684210526316,0.0398249007080585,positive/all/chemistry/yield/shuffled_both/k5/p0f1/scale0.5_shuffled_both,positive,all,yield,shuffled_both,0,1,scale0.5_shuffled_both
amine,27,19,True,0.6795448085479789,0.7423660359653664,-0.0924460412722762,1.4679859384778635,test_e1n,primary,p0f1,0.4358974358974359,0.0349082838149186,positive/all/chemistry/yield/shuffled_both/k5/p0f1/scale0.5_shuffled_both,positive,all,yield,shuffled_both,0,1,scale0.5_shuffled_both
amine,30,10,True,1.347560615419185,1.387179610034894,-0.0294005287497842,1.9240274559288393,test_e1n,primary,p0f1,0.24,0.014190889887768,positive/all/chemistry/yield/shuffled_both/k5/p0f1/scale0.5_shuffled_both,positive,all,yield,shuffled_both,0,1,scale0.5_shuffled_both
amine,34,10,True,1.2154875908040554,1.0836647063498266,0.1084526781281468,1.2202944330046186,test_e1n,primary,p0f1,0.3513513513513513,-0.0216807387463597,positive/all/chemistry/yield/shuffled_both/k5/p0f1/scale0.5_shuffled_both,positive,all,yield,shuffled_both,0,1,scale0.5_shuffled_both
amine,38,7,True,3.289315036441089,3.16727375095468,0.0371023401937361,1.7658992927091626,test_e1n,primary,p0f1,0.4772727272727273,0.0288090301552387,positive/all/chemistry/yield/shuffled_both/k5/p0f1/scale0.5_shuffled_both,positive,all,yield,shuffled_both,0,1,scale0.5_shuffled_both
amine,41,37,True,1.8391546083776769,1.821503786876022,0.0095972472467796,1.7729950974217423,test_e1n,primary,p0f1,0.3809523809523809,0.017815591262271,positive/all/chemistry/yield/shuffled_both/k5/p0f1/scale0.5_shuffled_both,positive,all,yield,shuffled_both,0,1,scale0.5_shuffled_both
amine,48,8,True,0.8722735158019989,0.710347074022302,0.1856372328704901,1.5664682603986018,test_e1n,primary,p0f1,0.2592592592592592,0.0024346487282396,positive/all/chemistry/yield/shuffled_both/k5/p0f1/scale0.5_shuffled_both,positive,all,yield,shuffled_both,0,1,scale0.5_shuffled_both
amine,57,8,True,3.372276144150945,3.2279060533886037,0.0428108744928092,1.3579289969479922,test_e1n,primary,p0f1,0.44,0.0213959167868384,positive/all/chemistry/yield/shuffled_both/k5/p0f1/scale0.5_shuffled_both,positive,all,yield,shuffled_both,0,1,scale0.5_shuffled_both
amine,59,34,True,5.233389807768184,5.584619587689964,-0.0671132464469648,1.9855421796868824,test_e1n,primary,p0f1,0.71875,-0.0124274891029136,positive/all/chemistry/yield/shuffled_both/k5/p0f1/scale0.5_shuffled_both,positive,all,yield,shuffled_both,0,1,scale0.5_shuffled_both
amine,60,10,True,2.673424709714657,2.4154601808480516,0.0964921615070053,2.222267572487551,test_e1n,primary,p0f1,0.1724137931034483,0.0029701421327932,positive/all/chemistry/yield/shuffled_both/k5/p0f1/scale0.5_shuffled_both,positive,all,yield,shuffled_both,0,1,scale0.5_shuffled_both
amine,83,16,True,3.1868861485369546,2.880943228185404,0.09600058053282,1.2571420386400058,test_e1n,primary,p0f1,0.53125,0.0467915048713249,positive/all/chemistry/yield/shuffled_both/k5/p0f1/scale0.5_shuffled_both,positive,all,yield,shuffled_both,0,1,scale0.5_shuffled_both
amine,85,10,True,1.067385600568053,1.264916665017915,-0.1850606419505169,1.25056780443452,test_e1n,primary,p0f1,0.238095238095238,-0.0189601527395331,positive/all/chemistry/yield/shuffled_both/k5/p0f1/scale0.5_shuffled_both,positive,all,yield,shuffled_both,0,1,scale0.5_shuffled_both
amine,87,1,False,0.9994071368890248,0.7240388113588919,0.2755316780979822,,test_e1n,primary,p0f1,0.3414634146341463,0.1707765565479992,positive/all/chemistry/yield/shuffled_both/k5/p0f1/scale0.5_shuffled_both,positive,all,yield,shuffled_both,0,1,scale0.5_shuffled_both
amine,90,29,True,1.7637160044558589,1.661985756521538,0.057679494701703,0.9298906259252564,test_e1n,primary,p0f1,0.3414634146341463,0.0529007223507506,positive/all/chemistry/yield/shuffled_both/k5/p0f1/scale0.5_shuffled_both,positive,all,yield,shuffled_both,0,1,scale0.5_shuffled_both
amine,104,10,True,1.549579270341649,1.3507765499790296,0.1282946436930507,1.1597011944403863,test_e1n,primary,p0f1,0.2564102564102564,0.0061910302791986,positive/all/chemistry/yield/shuffled_both/k5/p0f1/scale0.5_shuffled_both,positive,all,yield,shuffled_both,0,1,scale0.5_shuffled_both
amine,106,78,True,1.345187295337869,1.4375855736841587,-0.0686880397001388,1.442343263379955,test_e1n,primary,p0f1,0.3333333333333333,0.0016306697254717,positive/all/chemistry/yield/shuffled_both/k5/p0f1/scale0.5_shuffled_both,positive,all,yield,shuffled_both,0,1,scale0.5_shuffled_both
amine,107,35,True,3.038212023655659,2.7980994303812867,0.0790308877079165,1.305501366620148,test_e1n,primary,p0f1,0.3157894736842105,0.075351276942606,positive/all/chemistry/yield/shuffled_both/k5/p0f1/scale0.5_shuffled_both,positive,all,yield,shuffled_both,0,1,scale0.5_shuffled_both
amine,118,63,True,1.9244973549440865,2.101504000549012,-0.091975520335318,1.4239500032152403,test_e1n,primary,p0f1,0.2972972972972973,-0.0394161481486086,positive/all/chemistry/yield/shuffled_both/k5/p0f1/scale0.5_shuffled_both,positive,all,yield,shuffled_both,0,1,scale0.5_shuffled_both
amine,124,38,True,4.462468906377299,4.2216090856375095,0.0539745656032645,1.5633600268107213,test_e1n,primary,p0f1,0.3478260869565217,0.0460252681494975,positive/all/chemistry/yield/shuffled_both/k5/p0f1/scale0.5_shuffled_both,positive,all,yield,shuffled_both,0,1,scale0.5_shuffled_both
amine,125,14,True,2.264572028479347,2.3670883008485437,-0.0452696010901609,2.0161123058080235,test_e1n,primary,p0f1,0.3404255319148936,-0.0325927118612521,positive/all/chemistry/yield/shuffled_both/k5/p0f1/scale0.5_shuffled_both,positive,all,yield,shuffled_both,0,1,scale0.5_shuffled_both
amine,128,35,True,1.2655029775372748,1.3285987980159326,-0.0498582947639087,1.0941297734801176,test_e1n,primary,p0f1,0.2545454545454545,-0.0452989527307401,positive/all/chemistry/yield/shuffled_both/k5/p0f1/scale0.5_shuffled_both,positive,all,yield,shuffled_both,0,1,scale0.5_shuffled_both
amine,135,29,True,1.3362931904677335,1.4324892628130486,-0.0719872502767482,1.444396854206998,test_e1n,primary,p0f1,0.1904761904761904,0.0028104326161301,positive/all/chemistry/yield/shuffled_both/k5/p0f1/scale0.5_shuffled_both,positive,all,yield,shuffled_both,0,1,scale0.5_shuffled_both
amine,137,30,True,2.5173109262177817,2.695835762108077,-0.0709188658544162,1.3645238358707314,test_e1n,primary,p0f1,0.1578947368421052,-0.0157536762433967,positive/all/chemistry/yield/shuffled_both/k5/p0f1/scale0.5_shuffled_both,positive,all,yield,shuffled_both,0,1,scale0.5_shuffled_both
amine,138,10,True,1.807188404278231,1.8351382155287672,-0.0154659089137412,1.9803728671883232,test_e1n,primary,p0f1,0.1707317073170731,-0.0006633960927673,positive/all/chemistry/yield/shuffled_both/k5/p0f1/scale0.5_shuffled_both,positive,all,yield,shuffled_both,0,1,scale0.5_shuffled_both
amine,139,67,True,2.6214752691635095,2.7883740264966854,-0.0636659667540682,1.568881881893181,test_e1n,primary,p0f1,0.2307692307692307,-0.0373284022183928,positive/all/chemistry/yield/shuffled_both/k5/p0f1/scale0.5_shuffled_both,positive,all,yield,shuffled_both,0,1,scale0.5_shuffled_both
amine,141,41,True,1.6124437620288523,1.7158576976838915,-0.0641349100603168,1.6034186651464668,test_e1n,primary,p0f1,0.3793103448275862,-0.0072269189112865,positive/all/chemistry/yield/shuffled_both/k5/p0f1/scale0.5_shuffled_both,positive,all,yield,shuffled_both,0,1,scale0.5_shuffled_both
amine,142,9,True,0.9062987771661984,0.8167055827257237,0.0988561351926495,1.526888965675243,test_e1n,primary,p0f1,0.1702127659574468,-0.0136040730760591,positive/all/chemistry/yield/shuffled_both/k5/p0f1/scale0.5_shuffled_both,positive,all,yield,shuffled_both,0,1,scale0.5_shuffled_both
amine,153,18,True,2.982112838242212,3.117428491452573,-0.0453757656233162,1.7048233560488808,test_e1n,primary,p0f1,0.1538461538461538,0.0134773106999426,positive/all/chemistry/yield/shuffled_both/k5/p0f1/scale0.5_shuffled_both,positive,all,yield,shuffled_both,0,1,scale0.5_shuffled_both
amine,157,10,True,5.141698138341773,5.593604495793651,-0.0878904877907944,2.2479665833056615,test_e1n,primary,p0f1,0.1780821917808219,-0.0008086088697776,positive/all/chemistry/yield/shuffled_both/k5/p0f1/scale0.5_shuffled_both,positive,all,yield,shuffled_both,0,1,scale0.5_shuffled_both
amine,174,2,False,1.2145955886351565,1.0385803634315105,0.1449167334795237,0.3970786263540737,test_e1n,primary,p0f1,0.1612903225806451,-0.0785606570577961,positive/all/chemistry/yield/shuffled_both/k5/p0f1/scale0.5_shuffled_both,positive,all,yield,shuffled_both,0,1,scale0.5_shuffled_both
amine,177,82,True,2.0712060751565273,1.96794666544862,0.0498547251992314,1.6594952867039303,test_e1n,primary,p0f1,0.4411764705882353,0.0072313495484499,positive/all/chemistry/yield/shuffled_both/k5/p0f1/scale0.5_shuffled_both,positive,all,yield,shuffled_both,0,1,scale0.5_shuffled_both
amine,179,49,True,1.6036966916832878,1.6065259918634929,-0.001764236463714,1.901867001554863,test_e1n,primary,p0f1,0.1923076923076923,0.0132838203771098,positive/all/chemistry/yield/shuffled_both/k5/p0f1/scale0.5_shuffled_both,positive,all,yield,shuffled_both,0,1,scale0.5_shuffled_both
amine,181,10,True,1.1273861217196282,1.137997271548715,-0.0094121699962932,1.4943457967176,test_e1n,primary,p0f1,0.2608695652173913,0.0222308943250308,positive/all/chemistry/yield/shuffled_both/k5/p0f1/scale0.5_shuffled_both,positive,all,yield,shuffled_both,0,1,scale0.5_shuffled_both
amine,184,9,True,5.207466397427496,5.374141482311336,-0.0320069439077277,1.1492840636764805,test_e1n,primary,p0f1,0.2142857142857142,-0.0091494885991356,positive/all/chemistry/yield/shuffled_both/k5/p0f1/scale0.5_shuffled_both,positive,all,yield,shuffled_both,0,1,scale0.5_shuffled_both
amine,187,44,True,3.772219228166759,3.79781157919098,-0.0067844283368065,1.762510315121068,test_e1n,primary,p0f1,0.1896551724137931,0.0026343455911903,positive/all/chemistry/yield/shuffled_both/k5/p0f1/scale0.5_shuffled_both,positive,all,yield,shuffled_both,0,1,scale0.5_shuffled_both
amine,191,46,True,1.7734522484164563,1.7048555180531388,0.0386797729820855,1.3185995444645555,test_e1n,primary,p0f1,0.2142857142857142,0.0311924212225457,positive/all/chemistry/yield/shuffled_both/k5/p0f1/scale0.5_shuffled_both,positive,all,yield,shuffled_both,0,1,scale0.5_shuffled_both
amine,199,5,True,0.6199873188813001,0.610019644707341,0.0160772226631097,0.9932225493420154,test_e1n,primary,p0f1,0.3333333333333333,0.0021097814756462,positive/all/chemistry/yield/shuffled_both/k5/p0f1/scale0.5_shuffled_both,positive,all,yield,shuffled_both,0,1,scale0.5_shuffled_both
amine,203,26,True,3.0425464582918123,2.8050120121937088,0.0780709347759518,1.3448621885946912,test_e1n,primary,p0f1,0.4067796610169492,0.0243229478377176,positive/all/chemistry/yield/shuffled_both/k5/p0f1/scale0.5_shuffled_both,positive,all,yield,shuffled_both,0,1,scale0.5_shuffled_both
amine,205,22,True,2.301419681024012,2.166316922849516,0.0587040943850719,1.3121948917063035,test_e1n,primary,p0f1,0.509090909090909,0.0426054443584991,positive/all/chemistry/yield/shuffled_both/k5/p0f1/scale0.5_shuffled_both,positive,all,yield,shuffled_both,0,1,scale0.5_shuffled_both
amine,209,82,True,8.639598900845277,9.132979180463067,-0.0571068501304521,1.8550622224725049,test_e1n,primary,p0f1,0.4,-0.0333494008282357,positive/all/chemistry/yield/shuffled_both/k5/p0f1/scale0.5_shuffled_both,positive,all,yield,shuffled_both,0,1,scale0.5_shuffled_both
amine,218,10,True,4.91500038916452,5.3486483695325315,-0.0882294905457221,1.5415863158466587,test_e1n,primary,p0f1,0.46875,0.0066550086602878,positive/all/chemistry/yield/shuffled_both/k5/p0f1/scale0.5_shuffled_both,positive,all,yield,shuffled_both,0,1,scale0.5_shuffled_both
amine,222,27,True,1.256808810161976,1.4981936446271544,-0.1920616982578828,1.4122044639672258,test_e1n,primary,p0f1,0.3928571428571428,-0.055983986331674,positive/all/chemistry/yield/shuffled_both/k5/p0f1/scale0.5_shuffled_both,positive,all,yield,shuffled_both,0,1,scale0.5_shuffled_both
amine,225,128,True,5.18456333256687,5.0404391867197536,0.0277987048478701,1.4847308677531832,test_e1n,primary,p0f1,0.196078431372549,-0.0341048340049914,positive/all/chemistry/yield/shuffled_both/k5/p0f1/scale0.5_shuffled_both,positive,all,yield,shuffled_both,0,1,scale0.5_shuffled_both
acid,8,11,True,6.383399897469096,5.376939289424817,0.1576684250102086,1.4658869599788873,test_e1a,primary,p0f0,0.3076923076923077,-0.0645410798513017,positive/all/chemistry/yield/shuffled_both/k5/p0f0/scale0.5_shuffled_both,positive,all,yield,shuffled_both,0,0,scale0.5_shuffled_both
acid,20,20,True,2.152413680993402,1.513494699962241,0.296838375760686,1.244914255834772,test_e1a,primary,p0f0,0.5161290322580645,-0.1608320961764651,positive/all/chemistry/yield/shuffled_both/k5/p0f0/scale0.5_shuffled_both,positive,all,yield,shuffled_both,0,0,scale0.5_shuffled_both
acid,21,15,True,1.479036423750803,1.94794426980334,-0.3170360367890046,1.1677879470796175,test_e1a,primary,p0f0,0.3055555555555556,-0.182475959199925,positive/all/chemistry/yield/shuffled_both/k5/p0f0/scale0.5_shuffled_both,positive,all,yield,shuffled_both,0,0,scale0.5_shuffled_both
acid,22,32,True,2.2493818725469,1.467426336544293,0.3476312962001534,1.1221653131010565,test_e1a,primary,p0f0,0.5434782608695652,0.0038158603425785,positive/all/chemistry/yield/shuffled_both/k5/p0f0/scale0.5_shuffled_both,positive,all,yield,shuffled_both,0,0,scale0.5_shuffled_both
acid,23,37,True,8.824309321451842,9.944552462826415,-0.126949668304495,1.5660609980710558,test_e1a,primary,p0f0,0.4651162790697674,-0.0090528712581237,positive/all/chemistry/yield/shuffled_both/k5/p0f0/scale0.5_shuffled_both,positive,all,yield,shuffled_both,0,0,scale0.5_shuffled_both
acid,24,60,True,4.741565024692138,6.753336979502498,-0.424284375376879,1.4970732375620597,test_e1a,primary,p0f0,0.4042553191489361,0.056845893067567,positive/all/chemistry/yield/shuffled_both/k5/p0f0/scale0.5_shuffled_both,positive,all,yield,shuffled_both,0,0,scale0.5_shuffled_both
acid,36,26,True,1.1869531137019331,0.6567800459107341,0.4466672370382575,1.2491854184938544,test_e1a,primary,p0f0,0.3888888888888889,0.0255393809819896,positive/all/chemistry/yield/shuffled_both/k5/p0f0/scale0.5_shuffled_both,positive,all,yield,shuffled_both,0,0,scale0.5_shuffled_both
acid,45,30,True,1.9460323218738216,1.7367469457992497,0.1075446557193111,1.446906900083171,test_e1a,primary,p0f0,0.6078431372549019,0.0172681603620651,positive/all/chemistry/yield/shuffled_both/k5/p0f0/scale0.5_shuffled_both,positive,all,yield,shuffled_both,0,0,scale0.5_shuffled_both
acid,48,12,True,0.6776297311024134,0.8049577911229284,-0.1879021155305114,1.4349599792033123,test_e1a,primary,p0f0,0.3777777777777777,-0.1357385926426246,positive/all/chemistry/yield/shuffled_both/k5/p0f0/scale0.5_shuffled_both,positive,all,yield,shuffled_both,0,0,scale0.5_shuffled_both
acid,54,12,True,1.943162399910219,1.936467668006904,0.0034452765778218,2.2583029945151183,test_e1a,primary,p0f0,0.5490196078431373,0.2271631883922544,positive/all/chemistry/yield/shuffled_both/k5/p0f0/scale0.5_shuffled_both,positive,all,yield,shuffled_both,0,0,scale0.5_shuffled_both
acid,56,31,True,1.2714123971941849,1.153951232961261,0.0923863606270815,1.5530473652632009,test_e1a,primary,p0f0,0.5833333333333334,-0.0575193331044945,positive/all/chemistry/yield/shuffled_both/k5/p0f0/scale0.5_shuffled_both,positive,all,yield,shuffled_both,0,0,scale0.5_shuffled_both
acid,59,70,True,1.446952351805387,1.5813840702607296,-0.0929068039369851,1.5505953696951515,test_e1a,primary,p0f0,0.5,-0.0571685932772896,positive/all/chemistry/yield/shuffled_both/k5/p0f0/scale0.5_shuffled_both,positive,all,yield,shuffled_both,0,0,scale0.5_shuffled_both
acid,79,5,True,2.8521576887984894,1.8254712622708236,0.3599683252296515,1.275098349223912,test_e1a,primary,p0f0,0.5319148936170213,-0.0949127690364335,positive/all/chemistry/yield/shuffled_both/k5/p0f0/scale0.5_shuffled_both,positive,all,yield,shuffled_both,0,0,scale0.5_shuffled_both
acid,81,36,True,3.571061035496152,3.543326839192541,0.0077663742030545,1.658894250861546,test_e1a,primary,p0f0,0.3714285714285714,0.0084661340072308,positive/all/chemistry/yield/shuffled_both/k5/p0f0/scale0.5_shuffled_both,positive,all,yield,shuffled_both,0,0,scale0.5_shuffled_both
acid,86,21,True,2.0623001422283984,1.681505304938126,0.18464569220211,1.598823527325267,test_e1a,primary,p0f0,0.2962962962962963,-0.0601092780995593,positive/all/chemistry/yield/shuffled_both/k5/p0f0/scale0.5_shuffled_both,positive,all,yield,shuffled_both,0,0,scale0.5_shuffled_both
acid,97,8,True,1.689870092798034,1.2756707972784531,0.2451071814838515,1.1111108237948073,test_e1a,primary,p0f0,0.1555555555555555,-0.3711578688598298,positive/all/chemistry/yield/shuffled_both/k5/p0f0/scale0.5_shuffled_both,positive,all,yield,shuffled_both,0,0,scale0.5_shuffled_both
acid,98,30,True,5.365185827173791,5.452489917682431,-0.016272333022737,1.6932933384366151,test_e1a,primary,p0f0,0.146788990825688,0.0473870384903704,positive/all/chemistry/yield/shuffled_both/k5/p0f0/scale0.5_shuffled_both,positive,all,yield,shuffled_both,0,0,scale0.5_shuffled_both
acid,100,27,True,1.5279559573290713,1.20296071173953,0.2126993543437247,1.2326894996155016,test_e1a,primary,p0f0,0.5142857142857142,-0.0835228210294725,positive/all/chemistry/yield/shuffled_both/k5/p0f0/scale0.5_shuffled_both,positive,all,yield,shuffled_both,0,0,scale0.5_shuffled_both
acid,103,35,True,10.02476672669222,8.080761595666154,0.1939202361537156,1.327807773823269,test_e1a,primary,p0f0,0.3272727272727272,0.088512341937379,positive/all/chemistry/yield/shuffled_both/k5/p0f0/scale0.5_shuffled_both,positive,all,yield,shuffled_both,0,0,scale0.5_shuffled_both
acid,114,59,True,2.6189408935811365,2.78237971580768,-0.0624064569869149,1.2236205466686867,test_e1a,primary,p0f0,0.3620689655172414,0.0777559433263221,positive/all/chemistry/yield/shuffled_both/k5/p0f0/scale0.5_shuffled_both,positive,all,yield,shuffled_both,0,0,scale0.5_shuffled_both
acid,116,10,True,1.3387685719691578,1.2431770007730574,0.0714026107256891,1.4392526110468369,test_e1a,primary,p0f0,0.40625,-0.034777441890567,positive/all/chemistry/yield/shuffled_both/k5/p0f0/scale0.5_shuffled_both,positive,all,yield,shuffled_both,0,0,scale0.5_shuffled_both
acid,120,13,True,6.3530101393555185,5.801249708865486,0.0868502360907621,1.4366087962294565,test_e1a,primary,p0f0,0.3611111111111111,-0.0091773038744709,positive/all/chemistry/yield/shuffled_both/k5/p0f0/scale0.5_shuffled_both,positive,all,yield,shuffled_both,0,0,scale0.5_shuffled_both
acid,125,12,True,2.5584409625434255,0.9369435505673964,0.6337834000140649,1.3677063580698452,test_e1a,primary,p0f0,0.5208333333333334,-0.0124325898684802,positive/all/chemistry/yield/shuffled_both/k5/p0f0/scale0.5_shuffled_both,positive,all,yield,shuffled_both,0,0,scale0.5_shuffled_both
acid,127,40,True,1.3085273316026955,1.072541912243048,0.180344279909393,1.1973118871460853,test_e1a,primary,p0f0,0.58,-0.0448936548387557,positive/all/chemistry/yield/shuffled_both/k5/p0f0/scale0.5_shuffled_both,positive,all,yield,shuffled_both,0,0,scale0.5_shuffled_both
acid,129,87,True,1.7464005364161346,1.729467268877338,0.0096960961621931,1.5526148544963876,test_e1a,primary,p0f0,0.3559322033898305,-0.0330003410392729,positive/all/chemistry/yield/shuffled_both/k5/p0f0/scale0.5_shuffled_both,positive,all,yield,shuffled_both,0,0,scale0.5_shuffled_both
acid,133,35,True,11.178510337778562,9.618181898774672,0.1395828595989798,1.7693734697107388,test_e1a,primary,p0f0,0.4857142857142857,-0.0007137331225692,positive/all/chemistry/yield/shuffled_both/k5/p0f0/scale0.5_shuffled_both,positive,all,yield,shuffled_both,0,0,scale0.5_shuffled_both
acid,136,2,False,5.863222767630748,4.761972014384995,0.1878234542486527,0.3153374533935504,test_e1a,primary,p0f0,0.5833333333333334,0.4596581481646353,positive/all/chemistry/yield/shuffled_both/k5/p0f0/scale0.5_shuffled_both,positive,all,yield,shuffled_both,0,0,scale0.5_shuffled_both
acid,138,10,True,3.3323010564780575,3.3272005229515065,0.0015306340694024,1.0143404933154363,test_e1a,primary,p0f0,0.5238095238095238,0.4820267572360731,positive/all/chemistry/yield/shuffled_both/k5/p0f0/scale0.5_shuffled_both,positive,all,yield,shuffled_both,0,0,scale0.5_shuffled_both
acid,141,30,True,1.1187950591634894,1.013753503821503,0.0938881115729316,1.374425165996523,test_e1a,primary,p0f0,0.4146341463414634,0.041599510791206,positive/all/chemistry/yield/shuffled_both/k5/p0f0/scale0.5_shuffled_both,positive,all,yield,shuffled_both,0,0,scale0.5_shuffled_both
acid,145,51,True,2.3160226584664114,2.226597830059033,0.0386113789001496,1.745595715292434,test_e1a,primary,p0f0,0.2653061224489796,0.1600021138381873,positive/all/chemistry/yield/shuffled_both/k5/p0f0/scale0.5_shuffled_both,positive,all,yield,shuffled_both,0,0,scale0.5_shuffled_both
acid,147,104,True,9.14387352947514,8.647019556621707,0.0543373627436809,1.4894872520986668,test_e1a,primary,p0f0,0.4375,0.0309540073595203,positive/all/chemistry/yield/shuffled_both/k5/p0f0/scale0.5_shuffled_both,positive,all,yield,shuffled_both,0,0,scale0.5_shuffled_both
acid,153,18,True,0.8532026721472364,0.7057730374400547,0.1727955613830285,1.077817941892227,test_e1a,primary,p0f0,0.2708333333333333,-0.0448810292963157,positive/all/chemistry/yield/shuffled_both/k5/p0f0/scale0.5_shuffled_both,positive,all,yield,shuffled_both,0,0,scale0.5_shuffled_both
acid,156,7,True,2.4427925635449506,2.075095052176879,0.1505234283317423,1.4127911315783244,test_e1a,primary,p0f0,0.3157894736842105,-0.1812211632468838,positive/all/chemistry/yield/shuffled_both/k5/p0f0/scale0.5_shuffled_both,positive,all,yield,shuffled_both,0,0,scale0.5_shuffled_both
acid,159,20,True,2.03155962023762,1.835549794781933,0.0964824381736633,1.4279502224532217,test_e1a,primary,p0f0,0.3584905660377358,-0.0084456450401246,positive/all/chemistry/yield/shuffled_both/k5/p0f0/scale0.5_shuffled_both,positive,all,yield,shuffled_both,0,0,scale0.5_shuffled_both
acid,166,16,True,3.192229375412154,1.6980137148963992,0.4680790396908224,1.433030507486782,test_e1a,primary,p0f0,0.6896551724137931,-0.1379950729370644,positive/all/chemistry/yield/shuffled_both/k5/p0f0/scale0.5_shuffled_both,positive,all,yield,shuffled_both,0,0,scale0.5_shuffled_both
acid,170,22,True,1.5122532805373003,1.8651472993483105,-0.2333564247158568,1.2961519839992286,test_e1a,primary,p0f0,0.8490566037735849,-0.1880862786397463,positive/all/chemistry/yield/shuffled_both/k5/p0f0/scale0.5_shuffled_both,positive,all,yield,shuffled_both,0,0,scale0.5_shuffled_both
acid,171,2,False,0.3711887108364939,0.7021061876964263,-0.891507384786008,0.9187428012848776,test_e1a,primary,p0f0,0.6530612244897959,-1.3156605258081044,positive/all/chemistry/yield/shuffled_both/k5/p0f0/scale0.5_shuffled_both,positive,all,yield,shuffled_both,0,0,scale0.5_shuffled_both
acid,176,10,True,1.2381970622968748,1.74607486334852,-0.4101752592673124,2.003590228688026,test_e1a,primary,p0f0,0.6428571428571429,0.0059675279089368,positive/all/chemistry/yield/shuffled_both/k5/p0f0/scale0.5_shuffled_both,positive,all,yield,shuffled_both,0,0,scale0.5_shuffled_both
acid,196,2,False,1.2862072459904434,0.4946429279235317,0.6154251739247261,0.056123012389792,test_e1a,primary,p0f0,0.6666666666666666,0.5024935781128994,positive/all/chemistry/yield/shuffled_both/k5/p0f0/scale0.5_shuffled_both,positive,all,yield,shuffled_both,0,0,scale0.5_shuffled_both
acid,200,16,True,1.6172558289374066,1.319982001112979,0.1838137309542095,1.4805917527586951,test_e1a,primary,p0f0,0.6896551724137931,-0.0756737931489794,positive/all/chemistry/yield/shuffled_both/k5/p0f0/scale0.5_shuffled_both,positive,all,yield,shuffled_both,0,0,scale0.5_shuffled_both
acid,202,10,True,6.827717143746628,7.986332669934524,-0.1696929591245661,1.4248720850008805,test_e1a,primary,p0f0,0.5769230769230769,0.0263968006209235,positive/all/chemistry/yield/shuffled_both/k5/p0f0/scale0.5_shuffled_both,positive,all,yield,shuffled_both,0,0,scale0.5_shuffled_both
acid,204,14,True,2.6614746566476204,3.2677111698107275,-0.2277821852065724,1.2107783214525936,test_e1a,primary,p0f0,0.6,0.3401628951095082,positive/all/chemistry/yield/shuffled_both/k5/p0f0/scale0.5_shuffled_both,positive,all,yield,shuffled_both,0,0,scale0.5_shuffled_both
acid,216,19,True,1.4032841668910343,1.2137766075833394,0.1350457475249276,1.3290180550765265,test_e1a,primary,p0f0,0.4827586206896552,0.0202550230937865,positive/all/chemistry/yield/shuffled_both/k5/p0f0/scale0.5_shuffled_both,positive,all,yield,shuffled_both,0,0,scale0.5_shuffled_both
acid,218,8,True,0.9944480435611388,1.4729991107193898,-0.4812227951543348,2.3206477641457135,test_e1a,primary,p0f0,0.5294117647058824,-0.0343608100253605,positive/all/chemistry/yield/shuffled_both/k5/p0f0/scale0.5_shuffled_both,positive,all,yield,shuffled_both,0,0,scale0.5_shuffled_both
acid,226,7,True,2.917396166324272,2.3044846471604505,0.2100885461627414,1.8306568804576449,test_e1a,primary,p0f0,0.5,-0.2041718154604452,positive/all/chemistry/yield/shuffled_both/k5/p0f0/scale0.5_shuffled_both,positive,all,yield,shuffled_both,0,0,scale0.5_shuffled_both
acid,227,8,True,3.1567989710301925,3.303218109554085,-0.0463821547927425,1.7509527221158587,test_e1a,primary,p0f0,0.3023255813953488,-0.0804682559844303,positive/all/chemistry/yield/shuffled_both/k5/p0f0/scale0.5_shuffled_both,positive,all,yield,shuffled_both,0,0,scale0.5_shuffled_both
acid,230,79,True,2.221869025357711,1.9864934097051024,0.1059358643404798,1.5697883159874162,test_e1a,primary,p0f0,0.6285714285714286,-0.1361250127440441,positive/all/chemistry/yield/shuffled_both/k5/p0f0/scale0.5_shuffled_both,positive,all,yield,shuffled_both,0,0,scale0.5_shuffled_both
acid,236,50,True,2.8866221104930663,2.0855349847342404,0.2775171446400345,1.654671351735131,test_e1a,primary,p0f0,0.3469387755102041,0.0474205574710766,positive/all/chemistry/yield/shuffled_both/k5/p0f0/scale0.5_shuffled_both,positive,all,yield,shuffled_both,0,0,scale0.5_shuffled_both
acid,263,113,True,1.561538224166402,1.29061836692818,0.1734955014520041,1.5576815908585675,test_e1a,primary,p0f0,0.275,0.0146504437780229,positive/all/chemistry/yield/shuffled_both/k5/p0f0/scale0.5_shuffled_both,positive,all,yield,shuffled_both,0,0,scale0.5_shuffled_both
amine,1,8,True,2.3545903186471335,2.5451441585745425,-0.0809286602507117,1.2495743023105006,test_e1n,primary,p0f0,0.225,-0.0743985020140383,positive/all/chemistry/yield/shuffled_both/k5/p0f0/scale0.5_shuffled_both,positive,all,yield,shuffled_both,0,0,scale0.5_shuffled_both
amine,6,27,True,4.326615874397654,2.358057985892216,0.4549879040924792,1.127933790947136,test_e1n,primary,p0f0,0.1860465116279069,-0.0676154358336271,positive/all/chemistry/yield/shuffled_both/k5/p0f0/scale0.5_shuffled_both,positive,all,yield,shuffled_both,0,0,scale0.5_shuffled_both
amine,7,66,True,6.674908519848383,6.514881589246684,0.0239744005668161,1.7641375777298345,test_e1n,primary,p0f0,0.1860465116279069,0.0410686497930761,positive/all/chemistry/yield/shuffled_both/k5/p0f0/scale0.5_shuffled_both,positive,all,yield,shuffled_both,0,0,scale0.5_shuffled_both
amine,8,8,True,0.923739371063262,1.2690738707437763,-0.3738440847043474,1.102893641837805,test_e1n,primary,p0f0,0.1621621621621621,0.140112779958699,positive/all/chemistry/yield/shuffled_both/k5/p0f0/scale0.5_shuffled_both,positive,all,yield,shuffled_both,0,0,scale0.5_shuffled_both
amine,9,143,True,2.029286045568099,1.5599406977012622,0.2312859485196153,1.655351912911666,test_e1n,primary,p0f0,0.18,-0.059394409146815,positive/all/chemistry/yield/shuffled_both/k5/p0f0/scale0.5_shuffled_both,positive,all,yield,shuffled_both,0,0,scale0.5_shuffled_both
amine,10,26,True,3.038975012981732,2.8000581866586893,0.0786175685230876,1.6678835787834063,test_e1n,primary,p0f0,0.2903225806451613,-0.0938131157263499,positive/all/chemistry/yield/shuffled_both/k5/p0f0/scale0.5_shuffled_both,positive,all,yield,shuffled_both,0,0,scale0.5_shuffled_both
amine,13,25,True,10.033661970465609,9.80329911879874,0.0229590006465184,1.165558151200904,test_e1n,primary,p0f0,0.28,-0.0352593001075876,positive/all/chemistry/yield/shuffled_both/k5/p0f0/scale0.5_shuffled_both,positive,all,yield,shuffled_both,0,0,scale0.5_shuffled_both
amine,19,8,True,4.321801149236645,7.317347331725603,-0.6931244819114499,1.39016179487241,test_e1n,primary,p0f0,0.2131147540983606,-0.0542822155385589,positive/all/chemistry/yield/shuffled_both/k5/p0f0/scale0.5_shuffled_both,positive,all,yield,shuffled_both,0,0,scale0.5_shuffled_both
amine,21,48,True,2.5609084662347112,2.4796100466089457,0.0317459295002832,1.694136958006027,test_e1n,primary,p0f0,0.2553191489361702,-0.0357534624838522,positive/all/chemistry/yield/shuffled_both/k5/p0f0/scale0.5_shuffled_both,positive,all,yield,shuffled_both,0,0,scale0.5_shuffled_both
amine,26,29,True,4.006979412534632,3.593448595549805,0.1032026308124319,1.495649664132081,test_e1n,primary,p0f0,0.425,-0.0171684458450347,positive/all/chemistry/yield/shuffled_both/k5/p0f0/scale0.5_shuffled_both,positive,all,yield,shuffled_both,0,0,scale0.5_shuffled_both
amine,33,82,True,5.991909765890592,5.866422715355933,0.0209427470435226,1.7649722353585944,test_e1n,primary,p0f0,0.2777777777777778,-0.0435896193056066,positive/all/chemistry/yield/shuffled_both/k5/p0f0/scale0.5_shuffled_both,positive,all,yield,shuffled_both,0,0,scale0.5_shuffled_both
amine,36,8,True,0.6147730676576885,0.765333487156116,-0.2449040587806963,1.071164468494137,test_e1n,primary,p0f0,0.1791044776119403,-0.1725491079295746,positive/all/chemistry/yield/shuffled_both/k5/p0f0/scale0.5_shuffled_both,positive,all,yield,shuffled_both,0,0,scale0.5_shuffled_both
amine,46,26,True,5.4774565267168684,4.742827754712423,0.1341185947202349,1.7290567545510476,test_e1n,primary,p0f0,0.7368421052631579,-0.0974288746799345,positive/all/chemistry/yield/shuffled_both/k5/p0f0/scale0.5_shuffled_both,positive,all,yield,shuffled_both,0,0,scale0.5_shuffled_both
amine,54,6,True,1.06986582509228,1.2915069753795574,-0.2071672401239284,0.8339320904394733,test_e1n,primary,p0f0,0.1956521739130435,0.1044659036044991,positive/all/chemistry/yield/shuffled_both/k5/p0f0/scale0.5_shuffled_both,positive,all,yield,shuffled_both,0,0,scale0.5_shuffled_both
amine,61,48,True,2.196386303336619,1.9723620089245344,0.1019967635346114,1.3719964822864237,test_e1n,primary,p0f0,0.8333333333333334,-0.0153930202157779,positive/all/chemistry/yield/shuffled_both/k5/p0f0/scale0.5_shuffled_both,positive,all,yield,shuffled_both,0,0,scale0.5_shuffled_both
amine,63,8,True,2.375866408168977,1.986289970987569,0.1639723663931278,1.433373099983872,test_e1n,primary,p0f0,0.1891891891891892,0.0590556540791328,positive/all/chemistry/yield/shuffled_both/k5/p0f0/scale0.5_shuffled_both,positive,all,yield,shuffled_both,0,0,scale0.5_shuffled_both
amine,67,39,True,1.6214319349382065,1.273280554450973,0.2147184676614264,1.616174830001488,test_e1n,primary,p0f0,0.3658536585365853,-0.0566928910794148,positive/all/chemistry/yield/shuffled_both/k5/p0f0/scale0.5_shuffled_both,positive,all,yield,shuffled_both,0,0,scale0.5_shuffled_both
amine,78,8,True,2.679680869386237,2.560256708911994,0.0445665608314009,1.4103367029105147,test_e1n,primary,p0f0,0.1444444444444444,0.0309210109195064,positive/all/chemistry/yield/shuffled_both/k5/p0f0/scale0.5_shuffled_both,positive,all,yield,shuffled_both,0,0,scale0.5_shuffled_both
amine,80,6,True,5.7715618568816645,5.37986780390509,0.0678662141530271,1.7179297952625847,test_e1n,primary,p0f0,0.3,-0.0163762321944542,positive/all/chemistry/yield/shuffled_both/k5/p0f0/scale0.5_shuffled_both,positive,all,yield,shuffled_both,0,0,scale0.5_shuffled_both
amine,84,4,True,3.5508927932548855,3.7826083559746,-0.0652555783041015,1.0165168710523242,test_e1n,primary,p0f0,0.4054054054054054,-0.1414843662048008,positive/all/chemistry/yield/shuffled_both/k5/p0f0/scale0.5_shuffled_both,positive,all,yield,shuffled_both,0,0,scale0.5_shuffled_both
amine,89,17,True,1.8919866220148744,1.8467346857698688,0.0239176829891188,1.9308357752287937,test_e1n,primary,p0f0,0.2857142857142857,-0.115545843043906,positive/all/chemistry/yield/shuffled_both/k5/p0f0/scale0.5_shuffled_both,positive,all,yield,shuffled_both,0,0,scale0.5_shuffled_both
amine,95,38,True,4.267040807942695,3.4431024685546854,0.1930936160381512,1.3496131630755943,test_e1n,primary,p0f0,0.1935483870967742,-0.063191941136915,positive/all/chemistry/yield/shuffled_both/k5/p0f0/scale0.5_shuffled_both,positive,all,yield,shuffled_both,0,0,scale0.5_shuffled_both
amine,100,7,True,1.0269546694270215,0.7795530238003201,0.2409080488087529,1.3239378274868712,test_e1n,primary,p0f0,0.2352941176470588,0.0889543608594926,positive/all/chemistry/yield/shuffled_both/k5/p0f0/scale0.5_shuffled_both,positive,all,yield,shuffled_both,0,0,scale0.5_shuffled_both
amine,101,36,True,2.343064801567932,1.8009771864161384,0.2313583537207505,1.3710104308158713,test_e1n,primary,p0f0,0.2222222222222222,-0.111405267407094,positive/all/chemistry/yield/shuffled_both/k5/p0f0/scale0.5_shuffled_both,positive,all,yield,shuffled_both,0,0,scale0.5_shuffled_both
amine,115,14,True,2.9411570352621896,2.303647434360951,0.2167546966238093,1.4236347248729504,test_e1n,primary,p0f0,0.1860465116279069,-0.2347560177558829,positive/all/chemistry/yield/shuffled_both/k5/p0f0/scale0.5_shuffled_both,positive,all,yield,shuffled_both,0,0,scale0.5_shuffled_both
amine,144,21,True,1.6676253302945785,1.5422966657199868,0.0751539703180527,1.1478796369641509,test_e1n,primary,p0f0,0.2222222222222222,0.1214193609982329,positive/all/chemistry/yield/shuffled_both/k5/p0f0/scale0.5_shuffled_both,positive,all,yield,shuffled_both,0,0,scale0.5_shuffled_both
amine,146,3,True,2.5138676773639648,2.490106008960586,0.0094522351424221,1.5290954131538566,test_e1n,primary,p0f0,0.1923076923076923,0.0309695861567864,positive/all/chemistry/yield/shuffled_both/k5/p0f0/scale0.5_shuffled_both,positive,all,yield,shuffled_both,0,0,scale0.5_shuffled_both
amine,147,8,True,7.892821591894981,7.279045692150774,0.0777638126743526,0.5367477671197903,test_e1n,primary,p0f0,0.1684210526315789,0.0181684289540714,positive/all/chemistry/yield/shuffled_both/k5/p0f0/scale0.5_shuffled_both,positive,all,yield,shuffled_both,0,0,scale0.5_shuffled_both
amine,150,33,True,1.3959377343892785,0.9949916219311172,0.2872234932696152,1.6705417601008818,test_e1n,primary,p0f0,0.3018867924528302,-0.1083379235266006,positive/all/chemistry/yield/shuffled_both/k5/p0f0/scale0.5_shuffled_both,positive,all,yield,shuffled_both,0,0,scale0.5_shuffled_both
amine,155,8,True,3.41777811956731,2.272567456046067,0.335074607963792,1.3242556682155875,test_e1n,primary,p0f0,0.1836734693877551,-0.010867200199788,positive/all/chemistry/yield/shuffled_both/k5/p0f0/scale0.5_shuffled_both,positive,all,yield,shuffled_both,0,0,scale0.5_shuffled_both
amine,159,33,True,4.107189192358078,3.611289520969802,0.1207394274193546,1.4797020335766242,test_e1n,primary,p0f0,0.1842105263157894,-0.1544132524759287,positive/all/chemistry/yield/shuffled_both/k5/p0f0/scale0.5_shuffled_both,positive,all,yield,shuffled_both,0,0,scale0.5_shuffled_both
amine,160,7,True,12.5481355055404,13.092919226209004,-0.0434155114461478,1.6472536042058965,test_e1n,primary,p0f0,0.1566265060240964,0.0070650641994427,positive/all/chemistry/yield/shuffled_both/k5/p0f0/scale0.5_shuffled_both,positive,all,yield,shuffled_both,0,0,scale0.5_shuffled_both
amine,161,53,True,2.2602662244327627,2.231888744410569,0.0125549281387485,1.681292582880855,test_e1n,primary,p0f0,0.4444444444444444,-0.1002683056833415,positive/all/chemistry/yield/shuffled_both/k5/p0f0/scale0.5_shuffled_both,positive,all,yield,shuffled_both,0,0,scale0.5_shuffled_both
amine,167,46,True,1.451848968026711,1.5541603859422095,-0.0704697390490662,1.6254759358724165,test_e1n,primary,p0f0,0.3076923076923077,-0.0651699019028677,positive/all/chemistry/yield/shuffled_both/k5/p0f0/scale0.5_shuffled_both,positive,all,yield,shuffled_both,0,0,scale0.5_shuffled_both
amine,168,6,True,1.7136264208394627,1.2964257207954188,0.2434607070540309,1.101054931848623,test_e1n,primary,p0f0,0.1875,-0.1571225558438593,positive/all/chemistry/yield/shuffled_both/k5/p0f0/scale0.5_shuffled_both,positive,all,yield,shuffled_both,0,0,scale0.5_shuffled_both
amine,173,65,True,1.3688179618300222,1.2499212575847007,0.0868608591944279,1.445776862663517,test_e1n,primary,p0f0,0.1935483870967742,-0.1038179420383722,positive/all/chemistry/yield/shuffled_both/k5/p0f0/scale0.5_shuffled_both,positive,all,yield,shuffled_both,0,0,scale0.5_shuffled_both
amine,182,97,True,2.2520242123534135,2.779976232233278,-0.234434433246232,1.3704120754234,test_e1n,primary,p0f0,0.1428571428571428,-0.0486054802623936,positive/all/chemistry/yield/shuffled_both/k5/p0f0/scale0.5_shuffled_both,positive,all,yield,shuffled_both,0,0,scale0.5_shuffled_both
amine,183,56,True,1.350471016691195,1.30515787301731,0.0335535847225416,1.3251668714436775,test_e1n,primary,p0f0,0.2631578947368421,-0.0826142076587586,positive/all/chemistry/yield/shuffled_both/k5/p0f0/scale0.5_shuffled_both,positive,all,yield,shuffled_both,0,0,scale0.5_shuffled_both
amine,186,13,True,4.674575536070111,5.234324845306771,-0.1197433445919324,1.5400674714008773,test_e1n,primary,p0f0,0.3333333333333333,0.0303667268761687,positive/all/chemistry/yield/shuffled_both/k5/p0f0/scale0.5_shuffled_both,positive,all,yield,shuffled_both,0,0,scale0.5_shuffled_both
amine,197,8,True,1.202151882820924,0.941390883820082,0.2169118584158852,0.9855055206892044,test_e1n,primary,p0f0,0.1830985915492957,0.0457915133885533,positive/all/chemistry/yield/shuffled_both/k5/p0f0/scale0.5_shuffled_both,positive,all,yield,shuffled_both,0,0,scale0.5_shuffled_both
amine,204,36,True,2.1205563037630384,2.441333053996448,-0.1512700934486739,1.4407146788603822,test_e1n,primary,p0f0,0.2758620689655172,-0.2363557702332561,positive/all/chemistry/yield/shuffled_both/k5/p0f0/scale0.5_shuffled_both,positive,all,yield,shuffled_both,0,0,scale0.5_shuffled_both
amine,216,8,True,1.2485215449757645,1.1335196208160077,0.0921104842944372,1.3222310271572273,test_e1n,primary,p0f0,0.2542372881355932,0.1292970897891766,positive/all/chemistry/yield/shuffled_both/k5/p0f0/scale0.5_shuffled_both,positive,all,yield,shuffled_both,0,0,scale0.5_shuffled_both
amine,220,57,True,1.8756035489845624,1.7252347141930593,0.080170905452227,1.9489680103578653,test_e1n,primary,p0f0,0.1212121212121212,-0.0578942011667287,positive/all/chemistry/yield/shuffled_both/k5/p0f0/scale0.5_shuffled_both,positive,all,yield,shuffled_both,0,0,scale0.5_shuffled_both
amine,223,43,True,2.8956019612110637,2.6643130339940724,0.0798759395508409,1.2822709225117963,test_e1n,primary,p0f0,0.2926829268292683,-0.0309546238660358,positive/all/chemistry/yield/shuffled_both/k5/p0f0/scale0.5_shuffled_both,positive,all,yield,shuffled_both,0,0,scale0.5_shuffled_both
amine,226,25,True,5.226620526878516,4.701760394895494,0.1004205545981129,1.7178450604526825,test_e1n,primary,p0f0,0.225,-0.0864491581708826,positive/all/chemistry/yield/shuffled_both/k5/p0f0/scale0.5_shuffled_both,positive,all,yield,shuffled_both,0,0,scale0.5_shuffled_both
amine,227,59,True,4.593489905071576,4.42293050033645,0.0371306802148003,1.4711608633901068,test_e1n,primary,p0f0,0.3023255813953488,-0.0607318729826571,positive/all/chemistry/yield/shuffled_both/k5/p0f0/scale0.5_shuffled_both,positive,all,yield,shuffled_both,0,0,scale0.5_shuffled_both
acid,0,21,True,0.953852899072581,0.8141713425566053,0.1464393059472652,1.5367052256288392,test_e1a,primary,p0f2,0.46875,-0.0562698219146444,positive/all/chemistry/yield/shuffled_both/k5/p0f2/scale0.5_shuffled_both,positive,all,yield,shuffled_both,0,2,scale0.5_shuffled_both
acid,1,9,True,8.623708133143506,8.483797619005863,0.0162239389341024,1.4515518829003011,test_e1a,primary,p0f2,0.1612903225806451,0.1249939357608761,positive/all/chemistry/yield/shuffled_both/k5/p0f2/scale0.5_shuffled_both,positive,all,yield,shuffled_both,0,2,scale0.5_shuffled_both
acid,2,70,True,0.9153989750298508,1.0204286996948888,-0.1147365548029075,1.544470575541708,test_e1a,primary,p0f2,0.1612903225806451,0.0760855322909964,positive/all/chemistry/yield/shuffled_both/k5/p0f2/scale0.5_shuffled_both,positive,all,yield,shuffled_both,0,2,scale0.5_shuffled_both
acid,3,34,True,1.5719780373062324,1.556660044876046,0.009744406134602,1.3090094465322073,test_e1a,primary,p0f2,0.75,-0.1338919511663447,positive/all/chemistry/yield/shuffled_both/k5/p0f2/scale0.5_shuffled_both,positive,all,yield,shuffled_both,0,2,scale0.5_shuffled_both
acid,10,34,True,1.8733188082557848,2.1270755950846674,-0.1354584098075388,1.5413318370879752,test_e1a,primary,p0f2,0.3783783783783784,-0.0456048080254909,positive/all/chemistry/yield/shuffled_both/k5/p0f2/scale0.5_shuffled_both,positive,all,yield,shuffled_both,0,2,scale0.5_shuffled_both
acid,13,2,False,5.605046875174361,6.657047129293508,-0.1876880385744179,0.0753129944799176,test_e1a,primary,p0f2,0.3333333333333333,0.0502897199106203,positive/all/chemistry/yield/shuffled_both/k5/p0f2/scale0.5_shuffled_both,positive,all,yield,shuffled_both,0,2,scale0.5_shuffled_both
acid,14,28,True,1.3508616777083116,1.6425760652098578,-0.2159468969439042,1.399904613874028,test_e1a,primary,p0f2,0.4411764705882353,0.0129003544046204,positive/all/chemistry/yield/shuffled_both/k5/p0f2/scale0.5_shuffled_both,positive,all,yield,shuffled_both,0,2,scale0.5_shuffled_both
acid,26,41,True,1.746212462296467,1.4796545238041587,0.1526492017711032,1.3563525897123048,test_e1a,primary,p0f2,0.4651162790697674,0.1085665809184665,positive/all/chemistry/yield/shuffled_both/k5/p0f2/scale0.5_shuffled_both,positive,all,yield,shuffled_both,0,2,scale0.5_shuffled_both
acid,41,8,True,1.304137374536527,1.5999769418254464,-0.2268469358100076,1.0017943892363452,test_e1a,primary,p0f2,0.5769230769230769,0.0066440464400429,positive/all/chemistry/yield/shuffled_both/k5/p0f2/scale0.5_shuffled_both,positive,all,yield,shuffled_both,0,2,scale0.5_shuffled_both
acid,42,34,True,1.9624744074940432,2.471407985583235,-0.2593325936612178,1.2524683430352346,test_e1a,primary,p0f2,0.6595744680851063,-0.1227128207830414,positive/all/chemistry/yield/shuffled_both/k5/p0f2/scale0.5_shuffled_both,positive,all,yield,shuffled_both,0,2,scale0.5_shuffled_both
acid,44,27,True,4.5779779130214395,4.737507846940371,-0.0348472484904678,1.48612402984768,test_e1a,primary,p0f2,0.6875,-0.1408769751743814,positive/all/chemistry/yield/shuffled_both/k5/p0f2/scale0.5_shuffled_both,positive,all,yield,shuffled_both,0,2,scale0.5_shuffled_both
acid,61,2,False,1.0759562086003744,1.2947856579102603,-0.2033813714356867,1.5491680810137054,test_e1a,primary,p0f2,0.5873015873015873,-0.2074322219831783,positive/all/chemistry/yield/shuffled_both/k5/p0f2/scale0.5_shuffled_both,positive,all,yield,shuffled_both,0,2,scale0.5_shuffled_both
acid,64,27,True,1.2203351499545834,1.2246747395405353,-0.0035560637470071,1.3917137449550054,test_e1a,primary,p0f2,0.7111111111111111,-0.0986650193807006,positive/all/chemistry/yield/shuffled_both/k5/p0f2/scale0.5_shuffled_both,positive,all,yield,shuffled_both,0,2,scale0.5_shuffled_both
acid,72,72,True,1.36641313444287,1.3053420318324231,0.0446944639736265,1.43699225611361,test_e1a,primary,p0f2,0.1875,-0.0550683422297102,positive/all/chemistry/yield/shuffled_both/k5/p0f2/scale0.5_shuffled_both,positive,all,yield,shuffled_both,0,2,scale0.5_shuffled_both
acid,84,21,True,1.9288498681243669,2.09284232841007,-0.0850208525794551,1.257989352325352,test_e1a,primary,p0f2,0.6585365853658537,-0.0738371940326736,positive/all/chemistry/yield/shuffled_both/k5/p0f2/scale0.5_shuffled_both,positive,all,yield,shuffled_both,0,2,scale0.5_shuffled_both
acid,92,7,True,5.023335085921693,4.532001474960946,0.0978102401207018,1.883385390844529,test_e1a,primary,p0f2,0.3428571428571428,0.0983872171698352,positive/all/chemistry/yield/shuffled_both/k5/p0f2/scale0.5_shuffled_both,positive,all,yield,shuffled_both,0,2,scale0.5_shuffled_both
acid,94,2,False,0.6506285873383242,1.1239570432557382,-0.7274940959077243,0.1580621395060847,test_e1a,primary,p0f2,0.4893617021276595,-0.4030750033989219,positive/all/chemistry/yield/shuffled_both/k5/p0f2/scale0.5_shuffled_both,positive,all,yield,shuffled_both,0,2,scale0.5_shuffled_both
acid,99,2,False,1.553500949001468,1.791080236251135,-0.1529315366059958,1.196422173630048,test_e1a,primary,p0f2,0.4090909090909091,-0.4545772756715724,positive/all/chemistry/yield/shuffled_both/k5/p0f2/scale0.5_shuffled_both,positive,all,yield,shuffled_both,0,2,scale0.5_shuffled_both
acid,110,13,True,4.712870166968537,4.255734141961401,0.0969973728983881,1.3900498248738289,test_e1a,primary,p0f2,0.2857142857142857,0.0878898037897539,positive/all/chemistry/yield/shuffled_both/k5/p0f2/scale0.5_shuffled_both,positive,all,yield,shuffled_both,0,2,scale0.5_shuffled_both
acid,117,48,True,4.306706725915027,3.2248994798332347,0.2511912964893019,1.2101520376926036,test_e1a,primary,p0f2,0.3214285714285714,0.1101749671091413,positive/all/chemistry/yield/shuffled_both/k5/p0f2/scale0.5_shuffled_both,positive,all,yield,shuffled_both,0,2,scale0.5_shuffled_both
acid,123,2,False,1.0731478401787886,0.783421042989334,0.2699784562220109,1.6701000093233198,test_e1a,primary,p0f2,0.2727272727272727,0.0861888522701168,positive/all/chemistry/yield/shuffled_both/k5/p0f2/scale0.5_shuffled_both,positive,all,yield,shuffled_both,0,2,scale0.5_shuffled_both
acid,126,66,True,4.1978345836853785,3.4675078102775005,0.1739770252611304,1.538097984800107,test_e1a,primary,p0f2,0.3877551020408163,0.1256728216320516,positive/all/chemistry/yield/shuffled_both/k5/p0f2/scale0.5_shuffled_both,positive,all,yield,shuffled_both,0,2,scale0.5_shuffled_both
acid,131,25,True,4.141608157777752,3.4804507507108418,0.1596378464305675,1.4287926615864224,test_e1a,primary,p0f2,0.5142857142857142,0.0373855484100827,positive/all/chemistry/yield/shuffled_both/k5/p0f2/scale0.5_shuffled_both,positive,all,yield,shuffled_both,0,2,scale0.5_shuffled_both
acid,132,8,True,4.857342796181498,4.764251124576271,0.0191651434768839,2.1966513814070123,test_e1a,primary,p0f2,0.5925925925925926,-0.032301207885228,positive/all/chemistry/yield/shuffled_both/k5/p0f2/scale0.5_shuffled_both,positive,all,yield,shuffled_both,0,2,scale0.5_shuffled_both
acid,134,13,True,2.4420309821305213,2.495438591107094,-0.0218701602753532,1.8836255459756648,test_e1a,primary,p0f2,0.3783783783783784,-0.0171823906092274,positive/all/chemistry/yield/shuffled_both/k5/p0f2/scale0.5_shuffled_both,positive,all,yield,shuffled_both,0,2,scale0.5_shuffled_both
acid,139,2,False,4.729040486879596,5.306983806267401,-0.1222115397386152,0.5761081238727702,test_e1a,primary,p0f2,0.6909090909090909,0.0493077939979049,positive/all/chemistry/yield/shuffled_both/k5/p0f2/scale0.5_shuffled_both,positive,all,yield,shuffled_both,0,2,scale0.5_shuffled_both
acid,140,31,True,2.091451572575505,2.9860155006465607,-0.4277239501029664,1.4219644558691955,test_e1a,primary,p0f2,0.6190476190476191,-0.1517879561499786,positive/all/chemistry/yield/shuffled_both/k5/p0f2/scale0.5_shuffled_both,positive,all,yield,shuffled_both,0,2,scale0.5_shuffled_both
acid,142,4,True,6.050328679877975,8.453432313484061,-0.3971856341620359,3.766009574753325,test_e1a,primary,p0f2,0.1818181818181818,0.0250417105576811,positive/all/chemistry/yield/shuffled_both/k5/p0f2/scale0.5_shuffled_both,positive,all,yield,shuffled_both,0,2,scale0.5_shuffled_both
acid,146,17,True,5.195250777315554,4.0875099899778835,0.2132218125397312,1.224728810345188,test_e1a,primary,p0f2,0.375,0.086561533914786,positive/all/chemistry/yield/shuffled_both/k5/p0f2/scale0.5_shuffled_both,positive,all,yield,shuffled_both,0,2,scale0.5_shuffled_both
acid,150,37,True,5.776899753778398,6.805074702771858,-0.177980403471772,1.7220489642075645,test_e1a,primary,p0f2,0.5510204081632653,-0.0840389491377355,positive/all/chemistry/yield/shuffled_both/k5/p0f2/scale0.5_shuffled_both,positive,all,yield,shuffled_both,0,2,scale0.5_shuffled_both
acid,158,18,True,3.0861028080694712,3.4136734778725923,-0.1061437969424079,1.3340112166869598,test_e1a,primary,p0f2,0.2894736842105263,-0.1409119239025611,positive/all/chemistry/yield/shuffled_both/k5/p0f2/scale0.5_shuffled_both,positive,all,yield,shuffled_both,0,2,scale0.5_shuffled_both
acid,165,6,True,1.4091380333161292,1.0848865025761392,0.2301062941129534,1.8192897284086504,test_e1a,primary,p0f2,0.3695652173913043,-0.0605400046050124,positive/all/chemistry/yield/shuffled_both/k5/p0f2/scale0.5_shuffled_both,positive,all,yield,shuffled_both,0,2,scale0.5_shuffled_both
acid,168,2,False,0.7704942349270119,0.5269164120218179,0.3161319213871442,0.2885286128904946,test_e1a,primary,p0f2,0.6382978723404256,-0.4190028673855368,positive/all/chemistry/yield/shuffled_both/k5/p0f2/scale0.5_shuffled_both,positive,all,yield,shuffled_both,0,2,scale0.5_shuffled_both
acid,169,35,True,2.0205005867457015,2.0437260328443205,-0.0114948969829435,1.528480266436934,test_e1a,primary,p0f2,0.6415094339622641,-0.098756154676195,positive/all/chemistry/yield/shuffled_both/k5/p0f2/scale0.5_shuffled_both,positive,all,yield,shuffled_both,0,2,scale0.5_shuffled_both
acid,183,27,True,2.8573966788199243,3.323247207012968,-0.1630332013913571,1.633772302880804,test_e1a,primary,p0f2,0.6666666666666666,-0.1273371527244831,positive/all/chemistry/yield/shuffled_both/k5/p0f2/scale0.5_shuffled_both,positive,all,yield,shuffled_both,0,2,scale0.5_shuffled_both
acid,184,76,True,2.378495731914808,3.134296133296296,-0.3177640351589075,1.3955937328381467,test_e1a,primary,p0f2,0.3695652173913043,-0.1486457718309217,positive/all/chemistry/yield/shuffled_both/k5/p0f2/scale0.5_shuffled_both,positive,all,yield,shuffled_both,0,2,scale0.5_shuffled_both
acid,197,30,True,0.972378499975284,1.1798624698263438,-0.2133777843260966,1.4247688725959518,test_e1a,primary,p0f2,0.6785714285714286,-0.0586356791561639,positive/all/chemistry/yield/shuffled_both/k5/p0f2/scale0.5_shuffled_both,positive,all,yield,shuffled_both,0,2,scale0.5_shuffled_both
acid,203,4,True,2.0186347823448876,1.6938415002578724,0.1608974961333662,1.07083740653509,test_e1a,primary,p0f2,0.6,0.1328199528270106,positive/all/chemistry/yield/shuffled_both/k5/p0f2/scale0.5_shuffled_both,positive,all,yield,shuffled_both,0,2,scale0.5_shuffled_both
acid,205,15,True,4.510526161486235,2.5262980657718095,0.4399105613569072,1.1690893621652478,test_e1a,primary,p0f2,0.5208333333333334,0.0556509815790048,positive/all/chemistry/yield/shuffled_both/k5/p0f2/scale0.5_shuffled_both,positive,all,yield,shuffled_both,0,2,scale0.5_shuffled_both
acid,206,119,True,2.906491297124036,3.4449202974222892,-0.185250511787538,1.5516013161883524,test_e1a,primary,p0f2,0.3055555555555556,-0.0609865711801103,positive/all/chemistry/yield/shuffled_both/k5/p0f2/scale0.5_shuffled_both,positive,all,yield,shuffled_both,0,2,scale0.5_shuffled_both
acid,231,22,True,3.4499494898851824,3.418323113921922,0.0091671997100203,1.827721202776266,test_e1a,primary,p0f2,0.6285714285714286,-0.0175559611094142,positive/all/chemistry/yield/shuffled_both/k5/p0f2/scale0.5_shuffled_both,positive,all,yield,shuffled_both,0,2,scale0.5_shuffled_both
acid,234,8,True,6.118345438966365,5.913418629830192,0.0334938278952084,1.8563140225240329,test_e1a,primary,p0f2,0.6764705882352942,-0.0515392236731191,positive/all/chemistry/yield/shuffled_both/k5/p0f2/scale0.5_shuffled_both,positive,all,yield,shuffled_both,0,2,scale0.5_shuffled_both
acid,243,53,True,1.2392171087172592,1.4133040198860694,-0.1404813651653109,1.7110479403674057,test_e1a,primary,p0f2,0.3333333333333333,-0.0085743755300027,positive/all/chemistry/yield/shuffled_both/k5/p0f2/scale0.5_shuffled_both,positive,all,yield,shuffled_both,0,2,scale0.5_shuffled_both
acid,249,11,True,0.9560171081339331,1.0021468474134387,-0.0482520018596184,1.2164413647282044,test_e1a,primary,p0f2,0.3947368421052631,-0.0561175977461334,positive/all/chemistry/yield/shuffled_both/k5/p0f2/scale0.5_shuffled_both,positive,all,yield,shuffled_both,0,2,scale0.5_shuffled_both
acid,253,2,False,0.0349530092142917,0.0478695130671622,-0.3695391081689509,0.667558864099529,test_e1a,primary,p0f2,0.76,-0.5821277605628197,positive/all/chemistry/yield/shuffled_both/k5/p0f2/scale0.5_shuffled_both,positive,all,yield,shuffled_both,0,2,scale0.5_shuffled_both
acid,256,7,True,5.539378480866481,4.644734293957659,0.161506239373064,1.6934027110290235,test_e1a,primary,p0f2,0.3636363636363636,0.0850805204654773,positive/all/chemistry/yield/shuffled_both/k5/p0f2/scale0.5_shuffled_both,positive,all,yield,shuffled_both,0,2,scale0.5_shuffled_both
acid,257,31,True,2.2897056200000487,1.79047402328266,0.2180330922703408,1.5814801564549286,test_e1a,primary,p0f2,0.4848484848484848,0.0791903711940603,positive/all/chemistry/yield/shuffled_both/k5/p0f2/scale0.5_shuffled_both,positive,all,yield,shuffled_both,0,2,scale0.5_shuffled_both
acid,258,37,True,2.8885410000572778,3.80450090550908,-0.3171012304944398,1.3977921926119412,test_e1a,primary,p0f2,0.5454545454545454,-0.1486258574348737,positive/all/chemistry/yield/shuffled_both/k5/p0f2/scale0.5_shuffled_both,positive,all,yield,shuffled_both,0,2,scale0.5_shuffled_both
acid,264,109,True,1.914526391426835,2.1992938927218133,-0.1487404417981153,1.787659637259145,test_e1a,primary,p0f2,0.2926829268292683,0.0693586594592283,positive/all/chemistry/yield/shuffled_both/k5/p0f2/scale0.5_shuffled_both,positive,all,yield,shuffled_both,0,2,scale0.5_shuffled_both
acid,267,10,True,0.6633837429429391,0.743798092353126,-0.1212184505056581,1.2409700505370087,test_e1a,primary,p0f2,0.4857142857142857,0.0284423756525367,positive/all/chemistry/yield/shuffled_both/k5/p0f2/scale0.5_shuffled_both,positive,all,yield,shuffled_both,0,2,scale0.5_shuffled_both
acid,268,10,True,1.9107933331476856,2.133323783554025,-0.1164597167814902,1.0361842492932285,test_e1a,primary,p0f2,0.1935483870967742,0.1022725212115656,positive/all/chemistry/yield/shuffled_both/k5/p0f2/scale0.5_shuffled_both,positive,all,yield,shuffled_both,0,2,scale0.5_shuffled_both
acid,269,4,True,5.855093682031288,5.184718102075534,0.114494424233223,1.80112514592446,test_e1a,primary,p0f2,0.4242424242424242,0.08952531902287,positive/all/chemistry/yield/shuffled_both/k5/p0f2/scale0.5_shuffled_both,positive,all,yield,shuffled_both,0,2,scale0.5_shuffled_both
acid,270,53,True,5.406537510680519,4.5602642783197425,0.1565277648937012,1.600687269720889,test_e1a,primary,p0f2,0.1818181818181818,0.1120385084023509,positive/all/chemistry/yield/shuffled_both/k5/p0f2/scale0.5_shuffled_both,positive,all,yield,shuffled_both,0,2,scale0.5_shuffled_both
amine,12,10,True,2.6201569256477057,3.38934608781654,-0.2935660664594315,1.5038057041297888,test_e1n,primary,p0f2,0.2340425531914893,-0.0746639059719924,positive/all/chemistry/yield/shuffled_both/k5/p0f2/scale0.5_shuffled_both,positive,all,yield,shuffled_both,0,2,scale0.5_shuffled_both
amine,22,10,True,2.073099604301075,2.5006530996689165,-0.2062387617463206,1.4788745390497555,test_e1n,primary,p0f2,0.2258064516129032,-0.1430779677110498,positive/all/chemistry/yield/shuffled_both/k5/p0f2/scale0.5_shuffled_both,positive,all,yield,shuffled_both,0,2,scale0.5_shuffled_both
amine,24,85,True,1.6622024459806743,2.054334141597125,-0.2359109123949694,1.609577714583246,test_e1n,primary,p0f2,0.1228070175438596,-0.1742265052482443,positive/all/chemistry/yield/shuffled_both/k5/p0f2/scale0.5_shuffled_both,positive,all,yield,shuffled_both,0,2,scale0.5_shuffled_both
amine,29,11,True,1.7495481989148407,2.136060693896201,-0.220921318555896,1.5750491117408092,test_e1n,primary,p0f2,0.3,-0.0733220812661346,positive/all/chemistry/yield/shuffled_both/k5/p0f2/scale0.5_shuffled_both,positive,all,yield,shuffled_both,0,2,scale0.5_shuffled_both
amine,31,10,True,4.140527504625104,3.0702331448645963,0.2584922714714379,1.6680744406552928,test_e1n,primary,p0f2,0.2058823529411764,-0.0065877074746296,positive/all/chemistry/yield/shuffled_both/k5/p0f2/scale0.5_shuffled_both,positive,all,yield,shuffled_both,0,2,scale0.5_shuffled_both
amine,35,2,False,0.8781620052379921,0.757110800685332,0.1378460965409838,0.4962236800326199,test_e1n,primary,p0f2,0.303030303030303,-2.2266049739392457,positive/all/chemistry/yield/shuffled_both/k5/p0f2/scale0.5_shuffled_both,positive,all,yield,shuffled_both,0,2,scale0.5_shuffled_both
amine,37,7,True,0.9991501160283808,0.926793246627718,0.0724184166522257,1.5354365153849776,test_e1n,primary,p0f2,0.3,0.0007440888614654,positive/all/chemistry/yield/shuffled_both/k5/p0f2/scale0.5_shuffled_both,positive,all,yield,shuffled_both,0,2,scale0.5_shuffled_both
amine,45,10,True,1.2744682249858814,1.2142036985153577,0.047286017249423,1.849287626906793,test_e1n,primary,p0f2,0.1666666666666666,-0.0346523347874221,positive/all/chemistry/yield/shuffled_both/k5/p0f2/scale0.5_shuffled_both,positive,all,yield,shuffled_both,0,2,scale0.5_shuffled_both
amine,52,89,True,1.4996943481261975,1.8033421821361293,-0.2024731468711118,1.6707276573847094,test_e1n,primary,p0f2,0.3333333333333333,-0.1672909769259782,positive/all/chemistry/yield/shuffled_both/k5/p0f2/scale0.5_shuffled_both,positive,all,yield,shuffled_both,0,2,scale0.5_shuffled_both
amine,64,10,True,1.3088675420390596,1.4905817329267794,-0.1388331401393228,1.4279081177164976,test_e1n,primary,p0f2,0.2666666666666666,-0.1322606164543946,positive/all/chemistry/yield/shuffled_both/k5/p0f2/scale0.5_shuffled_both,positive,all,yield,shuffled_both,0,2,scale0.5_shuffled_both
amine,69,64,True,1.4533244355383506,1.438392866182181,0.010274078513404,1.3437842788943828,test_e1n,primary,p0f2,0.296875,-0.0246245558806601,positive/all/chemistry/yield/shuffled_both/k5/p0f2/scale0.5_shuffled_both,positive,all,yield,shuffled_both,0,2,scale0.5_shuffled_both
amine,71,12,True,1.9778132101812969,2.1337672975518474,-0.0788517775934236,1.5760164588769805,test_e1n,primary,p0f2,0.2575757575757575,-0.0255259527676947,positive/all/chemistry/yield/shuffled_both/k5/p0f2/scale0.5_shuffled_both,positive,all,yield,shuffled_both,0,2,scale0.5_shuffled_both
amine,72,48,True,1.2366493365529474,1.182347676726018,0.0439103133134657,1.6126505986896946,test_e1n,primary,p0f2,0.34375,-0.0826883669777243,positive/all/chemistry/yield/shuffled_both/k5/p0f2/scale0.5_shuffled_both,positive,all,yield,shuffled_both,0,2,scale0.5_shuffled_both
amine,76,10,True,2.6576492353449312,2.951920986065552,-0.1107263316795181,2.159836380559656,test_e1n,primary,p0f2,0.1818181818181818,-0.0268109625769479,positive/all/chemistry/yield/shuffled_both/k5/p0f2/scale0.5_shuffled_both,positive,all,yield,shuffled_both,0,2,scale0.5_shuffled_both
amine,77,56,True,1.007021226901733,0.9800025093530575,0.026830335674058,1.3009291286984084,test_e1n,primary,p0f2,0.1538461538461538,-0.0937613327912492,positive/all/chemistry/yield/shuffled_both/k5/p0f2/scale0.5_shuffled_both,positive,all,yield,shuffled_both,0,2,scale0.5_shuffled_both
amine,96,34,True,15.455496177053188,17.23095436698003,-0.1148755219235775,1.9574396885399783,test_e1n,primary,p0f2,0.2131147540983606,-0.1103125889275786,positive/all/chemistry/yield/shuffled_both/k5/p0f2/scale0.5_shuffled_both,positive,all,yield,shuffled_both,0,2,scale0.5_shuffled_both
amine,97,9,True,0.5202158080661098,0.544082089158176,-0.045877654469572,1.5857524364765594,test_e1n,primary,p0f2,0.15,-0.0045886773076351,positive/all/chemistry/yield/shuffled_both/k5/p0f2/scale0.5_shuffled_both,positive,all,yield,shuffled_both,0,2,scale0.5_shuffled_both
amine,98,8,True,7.531032914545214,7.460353991691536,0.0093850237617699,1.6625670855016017,test_e1n,primary,p0f2,0.2142857142857142,0.0950172927231296,positive/all/chemistry/yield/shuffled_both/k5/p0f2/scale0.5_shuffled_both,positive,all,yield,shuffled_both,0,2,scale0.5_shuffled_both
amine,103,28,True,3.645084461095775,2.924705802888269,0.197630169038922,1.7344069667696262,test_e1n,primary,p0f2,0.2708333333333333,0.1200557911981771,positive/all/chemistry/yield/shuffled_both/k5/p0f2/scale0.5_shuffled_both,positive,all,yield,shuffled_both,0,2,scale0.5_shuffled_both
amine,105,101,True,1.3393314693384366,1.516747235273622,-0.1324659130295953,1.6301264746092814,test_e1n,primary,p0f2,0.4,-0.1315797189751308,positive/all/chemistry/yield/shuffled_both/k5/p0f2/scale0.5_shuffled_both,positive,all,yield,shuffled_both,0,2,scale0.5_shuffled_both
amine,111,41,True,1.6683615008087984,1.290796140474561,0.2263090823848422,1.5688389710793171,test_e1n,primary,p0f2,0.3142857142857143,-0.1122870299309972,positive/all/chemistry/yield/shuffled_both/k5/p0f2/scale0.5_shuffled_both,positive,all,yield,shuffled_both,0,2,scale0.5_shuffled_both
amine,112,43,True,2.500304581744155,2.036826172339272,0.1853687797834499,1.314203876035879,test_e1n,primary,p0f2,0.293103448275862,0.0967104136606157,positive/all/chemistry/yield/shuffled_both/k5/p0f2/scale0.5_shuffled_both,positive,all,yield,shuffled_both,0,2,scale0.5_shuffled_both
amine,113,104,True,2.1601658995517132,1.8311973377669728,0.152288563509409,1.4714363755016937,test_e1n,primary,p0f2,0.22,0.0979960797679267,positive/all/chemistry/yield/shuffled_both/k5/p0f2/scale0.5_shuffled_both,positive,all,yield,shuffled_both,0,2,scale0.5_shuffled_both
amine,116,4,True,0.2401394989109836,0.5134508127098976,-1.1381356046729598,0.9512470129764448,test_e1n,primary,p0f2,0.2549019607843137,-0.0326427814778649,positive/all/chemistry/yield/shuffled_both/k5/p0f2/scale0.5_shuffled_both,positive,all,yield,shuffled_both,0,2,scale0.5_shuffled_both
amine,122,28,True,1.54713331018462,1.4564760873539024,0.0585969045032708,1.6095696512736486,test_e1n,primary,p0f2,0.5945945945945946,0.1410619790955734,positive/all/chemistry/yield/shuffled_both/k5/p0f2/scale0.5_shuffled_both,positive,all,yield,shuffled_both,0,2,scale0.5_shuffled_both
amine,127,39,True,4.21022135340811,3.785118889106606,0.1009691483221874,1.6718891923396666,test_e1n,primary,p0f2,0.5370370370370371,0.1038827778066452,positive/all/chemistry/yield/shuffled_both/k5/p0f2/scale0.5_shuffled_both,positive,all,yield,shuffled_both,0,2,scale0.5_shuffled_both
amine,129,36,True,1.2112303893642304,1.352497476127868,-0.1166310621035424,1.3905388745670195,test_e1n,primary,p0f2,0.3720930232558139,-0.0478277194584308,positive/all/chemistry/yield/shuffled_both/k5/p0f2/scale0.5_shuffled_both,positive,all,yield,shuffled_both,0,2,scale0.5_shuffled_both
amine,130,26,True,2.07235532200306,2.303720971091796,-0.1116438125413292,1.3235208276615076,test_e1n,primary,p0f2,0.4482758620689655,-0.142178898849737,positive/all/chemistry/yield/shuffled_both/k5/p0f2/scale0.5_shuffled_both,positive,all,yield,shuffled_both,0,2,scale0.5_shuffled_both
amine,132,30,True,2.3004248036219974,2.6207191328035537,-0.1392326881005872,1.3801952856035826,test_e1n,primary,p0f2,0.5789473684210527,-0.0671681845623806,positive/all/chemistry/yield/shuffled_both/k5/p0f2/scale0.5_shuffled_both,positive,all,yield,shuffled_both,0,2,scale0.5_shuffled_both
amine,133,46,True,3.6651790621741496,3.792677498913097,-0.0347864141358802,1.2448147308067012,test_e1n,primary,p0f2,0.3404255319148936,-0.1251337124810045,positive/all/chemistry/yield/shuffled_both/k5/p0f2/scale0.5_shuffled_both,positive,all,yield,shuffled_both,0,2,scale0.5_shuffled_both
amine,134,55,True,1.687931169723691,1.419732422400328,0.1588919928336095,1.3620339873369118,test_e1n,primary,p0f2,0.3,-0.0756389358755074,positive/all/chemistry/yield/shuffled_both/k5/p0f2/scale0.5_shuffled_both,positive,all,yield,shuffled_both,0,2,scale0.5_shuffled_both
amine,136,16,True,2.7386001510575886,2.8541697284744187,-0.0422002377280961,1.8000403415380506,test_e1n,primary,p0f2,0.145631067961165,-0.0051271800032877,positive/all/chemistry/yield/shuffled_both/k5/p0f2/scale0.5_shuffled_both,positive,all,yield,shuffled_both,0,2,scale0.5_shuffled_both
amine,140,16,True,2.679440879635165,1.99584381761317,0.2551267569356015,1.4947307449514782,test_e1n,primary,p0f2,0.3243243243243243,-0.0593090501979769,positive/all/chemistry/yield/shuffled_both/k5/p0f2/scale0.5_shuffled_both,positive,all,yield,shuffled_both,0,2,scale0.5_shuffled_both
amine,148,22,True,2.232523826791278,1.9414550893710716,0.130376542425775,1.3539220573500608,test_e1n,primary,p0f2,0.3095238095238095,-0.0895101815124577,positive/all/chemistry/yield/shuffled_both/k5/p0f2/scale0.5_shuffled_both,positive,all,yield,shuffled_both,0,2,scale0.5_shuffled_both
amine,149,10,True,0.5580844497117763,0.6474341177427906,-0.1601006229024282,1.858732663417542,test_e1n,primary,p0f2,0.4054054054054054,-0.1110719811322396,positive/all/chemistry/yield/shuffled_both/k5/p0f2/scale0.5_shuffled_both,positive,all,yield,shuffled_both,0,2,scale0.5_shuffled_both
amine,152,10,True,2.9498964343714436,4.342442815610954,-0.4720661935835828,1.6923318226641753,test_e1n,primary,p0f2,0.2608695652173913,-0.1136078887309333,positive/all/chemistry/yield/shuffled_both/k5/p0f2/scale0.5_shuffled_both,positive,all,yield,shuffled_both,0,2,scale0.5_shuffled_both
amine,165,10,True,2.448374690545235,2.135983993203429,0.1275910499108448,1.896484078207143,test_e1n,primary,p0f2,0.2608695652173913,0.0443459677365111,positive/all/chemistry/yield/shuffled_both/k5/p0f2/scale0.5_shuffled_both,positive,all,yield,shuffled_both,0,2,scale0.5_shuffled_both
amine,175,21,True,0.8967291342847042,0.8058319931426887,0.1013652146080005,1.0722291896173608,test_e1n,primary,p0f2,0.2727272727272727,0.0170158042584187,positive/all/chemistry/yield/shuffled_both/k5/p0f2/scale0.5_shuffled_both,positive,all,yield,shuffled_both,0,2,scale0.5_shuffled_both
amine,176,49,True,1.202355753127423,1.0454098426984726,0.1305320077029793,1.450540516674392,test_e1n,primary,p0f2,0.1923076923076923,-0.0008978226606251,positive/all/chemistry/yield/shuffled_both/k5/p0f2/scale0.5_shuffled_both,positive,all,yield,shuffled_both,0,2,scale0.5_shuffled_both
amine,180,9,True,3.807390078426822,3.0692746446247217,0.1938638853907722,1.955479771987903,test_e1n,primary,p0f2,0.1818181818181818,-0.0093367695456263,positive/all/chemistry/yield/shuffled_both/k5/p0f2/scale0.5_shuffled_both,positive,all,yield,shuffled_both,0,2,scale0.5_shuffled_both
amine,188,65,True,1.387371278476426,1.3501862119277477,0.0268025344949581,1.653525115336138,test_e1n,primary,p0f2,0.2558139534883721,0.0389034283094348,positive/all/chemistry/yield/shuffled_both/k5/p0f2/scale0.5_shuffled_both,positive,all,yield,shuffled_both,0,2,scale0.5_shuffled_both
amine,202,24,True,4.146972703569328,3.8569255265052313,0.0699419064934888,1.230694029820709,test_e1n,primary,p0f2,0.2926829268292683,0.1460507451351202,positive/all/chemistry/yield/shuffled_both/k5/p0f2/scale0.5_shuffled_both,positive,all,yield,shuffled_both,0,2,scale0.5_shuffled_both
amine,212,7,True,4.146813709461672,4.902131262737733,-0.1821440764393811,2.5038910507723826,test_e1n,primary,p0f2,0.123076923076923,-0.0779293033418728,positive/all/chemistry/yield/shuffled_both/k5/p0f2/scale0.5_shuffled_both,positive,all,yield,shuffled_both,0,2,scale0.5_shuffled_both
amine,215,9,True,1.8733435214464345,2.405137492457003,-0.2838742413884469,1.4358093807779513,test_e1n,primary,p0f2,0.1702127659574468,-0.1902455927044295,positive/all/chemistry/yield/shuffled_both/k5/p0f2/scale0.5_shuffled_both,positive,all,yield,shuffled_both,0,2,scale0.5_shuffled_both
amine,224,32,True,3.857150708399751,2.80076377131458,0.2738775373191066,1.267221636071487,test_e1n,primary,p0f2,0.4482758620689655,0.1450498597783768,positive/all/chemistry/yield/shuffled_both/k5/p0f2/scale0.5_shuffled_both,positive,all,yield,shuffled_both,0,2,scale0.5_shuffled_both
acid,8,11,True,2.489148209523024,2.461292923425934,0.0111906900483145,1.5029671718916922,test_e1a,primary,p0f0,0.3076923076923077,-0.2241190532009485,positive/all/chemistry/yield/ecfp4/k5/p0f0/scale1_ecfp4,positive,all,yield,ecfp4,0,0,scale1_ecfp4
acid,20,20,True,1.748825100352791,0.9546743767866016,0.4541052866898954,1.5393076615587908,test_e1a,primary,p0f0,0.5161290322580645,-0.0859277096415762,positive/all/chemistry/yield/ecfp4/k5/p0f0/scale1_ecfp4,positive,all,yield,ecfp4,0,0,scale1_ecfp4
acid,21,15,True,2.3846975094537552,1.9055203781502352,0.2009383284059711,1.2491381580966177,test_e1a,primary,p0f0,0.3055555555555556,0.2089785295155859,positive/all/chemistry/yield/ecfp4/k5/p0f0/scale1_ecfp4,positive,all,yield,ecfp4,0,0,scale1_ecfp4
acid,22,32,True,0.8413683758657121,0.9067634147250616,-0.0777246218602669,1.1436968178723628,test_e1a,primary,p0f0,0.5434782608695652,0.0439408698503601,positive/all/chemistry/yield/ecfp4/k5/p0f0/scale1_ecfp4,positive,all,yield,ecfp4,0,0,scale1_ecfp4
acid,23,37,True,3.4522192346649225,3.0774532685815497,0.1085579856343474,1.7593211987707102,test_e1a,primary,p0f0,0.4651162790697674,-0.0496994758469753,positive/all/chemistry/yield/ecfp4/k5/p0f0/scale1_ecfp4,positive,all,yield,ecfp4,0,0,scale1_ecfp4
acid,24,60,True,1.9390878519343264,1.0755149632232452,0.4453500587142706,1.6924119037594982,test_e1a,primary,p0f0,0.4042553191489361,-0.07232907821099,positive/all/chemistry/yield/ecfp4/k5/p0f0/scale1_ecfp4,positive,all,yield,ecfp4,0,0,scale1_ecfp4
acid,36,26,True,1.6053477427006126,0.7887127739715893,0.5086966188118411,1.6381105240047027,test_e1a,primary,p0f0,0.3888888888888889,0.1016219003381021,positive/all/chemistry/yield/ecfp4/k5/p0f0/scale1_ecfp4,positive,all,yield,ecfp4,0,0,scale1_ecfp4
acid,45,30,True,1.4333693190318089,1.4245301643828996,0.0061666972576752,1.5365637570453028,test_e1a,primary,p0f0,0.6078431372549019,0.1096666069556637,positive/all/chemistry/yield/ecfp4/k5/p0f0/scale1_ecfp4,positive,all,yield,ecfp4,0,0,scale1_ecfp4
acid,48,12,True,3.0026400077498088,1.5648629878024352,0.4788376282992544,1.6612800869811115,test_e1a,primary,p0f0,0.3777777777777777,0.4334739349229651,positive/all/chemistry/yield/ecfp4/k5/p0f0/scale1_ecfp4,positive,all,yield,ecfp4,0,0,scale1_ecfp4
acid,54,12,True,3.7702467097002,2.563667900729626,0.3200264868254516,2.928415917695821,test_e1a,primary,p0f0,0.5490196078431373,-0.0260919140461177,positive/all/chemistry/yield/ecfp4/k5/p0f0/scale1_ecfp4,positive,all,yield,ecfp4,0,0,scale1_ecfp4
acid,56,31,True,1.07899842197868,1.4244806163757349,-0.3201878588140154,1.566473086156328,test_e1a,primary,p0f0,0.5833333333333334,0.011191360373715,positive/all/chemistry/yield/ecfp4/k5/p0f0/scale1_ecfp4,positive,all,yield,ecfp4,0,0,scale1_ecfp4
acid,59,70,True,2.7283439277930706,1.43717365042246,0.4732432242935827,1.6521688866886366,test_e1a,primary,p0f0,0.5,0.1119780186497302,positive/all/chemistry/yield/ecfp4/k5/p0f0/scale1_ecfp4,positive,all,yield,ecfp4,0,0,scale1_ecfp4
acid,79,5,True,2.4755370439129054,1.6533841150565327,0.3321109376561192,1.8441567215637251,test_e1a,primary,p0f0,0.5319148936170213,-0.0150565174159316,positive/all/chemistry/yield/ecfp4/k5/p0f0/scale1_ecfp4,positive,all,yield,ecfp4,0,0,scale1_ecfp4
acid,81,36,True,4.277963769270799,3.4600101387492477,0.1912016264366296,1.7070954781160053,test_e1a,primary,p0f0,0.3714285714285714,0.0845356647063867,positive/all/chemistry/yield/ecfp4/k5/p0f0/scale1_ecfp4,positive,all,yield,ecfp4,0,0,scale1_ecfp4
acid,86,21,True,1.8111654055728317,2.0128570548996016,-0.1113601489439777,1.6021069990839567,test_e1a,primary,p0f0,0.2962962962962963,0.0190700128016845,positive/all/chemistry/yield/ecfp4/k5/p0f0/scale1_ecfp4,positive,all,yield,ecfp4,0,0,scale1_ecfp4
acid,97,8,True,2.5578894291990517,2.7540069211950517,-0.0766716065820758,1.1589476274017352,test_e1a,primary,p0f0,0.1555555555555555,-0.1351197958370957,positive/all/chemistry/yield/ecfp4/k5/p0f0/scale1_ecfp4,positive,all,yield,ecfp4,0,0,scale1_ecfp4
acid,98,30,True,9.30505589664191,9.153254312032203,0.01631388207614,2.4613675780878537,test_e1a,primary,p0f0,0.146788990825688,0.0206524773009778,positive/all/chemistry/yield/ecfp4/k5/p0f0/scale1_ecfp4,positive,all,yield,ecfp4,0,0,scale1_ecfp4
acid,100,27,True,2.8653032432479333,2.613493268642684,0.0878824868532284,1.4065801458086946,test_e1a,primary,p0f0,0.5142857142857142,0.0447438735147424,positive/all/chemistry/yield/ecfp4/k5/p0f0/scale1_ecfp4,positive,all,yield,ecfp4,0,0,scale1_ecfp4
acid,103,35,True,5.406261590439085,4.320439830406237,0.2008452128829859,1.6890769413097004,test_e1a,primary,p0f0,0.3272727272727272,-0.0856867699979839,positive/all/chemistry/yield/ecfp4/k5/p0f0/scale1_ecfp4,positive,all,yield,ecfp4,0,0,scale1_ecfp4
acid,114,59,True,2.1448652544877107,1.4811076843371576,0.3094635286583949,1.3963943148765756,test_e1a,primary,p0f0,0.3620689655172414,-0.0659143175565504,positive/all/chemistry/yield/ecfp4/k5/p0f0/scale1_ecfp4,positive,all,yield,ecfp4,0,0,scale1_ecfp4
acid,116,10,True,1.0688670826212936,1.433701654179848,-0.3413282881383461,1.1816299730516655,test_e1a,primary,p0f0,0.40625,-0.245192158678756,positive/all/chemistry/yield/ecfp4/k5/p0f0/scale1_ecfp4,positive,all,yield,ecfp4,0,0,scale1_ecfp4
acid,120,13,True,2.0379173810115394,1.6827032309355912,0.174302527367245,1.6407470099148505,test_e1a,primary,p0f0,0.3611111111111111,-0.2528910906857313,positive/all/chemistry/yield/ecfp4/k5/p0f0/scale1_ecfp4,positive,all,yield,ecfp4,0,0,scale1_ecfp4
acid,125,12,True,1.9852778885528048,2.8286997130811145,-0.4248381697048635,1.4495837291654607,test_e1a,primary,p0f0,0.5208333333333334,-0.1431253546730952,positive/all/chemistry/yield/ecfp4/k5/p0f0/scale1_ecfp4,positive,all,yield,ecfp4,0,0,scale1_ecfp4
acid,127,40,True,1.2013653139965252,0.9886863417103268,0.1770310577543556,1.1924300176465426,test_e1a,primary,p0f0,0.58,0.1075240736353067,positive/all/chemistry/yield/ecfp4/k5/p0f0/scale1_ecfp4,positive,all,yield,ecfp4,0,0,scale1_ecfp4
acid,129,87,True,3.0816436437524457,2.260616405472892,0.2664251072456282,1.6143511545522689,test_e1a,primary,p0f0,0.3559322033898305,0.0994877011221109,positive/all/chemistry/yield/ecfp4/k5/p0f0/scale1_ecfp4,positive,all,yield,ecfp4,0,0,scale1_ecfp4
acid,133,35,True,7.406005136269869,6.905289272371557,0.0676094405398297,2.0434570774244403,test_e1a,primary,p0f0,0.4857142857142857,-0.0572613488398321,positive/all/chemistry/yield/ecfp4/k5/p0f0/scale1_ecfp4,positive,all,yield,ecfp4,0,0,scale1_ecfp4
acid,136,2,False,4.171108130785401,6.42511567285498,-0.5403857851187277,0.3153374533935507,test_e1a,primary,p0f0,0.5833333333333334,0.1217775367979835,positive/all/chemistry/yield/ecfp4/k5/p0f0/scale1_ecfp4,positive,all,yield,ecfp4,0,0,scale1_ecfp4
acid,138,10,True,1.832490171454296,1.213103567317841,0.338002688246289,1.165875971279784,test_e1a,primary,p0f0,0.5238095238095238,0.0626404798971579,positive/all/chemistry/yield/ecfp4/k5/p0f0/scale1_ecfp4,positive,all,yield,ecfp4,0,0,scale1_ecfp4
acid,141,30,True,1.261783988219331,1.245892633321371,0.0125943545379636,1.5441102084615237,test_e1a,primary,p0f0,0.4146341463414634,-0.0212514442626476,positive/all/chemistry/yield/ecfp4/k5/p0f0/scale1_ecfp4,positive,all,yield,ecfp4,0,0,scale1_ecfp4
acid,145,51,True,5.36547703609842,3.998546914976285,0.2547639495846424,2.298861245135049,test_e1a,primary,p0f0,0.2653061224489796,0.0904932531469822,positive/all/chemistry/yield/ecfp4/k5/p0f0/scale1_ecfp4,positive,all,yield,ecfp4,0,0,scale1_ecfp4
acid,147,104,True,5.314468078699002,4.308360851976972,0.1893147558369242,1.6068360474939123,test_e1a,primary,p0f0,0.4375,0.0003544040110747,positive/all/chemistry/yield/ecfp4/k5/p0f0/scale1_ecfp4,positive,all,yield,ecfp4,0,0,scale1_ecfp4
acid,153,18,True,0.4971627240790572,0.4264528990013589,0.1422267230687518,1.112943591275562,test_e1a,primary,p0f0,0.2708333333333333,0.221727083957157,positive/all/chemistry/yield/ecfp4/k5/p0f0/scale1_ecfp4,positive,all,yield,ecfp4,0,0,scale1_ecfp4
acid,156,7,True,1.6577416089723953,0.4569441364408792,0.7243574426993296,1.7269742963761912,test_e1a,primary,p0f0,0.3157894736842105,0.2036006331418074,positive/all/chemistry/yield/ecfp4/k5/p0f0/scale1_ecfp4,positive,all,yield,ecfp4,0,0,scale1_ecfp4
acid,159,20,True,1.7511110826967513,1.0973724414470016,0.3733279103247848,1.5574837590729844,test_e1a,primary,p0f0,0.3584905660377358,0.0390127111470636,positive/all/chemistry/yield/ecfp4/k5/p0f0/scale1_ecfp4,positive,all,yield,ecfp4,0,0,scale1_ecfp4
acid,166,16,True,1.1883254704857429,1.4248363874170895,-0.1990287364914176,1.424727442462204,test_e1a,primary,p0f0,0.6896551724137931,0.0325630748281632,positive/all/chemistry/yield/ecfp4/k5/p0f0/scale1_ecfp4,positive,all,yield,ecfp4,0,0,scale1_ecfp4
acid,170,22,True,1.964409431059008,2.633690621206144,-0.3407035109714009,1.5516634859432712,test_e1a,primary,p0f0,0.8490566037735849,0.0555200600965286,positive/all/chemistry/yield/ecfp4/k5/p0f0/scale1_ecfp4,positive,all,yield,ecfp4,0,0,scale1_ecfp4
acid,171,2,False,0.3142215640805178,0.2096546984168465,0.3327806796763207,0.9187428012848776,test_e1a,primary,p0f0,0.6530612244897959,-0.2653008633053262,positive/all/chemistry/yield/ecfp4/k5/p0f0/scale1_ecfp4,positive,all,yield,ecfp4,0,0,scale1_ecfp4
acid,176,10,True,0.9569850035862564,0.6120099643025917,0.3604811339685438,2.0972729170188624,test_e1a,primary,p0f0,0.6428571428571429,0.0626004794795508,positive/all/chemistry/yield/ecfp4/k5/p0f0/scale1_ecfp4,positive,all,yield,ecfp4,0,0,scale1_ecfp4
acid,196,2,False,3.511339892119421,1.2206742598862244,0.6523622613049193,0.0561230123897924,test_e1a,primary,p0f0,0.6666666666666666,-0.1727127275660693,positive/all/chemistry/yield/ecfp4/k5/p0f0/scale1_ecfp4,positive,all,yield,ecfp4,0,0,scale1_ecfp4
acid,200,16,True,1.6917867393543582,1.071983969880986,0.3663598697492506,1.6220145531921346,test_e1a,primary,p0f0,0.6896551724137931,0.0631836428159027,positive/all/chemistry/yield/ecfp4/k5/p0f0/scale1_ecfp4,positive,all,yield,ecfp4,0,0,scale1_ecfp4
acid,202,10,True,6.0985247499184725,5.393900981179156,0.1155400359322532,1.2143956817857318,test_e1a,primary,p0f0,0.5769230769230769,-0.0238103669203852,positive/all/chemistry/yield/ecfp4/k5/p0f0/scale1_ecfp4,positive,all,yield,ecfp4,0,0,scale1_ecfp4
acid,204,14,True,2.4296479995873774,2.31070735315188,0.0489538593474021,1.1474886624447835,test_e1a,primary,p0f0,0.6,-0.055027658218111,positive/all/chemistry/yield/ecfp4/k5/p0f0/scale1_ecfp4,positive,all,yield,ecfp4,0,0,scale1_ecfp4
acid,216,19,True,1.8893128903937615,1.6207273718983295,0.142160422374218,1.6968811818293932,test_e1a,primary,p0f0,0.4827586206896552,0.0827274200378959,positive/all/chemistry/yield/ecfp4/k5/p0f0/scale1_ecfp4,positive,all,yield,ecfp4,0,0,scale1_ecfp4
acid,218,8,True,2.3653280488441406,1.9991397367471804,0.1548150212296787,2.2377558365357597,test_e1a,primary,p0f0,0.5294117647058824,0.064877610992034,positive/all/chemistry/yield/ecfp4/k5/p0f0/scale1_ecfp4,positive,all,yield,ecfp4,0,0,scale1_ecfp4
acid,226,7,True,5.005861437954074,5.226499943369476,-0.0440760312985368,1.81964571329945,test_e1a,primary,p0f0,0.5,0.1419009331214697,positive/all/chemistry/yield/ecfp4/k5/p0f0/scale1_ecfp4,positive,all,yield,ecfp4,0,0,scale1_ecfp4
acid,227,8,True,3.80041932008975,2.99220633499351,0.2126641607213893,1.8531619970632107,test_e1a,primary,p0f0,0.3023255813953488,0.0293934923402446,positive/all/chemistry/yield/ecfp4/k5/p0f0/scale1_ecfp4,positive,all,yield,ecfp4,0,0,scale1_ecfp4
acid,230,79,True,1.601352219430344,1.3429738552031385,0.1613501146669154,1.6098166305359751,test_e1a,primary,p0f0,0.6285714285714286,0.0571189447893076,positive/all/chemistry/yield/ecfp4/k5/p0f0/scale1_ecfp4,positive,all,yield,ecfp4,0,0,scale1_ecfp4
acid,236,50,True,2.5719216475697495,2.562224207649131,0.003770503634814,1.7761762449214555,test_e1a,primary,p0f0,0.3469387755102041,-0.0525239426461854,positive/all/chemistry/yield/ecfp4/k5/p0f0/scale1_ecfp4,positive,all,yield,ecfp4,0,0,scale1_ecfp4
acid,263,113,True,2.099133684275674,1.8844363853422033,0.1022790023054458,1.602075525905678,test_e1a,primary,p0f0,0.275,-0.0060595296056793,positive/all/chemistry/yield/ecfp4/k5/p0f0/scale1_ecfp4,positive,all,yield,ecfp4,0,0,scale1_ecfp4
amine,1,8,True,0.9193121349392028,1.4543942362234594,-0.5820461635912633,1.2286780841610458,test_e1n,primary,p0f0,0.225,-0.1265379764178045,positive/all/chemistry/yield/ecfp4/k5/p0f0/scale1_ecfp4,positive,all,yield,ecfp4,0,0,scale1_ecfp4
amine,6,27,True,1.3058710440819932,1.451041935595793,-0.1111678616136655,1.1654751000349968,test_e1n,primary,p0f0,0.1860465116279069,-0.0262249875220232,positive/all/chemistry/yield/ecfp4/k5/p0f0/scale1_ecfp4,positive,all,yield,ecfp4,0,0,scale1_ecfp4
amine,7,66,True,3.009757167835532,3.2576105293773536,-0.0823499530761364,1.8926614405112856,test_e1n,primary,p0f0,0.1860465116279069,-0.0529133597077271,positive/all/chemistry/yield/ecfp4/k5/p0f0/scale1_ecfp4,positive,all,yield,ecfp4,0,0,scale1_ecfp4
amine,8,8,True,1.6331177458223876,1.4968134412937255,0.0834626314467138,1.20070435357304,test_e1n,primary,p0f0,0.1621621621621621,0.1617860871788627,positive/all/chemistry/yield/ecfp4/k5/p0f0/scale1_ecfp4,positive,all,yield,ecfp4,0,0,scale1_ecfp4
amine,9,143,True,2.4176423027283094,1.5948592735351097,0.3403245501887062,1.9391303688113375,test_e1n,primary,p0f0,0.18,0.0771003280573858,positive/all/chemistry/yield/ecfp4/k5/p0f0/scale1_ecfp4,positive,all,yield,ecfp4,0,0,scale1_ecfp4
amine,10,26,True,4.029923440314109,2.598170858747768,0.3552803428580132,1.9766085084374867,test_e1n,primary,p0f0,0.2903225806451613,0.0554088728999501,positive/all/chemistry/yield/ecfp4/k5/p0f0/scale1_ecfp4,positive,all,yield,ecfp4,0,0,scale1_ecfp4
amine,13,25,True,4.427029747548334,4.525575084247364,-0.0222599219609047,1.2506208565467258,test_e1n,primary,p0f0,0.28,-0.0165317064719343,positive/all/chemistry/yield/ecfp4/k5/p0f0/scale1_ecfp4,positive,all,yield,ecfp4,0,0,scale1_ecfp4
amine,19,8,True,5.633396858376733,3.8219077604029943,0.3215624859235854,1.6007105220544364,test_e1n,primary,p0f0,0.2131147540983606,-0.0203062963571596,positive/all/chemistry/yield/ecfp4/k5/p0f0/scale1_ecfp4,positive,all,yield,ecfp4,0,0,scale1_ecfp4
amine,21,48,True,3.1522347311149588,2.5427459277356044,0.1933513381358423,1.9076941811111885,test_e1n,primary,p0f0,0.2553191489361702,-0.0432631375048975,positive/all/chemistry/yield/ecfp4/k5/p0f0/scale1_ecfp4,positive,all,yield,ecfp4,0,0,scale1_ecfp4
amine,26,29,True,4.679099749702538,5.959959966630313,-0.2737407376299687,2.092208668326886,test_e1n,primary,p0f0,0.425,-0.1166079039739778,positive/all/chemistry/yield/ecfp4/k5/p0f0/scale1_ecfp4,positive,all,yield,ecfp4,0,0,scale1_ecfp4
amine,33,82,True,5.061435397671132,4.543199897142092,0.1023890378542597,2.0814009796662143,test_e1n,primary,p0f0,0.2777777777777778,-0.002675062087954,positive/all/chemistry/yield/ecfp4/k5/p0f0/scale1_ecfp4,positive,all,yield,ecfp4,0,0,scale1_ecfp4
amine,36,8,True,2.9717410096004375,3.004890153414652,-0.0111547889628078,1.4710191408030784,test_e1n,primary,p0f0,0.1791044776119403,0.2654283582670388,positive/all/chemistry/yield/ecfp4/k5/p0f0/scale1_ecfp4,positive,all,yield,ecfp4,0,0,scale1_ecfp4
amine,46,26,True,3.4357642940056476,2.764360910288228,0.1954160199198799,2.0580395085659844,test_e1n,primary,p0f0,0.7368421052631579,-0.014350738135328,positive/all/chemistry/yield/ecfp4/k5/p0f0/scale1_ecfp4,positive,all,yield,ecfp4,0,0,scale1_ecfp4
amine,54,6,True,0.6441792152687977,0.561740293181398,0.1279751350763472,0.8145763212565008,test_e1n,primary,p0f0,0.1956521739130435,-0.5215467814733985,positive/all/chemistry/yield/ecfp4/k5/p0f0/scale1_ecfp4,positive,all,yield,ecfp4,0,0,scale1_ecfp4
amine,61,48,True,1.785300933783894,1.1462179221060222,0.357969348239433,1.591255275498806,test_e1n,primary,p0f0,0.8333333333333334,-0.0675893261641824,positive/all/chemistry/yield/ecfp4/k5/p0f0/scale1_ecfp4,positive,all,yield,ecfp4,0,0,scale1_ecfp4
amine,63,8,True,2.764278600805135,2.0881105013683987,0.2446092442490394,1.7280941728504189,test_e1n,primary,p0f0,0.1891891891891892,-0.0967649322931496,positive/all/chemistry/yield/ecfp4/k5/p0f0/scale1_ecfp4,positive,all,yield,ecfp4,0,0,scale1_ecfp4
amine,67,39,True,1.622123686094947,1.2497467597584024,0.2295613642341872,1.7373484147940057,test_e1n,primary,p0f0,0.3658536585365853,0.0105618325172002,positive/all/chemistry/yield/ecfp4/k5/p0f0/scale1_ecfp4,positive,all,yield,ecfp4,0,0,scale1_ecfp4
amine,78,8,True,7.567689782648733,7.35621733832788,0.0279441217061671,2.16615693880451,test_e1n,primary,p0f0,0.1444444444444444,-0.1659107122469836,positive/all/chemistry/yield/ecfp4/k5/p0f0/scale1_ecfp4,positive,all,yield,ecfp4,0,0,scale1_ecfp4
amine,80,6,True,2.3427258837440124,2.757168627730344,-0.1769062043759008,1.9559752562880928,test_e1n,primary,p0f0,0.3,0.0884410850458035,positive/all/chemistry/yield/ecfp4/k5/p0f0/scale1_ecfp4,positive,all,yield,ecfp4,0,0,scale1_ecfp4
amine,84,4,True,1.5366458546739916,0.6725077816586409,0.5623534338682628,1.2354685867665949,test_e1n,primary,p0f0,0.4054054054054054,0.11683034791826,positive/all/chemistry/yield/ecfp4/k5/p0f0/scale1_ecfp4,positive,all,yield,ecfp4,0,0,scale1_ecfp4
amine,89,17,True,2.0105279178832145,2.0416060053376888,-0.0154576751598629,1.9683976124328608,test_e1n,primary,p0f0,0.2857142857142857,0.0771135701124124,positive/all/chemistry/yield/ecfp4/k5/p0f0/scale1_ecfp4,positive,all,yield,ecfp4,0,0,scale1_ecfp4
amine,95,38,True,3.745560317217416,2.8759194883394836,0.2321791014498974,1.7129757377883317,test_e1n,primary,p0f0,0.1935483870967742,0.0904764652899797,positive/all/chemistry/yield/ecfp4/k5/p0f0/scale1_ecfp4,positive,all,yield,ecfp4,0,0,scale1_ecfp4
amine,100,7,True,1.1655387975614528,1.251532557063794,-0.0737802634131594,1.5200124588893598,test_e1n,primary,p0f0,0.2352941176470588,0.0522080278349378,positive/all/chemistry/yield/ecfp4/k5/p0f0/scale1_ecfp4,positive,all,yield,ecfp4,0,0,scale1_ecfp4
amine,101,36,True,1.2452709520134366,1.5381352064591622,-0.2351811499113532,1.426085827262881,test_e1n,primary,p0f0,0.2222222222222222,-0.0789185651525703,positive/all/chemistry/yield/ecfp4/k5/p0f0/scale1_ecfp4,positive,all,yield,ecfp4,0,0,scale1_ecfp4
amine,115,14,True,3.7020726437320937,3.722301795407938,-0.0054642773447717,1.8805843812173344,test_e1n,primary,p0f0,0.1860465116279069,-0.0361299780185733,positive/all/chemistry/yield/ecfp4/k5/p0f0/scale1_ecfp4,positive,all,yield,ecfp4,0,0,scale1_ecfp4
amine,144,21,True,2.518976911587081,1.8505569663536856,0.2653537403057249,1.5512938006227122,test_e1n,primary,p0f0,0.2222222222222222,0.1016995420839214,positive/all/chemistry/yield/ecfp4/k5/p0f0/scale1_ecfp4,positive,all,yield,ecfp4,0,0,scale1_ecfp4
amine,146,3,True,2.3308500920056168,3.4675462992535624,-0.487674523190746,1.5516602150284995,test_e1n,primary,p0f0,0.1923076923076923,0.0534417229997122,positive/all/chemistry/yield/ecfp4/k5/p0f0/scale1_ecfp4,positive,all,yield,ecfp4,0,0,scale1_ecfp4
amine,147,8,True,10.443326035310786,9.335447110126289,0.1060848738647588,0.8916447430078982,test_e1n,primary,p0f0,0.1684210526315789,0.0770156906205521,positive/all/chemistry/yield/ecfp4/k5/p0f0/scale1_ecfp4,positive,all,yield,ecfp4,0,0,scale1_ecfp4
amine,150,33,True,0.927370775107466,0.8310577347638217,0.1038560227784657,1.6512849091346828,test_e1n,primary,p0f0,0.3018867924528302,0.1273463436376294,positive/all/chemistry/yield/ecfp4/k5/p0f0/scale1_ecfp4,positive,all,yield,ecfp4,0,0,scale1_ecfp4
amine,155,8,True,6.6382025033118195,5.64169251574628,0.1501174432488881,1.5828611925893394,test_e1n,primary,p0f0,0.1836734693877551,0.1717474996802163,positive/all/chemistry/yield/ecfp4/k5/p0f0/scale1_ecfp4,positive,all,yield,ecfp4,0,0,scale1_ecfp4
amine,159,33,True,2.7433503066211404,3.0418332782833724,-0.1088023541659395,1.5578270473327238,test_e1n,primary,p0f0,0.1842105263157894,-0.0359011845796408,positive/all/chemistry/yield/ecfp4/k5/p0f0/scale1_ecfp4,positive,all,yield,ecfp4,0,0,scale1_ecfp4
amine,160,7,True,16.505116040045756,14.02806531514494,0.1500777527943966,2.2533046035141022,test_e1n,primary,p0f0,0.1566265060240964,-0.0942265038972403,positive/all/chemistry/yield/ecfp4/k5/p0f0/scale1_ecfp4,positive,all,yield,ecfp4,0,0,scale1_ecfp4
amine,161,53,True,2.626590256991784,1.9529310999881224,0.2564766831105201,1.8593348081560903,test_e1n,primary,p0f0,0.4444444444444444,0.1099468429568399,positive/all/chemistry/yield/ecfp4/k5/p0f0/scale1_ecfp4,positive,all,yield,ecfp4,0,0,scale1_ecfp4
amine,167,46,True,3.030177804596535,2.4361775922785474,0.1960281708277769,2.1064190957259523,test_e1n,primary,p0f0,0.3076923076923077,-0.1001676864443157,positive/all/chemistry/yield/ecfp4/k5/p0f0/scale1_ecfp4,positive,all,yield,ecfp4,0,0,scale1_ecfp4
amine,168,6,True,2.441313998588655,2.6628249255380005,-0.0907343041810282,1.5177869475570211,test_e1n,primary,p0f0,0.1875,0.1022035525666444,positive/all/chemistry/yield/ecfp4/k5/p0f0/scale1_ecfp4,positive,all,yield,ecfp4,0,0,scale1_ecfp4
amine,173,65,True,1.266207989848119,1.189305311330201,0.0607346337525027,1.48095747099033,test_e1n,primary,p0f0,0.1935483870967742,-0.0633844365371356,positive/all/chemistry/yield/ecfp4/k5/p0f0/scale1_ecfp4,positive,all,yield,ecfp4,0,0,scale1_ecfp4
amine,182,97,True,3.5240977403178975,3.8162534763616343,-0.0829022795540803,1.462728939438002,test_e1n,primary,p0f0,0.1428571428571428,0.0410411198900328,positive/all/chemistry/yield/ecfp4/k5/p0f0/scale1_ecfp4,positive,all,yield,ecfp4,0,0,scale1_ecfp4
amine,183,56,True,1.2971797595969996,1.0454107126659835,0.194089558573774,1.3272134258273698,test_e1n,primary,p0f0,0.2631578947368421,0.0583035531372465,positive/all/chemistry/yield/ecfp4/k5/p0f0/scale1_ecfp4,positive,all,yield,ecfp4,0,0,scale1_ecfp4
amine,186,13,True,4.272949221743241,3.418953982348658,0.1998608443669212,2.1148112161170585,test_e1n,primary,p0f0,0.3333333333333333,-0.1829663220643318,positive/all/chemistry/yield/ecfp4/k5/p0f0/scale1_ecfp4,positive,all,yield,ecfp4,0,0,scale1_ecfp4
amine,197,8,True,1.0967298899114126,1.0959715313232494,0.0006914725267718,1.0870745291743589,test_e1n,primary,p0f0,0.1830985915492957,-0.2991037427321878,positive/all/chemistry/yield/ecfp4/k5/p0f0/scale1_ecfp4,positive,all,yield,ecfp4,0,0,scale1_ecfp4
amine,204,36,True,2.7878059935086745,2.867436499886096,-0.0285638622496826,1.5023673755887192,test_e1n,primary,p0f0,0.2758620689655172,-0.0034373552365007,positive/all/chemistry/yield/ecfp4/k5/p0f0/scale1_ecfp4,positive,all,yield,ecfp4,0,0,scale1_ecfp4
amine,216,8,True,2.051764717034855,1.8703891508560664,0.0883997880814065,1.3940155273996937,test_e1n,primary,p0f0,0.2542372881355932,-0.0994271420327237,positive/all/chemistry/yield/ecfp4/k5/p0f0/scale1_ecfp4,positive,all,yield,ecfp4,0,0,scale1_ecfp4
amine,220,57,True,2.52087736896367,1.9884315646178816,0.2112144806808575,2.359846282877357,test_e1n,primary,p0f0,0.1212121212121212,-0.1182917969295089,positive/all/chemistry/yield/ecfp4/k5/p0f0/scale1_ecfp4,positive,all,yield,ecfp4,0,0,scale1_ecfp4
amine,223,43,True,1.5305188203353424,2.1684735988061647,-0.4168225636918623,1.428859008044539,test_e1n,primary,p0f0,0.2926829268292683,-0.1251103577409613,positive/all/chemistry/yield/ecfp4/k5/p0f0/scale1_ecfp4,positive,all,yield,ecfp4,0,0,scale1_ecfp4
amine,226,25,True,1.5702315977129149,1.5403659808407597,0.0190198801983447,1.753847303192133,test_e1n,primary,p0f0,0.225,-0.0502227313083794,positive/all/chemistry/yield/ecfp4/k5/p0f0/scale1_ecfp4,positive,all,yield,ecfp4,0,0,scale1_ecfp4
amine,227,59,True,3.690373047461943,1.9139669155232932,0.4813622116496798,2.0264695953194067,test_e1n,primary,p0f0,0.3023255813953488,-0.0387685399932693,positive/all/chemistry/yield/ecfp4/k5/p0f0/scale1_ecfp4,positive,all,yield,ecfp4,0,0,scale1_ecfp4
acid,6,43,True,1.5645395866574328,1.574642973008393,-0.0064577377505325,1.7098205750011095,test_e1a,primary,p0f3,0.4318181818181818,-0.0479083489747595,positive/all/chemistry/yield/shuffled_both/k5/p0f3/scale0.5_shuffled_both,positive,all,yield,shuffled_both,0,3,scale0.5_shuffled_both
acid,9,35,True,0.743371957463213,0.6811937281236987,0.0836434959851055,1.1463052344759428,test_e1a,primary,p0f3,0.475,-0.0178898938259413,positive/all/chemistry/yield/shuffled_both/k5/p0f3/scale0.5_shuffled_both,positive,all,yield,shuffled_both,0,3,scale0.5_shuffled_both
acid,15,30,True,4.761459979863141,5.16531763534436,-0.0848180300137326,1.2055404525547215,test_e1a,primary,p0f3,0.6666666666666666,-0.1013782333933133,positive/all/chemistry/yield/shuffled_both/k5/p0f3/scale0.5_shuffled_both,positive,all,yield,shuffled_both,0,3,scale0.5_shuffled_both
acid,16,49,True,1.2870722538685633,1.206367360386014,0.0627042446451423,1.5838271364010994,test_e1a,primary,p0f3,0.2790697674418604,0.0323356755587548,positive/all/chemistry/yield/shuffled_both/k5/p0f3/scale0.5_shuffled_both,positive,all,yield,shuffled_both,0,3,scale0.5_shuffled_both
acid,19,15,True,5.339779140256845,4.867840166816649,0.0883817403387017,1.5247228308363006,test_e1a,primary,p0f3,0.4318181818181818,0.0488884793771953,positive/all/chemistry/yield/shuffled_both/k5/p0f3/scale0.5_shuffled_both,positive,all,yield,shuffled_both,0,3,scale0.5_shuffled_both
acid,25,43,True,5.677608610754416,6.032654647625122,-0.062534433282031,1.598423998703984,test_e1a,primary,p0f3,0.4794520547945205,-0.0754923032560732,positive/all/chemistry/yield/shuffled_both/k5/p0f3/scale0.5_shuffled_both,positive,all,yield,shuffled_both,0,3,scale0.5_shuffled_both
acid,29,36,True,8.185357666116774,8.93705773864976,-0.0918347252734772,1.4718103543102354,test_e1a,primary,p0f3,0.3958333333333333,-0.0541571260040421,positive/all/chemistry/yield/shuffled_both/k5/p0f3/scale0.5_shuffled_both,positive,all,yield,shuffled_both,0,3,scale0.5_shuffled_both
acid,30,86,True,1.7752668423517972,1.9876058854452752,-0.1196096485484854,1.4508393925366367,test_e1a,primary,p0f3,0.3461538461538461,0.0036105930635242,positive/all/chemistry/yield/shuffled_both/k5/p0f3/scale0.5_shuffled_both,positive,all,yield,shuffled_both,0,3,scale0.5_shuffled_both
acid,32,26,True,3.399069298201697,3.688441154458306,-0.0851326733496438,1.0502468396762623,test_e1a,primary,p0f3,0.4318181818181818,-0.0912702758541865,positive/all/chemistry/yield/shuffled_both/k5/p0f3/scale0.5_shuffled_both,positive,all,yield,shuffled_both,0,3,scale0.5_shuffled_both
acid,34,12,True,5.112049605159715,5.296471553872273,-0.0360759309781377,1.9094455648647055,test_e1a,primary,p0f3,0.6153846153846154,-0.0541771957659156,positive/all/chemistry/yield/shuffled_both/k5/p0f3/scale0.5_shuffled_both,positive,all,yield,shuffled_both,0,3,scale0.5_shuffled_both
acid,37,25,True,1.1419209525920744,1.1064949790245244,0.0310231399880488,1.2520734567307572,test_e1a,primary,p0f3,0.6521739130434783,-0.0072402107234192,positive/all/chemistry/yield/shuffled_both/k5/p0f3/scale0.5_shuffled_both,positive,all,yield,shuffled_both,0,3,scale0.5_shuffled_both
acid,40,31,True,1.0713551690920051,1.0244271837401286,0.043802453850714,1.3154455992846246,test_e1a,primary,p0f3,0.6521739130434783,-0.0119691347175445,positive/all/chemistry/yield/shuffled_both/k5/p0f3/scale0.5_shuffled_both,positive,all,yield,shuffled_both,0,3,scale0.5_shuffled_both
acid,50,8,True,1.1765482837046293,1.06055524723578,0.0985875701621177,1.9180488790884656,test_e1a,primary,p0f3,0.5555555555555556,0.0533232865263741,positive/all/chemistry/yield/shuffled_both/k5/p0f3/scale0.5_shuffled_both,positive,all,yield,shuffled_both,0,3,scale0.5_shuffled_both
acid,57,7,True,3.529349861421786,3.750331839502883,-0.0626126586362494,2.213010623970974,test_e1a,primary,p0f3,0.5576923076923077,-0.0635608917715064,positive/all/chemistry/yield/shuffled_both/k5/p0f3/scale0.5_shuffled_both,positive,all,yield,shuffled_both,0,3,scale0.5_shuffled_both
acid,63,16,True,3.378930124483728,2.761165911295156,0.1828283481544209,1.800571331165147,test_e1a,primary,p0f3,0.6,0.0645735886544358,positive/all/chemistry/yield/shuffled_both/k5/p0f3/scale0.5_shuffled_both,positive,all,yield,shuffled_both,0,3,scale0.5_shuffled_both
acid,67,79,True,7.48793608448452,6.934447423581767,0.0739173858667967,1.4063077709756873,test_e1a,primary,p0f3,0.352112676056338,0.0364744929483668,positive/all/chemistry/yield/shuffled_both/k5/p0f3/scale0.5_shuffled_both,positive,all,yield,shuffled_both,0,3,scale0.5_shuffled_both
acid,70,2,False,9.948680698969886,10.943616953442472,-0.1000068536299094,0.8558919847546075,test_e1a,primary,p0f3,0.25,-0.1161474558649755,positive/all/chemistry/yield/shuffled_both/k5/p0f3/scale0.5_shuffled_both,positive,all,yield,shuffled_both,0,3,scale0.5_shuffled_both
acid,78,2,False,2.8854251339063497,2.303618882143984,0.2016362320150388,0.8727697705001676,test_e1a,primary,p0f3,0.34,0.0965732448599646,positive/all/chemistry/yield/shuffled_both/k5/p0f3/scale0.5_shuffled_both,positive,all,yield,shuffled_both,0,3,scale0.5_shuffled_both
acid,80,24,True,4.167506840618134,3.828982762764216,0.0812293994468182,1.5755726597168318,test_e1a,primary,p0f3,0.5882352941176471,0.0430100391384925,positive/all/chemistry/yield/shuffled_both/k5/p0f3/scale0.5_shuffled_both,positive,all,yield,shuffled_both,0,3,scale0.5_shuffled_both
acid,82,48,True,3.198274964748169,3.0754256898412353,0.0384111048177518,1.6020753911973395,test_e1a,primary,p0f3,0.3555555555555555,0.032461426585052,positive/all/chemistry/yield/shuffled_both/k5/p0f3/scale0.5_shuffled_both,positive,all,yield,shuffled_both,0,3,scale0.5_shuffled_both
acid,85,15,True,2.0098149410072037,2.137371241161127,-0.0634666891718893,0.8321964419333431,test_e1a,primary,p0f3,0.4090909090909091,-0.1172558023886631,positive/all/chemistry/yield/shuffled_both/k5/p0f3/scale0.5_shuffled_both,positive,all,yield,shuffled_both,0,3,scale0.5_shuffled_both
acid,93,62,True,0.9256695687361026,0.8582790213981658,0.0728019474918582,1.2948647047661737,test_e1a,primary,p0f3,0.40625,-0.032343192693375,positive/all/chemistry/yield/shuffled_both/k5/p0f3/scale0.5_shuffled_both,positive,all,yield,shuffled_both,0,3,scale0.5_shuffled_both
acid,96,56,True,2.1944996797791805,2.207081889396526,-0.0057335208263102,1.4017932665637622,test_e1a,primary,p0f3,0.3968253968253968,-0.0486998991129861,positive/all/chemistry/yield/shuffled_both/k5/p0f3/scale0.5_shuffled_both,positive,all,yield,shuffled_both,0,3,scale0.5_shuffled_both
acid,101,6,True,1.8163924280543369,1.798650919553748,0.0097674424461199,1.715921688307778,test_e1a,primary,p0f3,0.2586206896551724,0.0278118889221511,positive/all/chemistry/yield/shuffled_both/k5/p0f3/scale0.5_shuffled_both,positive,all,yield,shuffled_both,0,3,scale0.5_shuffled_both
acid,105,36,True,2.7295600632763986,2.874822581217342,-0.0532182896047279,1.1027247800534716,test_e1a,primary,p0f3,0.3636363636363636,-0.0996118466814448,positive/all/chemistry/yield/shuffled_both/k5/p0f3/scale0.5_shuffled_both,positive,all,yield,shuffled_both,0,3,scale0.5_shuffled_both
acid,112,34,True,1.291423129747264,1.3106363785374162,-0.0148775783456134,1.1389845494541262,test_e1a,primary,p0f3,0.6382978723404256,0.005013898830593,positive/all/chemistry/yield/shuffled_both/k5/p0f3/scale0.5_shuffled_both,positive,all,yield,shuffled_both,0,3,scale0.5_shuffled_both
acid,118,10,True,0.7894292129647853,0.7865812143982394,0.0036076680717831,1.2157935646266138,test_e1a,primary,p0f3,0.5454545454545454,-0.043839338697093,positive/all/chemistry/yield/shuffled_both/k5/p0f3/scale0.5_shuffled_both,positive,all,yield,shuffled_both,0,3,scale0.5_shuffled_both
acid,121,2,False,0.4672096814218679,0.3666692339490377,0.2151934162983386,0.0886207586067038,test_e1a,primary,p0f3,0.8490566037735849,-0.5333574276752009,positive/all/chemistry/yield/shuffled_both/k5/p0f3/scale0.5_shuffled_both,positive,all,yield,shuffled_both,0,3,scale0.5_shuffled_both
acid,122,12,True,2.812329467318539,3.017173132922738,-0.0728377197567502,1.681285597223096,test_e1a,primary,p0f3,0.7058823529411765,-0.0799697382063515,positive/all/chemistry/yield/shuffled_both/k5/p0f3/scale0.5_shuffled_both,positive,all,yield,shuffled_both,0,3,scale0.5_shuffled_both
acid,135,2,False,1.227327471792915,0.7922339431364716,0.3545048397074062,0.6317689301232031,test_e1a,primary,p0f3,0.4705882352941176,0.1394763772590627,positive/all/chemistry/yield/shuffled_both/k5/p0f3/scale0.5_shuffled_both,positive,all,yield,shuffled_both,0,3,scale0.5_shuffled_both
acid,162,33,True,2.9857771889165496,2.755906719177261,0.0769884874841253,1.7645106529420345,test_e1a,primary,p0f3,0.6415094339622641,0.0311230335035687,positive/all/chemistry/yield/shuffled_both/k5/p0f3/scale0.5_shuffled_both,positive,all,yield,shuffled_both,0,3,scale0.5_shuffled_both
acid,163,4,True,1.1992389053847254,1.6217297991027988,-0.3522991889447873,0.8383428026628335,test_e1a,primary,p0f3,0.3725490196078431,0.0626593887086857,positive/all/chemistry/yield/shuffled_both/k5/p0f3/scale0.5_shuffled_both,positive,all,yield,shuffled_both,0,3,scale0.5_shuffled_both
acid,164,24,True,1.5199474073790007,1.4841769782315508,0.0235339913564065,1.671501619974572,test_e1a,primary,p0f3,0.3898305084745763,0.0103716806484918,positive/all/chemistry/yield/shuffled_both/k5/p0f3/scale0.5_shuffled_both,positive,all,yield,shuffled_both,0,3,scale0.5_shuffled_both
acid,172,8,True,4.959642971741587,4.428615944547779,0.1070696076752752,1.435825374915892,test_e1a,primary,p0f3,0.6,0.0505426133685451,positive/all/chemistry/yield/shuffled_both/k5/p0f3/scale0.5_shuffled_both,positive,all,yield,shuffled_both,0,3,scale0.5_shuffled_both
acid,178,10,True,5.628857717507833,5.366038628908098,0.0466913718181701,1.9007580716961685,test_e1a,primary,p0f3,0.7254901960784313,0.0768445272731328,positive/all/chemistry/yield/shuffled_both/k5/p0f3/scale0.5_shuffled_both,positive,all,yield,shuffled_both,0,3,scale0.5_shuffled_both
acid,186,8,True,1.756925530789574,1.7273284614885949,0.0168459441122004,2.5367441912673834,test_e1a,primary,p0f3,0.6111111111111112,-0.0067941684378423,positive/all/chemistry/yield/shuffled_both/k5/p0f3/scale0.5_shuffled_both,positive,all,yield,shuffled_both,0,3,scale0.5_shuffled_both
acid,188,97,True,1.9731122456193244,1.8932614771834633,0.0404694505409637,1.400761740634112,test_e1a,primary,p0f3,0.34375,-0.0014040400394628,positive/all/chemistry/yield/shuffled_both/k5/p0f3/scale0.5_shuffled_both,positive,all,yield,shuffled_both,0,3,scale0.5_shuffled_both
acid,189,26,True,2.2177011608519512,2.1654280290549424,0.0235708637032627,1.0720379115272232,test_e1a,primary,p0f3,0.2222222222222222,-0.0995726051718135,positive/all/chemistry/yield/shuffled_both/k5/p0f3/scale0.5_shuffled_both,positive,all,yield,shuffled_both,0,3,scale0.5_shuffled_both
acid,190,1,False,0.4499677577314027,0.5590683430430122,-0.242463117494597,,test_e1a,primary,p0f3,0.2222222222222222,0.091525508829477,positive/all/chemistry/yield/shuffled_both/k5/p0f3/scale0.5_shuffled_both,positive,all,yield,shuffled_both,0,3,scale0.5_shuffled_both
acid,191,8,True,0.6359659480741149,0.7080105080585893,-0.1132836753330044,1.0395716612695178,test_e1a,primary,p0f3,0.2222222222222222,0.0474429999991268,positive/all/chemistry/yield/shuffled_both/k5/p0f3/scale0.5_shuffled_both,positive,all,yield,shuffled_both,0,3,scale0.5_shuffled_both
acid,198,10,True,3.0651126734685006,3.0517442595238675,0.0043614755373756,2.623836208591293,test_e1a,primary,p0f3,0.6451612903225806,1.7678814649868535e-05,positive/all/chemistry/yield/shuffled_both/k5/p0f3/scale0.5_shuffled_both,positive,all,yield,shuffled_both,0,3,scale0.5_shuffled_both
acid,201,2,False,5.8426101604857505,5.823906538774223,0.0032012441696046,1.0476666433744803,test_e1a,primary,p0f3,0.3666666666666666,-0.1161122457367476,positive/all/chemistry/yield/shuffled_both/k5/p0f3/scale0.5_shuffled_both,positive,all,yield,shuffled_both,0,3,scale0.5_shuffled_both
acid,207,110,True,1.8487867364715145,1.7403825485780784,0.0586353124213395,1.6139015389703082,test_e1a,primary,p0f3,0.3,0.0093961594316379,positive/all/chemistry/yield/shuffled_both/k5/p0f3/scale0.5_shuffled_both,positive,all,yield,shuffled_both,0,3,scale0.5_shuffled_both
acid,208,11,True,2.006965628546661,2.160720929822237,-0.0766108293478435,1.3983615960392957,test_e1a,primary,p0f3,0.5490196078431373,-0.1092925097110415,positive/all/chemistry/yield/shuffled_both/k5/p0f3/scale0.5_shuffled_both,positive,all,yield,shuffled_both,0,3,scale0.5_shuffled_both
acid,211,15,True,0.9480218696465916,0.9681604044476386,-0.0212426901170057,1.329611841131925,test_e1a,primary,p0f3,0.36,0.0319590975720186,positive/all/chemistry/yield/shuffled_both/k5/p0f3/scale0.5_shuffled_both,positive,all,yield,shuffled_both,0,3,scale0.5_shuffled_both
acid,213,19,True,6.545990145865415,6.090036580073368,0.0696538729255553,1.3224960670514985,test_e1a,primary,p0f3,0.2954545454545454,0.0590193633781453,positive/all/chemistry/yield/shuffled_both/k5/p0f3/scale0.5_shuffled_both,positive,all,yield,shuffled_both,0,3,scale0.5_shuffled_both
acid,214,16,True,1.5670040609593658,1.5529522574093602,0.0089673051270861,2.0455901168803496,test_e1a,primary,p0f3,0.5166666666666667,0.0227628069033219,positive/all/chemistry/yield/shuffled_both/k5/p0f3/scale0.5_shuffled_both,positive,all,yield,shuffled_both,0,3,scale0.5_shuffled_both
acid,221,12,True,2.496549875103972,2.3192022411738336,0.0710370883028133,1.9233585552770116,test_e1a,primary,p0f3,0.4857142857142857,0.0959899314917149,positive/all/chemistry/yield/shuffled_both/k5/p0f3/scale0.5_shuffled_both,positive,all,yield,shuffled_both,0,3,scale0.5_shuffled_both
acid,224,14,True,2.709908972292438,2.5332267683997345,0.065198575191712,0.9221945425836025,test_e1a,primary,p0f3,0.4827586206896552,0.0507814488688381,positive/all/chemistry/yield/shuffled_both/k5/p0f3/scale0.5_shuffled_both,positive,all,yield,shuffled_both,0,3,scale0.5_shuffled_both
acid,229,69,True,1.7396762613570769,1.807431714545083,-0.0389471620053902,1.541890214558386,test_e1a,primary,p0f3,0.2954545454545454,-0.0449253124883319,positive/all/chemistry/yield/shuffled_both/k5/p0f3/scale0.5_shuffled_both,positive,all,yield,shuffled_both,0,3,scale0.5_shuffled_both
acid,233,2,False,2.1421258959610228,1.7410206526206582,0.1872463444359868,1.2430013199994958,test_e1a,primary,p0f3,0.6060606060606061,0.1041297410632535,positive/all/chemistry/yield/shuffled_both/k5/p0f3/scale0.5_shuffled_both,positive,all,yield,shuffled_both,0,3,scale0.5_shuffled_both
acid,238,15,True,2.4293956791353564,2.317619902967368,0.0460097040296746,1.3019582476466274,test_e1a,primary,p0f3,0.59375,0.0535959452499623,positive/all/chemistry/yield/shuffled_both/k5/p0f3/scale0.5_shuffled_both,positive,all,yield,shuffled_both,0,3,scale0.5_shuffled_both
acid,248,15,True,0.6046261341161099,0.6879405037116444,-0.1377948535375996,0.4594757618755898,test_e1a,primary,p0f3,0.5172413793103449,-0.0301598781953225,positive/all/chemistry/yield/shuffled_both/k5/p0f3/scale0.5_shuffled_both,positive,all,yield,shuffled_both,0,3,scale0.5_shuffled_both
acid,250,6,True,1.6069595032391737,1.6728487552257711,-0.0410024346312298,1.2457275976297697,test_e1a,primary,p0f3,0.5666666666666667,0.0353407119504729,positive/all/chemistry/yield/shuffled_both/k5/p0f3/scale0.5_shuffled_both,positive,all,yield,shuffled_both,0,3,scale0.5_shuffled_both
amine,2,46,True,1.9976250122543968,2.072964702250733,-0.0377146308912663,1.537029002339019,test_e1n,primary,p0f3,0.4074074074074074,0.0077739717520434,positive/all/chemistry/yield/shuffled_both/k5/p0f3/scale0.5_shuffled_both,positive,all,yield,shuffled_both,0,3,scale0.5_shuffled_both
amine,5,41,True,2.777594942635121,2.432359264061553,0.1242930253343711,1.4286550407623628,test_e1n,primary,p0f3,0.6578947368421053,0.0475176564566178,positive/all/chemistry/yield/shuffled_both/k5/p0f3/scale0.5_shuffled_both,positive,all,yield,shuffled_both,0,3,scale0.5_shuffled_both
amine,15,9,True,3.4536413711280916,3.101373350085169,0.1019990158757736,1.5234619451715818,test_e1n,primary,p0f3,0.1578947368421052,0.0894818960203429,positive/all/chemistry/yield/shuffled_both/k5/p0f3/scale0.5_shuffled_both,positive,all,yield,shuffled_both,0,3,scale0.5_shuffled_both
amine,16,55,True,6.0256071522829,5.669214090927225,0.0591464150165597,1.686879157716476,test_e1n,primary,p0f3,0.1477272727272727,0.0866676841019117,positive/all/chemistry/yield/shuffled_both/k5/p0f3/scale0.5_shuffled_both,positive,all,yield,shuffled_both,0,3,scale0.5_shuffled_both
amine,18,9,True,0.6534721424106628,0.8161521090270374,-0.2489470568955658,1.6152222346365233,test_e1n,primary,p0f3,0.2291666666666666,-0.0515867058196308,positive/all/chemistry/yield/shuffled_both/k5/p0f3/scale0.5_shuffled_both,positive,all,yield,shuffled_both,0,3,scale0.5_shuffled_both
amine,25,49,True,2.0848714281550578,1.9444056543795136,0.0673738302893069,1.4855329457424429,test_e1n,primary,p0f3,0.3928571428571428,0.0773026042835332,positive/all/chemistry/yield/shuffled_both/k5/p0f3/scale0.5_shuffled_both,positive,all,yield,shuffled_both,0,3,scale0.5_shuffled_both
amine,28,28,True,1.8197611981928083,1.7220055413403137,0.0537189478210521,1.5672439301858898,test_e1n,primary,p0f3,0.4358974358974359,0.0405634608180985,positive/all/chemistry/yield/shuffled_both/k5/p0f3/scale0.5_shuffled_both,positive,all,yield,shuffled_both,0,3,scale0.5_shuffled_both
amine,39,7,True,1.08688541899976,1.3759730650753763,-0.2659780332149994,0.5949599418739417,test_e1n,primary,p0f3,0.1818181818181818,-0.1066719091941956,positive/all/chemistry/yield/shuffled_both/k5/p0f3/scale0.5_shuffled_both,positive,all,yield,shuffled_both,0,3,scale0.5_shuffled_both
amine,43,6,True,3.113721672849531,2.960358729784866,0.0492539023002381,1.871120931275145,test_e1n,primary,p0f3,0.1724137931034483,0.0525859031828221,positive/all/chemistry/yield/shuffled_both/k5/p0f3/scale0.5_shuffled_both,positive,all,yield,shuffled_both,0,3,scale0.5_shuffled_both
amine,44,47,True,2.2529958025300445,2.1165844368471065,0.0605466577122568,1.6936179680038494,test_e1n,primary,p0f3,0.1724137931034483,0.08461243300977,positive/all/chemistry/yield/shuffled_both/k5/p0f3/scale0.5_shuffled_both,positive,all,yield,shuffled_both,0,3,scale0.5_shuffled_both
amine,49,9,True,1.435860082905159,1.388381053406413,0.0330666128712781,1.364733340504369,test_e1n,primary,p0f3,0.217391304347826,-0.005639154014829,positive/all/chemistry/yield/shuffled_both/k5/p0f3/scale0.5_shuffled_both,positive,all,yield,shuffled_both,0,3,scale0.5_shuffled_both
amine,55,12,True,1.3636257417744388,1.3857981398803576,-0.0162598852651949,1.5252298381189775,test_e1n,primary,p0f3,0.3571428571428571,0.0545147365423723,positive/all/chemistry/yield/shuffled_both/k5/p0f3/scale0.5_shuffled_both,positive,all,yield,shuffled_both,0,3,scale0.5_shuffled_both
amine,58,33,True,3.07513494476315,3.2563936771597732,-0.0589433425369836,1.5283273910640431,test_e1n,primary,p0f3,0.71875,-0.0516694141778617,positive/all/chemistry/yield/shuffled_both/k5/p0f3/scale0.5_shuffled_both,positive,all,yield,shuffled_both,0,3,scale0.5_shuffled_both
amine,62,9,True,1.0739283846020322,1.1883439535868627,-0.1065392912835894,1.1732674836939982,test_e1n,primary,p0f3,0.1888888888888888,-0.020879250361663,positive/all/chemistry/yield/shuffled_both/k5/p0f3/scale0.5_shuffled_both,positive,all,yield,shuffled_both,0,3,scale0.5_shuffled_both
amine,65,35,True,0.7878319612980095,0.8137109392628221,-0.0328483474092307,1.3667829218761425,test_e1n,primary,p0f3,0.3018867924528302,0.0367155765404174,positive/all/chemistry/yield/shuffled_both/k5/p0f3/scale0.5_shuffled_both,positive,all,yield,shuffled_both,0,3,scale0.5_shuffled_both
amine,66,96,True,1.279333677925779,1.234287532808514,0.0352106302636379,1.5584103162955816,test_e1n,primary,p0f3,0.3658536585365853,0.0068262320946346,positive/all/chemistry/yield/shuffled_both/k5/p0f3/scale0.5_shuffled_both,positive,all,yield,shuffled_both,0,3,scale0.5_shuffled_both
amine,75,22,True,4.678024755071849,4.537845728427627,0.029965430707104,2.3948698019976775,test_e1n,primary,p0f3,0.1145833333333333,0.0237171391216999,positive/all/chemistry/yield/shuffled_both/k5/p0f3/scale0.5_shuffled_both,positive,all,yield,shuffled_both,0,3,scale0.5_shuffled_both
amine,79,8,True,1.3084690361257243,1.0542901725335525,0.1942566897454264,1.0975258607090543,test_e1n,primary,p0f3,0.1590909090909091,0.0625769733843579,positive/all/chemistry/yield/shuffled_both/k5/p0f3/scale0.5_shuffled_both,positive,all,yield,shuffled_both,0,3,scale0.5_shuffled_both
amine,82,4,True,2.368003735326333,1.99870222482957,0.1559547837646756,0.9161102957679736,test_e1n,primary,p0f3,0.2777777777777778,0.0796655552153163,positive/all/chemistry/yield/shuffled_both/k5/p0f3/scale0.5_shuffled_both,positive,all,yield,shuffled_both,0,3,scale0.5_shuffled_both
amine,86,3,True,1.142371270639526,0.9600465309897293,0.1596020000990807,1.3486544597845884,test_e1n,primary,p0f3,0.2444444444444444,-0.0450248801730233,positive/all/chemistry/yield/shuffled_both/k5/p0f3/scale0.5_shuffled_both,positive,all,yield,shuffled_both,0,3,scale0.5_shuffled_both
amine,88,8,True,3.6664658725960497,3.387017116285228,0.0762174709982932,1.4295240899183144,test_e1n,primary,p0f3,0.325,0.0718351612961231,positive/all/chemistry/yield/shuffled_both/k5/p0f3/scale0.5_shuffled_both,positive,all,yield,shuffled_both,0,3,scale0.5_shuffled_both
amine,92,53,True,1.3598250884285883,1.3342347300645985,0.0188188602944239,1.5919928661366105,test_e1n,primary,p0f3,0.2926829268292683,0.0176834567489158,positive/all/chemistry/yield/shuffled_both/k5/p0f3/scale0.5_shuffled_both,positive,all,yield,shuffled_both,0,3,scale0.5_shuffled_both
amine,94,9,True,0.9777504004925848,0.94811607018721,0.0303086864402664,1.7730277514617567,test_e1n,primary,p0f3,0.3243243243243243,0.0545201289662956,positive/all/chemistry/yield/shuffled_both/k5/p0f3/scale0.5_shuffled_both,positive,all,yield,shuffled_both,0,3,scale0.5_shuffled_both
amine,99,10,True,2.647771545587331,2.3302918594739905,0.1199044859600667,1.6043100811502886,test_e1n,primary,p0f3,0.2352941176470588,0.0406024057113501,positive/all/chemistry/yield/shuffled_both/k5/p0f3/scale0.5_shuffled_both,positive,all,yield,shuffled_both,0,3,scale0.5_shuffled_both
amine,119,62,True,5.8400330688922,5.324433286507767,0.0882871340456704,1.543643468915832,test_e1n,primary,p0f3,0.2972972972972973,0.0613107231428508,positive/all/chemistry/yield/shuffled_both/k5/p0f3/scale0.5_shuffled_both,positive,all,yield,shuffled_both,0,3,scale0.5_shuffled_both
amine,121,51,True,1.8492943354561209,1.7536214983401135,0.051734780819739,1.3714178152361691,test_e1n,primary,p0f3,0.3125,0.0558753032225549,positive/all/chemistry/yield/shuffled_both/k5/p0f3/scale0.5_shuffled_both,positive,all,yield,shuffled_both,0,3,scale0.5_shuffled_both
amine,126,9,True,0.7458040478669603,0.7838705409086127,-0.051040877493927,0.9449197499592388,test_e1n,primary,p0f3,0.4411764705882353,-0.0583725403894312,positive/all/chemistry/yield/shuffled_both/k5/p0f3/scale0.5_shuffled_both,positive,all,yield,shuffled_both,0,3,scale0.5_shuffled_both
amine,131,49,True,1.6840323734702876,1.5100328465255128,0.1033231484654975,1.3445878869204235,test_e1n,primary,p0f3,0.3720930232558139,0.0576558820603918,positive/all/chemistry/yield/shuffled_both/k5/p0f3/scale0.5_shuffled_both,positive,all,yield,shuffled_both,0,3,scale0.5_shuffled_both
amine,145,34,True,1.434721877811566,1.5177108665144603,-0.0578432586735768,1.506049643708251,test_e1n,primary,p0f3,0.4594594594594595,-0.0002573165927228,positive/all/chemistry/yield/shuffled_both/k5/p0f3/scale0.5_shuffled_both,positive,all,yield,shuffled_both,0,3,scale0.5_shuffled_both
amine,158,97,True,1.885271338577686,1.9788286010238136,-0.0496253565901607,1.6883336168215757,test_e1n,primary,p0f3,0.2631578947368421,-0.0324807418523773,positive/all/chemistry/yield/shuffled_both/k5/p0f3/scale0.5_shuffled_both,positive,all,yield,shuffled_both,0,3,scale0.5_shuffled_both
amine,162,9,True,1.206718922662998,1.2610670690326655,-0.0450379498895496,1.8790470597162563,test_e1n,primary,p0f3,0.1612903225806451,0.0155945190923116,positive/all/chemistry/yield/shuffled_both/k5/p0f3/scale0.5_shuffled_both,positive,all,yield,shuffled_both,0,3,scale0.5_shuffled_both
amine,163,9,True,0.6481188496714387,0.6680957488139406,-0.0308228948326825,1.4124278167504407,test_e1n,primary,p0f3,0.3018867924528302,0.0544143737572005,positive/all/chemistry/yield/shuffled_both/k5/p0f3/scale0.5_shuffled_both,positive,all,yield,shuffled_both,0,3,scale0.5_shuffled_both
amine,166,34,True,1.7960705054237556,1.9167882713490043,-0.0672121531758951,1.5200650389379595,test_e1n,primary,p0f3,0.4761904761904761,-0.0051277565267002,positive/all/chemistry/yield/shuffled_both/k5/p0f3/scale0.5_shuffled_both,positive,all,yield,shuffled_both,0,3,scale0.5_shuffled_both
amine,185,81,True,5.215524651732803,5.469844984784464,-0.0487621763933501,1.3923742345980117,test_e1n,primary,p0f3,0.2162162162162162,-0.0647285372781494,positive/all/chemistry/yield/shuffled_both/k5/p0f3/scale0.5_shuffled_both,positive,all,yield,shuffled_both,0,3,scale0.5_shuffled_both
amine,190,96,True,1.0374996553654117,1.0456270445104483,-0.0078336306937607,1.472892664703739,test_e1n,primary,p0f3,0.3111111111111111,-0.0091137800781735,positive/all/chemistry/yield/shuffled_both/k5/p0f3/scale0.5_shuffled_both,positive,all,yield,shuffled_both,0,3,scale0.5_shuffled_both
amine,193,9,True,1.5585829564599405,1.7197845680557502,-0.1034283166819378,2.1780006681976505,test_e1n,primary,p0f3,0.1794871794871795,-0.0332529602180287,positive/all/chemistry/yield/shuffled_both/k5/p0f3/scale0.5_shuffled_both,positive,all,yield,shuffled_both,0,3,scale0.5_shuffled_both
amine,195,8,True,9.814621793792432,10.593806153453915,-0.0793901564453865,2.2215744733201888,test_e1n,primary,p0f3,0.1791044776119403,-0.0422564037818908,positive/all/chemistry/yield/shuffled_both/k5/p0f3/scale0.5_shuffled_both,positive,all,yield,shuffled_both,0,3,scale0.5_shuffled_both
amine,196,21,True,1.6378189679050872,1.745330502310774,-0.0656431122807201,1.452414953032688,test_e1n,primary,p0f3,0.1875,-0.0241652513787817,positive/all/chemistry/yield/shuffled_both/k5/p0f3/scale0.5_shuffled_both,positive,all,yield,shuffled_both,0,3,scale0.5_shuffled_both
amine,198,36,True,4.860448776931486,4.68241868315654,0.0366283242444415,1.5162575229592683,test_e1n,primary,p0f3,0.2641509433962264,0.0517671032213499,positive/all/chemistry/yield/shuffled_both/k5/p0f3/scale0.5_shuffled_both,positive,all,yield,shuffled_both,0,3,scale0.5_shuffled_both
amine,207,79,True,1.6364533677423383,1.6983285128963552,-0.0378105153337673,1.543878828865382,test_e1n,primary,p0f3,0.2321428571428571,0.0178469807503641,positive/all/chemistry/yield/shuffled_both/k5/p0f3/scale0.5_shuffled_both,positive,all,yield,shuffled_both,0,3,scale0.5_shuffled_both
amine,208,29,True,2.8437172186660153,2.955000485898959,-0.0391330285945754,1.1681130999036338,test_e1n,primary,p0f3,0.2127659574468085,-0.0640638248146832,positive/all/chemistry/yield/shuffled_both/k5/p0f3/scale0.5_shuffled_both,positive,all,yield,shuffled_both,0,3,scale0.5_shuffled_both
amine,213,17,True,1.7199627381112403,1.398239644371567,0.1870523625953492,0.948000773472082,test_e1n,primary,p0f3,0.2647058823529412,0.0868111329673332,positive/all/chemistry/yield/shuffled_both/k5/p0f3/scale0.5_shuffled_both,positive,all,yield,shuffled_both,0,3,scale0.5_shuffled_both
amine,214,9,True,1.0734529995867232,1.064948923429498,0.0079221690754036,1.457149440448507,test_e1n,primary,p0f3,0.25,0.0345216985646285,positive/all/chemistry/yield/shuffled_both/k5/p0f3/scale0.5_shuffled_both,positive,all,yield,shuffled_both,0,3,scale0.5_shuffled_both
amine,219,33,True,1.2298856022553286,1.2528273959063618,-0.0186535996591579,1.359040503864802,test_e1n,primary,p0f3,0.3513513513513513,0.0164659295914796,positive/all/chemistry/yield/shuffled_both/k5/p0f3/scale0.5_shuffled_both,positive,all,yield,shuffled_both,0,3,scale0.5_shuffled_both
amine,228,20,True,1.8661224918475223,1.9728981998733663,-0.0572179524614875,1.792943714007953,test_e1n,primary,p0f3,0.4473684210526316,-0.0201374216744043,positive/all/chemistry/yield/shuffled_both/k5/p0f3/scale0.5_shuffled_both,positive,all,yield,shuffled_both,0,3,scale0.5_shuffled_both
amine,229,7,True,5.0745289456485585,5.43776239584652,-0.0715797375654812,1.5673925012766754,test_e1n,primary,p0f3,0.1830985915492957,-0.0738406856742612,positive/all/chemistry/yield/shuffled_both/k5/p0f3/scale0.5_shuffled_both,positive,all,yield,shuffled_both,0,3,scale0.5_shuffled_both
acid,27,37,True,2.1366016778316417,2.25686273113586,-0.0562861363219873,1.2107089095504808,test_e1a,primary,p0f4,0.4523809523809524,-0.1146853801805352,positive/all/chemistry/yield/shuffled_both/k5/p0f4/scale0.5_shuffled_both,positive,all,yield,shuffled_both,0,4,scale0.5_shuffled_both
acid,28,55,True,2.195721624945246,1.996570558584199,0.0906995969336564,1.6010100972868295,test_e1a,primary,p0f4,0.603448275862069,-0.0661845075105633,positive/all/chemistry/yield/shuffled_both/k5/p0f4/scale0.5_shuffled_both,positive,all,yield,shuffled_both,0,4,scale0.5_shuffled_both
acid,39,27,True,2.2690237674020626,1.9950180822968824,0.1207592838125735,1.56452409385048,test_e1a,primary,p0f4,0.6481481481481481,0.0508356521519771,positive/all/chemistry/yield/shuffled_both/k5/p0f4/scale0.5_shuffled_both,positive,all,yield,shuffled_both,0,4,scale0.5_shuffled_both
acid,47,39,True,5.144555544358264,4.678705111334228,0.0905521242811552,1.0461526060035318,test_e1a,primary,p0f4,0.5522388059701493,0.093483730360343,positive/all/chemistry/yield/shuffled_both/k5/p0f4/scale0.5_shuffled_both,positive,all,yield,shuffled_both,0,4,scale0.5_shuffled_both
acid,49,36,True,1.5101384176645896,1.4557778917508206,0.0359970485340256,1.4129079473898294,test_e1a,primary,p0f4,0.4736842105263157,-0.0057769053772138,positive/all/chemistry/yield/shuffled_both/k5/p0f4/scale0.5_shuffled_both,positive,all,yield,shuffled_both,0,4,scale0.5_shuffled_both
acid,55,8,True,1.698397334282178,1.7313998733011768,-0.019431577259833,1.8349857756697716,test_e1a,primary,p0f4,0.5384615384615384,0.1757859215604174,positive/all/chemistry/yield/shuffled_both/k5/p0f4/scale0.5_shuffled_both,positive,all,yield,shuffled_both,0,4,scale0.5_shuffled_both
acid,58,92,True,2.1323894196489985,2.12120760123203,0.0052437975512038,1.4649923227217638,test_e1a,primary,p0f4,0.3953488372093023,0.0326612616071123,positive/all/chemistry/yield/shuffled_both/k5/p0f4/scale0.5_shuffled_both,positive,all,yield,shuffled_both,0,4,scale0.5_shuffled_both
acid,60,44,True,2.077258292079492,1.9985563103469104,0.037887431732813,1.5873494939350905,test_e1a,primary,p0f4,0.3191489361702128,-0.0013788499207132,positive/all/chemistry/yield/shuffled_both/k5/p0f4/scale0.5_shuffled_both,positive,all,yield,shuffled_both,0,4,scale0.5_shuffled_both
acid,65,12,True,3.3246172408932466,3.50364524955004,-0.0538492090020843,3.020005427621666,test_e1a,primary,p0f4,0.6909090909090909,0.0817575881945014,positive/all/chemistry/yield/shuffled_both/k5/p0f4/scale0.5_shuffled_both,positive,all,yield,shuffled_both,0,4,scale0.5_shuffled_both
acid,66,28,True,2.2574887871380325,2.370493976419501,-0.0500579183052034,1.7172795116075594,test_e1a,primary,p0f4,0.26,-0.0475535140314193,positive/all/chemistry/yield/shuffled_both/k5/p0f4/scale0.5_shuffled_both,positive,all,yield,shuffled_both,0,4,scale0.5_shuffled_both
acid,74,2,False,0.0593574113512441,0.0608587906284439,-0.0252938806295888,0.4746063499410019,test_e1a,primary,p0f4,0.3018867924528302,0.5242130239957112,positive/all/chemistry/yield/shuffled_both/k5/p0f4/scale0.5_shuffled_both,positive,all,yield,shuffled_both,0,4,scale0.5_shuffled_both
acid,88,3,True,6.37284605733392,6.584971097769184,-0.03328576251911,2.9565944948953407,test_e1a,primary,p0f4,0.24,0.0762315957955649,positive/all/chemistry/yield/shuffled_both/k5/p0f4/scale0.5_shuffled_both,positive,all,yield,shuffled_both,0,4,scale0.5_shuffled_both
acid,89,23,True,3.470944096549058,3.832591797385545,-0.1041928912643828,1.956989742394733,test_e1a,primary,p0f4,0.2318840579710145,-0.0446525400565958,positive/all/chemistry/yield/shuffled_both/k5/p0f4/scale0.5_shuffled_both,positive,all,yield,shuffled_both,0,4,scale0.5_shuffled_both
acid,102,28,True,4.70669159866513,4.874157923382454,-0.0355804754160691,1.477973880448611,test_e1a,primary,p0f4,0.2692307692307692,-0.0550157517706009,positive/all/chemistry/yield/shuffled_both/k5/p0f4/scale0.5_shuffled_both,positive,all,yield,shuffled_both,0,4,scale0.5_shuffled_both
acid,104,2,False,0.0379107682994271,0.040952105910338,-0.0802235815135634,0.4962236800326199,test_e1a,primary,p0f4,0.4857142857142857,-0.0888953000488432,positive/all/chemistry/yield/shuffled_both/k5/p0f4/scale0.5_shuffled_both,positive,all,yield,shuffled_both,0,4,scale0.5_shuffled_both
acid,106,14,True,1.6475708206217623,1.785921906196092,-0.0839727699972974,1.5022293654258687,test_e1a,primary,p0f4,0.2702702702702703,-0.0204058088347531,positive/all/chemistry/yield/shuffled_both/k5/p0f4/scale0.5_shuffled_both,positive,all,yield,shuffled_both,0,4,scale0.5_shuffled_both
acid,108,13,True,3.531434989463775,3.9328024385048246,-0.1136556244808557,1.384378958735285,test_e1a,primary,p0f4,0.65,-0.0229519895035665,positive/all/chemistry/yield/shuffled_both/k5/p0f4/scale0.5_shuffled_both,positive,all,yield,shuffled_both,0,4,scale0.5_shuffled_both
acid,119,12,True,2.562970569095128,1.9402678013599803,0.2429613415166903,1.0782933281702605,test_e1a,primary,p0f4,0.5925925925925926,0.2090845011449079,positive/all/chemistry/yield/shuffled_both/k5/p0f4/scale0.5_shuffled_both,positive,all,yield,shuffled_both,0,4,scale0.5_shuffled_both
acid,128,33,True,1.5073435201722245,1.5508081232604594,-0.0288352339772348,1.3726420813915106,test_e1a,primary,p0f4,0.6585365853658537,0.0448838542504741,positive/all/chemistry/yield/shuffled_both/k5/p0f4/scale0.5_shuffled_both,positive,all,yield,shuffled_both,0,4,scale0.5_shuffled_both
acid,130,10,True,2.953065453190346,3.3413733558501604,-0.1314931581486975,1.5057228830048883,test_e1a,primary,p0f4,0.5806451612903226,-0.0742259731289396,positive/all/chemistry/yield/shuffled_both/k5/p0f4/scale0.5_shuffled_both,positive,all,yield,shuffled_both,0,4,scale0.5_shuffled_both
acid,143,12,True,1.3566519499092358,1.877438119487352,-0.3838760336525211,1.9220826597233291,test_e1a,primary,p0f4,0.2258064516129032,-0.0006274178951066,positive/all/chemistry/yield/shuffled_both/k5/p0f4/scale0.5_shuffled_both,positive,all,yield,shuffled_both,0,4,scale0.5_shuffled_both
acid,144,50,True,2.590166345935472,2.8062347569761568,-0.0834187392557788,1.8202431637726724,test_e1a,primary,p0f4,0.2321428571428571,-0.0749496116793628,positive/all/chemistry/yield/shuffled_both/k5/p0f4/scale0.5_shuffled_both,positive,all,yield,shuffled_both,0,4,scale0.5_shuffled_both
acid,148,8,True,1.8738602506098208,1.4324772080769543,0.2355474707301276,1.3442651456746084,test_e1a,primary,p0f4,0.6896551724137931,0.1723002805784964,positive/all/chemistry/yield/shuffled_both/k5/p0f4/scale0.5_shuffled_both,positive,all,yield,shuffled_both,0,4,scale0.5_shuffled_both
acid,149,2,False,0.877412079668627,1.1011989732547245,-0.2550533538022581,0.2768802755692123,test_e1a,primary,p0f4,0.6551724137931034,-0.2603478771090677,positive/all/chemistry/yield/shuffled_both/k5/p0f4/scale0.5_shuffled_both,positive,all,yield,shuffled_both,0,4,scale0.5_shuffled_both
acid,155,31,True,3.1995284780376987,3.4009219607466536,-0.0629447382923347,1.2179745545106528,test_e1a,primary,p0f4,0.282051282051282,-0.1082555955848902,positive/all/chemistry/yield/shuffled_both/k5/p0f4/scale0.5_shuffled_both,positive,all,yield,shuffled_both,0,4,scale0.5_shuffled_both
acid,157,12,True,3.085011194945178,2.3852350847977104,0.2268309791854427,1.5286218644267835,test_e1a,primary,p0f4,0.4222222222222222,0.0731614846006236,positive/all/chemistry/yield/shuffled_both/k5/p0f4/scale0.5_shuffled_both,positive,all,yield,shuffled_both,0,4,scale0.5_shuffled_both
acid,173,6,True,3.6972830370292793,2.828041719634999,0.2351027250790908,1.2009605973830877,test_e1a,primary,p0f4,0.5925925925925926,0.1291494106956143,positive/all/chemistry/yield/shuffled_both/k5/p0f4/scale0.5_shuffled_both,positive,all,yield,shuffled_both,0,4,scale0.5_shuffled_both
acid,174,38,True,4.365783613522131,4.104854094902521,0.0597669380157628,1.3450517549377177,test_e1a,primary,p0f4,0.72,0.0842391986201276,positive/all/chemistry/yield/shuffled_both/k5/p0f4/scale0.5_shuffled_both,positive,all,yield,shuffled_both,0,4,scale0.5_shuffled_both
acid,182,38,True,5.383998285798824,4.962413461070658,0.0783032984687541,1.1838356342142229,test_e1a,primary,p0f4,0.7254901960784313,0.0805843537895653,positive/all/chemistry/yield/shuffled_both/k5/p0f4/scale0.5_shuffled_both,positive,all,yield,shuffled_both,0,4,scale0.5_shuffled_both
acid,193,2,False,3.852395443200974,3.8057479383811783,0.0121087010686099,0.9079446385108108,test_e1a,primary,p0f4,0.1666666666666666,0.1266714562720727,positive/all/chemistry/yield/shuffled_both/k5/p0f4/scale0.5_shuffled_both,positive,all,yield,shuffled_both,0,4,scale0.5_shuffled_both
acid,194,16,True,3.489344631339654,2.8853964686678424,0.1730835519218804,0.901227410769848,test_e1a,primary,p0f4,0.3783783783783784,0.1226504181692106,positive/all/chemistry/yield/shuffled_both/k5/p0f4/scale0.5_shuffled_both,positive,all,yield,shuffled_both,0,4,scale0.5_shuffled_both
acid,195,34,True,4.14118580901252,3.7303009140432866,0.0992191401011322,1.3643029075124695,test_e1a,primary,p0f4,0.3636363636363636,0.0755672768727526,positive/all/chemistry/yield/shuffled_both/k5/p0f4/scale0.5_shuffled_both,positive,all,yield,shuffled_both,0,4,scale0.5_shuffled_both
acid,209,6,True,1.824998051026292,1.509963344985069,0.1726219410832042,1.262157774122121,test_e1a,primary,p0f4,0.4444444444444444,0.2129924717584144,positive/all/chemistry/yield/shuffled_both/k5/p0f4/scale0.5_shuffled_both,positive,all,yield,shuffled_both,0,4,scale0.5_shuffled_both
acid,210,20,True,2.517595758631559,2.3890122744753035,0.051073919915621,1.2014785093582758,test_e1a,primary,p0f4,0.3541666666666667,0.1092205398137907,positive/all/chemistry/yield/shuffled_both/k5/p0f4/scale0.5_shuffled_both,positive,all,yield,shuffled_both,0,4,scale0.5_shuffled_both
acid,212,14,True,0.6681611385778262,0.7059825004955484,-0.0566051506650395,1.1358294462834442,test_e1a,primary,p0f4,0.3142857142857143,0.0692306544682057,positive/all/chemistry/yield/shuffled_both/k5/p0f4/scale0.5_shuffled_both,positive,all,yield,shuffled_both,0,4,scale0.5_shuffled_both
acid,215,64,True,2.326805678623722,2.373420313149487,-0.020033746244481,1.6925500235827744,test_e1a,primary,p0f4,0.1875,-0.054732547170706,positive/all/chemistry/yield/shuffled_both/k5/p0f4/scale0.5_shuffled_both,positive,all,yield,shuffled_both,0,4,scale0.5_shuffled_both
acid,219,80,True,1.5770056303256037,1.61298640581724,-0.0228158827081723,1.7502797852653431,test_e1a,primary,p0f4,0.1833333333333333,-0.0993522769897634,positive/all/chemistry/yield/shuffled_both/k5/p0f4/scale0.5_shuffled_both,positive,all,yield,shuffled_both,0,4,scale0.5_shuffled_both
acid,220,64,True,2.9798072201044055,2.9648068340209677,0.0050340122616765,2.096245097176568,test_e1a,primary,p0f4,0.2622950819672131,-0.029558446399887,positive/all/chemistry/yield/shuffled_both/k5/p0f4/scale0.5_shuffled_both,positive,all,yield,shuffled_both,0,4,scale0.5_shuffled_both
acid,223,13,True,1.861897653092314,1.7320679510710917,0.0697297737099544,1.5688532826844532,test_e1a,primary,p0f4,0.625,0.118352184550372,positive/all/chemistry/yield/shuffled_both/k5/p0f4/scale0.5_shuffled_both,positive,all,yield,shuffled_both,0,4,scale0.5_shuffled_both
acid,232,11,True,1.6638461861062808,1.7400414814629266,-0.0457946750083657,1.5102785886572698,test_e1a,primary,p0f4,0.3695652173913043,0.0679756039622709,positive/all/chemistry/yield/shuffled_both/k5/p0f4/scale0.5_shuffled_both,positive,all,yield,shuffled_both,0,4,scale0.5_shuffled_both
acid,235,9,True,1.062283466278273,1.2127548950453473,-0.1416490358211573,1.0090433559217382,test_e1a,primary,p0f4,0.375,0.0597905341174722,positive/all/chemistry/yield/shuffled_both/k5/p0f4/scale0.5_shuffled_both,positive,all,yield,shuffled_both,0,4,scale0.5_shuffled_both
acid,239,7,True,1.6663362918031683,1.8429781870211976,-0.106006150191257,0.8841564829633181,test_e1a,primary,p0f4,0.4210526315789473,-0.0332136394468896,positive/all/chemistry/yield/shuffled_both/k5/p0f4/scale0.5_shuffled_both,positive,all,yield,shuffled_both,0,4,scale0.5_shuffled_both
acid,240,46,True,1.0152578528227512,1.0205314418310534,-0.005194334615231,1.4514084880410276,test_e1a,primary,p0f4,0.6363636363636364,-0.0771758615218505,positive/all/chemistry/yield/shuffled_both/k5/p0f4/scale0.5_shuffled_both,positive,all,yield,shuffled_both,0,4,scale0.5_shuffled_both
acid,241,97,True,3.644797191121236,3.5489226748581,0.0263044858837927,1.6664833019340322,test_e1a,primary,p0f4,0.3265306122448979,0.034120494973702,positive/all/chemistry/yield/shuffled_both/k5/p0f4/scale0.5_shuffled_both,positive,all,yield,shuffled_both,0,4,scale0.5_shuffled_both
acid,244,16,True,5.079482271977373,4.484034230335599,0.1172261285223412,1.685313447363014,test_e1a,primary,p0f4,0.3137254901960784,0.0935895261024415,positive/all/chemistry/yield/shuffled_both/k5/p0f4/scale0.5_shuffled_both,positive,all,yield,shuffled_both,0,4,scale0.5_shuffled_both
acid,245,19,True,2.0084563836951994,1.7714292324080525,0.1180145873275373,1.2257259134209273,test_e1a,primary,p0f4,0.3584905660377358,0.0169354171515042,positive/all/chemistry/yield/shuffled_both/k5/p0f4/scale0.5_shuffled_both,positive,all,yield,shuffled_both,0,4,scale0.5_shuffled_both
acid,252,12,True,0.987937903050512,0.6756738923009241,0.3160765568214282,1.370629257542389,test_e1a,primary,p0f4,0.3947368421052631,0.1422884519455919,positive/all/chemistry/yield/shuffled_both/k5/p0f4/scale0.5_shuffled_both,positive,all,yield,shuffled_both,0,4,scale0.5_shuffled_both
acid,254,2,False,6.714816852971114,6.427939844748301,0.0427229832926684,0.1390754962380242,test_e1a,primary,p0f4,0.76,0.1165748201826124,positive/all/chemistry/yield/shuffled_both/k5/p0f4/scale0.5_shuffled_both,positive,all,yield,shuffled_both,0,4,scale0.5_shuffled_both
acid,261,12,True,6.495494084756973,5.446190861359689,0.161543249782906,1.521973287248515,test_e1a,primary,p0f4,0.3939393939393939,0.1487859148490151,positive/all/chemistry/yield/shuffled_both/k5/p0f4/scale0.5_shuffled_both,positive,all,yield,shuffled_both,0,4,scale0.5_shuffled_both
acid,262,108,True,3.4096788984758257,3.470359428510074,-0.0177965526493926,1.5117472333722357,test_e1a,primary,p0f4,0.3421052631578947,-0.1013518170753546,positive/all/chemistry/yield/shuffled_both/k5/p0f4/scale0.5_shuffled_both,positive,all,yield,shuffled_both,0,4,scale0.5_shuffled_both
acid,266,25,True,0.8541647091431609,0.983755903870919,-0.15171686835172,1.2520976383645623,test_e1a,primary,p0f4,0.391304347826087,-0.0775988982732096,positive/all/chemistry/yield/shuffled_both/k5/p0f4/scale0.5_shuffled_both,positive,all,yield,shuffled_both,0,4,scale0.5_shuffled_both
amine,0,8,True,5.663355168557789,5.803525243459946,-0.0247503592358753,0.8245377799473027,test_e1n,primary,p0f4,0.1818181818181818,-0.0887271572516545,positive/all/chemistry/yield/shuffled_both/k5/p0f4/scale0.5_shuffled_both,positive,all,yield,shuffled_both,0,4,scale0.5_shuffled_both
amine,14,8,True,1.4105413582064217,1.2139288514775322,0.1393879772365504,0.796786345511293,test_e1n,primary,p0f4,0.1860465116279069,0.1895108177997125,positive/all/chemistry/yield/shuffled_both/k5/p0f4/scale0.5_shuffled_both,positive,all,yield,shuffled_both,0,4,scale0.5_shuffled_both
amine,23,8,True,1.3395838168590768,1.3999115262319834,-0.0450346657026337,1.434903829235532,test_e1n,primary,p0f4,0.1666666666666666,0.03760804874712,positive/all/chemistry/yield/shuffled_both/k5/p0f4/scale0.5_shuffled_both,positive,all,yield,shuffled_both,0,4,scale0.5_shuffled_both
amine,32,56,True,11.277736477602318,9.843472436786174,0.1271765875771795,1.2682372981704466,test_e1n,primary,p0f4,0.25,0.0702874857581562,positive/all/chemistry/yield/shuffled_both/k5/p0f4/scale0.5_shuffled_both,positive,all,yield,shuffled_both,0,4,scale0.5_shuffled_both
amine,40,47,True,1.2834623562562488,1.2698594421398224,0.0105986077816142,1.6530183716288411,test_e1n,primary,p0f4,0.3809523809523809,-0.0393463631900139,positive/all/chemistry/yield/shuffled_both/k5/p0f4/scale0.5_shuffled_both,positive,all,yield,shuffled_both,0,4,scale0.5_shuffled_both
amine,42,4,True,1.1925641617936455,0.9970356610510064,0.163956378203215,1.339643101645798,test_e1n,primary,p0f4,0.2444444444444444,0.1537682271551955,positive/all/chemistry/yield/shuffled_both/k5/p0f4/scale0.5_shuffled_both,positive,all,yield,shuffled_both,0,4,scale0.5_shuffled_both
amine,47,30,True,6.240085205816986,6.203173642780962,0.0059152338178996,1.7786909774446,test_e1n,primary,p0f4,0.2857142857142857,0.0624470849122142,positive/all/chemistry/yield/shuffled_both/k5/p0f4/scale0.5_shuffled_both,positive,all,yield,shuffled_both,0,4,scale0.5_shuffled_both
amine,50,94,True,2.10748842649076,2.1748260699852406,-0.0319516077279753,1.5713806775864805,test_e1n,primary,p0f4,0.196078431372549,-0.0878606683890457,positive/all/chemistry/yield/shuffled_both/k5/p0f4/scale0.5_shuffled_both,positive,all,yield,shuffled_both,0,4,scale0.5_shuffled_both
amine,51,49,True,1.5321469831318222,1.5979896506449802,-0.0429741194794319,1.637391272302625,test_e1n,primary,p0f4,0.5789473684210527,0.0474375205562478,positive/all/chemistry/yield/shuffled_both/k5/p0f4/scale0.5_shuffled_both,positive,all,yield,shuffled_both,0,4,scale0.5_shuffled_both
amine,53,18,True,1.939659416588404,1.7400503509226275,0.1029093375665205,0.9386819363287252,test_e1n,primary,p0f4,0.7647058823529411,0.111588128697969,positive/all/chemistry/yield/shuffled_both/k5/p0f4/scale0.5_shuffled_both,positive,all,yield,shuffled_both,0,4,scale0.5_shuffled_both
amine,56,8,True,2.8083149606060926,2.9754284320810016,-0.0595066699494568,1.4673280925810943,test_e1n,primary,p0f4,0.2105263157894736,-0.039608817385013,positive/all/chemistry/yield/shuffled_both/k5/p0f4/scale0.5_shuffled_both,positive,all,yield,shuffled_both,0,4,scale0.5_shuffled_both
amine,68,37,True,3.7829737955813663,2.9312097910605,0.2251572573713711,1.5421228481203424,test_e1n,primary,p0f4,0.296875,0.0716005043663151,positive/all/chemistry/yield/shuffled_both/k5/p0f4/scale0.5_shuffled_both,positive,all,yield,shuffled_both,0,4,scale0.5_shuffled_both
amine,70,8,True,5.52497675370559,6.103992828328192,-0.1047997304666046,1.6030295896520377,test_e1n,primary,p0f4,0.2244897959183673,-0.076166387738128,positive/all/chemistry/yield/shuffled_both/k5/p0f4/scale0.5_shuffled_both,positive,all,yield,shuffled_both,0,4,scale0.5_shuffled_both
amine,73,97,True,1.8415919509634375,2.038995964248764,-0.1071920482613173,1.6729891260465712,test_e1n,primary,p0f4,0.2207792207792207,-0.0903651485899097,positive/all/chemistry/yield/shuffled_both/k5/p0f4/scale0.5_shuffled_both,positive,all,yield,shuffled_both,0,4,scale0.5_shuffled_both
amine,74,41,True,1.1263636356109048,1.2115416704737945,-0.0756221456108103,1.5893573975976625,test_e1n,primary,p0f4,0.3243243243243243,0.0605221381447487,positive/all/chemistry/yield/shuffled_both/k5/p0f4/scale0.5_shuffled_both,positive,all,yield,shuffled_both,0,4,scale0.5_shuffled_both
amine,81,56,True,3.611216825344268,3.189126991324742,0.1168829938588044,1.5854049032172726,test_e1n,primary,p0f4,0.5370370370370371,0.0519173676599901,positive/all/chemistry/yield/shuffled_both/k5/p0f4/scale0.5_shuffled_both,positive,all,yield,shuffled_both,0,4,scale0.5_shuffled_both
amine,91,15,True,4.55672243055931,3.891050829326923,0.1460856155661601,1.385354514170028,test_e1n,primary,p0f4,0.2127659574468085,0.0274303599659639,positive/all/chemistry/yield/shuffled_both/k5/p0f4/scale0.5_shuffled_both,positive,all,yield,shuffled_both,0,4,scale0.5_shuffled_both
amine,93,8,True,0.6358775664461143,0.5805415947270937,0.0870229972544721,0.9401106703843112,test_e1n,primary,p0f4,0.2045454545454545,0.0069047793294442,positive/all/chemistry/yield/shuffled_both/k5/p0f4/scale0.5_shuffled_both,positive,all,yield,shuffled_both,0,4,scale0.5_shuffled_both
amine,102,12,True,1.31039453454173,1.3643051374233943,-0.041140741555762,1.2719204014115495,test_e1n,primary,p0f4,0.2115384615384615,-0.0409345768688074,positive/all/chemistry/yield/shuffled_both/k5/p0f4/scale0.5_shuffled_both,positive,all,yield,shuffled_both,0,4,scale0.5_shuffled_both
amine,108,22,True,1.8199277750084175,1.7998163455773584,0.0110506744867753,1.308519421192583,test_e1n,primary,p0f4,0.1714285714285714,0.0531432398554,positive/all/chemistry/yield/shuffled_both/k5/p0f4/scale0.5_shuffled_both,positive,all,yield,shuffled_both,0,4,scale0.5_shuffled_both
amine,109,7,True,2.8685463385397356,3.0848292193131774,-0.0753980780674936,1.7465094386683988,test_e1n,primary,p0f4,0.2,-0.0854050787929341,positive/all/chemistry/yield/shuffled_both/k5/p0f4/scale0.5_shuffled_both,positive,all,yield,shuffled_both,0,4,scale0.5_shuffled_both
amine,110,8,True,4.261382961256314,3.8469344679749584,0.0972568053726788,1.431861705932916,test_e1n,primary,p0f4,0.1733333333333333,0.0869071634606645,positive/all/chemistry/yield/shuffled_both/k5/p0f4/scale0.5_shuffled_both,positive,all,yield,shuffled_both,0,4,scale0.5_shuffled_both
amine,114,8,True,1.4899793655297917,1.2783584706468774,0.1420294131440326,1.0882152993818708,test_e1n,primary,p0f4,0.1636363636363636,0.1344823397884764,positive/all/chemistry/yield/shuffled_both/k5/p0f4/scale0.5_shuffled_both,positive,all,yield,shuffled_both,0,4,scale0.5_shuffled_both
amine,117,22,True,3.0867702819786533,2.558887627724872,0.1710145576221509,0.937249216273762,test_e1n,primary,p0f4,0.4285714285714285,0.0665107660418555,positive/all/chemistry/yield/shuffled_both/k5/p0f4/scale0.5_shuffled_both,positive,all,yield,shuffled_both,0,4,scale0.5_shuffled_both
amine,120,36,True,2.179652075898556,2.059596654013954,0.0550800851255626,1.7577057803177702,test_e1n,primary,p0f4,0.1304347826086956,0.0198651931696278,positive/all/chemistry/yield/shuffled_both/k5/p0f4/scale0.5_shuffled_both,positive,all,yield,shuffled_both,0,4,scale0.5_shuffled_both
amine,123,27,True,2.9613775034107084,3.104455753995567,-0.0483147624441906,1.6142256247609093,test_e1n,primary,p0f4,0.3478260869565217,-0.057289225293561,positive/all/chemistry/yield/shuffled_both/k5/p0f4/scale0.5_shuffled_both,positive,all,yield,shuffled_both,0,4,scale0.5_shuffled_both
amine,143,8,True,2.8708017100316447,2.6128099253955357,0.0898675041660279,1.1283803280117912,test_e1n,primary,p0f4,0.1702127659574468,0.0807802854080728,positive/all/chemistry/yield/shuffled_both/k5/p0f4/scale0.5_shuffled_both,positive,all,yield,shuffled_both,0,4,scale0.5_shuffled_both
amine,151,8,True,4.630123560366935,4.013960213903801,0.1330770849696942,2.0590598913160196,test_e1n,primary,p0f4,0.1842105263157894,0.0569619142748155,positive/all/chemistry/yield/shuffled_both/k5/p0f4/scale0.5_shuffled_both,positive,all,yield,shuffled_both,0,4,scale0.5_shuffled_both
amine,154,73,True,1.518330289397348,1.469904563302838,0.0318940657593882,1.5208830661371409,test_e1n,primary,p0f4,0.3,-0.0085646246443809,positive/all/chemistry/yield/shuffled_both/k5/p0f4/scale0.5_shuffled_both,positive,all,yield,shuffled_both,0,4,scale0.5_shuffled_both
amine,156,60,True,10.29664752109701,9.790147824656394,0.0491907385780505,1.3224973434277618,test_e1n,primary,p0f4,0.1451612903225806,0.0594608657348485,positive/all/chemistry/yield/shuffled_both/k5/p0f4/scale0.5_shuffled_both,positive,all,yield,shuffled_both,0,4,scale0.5_shuffled_both
amine,164,4,True,4.380333438905877,4.256243215040822,0.0283289447243656,2.607348768040302,test_e1n,primary,p0f4,0.1666666666666666,0.0940687993732634,positive/all/chemistry/yield/shuffled_both/k5/p0f4/scale0.5_shuffled_both,positive,all,yield,shuffled_both,0,4,scale0.5_shuffled_both
amine,169,51,True,4.595531747160433,4.40434465036672,0.0416028236366439,2.093017960970922,test_e1n,primary,p0f4,0.1785714285714285,0.0252737849820751,positive/all/chemistry/yield/shuffled_both/k5/p0f4/scale0.5_shuffled_both,positive,all,yield,shuffled_both,0,4,scale0.5_shuffled_both
amine,170,30,True,1.452420204298316,1.3562872089481597,0.0661881424298965,1.0014924906548104,test_e1n,primary,p0f4,0.3125,0.0769225996143644,positive/all/chemistry/yield/shuffled_both/k5/p0f4/scale0.5_shuffled_both,positive,all,yield,shuffled_both,0,4,scale0.5_shuffled_both
amine,171,7,True,0.7736290978446042,0.9455147539210876,-0.2221809605602622,0.6213086617193759,test_e1n,primary,p0f4,0.2142857142857142,-0.1692092025724048,positive/all/chemistry/yield/shuffled_both/k5/p0f4/scale0.5_shuffled_both,positive,all,yield,shuffled_both,0,4,scale0.5_shuffled_both
amine,172,71,True,1.56632810250603,1.3545937299035946,0.1351788123214243,1.5981969317058309,test_e1n,primary,p0f4,0.2592592592592592,-0.013826377146124,positive/all/chemistry/yield/shuffled_both/k5/p0f4/scale0.5_shuffled_both,positive,all,yield,shuffled_both,0,4,scale0.5_shuffled_both
amine,178,67,True,1.2060432792050626,1.2156522414066355,-0.0079673444288888,1.4364799227088871,test_e1n,primary,p0f4,0.3043478260869565,-0.0714465095957803,positive/all/chemistry/yield/shuffled_both/k5/p0f4/scale0.5_shuffled_both,positive,all,yield,shuffled_both,0,4,scale0.5_shuffled_both
amine,189,55,True,2.5104764120614336,2.4293487477565403,0.0323156449170843,1.7078642735291376,test_e1n,primary,p0f4,0.25,0.0177494513911659,positive/all/chemistry/yield/shuffled_both/k5/p0f4/scale0.5_shuffled_both,positive,all,yield,shuffled_both,0,4,scale0.5_shuffled_both
amine,192,84,True,2.3216380661941387,2.5504675243343384,-0.0985637948792421,1.405208837534896,test_e1n,primary,p0f4,0.2558139534883721,-0.0794936307180425,positive/all/chemistry/yield/shuffled_both/k5/p0f4/scale0.5_shuffled_both,positive,all,yield,shuffled_both,0,4,scale0.5_shuffled_both
amine,194,8,True,3.74143340884961,3.5267562960127177,0.0573783064878601,2.4489579293777974,test_e1n,primary,p0f4,0.1666666666666666,0.0107174298680665,positive/all/chemistry/yield/shuffled_both/k5/p0f4/scale0.5_shuffled_both,positive,all,yield,shuffled_both,0,4,scale0.5_shuffled_both
amine,200,5,True,3.1578483241454736,2.7192941444685266,0.138877531363265,0.9636471024500104,test_e1n,primary,p0f4,0.275,0.1433340196582977,positive/all/chemistry/yield/shuffled_both/k5/p0f4/scale0.5_shuffled_both,positive,all,yield,shuffled_both,0,4,scale0.5_shuffled_both
amine,201,8,True,0.6839287524419002,0.7030349921203609,-0.0279360088463072,1.269339209509412,test_e1n,primary,p0f4,0.1538461538461538,-0.081057182779235,positive/all/chemistry/yield/shuffled_both/k5/p0f4/scale0.5_shuffled_both,positive,all,yield,shuffled_both,0,4,scale0.5_shuffled_both
amine,206,8,True,2.3155007745512743,2.3141177363247483,0.0005972955145282,0.7746850904894016,test_e1n,primary,p0f4,0.2222222222222222,-0.1058352641180684,positive/all/chemistry/yield/shuffled_both/k5/p0f4/scale0.5_shuffled_both,positive,all,yield,shuffled_both,0,4,scale0.5_shuffled_both
amine,210,37,True,1.5811733789210616,1.703281491959216,-0.0772262641567345,1.3173367391162998,test_e1n,primary,p0f4,0.3571428571428571,-0.0799036455306618,positive/all/chemistry/yield/shuffled_both/k5/p0f4/scale0.5_shuffled_both,positive,all,yield,shuffled_both,0,4,scale0.5_shuffled_both
amine,211,41,True,1.1798935586441288,1.3076642394334363,-0.1082900062071148,1.423232296280605,test_e1n,primary,p0f4,0.5945945945945946,-0.0180739712294182,positive/all/chemistry/yield/shuffled_both/k5/p0f4/scale0.5_shuffled_both,positive,all,yield,shuffled_both,0,4,scale0.5_shuffled_both
amine,217,8,True,5.481200353627164,4.913530872951396,0.1035666357826374,1.0955934844156106,test_e1n,primary,p0f4,0.1481481481481481,0.0950041570738188,positive/all/chemistry/yield/shuffled_both/k5/p0f4/scale0.5_shuffled_both,positive,all,yield,shuffled_both,0,4,scale0.5_shuffled_both
amine,221,38,True,2.4673787072350484,2.1994202979197652,0.1086004384043494,1.8416410381209856,test_e1n,primary,p0f4,0.3095238095238095,0.0247198569434695,positive/all/chemistry/yield/shuffled_both/k5/p0f4/scale0.5_shuffled_both,positive,all,yield,shuffled_both,0,4,scale0.5_shuffled_both
acid,4,34,True,2.0873697860353166,1.7497067033318434,0.1617648607172855,1.29305100851517,test_e1a,primary,p0f1,0.5882352941176471,-0.0396018102625459,positive/all/chemistry/yield/ecfp4/k5/p0f1/scale1_ecfp4,positive,all,yield,ecfp4,0,1,scale1_ecfp4
acid,5,20,True,0.7144511727754922,0.8625734234338747,-0.2073231262018351,1.4866670293629651,test_e1a,primary,p0f1,0.5689655172413793,0.0299392602255222,positive/all/chemistry/yield/ecfp4/k5/p0f1/scale1_ecfp4,positive,all,yield,ecfp4,0,1,scale1_ecfp4
acid,11,30,True,1.9283134628880083,1.3540494832412973,0.2978063425365729,1.5373790057211183,test_e1a,primary,p0f1,0.4545454545454545,-0.0229276643740565,positive/all/chemistry/yield/ecfp4/k5/p0f1/scale1_ecfp4,positive,all,yield,ecfp4,0,1,scale1_ecfp4
acid,12,21,True,2.440774100984342,2.795960920588973,-0.1455222011170094,1.5962540534748286,test_e1a,primary,p0f1,0.3636363636363636,-0.0213445038153186,positive/all/chemistry/yield/ecfp4/k5/p0f1/scale1_ecfp4,positive,all,yield,ecfp4,0,1,scale1_ecfp4
acid,18,92,True,8.301328030343576,5.090988171235743,0.3867260572492957,2.46447718415657,test_e1a,primary,p0f1,0.4318181818181818,0.0728077359594416,positive/all/chemistry/yield/ecfp4/k5/p0f1/scale1_ecfp4,positive,all,yield,ecfp4,0,1,scale1_ecfp4
acid,31,2,False,1.3304304987347049,1.2359318905082757,0.0710285943657345,0.4497543329488203,test_e1a,primary,p0f1,0.4347826086956521,0.8674398962610432,positive/all/chemistry/yield/ecfp4/k5/p0f1/scale1_ecfp4,positive,all,yield,ecfp4,0,1,scale1_ecfp4
acid,33,12,True,3.425613182554614,2.321995676232908,0.3221664115324004,2.181382658062118,test_e1a,primary,p0f1,0.6521739130434783,0.1967770781727208,positive/all/chemistry/yield/ecfp4/k5/p0f1/scale1_ecfp4,positive,all,yield,ecfp4,0,1,scale1_ecfp4
acid,35,2,False,2.0774721907480203,2.0076337640008406,0.0336170212329213,1.4413594184848824,test_e1a,primary,p0f1,0.6153846153846154,0.0793938175945386,positive/all/chemistry/yield/ecfp4/k5/p0f1/scale1_ecfp4,positive,all,yield,ecfp4,0,1,scale1_ecfp4
acid,38,31,True,1.3307530584340517,1.0142106494168952,0.237867128699027,1.59375883886832,test_e1a,primary,p0f1,0.6888888888888889,-0.1047807910026881,positive/all/chemistry/yield/ecfp4/k5/p0f1/scale1_ecfp4,positive,all,yield,ecfp4,0,1,scale1_ecfp4
acid,43,33,True,2.863856975817116,2.6968500683002614,0.058315379897491,1.538346510946561,test_e1a,primary,p0f1,0.5833333333333334,0.0396061297282456,positive/all/chemistry/yield/ecfp4/k5/p0f1/scale1_ecfp4,positive,all,yield,ecfp4,0,1,scale1_ecfp4
acid,51,2,False,1.281649601743371,1.3701907967115092,-0.0690837767574692,1.4486685400923995,test_e1a,primary,p0f1,0.4,0.1761949260356119,positive/all/chemistry/yield/ecfp4/k5/p0f1/scale1_ecfp4,positive,all,yield,ecfp4,0,1,scale1_ecfp4
acid,52,36,True,1.2008061997782733,0.9654271060960984,0.1960175536449071,1.3528889744458532,test_e1a,primary,p0f1,0.6041666666666666,0.0636145925929297,positive/all/chemistry/yield/ecfp4/k5/p0f1/scale1_ecfp4,positive,all,yield,ecfp4,0,1,scale1_ecfp4
acid,53,9,True,2.4620429900004677,1.368182410196343,0.4442897968259754,1.6228987378974369,test_e1a,primary,p0f1,0.6666666666666666,0.2978195052535433,positive/all/chemistry/yield/ecfp4/k5/p0f1/scale1_ecfp4,positive,all,yield,ecfp4,0,1,scale1_ecfp4
acid,62,41,True,1.8375195631475292,1.801709974747109,0.0194880038931836,1.531363649738366,test_e1a,primary,p0f1,0.603448275862069,-0.01901541502236,positive/all/chemistry/yield/ecfp4/k5/p0f1/scale1_ecfp4,positive,all,yield,ecfp4,0,1,scale1_ecfp4
acid,68,59,True,2.866865962868137,3.9073697543679975,-0.3629412065218758,1.892288789339638,test_e1a,primary,p0f1,0.3148148148148148,-0.0945580672004064,positive/all/chemistry/yield/ecfp4/k5/p0f1/scale1_ecfp4,positive,all,yield,ecfp4,0,1,scale1_ecfp4
acid,69,30,True,2.586787791525793,2.141553279328035,0.1721186846699708,1.3987091663538578,test_e1a,primary,p0f1,0.6666666666666666,0.009999338345765,positive/all/chemistry/yield/ecfp4/k5/p0f1/scale1_ecfp4,positive,all,yield,ecfp4,0,1,scale1_ecfp4
acid,71,49,True,1.8204744632029168,1.721217990954223,0.0545223095709146,1.7207047644792468,test_e1a,primary,p0f1,0.3636363636363636,0.1160822216461539,positive/all/chemistry/yield/ecfp4/k5/p0f1/scale1_ecfp4,positive,all,yield,ecfp4,0,1,scale1_ecfp4
acid,73,110,True,3.0113713300626563,2.149560192504703,0.2861856088468578,2.1976409392711047,test_e1a,primary,p0f1,0.2272727272727272,-0.0993129878303704,positive/all/chemistry/yield/ecfp4/k5/p0f1/scale1_ecfp4,positive,all,yield,ecfp4,0,1,scale1_ecfp4
acid,76,38,True,0.8164808209834988,0.9831653095459392,-0.2041499129908026,1.3108488430761636,test_e1a,primary,p0f1,0.6382978723404256,0.0095083292661318,positive/all/chemistry/yield/ecfp4/k5/p0f1/scale1_ecfp4,positive,all,yield,ecfp4,0,1,scale1_ecfp4
acid,77,34,True,1.5432148161320207,1.4474352598715503,0.0620649537959572,1.832951469339656,test_e1a,primary,p0f1,0.3636363636363636,0.0770925233446817,positive/all/chemistry/yield/ecfp4/k5/p0f1/scale1_ecfp4,positive,all,yield,ecfp4,0,1,scale1_ecfp4
acid,87,28,True,5.076230060648519,3.625428972525449,0.2858028636979707,2.44467218169861,test_e1a,primary,p0f1,0.5609756097560976,-0.0117066665499465,positive/all/chemistry/yield/ecfp4/k5/p0f1/scale1_ecfp4,positive,all,yield,ecfp4,0,1,scale1_ecfp4
acid,90,16,True,1.1751595512975184,1.40439246957077,-0.1950653577381476,1.3213192501632818,test_e1a,primary,p0f1,0.4814814814814814,-0.0256262694840401,positive/all/chemistry/yield/ecfp4/k5/p0f1/scale1_ecfp4,positive,all,yield,ecfp4,0,1,scale1_ecfp4
acid,91,8,True,1.531029252141126,1.677642878619973,-0.0957614795888515,2.0718765365532916,test_e1a,primary,p0f1,0.3243243243243243,-0.0854127841571852,positive/all/chemistry/yield/ecfp4/k5/p0f1/scale1_ecfp4,positive,all,yield,ecfp4,0,1,scale1_ecfp4
acid,107,14,True,2.6027514175067927,2.008930537589857,0.2281512079573715,2.0940005138865385,test_e1a,primary,p0f1,0.2631578947368421,-0.0035102434080229,positive/all/chemistry/yield/ecfp4/k5/p0f1/scale1_ecfp4,positive,all,yield,ecfp4,0,1,scale1_ecfp4
acid,109,4,True,0.7270807177094512,0.6857090672462549,0.056901042010206,1.7137056425325992,test_e1a,primary,p0f1,0.3333333333333333,-0.5844792618479762,positive/all/chemistry/yield/ecfp4/k5/p0f1/scale1_ecfp4,positive,all,yield,ecfp4,0,1,scale1_ecfp4
acid,111,10,True,3.97657303094028,4.5913209640740975,-0.1545923910740947,1.9536646709440793,test_e1a,primary,p0f1,0.2325581395348837,-0.3526378262698011,positive/all/chemistry/yield/ecfp4/k5/p0f1/scale1_ecfp4,positive,all,yield,ecfp4,0,1,scale1_ecfp4
acid,115,2,False,0.2534180312248937,0.3621922805964863,-0.4292285313946811,0.808729974819014,test_e1a,primary,p0f1,0.4146341463414634,0.3479762411840944,positive/all/chemistry/yield/ecfp4/k5/p0f1/scale1_ecfp4,positive,all,yield,ecfp4,0,1,scale1_ecfp4
acid,124,96,True,2.4152184727127226,1.6102328370704566,0.3332972336610704,1.7274795092111404,test_e1a,primary,p0f1,0.4375,0.1291250778416468,positive/all/chemistry/yield/ecfp4/k5/p0f1/scale1_ecfp4,positive,all,yield,ecfp4,0,1,scale1_ecfp4
acid,137,4,True,1.1037697656120289,1.1395357437297022,-0.0324034769133594,0.71810222751513,test_e1a,primary,p0f1,0.5490196078431373,0.323721157261604,positive/all/chemistry/yield/ecfp4/k5/p0f1/scale1_ecfp4,positive,all,yield,ecfp4,0,1,scale1_ecfp4
acid,151,20,True,1.503013834214154,1.3964028172163676,0.0709314941558922,1.5481745734587042,test_e1a,primary,p0f1,0.4242424242424242,-0.03368809969541,positive/all/chemistry/yield/ecfp4/k5/p0f1/scale1_ecfp4,positive,all,yield,ecfp4,0,1,scale1_ecfp4
acid,152,4,True,1.8429994527225908,2.281257091371525,-0.2377958593538991,1.521343801248542,test_e1a,primary,p0f1,0.7254901960784313,0.0759425912774101,positive/all/chemistry/yield/ecfp4/k5/p0f1/scale1_ecfp4,positive,all,yield,ecfp4,0,1,scale1_ecfp4
acid,154,74,True,4.46103454715606,4.002735973801185,0.1027336974216088,1.951332474526453,test_e1a,primary,p0f1,0.234375,0.1182141515404892,positive/all/chemistry/yield/ecfp4/k5/p0f1/scale1_ecfp4,positive,all,yield,ecfp4,0,1,scale1_ecfp4
acid,160,7,True,0.3878523788531243,0.4779614667027601,-0.2323283103640809,1.4350144980865385,test_e1a,primary,p0f1,0.4821428571428571,0.0897249472498934,positive/all/chemistry/yield/ecfp4/k5/p0f1/scale1_ecfp4,positive,all,yield,ecfp4,0,1,scale1_ecfp4
acid,161,10,True,2.097372072004655,1.210463632394558,0.4228665249472859,1.543246493782561,test_e1a,primary,p0f1,0.6274509803921569,0.0447869273785789,positive/all/chemistry/yield/ecfp4/k5/p0f1/scale1_ecfp4,positive,all,yield,ecfp4,0,1,scale1_ecfp4
acid,167,4,True,1.2972984307213038,0.9538083785870002,0.2647733505260787,1.6841038432568838,test_e1a,primary,p0f1,0.6551724137931034,-0.0165945426883327,positive/all/chemistry/yield/ecfp4/k5/p0f1/scale1_ecfp4,positive,all,yield,ecfp4,0,1,scale1_ecfp4
acid,177,57,True,1.7309287138069986,2.3138564478388903,-0.3367716586951768,1.8223849645248549,test_e1a,primary,p0f1,0.7924528301886793,0.0306114387192307,positive/all/chemistry/yield/ecfp4/k5/p0f1/scale1_ecfp4,positive,all,yield,ecfp4,0,1,scale1_ecfp4
acid,179,28,True,1.0629037737345322,0.886988214042758,0.1655046901129079,1.2763424192807282,test_e1a,primary,p0f1,0.7254901960784313,0.0303865100285229,positive/all/chemistry/yield/ecfp4/k5/p0f1/scale1_ecfp4,positive,all,yield,ecfp4,0,1,scale1_ecfp4
acid,180,10,True,4.8590852928869115,4.408845818090253,0.0926593067744154,2.5064215294176724,test_e1a,primary,p0f1,0.7037037037037037,-0.086460485978526,positive/all/chemistry/yield/ecfp4/k5/p0f1/scale1_ecfp4,positive,all,yield,ecfp4,0,1,scale1_ecfp4
acid,181,38,True,1.2223100788622805,1.21839978111794,0.0031991045578059,1.491049036240444,test_e1a,primary,p0f1,0.6666666666666666,0.0432036549364963,positive/all/chemistry/yield/ecfp4/k5/p0f1/scale1_ecfp4,positive,all,yield,ecfp4,0,1,scale1_ecfp4
acid,185,37,True,2.666866465285457,2.0726149863087597,0.2228276093730434,1.9397165283472877,test_e1a,primary,p0f1,0.6296296296296297,-0.0055311146298291,positive/all/chemistry/yield/ecfp4/k5/p0f1/scale1_ecfp4,positive,all,yield,ecfp4,0,1,scale1_ecfp4
acid,187,75,True,1.8410793071320193,1.9315923069599763,-0.0491630096961741,1.5671020274716287,test_e1a,primary,p0f1,0.52,-0.0684951670910043,positive/all/chemistry/yield/ecfp4/k5/p0f1/scale1_ecfp4,positive,all,yield,ecfp4,0,1,scale1_ecfp4
acid,192,45,True,2.158163064148676,3.1095553536980813,-0.4408342934571991,1.8318295953400496,test_e1a,primary,p0f1,0.3529411764705882,-0.0699482589325422,positive/all/chemistry/yield/ecfp4/k5/p0f1/scale1_ecfp4,positive,all,yield,ecfp4,0,1,scale1_ecfp4
acid,199,2,False,0.28092227055746,0.2128590521903243,0.2422848791306989,0.3713218528392381,test_e1a,primary,p0f1,0.9565217391304348,-0.452613363216729,positive/all/chemistry/yield/ecfp4/k5/p0f1/scale1_ecfp4,positive,all,yield,ecfp4,0,1,scale1_ecfp4
acid,217,20,True,1.5733338885708317,1.0034191491202693,0.3622338167318415,1.7863068303915908,test_e1a,primary,p0f1,0.3050847457627119,-0.0391028457293427,positive/all/chemistry/yield/ecfp4/k5/p0f1/scale1_ecfp4,positive,all,yield,ecfp4,0,1,scale1_ecfp4
acid,228,38,True,1.452335167554397,1.6342850783715284,-0.1252809371293535,1.317828210038046,test_e1a,primary,p0f1,0.3611111111111111,-0.0333327788320558,positive/all/chemistry/yield/ecfp4/k5/p0f1/scale1_ecfp4,positive,all,yield,ecfp4,0,1,scale1_ecfp4
acid,237,6,True,3.0802061544993697,3.8926929600216447,-0.2637767619337574,1.9056033993049264,test_e1a,primary,p0f1,0.4390243902439024,-0.082475564658667,positive/all/chemistry/yield/ecfp4/k5/p0f1/scale1_ecfp4,positive,all,yield,ecfp4,0,1,scale1_ecfp4
acid,242,8,True,1.5513377492685565,2.6089595927671896,-0.6817482807965536,1.5105620813533869,test_e1a,primary,p0f1,0.59375,-0.0595900808170348,positive/all/chemistry/yield/ecfp4/k5/p0f1/scale1_ecfp4,positive,all,yield,ecfp4,0,1,scale1_ecfp4
acid,246,10,True,1.507997947346791,1.5736512827609854,-0.0435367538329256,1.7276657861455962,test_e1a,primary,p0f1,0.3823529411764705,0.088590740374569,positive/all/chemistry/yield/ecfp4/k5/p0f1/scale1_ecfp4,positive,all,yield,ecfp4,0,1,scale1_ecfp4
acid,247,10,True,1.7019420414769144,1.3997402810510011,0.1775628975964822,1.521937324808394,test_e1a,primary,p0f1,0.5,0.0916018928658443,positive/all/chemistry/yield/ecfp4/k5/p0f1/scale1_ecfp4,positive,all,yield,ecfp4,0,1,scale1_ecfp4
acid,251,21,True,1.8007692378119973,1.3034172611356492,0.2761886233022559,1.7869596218239834,test_e1a,primary,p0f1,0.4516129032258064,-0.059076512043334,positive/all/chemistry/yield/ecfp4/k5/p0f1/scale1_ecfp4,positive,all,yield,ecfp4,0,1,scale1_ecfp4
acid,265,18,True,2.11975406900499,1.9047651354324284,0.1014216397628982,1.382122858779799,test_e1a,primary,p0f1,0.3191489361702128,0.019747170091764,positive/all/chemistry/yield/ecfp4/k5/p0f1/scale1_ecfp4,positive,all,yield,ecfp4,0,1,scale1_ecfp4
acid,271,9,True,1.2278384017795356,0.7462855524792662,0.3921956249310523,1.4210277678509708,test_e1a,primary,p0f1,0.5172413793103449,0.0328753697686297,positive/all/chemistry/yield/ecfp4/k5/p0f1/scale1_ecfp4,positive,all,yield,ecfp4,0,1,scale1_ecfp4
amine,3,29,True,1.5490848335599483,2.229391158145215,-0.4391666033046466,1.3595412733539731,test_e1n,primary,p0f1,0.4078947368421052,0.0381481059045715,positive/all/chemistry/yield/ecfp4/k5/p0f1/scale1_ecfp4,positive,all,yield,ecfp4,0,1,scale1_ecfp4
amine,4,10,True,3.832508580622656,3.8345080488969026,-0.0005217126673522,1.963483942160096,test_e1n,primary,p0f1,0.25,0.0261900933694239,positive/all/chemistry/yield/ecfp4/k5/p0f1/scale1_ecfp4,positive,all,yield,ecfp4,0,1,scale1_ecfp4
amine,11,102,True,1.7792798102172405,1.318993370436699,0.2586925547839173,1.601975360337062,test_e1n,primary,p0f1,0.2647058823529412,-0.0796087192362751,positive/all/chemistry/yield/ecfp4/k5/p0f1/scale1_ecfp4,positive,all,yield,ecfp4,0,1,scale1_ecfp4
amine,17,10,True,1.9465563141148257,1.467901557812071,0.2458982320891225,2.0385428339256366,test_e1n,primary,p0f1,0.2131147540983606,-0.076536012188692,positive/all/chemistry/yield/ecfp4/k5/p0f1/scale1_ecfp4,positive,all,yield,ecfp4,0,1,scale1_ecfp4
amine,20,41,True,2.20995037806037,1.6234098522449174,0.2654089121812084,1.8043719368968385,test_e1n,primary,p0f1,0.4473684210526316,-0.06617720986719,positive/all/chemistry/yield/ecfp4/k5/p0f1/scale1_ecfp4,positive,all,yield,ecfp4,0,1,scale1_ecfp4
amine,27,19,True,0.5999221045487192,0.5997144220072553,0.0003461825125115,1.4913552991604395,test_e1n,primary,p0f1,0.4358974358974359,0.010058037899933,positive/all/chemistry/yield/ecfp4/k5/p0f1/scale1_ecfp4,positive,all,yield,ecfp4,0,1,scale1_ecfp4
amine,30,10,True,2.09523288913843,1.763428684972442,0.1583614909283083,2.084958506792771,test_e1n,primary,p0f1,0.24,-0.0742984884364388,positive/all/chemistry/yield/ecfp4/k5/p0f1/scale1_ecfp4,positive,all,yield,ecfp4,0,1,scale1_ecfp4
amine,34,10,True,1.162353923975825,0.975547945268486,0.1607135097616138,1.3687651613642666,test_e1n,primary,p0f1,0.3513513513513513,-0.0409539934313378,positive/all/chemistry/yield/ecfp4/k5/p0f1/scale1_ecfp4,positive,all,yield,ecfp4,0,1,scale1_ecfp4
amine,38,7,True,2.909530950173468,1.9826651876742696,0.3185619188700977,2.0041351414186743,test_e1n,primary,p0f1,0.4772727272727273,-0.012396338092776,positive/all/chemistry/yield/ecfp4/k5/p0f1/scale1_ecfp4,positive,all,yield,ecfp4,0,1,scale1_ecfp4
amine,41,37,True,2.4646957681995176,1.774019450678652,0.2802278181478808,2.0794599027244383,test_e1n,primary,p0f1,0.3809523809523809,0.0725294947026977,positive/all/chemistry/yield/ecfp4/k5/p0f1/scale1_ecfp4,positive,all,yield,ecfp4,0,1,scale1_ecfp4
amine,48,8,True,0.8751723684640884,0.6728000771240719,0.2312370666994163,1.7896804932527384,test_e1n,primary,p0f1,0.2592592592592592,-0.1480368232574276,positive/all/chemistry/yield/ecfp4/k5/p0f1/scale1_ecfp4,positive,all,yield,ecfp4,0,1,scale1_ecfp4
amine,57,8,True,1.2100687579002365,1.2749382095592765,-0.0536080708104587,1.464504901880754,test_e1n,primary,p0f1,0.44,-0.0357606484894468,positive/all/chemistry/yield/ecfp4/k5/p0f1/scale1_ecfp4,positive,all,yield,ecfp4,0,1,scale1_ecfp4
amine,59,34,True,4.877223164004705,3.12495847788151,0.3592750684560443,2.433790798797626,test_e1n,primary,p0f1,0.71875,-0.0442886699765816,positive/all/chemistry/yield/ecfp4/k5/p0f1/scale1_ecfp4,positive,all,yield,ecfp4,0,1,scale1_ecfp4
amine,60,10,True,3.46004561996613,2.5105400518162155,0.2744199563932943,2.6069413766885856,test_e1n,primary,p0f1,0.1724137931034483,-0.0435832822926323,positive/all/chemistry/yield/ecfp4/k5/p0f1/scale1_ecfp4,positive,all,yield,ecfp4,0,1,scale1_ecfp4
amine,83,16,True,4.930616855806235,2.229155878793234,0.5478951328030677,1.9483517713032563,test_e1n,primary,p0f1,0.53125,0.0737935130477907,positive/all/chemistry/yield/ecfp4/k5/p0f1/scale1_ecfp4,positive,all,yield,ecfp4,0,1,scale1_ecfp4
amine,85,10,True,1.397410400009628,1.7454364308967736,-0.2490506946883663,1.2049539276876382,test_e1n,primary,p0f1,0.238095238095238,0.0301724096650295,positive/all/chemistry/yield/ecfp4/k5/p0f1/scale1_ecfp4,positive,all,yield,ecfp4,0,1,scale1_ecfp4
amine,87,1,False,0.0032547432262999,0.0686025986949343,-20.0777299236973,,test_e1n,primary,p0f1,0.3414634146341463,-0.120857241453782,positive/all/chemistry/yield/ecfp4/k5/p0f1/scale1_ecfp4,positive,all,yield,ecfp4,0,1,scale1_ecfp4
amine,90,29,True,1.8249956329285109,1.618624213018225,0.1130805006799542,1.092835791477198,test_e1n,primary,p0f1,0.3414634146341463,-0.0336896712042125,positive/all/chemistry/yield/ecfp4/k5/p0f1/scale1_ecfp4,positive,all,yield,ecfp4,0,1,scale1_ecfp4
amine,104,10,True,0.9294834281163304,1.1168503075818632,-0.2015817321727253,1.0979923978354311,test_e1n,primary,p0f1,0.2564102564102564,-0.0014597899710224,positive/all/chemistry/yield/ecfp4/k5/p0f1/scale1_ecfp4,positive,all,yield,ecfp4,0,1,scale1_ecfp4
amine,106,78,True,1.1026885572884535,1.3134744884019205,-0.1911563602616826,1.4137732378666958,test_e1n,primary,p0f1,0.3333333333333333,-0.0800684362941315,positive/all/chemistry/yield/ecfp4/k5/p0f1/scale1_ecfp4,positive,all,yield,ecfp4,0,1,scale1_ecfp4
amine,107,35,True,3.401619863279716,3.2950754086188665,0.0313216817114077,1.4476567480211386,test_e1n,primary,p0f1,0.3157894736842105,-0.0095629520104336,positive/all/chemistry/yield/ecfp4/k5/p0f1/scale1_ecfp4,positive,all,yield,ecfp4,0,1,scale1_ecfp4
amine,118,63,True,2.74858387577013,1.972180633295524,0.2824739129552902,1.6353822873532795,test_e1n,primary,p0f1,0.2972972972972973,0.0240390411918375,positive/all/chemistry/yield/ecfp4/k5/p0f1/scale1_ecfp4,positive,all,yield,ecfp4,0,1,scale1_ecfp4
amine,124,38,True,2.8631094349168373,1.6624731772736765,0.4193469669726526,1.879048251639236,test_e1n,primary,p0f1,0.3478260869565217,0.0963714372881672,positive/all/chemistry/yield/ecfp4/k5/p0f1/scale1_ecfp4,positive,all,yield,ecfp4,0,1,scale1_ecfp4
amine,125,14,True,2.8786937178039858,1.6647825081936802,0.4216882129913907,2.285825271836562,test_e1n,primary,p0f1,0.3404255319148936,0.0441497915679577,positive/all/chemistry/yield/ecfp4/k5/p0f1/scale1_ecfp4,positive,all,yield,ecfp4,0,1,scale1_ecfp4
amine,128,35,True,2.4331321242586132,3.5355295469198227,-0.453077501081909,1.107482379253193,test_e1n,primary,p0f1,0.2545454545454545,-0.0088697547408318,positive/all/chemistry/yield/ecfp4/k5/p0f1/scale1_ecfp4,positive,all,yield,ecfp4,0,1,scale1_ecfp4
amine,135,29,True,1.2760625424029826,1.347769256211642,-0.0561937298728529,1.5314920576135127,test_e1n,primary,p0f1,0.1904761904761904,0.0440298759018625,positive/all/chemistry/yield/ecfp4/k5/p0f1/scale1_ecfp4,positive,all,yield,ecfp4,0,1,scale1_ecfp4
amine,137,30,True,1.6058061554644794,1.9812845505673349,-0.2338254800089794,1.3528659977366948,test_e1n,primary,p0f1,0.1578947368421052,0.0320412207044062,positive/all/chemistry/yield/ecfp4/k5/p0f1/scale1_ecfp4,positive,all,yield,ecfp4,0,1,scale1_ecfp4
amine,138,10,True,2.287692191258643,1.7562489376833903,0.2323054017520002,2.122757864798938,test_e1n,primary,p0f1,0.1707317073170731,-0.0141311500274505,positive/all/chemistry/yield/ecfp4/k5/p0f1/scale1_ecfp4,positive,all,yield,ecfp4,0,1,scale1_ecfp4
amine,139,67,True,1.8565051330255575,2.9256868014598005,-0.5759109680950847,1.7703974478805269,test_e1n,primary,p0f1,0.2307692307692307,0.0484164663910187,positive/all/chemistry/yield/ecfp4/k5/p0f1/scale1_ecfp4,positive,all,yield,ecfp4,0,1,scale1_ecfp4
amine,141,41,True,1.8722422836679984,1.746979538389668,0.0669052004492293,1.7982734970214724,test_e1n,primary,p0f1,0.3793103448275862,0.1293100344132051,positive/all/chemistry/yield/ecfp4/k5/p0f1/scale1_ecfp4,positive,all,yield,ecfp4,0,1,scale1_ecfp4
amine,142,9,True,0.8150578436087499,1.0967665179930153,-0.3456302845169516,1.5268721230486215,test_e1n,primary,p0f1,0.1702127659574468,-0.033714044426709,positive/all/chemistry/yield/ecfp4/k5/p0f1/scale1_ecfp4,positive,all,yield,ecfp4,0,1,scale1_ecfp4
amine,153,18,True,3.104847588263731,3.2960793974110048,-0.0615913675988883,1.891082677801095,test_e1n,primary,p0f1,0.1538461538461538,0.0597312198715578,positive/all/chemistry/yield/ecfp4/k5/p0f1/scale1_ecfp4,positive,all,yield,ecfp4,0,1,scale1_ecfp4
amine,157,10,True,5.485864753595139,5.937668809360733,-0.082357855335297,2.746077086012383,test_e1n,primary,p0f1,0.1780821917808219,-0.0025151961942644,positive/all/chemistry/yield/ecfp4/k5/p0f1/scale1_ecfp4,positive,all,yield,ecfp4,0,1,scale1_ecfp4
amine,174,2,False,0.2672171727716852,0.1485783672422809,0.4439789714816393,0.3970786263540737,test_e1n,primary,p0f1,0.1612903225806451,-0.0819520343811344,positive/all/chemistry/yield/ecfp4/k5/p0f1/scale1_ecfp4,positive,all,yield,ecfp4,0,1,scale1_ecfp4
amine,177,82,True,1.6124769653964703,1.429905524658422,0.1132242163181278,1.7471004795071954,test_e1n,primary,p0f1,0.4411764705882353,-0.0502437264493784,positive/all/chemistry/yield/ecfp4/k5/p0f1/scale1_ecfp4,positive,all,yield,ecfp4,0,1,scale1_ecfp4
amine,179,49,True,1.5618806807419807,1.7108722060267636,-0.0953923863210879,2.017205556538345,test_e1n,primary,p0f1,0.1923076923076923,-0.02645453545561,positive/all/chemistry/yield/ecfp4/k5/p0f1/scale1_ecfp4,positive,all,yield,ecfp4,0,1,scale1_ecfp4
amine,181,10,True,1.074837869827818,0.7476721046048399,0.3043861538628034,1.513646112874938,test_e1n,primary,p0f1,0.2608695652173913,-0.1595622892021424,positive/all/chemistry/yield/ecfp4/k5/p0f1/scale1_ecfp4,positive,all,yield,ecfp4,0,1,scale1_ecfp4
amine,184,9,True,3.6543892428266136,3.6683590235944306,-0.003822740228135,1.2115668494434702,test_e1n,primary,p0f1,0.2142857142857142,0.0306385361679671,positive/all/chemistry/yield/ecfp4/k5/p0f1/scale1_ecfp4,positive,all,yield,ecfp4,0,1,scale1_ecfp4
amine,187,44,True,6.082248252663598,3.6746977177817337,0.3958323361476616,2.5327450955872015,test_e1n,primary,p0f1,0.1896551724137931,0.0355576341927331,positive/all/chemistry/yield/ecfp4/k5/p0f1/scale1_ecfp4,positive,all,yield,ecfp4,0,1,scale1_ecfp4
amine,191,46,True,1.856720239199926,1.2111831435194556,0.3476760160478657,1.420016028873219,test_e1n,primary,p0f1,0.2142857142857142,0.0594008390838063,positive/all/chemistry/yield/ecfp4/k5/p0f1/scale1_ecfp4,positive,all,yield,ecfp4,0,1,scale1_ecfp4
amine,199,5,True,0.6255387026985112,0.7242247515669888,-0.1577616995443382,1.148387766615309,test_e1n,primary,p0f1,0.3333333333333333,-0.1332775974706594,positive/all/chemistry/yield/ecfp4/k5/p0f1/scale1_ecfp4,positive,all,yield,ecfp4,0,1,scale1_ecfp4
amine,203,26,True,3.781580257335931,3.8069471474195664,-0.0067080131472618,1.3639377550616794,test_e1n,primary,p0f1,0.4067796610169492,-0.0052997144648185,positive/all/chemistry/yield/ecfp4/k5/p0f1/scale1_ecfp4,positive,all,yield,ecfp4,0,1,scale1_ecfp4
amine,205,22,True,3.011041791894878,3.5151184867863674,-0.1674093983844269,1.3516777611913997,test_e1n,primary,p0f1,0.509090909090909,-0.0396003418067398,positive/all/chemistry/yield/ecfp4/k5/p0f1/scale1_ecfp4,positive,all,yield,ecfp4,0,1,scale1_ecfp4
amine,209,82,True,8.774892813769137,7.093959008446765,0.1915617479320923,2.1195954734904596,test_e1n,primary,p0f1,0.4,0.0390598108257179,positive/all/chemistry/yield/ecfp4/k5/p0f1/scale1_ecfp4,positive,all,yield,ecfp4,0,1,scale1_ecfp4
amine,218,10,True,3.096011402116315,3.7700309959165814,-0.217705785366143,1.5703273994081912,test_e1n,primary,p0f1,0.46875,0.036715707439312,positive/all/chemistry/yield/ecfp4/k5/p0f1/scale1_ecfp4,positive,all,yield,ecfp4,0,1,scale1_ecfp4
amine,222,27,True,3.029731558852034,2.8702809691707247,0.052628619593521,1.4332261881214698,test_e1n,primary,p0f1,0.3928571428571428,-0.0191199388703233,positive/all/chemistry/yield/ecfp4/k5/p0f1/scale1_ecfp4,positive,all,yield,ecfp4,0,1,scale1_ecfp4
amine,225,128,True,1.3256279042842132,1.6874224297342868,-0.2729231364855951,1.5325705513604324,test_e1n,primary,p0f1,0.196078431372549,0.0874879021737115,positive/all/chemistry/yield/ecfp4/k5/p0f1/scale1_ecfp4,positive,all,yield,ecfp4,0,1,scale1_ecfp4
acid,0,21,True,1.4449233664522203,1.080675015483901,0.252088352521195,1.5730309550918449,test_e1a,primary,p0f2,0.46875,-0.1372352783134995,positive/all/chemistry/yield/ecfp4/k5/p0f2/scale1_ecfp4,positive,all,yield,ecfp4,0,2,scale1_ecfp4
acid,1,9,True,2.150502010447497,1.7438221040516393,0.189109289096285,1.4903125153373105,test_e1a,primary,p0f2,0.1612903225806451,-0.036784732921715,positive/all/chemistry/yield/ecfp4/k5/p0f2/scale1_ecfp4,positive,all,yield,ecfp4,0,2,scale1_ecfp4
acid,2,70,True,1.0599640041663296,1.0702556437409945,-0.009709423654211,1.6274928395911503,test_e1a,primary,p0f2,0.1612903225806451,-0.0210561199794996,positive/all/chemistry/yield/ecfp4/k5/p0f2/scale1_ecfp4,positive,all,yield,ecfp4,0,2,scale1_ecfp4
acid,3,34,True,1.4634415208683007,1.2462710903126235,0.1483970677740672,1.381832717973056,test_e1a,primary,p0f2,0.75,-0.1485132762674279,positive/all/chemistry/yield/ecfp4/k5/p0f2/scale1_ecfp4,positive,all,yield,ecfp4,0,2,scale1_ecfp4
acid,10,34,True,2.084996272410036,1.0854183114488425,0.4794147472531387,1.7654812906964912,test_e1a,primary,p0f2,0.3783783783783784,0.094593183531865,positive/all/chemistry/yield/ecfp4/k5/p0f2/scale1_ecfp4,positive,all,yield,ecfp4,0,2,scale1_ecfp4
acid,13,2,False,12.182398692869905,8.082942726639132,0.3365064688475592,0.0753129944799176,test_e1a,primary,p0f2,0.3333333333333333,-0.2595203764901899,positive/all/chemistry/yield/ecfp4/k5/p0f2/scale1_ecfp4,positive,all,yield,ecfp4,0,2,scale1_ecfp4
acid,14,28,True,1.8749018976363432,1.3852274656376384,0.2611733619855146,1.5174565656478285,test_e1a,primary,p0f2,0.4411764705882353,0.0504429181562845,positive/all/chemistry/yield/ecfp4/k5/p0f2/scale1_ecfp4,positive,all,yield,ecfp4,0,2,scale1_ecfp4
acid,26,41,True,1.3549236306645216,1.1853080335155195,0.1251846180185181,1.4259175767607408,test_e1a,primary,p0f2,0.4651162790697674,0.1369542199436688,positive/all/chemistry/yield/ecfp4/k5/p0f2/scale1_ecfp4,positive,all,yield,ecfp4,0,2,scale1_ecfp4
acid,41,8,True,1.405804429425327,0.6548694289285799,0.5341674736390741,1.142112812218864,test_e1a,primary,p0f2,0.5769230769230769,0.2848327293570001,positive/all/chemistry/yield/ecfp4/k5/p0f2/scale1_ecfp4,positive,all,yield,ecfp4,0,2,scale1_ecfp4
acid,42,34,True,1.462711197968318,1.0099900793908605,0.3095082058620183,1.2929008848695775,test_e1a,primary,p0f2,0.6595744680851063,-0.0272594662850806,positive/all/chemistry/yield/ecfp4/k5/p0f2/scale1_ecfp4,positive,all,yield,ecfp4,0,2,scale1_ecfp4
acid,44,27,True,1.9096205900325405,1.7469050565547557,0.0852083048994627,1.6543192258831243,test_e1a,primary,p0f2,0.6875,-0.0639170662258541,positive/all/chemistry/yield/ecfp4/k5/p0f2/scale1_ecfp4,positive,all,yield,ecfp4,0,2,scale1_ecfp4
acid,61,2,False,0.681126854091467,0.6626138234359726,0.027180004054,1.5491680810137058,test_e1a,primary,p0f2,0.5873015873015873,-1.5175196735908658,positive/all/chemistry/yield/ecfp4/k5/p0f2/scale1_ecfp4,positive,all,yield,ecfp4,0,2,scale1_ecfp4
acid,64,27,True,2.1142096792291483,0.7378446411966354,0.6510068757864842,1.6904804072335178,test_e1a,primary,p0f2,0.7111111111111111,-0.1254088094083616,positive/all/chemistry/yield/ecfp4/k5/p0f2/scale1_ecfp4,positive,all,yield,ecfp4,0,2,scale1_ecfp4
acid,72,72,True,3.090429599089605,2.476840937943692,0.1985447787992541,1.7247523032175798,test_e1a,primary,p0f2,0.1875,-0.0003310177901187,positive/all/chemistry/yield/ecfp4/k5/p0f2/scale1_ecfp4,positive,all,yield,ecfp4,0,2,scale1_ecfp4
acid,84,21,True,2.7599369840682013,1.1646047977374283,0.578032105638594,1.4520449005370004,test_e1a,primary,p0f2,0.6585365853658537,-0.1782089717899684,positive/all/chemistry/yield/ecfp4/k5/p0f2/scale1_ecfp4,positive,all,yield,ecfp4,0,2,scale1_ecfp4
acid,92,7,True,1.8848231624568492,3.076907388344192,-0.6324647583030933,1.9034880509143088,test_e1a,primary,p0f2,0.3428571428571428,-0.0223748538956625,positive/all/chemistry/yield/ecfp4/k5/p0f2/scale1_ecfp4,positive,all,yield,ecfp4,0,2,scale1_ecfp4
acid,94,2,False,0.7149169103349808,0.6369978423423119,0.1089903831707648,0.1580621395060847,test_e1a,primary,p0f2,0.4893617021276595,-0.520456649272083,positive/all/chemistry/yield/ecfp4/k5/p0f2/scale1_ecfp4,positive,all,yield,ecfp4,0,2,scale1_ecfp4
acid,99,2,False,2.128920751099152,2.259737062774671,-0.0614472434485779,1.196422173630048,test_e1a,primary,p0f2,0.4090909090909091,-0.1945480725798827,positive/all/chemistry/yield/ecfp4/k5/p0f2/scale1_ecfp4,positive,all,yield,ecfp4,0,2,scale1_ecfp4
acid,110,13,True,1.3261162484091114,1.3901700268379995,-0.0483017823706866,1.570578735650927,test_e1a,primary,p0f2,0.2857142857142857,0.1002809446302738,positive/all/chemistry/yield/ecfp4/k5/p0f2/scale1_ecfp4,positive,all,yield,ecfp4,0,2,scale1_ecfp4
acid,117,48,True,1.4799257745395604,1.2274985173293664,0.1705675119339887,1.2819913878455915,test_e1a,primary,p0f2,0.3214285714285714,0.0501213788641765,positive/all/chemistry/yield/ecfp4/k5/p0f2/scale1_ecfp4,positive,all,yield,ecfp4,0,2,scale1_ecfp4
acid,123,2,False,1.8070155838126492,1.116617949524656,0.3820651246578145,1.6701000093233198,test_e1a,primary,p0f2,0.2727272727272727,-0.4170502447824675,positive/all/chemistry/yield/ecfp4/k5/p0f2/scale1_ecfp4,positive,all,yield,ecfp4,0,2,scale1_ecfp4
acid,126,66,True,4.200203210571458,1.8478119232924264,0.5600660656985159,1.947100637439976,test_e1a,primary,p0f2,0.3877551020408163,0.1166230282770995,positive/all/chemistry/yield/ecfp4/k5/p0f2/scale1_ecfp4,positive,all,yield,ecfp4,0,2,scale1_ecfp4
acid,131,25,True,1.45975627290826,1.288534287942433,0.117294912954683,1.5282679063774307,test_e1a,primary,p0f2,0.5142857142857142,0.128220863153057,positive/all/chemistry/yield/ecfp4/k5/p0f2/scale1_ecfp4,positive,all,yield,ecfp4,0,2,scale1_ecfp4
acid,132,8,True,8.836978218635412,6.741562503574981,0.2371190313269778,2.1570290987991,test_e1a,primary,p0f2,0.5925925925925926,0.0577549281204157,positive/all/chemistry/yield/ecfp4/k5/p0f2/scale1_ecfp4,positive,all,yield,ecfp4,0,2,scale1_ecfp4
acid,134,13,True,4.387309621398646,4.137440830854105,0.0569526229299687,2.280457553846395,test_e1a,primary,p0f2,0.3783783783783784,0.1120154708006747,positive/all/chemistry/yield/ecfp4/k5/p0f2/scale1_ecfp4,positive,all,yield,ecfp4,0,2,scale1_ecfp4
acid,139,2,False,7.329879132815374,3.8563794993754494,0.4738822524220489,0.5761081238727696,test_e1a,primary,p0f2,0.6909090909090909,-0.2935870076464431,positive/all/chemistry/yield/ecfp4/k5/p0f2/scale1_ecfp4,positive,all,yield,ecfp4,0,2,scale1_ecfp4
acid,140,31,True,2.1174831464835537,1.6299503347870825,0.2302416491513067,1.7459203008323998,test_e1a,primary,p0f2,0.6190476190476191,-0.0374441733709751,positive/all/chemistry/yield/ecfp4/k5/p0f2/scale1_ecfp4,positive,all,yield,ecfp4,0,2,scale1_ecfp4
acid,142,4,True,6.035085435048407,10.409188066355972,-0.7247789080010734,4.583715273680552,test_e1a,primary,p0f2,0.1818181818181818,-0.3475296794732894,positive/all/chemistry/yield/ecfp4/k5/p0f2/scale1_ecfp4,positive,all,yield,ecfp4,0,2,scale1_ecfp4
acid,146,17,True,1.7489657306987414,1.8884890814558777,-0.0797747767770122,1.261775778734583,test_e1a,primary,p0f2,0.375,0.1149519009974775,positive/all/chemistry/yield/ecfp4/k5/p0f2/scale1_ecfp4,positive,all,yield,ecfp4,0,2,scale1_ecfp4
acid,150,37,True,4.440192533929869,3.927023377838883,0.1155736270825167,2.261053853385117,test_e1a,primary,p0f2,0.5510204081632653,-0.1164219758366436,positive/all/chemistry/yield/ecfp4/k5/p0f2/scale1_ecfp4,positive,all,yield,ecfp4,0,2,scale1_ecfp4
acid,158,18,True,5.060268724100761,4.542467685243373,0.1023267867951823,1.38179637972381,test_e1a,primary,p0f2,0.2894736842105263,-0.1147861943313643,positive/all/chemistry/yield/ecfp4/k5/p0f2/scale1_ecfp4,positive,all,yield,ecfp4,0,2,scale1_ecfp4
acid,165,6,True,1.192014174985646,0.4214649949848165,0.6464261886903386,1.919077910426256,test_e1a,primary,p0f2,0.3695652173913043,0.002889695814721,positive/all/chemistry/yield/ecfp4/k5/p0f2/scale1_ecfp4,positive,all,yield,ecfp4,0,2,scale1_ecfp4
acid,168,2,False,0.0066201402126523,0.0705487393173204,-9.656683552183496,0.2885286128904946,test_e1a,primary,p0f2,0.6382978723404256,-0.4569720404907382,positive/all/chemistry/yield/ecfp4/k5/p0f2/scale1_ecfp4,positive,all,yield,ecfp4,0,2,scale1_ecfp4
acid,169,35,True,2.044387350649857,1.523290835125147,0.2548912833759547,1.6285419101933811,test_e1a,primary,p0f2,0.6415094339622641,-0.1369777337013986,positive/all/chemistry/yield/ecfp4/k5/p0f2/scale1_ecfp4,positive,all,yield,ecfp4,0,2,scale1_ecfp4
acid,183,27,True,1.9407965059114716,2.780086771524603,-0.4324462987524646,1.678371806583746,test_e1a,primary,p0f2,0.6666666666666666,-0.0659302442545572,positive/all/chemistry/yield/ecfp4/k5/p0f2/scale1_ecfp4,positive,all,yield,ecfp4,0,2,scale1_ecfp4
acid,184,76,True,2.852858467042488,2.1320740116966124,0.2526534224086837,1.6389140472399146,test_e1a,primary,p0f2,0.3695652173913043,0.0293559881036881,positive/all/chemistry/yield/ecfp4/k5/p0f2/scale1_ecfp4,positive,all,yield,ecfp4,0,2,scale1_ecfp4
acid,197,30,True,1.6202121672206802,0.9802026235534816,0.3950158853362236,1.559507929145226,test_e1a,primary,p0f2,0.6785714285714286,0.014112879830909,positive/all/chemistry/yield/ecfp4/k5/p0f2/scale1_ecfp4,positive,all,yield,ecfp4,0,2,scale1_ecfp4
acid,203,4,True,0.9867255667811428,0.6449253281714429,0.3463984821278192,1.3892855975715142,test_e1a,primary,p0f2,0.6,0.4048993438671164,positive/all/chemistry/yield/ecfp4/k5/p0f2/scale1_ecfp4,positive,all,yield,ecfp4,0,2,scale1_ecfp4
acid,205,15,True,3.693099642925638,1.541824553280256,0.5825120623989345,1.6259742604825942,test_e1a,primary,p0f2,0.5208333333333334,0.0543357167283617,positive/all/chemistry/yield/ecfp4/k5/p0f2/scale1_ecfp4,positive,all,yield,ecfp4,0,2,scale1_ecfp4
acid,206,119,True,3.222763726865592,2.728689681828707,0.153307560501003,1.7595415466304027,test_e1a,primary,p0f2,0.3055555555555556,0.0005708998157605,positive/all/chemistry/yield/ecfp4/k5/p0f2/scale1_ecfp4,positive,all,yield,ecfp4,0,2,scale1_ecfp4
acid,231,22,True,3.4641067951515185,2.3483205407387184,0.3220992655233644,2.0042523980766935,test_e1a,primary,p0f2,0.6285714285714286,0.0589583825194515,positive/all/chemistry/yield/ecfp4/k5/p0f2/scale1_ecfp4,positive,all,yield,ecfp4,0,2,scale1_ecfp4
acid,234,8,True,3.1198118730389215,3.179842451050141,-0.0192417300959706,2.2631874330999926,test_e1a,primary,p0f2,0.6764705882352942,-0.0463308398727955,positive/all/chemistry/yield/ecfp4/k5/p0f2/scale1_ecfp4,positive,all,yield,ecfp4,0,2,scale1_ecfp4
acid,243,53,True,1.9563559010335736,2.0094048881683753,-0.0271162251749668,1.7776181566344005,test_e1a,primary,p0f2,0.3333333333333333,-0.053629907564715,positive/all/chemistry/yield/ecfp4/k5/p0f2/scale1_ecfp4,positive,all,yield,ecfp4,0,2,scale1_ecfp4
acid,249,11,True,0.6547175077965602,0.9510385396691504,-0.4525937191902094,1.297899300785318,test_e1a,primary,p0f2,0.3947368421052631,-0.1913200803738264,positive/all/chemistry/yield/ecfp4/k5/p0f2/scale1_ecfp4,positive,all,yield,ecfp4,0,2,scale1_ecfp4
acid,253,2,False,0.0850889168342476,0.3570770824165826,-3.196516957809735,0.6675588640995291,test_e1a,primary,p0f2,0.76,-0.9757759320437588,positive/all/chemistry/yield/ecfp4/k5/p0f2/scale1_ecfp4,positive,all,yield,ecfp4,0,2,scale1_ecfp4
acid,256,7,True,10.53206469092212,6.82092804209713,0.3523655387365522,2.793049393290417,test_e1a,primary,p0f2,0.3636363636363636,-0.0127111084196547,positive/all/chemistry/yield/ecfp4/k5/p0f2/scale1_ecfp4,positive,all,yield,ecfp4,0,2,scale1_ecfp4
acid,257,31,True,5.279002000819768,4.5134788210958225,0.1450128603105412,1.697639285879896,test_e1a,primary,p0f2,0.4848484848484848,0.1291216479898959,positive/all/chemistry/yield/ecfp4/k5/p0f2/scale1_ecfp4,positive,all,yield,ecfp4,0,2,scale1_ecfp4
acid,258,37,True,2.9409733994920395,2.416480426529955,0.1783399241396315,1.5562794859210354,test_e1a,primary,p0f2,0.5454545454545454,-0.035678950720674,positive/all/chemistry/yield/ecfp4/k5/p0f2/scale1_ecfp4,positive,all,yield,ecfp4,0,2,scale1_ecfp4
acid,264,109,True,2.1608359382949844,1.812640079537673,0.1611394241397413,1.8787438996791883,test_e1a,primary,p0f2,0.2926829268292683,0.0832401204927701,positive/all/chemistry/yield/ecfp4/k5/p0f2/scale1_ecfp4,positive,all,yield,ecfp4,0,2,scale1_ecfp4
acid,267,10,True,1.160261955025479,1.1867223540712573,-0.0228055388105845,1.1574547018697654,test_e1a,primary,p0f2,0.4857142857142857,0.283001820143193,positive/all/chemistry/yield/ecfp4/k5/p0f2/scale1_ecfp4,positive,all,yield,ecfp4,0,2,scale1_ecfp4
acid,268,10,True,4.801333745664566,4.464444225920662,0.0701658200803273,1.6291673542227023,test_e1a,primary,p0f2,0.1935483870967742,0.1178146008473431,positive/all/chemistry/yield/ecfp4/k5/p0f2/scale1_ecfp4,positive,all,yield,ecfp4,0,2,scale1_ecfp4
acid,269,4,True,2.671916034440757,1.3333497134360102,0.5009761922720428,2.397837943558922,test_e1a,primary,p0f2,0.4242424242424242,0.2154455624271037,positive/all/chemistry/yield/ecfp4/k5/p0f2/scale1_ecfp4,positive,all,yield,ecfp4,0,2,scale1_ecfp4
acid,270,53,True,2.4566142665504014,2.436029895515006,0.0083791628647911,1.6220138982619878,test_e1a,primary,p0f2,0.1818181818181818,0.1110217968570299,positive/all/chemistry/yield/ecfp4/k5/p0f2/scale1_ecfp4,positive,all,yield,ecfp4,0,2,scale1_ecfp4
amine,12,10,True,1.122345063140059,1.271880114591617,-0.1332344716099998,1.522823236958187,test_e1n,primary,p0f2,0.2340425531914893,-0.0803407818678658,positive/all/chemistry/yield/ecfp4/k5/p0f2/scale1_ecfp4,positive,all,yield,ecfp4,0,2,scale1_ecfp4
amine,22,10,True,3.838347697537981,3.2043142808270284,0.1651839454559154,1.827875675680072,test_e1n,primary,p0f2,0.2258064516129032,0.052213783940915,positive/all/chemistry/yield/ecfp4/k5/p0f2/scale1_ecfp4,positive,all,yield,ecfp4,0,2,scale1_ecfp4
amine,24,85,True,1.105010730163468,1.3698795389586067,-0.2396979518524276,1.6970878518879753,test_e1n,primary,p0f2,0.1228070175438596,-0.241857187386826,positive/all/chemistry/yield/ecfp4/k5/p0f2/scale1_ecfp4,positive,all,yield,ecfp4,0,2,scale1_ecfp4
amine,29,11,True,1.9941719231684152,1.6039286819279304,0.195691874259493,1.580548289106342,test_e1n,primary,p0f2,0.3,0.0662043791125016,positive/all/chemistry/yield/ecfp4/k5/p0f2/scale1_ecfp4,positive,all,yield,ecfp4,0,2,scale1_ecfp4
amine,31,10,True,1.9593997539124637,1.268390054438416,0.3526639717567907,1.9922259141036307,test_e1n,primary,p0f2,0.2058823529411764,0.1118797798559576,positive/all/chemistry/yield/ecfp4/k5/p0f2/scale1_ecfp4,positive,all,yield,ecfp4,0,2,scale1_ecfp4
amine,35,2,False,0.2842003557060196,0.0228536540783784,0.9195861172601116,0.4962236800326199,test_e1n,primary,p0f2,0.303030303030303,-0.0162337804882692,positive/all/chemistry/yield/ecfp4/k5/p0f2/scale1_ecfp4,positive,all,yield,ecfp4,0,2,scale1_ecfp4
amine,37,7,True,1.354189382116412,0.8710647333335012,0.3567629868932019,1.816593397566235,test_e1n,primary,p0f2,0.3,-0.0302660501419753,positive/all/chemistry/yield/ecfp4/k5/p0f2/scale1_ecfp4,positive,all,yield,ecfp4,0,2,scale1_ecfp4
amine,45,10,True,3.0223926033023947,3.2020743551795774,-0.0594501692734605,2.1948450760601945,test_e1n,primary,p0f2,0.1666666666666666,0.0397790261176116,positive/all/chemistry/yield/ecfp4/k5/p0f2/scale1_ecfp4,positive,all,yield,ecfp4,0,2,scale1_ecfp4
amine,52,89,True,1.5951578257746606,1.834252971870034,-0.1498880814374972,1.6921659358693706,test_e1n,primary,p0f2,0.3333333333333333,-0.1684260017666541,positive/all/chemistry/yield/ecfp4/k5/p0f2/scale1_ecfp4,positive,all,yield,ecfp4,0,2,scale1_ecfp4
amine,64,10,True,1.392194030147398,1.7269808814211842,-0.2404742758725526,1.644796214260582,test_e1n,primary,p0f2,0.2666666666666666,-0.1583384580027982,positive/all/chemistry/yield/ecfp4/k5/p0f2/scale1_ecfp4,positive,all,yield,ecfp4,0,2,scale1_ecfp4
amine,69,64,True,1.7589407322894557,1.2393007033585153,0.2954278216381808,1.4036851416041618,test_e1n,primary,p0f2,0.296875,0.0009808772731604,positive/all/chemistry/yield/ecfp4/k5/p0f2/scale1_ecfp4,positive,all,yield,ecfp4,0,2,scale1_ecfp4
amine,71,12,True,1.9107264692075363,1.6258285123871967,0.1491045219771827,1.707847185102664,test_e1n,primary,p0f2,0.2575757575757575,0.0488606612886673,positive/all/chemistry/yield/ecfp4/k5/p0f2/scale1_ecfp4,positive,all,yield,ecfp4,0,2,scale1_ecfp4
amine,72,48,True,1.858247252646953,1.3309717262609535,0.2837488529230593,1.9014598415526176,test_e1n,primary,p0f2,0.34375,-0.0249480856795185,positive/all/chemistry/yield/ecfp4/k5/p0f2/scale1_ecfp4,positive,all,yield,ecfp4,0,2,scale1_ecfp4
amine,76,10,True,4.818355668343554,2.296011161248683,0.5234865752369829,2.6000066641772497,test_e1n,primary,p0f2,0.1818181818181818,0.1186167979037778,positive/all/chemistry/yield/ecfp4/k5/p0f2/scale1_ecfp4,positive,all,yield,ecfp4,0,2,scale1_ecfp4
amine,77,56,True,2.4839356066241325,2.8994577245959667,-0.1672837721170084,1.394476652894774,test_e1n,primary,p0f2,0.1538461538461538,-0.0631496349975118,positive/all/chemistry/yield/ecfp4/k5/p0f2/scale1_ecfp4,positive,all,yield,ecfp4,0,2,scale1_ecfp4
amine,96,34,True,14.370817300399224,14.26025015625817,0.0076938661058603,2.6489872581434217,test_e1n,primary,p0f2,0.2131147540983606,-0.0688553713358435,positive/all/chemistry/yield/ecfp4/k5/p0f2/scale1_ecfp4,positive,all,yield,ecfp4,0,2,scale1_ecfp4
amine,97,9,True,1.8936415905090624,1.5290335127789711,0.1925433405970316,1.6415005974362793,test_e1n,primary,p0f2,0.15,0.2025531620838641,positive/all/chemistry/yield/ecfp4/k5/p0f2/scale1_ecfp4,positive,all,yield,ecfp4,0,2,scale1_ecfp4
amine,98,8,True,6.774748448221128,7.741071449427443,-0.1426359972760384,1.7207051556322928,test_e1n,primary,p0f2,0.2142857142857142,0.08820246631937,positive/all/chemistry/yield/ecfp4/k5/p0f2/scale1_ecfp4,positive,all,yield,ecfp4,0,2,scale1_ecfp4
amine,103,28,True,4.2334074298303355,4.157525526825938,0.017924545242138,2.0209060295276045,test_e1n,primary,p0f2,0.2708333333333333,0.1082766637802763,positive/all/chemistry/yield/ecfp4/k5/p0f2/scale1_ecfp4,positive,all,yield,ecfp4,0,2,scale1_ecfp4
amine,105,101,True,2.235687594433265,1.879926680278021,0.1591281872481058,1.8538969067403903,test_e1n,primary,p0f2,0.4,-0.0900895693254721,positive/all/chemistry/yield/ecfp4/k5/p0f2/scale1_ecfp4,positive,all,yield,ecfp4,0,2,scale1_ecfp4
amine,111,41,True,1.8786702626162537,1.702318809708784,0.0938703594860127,1.587687889079717,test_e1n,primary,p0f2,0.3142857142857143,-0.075662980476123,positive/all/chemistry/yield/ecfp4/k5/p0f2/scale1_ecfp4,positive,all,yield,ecfp4,0,2,scale1_ecfp4
amine,112,43,True,1.5011191356280782,1.3686229192690968,0.0882649572670619,1.4639430246476874,test_e1n,primary,p0f2,0.293103448275862,0.1152771063199311,positive/all/chemistry/yield/ecfp4/k5/p0f2/scale1_ecfp4,positive,all,yield,ecfp4,0,2,scale1_ecfp4
amine,113,104,True,1.5405135097614993,1.4340115169220362,0.0691340855919865,1.5056779854680231,test_e1n,primary,p0f2,0.22,0.1791367596815347,positive/all/chemistry/yield/ecfp4/k5/p0f2/scale1_ecfp4,positive,all,yield,ecfp4,0,2,scale1_ecfp4
amine,116,4,True,5.680137735837269,5.389831575822206,0.051109000083476,1.3190509158934118,test_e1n,primary,p0f2,0.2549019607843137,-0.0234913003547108,positive/all/chemistry/yield/ecfp4/k5/p0f2/scale1_ecfp4,positive,all,yield,ecfp4,0,2,scale1_ecfp4
amine,122,28,True,2.955265382805891,2.6578219021840828,0.1006486531979063,2.0286624503529125,test_e1n,primary,p0f2,0.5945945945945946,-0.1381595435286071,positive/all/chemistry/yield/ecfp4/k5/p0f2/scale1_ecfp4,positive,all,yield,ecfp4,0,2,scale1_ecfp4
amine,127,39,True,4.59850282077593,3.5906742661128717,0.2191644963464438,1.8634083592055977,test_e1n,primary,p0f2,0.5370370370370371,0.0995663512459422,positive/all/chemistry/yield/ecfp4/k5/p0f2/scale1_ecfp4,positive,all,yield,ecfp4,0,2,scale1_ecfp4
amine,129,36,True,1.8218628054420352,1.7618004994209993,0.0329675241415684,1.3764712154657488,test_e1n,primary,p0f2,0.3720930232558139,0.0507429012819845,positive/all/chemistry/yield/ecfp4/k5/p0f2/scale1_ecfp4,positive,all,yield,ecfp4,0,2,scale1_ecfp4
amine,130,26,True,2.4188182512522274,2.256167332295112,0.0672439605054703,1.4355050709544033,test_e1n,primary,p0f2,0.4482758620689655,-0.1169220426781476,positive/all/chemistry/yield/ecfp4/k5/p0f2/scale1_ecfp4,positive,all,yield,ecfp4,0,2,scale1_ecfp4
amine,132,30,True,1.4127150753350115,0.7697485065503556,0.4551282703854369,1.616099288769504,test_e1n,primary,p0f2,0.5789473684210527,-0.1692564901896134,positive/all/chemistry/yield/ecfp4/k5/p0f2/scale1_ecfp4,positive,all,yield,ecfp4,0,2,scale1_ecfp4
amine,133,46,True,1.1009247623423215,0.9302496561096631,0.1550288558043976,1.2631363676332872,test_e1n,primary,p0f2,0.3404255319148936,-0.1101555692657627,positive/all/chemistry/yield/ecfp4/k5/p0f2/scale1_ecfp4,positive,all,yield,ecfp4,0,2,scale1_ecfp4
amine,134,55,True,1.3444195718081806,1.329980956214161,0.0107396648314189,1.392955493970288,test_e1n,primary,p0f2,0.3,0.051199346355735,positive/all/chemistry/yield/ecfp4/k5/p0f2/scale1_ecfp4,positive,all,yield,ecfp4,0,2,scale1_ecfp4
amine,136,16,True,6.175839247208302,4.5740484216988015,0.2593640736736414,2.3113075522785205,test_e1n,primary,p0f2,0.145631067961165,0.0758914931075193,positive/all/chemistry/yield/ecfp4/k5/p0f2/scale1_ecfp4,positive,all,yield,ecfp4,0,2,scale1_ecfp4
amine,140,16,True,1.4309144822713302,2.2090127578277325,-0.5437769239160297,1.437968877912375,test_e1n,primary,p0f2,0.3243243243243243,0.0370346725536698,positive/all/chemistry/yield/ecfp4/k5/p0f2/scale1_ecfp4,positive,all,yield,ecfp4,0,2,scale1_ecfp4
amine,148,22,True,1.879030556970959,1.627968222283698,0.133612693926585,1.4329043769469088,test_e1n,primary,p0f2,0.3095238095238095,0.1633089120870471,positive/all/chemistry/yield/ecfp4/k5/p0f2/scale1_ecfp4,positive,all,yield,ecfp4,0,2,scale1_ecfp4
amine,149,10,True,1.017238404423229,1.495284484052201,-0.4699449780408387,1.8487123052604184,test_e1n,primary,p0f2,0.4054054054054054,-0.1330137814800334,positive/all/chemistry/yield/ecfp4/k5/p0f2/scale1_ecfp4,positive,all,yield,ecfp4,0,2,scale1_ecfp4
amine,152,10,True,3.459014002441001,2.087712944843791,0.3964427598817156,2.3717864013250147,test_e1n,primary,p0f2,0.2608695652173913,-0.1689152279844903,positive/all/chemistry/yield/ecfp4/k5/p0f2/scale1_ecfp4,positive,all,yield,ecfp4,0,2,scale1_ecfp4
amine,165,10,True,3.1703063966866414,1.5692615573922812,0.5050126514483421,2.3425752925160452,test_e1n,primary,p0f2,0.2608695652173913,-0.0032620144196175,positive/all/chemistry/yield/ecfp4/k5/p0f2/scale1_ecfp4,positive,all,yield,ecfp4,0,2,scale1_ecfp4
amine,175,21,True,1.2125274571861235,1.2901299643406698,-0.0640006184557966,1.1740124177183244,test_e1n,primary,p0f2,0.2727272727272727,-0.0219241038406545,positive/all/chemistry/yield/ecfp4/k5/p0f2/scale1_ecfp4,positive,all,yield,ecfp4,0,2,scale1_ecfp4
amine,176,49,True,1.4697584149842782,1.0203724491695527,0.3057549875089727,1.5109149708810172,test_e1n,primary,p0f2,0.1923076923076923,0.1605633075760397,positive/all/chemistry/yield/ecfp4/k5/p0f2/scale1_ecfp4,positive,all,yield,ecfp4,0,2,scale1_ecfp4
amine,180,9,True,2.1313486210697383,2.0768476087795307,0.0255711392080255,2.27496283885072,test_e1n,primary,p0f2,0.1818181818181818,0.0010414624142812,positive/all/chemistry/yield/ecfp4/k5/p0f2/scale1_ecfp4,positive,all,yield,ecfp4,0,2,scale1_ecfp4
amine,188,65,True,2.2780727220878507,1.910584336262818,0.1613154761311702,1.8351097716191604,test_e1n,primary,p0f2,0.2558139534883721,0.1463951899036264,positive/all/chemistry/yield/ecfp4/k5/p0f2/scale1_ecfp4,positive,all,yield,ecfp4,0,2,scale1_ecfp4
amine,202,24,True,1.496716297889665,1.6574334459954718,-0.1073798343296013,1.3682030482150966,test_e1n,primary,p0f2,0.2926829268292683,-0.0232300678086398,positive/all/chemistry/yield/ecfp4/k5/p0f2/scale1_ecfp4,positive,all,yield,ecfp4,0,2,scale1_ecfp4
amine,212,7,True,5.564423799585152,3.310453725038584,0.4050680098655694,3.1337851436359387,test_e1n,primary,p0f2,0.123076923076923,-0.0931471879244214,positive/all/chemistry/yield/ecfp4/k5/p0f2/scale1_ecfp4,positive,all,yield,ecfp4,0,2,scale1_ecfp4
amine,215,9,True,2.387225134835828,2.8626794646749687,-0.1991661041520651,1.4970405975692598,test_e1n,primary,p0f2,0.1702127659574468,-0.0436190676331695,positive/all/chemistry/yield/ecfp4/k5/p0f2/scale1_ecfp4,positive,all,yield,ecfp4,0,2,scale1_ecfp4
amine,224,32,True,1.2917070631607452,0.9576630267873408,0.2586066499907608,1.3651565856142152,test_e1n,primary,p0f2,0.4482758620689655,0.116327366370274,positive/all/chemistry/yield/ecfp4/k5/p0f2/scale1_ecfp4,positive,all,yield,ecfp4,0,2,scale1_ecfp4
acid,6,43,True,2.4428387144661143,1.944449030619096,0.2040207079147842,1.786022722302702,test_e1a,primary,p0f3,0.4318181818181818,0.017621570462155,positive/all/chemistry/yield/ecfp4/k5/p0f3/scale1_ecfp4,positive,all,yield,ecfp4,0,3,scale1_ecfp4
acid,9,35,True,1.0015965524935009,0.6622513827076523,0.3388042510140834,1.3176403567329196,test_e1a,primary,p0f3,0.475,0.1454211865245843,positive/all/chemistry/yield/ecfp4/k5/p0f3/scale1_ecfp4,positive,all,yield,ecfp4,0,3,scale1_ecfp4
acid,15,30,True,1.1326674271010433,0.8093048035039777,0.2854877043870522,1.3220826656833486,test_e1a,primary,p0f3,0.6666666666666666,-0.0038510115984593,positive/all/chemistry/yield/ecfp4/k5/p0f3/scale1_ecfp4,positive,all,yield,ecfp4,0,3,scale1_ecfp4
acid,16,49,True,2.232038999923579,1.689692406133773,0.2429825795196117,1.681200107173557,test_e1a,primary,p0f3,0.2790697674418604,0.1485354019730681,positive/all/chemistry/yield/ecfp4/k5/p0f3/scale1_ecfp4,positive,all,yield,ecfp4,0,3,scale1_ecfp4
acid,19,15,True,3.409998956805608,3.1077052067741446,0.0886492206773704,1.680201470000569,test_e1a,primary,p0f3,0.4318181818181818,-0.0091860750959673,positive/all/chemistry/yield/ecfp4/k5/p0f3/scale1_ecfp4,positive,all,yield,ecfp4,0,3,scale1_ecfp4
acid,25,43,True,1.8603258282946276,1.2872081862273788,0.3080737972619718,1.7727209295663915,test_e1a,primary,p0f3,0.4794520547945205,-0.046359626502155,positive/all/chemistry/yield/ecfp4/k5/p0f3/scale1_ecfp4,positive,all,yield,ecfp4,0,3,scale1_ecfp4
acid,29,36,True,5.950353603610036,6.023011193281956,-0.0122106339407861,1.7862349031961169,test_e1a,primary,p0f3,0.3958333333333333,-0.0690094313960554,positive/all/chemistry/yield/ecfp4/k5/p0f3/scale1_ecfp4,positive,all,yield,ecfp4,0,3,scale1_ecfp4
acid,30,86,True,4.580887615494396,3.651808379502049,0.2028164220510079,1.9026304818440136,test_e1a,primary,p0f3,0.3461538461538461,0.0181823790349594,positive/all/chemistry/yield/ecfp4/k5/p0f3/scale1_ecfp4,positive,all,yield,ecfp4,0,3,scale1_ecfp4
acid,32,26,True,2.151924934605882,2.184531320662061,-0.0151521949171289,1.3740837027322772,test_e1a,primary,p0f3,0.4318181818181818,-0.1058513909274929,positive/all/chemistry/yield/ecfp4/k5/p0f3/scale1_ecfp4,positive,all,yield,ecfp4,0,3,scale1_ecfp4
acid,34,12,True,1.1092365306223133,1.3845473500309249,-0.2481984786907027,1.9526516136776155,test_e1a,primary,p0f3,0.6153846153846154,-0.0242814073602075,positive/all/chemistry/yield/ecfp4/k5/p0f3/scale1_ecfp4,positive,all,yield,ecfp4,0,3,scale1_ecfp4
acid,37,25,True,1.675477144744684,1.7494539475498376,-0.0441526779623284,1.3792780124147446,test_e1a,primary,p0f3,0.6521739130434783,0.0256077673353579,positive/all/chemistry/yield/ecfp4/k5/p0f3/scale1_ecfp4,positive,all,yield,ecfp4,0,3,scale1_ecfp4
acid,40,31,True,1.5855028721681883,1.1087578887619176,0.3006900786968099,1.5912310784286814,test_e1a,primary,p0f3,0.6521739130434783,0.087285644278983,positive/all/chemistry/yield/ecfp4/k5/p0f3/scale1_ecfp4,positive,all,yield,ecfp4,0,3,scale1_ecfp4
acid,50,8,True,1.3117669205858744,1.662275333469052,-0.2672032716960344,2.287474159322606,test_e1a,primary,p0f3,0.5555555555555556,-0.1245353474565902,positive/all/chemistry/yield/ecfp4/k5/p0f3/scale1_ecfp4,positive,all,yield,ecfp4,0,3,scale1_ecfp4
acid,57,7,True,4.49435046862471,1.8525613149814173,0.5878022134868559,3.228446000167556,test_e1a,primary,p0f3,0.5576923076923077,0.0127356895361006,positive/all/chemistry/yield/ecfp4/k5/p0f3/scale1_ecfp4,positive,all,yield,ecfp4,0,3,scale1_ecfp4
acid,63,16,True,4.342421414556124,2.42198507007335,0.4422501091315842,2.606081358302486,test_e1a,primary,p0f3,0.6,0.0591489342865735,positive/all/chemistry/yield/ecfp4/k5/p0f3/scale1_ecfp4,positive,all,yield,ecfp4,0,3,scale1_ecfp4
acid,67,79,True,6.83122737209652,5.107694518122662,0.2523020769318796,1.771066538057692,test_e1a,primary,p0f3,0.352112676056338,0.078654067651813,positive/all/chemistry/yield/ecfp4/k5/p0f3/scale1_ecfp4,positive,all,yield,ecfp4,0,3,scale1_ecfp4
acid,70,2,False,5.407639524322215,3.7247269187650383,0.3112102051159021,0.8558919847546075,test_e1a,primary,p0f3,0.25,-0.0480705334553892,positive/all/chemistry/yield/ecfp4/k5/p0f3/scale1_ecfp4,positive,all,yield,ecfp4,0,3,scale1_ecfp4
acid,78,2,False,4.132207439181366,4.307339351042051,-0.0423821684749157,0.8727697705001677,test_e1a,primary,p0f3,0.34,0.1728494986474761,positive/all/chemistry/yield/ecfp4/k5/p0f3/scale1_ecfp4,positive,all,yield,ecfp4,0,3,scale1_ecfp4
acid,80,24,True,2.8631683464582505,2.9732336846687155,-0.0384417976493125,1.8501214947700484,test_e1a,primary,p0f3,0.5882352941176471,0.1189796419988532,positive/all/chemistry/yield/ecfp4/k5/p0f3/scale1_ecfp4,positive,all,yield,ecfp4,0,3,scale1_ecfp4
acid,82,48,True,1.840387551257387,2.0635111597075393,-0.121237294991324,1.6240547625534547,test_e1a,primary,p0f3,0.3555555555555555,0.1687407619657842,positive/all/chemistry/yield/ecfp4/k5/p0f3/scale1_ecfp4,positive,all,yield,ecfp4,0,3,scale1_ecfp4
acid,85,15,True,1.1142388680496509,1.303059353039976,-0.1694614058122334,0.8584040244011191,test_e1a,primary,p0f3,0.4090909090909091,-0.1442487327841441,positive/all/chemistry/yield/ecfp4/k5/p0f3/scale1_ecfp4,positive,all,yield,ecfp4,0,3,scale1_ecfp4
acid,93,62,True,1.6474222887821357,1.175124265205261,0.286689106243684,1.335627337759878,test_e1a,primary,p0f3,0.40625,0.1869908957143515,positive/all/chemistry/yield/ecfp4/k5/p0f3/scale1_ecfp4,positive,all,yield,ecfp4,0,3,scale1_ecfp4
acid,96,56,True,2.2754648738965293,3.274721803212923,-0.439144080306217,1.5763984297043725,test_e1a,primary,p0f3,0.3968253968253968,-0.2146996441902047,positive/all/chemistry/yield/ecfp4/k5/p0f3/scale1_ecfp4,positive,all,yield,ecfp4,0,3,scale1_ecfp4
acid,101,6,True,4.027824603057386,2.164286525856804,0.4626661438499663,1.6262940816651152,test_e1a,primary,p0f3,0.2586206896551724,0.3026042872169674,positive/all/chemistry/yield/ecfp4/k5/p0f3/scale1_ecfp4,positive,all,yield,ecfp4,0,3,scale1_ecfp4
acid,105,36,True,1.0734111005133746,1.1702043452603743,-0.0901735082679013,1.20844524445526,test_e1a,primary,p0f3,0.3636363636363636,-0.1531313650537045,positive/all/chemistry/yield/ecfp4/k5/p0f3/scale1_ecfp4,positive,all,yield,ecfp4,0,3,scale1_ecfp4
acid,112,34,True,1.090917422677239,1.4292400370159457,-0.3101266945654086,1.1745966672589587,test_e1a,primary,p0f3,0.6382978723404256,0.1154592399543985,positive/all/chemistry/yield/ecfp4/k5/p0f3/scale1_ecfp4,positive,all,yield,ecfp4,0,3,scale1_ecfp4
acid,118,10,True,1.6070054725643963,1.4697167949493015,0.0854313690643597,1.5658299084291978,test_e1a,primary,p0f3,0.5454545454545454,-0.0216258726191225,positive/all/chemistry/yield/ecfp4/k5/p0f3/scale1_ecfp4,positive,all,yield,ecfp4,0,3,scale1_ecfp4
acid,121,2,False,0.2823570500868632,0.0447136982143285,0.8416412899887821,0.0886207586067038,test_e1a,primary,p0f3,0.8490566037735849,-1.6483281306819797,positive/all/chemistry/yield/ecfp4/k5/p0f3/scale1_ecfp4,positive,all,yield,ecfp4,0,3,scale1_ecfp4
acid,122,12,True,1.3237776210085253,0.8634427215841206,0.3477433763185215,1.9440588050856056,test_e1a,primary,p0f3,0.7058823529411765,-0.0979781374527588,positive/all/chemistry/yield/ecfp4/k5/p0f3/scale1_ecfp4,positive,all,yield,ecfp4,0,3,scale1_ecfp4
acid,135,2,False,1.2320856874214354,0.5307335493646987,0.5692397413726622,0.6317689301232029,test_e1a,primary,p0f3,0.4705882352941176,0.336118181140037,positive/all/chemistry/yield/ecfp4/k5/p0f3/scale1_ecfp4,positive,all,yield,ecfp4,0,3,scale1_ecfp4
acid,162,33,True,2.1481568463560676,2.4359473147553174,-0.1339708824741687,1.8381062558002392,test_e1a,primary,p0f3,0.6415094339622641,0.0286835601643878,positive/all/chemistry/yield/ecfp4/k5/p0f3/scale1_ecfp4,positive,all,yield,ecfp4,0,3,scale1_ecfp4
acid,163,4,True,0.7785753748468569,0.6446080054390672,0.1720673087485469,0.9675734564539206,test_e1a,primary,p0f3,0.3725490196078431,0.1021149435485363,positive/all/chemistry/yield/ecfp4/k5/p0f3/scale1_ecfp4,positive,all,yield,ecfp4,0,3,scale1_ecfp4
acid,164,24,True,1.9402373285639865,1.583304796989541,0.1839633359897364,1.843049417793768,test_e1a,primary,p0f3,0.3898305084745763,0.0347164890472132,positive/all/chemistry/yield/ecfp4/k5/p0f3/scale1_ecfp4,positive,all,yield,ecfp4,0,3,scale1_ecfp4
acid,172,8,True,2.7876782300302576,2.4063999173559445,0.1367727123478576,1.4332741907293325,test_e1a,primary,p0f3,0.6,0.1629037895670526,positive/all/chemistry/yield/ecfp4/k5/p0f3/scale1_ecfp4,positive,all,yield,ecfp4,0,3,scale1_ecfp4
acid,178,10,True,1.8274979794806492,1.2650874524690678,0.3077489186452676,2.476877140488178,test_e1a,primary,p0f3,0.7254901960784313,-0.0034140740547725,positive/all/chemistry/yield/ecfp4/k5/p0f3/scale1_ecfp4,positive,all,yield,ecfp4,0,3,scale1_ecfp4
acid,186,8,True,2.275412919119338,1.4085717188020004,0.3809599537005506,3.1174862204758447,test_e1a,primary,p0f3,0.6111111111111112,-0.054075720957039,positive/all/chemistry/yield/ecfp4/k5/p0f3/scale1_ecfp4,positive,all,yield,ecfp4,0,3,scale1_ecfp4
acid,188,97,True,1.1391342378296017,1.073642454889673,0.0574925946082618,1.422254098356316,test_e1a,primary,p0f3,0.34375,7.130116822751109e-05,positive/all/chemistry/yield/ecfp4/k5/p0f3/scale1_ecfp4,positive,all,yield,ecfp4,0,3,scale1_ecfp4
acid,189,26,True,1.85252019711194,1.9554538855579813,-0.0555641383054901,1.233980104184177,test_e1a,primary,p0f3,0.2222222222222222,-0.1254644048271675,positive/all/chemistry/yield/ecfp4/k5/p0f3/scale1_ecfp4,positive,all,yield,ecfp4,0,3,scale1_ecfp4
acid,190,1,False,1.4460151971373072,2.789985268980101,-0.9294301156056082,,test_e1a,primary,p0f3,0.2222222222222222,-0.7521281873167394,positive/all/chemistry/yield/ecfp4/k5/p0f3/scale1_ecfp4,positive,all,yield,ecfp4,0,3,scale1_ecfp4
acid,191,8,True,0.6026421033564221,0.6174586649725035,-0.0245860047506809,1.2466174877681389,test_e1a,primary,p0f3,0.2222222222222222,0.0303069669393897,positive/all/chemistry/yield/ecfp4/k5/p0f3/scale1_ecfp4,positive,all,yield,ecfp4,0,3,scale1_ecfp4
acid,198,10,True,3.316387449172455,3.3711491567859055,-0.0165124577428716,3.268398218138064,test_e1a,primary,p0f3,0.6451612903225806,-0.1318438200417524,positive/all/chemistry/yield/ecfp4/k5/p0f3/scale1_ecfp4,positive,all,yield,ecfp4,0,3,scale1_ecfp4
acid,201,2,False,2.279276101753412,1.4629497221882206,0.358151598631339,1.0476666433744803,test_e1a,primary,p0f3,0.3666666666666666,0.0886178613290432,positive/all/chemistry/yield/ecfp4/k5/p0f3/scale1_ecfp4,positive,all,yield,ecfp4,0,3,scale1_ecfp4
acid,207,110,True,2.1873276616200483,1.5116618461597824,0.3089001375129288,1.8173239369334608,test_e1a,primary,p0f3,0.3,0.1131623686224385,positive/all/chemistry/yield/ecfp4/k5/p0f3/scale1_ecfp4,positive,all,yield,ecfp4,0,3,scale1_ecfp4
acid,208,11,True,2.0339738311045923,2.345087656682489,-0.1529586176676325,1.464081791722298,test_e1a,primary,p0f3,0.5490196078431373,0.0235124090754328,positive/all/chemistry/yield/ecfp4/k5/p0f3/scale1_ecfp4,positive,all,yield,ecfp4,0,3,scale1_ecfp4
acid,211,15,True,1.295640037487786,1.2565255696773154,0.0301893015642775,1.3561945324215894,test_e1a,primary,p0f3,0.36,-0.0662575878041205,positive/all/chemistry/yield/ecfp4/k5/p0f3/scale1_ecfp4,positive,all,yield,ecfp4,0,3,scale1_ecfp4
acid,213,19,True,4.538020688139126,3.800402479639134,0.162541834687506,1.935253044389339,test_e1a,primary,p0f3,0.2954545454545454,-0.0247703666891818,positive/all/chemistry/yield/ecfp4/k5/p0f3/scale1_ecfp4,positive,all,yield,ecfp4,0,3,scale1_ecfp4
acid,214,16,True,1.8195395884464096,1.1741727044165249,0.3546869153756214,2.116439007874151,test_e1a,primary,p0f3,0.5166666666666667,0.0739890620026704,positive/all/chemistry/yield/ecfp4/k5/p0f3/scale1_ecfp4,positive,all,yield,ecfp4,0,3,scale1_ecfp4
acid,221,12,True,1.681393159685858,1.3983529826766965,0.1683367006572353,2.3661005404253546,test_e1a,primary,p0f3,0.4857142857142857,-0.0577954986371502,positive/all/chemistry/yield/ecfp4/k5/p0f3/scale1_ecfp4,positive,all,yield,ecfp4,0,3,scale1_ecfp4
acid,224,14,True,2.8556074681107035,2.3628880312322105,0.172544525947917,0.8495237935393999,test_e1a,primary,p0f3,0.4827586206896552,0.0626360834017359,positive/all/chemistry/yield/ecfp4/k5/p0f3/scale1_ecfp4,positive,all,yield,ecfp4,0,3,scale1_ecfp4
acid,229,69,True,1.725276898103084,1.6997998677803394,0.0147669225448715,1.5272781676118277,test_e1a,primary,p0f3,0.2954545454545454,-0.1699518956797139,positive/all/chemistry/yield/ecfp4/k5/p0f3/scale1_ecfp4,positive,all,yield,ecfp4,0,3,scale1_ecfp4
acid,233,2,False,2.0662865802440433,1.859859166145386,0.0999026059948938,1.2430013199994958,test_e1a,primary,p0f3,0.6060606060606061,0.2039549644985537,positive/all/chemistry/yield/ecfp4/k5/p0f3/scale1_ecfp4,positive,all,yield,ecfp4,0,3,scale1_ecfp4
acid,238,15,True,4.891524001955347,4.651886661529973,0.0489903229197242,1.551429544579966,test_e1a,primary,p0f3,0.59375,-0.0862945814385336,positive/all/chemistry/yield/ecfp4/k5/p0f3/scale1_ecfp4,positive,all,yield,ecfp4,0,3,scale1_ecfp4
acid,248,15,True,0.5959610394401541,0.650187544981536,-0.0909900177238469,0.6034043599369899,test_e1a,primary,p0f3,0.5172413793103449,0.0264185863519667,positive/all/chemistry/yield/ecfp4/k5/p0f3/scale1_ecfp4,positive,all,yield,ecfp4,0,3,scale1_ecfp4
acid,250,6,True,2.67294609879513,1.650018565655502,0.3826966557989057,1.4514241350473138,test_e1a,primary,p0f3,0.5666666666666667,-0.1434802131465222,positive/all/chemistry/yield/ecfp4/k5/p0f3/scale1_ecfp4,positive,all,yield,ecfp4,0,3,scale1_ecfp4
amine,2,46,True,1.1437703116299671,0.9445330181735428,0.1741934472599615,1.57872349823722,test_e1n,primary,p0f3,0.4074074074074074,-0.0981697581993614,positive/all/chemistry/yield/ecfp4/k5/p0f3/scale1_ecfp4,positive,all,yield,ecfp4,0,3,scale1_ecfp4
amine,5,41,True,1.5275776125178675,1.3623544987953036,0.1081602089272774,1.5188088148373995,test_e1n,primary,p0f3,0.6578947368421053,0.0674627912945784,positive/all/chemistry/yield/ecfp4/k5/p0f3/scale1_ecfp4,positive,all,yield,ecfp4,0,3,scale1_ecfp4
amine,15,9,True,2.484125028778048,2.2331811815773537,0.1010190084208985,1.6079912486947534,test_e1n,primary,p0f3,0.1578947368421052,0.0658147691703312,positive/all/chemistry/yield/ecfp4/k5/p0f3/scale1_ecfp4,positive,all,yield,ecfp4,0,3,scale1_ecfp4
amine,16,55,True,4.082935230851672,4.734458286214674,-0.1595722240313617,2.2124772097620595,test_e1n,primary,p0f3,0.1477272727272727,0.043271874422849,positive/all/chemistry/yield/ecfp4/k5/p0f3/scale1_ecfp4,positive,all,yield,ecfp4,0,3,scale1_ecfp4
amine,18,9,True,1.117421281858228,1.2846996676036428,-0.1497003757322728,1.567289460039457,test_e1n,primary,p0f3,0.2291666666666666,0.0631263978333683,positive/all/chemistry/yield/ecfp4/k5/p0f3/scale1_ecfp4,positive,all,yield,ecfp4,0,3,scale1_ecfp4
amine,25,49,True,4.488118296355037,2.9895132299049583,0.3339049836692472,1.5942547241138296,test_e1n,primary,p0f3,0.3928571428571428,0.0658848111893386,positive/all/chemistry/yield/ecfp4/k5/p0f3/scale1_ecfp4,positive,all,yield,ecfp4,0,3,scale1_ecfp4
amine,28,28,True,1.980578539598856,2.002275332824421,-0.010954775481895,1.775054473595063,test_e1n,primary,p0f3,0.4358974358974359,0.1534310789446129,positive/all/chemistry/yield/ecfp4/k5/p0f3/scale1_ecfp4,positive,all,yield,ecfp4,0,3,scale1_ecfp4
amine,39,7,True,1.2097716732627848,1.6749492272177124,-0.3845168177068752,0.6583086416420981,test_e1n,primary,p0f3,0.1818181818181818,-0.171595673680357,positive/all/chemistry/yield/ecfp4/k5/p0f3/scale1_ecfp4,positive,all,yield,ecfp4,0,3,scale1_ecfp4
amine,43,6,True,2.006708602660049,1.2767561170856807,0.3637560952331391,2.2100087228050955,test_e1n,primary,p0f3,0.1724137931034483,0.0805724205698149,positive/all/chemistry/yield/ecfp4/k5/p0f3/scale1_ecfp4,positive,all,yield,ecfp4,0,3,scale1_ecfp4
amine,44,47,True,4.397633889920048,3.1593942921441864,0.2815695050499925,2.1994738362561472,test_e1n,primary,p0f3,0.1724137931034483,0.0327453612516877,positive/all/chemistry/yield/ecfp4/k5/p0f3/scale1_ecfp4,positive,all,yield,ecfp4,0,3,scale1_ecfp4
amine,49,9,True,4.033326374856449,2.948542035211236,0.268955258966322,1.9196825013590617,test_e1n,primary,p0f3,0.217391304347826,0.0656958419794823,positive/all/chemistry/yield/ecfp4/k5/p0f3/scale1_ecfp4,positive,all,yield,ecfp4,0,3,scale1_ecfp4
amine,55,12,True,1.0027557230560378,1.4239043385812171,-0.4199912359928204,1.521411176683649,test_e1n,primary,p0f3,0.3571428571428571,0.1044038224550801,positive/all/chemistry/yield/ecfp4/k5/p0f3/scale1_ecfp4,positive,all,yield,ecfp4,0,3,scale1_ecfp4
amine,58,33,True,3.255821363322363,2.1088553321129138,0.352281622121627,1.82386014895877,test_e1n,primary,p0f3,0.71875,-0.0502527807429975,positive/all/chemistry/yield/ecfp4/k5/p0f3/scale1_ecfp4,positive,all,yield,ecfp4,0,3,scale1_ecfp4
amine,62,9,True,2.67078065400824,2.723355241928539,-0.0196851013734116,1.5550135860818537,test_e1n,primary,p0f3,0.1888888888888888,0.0179284096279016,positive/all/chemistry/yield/ecfp4/k5/p0f3/scale1_ecfp4,positive,all,yield,ecfp4,0,3,scale1_ecfp4
amine,65,35,True,1.6925081403466908,2.595374170959315,-0.5334485602105776,1.4282497772995773,test_e1n,primary,p0f3,0.3018867924528302,-0.1079393418474587,positive/all/chemistry/yield/ecfp4/k5/p0f3/scale1_ecfp4,positive,all,yield,ecfp4,0,3,scale1_ecfp4
amine,66,96,True,1.2587853856454092,1.2469309257940255,0.0094173796316403,1.5618873883321975,test_e1n,primary,p0f3,0.3658536585365853,0.0377254016647089,positive/all/chemistry/yield/ecfp4/k5/p0f3/scale1_ecfp4,positive,all,yield,ecfp4,0,3,scale1_ecfp4
amine,75,22,True,12.647583351577934,10.36534560156514,0.1804485241623696,3.7576739055781623,test_e1n,primary,p0f3,0.1145833333333333,0.0121029071032223,positive/all/chemistry/yield/ecfp4/k5/p0f3/scale1_ecfp4,positive,all,yield,ecfp4,0,3,scale1_ecfp4
amine,79,8,True,1.0574734647800164,2.3565201966614113,-1.2284438098422004,1.0172262512148371,test_e1n,primary,p0f3,0.1590909090909091,-0.0221152832616007,positive/all/chemistry/yield/ecfp4/k5/p0f3/scale1_ecfp4,positive,all,yield,ecfp4,0,3,scale1_ecfp4
amine,82,4,True,1.309006367175179,2.027276095638671,-0.5487137010750449,0.9374899925493017,test_e1n,primary,p0f3,0.2777777777777778,0.0869377572718975,positive/all/chemistry/yield/ecfp4/k5/p0f3/scale1_ecfp4,positive,all,yield,ecfp4,0,3,scale1_ecfp4
amine,86,3,True,1.112499506066671,1.266802524141175,-0.1386994036698985,1.3395726884691077,test_e1n,primary,p0f3,0.2444444444444444,-0.2112479760580228,positive/all/chemistry/yield/ecfp4/k5/p0f3/scale1_ecfp4,positive,all,yield,ecfp4,0,3,scale1_ecfp4
amine,88,8,True,5.00504681576342,4.078012421262486,0.1852199247330181,1.6125716370597178,test_e1n,primary,p0f3,0.325,0.073327060266917,positive/all/chemistry/yield/ecfp4/k5/p0f3/scale1_ecfp4,positive,all,yield,ecfp4,0,3,scale1_ecfp4
amine,92,53,True,1.128614697104012,1.032865262047095,0.0848380189471276,1.6406453467888686,test_e1n,primary,p0f3,0.2926829268292683,-0.0014592757668741,positive/all/chemistry/yield/ecfp4/k5/p0f3/scale1_ecfp4,positive,all,yield,ecfp4,0,3,scale1_ecfp4
amine,94,9,True,0.7225199230895315,0.9079845494306292,-0.2566913664443213,1.6190898232574436,test_e1n,primary,p0f3,0.3243243243243243,0.0850235677557859,positive/all/chemistry/yield/ecfp4/k5/p0f3/scale1_ecfp4,positive,all,yield,ecfp4,0,3,scale1_ecfp4
amine,99,10,True,9.10475677484595,7.0747106198612455,0.2229654459955687,1.997257138160116,test_e1n,primary,p0f3,0.2352941176470588,0.0869466142480376,positive/all/chemistry/yield/ecfp4/k5/p0f3/scale1_ecfp4,positive,all,yield,ecfp4,0,3,scale1_ecfp4
amine,119,62,True,4.735974682263879,3.485827316959503,0.2639683379191511,1.849934417992564,test_e1n,primary,p0f3,0.2972972972972973,0.0877434643129622,positive/all/chemistry/yield/ecfp4/k5/p0f3/scale1_ecfp4,positive,all,yield,ecfp4,0,3,scale1_ecfp4
amine,121,51,True,1.334345953926282,1.0222115467013273,0.2339231488704307,1.5073846428661173,test_e1n,primary,p0f3,0.3125,0.1486980162610492,positive/all/chemistry/yield/ecfp4/k5/p0f3/scale1_ecfp4,positive,all,yield,ecfp4,0,3,scale1_ecfp4
amine,126,9,True,1.177530716159208,1.210144149710454,-0.0276964609956182,0.8924765661916461,test_e1n,primary,p0f3,0.4411764705882353,0.066128734748655,positive/all/chemistry/yield/ecfp4/k5/p0f3/scale1_ecfp4,positive,all,yield,ecfp4,0,3,scale1_ecfp4
amine,131,49,True,1.341734678577082,1.410338914397172,-0.0511309999774658,1.3463929268451549,test_e1n,primary,p0f3,0.3720930232558139,0.1129914924346831,positive/all/chemistry/yield/ecfp4/k5/p0f3/scale1_ecfp4,positive,all,yield,ecfp4,0,3,scale1_ecfp4
amine,145,34,True,1.2172972003315932,1.228008154154011,-0.00879896365448,1.587740089069691,test_e1n,primary,p0f3,0.4594594594594595,-0.0756199397576808,positive/all/chemistry/yield/ecfp4/k5/p0f3/scale1_ecfp4,positive,all,yield,ecfp4,0,3,scale1_ecfp4
amine,158,97,True,1.9371902517342552,1.932953458165452,0.0021870818134719,1.870695678638368,test_e1n,primary,p0f3,0.2631578947368421,-0.0887960053535956,positive/all/chemistry/yield/ecfp4/k5/p0f3/scale1_ecfp4,positive,all,yield,ecfp4,0,3,scale1_ecfp4
amine,162,9,True,2.6335758982742568,1.63841584955497,0.3778740720445537,2.239832896814597,test_e1n,primary,p0f3,0.1612903225806451,-0.0374055206290464,positive/all/chemistry/yield/ecfp4/k5/p0f3/scale1_ecfp4,positive,all,yield,ecfp4,0,3,scale1_ecfp4
amine,163,9,True,1.2098177130259349,0.377707806199556,0.687797754874284,1.706726674345015,test_e1n,primary,p0f3,0.3018867924528302,-0.0354077149693177,positive/all/chemistry/yield/ecfp4/k5/p0f3/scale1_ecfp4,positive,all,yield,ecfp4,0,3,scale1_ecfp4
amine,166,34,True,2.0188796190666416,2.1872066847468767,-0.0833764747984604,1.577225859463402,test_e1n,primary,p0f3,0.4761904761904761,0.1266024832031743,positive/all/chemistry/yield/ecfp4/k5/p0f3/scale1_ecfp4,positive,all,yield,ecfp4,0,3,scale1_ecfp4
amine,185,81,True,2.3873563896970382,2.1396300659217826,0.1037659583815605,1.5313162173630308,test_e1n,primary,p0f3,0.2162162162162162,-0.0411181142241896,positive/all/chemistry/yield/ecfp4/k5/p0f3/scale1_ecfp4,positive,all,yield,ecfp4,0,3,scale1_ecfp4
amine,190,96,True,1.3993711200812822,1.123538967909625,0.197111508314989,1.6319917582286252,test_e1n,primary,p0f3,0.3111111111111111,0.0543017454916541,positive/all/chemistry/yield/ecfp4/k5/p0f3/scale1_ecfp4,positive,all,yield,ecfp4,0,3,scale1_ecfp4
amine,193,9,True,2.607124799809099,2.7034073305984596,-0.0369305415668672,2.544586906560545,test_e1n,primary,p0f3,0.1794871794871795,-0.072553223629703,positive/all/chemistry/yield/ecfp4/k5/p0f3/scale1_ecfp4,positive,all,yield,ecfp4,0,3,scale1_ecfp4
amine,195,8,True,7.210571255979172,9.798172451620434,-0.3588621627579873,2.866088497502721,test_e1n,primary,p0f3,0.1791044776119403,-0.0727168509008833,positive/all/chemistry/yield/ecfp4/k5/p0f3/scale1_ecfp4,positive,all,yield,ecfp4,0,3,scale1_ecfp4
amine,196,21,True,3.072257818526662,1.603636614252288,0.4780266797331055,1.7691542749153102,test_e1n,primary,p0f3,0.1875,-0.0629872595096341,positive/all/chemistry/yield/ecfp4/k5/p0f3/scale1_ecfp4,positive,all,yield,ecfp4,0,3,scale1_ecfp4
amine,198,36,True,7.334721079987111,7.0728474076765195,0.0357032897985879,1.687224244077068,test_e1n,primary,p0f3,0.2641509433962264,0.0419639243872731,positive/all/chemistry/yield/ecfp4/k5/p0f3/scale1_ecfp4,positive,all,yield,ecfp4,0,3,scale1_ecfp4
amine,207,79,True,2.913637903957819,2.4558983601143862,0.1571024124932099,1.7945371659124354,test_e1n,primary,p0f3,0.2321428571428571,0.024527326723172,positive/all/chemistry/yield/ecfp4/k5/p0f3/scale1_ecfp4,positive,all,yield,ecfp4,0,3,scale1_ecfp4
amine,208,29,True,1.9474998176411515,2.574591351813335,-0.321998250521907,1.333441590223104,test_e1n,primary,p0f3,0.2127659574468085,-0.1105629020096428,positive/all/chemistry/yield/ecfp4/k5/p0f3/scale1_ecfp4,positive,all,yield,ecfp4,0,3,scale1_ecfp4
amine,213,17,True,0.9023500498684291,0.8845245069559752,0.019754576303346,0.9735312232616422,test_e1n,primary,p0f3,0.2647058823529412,0.0254188417447519,positive/all/chemistry/yield/ecfp4/k5/p0f3/scale1_ecfp4,positive,all,yield,ecfp4,0,3,scale1_ecfp4
amine,214,9,True,0.9833720375973928,0.8282752788009266,0.1577193095457584,1.4256223684486926,test_e1n,primary,p0f3,0.25,0.1720026214280108,positive/all/chemistry/yield/ecfp4/k5/p0f3/scale1_ecfp4,positive,all,yield,ecfp4,0,3,scale1_ecfp4
amine,219,33,True,1.3213821421620129,1.3304825592709235,-0.0068870441173216,1.385861514103233,test_e1n,primary,p0f3,0.3513513513513513,-0.148207089056483,positive/all/chemistry/yield/ecfp4/k5/p0f3/scale1_ecfp4,positive,all,yield,ecfp4,0,3,scale1_ecfp4
amine,228,20,True,2.960888150920046,2.2047709089204597,0.2553683906515129,2.134808249697034,test_e1n,primary,p0f3,0.4473684210526316,-0.0226782694284162,positive/all/chemistry/yield/ecfp4/k5/p0f3/scale1_ecfp4,positive,all,yield,ecfp4,0,3,scale1_ecfp4
amine,229,7,True,6.309129616646444,4.730473339729416,0.2502177594753786,1.847308383851629,test_e1n,primary,p0f3,0.1830985915492957,0.0072702390168793,positive/all/chemistry/yield/ecfp4/k5/p0f3/scale1_ecfp4,positive,all,yield,ecfp4,0,3,scale1_ecfp4
acid,27,37,True,1.7074580168150015,1.1690742422667852,0.3153130380051674,1.4038496162191887,test_e1a,primary,p0f4,0.4523809523809524,-0.0321331104546194,positive/all/chemistry/yield/ecfp4/k5/p0f4/scale1_ecfp4,positive,all,yield,ecfp4,0,4,scale1_ecfp4
acid,28,55,True,1.324215145236783,1.2767382588423188,0.0358528495654494,1.6386326538472231,test_e1a,primary,p0f4,0.603448275862069,-0.1498290499446919,positive/all/chemistry/yield/ecfp4/k5/p0f4/scale1_ecfp4,positive,all,yield,ecfp4,0,4,scale1_ecfp4
acid,39,27,True,2.7068254527774847,1.1341237895414458,0.5810133274837812,1.9266552426290209,test_e1a,primary,p0f4,0.6481481481481481,-0.1262514248195649,positive/all/chemistry/yield/ecfp4/k5/p0f4/scale1_ecfp4,positive,all,yield,ecfp4,0,4,scale1_ecfp4
acid,47,39,True,1.6420694421718092,2.0994292248466957,-0.2785264562684877,1.1792385281893631,test_e1a,primary,p0f4,0.5522388059701493,-0.021333841958993,positive/all/chemistry/yield/ecfp4/k5/p0f4/scale1_ecfp4,positive,all,yield,ecfp4,0,4,scale1_ecfp4
acid,49,36,True,2.5718539103767366,1.7816352116745418,0.3072564485540472,1.8015403247419357,test_e1a,primary,p0f4,0.4736842105263157,-0.1739802537917334,positive/all/chemistry/yield/ecfp4/k5/p0f4/scale1_ecfp4,positive,all,yield,ecfp4,0,4,scale1_ecfp4
acid,55,8,True,1.4685337172243054,3.444244314673876,-1.3453627753156985,1.8112195683469696,test_e1a,primary,p0f4,0.5384615384615384,-0.0516206696905223,positive/all/chemistry/yield/ecfp4/k5/p0f4/scale1_ecfp4,positive,all,yield,ecfp4,0,4,scale1_ecfp4
acid,58,92,True,2.747520791160419,2.244562330683507,0.1830590189144617,1.6060721518835217,test_e1a,primary,p0f4,0.3953488372093023,0.0972234429738533,positive/all/chemistry/yield/ecfp4/k5/p0f4/scale1_ecfp4,positive,all,yield,ecfp4,0,4,scale1_ecfp4
acid,60,44,True,2.4209130116229822,2.692872985026376,-0.1123377717818416,1.755347093764932,test_e1a,primary,p0f4,0.3191489361702128,0.2026258285711558,positive/all/chemistry/yield/ecfp4/k5/p0f4/scale1_ecfp4,positive,all,yield,ecfp4,0,4,scale1_ecfp4
acid,65,12,True,6.789520746930754,3.410956774245778,0.4976145001416009,4.229765047507015,test_e1a,primary,p0f4,0.6909090909090909,-0.3350503506781539,positive/all/chemistry/yield/ecfp4/k5/p0f4/scale1_ecfp4,positive,all,yield,ecfp4,0,4,scale1_ecfp4
acid,66,28,True,6.071926065126176,4.309400853791765,0.2902744849706573,2.2106933305927647,test_e1a,primary,p0f4,0.26,0.2294577413719475,positive/all/chemistry/yield/ecfp4/k5/p0f4/scale1_ecfp4,positive,all,yield,ecfp4,0,4,scale1_ecfp4
acid,74,2,False,0.2241495281111066,0.4806233929637266,-1.1442088101362895,0.4746063499410018,test_e1a,primary,p0f4,0.3018867924528302,0.4369942302513334,positive/all/chemistry/yield/ecfp4/k5/p0f4/scale1_ecfp4,positive,all,yield,ecfp4,0,4,scale1_ecfp4
acid,88,3,True,8.769132583464936,6.05544973186393,0.3094585269149565,3.7839072892365744,test_e1a,primary,p0f4,0.24,0.128037518273136,positive/all/chemistry/yield/ecfp4/k5/p0f4/scale1_ecfp4,positive,all,yield,ecfp4,0,4,scale1_ecfp4
acid,89,23,True,3.8312118150988512,4.0559418505509885,-0.0586576901246946,2.1416223191020274,test_e1a,primary,p0f4,0.2318840579710145,-0.1337954361512638,positive/all/chemistry/yield/ecfp4/k5/p0f4/scale1_ecfp4,positive,all,yield,ecfp4,0,4,scale1_ecfp4
acid,102,28,True,5.212037077375702,4.457855443564227,0.1446999748112327,1.7469849746664772,test_e1a,primary,p0f4,0.2692307692307692,-0.2190107922007829,positive/all/chemistry/yield/ecfp4/k5/p0f4/scale1_ecfp4,positive,all,yield,ecfp4,0,4,scale1_ecfp4
acid,104,2,False,0.0642376992537036,0.0741123422074171,-0.1537203708793186,0.4962236800326199,test_e1a,primary,p0f4,0.4857142857142857,-5.945781266087554,positive/all/chemistry/yield/ecfp4/k5/p0f4/scale1_ecfp4,positive,all,yield,ecfp4,0,4,scale1_ecfp4
acid,106,14,True,2.3648070740600953,3.1354885363962746,-0.325896125223023,1.900658356824779,test_e1a,primary,p0f4,0.2702702702702703,0.1398772260923909,positive/all/chemistry/yield/ecfp4/k5/p0f4/scale1_ecfp4,positive,all,yield,ecfp4,0,4,scale1_ecfp4
acid,108,13,True,5.54753802696372,4.756007191029386,0.1426814619543138,1.5096859160061924,test_e1a,primary,p0f4,0.65,0.0797604916595602,positive/all/chemistry/yield/ecfp4/k5/p0f4/scale1_ecfp4,positive,all,yield,ecfp4,0,4,scale1_ecfp4
acid,119,12,True,3.292979431104144,2.268940732292221,0.3109763423176197,1.3235767154381357,test_e1a,primary,p0f4,0.5925925925925926,0.0888136464150367,positive/all/chemistry/yield/ecfp4/k5/p0f4/scale1_ecfp4,positive,all,yield,ecfp4,0,4,scale1_ecfp4
acid,128,33,True,4.598243437467069,1.6017894492424936,0.6516518816313832,2.1505881215192093,test_e1a,primary,p0f4,0.6585365853658537,0.1121978908678371,positive/all/chemistry/yield/ecfp4/k5/p0f4/scale1_ecfp4,positive,all,yield,ecfp4,0,4,scale1_ecfp4
acid,130,10,True,5.524867645132008,4.043189302369641,0.2681835001183932,1.3412933458643177,test_e1a,primary,p0f4,0.5806451612903226,0.325389333951109,positive/all/chemistry/yield/ecfp4/k5/p0f4/scale1_ecfp4,positive,all,yield,ecfp4,0,4,scale1_ecfp4
acid,143,12,True,0.4969027617004899,2.723789278424187,-4.481533789635006,2.2155323875868924,test_e1a,primary,p0f4,0.2258064516129032,0.2411139692950111,positive/all/chemistry/yield/ecfp4/k5/p0f4/scale1_ecfp4,positive,all,yield,ecfp4,0,4,scale1_ecfp4
acid,144,50,True,2.6402408011415632,2.564357541225996,0.0287410375155013,2.2003148722249977,test_e1a,primary,p0f4,0.2321428571428571,-0.0131060840333985,positive/all/chemistry/yield/ecfp4/k5/p0f4/scale1_ecfp4,positive,all,yield,ecfp4,0,4,scale1_ecfp4
acid,148,8,True,2.6139992039280906,2.8428574247073097,-0.0875509910008047,1.4168300292225111,test_e1a,primary,p0f4,0.6896551724137931,-0.0453895685225109,positive/all/chemistry/yield/ecfp4/k5/p0f4/scale1_ecfp4,positive,all,yield,ecfp4,0,4,scale1_ecfp4
acid,149,2,False,0.7184531912100142,0.3006733926121305,0.581498981018181,0.2768802755692123,test_e1a,primary,p0f4,0.6551724137931034,0.1402303155012023,positive/all/chemistry/yield/ecfp4/k5/p0f4/scale1_ecfp4,positive,all,yield,ecfp4,0,4,scale1_ecfp4
acid,155,31,True,1.9691206634159544,2.621762334840926,-0.3314381305068397,1.2644482762794398,test_e1a,primary,p0f4,0.282051282051282,-0.1486046313697204,positive/all/chemistry/yield/ecfp4/k5/p0f4/scale1_ecfp4,positive,all,yield,ecfp4,0,4,scale1_ecfp4
acid,157,12,True,5.212162854424633,2.5789332679432913,0.5052086168501007,2.647588338663368,test_e1a,primary,p0f4,0.4222222222222222,-0.29749843235928,positive/all/chemistry/yield/ecfp4/k5/p0f4/scale1_ecfp4,positive,all,yield,ecfp4,0,4,scale1_ecfp4
acid,173,6,True,0.685645991531274,1.598038754455361,-1.3307053117694343,1.1680272273519006,test_e1a,primary,p0f4,0.5925925925925926,-0.3767891690420673,positive/all/chemistry/yield/ecfp4/k5/p0f4/scale1_ecfp4,positive,all,yield,ecfp4,0,4,scale1_ecfp4
acid,174,38,True,1.5171180435967235,1.5408424352918613,-0.0156378020782699,1.354956854890859,test_e1a,primary,p0f4,0.72,0.0412804333124857,positive/all/chemistry/yield/ecfp4/k5/p0f4/scale1_ecfp4,positive,all,yield,ecfp4,0,4,scale1_ecfp4
acid,182,38,True,1.0744881975432967,1.0943091362630797,-0.0184468649959126,1.2341982323476546,test_e1a,primary,p0f4,0.7254901960784313,0.047225289281467,positive/all/chemistry/yield/ecfp4/k5/p0f4/scale1_ecfp4,positive,all,yield,ecfp4,0,4,scale1_ecfp4
acid,193,2,False,3.26239706546946,2.907100996588096,0.1089064457058163,0.9079446385108108,test_e1a,primary,p0f4,0.1666666666666666,0.3809269166257314,positive/all/chemistry/yield/ecfp4/k5/p0f4/scale1_ecfp4,positive,all,yield,ecfp4,0,4,scale1_ecfp4
acid,194,16,True,0.8577348961399303,0.954091703083642,-0.1123386810742419,0.9965596936819044,test_e1a,primary,p0f4,0.3783783783783784,0.032453356522462,positive/all/chemistry/yield/ecfp4/k5/p0f4/scale1_ecfp4,positive,all,yield,ecfp4,0,4,scale1_ecfp4
acid,195,34,True,3.77614414464564,3.7663224789781578,0.0026009774233352,1.4562788395274555,test_e1a,primary,p0f4,0.3636363636363636,0.0305947406182265,positive/all/chemistry/yield/ecfp4/k5/p0f4/scale1_ecfp4,positive,all,yield,ecfp4,0,4,scale1_ecfp4
acid,209,6,True,0.7983965880467233,1.0865245735078597,-0.3608832875476602,1.3558940899966907,test_e1a,primary,p0f4,0.4444444444444444,-0.0369264766064796,positive/all/chemistry/yield/ecfp4/k5/p0f4/scale1_ecfp4,positive,all,yield,ecfp4,0,4,scale1_ecfp4
acid,210,20,True,1.2359692242463705,1.7170932143547617,-0.3892685842576344,1.27951000408681,test_e1a,primary,p0f4,0.3541666666666667,-0.0156168264784735,positive/all/chemistry/yield/ecfp4/k5/p0f4/scale1_ecfp4,positive,all,yield,ecfp4,0,4,scale1_ecfp4
acid,212,14,True,0.8360256094332341,0.6451517534233387,0.2283110156628984,1.0932307993494157,test_e1a,primary,p0f4,0.3142857142857143,0.0106519965034869,positive/all/chemistry/yield/ecfp4/k5/p0f4/scale1_ecfp4,positive,all,yield,ecfp4,0,4,scale1_ecfp4
acid,215,64,True,4.301604440050631,3.58563438587536,0.1664425597828431,1.949361083249821,test_e1a,primary,p0f4,0.1875,0.039046914029424,positive/all/chemistry/yield/ecfp4/k5/p0f4/scale1_ecfp4,positive,all,yield,ecfp4,0,4,scale1_ecfp4
acid,219,80,True,4.018604366425772,2.700322988835893,0.3280445790094995,2.1983572582016753,test_e1a,primary,p0f4,0.1833333333333333,0.1680850239925561,positive/all/chemistry/yield/ecfp4/k5/p0f4/scale1_ecfp4,positive,all,yield,ecfp4,0,4,scale1_ecfp4
acid,220,64,True,6.277699406600449,2.9277498418524854,0.5336269463978772,2.5515802977492905,test_e1a,primary,p0f4,0.2622950819672131,0.2974394372209814,positive/all/chemistry/yield/ecfp4/k5/p0f4/scale1_ecfp4,positive,all,yield,ecfp4,0,4,scale1_ecfp4
acid,223,13,True,2.593785144117533,3.4727464496114964,-0.3388720563410454,1.5715397257215402,test_e1a,primary,p0f4,0.625,0.3642420485055713,positive/all/chemistry/yield/ecfp4/k5/p0f4/scale1_ecfp4,positive,all,yield,ecfp4,0,4,scale1_ecfp4
acid,232,11,True,7.787039632530235,6.095978644483238,0.2171635265579767,2.607361093141928,test_e1a,primary,p0f4,0.3695652173913043,-0.0908842490146368,positive/all/chemistry/yield/ecfp4/k5/p0f4/scale1_ecfp4,positive,all,yield,ecfp4,0,4,scale1_ecfp4
acid,235,9,True,1.3461852505351146,1.421781295743909,-0.0561557520993079,1.086751000707226,test_e1a,primary,p0f4,0.375,-0.0554151316586095,positive/all/chemistry/yield/ecfp4/k5/p0f4/scale1_ecfp4,positive,all,yield,ecfp4,0,4,scale1_ecfp4
acid,239,7,True,5.176450814726735,4.425837567945645,0.14500538566804,1.3200825692944884,test_e1a,primary,p0f4,0.4210526315789473,0.1260485386870005,positive/all/chemistry/yield/ecfp4/k5/p0f4/scale1_ecfp4,positive,all,yield,ecfp4,0,4,scale1_ecfp4
acid,240,46,True,1.5300229409038726,1.3105269022774844,0.143459312117712,1.4379175472770998,test_e1a,primary,p0f4,0.6363636363636364,0.1175261312043243,positive/all/chemistry/yield/ecfp4/k5/p0f4/scale1_ecfp4,positive,all,yield,ecfp4,0,4,scale1_ecfp4
acid,241,97,True,3.229385906080534,2.393266362337384,0.2589097642895016,1.9794222994683717,test_e1a,primary,p0f4,0.3265306122448979,0.0685208952931688,positive/all/chemistry/yield/ecfp4/k5/p0f4/scale1_ecfp4,positive,all,yield,ecfp4,0,4,scale1_ecfp4
acid,244,16,True,4.402379356787203,3.037067298464004,0.3101304880094625,2.098112850514319,test_e1a,primary,p0f4,0.3137254901960784,0.1108371551179626,positive/all/chemistry/yield/ecfp4/k5/p0f4/scale1_ecfp4,positive,all,yield,ecfp4,0,4,scale1_ecfp4
acid,245,19,True,5.030824273562378,3.1212687159672474,0.3795711107680879,1.3558248442578251,test_e1a,primary,p0f4,0.3584905660377358,0.3365292854824078,positive/all/chemistry/yield/ecfp4/k5/p0f4/scale1_ecfp4,positive,all,yield,ecfp4,0,4,scale1_ecfp4
acid,252,12,True,1.231018265426327,0.5227525009399346,0.5753495170448225,1.4456880339681315,test_e1a,primary,p0f4,0.3947368421052631,0.5855947422186878,positive/all/chemistry/yield/ecfp4/k5/p0f4/scale1_ecfp4,positive,all,yield,ecfp4,0,4,scale1_ecfp4
acid,254,2,False,7.1711510449961,7.738726174609329,-0.0791470052787792,0.1390754962380245,test_e1a,primary,p0f4,0.76,-0.0422255132767044,positive/all/chemistry/yield/ecfp4/k5/p0f4/scale1_ecfp4,positive,all,yield,ecfp4,0,4,scale1_ecfp4
acid,261,12,True,2.620958822625731,0.8263062137827166,0.6847313255555438,1.4637676605079115,test_e1a,primary,p0f4,0.3939393939393939,0.4333595833529278,positive/all/chemistry/yield/ecfp4/k5/p0f4/scale1_ecfp4,positive,all,yield,ecfp4,0,4,scale1_ecfp4
acid,262,108,True,2.904920847918373,3.5817417867791232,-0.2329911809286475,1.5967488531777303,test_e1a,primary,p0f4,0.3421052631578947,-0.0861032875327325,positive/all/chemistry/yield/ecfp4/k5/p0f4/scale1_ecfp4,positive,all,yield,ecfp4,0,4,scale1_ecfp4
acid,266,25,True,1.8317427170639684,1.1058980676892145,0.3962590611732761,1.4313548406156544,test_e1a,primary,p0f4,0.391304347826087,0.1587131267706578,positive/all/chemistry/yield/ecfp4/k5/p0f4/scale1_ecfp4,positive,all,yield,ecfp4,0,4,scale1_ecfp4
amine,0,8,True,5.0031214399333255,3.972251915416503,0.206045273314525,1.1427311077881377,test_e1n,primary,p0f4,0.1818181818181818,0.0387529082440933,positive/all/chemistry/yield/ecfp4/k5/p0f4/scale1_ecfp4,positive,all,yield,ecfp4,0,4,scale1_ecfp4
amine,14,8,True,2.3431183900877124,1.7558407127771505,0.2506393530070744,0.9189109403383116,test_e1n,primary,p0f4,0.1860465116279069,0.0614532435823298,positive/all/chemistry/yield/ecfp4/k5/p0f4/scale1_ecfp4,positive,all,yield,ecfp4,0,4,scale1_ecfp4
amine,23,8,True,1.729187935668083,1.8246566658975285,-0.0552101528470128,1.3599577768017457,test_e1n,primary,p0f4,0.1666666666666666,-0.0733668516190582,positive/all/chemistry/yield/ecfp4/k5/p0f4/scale1_ecfp4,positive,all,yield,ecfp4,0,4,scale1_ecfp4
amine,32,56,True,3.4442525720884265,3.0336977105812486,0.1191999869098558,1.296374126500079,test_e1n,primary,p0f4,0.25,0.0744915029494992,positive/all/chemistry/yield/ecfp4/k5/p0f4/scale1_ecfp4,positive,all,yield,ecfp4,0,4,scale1_ecfp4
amine,40,47,True,2.798675859328971,2.5521110894343506,0.0881005097724101,1.7368061578046026,test_e1n,primary,p0f4,0.3809523809523809,-0.0415415082393837,positive/all/chemistry/yield/ecfp4/k5/p0f4/scale1_ecfp4,positive,all,yield,ecfp4,0,4,scale1_ecfp4
amine,42,4,True,1.694091506023403,0.7009613201007867,0.5862317250228257,1.3541858513552152,test_e1n,primary,p0f4,0.2444444444444444,-0.2278544062034293,positive/all/chemistry/yield/ecfp4/k5/p0f4/scale1_ecfp4,positive,all,yield,ecfp4,0,4,scale1_ecfp4
amine,47,30,True,7.480455194263533,5.274073114690235,0.2949529169381679,1.9245766678050968,test_e1n,primary,p0f4,0.2857142857142857,0.1818070371484366,positive/all/chemistry/yield/ecfp4/k5/p0f4/scale1_ecfp4,positive,all,yield,ecfp4,0,4,scale1_ecfp4
amine,50,94,True,5.291291013978626,3.3997253931605607,0.357486597471372,1.5929583927333149,test_e1n,primary,p0f4,0.196078431372549,0.0441683062122161,positive/all/chemistry/yield/ecfp4/k5/p0f4/scale1_ecfp4,positive,all,yield,ecfp4,0,4,scale1_ecfp4
amine,51,49,True,3.0840403008890065,1.6984947760834612,0.4492631060645178,1.9846455323786665,test_e1n,primary,p0f4,0.5789473684210527,-0.042677868242593,positive/all/chemistry/yield/ecfp4/k5/p0f4/scale1_ecfp4,positive,all,yield,ecfp4,0,4,scale1_ecfp4
amine,53,18,True,0.8967610929520631,0.7533875725616804,0.1598792828069836,0.8912255649134089,test_e1n,primary,p0f4,0.7647058823529411,0.0509369234957183,positive/all/chemistry/yield/ecfp4/k5/p0f4/scale1_ecfp4,positive,all,yield,ecfp4,0,4,scale1_ecfp4
amine,56,8,True,2.515113502350935,1.691557152339615,0.3274430156895596,1.9416754177108997,test_e1n,primary,p0f4,0.2105263157894736,0.0423357053838908,positive/all/chemistry/yield/ecfp4/k5/p0f4/scale1_ecfp4,positive,all,yield,ecfp4,0,4,scale1_ecfp4
amine,68,37,True,3.211807302734245,2.416130015049532,0.2477350639956963,1.6585723044001626,test_e1n,primary,p0f4,0.296875,0.0109952069250077,positive/all/chemistry/yield/ecfp4/k5/p0f4/scale1_ecfp4,positive,all,yield,ecfp4,0,4,scale1_ecfp4
amine,70,8,True,9.699834472993516,6.599305253080583,0.3196476422917825,2.1183716849874,test_e1n,primary,p0f4,0.2244897959183673,0.0154969215619509,positive/all/chemistry/yield/ecfp4/k5/p0f4/scale1_ecfp4,positive,all,yield,ecfp4,0,4,scale1_ecfp4
amine,73,97,True,2.233783377173586,1.7860512112504623,0.2004366987857347,1.8873442985665585,test_e1n,primary,p0f4,0.2207792207792207,0.0324794268076747,positive/all/chemistry/yield/ecfp4/k5/p0f4/scale1_ecfp4,positive,all,yield,ecfp4,0,4,scale1_ecfp4
amine,74,41,True,1.9709145307153009,2.044378549174925,-0.0372740762294558,1.7626485073502918,test_e1n,primary,p0f4,0.3243243243243243,0.0001810524603012,positive/all/chemistry/yield/ecfp4/k5/p0f4/scale1_ecfp4,positive,all,yield,ecfp4,0,4,scale1_ecfp4
amine,81,56,True,3.8588286206488567,3.453897698201788,0.104936228647278,1.6761479679304985,test_e1n,primary,p0f4,0.5370370370370371,0.0869216167574979,positive/all/chemistry/yield/ecfp4/k5/p0f4/scale1_ecfp4,positive,all,yield,ecfp4,0,4,scale1_ecfp4
amine,91,15,True,7.0346326252022715,6.384354985883974,0.0924394597364777,2.453432120162341,test_e1n,primary,p0f4,0.2127659574468085,-0.1031598986541584,positive/all/chemistry/yield/ecfp4/k5/p0f4/scale1_ecfp4,positive,all,yield,ecfp4,0,4,scale1_ecfp4
amine,93,8,True,2.01490707836326,1.7993276012783903,0.1069922674846068,1.478950329337171,test_e1n,primary,p0f4,0.2045454545454545,-0.0473500162119497,positive/all/chemistry/yield/ecfp4/k5/p0f4/scale1_ecfp4,positive,all,yield,ecfp4,0,4,scale1_ecfp4
amine,102,12,True,1.6746115484682684,1.956113431785406,-0.1680998101169319,1.3259361446019982,test_e1n,primary,p0f4,0.2115384615384615,-0.0552542720002637,positive/all/chemistry/yield/ecfp4/k5/p0f4/scale1_ecfp4,positive,all,yield,ecfp4,0,4,scale1_ecfp4
amine,108,22,True,1.894272949139993,1.962077250103761,-0.0357943669071301,1.5326669732552336,test_e1n,primary,p0f4,0.1714285714285714,0.1325315685887013,positive/all/chemistry/yield/ecfp4/k5/p0f4/scale1_ecfp4,positive,all,yield,ecfp4,0,4,scale1_ecfp4
amine,109,7,True,1.8897265927882347,2.6443471990389384,-0.3993279287758149,1.620754559327915,test_e1n,primary,p0f4,0.2,0.0200669048889722,positive/all/chemistry/yield/ecfp4/k5/p0f4/scale1_ecfp4,positive,all,yield,ecfp4,0,4,scale1_ecfp4
amine,110,8,True,8.320092776426854,6.05073461730866,0.2727563526151919,1.7875016111234645,test_e1n,primary,p0f4,0.1733333333333333,-0.0801675132687951,positive/all/chemistry/yield/ecfp4/k5/p0f4/scale1_ecfp4,positive,all,yield,ecfp4,0,4,scale1_ecfp4
amine,114,8,True,1.5522331345265918,1.734626137764749,-0.1175036141035503,1.5641055096013703,test_e1n,primary,p0f4,0.1636363636363636,-0.0033720241750279,positive/all/chemistry/yield/ecfp4/k5/p0f4/scale1_ecfp4,positive,all,yield,ecfp4,0,4,scale1_ecfp4
amine,117,22,True,3.7391017760946696,1.6050550478287084,0.5707378017655569,1.5523011660066757,test_e1n,primary,p0f4,0.4285714285714285,0.1791734464534824,positive/all/chemistry/yield/ecfp4/k5/p0f4/scale1_ecfp4,positive,all,yield,ecfp4,0,4,scale1_ecfp4
amine,120,36,True,5.296551190957333,3.388753155900507,0.3601962798573458,2.426384119222434,test_e1n,primary,p0f4,0.1304347826086956,-0.0143515270214829,positive/all/chemistry/yield/ecfp4/k5/p0f4/scale1_ecfp4,positive,all,yield,ecfp4,0,4,scale1_ecfp4
amine,123,27,True,7.151735953716669,6.594015804818689,0.0779838842635317,2.1210268479214673,test_e1n,primary,p0f4,0.3478260869565217,-0.0778085119499658,positive/all/chemistry/yield/ecfp4/k5/p0f4/scale1_ecfp4,positive,all,yield,ecfp4,0,4,scale1_ecfp4
amine,143,8,True,2.127165490235635,1.9711384192124637,0.0733497566312471,1.332076772473918,test_e1n,primary,p0f4,0.1702127659574468,-0.1064397974156354,positive/all/chemistry/yield/ecfp4/k5/p0f4/scale1_ecfp4,positive,all,yield,ecfp4,0,4,scale1_ecfp4
amine,151,8,True,4.829423195617755,3.407296452703956,0.2944713447776217,2.494197460238704,test_e1n,primary,p0f4,0.1842105263157894,-0.0569011898080651,positive/all/chemistry/yield/ecfp4/k5/p0f4/scale1_ecfp4,positive,all,yield,ecfp4,0,4,scale1_ecfp4
amine,154,73,True,1.6513940221370966,1.3313264750274645,0.1938165833345014,1.5393997011777527,test_e1n,primary,p0f4,0.3,0.0165271629050434,positive/all/chemistry/yield/ecfp4/k5/p0f4/scale1_ecfp4,positive,all,yield,ecfp4,0,4,scale1_ecfp4
amine,156,60,True,5.509722877989578,7.218461000965061,-0.3101314096579353,1.5903518053146388,test_e1n,primary,p0f4,0.1451612903225806,0.0227752543967516,positive/all/chemistry/yield/ecfp4/k5/p0f4/scale1_ecfp4,positive,all,yield,ecfp4,0,4,scale1_ecfp4
amine,164,4,True,5.044986811317136,2.9619776089643963,0.4128869470342403,3.057170301847363,test_e1n,primary,p0f4,0.1666666666666666,-0.0503852977412755,positive/all/chemistry/yield/ecfp4/k5/p0f4/scale1_ecfp4,positive,all,yield,ecfp4,0,4,scale1_ecfp4
amine,169,51,True,6.660924295368776,4.080133917411011,0.3874522909308763,3.1117787801114964,test_e1n,primary,p0f4,0.1785714285714285,-0.0373821635568409,positive/all/chemistry/yield/ecfp4/k5/p0f4/scale1_ecfp4,positive,all,yield,ecfp4,0,4,scale1_ecfp4
amine,170,30,True,1.5260264433110813,1.208987385280536,0.207754629298987,1.1804256246098928,test_e1n,primary,p0f4,0.3125,0.1784287907615348,positive/all/chemistry/yield/ecfp4/k5/p0f4/scale1_ecfp4,positive,all,yield,ecfp4,0,4,scale1_ecfp4
amine,171,7,True,1.2416408457061812,1.2434789477444954,-0.0014803814200143,0.8165750397360666,test_e1n,primary,p0f4,0.2142857142857142,0.1504015456576055,positive/all/chemistry/yield/ecfp4/k5/p0f4/scale1_ecfp4,positive,all,yield,ecfp4,0,4,scale1_ecfp4
amine,172,71,True,1.752074824307856,1.4402677234399073,0.1779644890400874,1.797745735698829,test_e1n,primary,p0f4,0.2592592592592592,-0.0639286337606666,positive/all/chemistry/yield/ecfp4/k5/p0f4/scale1_ecfp4,positive,all,yield,ecfp4,0,4,scale1_ecfp4
amine,178,67,True,2.213008228811746,1.8328509265981103,0.1717830495450788,1.563304745601397,test_e1n,primary,p0f4,0.3043478260869565,0.035691487572708,positive/all/chemistry/yield/ecfp4/k5/p0f4/scale1_ecfp4,positive,all,yield,ecfp4,0,4,scale1_ecfp4
amine,189,55,True,3.196779255841269,2.392642075904332,0.2515460454354452,2.163833819075552,test_e1n,primary,p0f4,0.25,-0.0289434025847306,positive/all/chemistry/yield/ecfp4/k5/p0f4/scale1_ecfp4,positive,all,yield,ecfp4,0,4,scale1_ecfp4
amine,192,84,True,3.176221251116542,4.099272372508312,-0.2906129795168672,1.5331743255629409,test_e1n,primary,p0f4,0.2558139534883721,0.0543168404258359,positive/all/chemistry/yield/ecfp4/k5/p0f4/scale1_ecfp4,positive,all,yield,ecfp4,0,4,scale1_ecfp4
amine,194,8,True,9.334984926137274,11.863844211817955,-0.2709012714739431,3.7089434809946065,test_e1n,primary,p0f4,0.1666666666666666,-0.0261604309210383,positive/all/chemistry/yield/ecfp4/k5/p0f4/scale1_ecfp4,positive,all,yield,ecfp4,0,4,scale1_ecfp4
amine,200,5,True,1.4506224859376515,0.5707658079910652,0.6065373220640969,1.0511026917148427,test_e1n,primary,p0f4,0.275,0.4856457951244315,positive/all/chemistry/yield/ecfp4/k5/p0f4/scale1_ecfp4,positive,all,yield,ecfp4,0,4,scale1_ecfp4
amine,201,8,True,1.3549319001561058,1.4959934110822133,-0.104109668471054,1.4094009959539973,test_e1n,primary,p0f4,0.1538461538461538,-0.019423121081556,positive/all/chemistry/yield/ecfp4/k5/p0f4/scale1_ecfp4,positive,all,yield,ecfp4,0,4,scale1_ecfp4
amine,206,8,True,6.049840608754554,5.188189248321105,0.1424254647612661,1.359143397587629,test_e1n,primary,p0f4,0.2222222222222222,0.0843857197187837,positive/all/chemistry/yield/ecfp4/k5/p0f4/scale1_ecfp4,positive,all,yield,ecfp4,0,4,scale1_ecfp4
amine,210,37,True,2.2730258716412295,1.9836265701293905,0.1273189650511454,1.3279284016866135,test_e1n,primary,p0f4,0.3571428571428571,-0.0965722208378694,positive/all/chemistry/yield/ecfp4/k5/p0f4/scale1_ecfp4,positive,all,yield,ecfp4,0,4,scale1_ecfp4
amine,211,41,True,1.311416401338453,1.5175114175224325,-0.1571545208475626,1.4586299808258651,test_e1n,primary,p0f4,0.5945945945945946,-0.112888945651874,positive/all/chemistry/yield/ecfp4/k5/p0f4/scale1_ecfp4,positive,all,yield,ecfp4,0,4,scale1_ecfp4
amine,217,8,True,3.5057649880129995,3.7329279977452217,-0.0647969873933203,1.1533141374751736,test_e1n,primary,p0f4,0.1481481481481481,-0.0480470739306075,positive/all/chemistry/yield/ecfp4/k5/p0f4/scale1_ecfp4,positive,all,yield,ecfp4,0,4,scale1_ecfp4
amine,221,38,True,1.8716058980613168,1.7175566412629903,0.0823085976368726,2.0075546264447337,test_e1n,primary,p0f4,0.3095238095238095,0.0532637472807265,positive/all/chemistry/yield/ecfp4/k5/p0f4/scale1_ecfp4,positive,all,yield,ecfp4,0,4,scale1_ecfp4
acid,8,11,True,4.280640345820524,4.693687123194862,-0.0964918199160607,1.5029671718916922,test_e1a,primary,p0f0,0.3076923076923077,-0.0379280791614315,positive/all/chemistry/yield/shuffled_both/k5/p0f0/scale1_shuffled_both,positive,all,yield,shuffled_both,0,0,scale1_shuffled_both
acid,20,20,True,2.0030346826940923,2.0401051489891855,-0.0185071514813877,1.5393076615587908,test_e1a,primary,p0f0,0.5161290322580645,-0.0067541668630306,positive/all/chemistry/yield/shuffled_both/k5/p0f0/scale1_shuffled_both,positive,all,yield,shuffled_both,0,0,scale1_shuffled_both
acid,21,15,True,2.6489521733302372,2.3499954277750104,0.1128584912046114,1.2491381580966177,test_e1a,primary,p0f0,0.3055555555555556,-0.0264795765917496,positive/all/chemistry/yield/shuffled_both/k5/p0f0/scale1_shuffled_both,positive,all,yield,shuffled_both,0,0,scale1_shuffled_both
acid,22,32,True,2.450170971287097,2.264379391845793,0.0758280061344885,1.1436968178723628,test_e1a,primary,p0f0,0.5434782608695652,0.0377151640221086,positive/all/chemistry/yield/shuffled_both/k5/p0f0/scale1_shuffled_both,positive,all,yield,shuffled_both,0,0,scale1_shuffled_both
acid,23,37,True,7.272487230754966,7.705771169501439,-0.0595785080122435,1.7593211987707102,test_e1a,primary,p0f0,0.4651162790697674,-0.0294424743381964,positive/all/chemistry/yield/shuffled_both/k5/p0f0/scale1_shuffled_both,positive,all,yield,shuffled_both,0,0,scale1_shuffled_both
acid,24,60,True,5.869958210323236,6.2646765191234035,-0.0672438021970913,1.6924119037594982,test_e1a,primary,p0f0,0.4042553191489361,-0.0340461886476013,positive/all/chemistry/yield/shuffled_both/k5/p0f0/scale1_shuffled_both,positive,all,yield,shuffled_both,0,0,scale1_shuffled_both
acid,36,26,True,1.7655623580601263,1.6532054290876133,0.063638040570803,1.6381105240047027,test_e1a,primary,p0f0,0.3888888888888889,-0.0193973309979353,positive/all/chemistry/yield/shuffled_both/k5/p0f0/scale1_shuffled_both,positive,all,yield,shuffled_both,0,0,scale1_shuffled_both
acid,45,30,True,2.675169309392631,2.5781688644610816,0.0362595535882446,1.5365637570453028,test_e1a,primary,p0f0,0.6078431372549019,0.0325390099470122,positive/all/chemistry/yield/shuffled_both/k5/p0f0/scale1_shuffled_both,positive,all,yield,shuffled_both,0,0,scale1_shuffled_both
acid,48,12,True,1.6214763412428237,1.6010873227944018,0.0125743545741742,1.6612800869811115,test_e1a,primary,p0f0,0.3777777777777777,-0.0169168713752252,positive/all/chemistry/yield/shuffled_both/k5/p0f0/scale1_shuffled_both,positive,all,yield,shuffled_both,0,0,scale1_shuffled_both
acid,54,12,True,2.9465825326710195,2.944437998286482,0.0007278039426213,2.928415917695821,test_e1a,primary,p0f0,0.5490196078431373,0.0041163086438595,positive/all/chemistry/yield/shuffled_both/k5/p0f0/scale1_shuffled_both,positive,all,yield,shuffled_both,0,0,scale1_shuffled_both
acid,56,31,True,1.4827585159212509,1.3773712286838786,0.071075152228611,1.566473086156328,test_e1a,primary,p0f0,0.5833333333333334,0.0214190385122667,positive/all/chemistry/yield/shuffled_both/k5/p0f0/scale1_shuffled_both,positive,all,yield,shuffled_both,0,0,scale1_shuffled_both
acid,59,70,True,2.4055497905093635,2.3686224279140036,0.0153509034571014,1.6521688866886366,test_e1a,primary,p0f0,0.5,0.0244127564398524,positive/all/chemistry/yield/shuffled_both/k5/p0f0/scale1_shuffled_both,positive,all,yield,shuffled_both,0,0,scale1_shuffled_both
acid,79,5,True,4.348831202572765,4.074180636380342,0.0631550302596108,1.8441567215637251,test_e1a,primary,p0f0,0.5319148936170213,-0.0067003920192594,positive/all/chemistry/yield/shuffled_both/k5/p0f0/scale1_shuffled_both,positive,all,yield,shuffled_both,0,0,scale1_shuffled_both
acid,81,36,True,4.206260580461515,3.964356611511077,0.0575104571680854,1.7070954781160053,test_e1a,primary,p0f0,0.3714285714285714,0.03227271472569,positive/all/chemistry/yield/shuffled_both/k5/p0f0/scale1_shuffled_both,positive,all,yield,shuffled_both,0,0,scale1_shuffled_both
acid,86,21,True,1.8447751408292263,1.681783004419638,0.0883533894197661,1.6021069990839567,test_e1a,primary,p0f0,0.2962962962962963,-0.0169079897094872,positive/all/chemistry/yield/shuffled_both/k5/p0f0/scale1_shuffled_both,positive,all,yield,shuffled_both,0,0,scale1_shuffled_both
acid,97,8,True,1.829244149090907,1.7438183075112106,0.0467000764343847,1.1589476274017352,test_e1a,primary,p0f0,0.1555555555555555,-0.0497639458761451,positive/all/chemistry/yield/shuffled_both/k5/p0f0/scale1_shuffled_both,positive,all,yield,shuffled_both,0,0,scale1_shuffled_both
acid,98,30,True,9.308633667338858,9.262422655398304,0.0049643173844828,2.4613675780878537,test_e1a,primary,p0f0,0.146788990825688,-0.028161975291949,positive/all/chemistry/yield/shuffled_both/k5/p0f0/scale1_shuffled_both,positive,all,yield,shuffled_both,0,0,scale1_shuffled_both
acid,100,27,True,1.969813110509051,1.811464086274973,0.0803878415618609,1.4065801458086946,test_e1a,primary,p0f0,0.5142857142857142,0.0313975093708249,positive/all/chemistry/yield/shuffled_both/k5/p0f0/scale1_shuffled_both,positive,all,yield,shuffled_both,0,0,scale1_shuffled_both
acid,103,35,True,10.317148165529357,9.985896865320258,0.0321068666354761,1.6890769413097004,test_e1a,primary,p0f0,0.3272727272727272,-0.0319214169770507,positive/all/chemistry/yield/shuffled_both/k5/p0f0/scale1_shuffled_both,positive,all,yield,shuffled_both,0,0,scale1_shuffled_both
acid,114,59,True,3.225215715939549,3.4341915162540757,-0.0647943637635566,1.3963943148765756,test_e1a,primary,p0f0,0.3620689655172414,-0.0365788266760511,positive/all/chemistry/yield/shuffled_both/k5/p0f0/scale1_shuffled_both,positive,all,yield,shuffled_both,0,0,scale1_shuffled_both
acid,116,10,True,1.482684340101636,1.3582603698436029,0.0839180443825987,1.1816299730516655,test_e1a,primary,p0f0,0.40625,0.0561859257251859,positive/all/chemistry/yield/shuffled_both/k5/p0f0/scale1_shuffled_both,positive,all,yield,shuffled_both,0,0,scale1_shuffled_both
acid,120,13,True,4.505428909587979,4.501418681145304,0.0008900880522476,1.6407470099148505,test_e1a,primary,p0f0,0.3611111111111111,-0.0406832912815242,positive/all/chemistry/yield/shuffled_both/k5/p0f0/scale1_shuffled_both,positive,all,yield,shuffled_both,0,0,scale1_shuffled_both
acid,125,12,True,2.8014557589564286,2.658395692423655,0.0510663308086881,1.4495837291654607,test_e1a,primary,p0f0,0.5208333333333334,-0.038075068188289,positive/all/chemistry/yield/shuffled_both/k5/p0f0/scale1_shuffled_both,positive,all,yield,shuffled_both,0,0,scale1_shuffled_both
acid,127,40,True,1.2424279039973594,1.1552924216523348,0.0701332303183764,1.1924300176465426,test_e1a,primary,p0f0,0.58,0.0391600879920381,positive/all/chemistry/yield/shuffled_both/k5/p0f0/scale1_shuffled_both,positive,all,yield,shuffled_both,0,0,scale1_shuffled_both
acid,129,87,True,2.816400091978652,2.802598554680874,0.0049004178550789,1.6143511545522689,test_e1a,primary,p0f0,0.3559322033898305,0.0452870380020564,positive/all/chemistry/yield/shuffled_both/k5/p0f0/scale1_shuffled_both,positive,all,yield,shuffled_both,0,0,scale1_shuffled_both
acid,133,35,True,10.11557880034563,10.257329274359256,-0.014013085836352,2.0434570774244403,test_e1a,primary,p0f0,0.4857142857142857,-0.0296433082645044,positive/all/chemistry/yield/shuffled_both/k5/p0f0/scale1_shuffled_both,positive,all,yield,shuffled_both,0,0,scale1_shuffled_both
acid,136,2,False,4.340609949190235,4.709911898544256,-0.0850806577133052,0.3153374533935507,test_e1a,primary,p0f0,0.5833333333333334,-0.0332909983160683,positive/all/chemistry/yield/shuffled_both/k5/p0f0/scale1_shuffled_both,positive,all,yield,shuffled_both,0,0,scale1_shuffled_both
acid,138,10,True,2.707831316834665,2.9206982048204995,-0.0786115762316637,1.165875971279784,test_e1a,primary,p0f0,0.5238095238095238,-0.0418333508334158,positive/all/chemistry/yield/shuffled_both/k5/p0f0/scale1_shuffled_both,positive,all,yield,shuffled_both,0,0,scale1_shuffled_both
acid,141,30,True,1.3042185739196746,1.3250230586985494,-0.0159516857027648,1.5441102084615237,test_e1a,primary,p0f0,0.4146341463414634,0.0309649846302397,positive/all/chemistry/yield/shuffled_both/k5/p0f0/scale1_shuffled_both,positive,all,yield,shuffled_both,0,0,scale1_shuffled_both
acid,145,51,True,4.691344680109304,4.644687381530634,0.0099453998288573,2.298861245135049,test_e1a,primary,p0f0,0.2653061224489796,-0.0093046507481249,positive/all/chemistry/yield/shuffled_both/k5/p0f0/scale1_shuffled_both,positive,all,yield,shuffled_both,0,0,scale1_shuffled_both
acid,147,104,True,8.426789107825133,8.906938820340986,-0.0569789639175835,1.6068360474939123,test_e1a,primary,p0f0,0.4375,-0.0417106523651285,positive/all/chemistry/yield/shuffled_both/k5/p0f0/scale1_shuffled_both,positive,all,yield,shuffled_both,0,0,scale1_shuffled_both
acid,153,18,True,0.7431044229358587,0.6650029929970853,0.1051015544090157,1.112943591275562,test_e1a,primary,p0f0,0.2708333333333333,0.0421947835323271,positive/all/chemistry/yield/shuffled_both/k5/p0f0/scale1_shuffled_both,positive,all,yield,shuffled_both,0,0,scale1_shuffled_both
acid,156,7,True,2.5145953632304625,2.632783926540037,-0.0470010265022278,1.7269742963761912,test_e1a,primary,p0f0,0.3157894736842105,-0.0496135767792518,positive/all/chemistry/yield/shuffled_both/k5/p0f0/scale1_shuffled_both,positive,all,yield,shuffled_both,0,0,scale1_shuffled_both
acid,159,20,True,2.8158116194649216,2.9233983489239748,-0.0382080707087562,1.5574837590729844,test_e1a,primary,p0f0,0.3584905660377358,0.0506813043677466,positive/all/chemistry/yield/shuffled_both/k5/p0f0/scale1_shuffled_both,positive,all,yield,shuffled_both,0,0,scale1_shuffled_both
acid,166,16,True,2.2400705914262637,2.027339002743239,0.0949664664574599,1.424727442462204,test_e1a,primary,p0f0,0.6896551724137931,0.0041941355104367,positive/all/chemistry/yield/shuffled_both/k5/p0f0/scale1_shuffled_both,positive,all,yield,shuffled_both,0,0,scale1_shuffled_both
acid,170,22,True,2.78797583659569,2.6606625002300537,0.0456651505707074,1.5516634859432712,test_e1a,primary,p0f0,0.8490566037735849,0.0200607818652549,positive/all/chemistry/yield/shuffled_both/k5/p0f0/scale1_shuffled_both,positive,all,yield,shuffled_both,0,0,scale1_shuffled_both
acid,171,2,False,0.6434764560336055,0.4442709936155107,0.3095769247658243,0.9187428012848776,test_e1a,primary,p0f0,0.6530612244897959,0.0698174002324668,positive/all/chemistry/yield/shuffled_both/k5/p0f0/scale1_shuffled_both,positive,all,yield,shuffled_both,0,0,scale1_shuffled_both
acid,176,10,True,3.0963851367935225,2.895567564690813,0.0648554889753368,2.0972729170188624,test_e1a,primary,p0f0,0.6428571428571429,0.0367811481303226,positive/all/chemistry/yield/shuffled_both/k5/p0f0/scale1_shuffled_both,positive,all,yield,shuffled_both,0,0,scale1_shuffled_both
acid,196,2,False,2.0394498961729344,2.095935679498333,-0.0276965780975524,0.0561230123897924,test_e1a,primary,p0f0,0.6666666666666666,-0.0207721070421624,positive/all/chemistry/yield/shuffled_both/k5/p0f0/scale1_shuffled_both,positive,all,yield,shuffled_both,0,0,scale1_shuffled_both
acid,200,16,True,2.4376734599766365,2.304822638947509,0.0544990226174103,1.6220145531921346,test_e1a,primary,p0f0,0.6896551724137931,0.0469512769700565,positive/all/chemistry/yield/shuffled_both/k5/p0f0/scale1_shuffled_both,positive,all,yield,shuffled_both,0,0,scale1_shuffled_both
acid,202,10,True,8.832945375467602,8.970797616296677,-0.0156065994942007,1.2143956817857318,test_e1a,primary,p0f0,0.5769230769230769,-0.0392879079517505,positive/all/chemistry/yield/shuffled_both/k5/p0f0/scale1_shuffled_both,positive,all,yield,shuffled_both,0,0,scale1_shuffled_both
acid,204,14,True,3.0952899763131514,3.20673858184052,-0.0360058690398101,1.1474886624447835,test_e1a,primary,p0f0,0.6,-0.0528393895408889,positive/all/chemistry/yield/shuffled_both/k5/p0f0/scale1_shuffled_both,positive,all,yield,shuffled_both,0,0,scale1_shuffled_both
acid,216,19,True,2.41497630284904,2.307851736550826,0.0443584337336291,1.6968811818293932,test_e1a,primary,p0f0,0.4827586206896552,0.037033933924831,positive/all/chemistry/yield/shuffled_both/k5/p0f0/scale1_shuffled_both,positive,all,yield,shuffled_both,0,0,scale1_shuffled_both
acid,218,8,True,2.0737399351936103,2.335822203191756,-0.1263814538893359,2.2377558365357597,test_e1a,primary,p0f0,0.5294117647058824,0.0025659243168802,positive/all/chemistry/yield/shuffled_both/k5/p0f0/scale1_shuffled_both,positive,all,yield,shuffled_both,0,0,scale1_shuffled_both
acid,226,7,True,4.360198979050306,4.050538439132653,0.0710198184545009,1.81964571329945,test_e1a,primary,p0f0,0.5,0.0019262335157754,positive/all/chemistry/yield/shuffled_both/k5/p0f0/scale1_shuffled_both,positive,all,yield,shuffled_both,0,0,scale1_shuffled_both
acid,227,8,True,4.401561235516121,4.359303464041137,0.0096006324151547,1.8531619970632107,test_e1a,primary,p0f0,0.3023255813953488,-0.0235610249753688,positive/all/chemistry/yield/shuffled_both/k5/p0f0/scale1_shuffled_both,positive,all,yield,shuffled_both,0,0,scale1_shuffled_both
acid,230,79,True,2.1044706809017675,2.2483028261203626,-0.0683459962278794,1.6098166305359751,test_e1a,primary,p0f0,0.6285714285714286,-0.0231318633309882,positive/all/chemistry/yield/shuffled_both/k5/p0f0/scale1_shuffled_both,positive,all,yield,shuffled_both,0,0,scale1_shuffled_both
acid,236,50,True,2.726073168106319,2.796859164014062,-0.0259662861349077,1.7761762449214555,test_e1a,primary,p0f0,0.3469387755102041,-0.017278121058994,positive/all/chemistry/yield/shuffled_both/k5/p0f0/scale1_shuffled_both,positive,all,yield,shuffled_both,0,0,scale1_shuffled_both
acid,263,113,True,1.7186984428257106,1.742395868494898,-0.013788006714096,1.602075525905678,test_e1a,primary,p0f0,0.275,-0.0373751763947265,positive/all/chemistry/yield/shuffled_both/k5/p0f0/scale1_shuffled_both,positive,all,yield,shuffled_both,0,0,scale1_shuffled_both
amine,1,8,True,1.6105285870321668,1.6413667528075129,-0.0191478537069458,1.2286780841610458,test_e1n,primary,p0f0,0.225,-0.0941088992166658,positive/all/chemistry/yield/shuffled_both/k5/p0f0/scale1_shuffled_both,positive,all,yield,shuffled_both,0,0,scale1_shuffled_both
amine,6,27,True,2.889969933211163,2.89347816657723,-0.0012139342094015,1.1654751000349968,test_e1n,primary,p0f0,0.1860465116279069,-0.0933711027621666,positive/all/chemistry/yield/shuffled_both/k5/p0f0/scale1_shuffled_both,positive,all,yield,shuffled_both,0,0,scale1_shuffled_both
amine,7,66,True,6.073643043025649,6.256660340291257,-0.0301330348143797,1.8926614405112856,test_e1n,primary,p0f0,0.1860465116279069,-0.0567372893561874,positive/all/chemistry/yield/shuffled_both/k5/p0f0/scale1_shuffled_both,positive,all,yield,shuffled_both,0,0,scale1_shuffled_both
amine,8,8,True,0.8613581578768414,0.779366514163351,0.0951887933767196,1.20070435357304,test_e1n,primary,p0f0,0.1621621621621621,0.0783924287813465,positive/all/chemistry/yield/shuffled_both/k5/p0f0/scale1_shuffled_both,positive,all,yield,shuffled_both,0,0,scale1_shuffled_both
amine,9,143,True,2.7686076015975805,2.7001401481122724,0.0247299232458222,1.9391303688113375,test_e1n,primary,p0f0,0.18,0.0231304217990663,positive/all/chemistry/yield/shuffled_both/k5/p0f0/scale1_shuffled_both,positive,all,yield,shuffled_both,0,0,scale1_shuffled_both
amine,10,26,True,4.0446246911761445,3.9844362275657663,0.0148810997820606,1.9766085084374867,test_e1n,primary,p0f0,0.2903225806451613,0.03205031250428,positive/all/chemistry/yield/shuffled_both/k5/p0f0/scale1_shuffled_both,positive,all,yield,shuffled_both,0,0,scale1_shuffled_both
amine,13,25,True,13.053178561351466,12.34857785498421,0.0539792436804222,1.2506208565467258,test_e1n,primary,p0f0,0.28,0.0370462477168649,positive/all/chemistry/yield/shuffled_both/k5/p0f0/scale1_shuffled_both,positive,all,yield,shuffled_both,0,0,scale1_shuffled_both
amine,19,8,True,5.982303418189952,6.345999016519641,-0.0607952443909525,1.6007105220544364,test_e1n,primary,p0f0,0.2131147540983606,-0.0771835175265853,positive/all/chemistry/yield/shuffled_both/k5/p0f0/scale1_shuffled_both,positive,all,yield,shuffled_both,0,0,scale1_shuffled_both
amine,21,48,True,2.8344512534422655,2.9098152592206072,-0.0265885700757129,1.9076941811111885,test_e1n,primary,p0f0,0.2553191489361702,-0.0415478919640808,positive/all/chemistry/yield/shuffled_both/k5/p0f0/scale1_shuffled_both,positive,all,yield,shuffled_both,0,0,scale1_shuffled_both
amine,26,29,True,5.437815300878497,5.221116079539066,0.0398504195801615,2.092208668326886,test_e1n,primary,p0f0,0.425,0.0111724257884988,positive/all/chemistry/yield/shuffled_both/k5/p0f0/scale1_shuffled_both,positive,all,yield,shuffled_both,0,0,scale1_shuffled_both
amine,33,82,True,6.726642804133998,6.883772750980971,-0.0233593415649193,2.0814009796662143,test_e1n,primary,p0f0,0.2777777777777778,-0.0300460278976222,positive/all/chemistry/yield/shuffled_both/k5/p0f0/scale1_shuffled_both,positive,all,yield,shuffled_both,0,0,scale1_shuffled_both
amine,36,8,True,1.568066920304524,1.45795579483009,0.0702209351199438,1.4710191408030784,test_e1n,primary,p0f0,0.1791044776119403,0.0514261791948232,positive/all/chemistry/yield/shuffled_both/k5/p0f0/scale1_shuffled_both,positive,all,yield,shuffled_both,0,0,scale1_shuffled_both
amine,46,26,True,8.402742427903485,8.45961877632716,-0.0067687839906649,2.0580395085659844,test_e1n,primary,p0f0,0.7368421052631579,0.0004949390880359,positive/all/chemistry/yield/shuffled_both/k5/p0f0/scale1_shuffled_both,positive,all,yield,shuffled_both,0,0,scale1_shuffled_both
amine,54,6,True,1.4639065261733009,1.617358770313747,-0.1048237994686556,0.8145763212565008,test_e1n,primary,p0f0,0.1956521739130435,-0.161414573976363,positive/all/chemistry/yield/shuffled_both/k5/p0f0/scale1_shuffled_both,positive,all,yield,shuffled_both,0,0,scale1_shuffled_both
amine,61,48,True,2.698137967029797,2.7966278590199907,-0.0365029117093722,1.591255275498806,test_e1n,primary,p0f0,0.8333333333333334,-0.0481518041127841,positive/all/chemistry/yield/shuffled_both/k5/p0f0/scale1_shuffled_both,positive,all,yield,shuffled_both,0,0,scale1_shuffled_both
amine,63,8,True,3.111271448687341,3.184308178321952,-0.0234748818414496,1.7280941728504189,test_e1n,primary,p0f0,0.1891891891891892,-0.0513271482642505,positive/all/chemistry/yield/shuffled_both/k5/p0f0/scale1_shuffled_both,positive,all,yield,shuffled_both,0,0,scale1_shuffled_both
amine,67,39,True,1.97155776878166,1.9471461072207925,0.0123819154312445,1.7373484147940057,test_e1n,primary,p0f0,0.3658536585365853,-0.0244070613144111,positive/all/chemistry/yield/shuffled_both/k5/p0f0/scale1_shuffled_both,positive,all,yield,shuffled_both,0,0,scale1_shuffled_both
amine,78,8,True,6.137381988854121,6.419102168470783,-0.0459023375322382,2.16615693880451,test_e1n,primary,p0f0,0.1444444444444444,-0.060455642695153,positive/all/chemistry/yield/shuffled_both/k5/p0f0/scale1_shuffled_both,positive,all,yield,shuffled_both,0,0,scale1_shuffled_both
amine,80,6,True,7.252858384258032,6.999291636811926,0.0349609400890081,1.9559752562880928,test_e1n,primary,p0f0,0.3,0.0414901053825045,positive/all/chemistry/yield/shuffled_both/k5/p0f0/scale1_shuffled_both,positive,all,yield,shuffled_both,0,0,scale1_shuffled_both
amine,84,4,True,3.8935727271993663,3.525310554179879,0.0945820712290578,1.2354685867665949,test_e1n,primary,p0f0,0.4054054054054054,0.0281191567237001,positive/all/chemistry/yield/shuffled_both/k5/p0f0/scale1_shuffled_both,positive,all,yield,shuffled_both,0,0,scale1_shuffled_both
amine,89,17,True,2.1007431197707995,2.0829933407757735,0.0084492857922403,1.9683976124328608,test_e1n,primary,p0f0,0.2857142857142857,-0.0269435401999418,positive/all/chemistry/yield/shuffled_both/k5/p0f0/scale1_shuffled_both,positive,all,yield,shuffled_both,0,0,scale1_shuffled_both
amine,95,38,True,3.572321440460831,3.692270290290755,-0.033577283519719,1.7129757377883317,test_e1n,primary,p0f0,0.1935483870967742,-0.0162347084099814,positive/all/chemistry/yield/shuffled_both/k5/p0f0/scale1_shuffled_both,positive,all,yield,shuffled_both,0,0,scale1_shuffled_both
amine,100,7,True,1.1143718713318085,1.051551149368483,0.0563732121919471,1.5200124588893598,test_e1n,primary,p0f0,0.2352941176470588,-0.0067048074749347,positive/all/chemistry/yield/shuffled_both/k5/p0f0/scale1_shuffled_both,positive,all,yield,shuffled_both,0,0,scale1_shuffled_both
amine,101,36,True,1.7780257401997832,1.8344690423908725,-0.0317449297358019,1.426085827262881,test_e1n,primary,p0f0,0.2222222222222222,-0.0420922735822411,positive/all/chemistry/yield/shuffled_both/k5/p0f0/scale1_shuffled_both,positive,all,yield,shuffled_both,0,0,scale1_shuffled_both
amine,115,14,True,4.045115023187015,3.803054128240194,0.0598402996105927,1.8805843812173344,test_e1n,primary,p0f0,0.1860465116279069,0.0353110445506086,positive/all/chemistry/yield/shuffled_both/k5/p0f0/scale1_shuffled_both,positive,all,yield,shuffled_both,0,0,scale1_shuffled_both
amine,144,21,True,2.631913094124426,2.627057381726201,0.0018449364491042,1.5512938006227122,test_e1n,primary,p0f0,0.2222222222222222,0.0435512518643957,positive/all/chemistry/yield/shuffled_both/k5/p0f0/scale1_shuffled_both,positive,all,yield,shuffled_both,0,0,scale1_shuffled_both
amine,146,3,True,2.25136601075665,2.1605710544467667,0.0403288296421285,1.5516602150284995,test_e1n,primary,p0f0,0.1923076923076923,-0.0182339523738785,positive/all/chemistry/yield/shuffled_both/k5/p0f0/scale1_shuffled_both,positive,all,yield,shuffled_both,0,0,scale1_shuffled_both
amine,147,8,True,6.66998444794838,6.392602307259724,0.0415866248044966,0.8916447430078982,test_e1n,primary,p0f0,0.1684210526315789,0.0694191898309652,positive/all/chemistry/yield/shuffled_both/k5/p0f0/scale1_shuffled_both,positive,all,yield,shuffled_both,0,0,scale1_shuffled_both
amine,150,33,True,1.2798360272396343,1.2704717883972003,0.0073167488983968,1.6512849091346828,test_e1n,primary,p0f0,0.3018867924528302,-0.0136116296009309,positive/all/chemistry/yield/shuffled_both/k5/p0f0/scale1_shuffled_both,positive,all,yield,shuffled_both,0,0,scale1_shuffled_both
amine,155,8,True,5.476182647527305,5.100260265231196,0.0686467940337695,1.5828611925893394,test_e1n,primary,p0f0,0.1836734693877551,0.0582635919178278,positive/all/chemistry/yield/shuffled_both/k5/p0f0/scale1_shuffled_both,positive,all,yield,shuffled_both,0,0,scale1_shuffled_both
amine,159,33,True,3.26425470597652,3.3234755755889767,-0.0181422330506344,1.5578270473327238,test_e1n,primary,p0f0,0.1842105263157894,-0.0504668792823195,positive/all/chemistry/yield/shuffled_both/k5/p0f0/scale1_shuffled_both,positive,all,yield,shuffled_both,0,0,scale1_shuffled_both
amine,160,7,True,17.902363531227486,18.19447065334476,-0.0163166791696383,2.2533046035141022,test_e1n,primary,p0f0,0.1566265060240964,-0.0428451026618632,positive/all/chemistry/yield/shuffled_both/k5/p0f0/scale1_shuffled_both,positive,all,yield,shuffled_both,0,0,scale1_shuffled_both
amine,161,53,True,2.6511670778667957,2.603339902859448,0.0180400456110939,1.8593348081560903,test_e1n,primary,p0f0,0.4444444444444444,-0.007910231017707,positive/all/chemistry/yield/shuffled_both/k5/p0f0/scale1_shuffled_both,positive,all,yield,shuffled_both,0,0,scale1_shuffled_both
amine,167,46,True,3.1847737279903803,3.1956685675821603,-0.0034209148034685,2.1064190957259523,test_e1n,primary,p0f0,0.3076923076923077,-0.0028180892356588,positive/all/chemistry/yield/shuffled_both/k5/p0f0/scale1_shuffled_both,positive,all,yield,shuffled_both,0,0,scale1_shuffled_both
amine,168,6,True,2.5490843742226517,2.3835066239946174,0.0649557746704745,1.5177869475570211,test_e1n,primary,p0f0,0.1875,-0.0151958447600475,positive/all/chemistry/yield/shuffled_both/k5/p0f0/scale1_shuffled_both,positive,all,yield,shuffled_both,0,0,scale1_shuffled_both
amine,173,65,True,1.3344150440271774,1.3408442458725127,-0.0048179926283897,1.48095747099033,test_e1n,primary,p0f0,0.1935483870967742,-0.0277357531860902,positive/all/chemistry/yield/shuffled_both/k5/p0f0/scale1_shuffled_both,positive,all,yield,shuffled_both,0,0,scale1_shuffled_both
amine,182,97,True,3.368209726649012,3.310383287695316,0.017168301158974,1.462728939438002,test_e1n,primary,p0f0,0.1428571428571428,0.0650482194743238,positive/all/chemistry/yield/shuffled_both/k5/p0f0/scale1_shuffled_both,positive,all,yield,shuffled_both,0,0,scale1_shuffled_both
amine,183,56,True,1.366429418814965,1.3186856620195848,0.0349405217261685,1.3272134258273698,test_e1n,primary,p0f0,0.2631578947368421,0.0270552260504366,positive/all/chemistry/yield/shuffled_both/k5/p0f0/scale1_shuffled_both,positive,all,yield,shuffled_both,0,0,scale1_shuffled_both
amine,186,13,True,6.562853851398069,6.504369936616693,0.0089113541312393,2.1148112161170585,test_e1n,primary,p0f0,0.3333333333333333,-0.0558075815395506,positive/all/chemistry/yield/shuffled_both/k5/p0f0/scale1_shuffled_both,positive,all,yield,shuffled_both,0,0,scale1_shuffled_both
amine,197,8,True,1.6999786696992143,1.7074015225205443,-0.0043664387992838,1.0870745291743589,test_e1n,primary,p0f0,0.1830985915492957,-0.0749760746165759,positive/all/chemistry/yield/shuffled_both/k5/p0f0/scale1_shuffled_both,positive,all,yield,shuffled_both,0,0,scale1_shuffled_both
amine,204,36,True,2.795304238938975,2.684574868453822,0.0396126364145544,1.5023673755887192,test_e1n,primary,p0f0,0.2758620689655172,0.0196861018623607,positive/all/chemistry/yield/shuffled_both/k5/p0f0/scale1_shuffled_both,positive,all,yield,shuffled_both,0,0,scale1_shuffled_both
amine,216,8,True,1.1759939984990813,1.154825448957073,0.0180005591601875,1.3940155273996937,test_e1n,primary,p0f0,0.2542372881355932,0.0169945380686453,positive/all/chemistry/yield/shuffled_both/k5/p0f0/scale1_shuffled_both,positive,all,yield,shuffled_both,0,0,scale1_shuffled_both
amine,220,57,True,3.051878277769499,3.070533499055567,-0.0061127016178712,2.359846282877357,test_e1n,primary,p0f0,0.1212121212121212,-0.0016125098315438,positive/all/chemistry/yield/shuffled_both/k5/p0f0/scale1_shuffled_both,positive,all,yield,shuffled_both,0,0,scale1_shuffled_both
amine,223,43,True,3.2535617253411893,3.458587114089117,-0.0630156751448836,1.428859008044539,test_e1n,primary,p0f0,0.2926829268292683,-0.0513854271693388,positive/all/chemistry/yield/shuffled_both/k5/p0f0/scale1_shuffled_both,positive,all,yield,shuffled_both,0,0,scale1_shuffled_both
amine,226,25,True,3.9565013743588753,4.14765770091916,-0.0483144850647903,1.753847303192133,test_e1n,primary,p0f0,0.225,-0.0375738355815644,positive/all/chemistry/yield/shuffled_both/k5/p0f0/scale1_shuffled_both,positive,all,yield,shuffled_both,0,0,scale1_shuffled_both
amine,227,59,True,5.235719887491685,5.400291592759925,-0.0314324885220478,2.0264695953194067,test_e1n,primary,p0f0,0.3023255813953488,-0.0510575890806295,positive/all/chemistry/yield/shuffled_both/k5/p0f0/scale1_shuffled_both,positive,all,yield,shuffled_both,0,0,scale1_shuffled_both
acid,4,34,True,3.921540109920998,3.91858759680818,0.000752896318808,1.29305100851517,test_e1a,primary,p0f1,0.5882352941176471,0.0002679870656131,positive/all/chemistry/yield/shuffled_both/k5/p0f1/scale1_shuffled_both,positive,all,yield,shuffled_both,0,1,scale1_shuffled_both
acid,5,20,True,1.0690340079687275,1.0682594926208395,0.0007245001956108,1.4866670293629651,test_e1a,primary,p0f1,0.5689655172413793,0.0005250396604771,positive/all/chemistry/yield/shuffled_both/k5/p0f1/scale1_shuffled_both,positive,all,yield,shuffled_both,0,1,scale1_shuffled_both
acid,11,30,True,3.5158955009113853,3.5121389044938867,0.0010684607709543,1.5373790057211183,test_e1a,primary,p0f1,0.4545454545454545,0.0003912617685633,positive/all/chemistry/yield/shuffled_both/k5/p0f1/scale1_shuffled_both,positive,all,yield,shuffled_both,0,1,scale1_shuffled_both
acid,12,21,True,1.718468767948489,1.717968121805601,0.00029133269817,1.5962540534748286,test_e1a,primary,p0f1,0.3636363636363636,0.0001005650890385,positive/all/chemistry/yield/shuffled_both/k5/p0f1/scale1_shuffled_both,positive,all,yield,shuffled_both,0,1,scale1_shuffled_both
acid,18,92,True,6.893438092482644,6.891968229837555,0.0002132263502435,2.46447718415657,test_e1a,primary,p0f1,0.4318181818181818,0.0003268500992181,positive/all/chemistry/yield/shuffled_both/k5/p0f1/scale1_shuffled_both,positive,all,yield,shuffled_both,0,1,scale1_shuffled_both
acid,31,2,False,0.0185332372003138,0.0188631349188839,-0.0178003289443957,0.4497543329488203,test_e1a,primary,p0f1,0.4347826086956521,0.0019605188059208,positive/all/chemistry/yield/shuffled_both/k5/p0f1/scale1_shuffled_both,positive,all,yield,shuffled_both,0,1,scale1_shuffled_both
acid,33,12,True,3.642761320564048,3.641577868976327,0.0003248776089282,2.181382658062118,test_e1a,primary,p0f1,0.6521739130434783,0.00025863175863,positive/all/chemistry/yield/shuffled_both/k5/p0f1/scale1_shuffled_both,positive,all,yield,shuffled_both,0,1,scale1_shuffled_both
acid,35,2,False,6.359290566146585,6.367133696919334,-0.0012333342361332,1.4413594184848824,test_e1a,primary,p0f1,0.6153846153846154,-0.0008428209346522,positive/all/chemistry/yield/shuffled_both/k5/p0f1/scale1_shuffled_both,positive,all,yield,shuffled_both,0,1,scale1_shuffled_both
acid,38,31,True,1.6073082088757251,1.607432450664249,-7.72980488981112e-05,1.59375883886832,test_e1a,primary,p0f1,0.6888888888888889,7.39117713237647e-05,positive/all/chemistry/yield/shuffled_both/k5/p0f1/scale1_shuffled_both,positive,all,yield,shuffled_both,0,1,scale1_shuffled_both
acid,43,33,True,3.7684818114992704,3.766469671319567,0.0005339392042609,1.538346510946561,test_e1a,primary,p0f1,0.5833333333333334,0.0005287334836598,positive/all/chemistry/yield/shuffled_both/k5/p0f1/scale1_shuffled_both,positive,all,yield,shuffled_both,0,1,scale1_shuffled_both
acid,51,2,False,1.4050458948369768,1.408397967914044,-0.002385739205662,1.4486685400923995,test_e1a,primary,p0f1,0.4,0.0001470711636294,positive/all/chemistry/yield/shuffled_both/k5/p0f1/scale1_shuffled_both,positive,all,yield,shuffled_both,0,1,scale1_shuffled_both
acid,52,36,True,2.634377833372751,2.632741255890396,0.0006212387082908,1.3528889744458532,test_e1a,primary,p0f1,0.6041666666666666,0.000411157699456,positive/all/chemistry/yield/shuffled_both/k5/p0f1/scale1_shuffled_both,positive,all,yield,shuffled_both,0,1,scale1_shuffled_both
acid,53,9,True,1.4256156766354846,1.426261604629389,-0.0004530870447698,1.6228987378974369,test_e1a,primary,p0f1,0.6666666666666666,-0.0004251275995004,positive/all/chemistry/yield/shuffled_both/k5/p0f1/scale1_shuffled_both,positive,all,yield,shuffled_both,0,1,scale1_shuffled_both
acid,62,41,True,2.3764673087978383,2.374520360750685,0.0008192614474206,1.531363649738366,test_e1a,primary,p0f1,0.603448275862069,-0.0003911239143818,positive/all/chemistry/yield/shuffled_both/k5/p0f1/scale1_shuffled_both,positive,all,yield,shuffled_both,0,1,scale1_shuffled_both
acid,68,59,True,2.5699109318772972,2.5706339625084365,-0.0002813446264502,1.892288789339638,test_e1a,primary,p0f1,0.3148148148148148,-0.0002660075505949,positive/all/chemistry/yield/shuffled_both/k5/p0f1/scale1_shuffled_both,positive,all,yield,shuffled_both,0,1,scale1_shuffled_both
acid,69,30,True,10.101561315292646,10.106672611910453,-0.0005059907531392,1.3987091663538578,test_e1a,primary,p0f1,0.6666666666666666,-0.0005435998974663,positive/all/chemistry/yield/shuffled_both/k5/p0f1/scale1_shuffled_both,positive,all,yield,shuffled_both,0,1,scale1_shuffled_both
acid,71,49,True,1.9391724060566824,1.939324104925614,-7.822866520657001e-05,1.7207047644792468,test_e1a,primary,p0f1,0.3636363636363636,-0.0002034841462306,positive/all/chemistry/yield/shuffled_both/k5/p0f1/scale1_shuffled_both,positive,all,yield,shuffled_both,0,1,scale1_shuffled_both
acid,73,110,True,3.733892513876002,3.734349380834459,-0.0001223567515025,2.1976409392711047,test_e1a,primary,p0f1,0.2272727272727272,-0.0001869190070908,positive/all/chemistry/yield/shuffled_both/k5/p0f1/scale1_shuffled_both,positive,all,yield,shuffled_both,0,1,scale1_shuffled_both
acid,76,38,True,0.9323678713797272,0.9324014975824512,-3.606538122591374e-05,1.3108488430761636,test_e1a,primary,p0f1,0.6382978723404256,0.0001845979732454,positive/all/chemistry/yield/shuffled_both/k5/p0f1/scale1_shuffled_both,positive,all,yield,shuffled_both,0,1,scale1_shuffled_both
acid,77,34,True,2.068315525233586,2.069220548361736,-0.0004375653120176,1.832951469339656,test_e1a,primary,p0f1,0.3636363636363636,0.0001353656848739,positive/all/chemistry/yield/shuffled_both/k5/p0f1/scale1_shuffled_both,positive,all,yield,shuffled_both,0,1,scale1_shuffled_both
acid,87,28,True,9.243112261953376,9.247135425873822,-0.0004352607440469,2.44467218169861,test_e1a,primary,p0f1,0.5609756097560976,-0.0003820979909707,positive/all/chemistry/yield/shuffled_both/k5/p0f1/scale1_shuffled_both,positive,all,yield,shuffled_both,0,1,scale1_shuffled_both
acid,90,16,True,2.775841559575448,2.7781299045513577,-0.0008243788151438,1.3213192501632818,test_e1a,primary,p0f1,0.4814814814814814,-0.0003095139959823,positive/all/chemistry/yield/shuffled_both/k5/p0f1/scale1_shuffled_both,positive,all,yield,shuffled_both,0,1,scale1_shuffled_both
acid,91,8,True,2.995798898738811,2.9976924242196565,-0.0006320602766902,2.0718765365532916,test_e1a,primary,p0f1,0.3243243243243243,-0.0003687728451653,positive/all/chemistry/yield/shuffled_both/k5/p0f1/scale1_shuffled_both,positive,all,yield,shuffled_both,0,1,scale1_shuffled_both
acid,107,14,True,5.933366609336516,5.935992742942612,-0.0004426043052798,2.0940005138865385,test_e1a,primary,p0f1,0.2631578947368421,-0.0002524693515417,positive/all/chemistry/yield/shuffled_both/k5/p0f1/scale1_shuffled_both,positive,all,yield,shuffled_both,0,1,scale1_shuffled_both
acid,109,4,True,1.4236125823210262,1.4249327354119812,-0.0009273260909248,1.7137056425325992,test_e1a,primary,p0f1,0.3333333333333333,-0.0002545869972789,positive/all/chemistry/yield/shuffled_both/k5/p0f1/scale1_shuffled_both,positive,all,yield,shuffled_both,0,1,scale1_shuffled_both
acid,111,10,True,2.9537630555997874,2.9517087662806056,0.0006954820953858,1.9536646709440793,test_e1a,primary,p0f1,0.2325581395348837,-0.000320527182088,positive/all/chemistry/yield/shuffled_both/k5/p0f1/scale1_shuffled_both,positive,all,yield,shuffled_both,0,1,scale1_shuffled_both
acid,115,2,False,0.5459960565172337,0.5481742827998833,-0.0039894542399152,0.808729974819014,test_e1a,primary,p0f1,0.4146341463414634,0.002154042757257,positive/all/chemistry/yield/shuffled_both/k5/p0f1/scale1_shuffled_both,positive,all,yield,shuffled_both,0,1,scale1_shuffled_both
acid,124,96,True,3.044940760477805,3.04817378966785,-0.0010617708009326,1.7274795092111404,test_e1a,primary,p0f1,0.4375,-0.0004582638304242,positive/all/chemistry/yield/shuffled_both/k5/p0f1/scale1_shuffled_both,positive,all,yield,shuffled_both,0,1,scale1_shuffled_both
acid,137,4,True,0.6394072839746652,0.6408187297570901,-0.0022074283759345,0.71810222751513,test_e1a,primary,p0f1,0.5490196078431373,-0.0019303343344097,positive/all/chemistry/yield/shuffled_both/k5/p0f1/scale1_shuffled_both,positive,all,yield,shuffled_both,0,1,scale1_shuffled_both
acid,151,20,True,2.273926512688753,2.2761618185153387,-0.0009830158600607,1.5481745734587042,test_e1a,primary,p0f1,0.4242424242424242,-0.0004498380215003,positive/all/chemistry/yield/shuffled_both/k5/p0f1/scale1_shuffled_both,positive,all,yield,shuffled_both,0,1,scale1_shuffled_both
acid,152,4,True,0.8642322083035954,0.8647913994812482,-0.0006470381134606,1.521343801248542,test_e1a,primary,p0f1,0.7254901960784313,-0.0002777196682035,positive/all/chemistry/yield/shuffled_both/k5/p0f1/scale1_shuffled_both,positive,all,yield,shuffled_both,0,1,scale1_shuffled_both
acid,154,74,True,3.400469546114161,3.3990984897287744,0.0004031961959352,1.951332474526453,test_e1a,primary,p0f1,0.234375,0.000411748691005,positive/all/chemistry/yield/shuffled_both/k5/p0f1/scale1_shuffled_both,positive,all,yield,shuffled_both,0,1,scale1_shuffled_both
acid,160,7,True,1.8734104568261565,1.8713359534825689,0.00110734053823,1.4350144980865385,test_e1a,primary,p0f1,0.4821428571428571,0.0002749060775664,positive/all/chemistry/yield/shuffled_both/k5/p0f1/scale1_shuffled_both,positive,all,yield,shuffled_both,0,1,scale1_shuffled_both
acid,161,10,True,2.086090939754548,2.085186991335315,0.0004333216745284,1.543246493782561,test_e1a,primary,p0f1,0.6274509803921569,0.0003599449656731,positive/all/chemistry/yield/shuffled_both/k5/p0f1/scale1_shuffled_both,positive,all,yield,shuffled_both,0,1,scale1_shuffled_both
acid,167,4,True,3.8877926878261166,3.884111936571072,0.0009467457631087,1.6841038432568838,test_e1a,primary,p0f1,0.6551724137931034,-0.0003456907427599,positive/all/chemistry/yield/shuffled_both/k5/p0f1/scale1_shuffled_both,positive,all,yield,shuffled_both,0,1,scale1_shuffled_both
acid,177,57,True,5.319471746566509,5.309330250128258,0.0019064856289155,1.8223849645248549,test_e1a,primary,p0f1,0.7924528301886793,0.0006642158696728,positive/all/chemistry/yield/shuffled_both/k5/p0f1/scale1_shuffled_both,positive,all,yield,shuffled_both,0,1,scale1_shuffled_both
acid,179,28,True,2.0098462956835044,2.0076686693842407,0.0010834790222219,1.2763424192807282,test_e1a,primary,p0f1,0.7254901960784313,0.0006481534090659,positive/all/chemistry/yield/shuffled_both/k5/p0f1/scale1_shuffled_both,positive,all,yield,shuffled_both,0,1,scale1_shuffled_both
acid,180,10,True,9.853628071692944,9.8504861788542,0.0003188564471771,2.5064215294176724,test_e1a,primary,p0f1,0.7037037037037037,0.000471870469231,positive/all/chemistry/yield/shuffled_both/k5/p0f1/scale1_shuffled_both,positive,all,yield,shuffled_both,0,1,scale1_shuffled_both
acid,181,38,True,1.818433869665856,1.81720099648646,0.0006779862605742,1.491049036240444,test_e1a,primary,p0f1,0.6666666666666666,0.0004700494112676,positive/all/chemistry/yield/shuffled_both/k5/p0f1/scale1_shuffled_both,positive,all,yield,shuffled_both,0,1,scale1_shuffled_both
acid,185,37,True,4.931633701043899,4.9291516092337835,0.0005033001152519,1.9397165283472877,test_e1a,primary,p0f1,0.6296296296296297,0.0003675213775821,positive/all/chemistry/yield/shuffled_both/k5/p0f1/scale1_shuffled_both,positive,all,yield,shuffled_both,0,1,scale1_shuffled_both
acid,187,75,True,5.49111279893156,5.487788437893392,0.0006054075302942,1.5671020274716287,test_e1a,primary,p0f1,0.52,0.0005981082438397,positive/all/chemistry/yield/shuffled_both/k5/p0f1/scale1_shuffled_both,positive,all,yield,shuffled_both,0,1,scale1_shuffled_both
acid,192,45,True,2.6683265725668917,2.6675705976876065,0.0002833142266233,1.8318295953400496,test_e1a,primary,p0f1,0.3529411764705882,-2.6007997950827644e-06,positive/all/chemistry/yield/shuffled_both/k5/p0f1/scale1_shuffled_both,positive,all,yield,shuffled_both,0,1,scale1_shuffled_both
acid,199,2,False,0.0075301768018471,0.0072303088803379,0.0398221621351025,0.3713218528392381,test_e1a,primary,p0f1,0.9565217391304348,0.0011290744104897,positive/all/chemistry/yield/shuffled_both/k5/p0f1/scale1_shuffled_both,positive,all,yield,shuffled_both,0,1,scale1_shuffled_both
acid,217,20,True,1.3907132545723084,1.3892134679380086,0.0010784298124497,1.7863068303915908,test_e1a,primary,p0f1,0.3050847457627119,7.93622169432684e-05,positive/all/chemistry/yield/shuffled_both/k5/p0f1/scale1_shuffled_both,positive,all,yield,shuffled_both,0,1,scale1_shuffled_both
acid,228,38,True,1.3940631832440988,1.3951295809699036,-0.000764956523221,1.317828210038046,test_e1a,primary,p0f1,0.3611111111111111,-0.0002890656005789,positive/all/chemistry/yield/shuffled_both/k5/p0f1/scale1_shuffled_both,positive,all,yield,shuffled_both,0,1,scale1_shuffled_both
acid,237,6,True,4.099138971501557,4.10099187700373,-0.0004520230992544,1.9056033993049264,test_e1a,primary,p0f1,0.4390243902439024,-0.0007247066486482,positive/all/chemistry/yield/shuffled_both/k5/p0f1/scale1_shuffled_both,positive,all,yield,shuffled_both,0,1,scale1_shuffled_both
acid,242,8,True,2.1266232983822886,2.128213872399567,-0.00074793406923,1.5105620813533869,test_e1a,primary,p0f1,0.59375,-0.0002372965001322,positive/all/chemistry/yield/shuffled_both/k5/p0f1/scale1_shuffled_both,positive,all,yield,shuffled_both,0,1,scale1_shuffled_both
acid,246,10,True,1.1643003603169415,1.1650942493698395,-0.0006818593208044,1.7276657861455962,test_e1a,primary,p0f1,0.3823529411764705,0.0004836569473014,positive/all/chemistry/yield/shuffled_both/k5/p0f1/scale1_shuffled_both,positive,all,yield,shuffled_both,0,1,scale1_shuffled_both
acid,247,10,True,1.768218664738864,1.7673154359073664,0.0005108128590142,1.521937324808394,test_e1a,primary,p0f1,0.5,0.0005657356338953,positive/all/chemistry/yield/shuffled_both/k5/p0f1/scale1_shuffled_both,positive,all,yield,shuffled_both,0,1,scale1_shuffled_both
acid,251,21,True,1.6720722130622854,1.6719544666616148,7.041944704944125e-05,1.7869596218239834,test_e1a,primary,p0f1,0.4516129032258064,0.0001512020279186,positive/all/chemistry/yield/shuffled_both/k5/p0f1/scale1_shuffled_both,positive,all,yield,shuffled_both,0,1,scale1_shuffled_both
acid,265,18,True,1.6804441150430216,1.679821089021978,0.0003707508125181,1.382122858779799,test_e1a,primary,p0f1,0.3191489361702128,-0.0004125295441619,positive/all/chemistry/yield/shuffled_both/k5/p0f1/scale1_shuffled_both,positive,all,yield,shuffled_both,0,1,scale1_shuffled_both
acid,271,9,True,2.7407093479088243,2.738364881696467,0.0008554231458896,1.4210277678509708,test_e1a,primary,p0f1,0.5172413793103449,3.5082169655864526e-05,positive/all/chemistry/yield/shuffled_both/k5/p0f1/scale1_shuffled_both,positive,all,yield,shuffled_both,0,1,scale1_shuffled_both
amine,3,29,True,3.2289974771550756,3.2318225674867476,-0.0008749125236731,1.3595412733539731,test_e1n,primary,p0f1,0.4078947368421052,-0.0005384087451145,positive/all/chemistry/yield/shuffled_both/k5/p0f1/scale1_shuffled_both,positive,all,yield,shuffled_both,0,1,scale1_shuffled_both
amine,4,10,True,2.3000609320274292,2.30080492476522,-0.0003234665340519,1.963483942160096,test_e1n,primary,p0f1,0.25,-0.0002521885132473,positive/all/chemistry/yield/shuffled_both/k5/p0f1/scale1_shuffled_both,positive,all,yield,shuffled_both,0,1,scale1_shuffled_both
amine,11,102,True,2.379585123089156,2.3781233799274197,0.0006142848799787,1.601975360337062,test_e1n,primary,p0f1,0.2647058823529412,0.0002969635828737,positive/all/chemistry/yield/shuffled_both/k5/p0f1/scale1_shuffled_both,positive,all,yield,shuffled_both,0,1,scale1_shuffled_both
amine,17,10,True,2.022570917240017,2.023305650339319,-0.0003632669159037,2.0385428339256366,test_e1n,primary,p0f1,0.2131147540983606,0.0001610808214664,positive/all/chemistry/yield/shuffled_both/k5/p0f1/scale1_shuffled_both,positive,all,yield,shuffled_both,0,1,scale1_shuffled_both
amine,20,41,True,2.233224771667052,2.2326788396489947,0.000244459055346,1.8043719368968385,test_e1n,primary,p0f1,0.4473684210526316,0.0002848178900968,positive/all/chemistry/yield/shuffled_both/k5/p0f1/scale1_shuffled_both,positive,all,yield,shuffled_both,0,1,scale1_shuffled_both
amine,27,19,True,0.890933847448215,0.8928376229494625,-0.002136831490576,1.4913552991604395,test_e1n,primary,p0f1,0.4358974358974359,0.0002723165708802,positive/all/chemistry/yield/shuffled_both/k5/p0f1/scale1_shuffled_both,positive,all,yield,shuffled_both,0,1,scale1_shuffled_both
amine,30,10,True,1.9248070813260412,1.9250088443298048,-0.0001048224550508,2.084958506792771,test_e1n,primary,p0f1,0.24,0.0001007635556322,positive/all/chemistry/yield/shuffled_both/k5/p0f1/scale1_shuffled_both,positive,all,yield,shuffled_both,0,1,scale1_shuffled_both
amine,34,10,True,1.6861376529106509,1.6844078951097263,0.0010258698617745,1.3687651613642666,test_e1n,primary,p0f1,0.3513513513513513,0.0001028837126102,positive/all/chemistry/yield/shuffled_both/k5/p0f1/scale1_shuffled_both,positive,all,yield,shuffled_both,0,1,scale1_shuffled_both
amine,38,7,True,4.297204192313039,4.295607302247391,0.0003716113999201,2.0041351414186743,test_e1n,primary,p0f1,0.4772727272727273,0.0003209224773221,positive/all/chemistry/yield/shuffled_both/k5/p0f1/scale1_shuffled_both,positive,all,yield,shuffled_both,0,1,scale1_shuffled_both
amine,41,37,True,2.9559392048783177,2.955043542495042,0.0003030043316849,2.0794599027244383,test_e1n,primary,p0f1,0.3809523809523809,0.0001366639364376,positive/all/chemistry/yield/shuffled_both/k5/p0f1/scale1_shuffled_both,positive,all,yield,shuffled_both,0,1,scale1_shuffled_both
amine,48,8,True,1.0596882863766277,1.0587610064546198,0.0008750497046433,1.7896804932527384,test_e1n,primary,p0f1,0.2592592592592592,0.0001076135226395,positive/all/chemistry/yield/shuffled_both/k5/p0f1/scale1_shuffled_both,positive,all,yield,shuffled_both,0,1,scale1_shuffled_both
amine,57,8,True,3.2513764790938393,3.249890721279657,0.0004569627121729,1.464504901880754,test_e1n,primary,p0f1,0.44,0.0003737447431826,positive/all/chemistry/yield/shuffled_both/k5/p0f1/scale1_shuffled_both,positive,all,yield,shuffled_both,0,1,scale1_shuffled_both
amine,59,34,True,7.27966586662146,7.283029709307743,-0.0004620875116956,2.433790798797626,test_e1n,primary,p0f1,0.71875,-0.0002310715029121,positive/all/chemistry/yield/shuffled_both/k5/p0f1/scale1_shuffled_both,positive,all,yield,shuffled_both,0,1,scale1_shuffled_both
amine,60,10,True,4.310340825817498,4.308987187597901,0.0003140443585085,2.6069413766885856,test_e1n,primary,p0f1,0.1724137931034483,0.0001371966324092,positive/all/chemistry/yield/shuffled_both/k5/p0f1/scale1_shuffled_both,positive,all,yield,shuffled_both,0,1,scale1_shuffled_both
amine,83,16,True,5.8170628266481375,5.814794475447623,0.0003899478599618,1.9483517713032563,test_e1n,primary,p0f1,0.53125,0.0004660656501318,positive/all/chemistry/yield/shuffled_both/k5/p0f1/scale1_shuffled_both,positive,all,yield,shuffled_both,0,1,scale1_shuffled_both
amine,85,10,True,1.1827784017089074,1.1836264876726292,-0.0007170286187982,1.2049539276876382,test_e1n,primary,p0f1,0.238095238095238,-0.0003795698067401,positive/all/chemistry/yield/shuffled_both/k5/p0f1/scale1_shuffled_both,positive,all,yield,shuffled_both,0,1,scale1_shuffled_both
amine,87,1,False,0.2896537815679409,0.289380799927124,0.0009424411424537,,test_e1n,primary,p0f1,0.3414634146341463,-0.0036776814561962,positive/all/chemistry/yield/shuffled_both/k5/p0f1/scale1_shuffled_both,positive,all,yield,shuffled_both,0,1,scale1_shuffled_both
amine,90,29,True,1.974933778960901,1.9737919031406337,0.0005781843586007,1.092835791477198,test_e1n,primary,p0f1,0.3414634146341463,0.0007028670599172,positive/all/chemistry/yield/shuffled_both/k5/p0f1/scale1_shuffled_both,positive,all,yield,shuffled_both,0,1,scale1_shuffled_both
amine,104,10,True,1.4195701408886312,1.4179279109529683,0.0011568501536914,1.0979923978354311,test_e1n,primary,p0f1,0.2564102564102564,0.00038829209993,positive/all/chemistry/yield/shuffled_both/k5/p0f1/scale1_shuffled_both,positive,all,yield,shuffled_both,0,1,scale1_shuffled_both
amine,106,78,True,1.4643667384716552,1.46510818525086,-0.0005063258811646,1.4137732378666958,test_e1n,primary,p0f1,0.3333333333333333,3.4146461989070787e-06,positive/all/chemistry/yield/shuffled_both/k5/p0f1/scale1_shuffled_both,positive,all,yield,shuffled_both,0,1,scale1_shuffled_both
amine,107,35,True,3.155279338036898,3.1525183450412646,0.0008750391644727,1.4476567480211386,test_e1n,primary,p0f1,0.3157894736842105,0.0006117315293733,positive/all/chemistry/yield/shuffled_both/k5/p0f1/scale1_shuffled_both,positive,all,yield,shuffled_both,0,1,scale1_shuffled_both
amine,118,63,True,2.804434045067434,2.8055660137001697,-0.0004036353198346,1.6353822873532795,test_e1n,primary,p0f1,0.2972972972972973,-0.0004086645143193,positive/all/chemistry/yield/shuffled_both/k5/p0f1/scale1_shuffled_both,positive,all,yield,shuffled_both,0,1,scale1_shuffled_both
amine,124,38,True,5.186336159323612,5.183714457811646,0.000505501655008,1.879048251639236,test_e1n,primary,p0f1,0.3478260869565217,0.0003638766748612,positive/all/chemistry/yield/shuffled_both/k5/p0f1/scale1_shuffled_both,positive,all,yield,shuffled_both,0,1,scale1_shuffled_both
amine,125,14,True,3.8200736960738313,3.8224612489421568,-0.0006250017822377,2.285825271836562,test_e1n,primary,p0f1,0.3404255319148936,-0.0002363582642808,positive/all/chemistry/yield/shuffled_both/k5/p0f1/scale1_shuffled_both,positive,all,yield,shuffled_both,0,1,scale1_shuffled_both
amine,128,35,True,1.4039074655959556,1.40491781848099,-0.0007196719939128,1.107482379253193,test_e1n,primary,p0f1,0.2545454545454545,-0.0008176878190511,positive/all/chemistry/yield/shuffled_both/k5/p0f1/scale1_shuffled_both,positive,all,yield,shuffled_both,0,1,scale1_shuffled_both
amine,135,29,True,1.8043380579801016,1.8058520366751676,-0.0008390770722648,1.5314920576135127,test_e1n,primary,p0f1,0.1904761904761904,-9.568705764495532e-05,positive/all/chemistry/yield/shuffled_both/k5/p0f1/scale1_shuffled_both,positive,all,yield,shuffled_both,0,1,scale1_shuffled_both
amine,137,30,True,2.6877731557260076,2.6898335909106574,-0.000766595640804,1.3528659977366948,test_e1n,primary,p0f1,0.1578947368421052,-0.0003334406210753,positive/all/chemistry/yield/shuffled_both/k5/p0f1/scale1_shuffled_both,positive,all,yield,shuffled_both,0,1,scale1_shuffled_both
amine,138,10,True,2.3445079353595766,2.344468817994953,1.668467998483525e-05,2.122757864798938,test_e1n,primary,p0f1,0.1707317073170731,-9.593055537182592e-05,positive/all/chemistry/yield/shuffled_both/k5/p0f1/scale1_shuffled_both,positive,all,yield,shuffled_both,0,1,scale1_shuffled_both
amine,139,67,True,3.4098829694432347,3.411403793068242,-0.0004460046396419,1.7703974478805269,test_e1n,primary,p0f1,0.2307692307692307,-0.0004616234903638,positive/all/chemistry/yield/shuffled_both/k5/p0f1/scale1_shuffled_both,positive,all,yield,shuffled_both,0,1,scale1_shuffled_both
amine,141,41,True,2.176799648127067,2.177452705451308,-0.0003000080070771,1.7982734970214724,test_e1n,primary,p0f1,0.3793103448275862,-0.0001325426363274,positive/all/chemistry/yield/shuffled_both/k5/p0f1/scale1_shuffled_both,positive,all,yield,shuffled_both,0,1,scale1_shuffled_both
amine,142,9,True,0.8014889969344697,0.801259881136409,0.0002858626867455,1.5268721230486215,test_e1n,primary,p0f1,0.1702127659574468,1.1216786597656458e-05,positive/all/chemistry/yield/shuffled_both/k5/p0f1/scale1_shuffled_both,positive,all,yield,shuffled_both,0,1,scale1_shuffled_both
amine,153,18,True,3.6353053177864463,3.6368104983009726,-0.0004140451442031,1.891082677801095,test_e1n,primary,p0f1,0.1538461538461538,8.115857165891249e-05,positive/all/chemistry/yield/shuffled_both/k5/p0f1/scale1_shuffled_both,positive,all,yield,shuffled_both,0,1,scale1_shuffled_both
amine,157,10,True,7.514145076055984,7.516629675095518,-0.0003306562508955,2.746077086012383,test_e1n,primary,p0f1,0.1780821917808219,-0.0001475503222916,positive/all/chemistry/yield/shuffled_both/k5/p0f1/scale1_shuffled_both,positive,all,yield,shuffled_both,0,1,scale1_shuffled_both
amine,174,2,False,1.4143119000098512,1.4174303156711208,-0.0022048995424897,0.3970786263540737,test_e1n,primary,p0f1,0.1612903225806451,-0.0003014301778048,positive/all/chemistry/yield/shuffled_both/k5/p0f1/scale1_shuffled_both,positive,all,yield,shuffled_both,0,1,scale1_shuffled_both
amine,177,82,True,2.1936458883972794,2.1926221841980618,0.0004666679360749,1.7471004795071954,test_e1n,primary,p0f1,0.4411764705882353,0.0001411890958116,positive/all/chemistry/yield/shuffled_both/k5/p0f1/scale1_shuffled_both,positive,all,yield,shuffled_both,0,1,scale1_shuffled_both
amine,179,49,True,1.727435217265854,1.7277360855503054,-0.0001741705167546,2.017205556538345,test_e1n,primary,p0f1,0.1923076923076923,-1.4772025390907828e-05,positive/all/chemistry/yield/shuffled_both/k5/p0f1/scale1_shuffled_both,positive,all,yield,shuffled_both,0,1,scale1_shuffled_both
amine,181,10,True,1.0677422831023975,1.06743081532667,0.0002917068853192,1.513646112874938,test_e1n,primary,p0f1,0.2608695652173913,0.0001477619736192,positive/all/chemistry/yield/shuffled_both/k5/p0f1/scale1_shuffled_both,positive,all,yield,shuffled_both,0,1,scale1_shuffled_both
amine,184,9,True,5.361724647631181,5.365002016558774,-0.0006112527485053,1.2115668494434702,test_e1n,primary,p0f1,0.2142857142857142,-0.0004126660245487,positive/all/chemistry/yield/shuffled_both/k5/p0f1/scale1_shuffled_both,positive,all,yield,shuffled_both,0,1,scale1_shuffled_both
amine,187,44,True,6.918759129730153,6.919897560419503,-0.0001645426106045,2.5327450955872015,test_e1n,primary,p0f1,0.1896551724137931,-7.883433672595253e-05,positive/all/chemistry/yield/shuffled_both/k5/p0f1/scale1_shuffled_both,positive,all,yield,shuffled_both,0,1,scale1_shuffled_both
amine,191,46,True,2.243320006884623,2.242615274399082,0.0003141471049061,1.420016028873219,test_e1n,primary,p0f1,0.2142857142857142,0.0003258342742513,positive/all/chemistry/yield/shuffled_both/k5/p0f1/scale1_shuffled_both,positive,all,yield,shuffled_both,0,1,scale1_shuffled_both
amine,199,5,True,0.6958478922391459,0.6961794311551924,-0.0004764531440624,1.148387766615309,test_e1n,primary,p0f1,0.3333333333333333,0.0003516885756116,positive/all/chemistry/yield/shuffled_both/k5/p0f1/scale1_shuffled_both,positive,all,yield,shuffled_both,0,1,scale1_shuffled_both
amine,203,26,True,2.919679053062961,2.91786347021373,0.0006218432972372,1.3639377550616794,test_e1n,primary,p0f1,0.4067796610169492,0.0005809420098145,positive/all/chemistry/yield/shuffled_both/k5/p0f1/scale1_shuffled_both,positive,all,yield,shuffled_both,0,1,scale1_shuffled_both
amine,205,22,True,2.0800698155205146,2.07911665961229,0.0004582326521507,1.3516777611913997,test_e1n,primary,p0f1,0.509090909090909,0.000587652209355,positive/all/chemistry/yield/shuffled_both/k5/p0f1/scale1_shuffled_both,positive,all,yield,shuffled_both,0,1,scale1_shuffled_both
amine,209,82,True,10.859954707137216,10.86432729033333,-0.0004026336494056,2.1195954734904596,test_e1n,primary,p0f1,0.4,-0.0004201333712749,positive/all/chemistry/yield/shuffled_both/k5/p0f1/scale1_shuffled_both,positive,all,yield,shuffled_both,0,1,scale1_shuffled_both
amine,218,10,True,5.3813704028677245,5.383934639427276,-0.0004765025202846,1.5703273994081912,test_e1n,primary,p0f1,0.46875,-0.0002903612517417,positive/all/chemistry/yield/shuffled_both/k5/p0f1/scale1_shuffled_both,positive,all,yield,shuffled_both,0,1,scale1_shuffled_both
amine,222,27,True,1.538462551249009,1.5396949891936922,-0.0008010841366807,1.4332261881214698,test_e1n,primary,p0f1,0.3928571428571428,-0.0005059085698495,positive/all/chemistry/yield/shuffled_both/k5/p0f1/scale1_shuffled_both,positive,all,yield,shuffled_both,0,1,scale1_shuffled_both
amine,225,128,True,6.402066362288087,6.402723418612781,-0.0001026319140589,1.5325705513604324,test_e1n,primary,p0f1,0.196078431372549,-0.0005021636082234,positive/all/chemistry/yield/shuffled_both/k5/p0f1/scale1_shuffled_both,positive,all,yield,shuffled_both,0,1,scale1_shuffled_both
acid,0,21,True,1.4890841841995024,1.4761050286436308,0.0087161999929835,1.5730309550918449,test_e1a,primary,p0f2,0.46875,-0.1228334481296204,positive/all/chemistry/yield/shuffled_both/k5/p0f2/scale1_shuffled_both,positive,all,yield,shuffled_both,0,2,scale1_shuffled_both
acid,1,9,True,8.092763931646248,7.404416968279719,0.0850570916414342,1.4903125153373105,test_e1a,primary,p0f2,0.1612903225806451,0.1199731729993132,positive/all/chemistry/yield/shuffled_both/k5/p0f2/scale1_shuffled_both,positive,all,yield,shuffled_both,0,2,scale1_shuffled_both
acid,2,70,True,1.6174446290625757,1.4147263188529078,0.1253324574870656,1.6274928395911503,test_e1a,primary,p0f2,0.1612903225806451,0.0767982722499288,positive/all/chemistry/yield/shuffled_both/k5/p0f2/scale1_shuffled_both,positive,all,yield,shuffled_both,0,2,scale1_shuffled_both
acid,3,34,True,1.7572003252674464,1.953932096839649,-0.1119575091942119,1.381832717973056,test_e1a,primary,p0f2,0.75,-0.1211889299030697,positive/all/chemistry/yield/shuffled_both/k5/p0f2/scale1_shuffled_both,positive,all,yield,shuffled_both,0,2,scale1_shuffled_both
acid,10,34,True,2.673716005729711,2.9076263767791524,-0.0874851220354655,1.7654812906964912,test_e1a,primary,p0f2,0.3783783783783784,-0.0294974323458823,positive/all/chemistry/yield/shuffled_both/k5/p0f2/scale1_shuffled_both,positive,all,yield,shuffled_both,0,2,scale1_shuffled_both
acid,13,2,False,8.266344549364685,6.4815245482959085,0.2159140585551748,0.0753129944799176,test_e1a,primary,p0f2,0.3333333333333333,0.1092451032897793,positive/all/chemistry/yield/shuffled_both/k5/p0f2/scale1_shuffled_both,positive,all,yield,shuffled_both,0,2,scale1_shuffled_both
acid,14,28,True,2.1321887326458344,1.9597394886263404,0.0808789772589697,1.5174565656478285,test_e1a,primary,p0f2,0.4411764705882353,0.0193384618752331,positive/all/chemistry/yield/shuffled_both/k5/p0f2/scale1_shuffled_both,positive,all,yield,shuffled_both,0,2,scale1_shuffled_both
acid,26,41,True,2.6283113782558067,1.9815861301093152,0.2460611225507343,1.4259175767607408,test_e1a,primary,p0f2,0.4651162790697674,0.131189993272756,positive/all/chemistry/yield/shuffled_both/k5/p0f2/scale1_shuffled_both,positive,all,yield,shuffled_both,0,2,scale1_shuffled_both
acid,41,8,True,1.0572670863153288,1.2422059382005173,-0.1749216014372649,1.142112812218864,test_e1a,primary,p0f2,0.5769230769230769,0.0314575530154144,positive/all/chemistry/yield/shuffled_both/k5/p0f2/scale1_shuffled_both,positive,all,yield,shuffled_both,0,2,scale1_shuffled_both
acid,42,34,True,2.2660677101215394,2.806866160818058,-0.2386506141369946,1.2929008848695775,test_e1a,primary,p0f2,0.6595744680851063,-0.1483082746566444,positive/all/chemistry/yield/shuffled_both/k5/p0f2/scale1_shuffled_both,positive,all,yield,shuffled_both,0,2,scale1_shuffled_both
acid,44,27,True,3.639570374991956,4.005285950557722,-0.1004831718816741,1.6543192258831243,test_e1a,primary,p0f2,0.6875,-0.1214208707621053,positive/all/chemistry/yield/shuffled_both/k5/p0f2/scale1_shuffled_both,positive,all,yield,shuffled_both,0,2,scale1_shuffled_both
acid,61,2,False,4.075010834190928,4.593712195734011,-0.1272883392581381,1.5491680810137058,test_e1a,primary,p0f2,0.5873015873015873,-0.1820156115305269,positive/all/chemistry/yield/shuffled_both/k5/p0f2/scale1_shuffled_both,positive,all,yield,shuffled_both,0,2,scale1_shuffled_both
acid,64,27,True,2.0689269476568724,2.0740643813183004,-0.0024831392269535,1.6904804072335178,test_e1a,primary,p0f2,0.7111111111111111,-0.0452252666251453,positive/all/chemistry/yield/shuffled_both/k5/p0f2/scale1_shuffled_both,positive,all,yield,shuffled_both,0,2,scale1_shuffled_both
acid,72,72,True,2.891947192404075,2.970513686922464,-0.02716733373443,1.7247523032175798,test_e1a,primary,p0f2,0.1875,-0.0541312148432047,positive/all/chemistry/yield/shuffled_both/k5/p0f2/scale1_shuffled_both,positive,all,yield,shuffled_both,0,2,scale1_shuffled_both
acid,84,21,True,2.331824318305011,2.6734721656998413,-0.146515260482047,1.4520449005370004,test_e1a,primary,p0f2,0.6585365853658537,-0.1356030642447918,positive/all/chemistry/yield/shuffled_both/k5/p0f2/scale1_shuffled_both,positive,all,yield,shuffled_both,0,2,scale1_shuffled_both
acid,92,7,True,5.370392342913596,4.0439885215813165,0.246984528622478,1.9034880509143088,test_e1a,primary,p0f2,0.3428571428571428,0.1162341776602863,positive/all/chemistry/yield/shuffled_both/k5/p0f2/scale1_shuffled_both,positive,all,yield,shuffled_both,0,2,scale1_shuffled_both
acid,94,2,False,0.8887298460721386,1.240547460003413,-0.3958656452083609,0.1580621395060847,test_e1a,primary,p0f2,0.4893617021276595,-0.3943062013100298,positive/all/chemistry/yield/shuffled_both/k5/p0f2/scale1_shuffled_both,positive,all,yield,shuffled_both,0,2,scale1_shuffled_both
acid,99,2,False,1.4854924476517617,1.7319062391494933,-0.1658802048352772,1.196422173630048,test_e1a,primary,p0f2,0.4090909090909091,-0.3309122837062754,positive/all/chemistry/yield/shuffled_both/k5/p0f2/scale1_shuffled_both,positive,all,yield,shuffled_both,0,2,scale1_shuffled_both
acid,110,13,True,6.24645987357806,5.541030480123677,0.1129326703015068,1.570578735650927,test_e1a,primary,p0f2,0.2857142857142857,0.1338206665526982,positive/all/chemistry/yield/shuffled_both/k5/p0f2/scale1_shuffled_both,positive,all,yield,shuffled_both,0,2,scale1_shuffled_both
acid,117,48,True,2.9267136049795326,2.231078614656988,0.2376846812544233,1.2819913878455915,test_e1a,primary,p0f2,0.3214285714285714,0.0967823361998796,positive/all/chemistry/yield/shuffled_both/k5/p0f2/scale1_shuffled_both,positive,all,yield,shuffled_both,0,2,scale1_shuffled_both
acid,123,2,False,0.9533927010975932,1.1019851106838017,-0.1558564581154662,1.6701000093233198,test_e1a,primary,p0f2,0.2727272727272727,0.1679281119642538,positive/all/chemistry/yield/shuffled_both/k5/p0f2/scale1_shuffled_both,positive,all,yield,shuffled_both,0,2,scale1_shuffled_both
acid,126,66,True,5.660506868407833,5.183522364074022,0.0842653344342598,1.947100637439976,test_e1a,primary,p0f2,0.3877551020408163,0.0903872529920745,positive/all/chemistry/yield/shuffled_both/k5/p0f2/scale1_shuffled_both,positive,all,yield,shuffled_both,0,2,scale1_shuffled_both
acid,131,25,True,4.126221140864696,3.4774710385327436,0.1572262077538576,1.5282679063774307,test_e1a,primary,p0f2,0.5142857142857142,0.0988550701945848,positive/all/chemistry/yield/shuffled_both/k5/p0f2/scale1_shuffled_both,positive,all,yield,shuffled_both,0,2,scale1_shuffled_both
acid,132,8,True,4.925172165710144,5.067581055540732,-0.0289144998467387,2.1570290987991,test_e1a,primary,p0f2,0.5925925925925926,-0.0718151245607026,positive/all/chemistry/yield/shuffled_both/k5/p0f2/scale1_shuffled_both,positive,all,yield,shuffled_both,0,2,scale1_shuffled_both
acid,134,13,True,3.313223547303099,3.3029160551073486,0.0031110162198806,2.280457553846395,test_e1a,primary,p0f2,0.3783783783783784,0.0134165259294168,positive/all/chemistry/yield/shuffled_both/k5/p0f2/scale1_shuffled_both,positive,all,yield,shuffled_both,0,2,scale1_shuffled_both
acid,139,2,False,6.751942970069719,5.4203575820415,0.1972151414683037,0.5761081238727696,test_e1a,primary,p0f2,0.6909090909090909,0.1176271230660458,positive/all/chemistry/yield/shuffled_both/k5/p0f2/scale1_shuffled_both,positive,all,yield,shuffled_both,0,2,scale1_shuffled_both
acid,140,31,True,4.294565032398044,5.091037402038725,-0.1854605445795143,1.7459203008323998,test_e1a,primary,p0f2,0.6190476190476191,-0.1071459786547741,positive/all/chemistry/yield/shuffled_both/k5/p0f2/scale1_shuffled_both,positive,all,yield,shuffled_both,0,2,scale1_shuffled_both
acid,142,4,True,8.245215534643915,7.445658658196654,0.0969722226287188,4.583715273680552,test_e1a,primary,p0f2,0.1818181818181818,0.0641258143057308,positive/all/chemistry/yield/shuffled_both/k5/p0f2/scale1_shuffled_both,positive,all,yield,shuffled_both,0,2,scale1_shuffled_both
acid,146,17,True,4.980445443221048,3.678441551059363,0.2614231813208315,1.261775778734583,test_e1a,primary,p0f2,0.375,0.1318577253999299,positive/all/chemistry/yield/shuffled_both/k5/p0f2/scale1_shuffled_both,positive,all,yield,shuffled_both,0,2,scale1_shuffled_both
acid,150,37,True,5.273490088608489,5.639891441775187,-0.0694798600187336,2.261053853385117,test_e1a,primary,p0f2,0.5510204081632653,-0.0285193104171619,positive/all/chemistry/yield/shuffled_both/k5/p0f2/scale1_shuffled_both,positive,all,yield,shuffled_both,0,2,scale1_shuffled_both
acid,158,18,True,3.674824626088421,4.5519979843342755,-0.2386980189526868,1.38179637972381,test_e1a,primary,p0f2,0.2894736842105263,-0.1737005674762106,positive/all/chemistry/yield/shuffled_both/k5/p0f2/scale1_shuffled_both,positive,all,yield,shuffled_both,0,2,scale1_shuffled_both
acid,165,6,True,1.301177451594122,1.3006059246171735,0.0004392383039286,1.919077910426256,test_e1a,primary,p0f2,0.3695652173913043,-0.0960786248560654,positive/all/chemistry/yield/shuffled_both/k5/p0f2/scale1_shuffled_both,positive,all,yield,shuffled_both,0,2,scale1_shuffled_both
acid,168,2,False,0.9613309072183154,1.3002041382156857,-0.3525042505685434,0.2885286128904946,test_e1a,primary,p0f2,0.6382978723404256,-0.3673902587965345,positive/all/chemistry/yield/shuffled_both/k5/p0f2/scale1_shuffled_both,positive,all,yield,shuffled_both,0,2,scale1_shuffled_both
acid,169,35,True,1.9623044258268891,1.933723339931158,0.0145650621379439,1.6285419101933811,test_e1a,primary,p0f2,0.6415094339622641,-0.0884264992667134,positive/all/chemistry/yield/shuffled_both/k5/p0f2/scale1_shuffled_both,positive,all,yield,shuffled_both,0,2,scale1_shuffled_both
acid,183,27,True,2.9659462594356656,3.327238345359562,-0.1218134296177844,1.678371806583746,test_e1a,primary,p0f2,0.6666666666666666,-0.1273668547462927,positive/all/chemistry/yield/shuffled_both/k5/p0f2/scale1_shuffled_both,positive,all,yield,shuffled_both,0,2,scale1_shuffled_both
acid,184,76,True,4.108439885454206,4.625459634228359,-0.1258433281705409,1.6389140472399146,test_e1a,primary,p0f2,0.3695652173913043,-0.1336415488070059,positive/all/chemistry/yield/shuffled_both/k5/p0f2/scale1_shuffled_both,positive,all,yield,shuffled_both,0,2,scale1_shuffled_both
acid,197,30,True,1.402521767573178,1.567794698531196,-0.1178398330629793,1.559507929145226,test_e1a,primary,p0f2,0.6785714285714286,-0.0164816410237271,positive/all/chemistry/yield/shuffled_both/k5/p0f2/scale1_shuffled_both,positive,all,yield,shuffled_both,0,2,scale1_shuffled_both
acid,203,4,True,3.968741235471715,3.2401050455146687,0.1835937761435945,1.3892855975715142,test_e1a,primary,p0f2,0.6,0.1018230280819977,positive/all/chemistry/yield/shuffled_both/k5/p0f2/scale1_shuffled_both,positive,all,yield,shuffled_both,0,2,scale1_shuffled_both
acid,205,15,True,5.049792518883171,4.112968571902738,0.1855173145188199,1.6259742604825942,test_e1a,primary,p0f2,0.5208333333333334,0.0886321844054659,positive/all/chemistry/yield/shuffled_both/k5/p0f2/scale1_shuffled_both,positive,all,yield,shuffled_both,0,2,scale1_shuffled_both
acid,206,119,True,2.9612407079570446,3.397163475953687,-0.1472095013503258,1.7595415466304027,test_e1a,primary,p0f2,0.3055555555555556,-0.056473529114305,positive/all/chemistry/yield/shuffled_both/k5/p0f2/scale1_shuffled_both,positive,all,yield,shuffled_both,0,2,scale1_shuffled_both
acid,231,22,True,4.4982508025070125,4.040577573575547,0.1017447112278377,2.0042523980766935,test_e1a,primary,p0f2,0.6285714285714286,0.0314872045307779,positive/all/chemistry/yield/shuffled_both/k5/p0f2/scale1_shuffled_both,positive,all,yield,shuffled_both,0,2,scale1_shuffled_both
acid,234,8,True,7.207707054314479,5.753235363332843,0.2017939519491154,2.2631874330999926,test_e1a,primary,p0f2,0.6764705882352942,0.0478950845194832,positive/all/chemistry/yield/shuffled_both/k5/p0f2/scale1_shuffled_both,positive,all,yield,shuffled_both,0,2,scale1_shuffled_both
acid,243,53,True,1.6953231704907772,2.0771995410846196,-0.2252528469149002,1.7776181566344005,test_e1a,primary,p0f2,0.3333333333333333,-0.0248935920073103,positive/all/chemistry/yield/shuffled_both/k5/p0f2/scale1_shuffled_both,positive,all,yield,shuffled_both,0,2,scale1_shuffled_both
acid,249,11,True,0.8267838423879432,0.9198652360775156,-0.112582502121391,1.297899300785318,test_e1a,primary,p0f2,0.3947368421052631,-0.0684346575659824,positive/all/chemistry/yield/shuffled_both/k5/p0f2/scale1_shuffled_both,positive,all,yield,shuffled_both,0,2,scale1_shuffled_both
acid,253,2,False,0.0728810325825879,0.1779791771251022,-1.4420507067242538,0.6675588640995291,test_e1a,primary,p0f2,0.76,-0.5359122379653096,positive/all/chemistry/yield/shuffled_both/k5/p0f2/scale1_shuffled_both,positive,all,yield,shuffled_both,0,2,scale1_shuffled_both
acid,256,7,True,8.39407078025639,7.279594999741347,0.1327694047012791,2.793049393290417,test_e1a,primary,p0f2,0.3636363636363636,0.0743988711958734,positive/all/chemistry/yield/shuffled_both/k5/p0f2/scale1_shuffled_both,positive,all,yield,shuffled_both,0,2,scale1_shuffled_both
acid,257,31,True,4.994506945862688,4.337660041475013,0.1315138634318626,1.697639285879896,test_e1a,primary,p0f2,0.4848484848484848,0.1096869035988705,positive/all/chemistry/yield/shuffled_both/k5/p0f2/scale1_shuffled_both,positive,all,yield,shuffled_both,0,2,scale1_shuffled_both
acid,258,37,True,2.88971390089054,3.6796756298122,-0.273370221418187,1.5562794859210354,test_e1a,primary,p0f2,0.5454545454545454,-0.1269812771342175,positive/all/chemistry/yield/shuffled_both/k5/p0f2/scale1_shuffled_both,positive,all,yield,shuffled_both,0,2,scale1_shuffled_both
acid,264,109,True,3.775216484375724,3.3130931057051827,0.1224097692365736,1.8787438996791883,test_e1a,primary,p0f2,0.2926829268292683,0.0832591835726589,positive/all/chemistry/yield/shuffled_both/k5/p0f2/scale1_shuffled_both,positive,all,yield,shuffled_both,0,2,scale1_shuffled_both
acid,267,10,True,1.0201289500318027,1.2128189968874166,-0.1888879311283213,1.1574547018697654,test_e1a,primary,p0f2,0.4857142857142857,-0.0851728757376999,positive/all/chemistry/yield/shuffled_both/k5/p0f2/scale1_shuffled_both,positive,all,yield,shuffled_both,0,2,scale1_shuffled_both
acid,268,10,True,4.16106877121406,4.31665284773145,-0.0373904121925856,1.6291673542227023,test_e1a,primary,p0f2,0.1935483870967742,-0.0047179249304381,positive/all/chemistry/yield/shuffled_both/k5/p0f2/scale1_shuffled_both,positive,all,yield,shuffled_both,0,2,scale1_shuffled_both
acid,269,4,True,9.753658022968091,8.76323038706263,0.1015442240822045,2.397837943558922,test_e1a,primary,p0f2,0.4242424242424242,0.0657753953931468,positive/all/chemistry/yield/shuffled_both/k5/p0f2/scale1_shuffled_both,positive,all,yield,shuffled_both,0,2,scale1_shuffled_both
acid,270,53,True,4.08624014866816,3.6683996090282287,0.1022555024760644,1.6220138982619878,test_e1a,primary,p0f2,0.1818181818181818,0.1147270657360677,positive/all/chemistry/yield/shuffled_both/k5/p0f2/scale1_shuffled_both,positive,all,yield,shuffled_both,0,2,scale1_shuffled_both
amine,12,10,True,2.3000001089162465,2.896736269865792,-0.2594504924744225,1.522823236958187,test_e1n,primary,p0f2,0.2340425531914893,-0.0899226885511625,positive/all/chemistry/yield/shuffled_both/k5/p0f2/scale1_shuffled_both,positive,all,yield,shuffled_both,0,2,scale1_shuffled_both
amine,22,10,True,3.469870600014411,4.036214785649265,-0.1632176674347747,1.827875675680072,test_e1n,primary,p0f2,0.2258064516129032,-0.036082970779367,positive/all/chemistry/yield/shuffled_both/k5/p0f2/scale1_shuffled_both,positive,all,yield,shuffled_both,0,2,scale1_shuffled_both
amine,24,85,True,2.2264146629477364,2.7048095623144084,-0.2148723269425854,1.6970878518879753,test_e1n,primary,p0f2,0.1228070175438596,-0.1287291515941817,positive/all/chemistry/yield/shuffled_both/k5/p0f2/scale1_shuffled_both,positive,all,yield,shuffled_both,0,2,scale1_shuffled_both
amine,29,11,True,1.7041746175291264,2.0594490619900796,-0.2084730289998473,1.580548289106342,test_e1n,primary,p0f2,0.3,-0.0736800885996731,positive/all/chemistry/yield/shuffled_both/k5/p0f2/scale1_shuffled_both,positive,all,yield,shuffled_both,0,2,scale1_shuffled_both
amine,31,10,True,3.471722426554943,2.630224145663466,0.242386394273609,1.9922259141036307,test_e1n,primary,p0f2,0.2058823529411764,0.0253983523967545,positive/all/chemistry/yield/shuffled_both/k5/p0f2/scale1_shuffled_both,positive,all,yield,shuffled_both,0,2,scale1_shuffled_both
amine,35,2,False,0.725395596196006,0.5392789399343312,0.2565726304897294,0.4962236800326199,test_e1n,primary,p0f2,0.303030303030303,0.526201029684553,positive/all/chemistry/yield/shuffled_both/k5/p0f2/scale1_shuffled_both,positive,all,yield,shuffled_both,0,2,scale1_shuffled_both
amine,37,7,True,2.057465762939062,2.3955062981440167,-0.1642994703941362,1.816593397566235,test_e1n,primary,p0f2,0.3,-0.0339132473341232,positive/all/chemistry/yield/shuffled_both/k5/p0f2/scale1_shuffled_both,positive,all,yield,shuffled_both,0,2,scale1_shuffled_both
amine,45,10,True,2.0917310665427524,2.054263660593451,0.0179121525460863,2.1948450760601945,test_e1n,primary,p0f2,0.1666666666666666,0.0178817200709274,positive/all/chemistry/yield/shuffled_both/k5/p0f2/scale1_shuffled_both,positive,all,yield,shuffled_both,0,2,scale1_shuffled_both
amine,52,89,True,2.2031184715525853,2.708978780181282,-0.2296110332515191,1.6921659358693706,test_e1n,primary,p0f2,0.3333333333333333,-0.1312502176234182,positive/all/chemistry/yield/shuffled_both/k5/p0f2/scale1_shuffled_both,positive,all,yield,shuffled_both,0,2,scale1_shuffled_both
amine,64,10,True,1.5381413562876567,1.7124279174503851,-0.1133098466212321,1.644796214260582,test_e1n,primary,p0f2,0.2666666666666666,-0.1410992651104514,positive/all/chemistry/yield/shuffled_both/k5/p0f2/scale1_shuffled_both,positive,all,yield,shuffled_both,0,2,scale1_shuffled_both
amine,69,64,True,1.9454914846342088,1.855609906437748,0.0461999340045223,1.4036851416041618,test_e1n,primary,p0f2,0.296875,-0.0094761656223001,positive/all/chemistry/yield/shuffled_both/k5/p0f2/scale1_shuffled_both,positive,all,yield,shuffled_both,0,2,scale1_shuffled_both
amine,71,12,True,2.520748581735184,2.5875855363980365,-0.0265147246921564,1.707847185102664,test_e1n,primary,p0f2,0.2575757575757575,0.0174545943504025,positive/all/chemistry/yield/shuffled_both/k5/p0f2/scale1_shuffled_both,positive,all,yield,shuffled_both,0,2,scale1_shuffled_both
amine,72,48,True,2.3912277325141367,2.4673296489492658,-0.0318254574419456,1.9014598415526176,test_e1n,primary,p0f2,0.34375,-0.0565413417919506,positive/all/chemistry/yield/shuffled_both/k5/p0f2/scale1_shuffled_both,positive,all,yield,shuffled_both,0,2,scale1_shuffled_both
amine,76,10,True,4.877334282946422,4.838816280643367,0.0078973472123354,2.6000066641772497,test_e1n,primary,p0f2,0.1818181818181818,0.0264711431960157,positive/all/chemistry/yield/shuffled_both/k5/p0f2/scale1_shuffled_both,positive,all,yield,shuffled_both,0,2,scale1_shuffled_both
amine,77,56,True,1.0959756787735997,1.2108266241962642,-0.1047933340557185,1.394476652894774,test_e1n,primary,p0f2,0.1538461538461538,-0.075846019057751,positive/all/chemistry/yield/shuffled_both/k5/p0f2/scale1_shuffled_both,positive,all,yield,shuffled_both,0,2,scale1_shuffled_both
amine,96,34,True,17.76834210558301,18.862122925717145,-0.0615578433617876,2.6489872581434217,test_e1n,primary,p0f2,0.2131147540983606,-0.1108041163674962,positive/all/chemistry/yield/shuffled_both/k5/p0f2/scale1_shuffled_both,positive,all,yield,shuffled_both,0,2,scale1_shuffled_both
amine,97,9,True,0.6045005064359138,0.6786071948244925,-0.1225916067887282,1.6415005974362793,test_e1n,primary,p0f2,0.15,0.062934933748745,positive/all/chemistry/yield/shuffled_both/k5/p0f2/scale1_shuffled_both,positive,all,yield,shuffled_both,0,2,scale1_shuffled_both
amine,98,8,True,9.153950141328668,8.3466448560952,0.0881920124939953,1.7207051556322928,test_e1n,primary,p0f2,0.2142857142857142,0.0974570302785371,positive/all/chemistry/yield/shuffled_both/k5/p0f2/scale1_shuffled_both,positive,all,yield,shuffled_both,0,2,scale1_shuffled_both
amine,103,28,True,5.09728115215946,4.51542357342939,0.1141505758385655,2.0209060295276045,test_e1n,primary,p0f2,0.2708333333333333,0.1280749787560874,positive/all/chemistry/yield/shuffled_both/k5/p0f2/scale1_shuffled_both,positive,all,yield,shuffled_both,0,2,scale1_shuffled_both
amine,105,101,True,2.0171853684230325,2.1271004984970063,-0.0544893552147376,1.8538969067403903,test_e1n,primary,p0f2,0.4,-0.0673772717608276,positive/all/chemistry/yield/shuffled_both/k5/p0f2/scale1_shuffled_both,positive,all,yield,shuffled_both,0,2,scale1_shuffled_both
amine,111,41,True,1.582957861412015,1.67695316996473,-0.059379539306795,1.587687889079717,test_e1n,primary,p0f2,0.3142857142857143,-0.1488401251401832,positive/all/chemistry/yield/shuffled_both/k5/p0f2/scale1_shuffled_both,positive,all,yield,shuffled_both,0,2,scale1_shuffled_both
amine,112,43,True,2.116890887213392,1.8428640428712,0.1294477887345966,1.4639430246476874,test_e1n,primary,p0f2,0.293103448275862,0.0851995404738883,positive/all/chemistry/yield/shuffled_both/k5/p0f2/scale1_shuffled_both,positive,all,yield,shuffled_both,0,2,scale1_shuffled_both
amine,113,104,True,2.836338642780625,2.3558297145687765,0.1694116918778,1.5056779854680231,test_e1n,primary,p0f2,0.22,0.1183783956349063,positive/all/chemistry/yield/shuffled_both/k5/p0f2/scale1_shuffled_both,positive,all,yield,shuffled_both,0,2,scale1_shuffled_both
amine,116,4,True,1.4878821487150935,2.256133456994577,-0.5163388168497953,1.3190509158934118,test_e1n,primary,p0f2,0.2549019607843137,-0.1435831846313735,positive/all/chemistry/yield/shuffled_both/k5/p0f2/scale1_shuffled_both,positive,all,yield,shuffled_both,0,2,scale1_shuffled_both
amine,122,28,True,3.383223059382835,3.442410211323916,-0.0174943096870112,2.0286624503529125,test_e1n,primary,p0f2,0.5945945945945946,0.0126823945301502,positive/all/chemistry/yield/shuffled_both/k5/p0f2/scale1_shuffled_both,positive,all,yield,shuffled_both,0,2,scale1_shuffled_both
amine,127,39,True,4.095249696417247,3.681144644855458,0.1011183889285362,1.8634083592055977,test_e1n,primary,p0f2,0.5370370370370371,0.0996719336623549,positive/all/chemistry/yield/shuffled_both/k5/p0f2/scale1_shuffled_both,positive,all,yield,shuffled_both,0,2,scale1_shuffled_both
amine,129,36,True,1.2964643083891831,1.3437248280446534,-0.036453390463321,1.3764712154657488,test_e1n,primary,p0f2,0.3720930232558139,-0.0586000140974127,positive/all/chemistry/yield/shuffled_both/k5/p0f2/scale1_shuffled_both,positive,all,yield,shuffled_both,0,2,scale1_shuffled_both
amine,130,26,True,4.224820839458084,4.588926604565691,-0.0861825338738648,1.4355050709544033,test_e1n,primary,p0f2,0.4482758620689655,-0.1750737503194339,positive/all/chemistry/yield/shuffled_both/k5/p0f2/scale1_shuffled_both,positive,all,yield,shuffled_both,0,2,scale1_shuffled_both
amine,132,30,True,2.154664506147588,2.1880879208033144,-0.0155121201283841,1.616099288769504,test_e1n,primary,p0f2,0.5789473684210527,-0.0884261146387181,positive/all/chemistry/yield/shuffled_both/k5/p0f2/scale1_shuffled_both,positive,all,yield,shuffled_both,0,2,scale1_shuffled_both
amine,133,46,True,4.211837185492758,5.004570002829119,-0.1882154467097749,1.2631363676332872,test_e1n,primary,p0f2,0.3404255319148936,-0.1553401391576439,positive/all/chemistry/yield/shuffled_both/k5/p0f2/scale1_shuffled_both,positive,all,yield,shuffled_both,0,2,scale1_shuffled_both
amine,134,55,True,1.6347049915731346,1.4764116958733449,0.0968329432624161,1.392955493970288,test_e1n,primary,p0f2,0.3,-0.036312688635486,positive/all/chemistry/yield/shuffled_both/k5/p0f2/scale1_shuffled_both,positive,all,yield,shuffled_both,0,2,scale1_shuffled_both
amine,136,16,True,6.486311281232009,6.746278490137766,-0.0400793606156346,2.3113075522785205,test_e1n,primary,p0f2,0.145631067961165,-0.0239632643836125,positive/all/chemistry/yield/shuffled_both/k5/p0f2/scale1_shuffled_both,positive,all,yield,shuffled_both,0,2,scale1_shuffled_both
amine,140,16,True,1.3176787088713426,1.102600004463358,0.1632254531851776,1.437968877912375,test_e1n,primary,p0f2,0.3243243243243243,-0.0601762359191502,positive/all/chemistry/yield/shuffled_both/k5/p0f2/scale1_shuffled_both,positive,all,yield,shuffled_both,0,2,scale1_shuffled_both
amine,148,22,True,1.7612354444554916,1.6252183190522669,0.0772282467011538,1.4329043769469088,test_e1n,primary,p0f2,0.3095238095238095,-0.0499111444225601,positive/all/chemistry/yield/shuffled_both/k5/p0f2/scale1_shuffled_both,positive,all,yield,shuffled_both,0,2,scale1_shuffled_both
amine,149,10,True,0.8229455259900631,1.2052288380266505,-0.4645305186836916,1.8487123052604184,test_e1n,primary,p0f2,0.4054054054054054,-0.0796630980080781,positive/all/chemistry/yield/shuffled_both/k5/p0f2/scale1_shuffled_both,positive,all,yield,shuffled_both,0,2,scale1_shuffled_both
amine,152,10,True,3.595036472434444,4.279182305658864,-0.1903028907968598,2.3717864013250147,test_e1n,primary,p0f2,0.2608695652173913,-0.1066927677990652,positive/all/chemistry/yield/shuffled_both/k5/p0f2/scale1_shuffled_both,positive,all,yield,shuffled_both,0,2,scale1_shuffled_both
amine,165,10,True,4.080322179703211,3.5357234995934212,0.133469529151103,2.3425752925160452,test_e1n,primary,p0f2,0.2608695652173913,0.0496472840240161,positive/all/chemistry/yield/shuffled_both/k5/p0f2/scale1_shuffled_both,positive,all,yield,shuffled_both,0,2,scale1_shuffled_both
amine,175,21,True,1.0159427911295014,0.9293200023788218,0.0852634513547503,1.1740124177183244,test_e1n,primary,p0f2,0.2727272727272727,-0.0391205134272396,positive/all/chemistry/yield/shuffled_both/k5/p0f2/scale1_shuffled_both,positive,all,yield,shuffled_both,0,2,scale1_shuffled_both
amine,176,49,True,1.2979949433863067,1.2093752980078436,0.0682742608744418,1.5109149708810172,test_e1n,primary,p0f2,0.1923076923076923,0.0559324964219748,positive/all/chemistry/yield/shuffled_both/k5/p0f2/scale1_shuffled_both,positive,all,yield,shuffled_both,0,2,scale1_shuffled_both
amine,180,9,True,4.497179726381007,3.748470065704174,0.1664842648571082,2.27496283885072,test_e1n,primary,p0f2,0.1818181818181818,0.0079272137912559,positive/all/chemistry/yield/shuffled_both/k5/p0f2/scale1_shuffled_both,positive,all,yield,shuffled_both,0,2,scale1_shuffled_both
amine,188,65,True,2.332013206350131,2.223687645829629,0.0464515210400734,1.8351097716191604,test_e1n,primary,p0f2,0.2558139534883721,0.0736000828929264,positive/all/chemistry/yield/shuffled_both/k5/p0f2/scale1_shuffled_both,positive,all,yield,shuffled_both,0,2,scale1_shuffled_both
amine,202,24,True,6.003639277231838,5.269351940022307,0.1223070379984749,1.3682030482150966,test_e1n,primary,p0f2,0.2926829268292683,0.1282417098244828,positive/all/chemistry/yield/shuffled_both/k5/p0f2/scale1_shuffled_both,positive,all,yield,shuffled_both,0,2,scale1_shuffled_both
amine,212,7,True,5.9952392745322785,6.280179337110454,-0.0475277215020588,3.1337851436359387,test_e1n,primary,p0f2,0.123076923076923,-0.0515789885452036,positive/all/chemistry/yield/shuffled_both/k5/p0f2/scale1_shuffled_both,positive,all,yield,shuffled_both,0,2,scale1_shuffled_both
amine,215,9,True,1.955772865296805,2.2401206536526423,-0.1453889627989522,1.4970405975692598,test_e1n,primary,p0f2,0.1702127659574468,-0.0334574863135932,positive/all/chemistry/yield/shuffled_both/k5/p0f2/scale1_shuffled_both,positive,all,yield,shuffled_both,0,2,scale1_shuffled_both
amine,224,32,True,5.361086722136285,4.272306653900859,0.2030894340395167,1.3651565856142152,test_e1n,primary,p0f2,0.4482758620689655,0.1172107637853441,positive/all/chemistry/yield/shuffled_both/k5/p0f2/scale1_shuffled_both,positive,all,yield,shuffled_both,0,2,scale1_shuffled_both
acid,6,43,True,1.9024801586189648,2.0029330418552025,-0.0528010149178941,1.786022722302702,test_e1a,primary,p0f3,0.4318181818181818,-0.0831941792015895,positive/all/chemistry/yield/shuffled_both/k5/p0f3/scale1_shuffled_both,positive,all,yield,shuffled_both,0,3,scale1_shuffled_both
acid,9,35,True,1.1343973321294885,1.038810537992448,0.0842621817151184,1.3176403567329196,test_e1a,primary,p0f3,0.475,-0.0429058338383652,positive/all/chemistry/yield/shuffled_both/k5/p0f3/scale1_shuffled_both,positive,all,yield,shuffled_both,0,3,scale1_shuffled_both
acid,15,30,True,4.751044857791848,5.086098710908179,-0.0705221405280638,1.3220826656833486,test_e1a,primary,p0f3,0.6666666666666666,-0.1748710918512481,positive/all/chemistry/yield/shuffled_both/k5/p0f3/scale1_shuffled_both,positive,all,yield,shuffled_both,0,3,scale1_shuffled_both
acid,16,49,True,1.773107853405716,1.5796713688892887,0.1090945957657805,1.681200107173557,test_e1a,primary,p0f3,0.2790697674418604,0.0784874835289475,positive/all/chemistry/yield/shuffled_both/k5/p0f3/scale1_shuffled_both,positive,all,yield,shuffled_both,0,3,scale1_shuffled_both
acid,19,15,True,7.937862072648941,7.084104066069593,0.1075551576439071,1.680201470000569,test_e1a,primary,p0f3,0.4318181818181818,0.0982952206479873,positive/all/chemistry/yield/shuffled_both/k5/p0f3/scale1_shuffled_both,positive,all,yield,shuffled_both,0,3,scale1_shuffled_both
acid,25,43,True,5.357845542191805,5.900972460348726,-0.10137039484993,1.7727209295663915,test_e1a,primary,p0f3,0.4794520547945205,-0.1116363598560334,positive/all/chemistry/yield/shuffled_both/k5/p0f3/scale1_shuffled_both,positive,all,yield,shuffled_both,0,3,scale1_shuffled_both
acid,29,36,True,8.087976728969334,9.604808946887434,-0.1875416150104816,1.7862349031961169,test_e1a,primary,p0f3,0.3958333333333333,-0.0864101958497787,positive/all/chemistry/yield/shuffled_both/k5/p0f3/scale1_shuffled_both,positive,all,yield,shuffled_both,0,3,scale1_shuffled_both
acid,30,86,True,3.460515074244789,3.770006366395531,-0.0894350365511076,1.9026304818440136,test_e1a,primary,p0f3,0.3461538461538461,0.016953507831918,positive/all/chemistry/yield/shuffled_both/k5/p0f3/scale1_shuffled_both,positive,all,yield,shuffled_both,0,3,scale1_shuffled_both
acid,32,26,True,3.1998683372288776,3.740199180102256,-0.1688603360916127,1.3740837027322772,test_e1a,primary,p0f3,0.4318181818181818,-0.1310622764304341,positive/all/chemistry/yield/shuffled_both/k5/p0f3/scale1_shuffled_both,positive,all,yield,shuffled_both,0,3,scale1_shuffled_both
acid,34,12,True,4.219163607301504,4.45747503773451,-0.0564830977449166,1.9526516136776155,test_e1a,primary,p0f3,0.6153846153846154,-0.1668371767827496,positive/all/chemistry/yield/shuffled_both/k5/p0f3/scale1_shuffled_both,positive,all,yield,shuffled_both,0,3,scale1_shuffled_both
acid,37,25,True,1.6897055326590038,1.5827278804637104,0.0633114173609576,1.3792780124147446,test_e1a,primary,p0f3,0.6521739130434783,0.040896691383934,positive/all/chemistry/yield/shuffled_both/k5/p0f3/scale1_shuffled_both,positive,all,yield,shuffled_both,0,3,scale1_shuffled_both
acid,40,31,True,1.6227041483332778,1.6734296076399604,-0.0312598321504162,1.5912310784286814,test_e1a,primary,p0f3,0.6521739130434783,-0.0375981238914164,positive/all/chemistry/yield/shuffled_both/k5/p0f3/scale1_shuffled_both,positive,all,yield,shuffled_both,0,3,scale1_shuffled_both
acid,50,8,True,1.8711479949816088,1.5974998734444683,0.1462461132262443,2.287474159322606,test_e1a,primary,p0f3,0.5555555555555556,0.0967532790021904,positive/all/chemistry/yield/shuffled_both/k5/p0f3/scale1_shuffled_both,positive,all,yield,shuffled_both,0,3,scale1_shuffled_both
acid,57,7,True,5.62071530413266,5.802984611081898,-0.0324281336247762,3.228446000167556,test_e1a,primary,p0f3,0.5576923076923077,-0.0106229747123218,positive/all/chemistry/yield/shuffled_both/k5/p0f3/scale1_shuffled_both,positive,all,yield,shuffled_both,0,3,scale1_shuffled_both
acid,63,16,True,6.489805274771788,6.315285956035751,0.0268913027967813,2.606081358302486,test_e1a,primary,p0f3,0.6,0.0712850537001947,positive/all/chemistry/yield/shuffled_both/k5/p0f3/scale1_shuffled_both,positive,all,yield,shuffled_both,0,3,scale1_shuffled_both
acid,67,79,True,10.491757307666091,9.36879977970072,0.1070323583585803,1.771066538057692,test_e1a,primary,p0f3,0.352112676056338,0.0802286856621109,positive/all/chemistry/yield/shuffled_both/k5/p0f3/scale1_shuffled_both,positive,all,yield,shuffled_both,0,3,scale1_shuffled_both
acid,70,2,False,15.635604499437108,16.68317066643453,-0.0669987634334916,0.8558919847546075,test_e1a,primary,p0f3,0.25,-0.1523116650432201,positive/all/chemistry/yield/shuffled_both/k5/p0f3/scale1_shuffled_both,positive,all,yield,shuffled_both,0,3,scale1_shuffled_both
acid,78,2,False,4.463843320509314,3.833122326523287,0.1412955045012787,0.8727697705001677,test_e1a,primary,p0f3,0.34,0.0817608081127125,positive/all/chemistry/yield/shuffled_both/k5/p0f3/scale1_shuffled_both,positive,all,yield,shuffled_both,0,3,scale1_shuffled_both
acid,80,24,True,4.989549612422505,4.303381989767069,0.137520953984921,1.8501214947700484,test_e1a,primary,p0f3,0.5882352941176471,0.0873056416464639,positive/all/chemistry/yield/shuffled_both/k5/p0f3/scale1_shuffled_both,positive,all,yield,shuffled_both,0,3,scale1_shuffled_both
acid,82,48,True,3.980575110647112,3.254908285590434,0.182302005334779,1.6240547625534547,test_e1a,primary,p0f3,0.3555555555555555,0.0899689982927566,positive/all/chemistry/yield/shuffled_both/k5/p0f3/scale1_shuffled_both,positive,all,yield,shuffled_both,0,3,scale1_shuffled_both
acid,85,15,True,1.6287897987334683,1.9737143762874685,-0.2117673979921841,0.8584040244011191,test_e1a,primary,p0f3,0.4090909090909091,-0.1943652268607847,positive/all/chemistry/yield/shuffled_both/k5/p0f3/scale1_shuffled_both,positive,all,yield,shuffled_both,0,3,scale1_shuffled_both
acid,93,62,True,1.3918572952299442,1.138785695701423,0.1818229500939692,1.335627337759878,test_e1a,primary,p0f3,0.40625,0.0007430195469231,positive/all/chemistry/yield/shuffled_both/k5/p0f3/scale1_shuffled_both,positive,all,yield,shuffled_both,0,3,scale1_shuffled_both
acid,96,56,True,2.5624857386526716,2.8394560550138452,-0.1080865786620151,1.5763984297043725,test_e1a,primary,p0f3,0.3968253968253968,-0.1113636714784624,positive/all/chemistry/yield/shuffled_both/k5/p0f3/scale1_shuffled_both,positive,all,yield,shuffled_both,0,3,scale1_shuffled_both
acid,101,6,True,2.089484277134442,1.8757701783785523,0.1022807881804125,1.6262940816651152,test_e1a,primary,p0f3,0.2586206896551724,0.059103695573165,positive/all/chemistry/yield/shuffled_both/k5/p0f3/scale1_shuffled_both,positive,all,yield,shuffled_both,0,3,scale1_shuffled_both
acid,105,36,True,2.7147397796468784,3.4504788870932326,-0.271016438836011,1.20844524445526,test_e1a,primary,p0f3,0.3636363636363636,-0.1623945569523064,positive/all/chemistry/yield/shuffled_both/k5/p0f3/scale1_shuffled_both,positive,all,yield,shuffled_both,0,3,scale1_shuffled_both
acid,112,34,True,1.716591106269806,1.7278009269834995,-0.0065302800840281,1.1745966672589587,test_e1a,primary,p0f3,0.6382978723404256,0.0238586846274015,positive/all/chemistry/yield/shuffled_both/k5/p0f3/scale1_shuffled_both,positive,all,yield,shuffled_both,0,3,scale1_shuffled_both
acid,118,10,True,1.4282182858290404,1.4711075060501104,-0.030029877538064,1.5658299084291978,test_e1a,primary,p0f3,0.5454545454545454,-0.0995715072419547,positive/all/chemistry/yield/shuffled_both/k5/p0f3/scale1_shuffled_both,positive,all,yield,shuffled_both,0,3,scale1_shuffled_both
acid,121,2,False,0.1130852962244206,0.0831053937873423,0.2651087580615472,0.0886207586067038,test_e1a,primary,p0f3,0.8490566037735849,-1.0164698507013674,positive/all/chemistry/yield/shuffled_both/k5/p0f3/scale1_shuffled_both,positive,all,yield,shuffled_both,0,3,scale1_shuffled_both
acid,122,12,True,2.7597686813767086,3.0673927767000984,-0.1114673477524688,1.9440588050856056,test_e1a,primary,p0f3,0.7058823529411765,-0.1773081225704469,positive/all/chemistry/yield/shuffled_both/k5/p0f3/scale1_shuffled_both,positive,all,yield,shuffled_both,0,3,scale1_shuffled_both
acid,135,2,False,1.3975512259464318,0.876863911385527,0.3725711837205048,0.6317689301232029,test_e1a,primary,p0f3,0.4705882352941176,0.1267222632358711,positive/all/chemistry/yield/shuffled_both/k5/p0f3/scale1_shuffled_both,positive,all,yield,shuffled_both,0,3,scale1_shuffled_both
acid,162,33,True,3.1683418646204307,2.88772222196214,0.0885698749215969,1.8381062558002392,test_e1a,primary,p0f3,0.6415094339622641,0.0528543879823557,positive/all/chemistry/yield/shuffled_both/k5/p0f3/scale1_shuffled_both,positive,all,yield,shuffled_both,0,3,scale1_shuffled_both
acid,163,4,True,1.6517378449279905,2.5407997912883484,-0.5382585069963797,0.9675734564539206,test_e1a,primary,p0f3,0.3725490196078431,0.0969469483048378,positive/all/chemistry/yield/shuffled_both/k5/p0f3/scale1_shuffled_both,positive,all,yield,shuffled_both,0,3,scale1_shuffled_both
acid,164,24,True,2.6745475346591547,2.435841168593909,0.0892511211604495,1.843049417793768,test_e1a,primary,p0f3,0.3898305084745763,0.0429482594848127,positive/all/chemistry/yield/shuffled_both/k5/p0f3/scale1_shuffled_both,positive,all,yield,shuffled_both,0,3,scale1_shuffled_both
acid,172,8,True,5.790970727644046,5.2668480652691,0.090506874758142,1.4332741907293325,test_e1a,primary,p0f3,0.6,0.0859484119537599,positive/all/chemistry/yield/shuffled_both/k5/p0f3/scale1_shuffled_both,positive,all,yield,shuffled_both,0,3,scale1_shuffled_both
acid,178,10,True,7.6361115482166015,7.152480078356253,0.0633347832606373,2.476877140488178,test_e1a,primary,p0f3,0.7254901960784313,0.1214348651488482,positive/all/chemistry/yield/shuffled_both/k5/p0f3/scale1_shuffled_both,positive,all,yield,shuffled_both,0,3,scale1_shuffled_both
acid,186,8,True,3.460431503059394,3.041748576359985,0.1209915371332297,3.1174862204758447,test_e1a,primary,p0f3,0.6111111111111112,0.0485568991891333,positive/all/chemistry/yield/shuffled_both/k5/p0f3/scale1_shuffled_both,positive,all,yield,shuffled_both,0,3,scale1_shuffled_both
acid,188,97,True,2.368955444698132,2.110583816329761,0.1090656343691995,1.422254098356316,test_e1a,primary,p0f3,0.34375,0.0359013698965545,positive/all/chemistry/yield/shuffled_both/k5/p0f3/scale1_shuffled_both,positive,all,yield,shuffled_both,0,3,scale1_shuffled_both
acid,189,26,True,2.0196554208109982,2.233467153253399,-0.1058654512246173,1.233980104184177,test_e1a,primary,p0f3,0.2222222222222222,-0.0998904572095293,positive/all/chemistry/yield/shuffled_both/k5/p0f3/scale1_shuffled_both,positive,all,yield,shuffled_both,0,3,scale1_shuffled_both
acid,190,1,False,0.0137555502293501,0.2996508319457105,-20.78399460214596,,test_e1a,primary,p0f3,0.2222222222222222,-0.0611620299097066,positive/all/chemistry/yield/shuffled_both/k5/p0f3/scale1_shuffled_both,positive,all,yield,shuffled_both,0,3,scale1_shuffled_both
acid,191,8,True,0.7643381186109335,0.7163354428753292,0.0628029331087682,1.2466174877681389,test_e1a,primary,p0f3,0.2222222222222222,0.0415205102120601,positive/all/chemistry/yield/shuffled_both/k5/p0f3/scale1_shuffled_both,positive,all,yield,shuffled_both,0,3,scale1_shuffled_both
acid,198,10,True,4.948798845227588,4.794420304601593,0.0311951537037863,3.268398218138064,test_e1a,primary,p0f3,0.6451612903225806,0.0084999378025057,positive/all/chemistry/yield/shuffled_both/k5/p0f3/scale1_shuffled_both,positive,all,yield,shuffled_both,0,3,scale1_shuffled_both
acid,201,2,False,5.786693728665254,6.359679257367095,-0.0990177734590429,1.0476666433744803,test_e1a,primary,p0f3,0.3666666666666666,-0.0716700606463787,positive/all/chemistry/yield/shuffled_both/k5/p0f3/scale1_shuffled_both,positive,all,yield,shuffled_both,0,3,scale1_shuffled_both
acid,207,110,True,2.839311569224134,2.4852077374782984,0.1247146792849498,1.8173239369334608,test_e1a,primary,p0f3,0.3,0.0330375470115927,positive/all/chemistry/yield/shuffled_both/k5/p0f3/scale1_shuffled_both,positive,all,yield,shuffled_both,0,3,scale1_shuffled_both
acid,208,11,True,2.0809985294791447,2.243381499146946,-0.0780312755475345,1.464081791722298,test_e1a,primary,p0f3,0.5490196078431373,-0.1099920905028111,positive/all/chemistry/yield/shuffled_both/k5/p0f3/scale1_shuffled_both,positive,all,yield,shuffled_both,0,3,scale1_shuffled_both
acid,211,15,True,1.2834217895872868,1.3767269615768645,-0.0727003178117944,1.3561945324215894,test_e1a,primary,p0f3,0.36,0.0726103298302404,positive/all/chemistry/yield/shuffled_both/k5/p0f3/scale1_shuffled_both,positive,all,yield,shuffled_both,0,3,scale1_shuffled_both
acid,213,19,True,9.336388160577018,8.36773301499605,0.1037505220349688,1.935253044389339,test_e1a,primary,p0f3,0.2954545454545454,0.0782039066942011,positive/all/chemistry/yield/shuffled_both/k5/p0f3/scale1_shuffled_both,positive,all,yield,shuffled_both,0,3,scale1_shuffled_both
acid,214,16,True,1.7745015786484275,1.8123544757709031,-0.0213315657635575,2.116439007874151,test_e1a,primary,p0f3,0.5166666666666667,0.0053591811263515,positive/all/chemistry/yield/shuffled_both/k5/p0f3/scale1_shuffled_both,positive,all,yield,shuffled_both,0,3,scale1_shuffled_both
acid,221,12,True,4.152060777307608,3.9004236926114135,0.0606053471258115,2.3661005404253546,test_e1a,primary,p0f3,0.4857142857142857,0.1353104155516487,positive/all/chemistry/yield/shuffled_both/k5/p0f3/scale1_shuffled_both,positive,all,yield,shuffled_both,0,3,scale1_shuffled_both
acid,224,14,True,3.167128271010456,2.895270358814092,0.0858373545159979,0.8495237935393999,test_e1a,primary,p0f3,0.4827586206896552,0.1497185260051859,positive/all/chemistry/yield/shuffled_both/k5/p0f3/scale1_shuffled_both,positive,all,yield,shuffled_both,0,3,scale1_shuffled_both
acid,229,69,True,1.790748561666363,1.905197456522484,-0.0639112030053072,1.5272781676118277,test_e1a,primary,p0f3,0.2954545454545454,-0.1130181258767866,positive/all/chemistry/yield/shuffled_both/k5/p0f3/scale1_shuffled_both,positive,all,yield,shuffled_both,0,3,scale1_shuffled_both
acid,233,2,False,3.880124745703309,3.001761666414298,0.2263749587591673,1.2430013199994958,test_e1a,primary,p0f3,0.6060606060606061,0.0901046310295504,positive/all/chemistry/yield/shuffled_both/k5/p0f3/scale1_shuffled_both,positive,all,yield,shuffled_both,0,3,scale1_shuffled_both
acid,238,15,True,3.9565391996029713,3.873800329604155,0.0209119298014585,1.551429544579966,test_e1a,primary,p0f3,0.59375,0.093789710537897,positive/all/chemistry/yield/shuffled_both/k5/p0f3/scale1_shuffled_both,positive,all,yield,shuffled_both,0,3,scale1_shuffled_both
acid,248,15,True,0.8185927090347561,0.6873224830503687,0.1603608541043258,0.6034043599369899,test_e1a,primary,p0f3,0.5172413793103449,-0.0634722228461728,positive/all/chemistry/yield/shuffled_both/k5/p0f3/scale1_shuffled_both,positive,all,yield,shuffled_both,0,3,scale1_shuffled_both
acid,250,6,True,2.78126255202192,2.8974050306734416,-0.0417589049861863,1.4514241350473138,test_e1a,primary,p0f3,0.5666666666666667,0.0470253593911796,positive/all/chemistry/yield/shuffled_both/k5/p0f3/scale1_shuffled_both,positive,all,yield,shuffled_both,0,3,scale1_shuffled_both
amine,2,46,True,1.875043250148256,2.1146445697998053,-0.1277844229100337,1.57872349823722,test_e1n,primary,p0f3,0.4074074074074074,0.0077120636776014,positive/all/chemistry/yield/shuffled_both/k5/p0f3/scale1_shuffled_both,positive,all,yield,shuffled_both,0,3,scale1_shuffled_both
amine,5,41,True,4.006782303482495,2.9544669382213185,0.2626335262453757,1.5188088148373995,test_e1n,primary,p0f3,0.6578947368421053,0.1085696944848948,positive/all/chemistry/yield/shuffled_both/k5/p0f3/scale1_shuffled_both,positive,all,yield,shuffled_both,0,3,scale1_shuffled_both
amine,15,9,True,3.8608964454344417,3.3500086818188803,0.132323612103011,1.6079912486947534,test_e1n,primary,p0f3,0.1578947368421052,0.1239292266531896,positive/all/chemistry/yield/shuffled_both/k5/p0f3/scale1_shuffled_both,positive,all,yield,shuffled_both,0,3,scale1_shuffled_both
amine,16,55,True,7.042382666228357,6.56723361605873,0.06746992781977,2.2124772097620595,test_e1n,primary,p0f3,0.1477272727272727,0.1061853677174873,positive/all/chemistry/yield/shuffled_both/k5/p0f3/scale1_shuffled_both,positive,all,yield,shuffled_both,0,3,scale1_shuffled_both
amine,18,9,True,0.7251968895774396,1.008058709900261,-0.3900483087946507,1.567289460039457,test_e1n,primary,p0f3,0.2291666666666666,-0.1030947633844248,positive/all/chemistry/yield/shuffled_both/k5/p0f3/scale1_shuffled_both,positive,all,yield,shuffled_both,0,3,scale1_shuffled_both
amine,25,49,True,3.255776149081487,2.7585101693646816,0.1527334672124474,1.5942547241138296,test_e1n,primary,p0f3,0.3928571428571428,0.1339197701848301,positive/all/chemistry/yield/shuffled_both/k5/p0f3/scale1_shuffled_both,positive,all,yield,shuffled_both,0,3,scale1_shuffled_both
amine,28,28,True,2.586062093839238,2.3144626686860397,0.1050243247446486,1.775054473595063,test_e1n,primary,p0f3,0.4358974358974359,0.0974328439781865,positive/all/chemistry/yield/shuffled_both/k5/p0f3/scale1_shuffled_both,positive,all,yield,shuffled_both,0,3,scale1_shuffled_both
amine,39,7,True,0.8075893255962475,1.3324227811407467,-0.6498766624447543,0.6583086416420981,test_e1n,primary,p0f3,0.1818181818181818,-0.1504128842325152,positive/all/chemistry/yield/shuffled_both/k5/p0f3/scale1_shuffled_both,positive,all,yield,shuffled_both,0,3,scale1_shuffled_both
amine,43,6,True,3.1897312026811826,2.87544619866039,0.0985302472373267,2.2100087228050955,test_e1n,primary,p0f3,0.1724137931034483,0.0476208292896923,positive/all/chemistry/yield/shuffled_both/k5/p0f3/scale1_shuffled_both,positive,all,yield,shuffled_both,0,3,scale1_shuffled_both
amine,44,47,True,4.488289549620349,4.446849253054726,0.0092329819873426,2.1994738362561472,test_e1n,primary,p0f3,0.1724137931034483,0.0644579703055838,positive/all/chemistry/yield/shuffled_both/k5/p0f3/scale1_shuffled_both,positive,all,yield,shuffled_both,0,3,scale1_shuffled_both
amine,49,9,True,3.988501251091743,3.721946163273997,0.06683088985989,1.9196825013590617,test_e1n,primary,p0f3,0.217391304347826,-0.0346260504331261,positive/all/chemistry/yield/shuffled_both/k5/p0f3/scale1_shuffled_both,positive,all,yield,shuffled_both,0,3,scale1_shuffled_both
amine,55,12,True,1.4234784939744551,1.24174911416003,0.1276657010159834,1.521411176683649,test_e1n,primary,p0f3,0.3571428571428571,0.1269646899767396,positive/all/chemistry/yield/shuffled_both/k5/p0f3/scale1_shuffled_both,positive,all,yield,shuffled_both,0,3,scale1_shuffled_both
amine,58,33,True,4.969979143446515,5.352235712650568,-0.0769131133493996,1.82386014895877,test_e1n,primary,p0f3,0.71875,-0.0868480874976684,positive/all/chemistry/yield/shuffled_both/k5/p0f3/scale1_shuffled_both,positive,all,yield,shuffled_both,0,3,scale1_shuffled_both
amine,62,9,True,2.3956847887773742,2.4795216740991095,-0.0349949566464129,1.5550135860818537,test_e1n,primary,p0f3,0.1888888888888888,-0.0311207452672928,positive/all/chemistry/yield/shuffled_both/k5/p0f3/scale1_shuffled_both,positive,all,yield,shuffled_both,0,3,scale1_shuffled_both
amine,65,35,True,1.130176002904851,1.0864723451715184,0.0386697803005929,1.4282497772995773,test_e1n,primary,p0f3,0.3018867924528302,0.1067264199829488,positive/all/chemistry/yield/shuffled_both/k5/p0f3/scale1_shuffled_both,positive,all,yield,shuffled_both,0,3,scale1_shuffled_both
amine,66,96,True,1.3568601449443378,1.270106817106574,0.0639368236741324,1.5618873883321975,test_e1n,primary,p0f3,0.3658536585365853,0.0010968557780932,positive/all/chemistry/yield/shuffled_both/k5/p0f3/scale1_shuffled_both,positive,all,yield,shuffled_both,0,3,scale1_shuffled_both
amine,75,22,True,13.4877098614061,13.161355245683552,0.0241964439534975,3.7576739055781623,test_e1n,primary,p0f3,0.1145833333333333,0.0207322549456121,positive/all/chemistry/yield/shuffled_both/k5/p0f3/scale1_shuffled_both,positive,all,yield,shuffled_both,0,3,scale1_shuffled_both
amine,79,8,True,1.5215093813596576,1.1591704042272517,0.2381444252473891,1.0172262512148371,test_e1n,primary,p0f3,0.1590909090909091,0.1169139495721692,positive/all/chemistry/yield/shuffled_both/k5/p0f3/scale1_shuffled_both,positive,all,yield,shuffled_both,0,3,scale1_shuffled_both
amine,82,4,True,3.567111957086312,2.5933626155268175,0.2729797531656036,0.9374899925493017,test_e1n,primary,p0f3,0.2777777777777778,0.1963279456394637,positive/all/chemistry/yield/shuffled_both/k5/p0f3/scale1_shuffled_both,positive,all,yield,shuffled_both,0,3,scale1_shuffled_both
amine,86,3,True,1.2405318287704772,1.2555088210625176,-0.0120730415332306,1.3395726884691077,test_e1n,primary,p0f3,0.2444444444444444,-0.0679494433887499,positive/all/chemistry/yield/shuffled_both/k5/p0f3/scale1_shuffled_both,positive,all,yield,shuffled_both,0,3,scale1_shuffled_both
amine,88,8,True,5.332421971800509,4.846769574980684,0.0910753873920902,1.6125716370597178,test_e1n,primary,p0f3,0.325,0.0529479182399108,positive/all/chemistry/yield/shuffled_both/k5/p0f3/scale1_shuffled_both,positive,all,yield,shuffled_both,0,3,scale1_shuffled_both
amine,92,53,True,1.5931263325632794,1.5003088947020922,0.0582611911962107,1.6406453467888686,test_e1n,primary,p0f3,0.2926829268292683,0.0528144099143574,positive/all/chemistry/yield/shuffled_both/k5/p0f3/scale1_shuffled_both,positive,all,yield,shuffled_both,0,3,scale1_shuffled_both
amine,94,9,True,0.8342541836361257,0.6653943090451186,0.2024081843437997,1.6190898232574436,test_e1n,primary,p0f3,0.3243243243243243,0.0924833311717103,positive/all/chemistry/yield/shuffled_both/k5/p0f3/scale1_shuffled_both,positive,all,yield,shuffled_both,0,3,scale1_shuffled_both
amine,99,10,True,3.921930183710395,3.7121659659771375,0.0534849443787923,1.997257138160116,test_e1n,primary,p0f3,0.2352941176470588,0.0619684328020564,positive/all/chemistry/yield/shuffled_both/k5/p0f3/scale1_shuffled_both,positive,all,yield,shuffled_both,0,3,scale1_shuffled_both
amine,119,62,True,9.497238327416389,7.485895991051112,0.2117818114092161,1.849934417992564,test_e1n,primary,p0f3,0.2972972972972973,0.0807428010843833,positive/all/chemistry/yield/shuffled_both/k5/p0f3/scale1_shuffled_both,positive,all,yield,shuffled_both,0,3,scale1_shuffled_both
amine,121,51,True,2.3739679195289907,2.0976341486573933,0.1164016449415304,1.5073846428661173,test_e1n,primary,p0f3,0.3125,0.1093997179166662,positive/all/chemistry/yield/shuffled_both/k5/p0f3/scale1_shuffled_both,positive,all,yield,shuffled_both,0,3,scale1_shuffled_both
amine,126,9,True,0.8137938232030498,0.9649214059390672,-0.1857074586056539,0.8924765661916461,test_e1n,primary,p0f3,0.4411764705882353,-0.1902760517492809,positive/all/chemistry/yield/shuffled_both/k5/p0f3/scale1_shuffled_both,positive,all,yield,shuffled_both,0,3,scale1_shuffled_both
amine,131,49,True,1.8638231604644009,1.5836951877879402,0.15029750601804,1.3463929268451549,test_e1n,primary,p0f3,0.3720930232558139,0.1322622098853821,positive/all/chemistry/yield/shuffled_both/k5/p0f3/scale1_shuffled_both,positive,all,yield,shuffled_both,0,3,scale1_shuffled_both
amine,145,34,True,1.497030318823585,1.6000980030941656,-0.0688480941064537,1.587740089069691,test_e1n,primary,p0f3,0.4594594594594595,0.0253815423997367,positive/all/chemistry/yield/shuffled_both/k5/p0f3/scale1_shuffled_both,positive,all,yield,shuffled_both,0,3,scale1_shuffled_both
amine,158,97,True,2.434586107705335,2.7715030324880874,-0.1383877627973102,1.870695678638368,test_e1n,primary,p0f3,0.2631578947368421,-0.0482504799759615,positive/all/chemistry/yield/shuffled_both/k5/p0f3/scale1_shuffled_both,positive,all,yield,shuffled_both,0,3,scale1_shuffled_both
amine,162,9,True,2.216342892929203,2.3900519377406844,-0.0783764305449599,2.239832896814597,test_e1n,primary,p0f3,0.1612903225806451,0.0205852712262804,positive/all/chemistry/yield/shuffled_both/k5/p0f3/scale1_shuffled_both,positive,all,yield,shuffled_both,0,3,scale1_shuffled_both
amine,163,9,True,1.3201503184707113,1.4660310739318134,-0.1105031399985521,1.706726674345015,test_e1n,primary,p0f3,0.3018867924528302,0.0774827658670078,positive/all/chemistry/yield/shuffled_both/k5/p0f3/scale1_shuffled_both,positive,all,yield,shuffled_both,0,3,scale1_shuffled_both
amine,166,34,True,1.7924649264785557,2.0783119609996077,-0.1594714799148802,1.577225859463402,test_e1n,primary,p0f3,0.4761904761904761,0.0406953717983646,positive/all/chemistry/yield/shuffled_both/k5/p0f3/scale1_shuffled_both,positive,all,yield,shuffled_both,0,3,scale1_shuffled_both
amine,185,81,True,4.3746791161137,4.622345177671839,-0.05661353781261,1.5313162173630308,test_e1n,primary,p0f3,0.2162162162162162,-0.0890692764118767,positive/all/chemistry/yield/shuffled_both/k5/p0f3/scale1_shuffled_both,positive,all,yield,shuffled_both,0,3,scale1_shuffled_both
amine,190,96,True,1.6393636509815062,1.5749045201548528,0.0393196047674113,1.6319917582286252,test_e1n,primary,p0f3,0.3111111111111111,-0.0167724894797345,positive/all/chemistry/yield/shuffled_both/k5/p0f3/scale1_shuffled_both,positive,all,yield,shuffled_both,0,3,scale1_shuffled_both
amine,193,9,True,2.437980720112634,2.470693216323978,-0.013417865014877,2.544586906560545,test_e1n,primary,p0f3,0.1794871794871795,-0.0253662161309691,positive/all/chemistry/yield/shuffled_both/k5/p0f3/scale1_shuffled_both,positive,all,yield,shuffled_both,0,3,scale1_shuffled_both
amine,195,8,True,10.563405924285348,12.130771717697442,-0.1483769349248151,2.866088497502721,test_e1n,primary,p0f3,0.1791044776119403,-0.0471746384831384,positive/all/chemistry/yield/shuffled_both/k5/p0f3/scale1_shuffled_both,positive,all,yield,shuffled_both,0,3,scale1_shuffled_both
amine,196,21,True,3.070249215331012,3.3238185417560584,-0.0825891674066297,1.7691542749153102,test_e1n,primary,p0f3,0.1875,-0.080190711402424,positive/all/chemistry/yield/shuffled_both/k5/p0f3/scale1_shuffled_both,positive,all,yield,shuffled_both,0,3,scale1_shuffled_both
amine,198,36,True,6.4428746767162135,6.3438237187922475,0.015373721031999,1.687224244077068,test_e1n,primary,p0f3,0.2641509433962264,0.1096780319100637,positive/all/chemistry/yield/shuffled_both/k5/p0f3/scale1_shuffled_both,positive,all,yield,shuffled_both,0,3,scale1_shuffled_both
amine,207,79,True,2.5019536137080354,2.5897823321896287,-0.0351040554870345,1.7945371659124354,test_e1n,primary,p0f3,0.2321428571428571,0.0618364906135935,positive/all/chemistry/yield/shuffled_both/k5/p0f3/scale1_shuffled_both,positive,all,yield,shuffled_both,0,3,scale1_shuffled_both
amine,208,29,True,2.678029171510627,2.9028636908754417,-0.0839552166782371,1.333441590223104,test_e1n,primary,p0f3,0.2127659574468085,-0.1211066084118632,positive/all/chemistry/yield/shuffled_both/k5/p0f3/scale1_shuffled_both,positive,all,yield,shuffled_both,0,3,scale1_shuffled_both
amine,213,17,True,1.8013110411672957,1.5727088719103752,0.1269087703524984,0.9735312232616422,test_e1n,primary,p0f3,0.2647058823529412,0.1962520426043303,positive/all/chemistry/yield/shuffled_both/k5/p0f3/scale1_shuffled_both,positive,all,yield,shuffled_both,0,3,scale1_shuffled_both
amine,214,9,True,1.48492870778926,1.1949907872711556,0.1952537647075054,1.4256223684486926,test_e1n,primary,p0f3,0.25,0.0413252118250723,positive/all/chemistry/yield/shuffled_both/k5/p0f3/scale1_shuffled_both,positive,all,yield,shuffled_both,0,3,scale1_shuffled_both
amine,219,33,True,1.2641281157904056,1.301944064727124,-0.029914649048901,1.385861514103233,test_e1n,primary,p0f3,0.3513513513513513,0.074157909603759,positive/all/chemistry/yield/shuffled_both/k5/p0f3/scale1_shuffled_both,positive,all,yield,shuffled_both,0,3,scale1_shuffled_both
amine,228,20,True,2.934239175389431,3.2026874256554203,-0.0914881965033955,2.134808249697034,test_e1n,primary,p0f3,0.4473684210526316,-0.0390844210685603,positive/all/chemistry/yield/shuffled_both/k5/p0f3/scale1_shuffled_both,positive,all,yield,shuffled_both,0,3,scale1_shuffled_both
amine,229,7,True,7.0766770550509,8.345570864604829,-0.1793064456217159,1.847308383851629,test_e1n,primary,p0f3,0.1830985915492957,-0.13653025439323,positive/all/chemistry/yield/shuffled_both/k5/p0f3/scale1_shuffled_both,positive,all,yield,shuffled_both,0,3,scale1_shuffled_both
acid,27,37,True,2.282999328442473,2.680287259403036,-0.1740201698752157,1.4038496162191887,test_e1a,primary,p0f4,0.4523809523809524,-0.0141592016656066,positive/all/chemistry/yield/shuffled_both/k5/p0f4/scale1_shuffled_both,positive,all,yield,shuffled_both,0,4,scale1_shuffled_both
acid,28,55,True,1.5719771088183057,1.9544500082863867,-0.2433069141544914,1.6386326538472231,test_e1a,primary,p0f4,0.603448275862069,0.0207981898422384,positive/all/chemistry/yield/shuffled_both/k5/p0f4/scale1_shuffled_both,positive,all,yield,shuffled_both,0,4,scale1_shuffled_both
acid,39,27,True,3.172384848623083,3.033601716796918,0.0437472559126619,1.9266552426290209,test_e1a,primary,p0f4,0.6481481481481481,0.0767460260245556,positive/all/chemistry/yield/shuffled_both/k5/p0f4/scale1_shuffled_both,positive,all,yield,shuffled_both,0,4,scale1_shuffled_both
acid,47,39,True,4.939639457244463,4.831753009995962,0.021840955839454,1.1792385281893631,test_e1a,primary,p0f4,0.5522388059701493,0.0619007538051409,positive/all/chemistry/yield/shuffled_both/k5/p0f4/scale1_shuffled_both,positive,all,yield,shuffled_both,0,4,scale1_shuffled_both
acid,49,36,True,2.4029388240348513,2.527236482195658,-0.0517273502419401,1.8015403247419357,test_e1a,primary,p0f4,0.4736842105263157,0.1024301540143541,positive/all/chemistry/yield/shuffled_both/k5/p0f4/scale1_shuffled_both,positive,all,yield,shuffled_both,0,4,scale1_shuffled_both
acid,55,8,True,1.814850481361681,2.11032069173293,-0.1628069162753049,1.8112195683469696,test_e1a,primary,p0f4,0.5384615384615384,0.0473459181164839,positive/all/chemistry/yield/shuffled_both/k5/p0f4/scale1_shuffled_both,positive,all,yield,shuffled_both,0,4,scale1_shuffled_both
acid,58,92,True,3.1941312865087874,3.4130712114848305,-0.0685444351961332,1.6060721518835217,test_e1a,primary,p0f4,0.3953488372093023,0.0585601055313098,positive/all/chemistry/yield/shuffled_both/k5/p0f4/scale1_shuffled_both,positive,all,yield,shuffled_both,0,4,scale1_shuffled_both
acid,60,44,True,2.6818303815078837,2.704453813198153,-0.0084358175096626,1.755347093764932,test_e1a,primary,p0f4,0.3191489361702128,0.0099680386368287,positive/all/chemistry/yield/shuffled_both/k5/p0f4/scale1_shuffled_both,positive,all,yield,shuffled_both,0,4,scale1_shuffled_both
acid,65,12,True,8.382203393265973,10.231646546967404,-0.2206392599811191,4.229765047507015,test_e1a,primary,p0f4,0.6909090909090909,0.0216024846204482,positive/all/chemistry/yield/shuffled_both/k5/p0f4/scale1_shuffled_both,positive,all,yield,shuffled_both,0,4,scale1_shuffled_both
acid,66,28,True,6.196419693998139,5.716693099926862,0.0774199647154212,2.2106933305927647,test_e1a,primary,p0f4,0.26,0.1810858668694177,positive/all/chemistry/yield/shuffled_both/k5/p0f4/scale1_shuffled_both,positive,all,yield,shuffled_both,0,4,scale1_shuffled_both
acid,74,2,False,0.0332320003622138,0.0224675407858148,0.323918495999976,0.4746063499410018,test_e1a,primary,p0f4,0.3018867924528302,-0.8032970722991559,positive/all/chemistry/yield/shuffled_both/k5/p0f4/scale1_shuffled_both,positive,all,yield,shuffled_both,0,4,scale1_shuffled_both
acid,88,3,True,10.923775349708622,11.177190263633678,-0.0231984735874135,3.7839072892365744,test_e1a,primary,p0f4,0.24,-0.0766364408244573,positive/all/chemistry/yield/shuffled_both/k5/p0f4/scale1_shuffled_both,positive,all,yield,shuffled_both,0,4,scale1_shuffled_both
acid,89,23,True,4.5409201961294565,4.0650258779231,0.1048012952555287,2.1416223191020274,test_e1a,primary,p0f4,0.2318840579710145,0.0431067840995998,positive/all/chemistry/yield/shuffled_both/k5/p0f4/scale1_shuffled_both,positive,all,yield,shuffled_both,0,4,scale1_shuffled_both
acid,102,28,True,6.555479403437985,6.6517922888367,-0.0146919667458955,1.7469849746664772,test_e1a,primary,p0f4,0.2692307692307692,0.0434936058719394,positive/all/chemistry/yield/shuffled_both/k5/p0f4/scale1_shuffled_both,positive,all,yield,shuffled_both,0,4,scale1_shuffled_both
acid,104,2,False,0.0682777939694082,0.0239725080291119,0.6488974432909653,0.4962236800326199,test_e1a,primary,p0f4,0.4857142857142857,-1.9218101632779625,positive/all/chemistry/yield/shuffled_both/k5/p0f4/scale1_shuffled_both,positive,all,yield,shuffled_both,0,4,scale1_shuffled_both
acid,106,14,True,2.7104888474853523,3.310490579857578,-0.2213629223853386,1.900658356824779,test_e1a,primary,p0f4,0.2702702702702703,0.1684652826842366,positive/all/chemistry/yield/shuffled_both/k5/p0f4/scale1_shuffled_both,positive,all,yield,shuffled_both,0,4,scale1_shuffled_both
acid,108,13,True,5.620699443885905,5.3617206292552835,0.0460759051815755,1.5096859160061924,test_e1a,primary,p0f4,0.65,0.1671522411602647,positive/all/chemistry/yield/shuffled_both/k5/p0f4/scale1_shuffled_both,positive,all,yield,shuffled_both,0,4,scale1_shuffled_both
acid,119,12,True,2.5372070272022005,2.399953868078742,0.0540961607200058,1.3235767154381357,test_e1a,primary,p0f4,0.5925925925925926,0.1384475201262989,positive/all/chemistry/yield/shuffled_both/k5/p0f4/scale1_shuffled_both,positive,all,yield,shuffled_both,0,4,scale1_shuffled_both
acid,128,33,True,4.6953584369669965,4.828315150132008,-0.0283166269305941,2.1505881215192093,test_e1a,primary,p0f4,0.6585365853658537,0.0237525290478411,positive/all/chemistry/yield/shuffled_both/k5/p0f4/scale1_shuffled_both,positive,all,yield,shuffled_both,0,4,scale1_shuffled_both
acid,130,10,True,5.172560060052584,4.0555133604712825,0.2159562550482875,1.3412933458643177,test_e1a,primary,p0f4,0.5806451612903226,-0.0426873077690126,positive/all/chemistry/yield/shuffled_both/k5/p0f4/scale1_shuffled_both,positive,all,yield,shuffled_both,0,4,scale1_shuffled_both
acid,143,12,True,2.4973491118576354,2.722772787904148,-0.0902651835805339,2.2155323875868924,test_e1a,primary,p0f4,0.2258064516129032,-0.0273129929097775,positive/all/chemistry/yield/shuffled_both/k5/p0f4/scale1_shuffled_both,positive,all,yield,shuffled_both,0,4,scale1_shuffled_both
acid,144,50,True,3.885498386690796,4.225012036624582,-0.0873796913921622,2.2003148722249977,test_e1a,primary,p0f4,0.2321428571428571,0.0195369550598721,positive/all/chemistry/yield/shuffled_both/k5/p0f4/scale1_shuffled_both,positive,all,yield,shuffled_both,0,4,scale1_shuffled_both
acid,148,8,True,2.7890205258772265,3.904576682040296,-0.399981336032726,1.4168300292225111,test_e1a,primary,p0f4,0.6896551724137931,0.0685827465252069,positive/all/chemistry/yield/shuffled_both/k5/p0f4/scale1_shuffled_both,positive,all,yield,shuffled_both,0,4,scale1_shuffled_both
acid,149,2,False,1.36732370038561,1.7395194964435938,-0.2722075218567614,0.2768802755692123,test_e1a,primary,p0f4,0.6551724137931034,-0.0929329767061346,positive/all/chemistry/yield/shuffled_both/k5/p0f4/scale1_shuffled_both,positive,all,yield,shuffled_both,0,4,scale1_shuffled_both
acid,155,31,True,3.538206614093146,3.411865408348525,0.0357076958822548,1.2644482762794398,test_e1a,primary,p0f4,0.282051282051282,0.1232211236194736,positive/all/chemistry/yield/shuffled_both/k5/p0f4/scale1_shuffled_both,positive,all,yield,shuffled_both,0,4,scale1_shuffled_both
acid,157,12,True,5.419652504183742,5.635170264152497,-0.0397659738889872,2.647588338663368,test_e1a,primary,p0f4,0.4222222222222222,0.1503672012985136,positive/all/chemistry/yield/shuffled_both/k5/p0f4/scale1_shuffled_both,positive,all,yield,shuffled_both,0,4,scale1_shuffled_both
acid,173,6,True,2.7002978536837072,2.914451041189512,-0.0793072465001074,1.1680272273519006,test_e1a,primary,p0f4,0.5925925925925926,0.1512516599798624,positive/all/chemistry/yield/shuffled_both/k5/p0f4/scale1_shuffled_both,positive,all,yield,shuffled_both,0,4,scale1_shuffled_both
acid,174,38,True,4.234371838299621,4.3829748563151005,-0.0350944658830796,1.354956854890859,test_e1a,primary,p0f4,0.72,0.0406554661362701,positive/all/chemistry/yield/shuffled_both/k5/p0f4/scale1_shuffled_both,positive,all,yield,shuffled_both,0,4,scale1_shuffled_both
acid,182,38,True,5.7198484693222555,4.864668601441591,0.1495109306596709,1.2341982323476546,test_e1a,primary,p0f4,0.7254901960784313,0.0388228865300114,positive/all/chemistry/yield/shuffled_both/k5/p0f4/scale1_shuffled_both,positive,all,yield,shuffled_both,0,4,scale1_shuffled_both
acid,193,2,False,4.6518141570162825,5.3862286335729745,-0.1578770027708398,0.9079446385108108,test_e1a,primary,p0f4,0.1666666666666666,-0.1942440121174973,positive/all/chemistry/yield/shuffled_both/k5/p0f4/scale1_shuffled_both,positive,all,yield,shuffled_both,0,4,scale1_shuffled_both
acid,194,16,True,2.4804229043636816,1.6663741671963137,0.3281894937090178,0.9965596936819044,test_e1a,primary,p0f4,0.3783783783783784,0.0867326094634574,positive/all/chemistry/yield/shuffled_both/k5/p0f4/scale1_shuffled_both,positive,all,yield,shuffled_both,0,4,scale1_shuffled_both
acid,195,34,True,4.476382536267359,3.9047736124148487,0.1276943869790778,1.4562788395274555,test_e1a,primary,p0f4,0.3636363636363636,0.0614240807285327,positive/all/chemistry/yield/shuffled_both/k5/p0f4/scale1_shuffled_both,positive,all,yield,shuffled_both,0,4,scale1_shuffled_both
acid,209,6,True,1.998690533389739,2.5510148936557138,-0.2763431111715149,1.3558940899966907,test_e1a,primary,p0f4,0.4444444444444444,0.1467569489875696,positive/all/chemistry/yield/shuffled_both/k5/p0f4/scale1_shuffled_both,positive,all,yield,shuffled_both,0,4,scale1_shuffled_both
acid,210,20,True,2.8644108213014903,2.5290198257093115,0.1170889989306033,1.27951000408681,test_e1a,primary,p0f4,0.3541666666666667,0.048499846294069,positive/all/chemistry/yield/shuffled_both/k5/p0f4/scale1_shuffled_both,positive,all,yield,shuffled_both,0,4,scale1_shuffled_both
acid,212,14,True,0.6806889035899377,0.7544458606602509,-0.1083563382351624,1.0932307993494157,test_e1a,primary,p0f4,0.3142857142857143,0.0359430146443551,positive/all/chemistry/yield/shuffled_both/k5/p0f4/scale1_shuffled_both,positive,all,yield,shuffled_both,0,4,scale1_shuffled_both
acid,215,64,True,2.6605320634046548,2.710703691062628,-0.0188577421592015,1.949361083249821,test_e1a,primary,p0f4,0.1875,0.000640477796196,positive/all/chemistry/yield/shuffled_both/k5/p0f4/scale1_shuffled_both,positive,all,yield,shuffled_both,0,4,scale1_shuffled_both
acid,219,80,True,3.082970682042577,3.1392495905115303,-0.0182547660270535,2.1983572582016753,test_e1a,primary,p0f4,0.1833333333333333,0.0280787589956154,positive/all/chemistry/yield/shuffled_both/k5/p0f4/scale1_shuffled_both,positive,all,yield,shuffled_both,0,4,scale1_shuffled_both
acid,220,64,True,5.138507370504479,5.232751130890349,-0.0183406879839926,2.5515802977492905,test_e1a,primary,p0f4,0.2622950819672131,-0.0091409735007659,positive/all/chemistry/yield/shuffled_both/k5/p0f4/scale1_shuffled_both,positive,all,yield,shuffled_both,0,4,scale1_shuffled_both
acid,223,13,True,1.919931353407676,2.2776127244184163,-0.1862990415651546,1.5715397257215402,test_e1a,primary,p0f4,0.625,0.122855395962676,positive/all/chemistry/yield/shuffled_both/k5/p0f4/scale1_shuffled_both,positive,all,yield,shuffled_both,0,4,scale1_shuffled_both
acid,232,11,True,4.81930991128901,4.830304270441469,-0.0022813139961606,2.607361093141928,test_e1a,primary,p0f4,0.3695652173913043,0.146688338832775,positive/all/chemistry/yield/shuffled_both/k5/p0f4/scale1_shuffled_both,positive,all,yield,shuffled_both,0,4,scale1_shuffled_both
acid,235,9,True,1.473262123202219,1.4424341792004636,0.0209249552515129,1.086751000707226,test_e1a,primary,p0f4,0.375,-0.0680301369928728,positive/all/chemistry/yield/shuffled_both/k5/p0f4/scale1_shuffled_both,positive,all,yield,shuffled_both,0,4,scale1_shuffled_both
acid,239,7,True,3.607981170389812,2.5785333017104053,0.2853251777276274,1.3200825692944884,test_e1a,primary,p0f4,0.4210526315789473,0.3000350066945437,positive/all/chemistry/yield/shuffled_both/k5/p0f4/scale1_shuffled_both,positive,all,yield,shuffled_both,0,4,scale1_shuffled_both
acid,240,46,True,1.1222573914658147,1.2605294553557298,-0.1232088689648225,1.4379175472770998,test_e1a,primary,p0f4,0.6363636363636364,0.026399454977793,positive/all/chemistry/yield/shuffled_both/k5/p0f4/scale1_shuffled_both,positive,all,yield,shuffled_both,0,4,scale1_shuffled_both
acid,241,97,True,5.172632746499995,4.55224533865248,0.1199364884868915,1.9794222994683717,test_e1a,primary,p0f4,0.3265306122448979,0.0376017040652554,positive/all/chemistry/yield/shuffled_both/k5/p0f4/scale1_shuffled_both,positive,all,yield,shuffled_both,0,4,scale1_shuffled_both
acid,244,16,True,6.496276581548283,6.227562882813178,0.041364263876687,2.098112850514319,test_e1a,primary,p0f4,0.3137254901960784,-0.0325398711896458,positive/all/chemistry/yield/shuffled_both/k5/p0f4/scale1_shuffled_both,positive,all,yield,shuffled_both,0,4,scale1_shuffled_both
acid,245,19,True,4.726826697036672,4.164870440387921,0.1188865792352934,1.3558248442578251,test_e1a,primary,p0f4,0.3584905660377358,0.1133330223939126,positive/all/chemistry/yield/shuffled_both/k5/p0f4/scale1_shuffled_both,positive,all,yield,shuffled_both,0,4,scale1_shuffled_both
acid,252,12,True,0.425625245125246,0.4245497285530517,0.0025269097275417,1.4456880339681315,test_e1a,primary,p0f4,0.3947368421052631,0.1571353032397107,positive/all/chemistry/yield/shuffled_both/k5/p0f4/scale1_shuffled_both,positive,all,yield,shuffled_both,0,4,scale1_shuffled_both
acid,254,2,False,6.441040148201494,5.811223611769272,0.0977818057240464,0.1390754962380245,test_e1a,primary,p0f4,0.76,0.0858532234660792,positive/all/chemistry/yield/shuffled_both/k5/p0f4/scale1_shuffled_both,positive,all,yield,shuffled_both,0,4,scale1_shuffled_both
acid,261,12,True,3.300608333068125,2.0725511779669654,0.3720699432275876,1.4637676605079115,test_e1a,primary,p0f4,0.3939393939393939,0.0194771452669525,positive/all/chemistry/yield/shuffled_both/k5/p0f4/scale1_shuffled_both,positive,all,yield,shuffled_both,0,4,scale1_shuffled_both
acid,262,108,True,3.136233825451449,3.478953788270847,-0.109277554510804,1.5967488531777303,test_e1a,primary,p0f4,0.3421052631578947,0.040860335708964,positive/all/chemistry/yield/shuffled_both/k5/p0f4/scale1_shuffled_both,positive,all,yield,shuffled_both,0,4,scale1_shuffled_both
acid,266,25,True,1.6843916862386548,1.87000122898251,-0.1101938131494415,1.4313548406156544,test_e1a,primary,p0f4,0.391304347826087,-0.0395695857211295,positive/all/chemistry/yield/shuffled_both/k5/p0f4/scale1_shuffled_both,positive,all,yield,shuffled_both,0,4,scale1_shuffled_both
amine,0,8,True,5.639987021125446,5.35528634402873,0.05047895962,1.1427311077881377,test_e1n,primary,p0f4,0.1818181818181818,0.0419603595972276,positive/all/chemistry/yield/shuffled_both/k5/p0f4/scale1_shuffled_both,positive,all,yield,shuffled_both,0,4,scale1_shuffled_both
amine,14,8,True,2.0632590263875876,1.744818085367046,0.1543388091111746,0.9189109403383116,test_e1n,primary,p0f4,0.1860465116279069,0.0329030596164475,positive/all/chemistry/yield/shuffled_both/k5/p0f4/scale1_shuffled_both,positive,all,yield,shuffled_both,0,4,scale1_shuffled_both
amine,23,8,True,1.4932412491202165,1.5858094374322989,-0.0619914487137436,1.3599577768017457,test_e1n,primary,p0f4,0.1666666666666666,-0.2046775126256637,positive/all/chemistry/yield/shuffled_both/k5/p0f4/scale1_shuffled_both,positive,all,yield,shuffled_both,0,4,scale1_shuffled_both
amine,32,56,True,10.724035060646644,9.534496496856637,0.1109226664276011,1.296374126500079,test_e1n,primary,p0f4,0.25,0.0440561494983141,positive/all/chemistry/yield/shuffled_both/k5/p0f4/scale1_shuffled_both,positive,all,yield,shuffled_both,0,4,scale1_shuffled_both
amine,40,47,True,1.6895174046390558,1.9456402731941285,-0.151595282683572,1.7368061578046026,test_e1n,primary,p0f4,0.3809523809523809,0.0242202117775479,positive/all/chemistry/yield/shuffled_both/k5/p0f4/scale1_shuffled_both,positive,all,yield,shuffled_both,0,4,scale1_shuffled_both
amine,42,4,True,0.7901738351743426,0.8392455428418117,-0.0621024203574673,1.3541858513552152,test_e1n,primary,p0f4,0.2444444444444444,-0.0246232159846162,positive/all/chemistry/yield/shuffled_both/k5/p0f4/scale1_shuffled_both,positive,all,yield,shuffled_both,0,4,scale1_shuffled_both
amine,47,30,True,10.643344397805032,9.8561871723646,0.0739576956283372,1.9245766678050968,test_e1n,primary,p0f4,0.2857142857142857,0.0944953151808163,positive/all/chemistry/yield/shuffled_both/k5/p0f4/scale1_shuffled_both,positive,all,yield,shuffled_both,0,4,scale1_shuffled_both
amine,50,94,True,2.382251027908441,2.79845522225996,-0.1747104689957617,1.5929583927333149,test_e1n,primary,p0f4,0.196078431372549,-0.0144234409842256,positive/all/chemistry/yield/shuffled_both/k5/p0f4/scale1_shuffled_both,positive,all,yield,shuffled_both,0,4,scale1_shuffled_both
amine,51,49,True,2.7808826806615192,2.828682399270195,-0.0171886857870986,1.9846455323786665,test_e1n,primary,p0f4,0.5789473684210527,0.0444394328498551,positive/all/chemistry/yield/shuffled_both/k5/p0f4/scale1_shuffled_both,positive,all,yield,shuffled_both,0,4,scale1_shuffled_both
amine,53,18,True,2.0831548918648632,2.4932858981317656,-0.1968797461333988,0.8912255649134089,test_e1n,primary,p0f4,0.7647058823529411,0.130388608496781,positive/all/chemistry/yield/shuffled_both/k5/p0f4/scale1_shuffled_both,positive,all,yield,shuffled_both,0,4,scale1_shuffled_both
amine,56,8,True,4.9344866595450245,4.865467569156575,0.0139870862260702,1.9416754177108997,test_e1n,primary,p0f4,0.2105263157894736,-0.0558214562312027,positive/all/chemistry/yield/shuffled_both/k5/p0f4/scale1_shuffled_both,positive,all,yield,shuffled_both,0,4,scale1_shuffled_both
amine,68,37,True,2.4657814872463177,2.9933124813754346,-0.2139406905509058,1.6585723044001626,test_e1n,primary,p0f4,0.296875,0.0710081018124521,positive/all/chemistry/yield/shuffled_both/k5/p0f4/scale1_shuffled_both,positive,all,yield,shuffled_both,0,4,scale1_shuffled_both
amine,70,8,True,6.525809740990331,6.697510660843988,-0.026311052063801,2.1183716849874,test_e1n,primary,p0f4,0.2244897959183673,-0.0544728936225409,positive/all/chemistry/yield/shuffled_both/k5/p0f4/scale1_shuffled_both,positive,all,yield,shuffled_both,0,4,scale1_shuffled_both
amine,73,97,True,2.2453032915876103,2.3495132962352803,-0.0464124401536796,1.8873442985665585,test_e1n,primary,p0f4,0.2207792207792207,0.0068411276400804,positive/all/chemistry/yield/shuffled_both/k5/p0f4/scale1_shuffled_both,positive,all,yield,shuffled_both,0,4,scale1_shuffled_both
amine,74,41,True,2.0495608416694644,2.1208376387021755,-0.034776619255983,1.7626485073502918,test_e1n,primary,p0f4,0.3243243243243243,0.0718510092684053,positive/all/chemistry/yield/shuffled_both/k5/p0f4/scale1_shuffled_both,positive,all,yield,shuffled_both,0,4,scale1_shuffled_both
amine,81,56,True,3.3242260577676723,3.493843872288804,-0.0510247533030396,1.6761479679304985,test_e1n,primary,p0f4,0.5370370370370371,0.0651353251208837,positive/all/chemistry/yield/shuffled_both/k5/p0f4/scale1_shuffled_both,positive,all,yield,shuffled_both,0,4,scale1_shuffled_both
amine,91,15,True,7.884272774079933,8.615570430588438,-0.092753977121732,2.453432120162341,test_e1n,primary,p0f4,0.2127659574468085,0.0105216630671493,positive/all/chemistry/yield/shuffled_both/k5/p0f4/scale1_shuffled_both,positive,all,yield,shuffled_both,0,4,scale1_shuffled_both
amine,93,8,True,1.5199509952491406,2.001964022875389,-0.3171240580340158,1.478950329337171,test_e1n,primary,p0f4,0.2045454545454545,0.1890820246059702,positive/all/chemistry/yield/shuffled_both/k5/p0f4/scale1_shuffled_both,positive,all,yield,shuffled_both,0,4,scale1_shuffled_both
amine,102,12,True,1.583454385026278,1.753973543657963,-0.1076880775626858,1.3259361446019982,test_e1n,primary,p0f4,0.2115384615384615,-0.0141648240796108,positive/all/chemistry/yield/shuffled_both/k5/p0f4/scale1_shuffled_both,positive,all,yield,shuffled_both,0,4,scale1_shuffled_both
amine,108,22,True,3.0925116457669777,3.1059239378543935,-0.004337022337741,1.5326669732552336,test_e1n,primary,p0f4,0.1714285714285714,-0.0421431290952052,positive/all/chemistry/yield/shuffled_both/k5/p0f4/scale1_shuffled_both,positive,all,yield,shuffled_both,0,4,scale1_shuffled_both
amine,109,7,True,2.636075636932713,2.826904474618979,-0.0723912603313274,1.620754559327915,test_e1n,primary,p0f4,0.2,-0.1074208949704018,positive/all/chemistry/yield/shuffled_both/k5/p0f4/scale1_shuffled_both,positive,all,yield,shuffled_both,0,4,scale1_shuffled_both
amine,110,8,True,6.060752442988502,6.176736736250291,-0.0191369461717525,1.7875016111234645,test_e1n,primary,p0f4,0.1733333333333333,-0.0764463435326439,positive/all/chemistry/yield/shuffled_both/k5/p0f4/scale1_shuffled_both,positive,all,yield,shuffled_both,0,4,scale1_shuffled_both
amine,114,8,True,1.7346564467544063,2.1433219690538134,-0.235588737507091,1.5641055096013703,test_e1n,primary,p0f4,0.1636363636363636,0.1505798985988538,positive/all/chemistry/yield/shuffled_both/k5/p0f4/scale1_shuffled_both,positive,all,yield,shuffled_both,0,4,scale1_shuffled_both
amine,117,22,True,3.9879390601680735,3.9908743972439216,-0.0007360536436391,1.5523011660066757,test_e1n,primary,p0f4,0.4285714285714285,0.0125967090369608,positive/all/chemistry/yield/shuffled_both/k5/p0f4/scale1_shuffled_both,positive,all,yield,shuffled_both,0,4,scale1_shuffled_both
amine,120,36,True,4.976554802746861,5.0831271171910295,-0.0214148780970611,2.426384119222434,test_e1n,primary,p0f4,0.1304347826086956,-0.0070636700403439,positive/all/chemistry/yield/shuffled_both/k5/p0f4/scale1_shuffled_both,positive,all,yield,shuffled_both,0,4,scale1_shuffled_both
amine,123,27,True,6.348116930324685,6.7210618442687515,-0.0587489042872737,2.1210268479214673,test_e1n,primary,p0f4,0.3478260869565217,-0.0092681834497849,positive/all/chemistry/yield/shuffled_both/k5/p0f4/scale1_shuffled_both,positive,all,yield,shuffled_both,0,4,scale1_shuffled_both
amine,143,8,True,2.9723613785735097,3.0567210137845917,-0.0283813522202229,1.332076772473918,test_e1n,primary,p0f4,0.1702127659574468,0.0015238003868731,positive/all/chemistry/yield/shuffled_both/k5/p0f4/scale1_shuffled_both,positive,all,yield,shuffled_both,0,4,scale1_shuffled_both
amine,151,8,True,5.046905293835125,5.442518821899306,-0.0783873492826245,2.494197460238704,test_e1n,primary,p0f4,0.1842105263157894,-0.0085436929507858,positive/all/chemistry/yield/shuffled_both/k5/p0f4/scale1_shuffled_both,positive,all,yield,shuffled_both,0,4,scale1_shuffled_both
amine,154,73,True,1.7010793385955605,1.7503832317951162,-0.0289838881002821,1.5393997011777527,test_e1n,primary,p0f4,0.3,0.0342552515519878,positive/all/chemistry/yield/shuffled_both/k5/p0f4/scale1_shuffled_both,positive,all,yield,shuffled_both,0,4,scale1_shuffled_both
amine,156,60,True,11.566804023659472,11.376419433996766,0.0164595673336629,1.5903518053146388,test_e1n,primary,p0f4,0.1451612903225806,0.0333964298175324,positive/all/chemistry/yield/shuffled_both/k5/p0f4/scale1_shuffled_both,positive,all,yield,shuffled_both,0,4,scale1_shuffled_both
amine,164,4,True,6.768000951440633,6.945950626998501,-0.0262927970658737,3.057170301847363,test_e1n,primary,p0f4,0.1666666666666666,-0.1485362348988419,positive/all/chemistry/yield/shuffled_both/k5/p0f4/scale1_shuffled_both,positive,all,yield,shuffled_both,0,4,scale1_shuffled_both
amine,169,51,True,9.152929617482688,9.213279641521964,-0.0065935199505964,3.1117787801114964,test_e1n,primary,p0f4,0.1785714285714285,-0.0405978613294255,positive/all/chemistry/yield/shuffled_both/k5/p0f4/scale1_shuffled_both,positive,all,yield,shuffled_both,0,4,scale1_shuffled_both
amine,170,30,True,2.4839642713323515,2.2546804916332466,0.0923055868175275,1.1804256246098928,test_e1n,primary,p0f4,0.3125,-0.0058894048276936,positive/all/chemistry/yield/shuffled_both/k5/p0f4/scale1_shuffled_both,positive,all,yield,shuffled_both,0,4,scale1_shuffled_both
amine,171,7,True,1.7879042428262244,1.6086416300921742,0.1002641016448853,0.8165750397360666,test_e1n,primary,p0f4,0.2142857142857142,0.1448059041253067,positive/all/chemistry/yield/shuffled_both/k5/p0f4/scale1_shuffled_both,positive,all,yield,shuffled_both,0,4,scale1_shuffled_both
amine,172,71,True,1.980878093021865,2.0424314373548738,-0.031073767007594,1.797745735698829,test_e1n,primary,p0f4,0.2592592592592592,0.0379485456754711,positive/all/chemistry/yield/shuffled_both/k5/p0f4/scale1_shuffled_both,positive,all,yield,shuffled_both,0,4,scale1_shuffled_both
amine,178,67,True,1.8391723327691585,1.8652874508906427,-0.0141993861348295,1.563304745601397,test_e1n,primary,p0f4,0.3043478260869565,0.0327554334118159,positive/all/chemistry/yield/shuffled_both/k5/p0f4/scale1_shuffled_both,positive,all,yield,shuffled_both,0,4,scale1_shuffled_both
amine,189,55,True,4.3033768777770245,4.408399677301026,-0.0244047413245043,2.163833819075552,test_e1n,primary,p0f4,0.25,0.0366691609917544,positive/all/chemistry/yield/shuffled_both/k5/p0f4/scale1_shuffled_both,positive,all,yield,shuffled_both,0,4,scale1_shuffled_both
amine,192,84,True,3.868878978349681,4.177817705268514,-0.0798522591809307,1.5331743255629409,test_e1n,primary,p0f4,0.2558139534883721,0.0061517761913606,positive/all/chemistry/yield/shuffled_both/k5/p0f4/scale1_shuffled_both,positive,all,yield,shuffled_both,0,4,scale1_shuffled_both
amine,194,8,True,8.8478116953207,9.143120087367285,-0.0333764327514747,3.7089434809946065,test_e1n,primary,p0f4,0.1666666666666666,-0.0720091032454266,positive/all/chemistry/yield/shuffled_both/k5/p0f4/scale1_shuffled_both,positive,all,yield,shuffled_both,0,4,scale1_shuffled_both
amine,200,5,True,3.936818504757439,3.012757842190344,0.2347226984049217,1.0511026917148427,test_e1n,primary,p0f4,0.275,0.0616272239493913,positive/all/chemistry/yield/shuffled_both/k5/p0f4/scale1_shuffled_both,positive,all,yield,shuffled_both,0,4,scale1_shuffled_both
amine,201,8,True,1.0496932703108497,1.108905037646032,-0.0564086376562626,1.4094009959539973,test_e1n,primary,p0f4,0.1538461538461538,-0.176743186375186,positive/all/chemistry/yield/shuffled_both/k5/p0f4/scale1_shuffled_both,positive,all,yield,shuffled_both,0,4,scale1_shuffled_both
amine,206,8,True,3.878705909901888,3.721518781663205,0.0405256629117982,1.359143397587629,test_e1n,primary,p0f4,0.2222222222222222,0.0971406001403595,positive/all/chemistry/yield/shuffled_both/k5/p0f4/scale1_shuffled_both,positive,all,yield,shuffled_both,0,4,scale1_shuffled_both
amine,210,37,True,1.723211433754259,1.7488712784316995,-0.014890711711178,1.3279284016866135,test_e1n,primary,p0f4,0.3571428571428571,0.0550666574444111,positive/all/chemistry/yield/shuffled_both/k5/p0f4/scale1_shuffled_both,positive,all,yield,shuffled_both,0,4,scale1_shuffled_both
amine,211,41,True,1.368903828458275,1.3473562191304245,0.0157407765833473,1.4586299808258651,test_e1n,primary,p0f4,0.5945945945945946,0.105241191985011,positive/all/chemistry/yield/shuffled_both/k5/p0f4/scale1_shuffled_both,positive,all,yield,shuffled_both,0,4,scale1_shuffled_both
amine,217,8,True,4.8421035052534975,4.575987194105508,0.0549588233418106,1.1533141374751736,test_e1n,primary,p0f4,0.1481481481481481,-0.0326319868326041,positive/all/chemistry/yield/shuffled_both/k5/p0f4/scale1_shuffled_both,positive,all,yield,shuffled_both,0,4,scale1_shuffled_both
amine,221,38,True,2.879250360969726,2.866648610009736,0.0043767472015686,2.0075546264447337,test_e1n,primary,p0f4,0.3095238095238095,0.0416718690294312,positive/all/chemistry/yield/shuffled_both/k5/p0f4/scale1_shuffled_both,positive,all,yield,shuffled_both,0,4,scale1_shuffled_both
