role,entity,n_rows,usable,mse_base,mse_pair,incremental,true_sd,bucket,contrast,fold_key,max_similarity_to_train,incremental_blind,key,block,screen,endpoint,representation,partition,fold,tag
acid,8,11,True,0.103064140147705,0.0758738916042831,0.2638187104113473,0.0,test_e1a,primary,p0f0,0.3076923076923077,-0.2937581117528201,sensitivity/all/protocol/yield/ecfp4/k5/p0f0/encoding_protocol,sensitivity,all,yield,ecfp4,0,0,encoding_protocol
acid,20,20,True,0.0400780949320497,0.0774540849814835,-0.9325790088776094,0.3243208237792357,test_e1a,primary,p0f0,0.5161290322580645,-0.2940576906933057,sensitivity/all/protocol/yield/ecfp4/k5/p0f0/encoding_protocol,sensitivity,all,yield,ecfp4,0,0,encoding_protocol
acid,21,15,True,0.1144122623306845,0.1068900721463489,0.0657463634675298,0.3533588588713422,test_e1a,primary,p0f0,0.3055555555555556,0.0396521477207336,sensitivity/all/protocol/yield/ecfp4/k5/p0f0/encoding_protocol,sensitivity,all,yield,ecfp4,0,0,encoding_protocol
acid,22,32,True,0.0322675737487968,0.0269640906478682,0.1643595252068285,0.325752544598657,test_e1a,primary,p0f0,0.5434782608695652,-0.0041823925275725,sensitivity/all/protocol/yield/ecfp4/k5/p0f0/encoding_protocol,sensitivity,all,yield,ecfp4,0,0,encoding_protocol
acid,23,37,True,0.0638633012584053,0.055219213383454,0.1353529758816462,0.3669016912212602,test_e1a,primary,p0f0,0.4651162790697674,0.1202674838159192,sensitivity/all/protocol/yield/ecfp4/k5/p0f0/encoding_protocol,sensitivity,all,yield,ecfp4,0,0,encoding_protocol
acid,24,60,True,0.0552273691095671,0.0603579668750846,-0.0928995504989347,0.3106097857668433,test_e1a,primary,p0f0,0.4042553191489361,0.0653945737066612,sensitivity/all/protocol/yield/ecfp4/k5/p0f0/encoding_protocol,sensitivity,all,yield,ecfp4,0,0,encoding_protocol
acid,36,26,True,0.0311296510922921,0.0262888290021669,0.1555051830093842,0.3273828117286926,test_e1a,primary,p0f0,0.3888888888888889,0.3006950930706837,sensitivity/all/protocol/yield/ecfp4/k5/p0f0/encoding_protocol,sensitivity,all,yield,ecfp4,0,0,encoding_protocol
acid,45,30,True,0.0197544043090393,0.0178047847022448,0.0986929079862151,0.3097406483517772,test_e1a,primary,p0f0,0.6078431372549019,-0.1424728728572482,sensitivity/all/protocol/yield/ecfp4/k5/p0f0/encoding_protocol,sensitivity,all,yield,ecfp4,0,0,encoding_protocol
acid,48,12,True,0.1410461304795941,0.1506987954437976,-0.0684362267251281,0.4231347742705268,test_e1a,primary,p0f0,0.3777777777777777,-0.0148369167927977,sensitivity/all/protocol/yield/ecfp4/k5/p0f0/encoding_protocol,sensitivity,all,yield,ecfp4,0,0,encoding_protocol
acid,54,12,True,0.0112494665462929,0.012047126031388,-0.0709064275903843,0.1666118697797823,test_e1a,primary,p0f0,0.5490196078431373,-0.2966067232793861,sensitivity/all/protocol/yield/ecfp4/k5/p0f0/encoding_protocol,sensitivity,all,yield,ecfp4,0,0,encoding_protocol
acid,56,31,True,0.0188343657998351,0.0192059252588325,-0.019727739332781,0.2521752310622324,test_e1a,primary,p0f0,0.5833333333333334,0.2553059356984145,sensitivity/all/protocol/yield/ecfp4/k5/p0f0/encoding_protocol,sensitivity,all,yield,ecfp4,0,0,encoding_protocol
acid,59,70,True,0.0409428208422515,0.0386999222064696,0.0547812434424977,0.2725540543762573,test_e1a,primary,p0f0,0.5,-0.0518531471727743,sensitivity/all/protocol/yield/ecfp4/k5/p0f0/encoding_protocol,sensitivity,all,yield,ecfp4,0,0,encoding_protocol
acid,79,5,True,0.1455807690457218,0.1001025937545645,0.312391365901318,0.3439063244547852,test_e1a,primary,p0f0,0.5319148936170213,0.0827931745429642,sensitivity/all/protocol/yield/ecfp4/k5/p0f0/encoding_protocol,sensitivity,all,yield,ecfp4,0,0,encoding_protocol
acid,81,36,True,0.034769848302639,0.0180858411920632,0.4798412396095924,0.1466718201475553,test_e1a,primary,p0f0,0.3714285714285714,0.1424571531088972,sensitivity/all/protocol/yield/ecfp4/k5/p0f0/encoding_protocol,sensitivity,all,yield,ecfp4,0,0,encoding_protocol
acid,86,21,True,0.0611120484144931,0.0411296293851512,0.3269800235431641,0.2140930206153168,test_e1a,primary,p0f0,0.2962962962962963,0.1449863637500089,sensitivity/all/protocol/yield/ecfp4/k5/p0f0/encoding_protocol,sensitivity,all,yield,ecfp4,0,0,encoding_protocol
acid,97,8,True,0.0084395030061886,0.0227830590906145,-1.6995735499955256,0.0739910310684438,test_e1a,primary,p0f0,0.1555555555555555,-0.4798297742545492,sensitivity/all/protocol/yield/ecfp4/k5/p0f0/encoding_protocol,sensitivity,all,yield,ecfp4,0,0,encoding_protocol
acid,98,30,True,0.0311123504261881,0.0311127724579517,-1.3564766333740153e-05,0.2680387240208262,test_e1a,primary,p0f0,0.146788990825688,0.1463958225811985,sensitivity/all/protocol/yield/ecfp4/k5/p0f0/encoding_protocol,sensitivity,all,yield,ecfp4,0,0,encoding_protocol
acid,100,27,True,0.0661608102111441,0.0779594722415158,-0.1783330946631049,0.3622907033084118,test_e1a,primary,p0f0,0.5142857142857142,-0.1117724331670739,sensitivity/all/protocol/yield/ecfp4/k5/p0f0/encoding_protocol,sensitivity,all,yield,ecfp4,0,0,encoding_protocol
acid,103,35,True,0.0613546519413781,0.0652412549205757,-0.0633465084752025,0.3110957204419741,test_e1a,primary,p0f0,0.3272727272727272,-0.0681934295717705,sensitivity/all/protocol/yield/ecfp4/k5/p0f0/encoding_protocol,sensitivity,all,yield,ecfp4,0,0,encoding_protocol
acid,114,59,True,0.0501431261041805,0.053118025091438,-0.0593281516010135,0.3259602998351407,test_e1a,primary,p0f0,0.3620689655172414,-0.0313443701388631,sensitivity/all/protocol/yield/ecfp4/k5/p0f0/encoding_protocol,sensitivity,all,yield,ecfp4,0,0,encoding_protocol
acid,116,10,True,0.0052936271149572,0.0027793982325379,0.4749539073719987,0.023094010767585,test_e1a,primary,p0f0,0.40625,0.605005773344876,sensitivity/all/protocol/yield/ecfp4/k5/p0f0/encoding_protocol,sensitivity,all,yield,ecfp4,0,0,encoding_protocol
acid,120,13,True,0.0874751023634133,0.1003343100160597,-0.1470042023983366,0.362814980749707,test_e1a,primary,p0f0,0.3611111111111111,-0.0766130436466185,sensitivity/all/protocol/yield/ecfp4/k5/p0f0/encoding_protocol,sensitivity,all,yield,ecfp4,0,0,encoding_protocol
acid,125,12,True,0.1401716394389454,0.2281007096972402,-0.6272957255136766,0.3855277135029178,test_e1a,primary,p0f0,0.5208333333333334,-0.039595330572524,sensitivity/all/protocol/yield/ecfp4/k5/p0f0/encoding_protocol,sensitivity,all,yield,ecfp4,0,0,encoding_protocol
acid,127,40,True,0.0346038578840954,0.0224193124782461,0.3521152308121577,0.3826546901547607,test_e1a,primary,p0f0,0.58,-0.0011085457961925,sensitivity/all/protocol/yield/ecfp4/k5/p0f0/encoding_protocol,sensitivity,all,yield,ecfp4,0,0,encoding_protocol
acid,129,87,True,0.0493901095137132,0.025534273668321,0.4830083609911523,0.3418089164384927,test_e1a,primary,p0f0,0.3559322033898305,0.1755183399080648,sensitivity/all/protocol/yield/ecfp4/k5/p0f0/encoding_protocol,sensitivity,all,yield,ecfp4,0,0,encoding_protocol
acid,133,35,True,0.0474541977977306,0.0499998971755883,-0.0536453990584462,0.3157259620450046,test_e1a,primary,p0f0,0.4857142857142857,-0.0009280791428325,sensitivity/all/protocol/yield/ecfp4/k5/p0f0/encoding_protocol,sensitivity,all,yield,ecfp4,0,0,encoding_protocol
acid,136,2,False,0.0037822265816105,0.0043498990765922,-0.1500894995931032,0.0,test_e1a,primary,p0f0,0.5833333333333334,-0.4642322599818336,sensitivity/all/protocol/yield/ecfp4/k5/p0f0/encoding_protocol,sensitivity,all,yield,ecfp4,0,0,encoding_protocol
acid,138,10,True,0.0312412679944771,0.0213298360022277,0.3172544723217242,0.1553347639419099,test_e1a,primary,p0f0,0.5238095238095238,0.2306037107600512,sensitivity/all/protocol/yield/ecfp4/k5/p0f0/encoding_protocol,sensitivity,all,yield,ecfp4,0,0,encoding_protocol
acid,141,30,True,0.0297273401854423,0.0340624424084447,-0.1458287958478454,0.3269163396970539,test_e1a,primary,p0f0,0.4146341463414634,-0.0531248622722746,sensitivity/all/protocol/yield/ecfp4/k5/p0f0/encoding_protocol,sensitivity,all,yield,ecfp4,0,0,encoding_protocol
acid,145,51,True,0.0560339112433998,0.0527672210881486,0.0582984496845377,0.3036074047122014,test_e1a,primary,p0f0,0.2653061224489796,0.0857857312312591,sensitivity/all/protocol/yield/ecfp4/k5/p0f0/encoding_protocol,sensitivity,all,yield,ecfp4,0,0,encoding_protocol
acid,147,104,True,0.0419188589117278,0.0325392610581999,0.2237560395734854,0.2900346868322949,test_e1a,primary,p0f0,0.4375,0.1409498611686027,sensitivity/all/protocol/yield/ecfp4/k5/p0f0/encoding_protocol,sensitivity,all,yield,ecfp4,0,0,encoding_protocol
acid,153,18,True,0.0774910541773477,0.0844909836438088,-0.0903320975662687,0.3739253141411471,test_e1a,primary,p0f0,0.2708333333333333,-0.1231507977874526,sensitivity/all/protocol/yield/ecfp4/k5/p0f0/encoding_protocol,sensitivity,all,yield,ecfp4,0,0,encoding_protocol
acid,156,7,True,0.0088673431930532,0.0167624551776638,-0.8903582293731183,0.2265618300975317,test_e1a,primary,p0f0,0.3157894736842105,-0.7041710125500094,sensitivity/all/protocol/yield/ecfp4/k5/p0f0/encoding_protocol,sensitivity,all,yield,ecfp4,0,0,encoding_protocol
acid,159,20,True,0.0532693585292322,0.0517035883309436,0.029393449471131,0.3389343254192004,test_e1a,primary,p0f0,0.3584905660377358,0.2149935908200867,sensitivity/all/protocol/yield/ecfp4/k5/p0f0/encoding_protocol,sensitivity,all,yield,ecfp4,0,0,encoding_protocol
acid,166,16,True,0.0354166921219157,0.0352993659882268,0.0033127355114077,0.3430629227391578,test_e1a,primary,p0f0,0.6896551724137931,0.2228541012613506,sensitivity/all/protocol/yield/ecfp4/k5/p0f0/encoding_protocol,sensitivity,all,yield,ecfp4,0,0,encoding_protocol
acid,170,22,True,0.1073883648113116,0.0966350307239969,0.1001350016476092,0.0074825467919356,test_e1a,primary,p0f0,0.8490566037735849,-0.0469256988638593,sensitivity/all/protocol/yield/ecfp4/k5/p0f0/encoding_protocol,sensitivity,all,yield,ecfp4,0,0,encoding_protocol
acid,171,2,False,0.0006872623797182,0.0010758240659835,-0.5653760452078687,0.0,test_e1a,primary,p0f0,0.6530612244897959,-0.4642322599818336,sensitivity/all/protocol/yield/ecfp4/k5/p0f0/encoding_protocol,sensitivity,all,yield,ecfp4,0,0,encoding_protocol
acid,176,10,True,0.1207020504286616,0.1151193175287268,0.0462521794792077,0.3811559209970522,test_e1a,primary,p0f0,0.6428571428571429,-0.1646962245186871,sensitivity/all/protocol/yield/ecfp4/k5/p0f0/encoding_protocol,sensitivity,all,yield,ecfp4,0,0,encoding_protocol
acid,196,2,False,0.0115032711561789,0.0135851332324696,-0.1809800054284946,0.0,test_e1a,primary,p0f0,0.6666666666666666,0.8123927852733124,sensitivity/all/protocol/yield/ecfp4/k5/p0f0/encoding_protocol,sensitivity,all,yield,ecfp4,0,0,encoding_protocol
acid,200,16,True,0.0079193910582265,0.0014658830783564,0.8148995209885892,0.0006782022805427,test_e1a,primary,p0f0,0.6896551724137931,0.5083567210360382,sensitivity/all/protocol/yield/ecfp4/k5/p0f0/encoding_protocol,sensitivity,all,yield,ecfp4,0,0,encoding_protocol
acid,202,10,True,0.0044765595645274,0.0006514012376133,0.854486190069919,0.0168233171520957,test_e1a,primary,p0f0,0.5769230769230769,0.5773306750347447,sensitivity/all/protocol/yield/ecfp4/k5/p0f0/encoding_protocol,sensitivity,all,yield,ecfp4,0,0,encoding_protocol
acid,204,14,True,0.0069010545484343,0.0043284426354322,0.3727853322918216,0.0735295410470744,test_e1a,primary,p0f0,0.6,0.4668135499148704,sensitivity/all/protocol/yield/ecfp4/k5/p0f0/encoding_protocol,sensitivity,all,yield,ecfp4,0,0,encoding_protocol
acid,216,19,True,0.0107648349877433,0.0107907124560392,-0.0024038889890432,0.2586025240375594,test_e1a,primary,p0f0,0.4827586206896552,-0.0146161588204341,sensitivity/all/protocol/yield/ecfp4/k5/p0f0/encoding_protocol,sensitivity,all,yield,ecfp4,0,0,encoding_protocol
acid,218,8,True,0.0250902961480883,0.0137385201131567,0.4524369089918651,0.146556909960407,test_e1a,primary,p0f0,0.5294117647058824,0.0710472324715433,sensitivity/all/protocol/yield/ecfp4/k5/p0f0/encoding_protocol,sensitivity,all,yield,ecfp4,0,0,encoding_protocol
acid,226,7,True,0.112745766811819,0.152865235926405,-0.3558401370540887,0.360171826718727,test_e1a,primary,p0f0,0.5,-0.1269246481917156,sensitivity/all/protocol/yield/ecfp4/k5/p0f0/encoding_protocol,sensitivity,all,yield,ecfp4,0,0,encoding_protocol
acid,227,8,True,0.1988290812378813,0.1437176485509309,0.2771799393923393,0.0960256215809093,test_e1a,primary,p0f0,0.3023255813953488,0.2813898931445402,sensitivity/all/protocol/yield/ecfp4/k5/p0f0/encoding_protocol,sensitivity,all,yield,ecfp4,0,0,encoding_protocol
acid,230,79,True,0.0722115444081754,0.0564225018268738,0.2186498393117599,0.2804655414976018,test_e1a,primary,p0f0,0.6285714285714286,0.121330123269451,sensitivity/all/protocol/yield/ecfp4/k5/p0f0/encoding_protocol,sensitivity,all,yield,ecfp4,0,0,encoding_protocol
acid,236,50,True,0.0399438742433587,0.0456651948614822,-0.1432339933594373,0.09896752920395,test_e1a,primary,p0f0,0.3469387755102041,-0.2032578677285526,sensitivity/all/protocol/yield/ecfp4/k5/p0f0/encoding_protocol,sensitivity,all,yield,ecfp4,0,0,encoding_protocol
acid,263,113,True,0.0676084202015346,0.0597494473297195,0.1162425160710483,0.3465977886978146,test_e1a,primary,p0f0,0.275,0.067947873008904,sensitivity/all/protocol/yield/ecfp4/k5/p0f0/encoding_protocol,sensitivity,all,yield,ecfp4,0,0,encoding_protocol
amine,1,8,True,0.0229149964489081,0.0225037481617306,0.0179466877987289,0.0,test_e1n,primary,p0f0,0.225,-0.0418212760361198,sensitivity/all/protocol/yield/ecfp4/k5/p0f0/encoding_protocol,sensitivity,all,yield,ecfp4,0,0,encoding_protocol
amine,6,27,True,0.0179962960959826,0.0135857349574848,0.2450816054022552,0.0153663644592713,test_e1n,primary,p0f0,0.1860465116279069,0.1308768786128789,sensitivity/all/protocol/yield/ecfp4/k5/p0f0/encoding_protocol,sensitivity,all,yield,ecfp4,0,0,encoding_protocol
amine,7,66,True,0.0239603741983247,0.0228755855645335,0.0452742776390829,0.1520050554014539,test_e1n,primary,p0f0,0.1860465116279069,0.0835679549131058,sensitivity/all/protocol/yield/ecfp4/k5/p0f0/encoding_protocol,sensitivity,all,yield,ecfp4,0,0,encoding_protocol
amine,8,8,True,0.0870255988824241,0.0982237074887378,-0.1286760303878271,0.0,test_e1n,primary,p0f0,0.1621621621621621,-0.0418213047403084,sensitivity/all/protocol/yield/ecfp4/k5/p0f0/encoding_protocol,sensitivity,all,yield,ecfp4,0,0,encoding_protocol
amine,9,143,True,0.0860528358364546,0.0861836385301915,-0.0015200276953739,0.1207485423582042,test_e1n,primary,p0f0,0.18,0.0676195412923551,sensitivity/all/protocol/yield/ecfp4/k5/p0f0/encoding_protocol,sensitivity,all,yield,ecfp4,0,0,encoding_protocol
amine,10,26,True,0.0424353865645984,0.032183329998076,0.2415921568409862,0.1850186824662268,test_e1n,primary,p0f0,0.2903225806451613,0.1808898249415974,sensitivity/all/protocol/yield/ecfp4/k5/p0f0/encoding_protocol,sensitivity,all,yield,ecfp4,0,0,encoding_protocol
amine,13,25,True,0.0654438173621163,0.0389511696796724,0.4048151338094116,0.2290744629299972,test_e1n,primary,p0f0,0.28,-0.3431951340021795,sensitivity/all/protocol/yield/ecfp4/k5/p0f0/encoding_protocol,sensitivity,all,yield,ecfp4,0,0,encoding_protocol
amine,19,8,True,0.0015425514787277,0.004511631765716,-1.9247852197691295,0.0,test_e1n,primary,p0f0,0.2131147540983606,-0.0418212760361198,sensitivity/all/protocol/yield/ecfp4/k5/p0f0/encoding_protocol,sensitivity,all,yield,ecfp4,0,0,encoding_protocol
amine,21,48,True,0.0070439830514198,0.0029045232646059,0.5876589646222279,0.0047342722073549,test_e1n,primary,p0f0,0.2553191489361702,0.0556213063775742,sensitivity/all/protocol/yield/ecfp4/k5/p0f0/encoding_protocol,sensitivity,all,yield,ecfp4,0,0,encoding_protocol
amine,26,29,True,0.0637907017874346,0.0491040375599589,0.2302320528846836,0.2361643213940399,test_e1n,primary,p0f0,0.425,-0.2256711789665244,sensitivity/all/protocol/yield/ecfp4/k5/p0f0/encoding_protocol,sensitivity,all,yield,ecfp4,0,0,encoding_protocol
amine,33,82,True,0.0168210298860872,0.0144073673225785,0.1434907719595117,0.0877525519308149,test_e1n,primary,p0f0,0.2777777777777778,0.0126956597338553,sensitivity/all/protocol/yield/ecfp4/k5/p0f0/encoding_protocol,sensitivity,all,yield,ecfp4,0,0,encoding_protocol
amine,36,8,True,0.0397637432524192,0.0653649934572985,-0.6438340083417999,0.0,test_e1n,primary,p0f0,0.1791044776119403,-0.0418212760361198,sensitivity/all/protocol/yield/ecfp4/k5/p0f0/encoding_protocol,sensitivity,all,yield,ecfp4,0,0,encoding_protocol
amine,46,26,True,0.0041587094472646,0.001316338932805,0.6834741764248753,0.0,test_e1n,primary,p0f0,0.7368421052631579,0.0783727266117318,sensitivity/all/protocol/yield/ecfp4/k5/p0f0/encoding_protocol,sensitivity,all,yield,ecfp4,0,0,encoding_protocol
amine,54,6,True,0.0061071453690455,0.0015908139307483,0.7395159547353392,0.0,test_e1n,primary,p0f0,0.1956521739130435,-0.0816477173338965,sensitivity/all/protocol/yield/ecfp4/k5/p0f0/encoding_protocol,sensitivity,all,yield,ecfp4,0,0,encoding_protocol
amine,61,48,True,0.0038213410097913,0.0028711627633415,0.2486504721811467,0.0204788872425978,test_e1n,primary,p0f0,0.8333333333333334,0.058211624887575,sensitivity/all/protocol/yield/ecfp4/k5/p0f0/encoding_protocol,sensitivity,all,yield,ecfp4,0,0,encoding_protocol
amine,63,8,True,0.0130740647721184,0.017491121892835,-0.337848802014222,0.0170018013751484,test_e1n,primary,p0f0,0.1891891891891892,-0.0405505405556767,sensitivity/all/protocol/yield/ecfp4/k5/p0f0/encoding_protocol,sensitivity,all,yield,ecfp4,0,0,encoding_protocol
amine,67,39,True,0.0280219336226446,0.0412260987206304,-0.471208206963829,0.1312298865765881,test_e1n,primary,p0f0,0.3658536585365853,0.0364318161396591,sensitivity/all/protocol/yield/ecfp4/k5/p0f0/encoding_protocol,sensitivity,all,yield,ecfp4,0,0,encoding_protocol
amine,78,8,True,0.0288580119583997,0.0396858146527548,-0.3752095851219388,0.0371795162498307,test_e1n,primary,p0f0,0.1444444444444444,-0.0205884684139405,sensitivity/all/protocol/yield/ecfp4/k5/p0f0/encoding_protocol,sensitivity,all,yield,ecfp4,0,0,encoding_protocol
amine,80,6,True,0.0756443315119817,0.0692975551875786,0.0839028675056473,0.2960922001674478,test_e1n,primary,p0f0,0.3,5.7798051743773726e-05,sensitivity/all/protocol/yield/ecfp4/k5/p0f0/encoding_protocol,sensitivity,all,yield,ecfp4,0,0,encoding_protocol
amine,84,4,True,0.1908175358385307,0.1996751889332891,-0.0464194920861655,0.3041617154848168,test_e1n,primary,p0f0,0.4054054054054054,-0.0066078125924393,sensitivity/all/protocol/yield/ecfp4/k5/p0f0/encoding_protocol,sensitivity,all,yield,ecfp4,0,0,encoding_protocol
amine,89,17,True,0.1187202774781503,0.0672306569892099,0.4337053583657324,0.2528699177326509,test_e1n,primary,p0f0,0.2857142857142857,-0.0366424736366479,sensitivity/all/protocol/yield/ecfp4/k5/p0f0/encoding_protocol,sensitivity,all,yield,ecfp4,0,0,encoding_protocol
amine,95,38,True,0.013066375028527,0.018814636868888,-0.4399278168436997,0.0844910093948658,test_e1n,primary,p0f0,0.1935483870967742,0.2693920570487059,sensitivity/all/protocol/yield/ecfp4/k5/p0f0/encoding_protocol,sensitivity,all,yield,ecfp4,0,0,encoding_protocol
amine,100,7,True,0.0108955351839996,0.0086190270576636,0.2089395415545148,0.0,test_e1n,primary,p0f0,0.2352941176470588,-0.0474514255102556,sensitivity/all/protocol/yield/ecfp4/k5/p0f0/encoding_protocol,sensitivity,all,yield,ecfp4,0,0,encoding_protocol
amine,101,36,True,0.0389973300447972,0.0402328115824357,-0.0316811826917193,0.00035,test_e1n,primary,p0f0,0.2222222222222222,0.0437796603501861,sensitivity/all/protocol/yield/ecfp4/k5/p0f0/encoding_protocol,sensitivity,all,yield,ecfp4,0,0,encoding_protocol
amine,115,14,True,0.00750195994722,0.0023154622944477,0.6913523518202993,0.0,test_e1n,primary,p0f0,0.1860465116279069,0.193557087627714,sensitivity/all/protocol/yield/ecfp4/k5/p0f0/encoding_protocol,sensitivity,all,yield,ecfp4,0,0,encoding_protocol
amine,144,21,True,0.213951921742694,0.2471367699285828,-0.1551042304999628,0.3984130852220977,test_e1n,primary,p0f0,0.2222222222222222,-0.1009954085941555,sensitivity/all/protocol/yield/ecfp4/k5/p0f0/encoding_protocol,sensitivity,all,yield,ecfp4,0,0,encoding_protocol
amine,146,3,True,0.2202453542480159,0.1879129623250524,0.1468016977400318,0.5684477577872336,test_e1n,primary,p0f0,0.1923076923076923,0.0074561462093412,sensitivity/all/protocol/yield/ecfp4/k5/p0f0/encoding_protocol,sensitivity,all,yield,ecfp4,0,0,encoding_protocol
amine,147,8,True,0.032736665936856,0.0464868751088746,-0.4200247269694674,0.0,test_e1n,primary,p0f0,0.1684210526315789,-0.0418212760361198,sensitivity/all/protocol/yield/ecfp4/k5/p0f0/encoding_protocol,sensitivity,all,yield,ecfp4,0,0,encoding_protocol
amine,150,33,True,0.105308588984011,0.1673098327754811,-0.5887577109297673,0.007801727421384,test_e1n,primary,p0f0,0.3018867924528302,0.0399987318407504,sensitivity/all/protocol/yield/ecfp4/k5/p0f0/encoding_protocol,sensitivity,all,yield,ecfp4,0,0,encoding_protocol
amine,155,8,True,0.0780243037118872,0.0983736234063308,-0.2608074500681931,0.2746708107639293,test_e1n,primary,p0f0,0.1836734693877551,0.0270149613888307,sensitivity/all/protocol/yield/ecfp4/k5/p0f0/encoding_protocol,sensitivity,all,yield,ecfp4,0,0,encoding_protocol
amine,159,33,True,0.1458582721370543,0.1714822855719625,-0.1756774782772061,0.3227073277661035,test_e1n,primary,p0f0,0.1842105263157894,-0.0080940340311692,sensitivity/all/protocol/yield/ecfp4/k5/p0f0/encoding_protocol,sensitivity,all,yield,ecfp4,0,0,encoding_protocol
amine,160,7,True,0.0130808419108198,0.0092753301444728,0.2909225409412818,0.0980148701060444,test_e1n,primary,p0f0,0.1566265060240964,-0.2434897636022122,sensitivity/all/protocol/yield/ecfp4/k5/p0f0/encoding_protocol,sensitivity,all,yield,ecfp4,0,0,encoding_protocol
amine,161,53,True,0.0773477074702811,0.0700165591845193,0.0947817139710134,0.3058801930910191,test_e1n,primary,p0f0,0.4444444444444444,0.0240355235380748,sensitivity/all/protocol/yield/ecfp4/k5/p0f0/encoding_protocol,sensitivity,all,yield,ecfp4,0,0,encoding_protocol
amine,167,46,True,0.1165580236644488,0.1008009395910024,0.1351866098794568,0.3778649958284886,test_e1n,primary,p0f0,0.3076923076923077,-0.0098312120196464,sensitivity/all/protocol/yield/ecfp4/k5/p0f0/encoding_protocol,sensitivity,all,yield,ecfp4,0,0,encoding_protocol
amine,168,6,True,0.0407874295594732,0.0393446742405702,0.0353725482209974,0.2232578688422874,test_e1n,primary,p0f0,0.1875,-0.0577858681994136,sensitivity/all/protocol/yield/ecfp4/k5/p0f0/encoding_protocol,sensitivity,all,yield,ecfp4,0,0,encoding_protocol
amine,173,65,True,0.0216127404533724,0.0288077538695169,-0.3329061130247273,0.0959129065821616,test_e1n,primary,p0f0,0.1935483870967742,0.0408630127438481,sensitivity/all/protocol/yield/ecfp4/k5/p0f0/encoding_protocol,sensitivity,all,yield,ecfp4,0,0,encoding_protocol
amine,182,97,True,0.0228490188570567,0.0118787699849239,0.4801190344654444,0.0035078863041757,test_e1n,primary,p0f0,0.1428571428571428,0.0848923552726128,sensitivity/all/protocol/yield/ecfp4/k5/p0f0/encoding_protocol,sensitivity,all,yield,ecfp4,0,0,encoding_protocol
amine,183,56,True,0.0673059990411396,0.0712382341310809,-0.0584232482388047,0.279797362779176,test_e1n,primary,p0f0,0.2631578947368421,-0.0573864152821883,sensitivity/all/protocol/yield/ecfp4/k5/p0f0/encoding_protocol,sensitivity,all,yield,ecfp4,0,0,encoding_protocol
amine,186,13,True,0.2990207756001943,0.3379568640578687,-0.1302119840319517,0.3240991467484556,test_e1n,primary,p0f0,0.3333333333333333,-0.0579794853775421,sensitivity/all/protocol/yield/ecfp4/k5/p0f0/encoding_protocol,sensitivity,all,yield,ecfp4,0,0,encoding_protocol
amine,197,8,True,0.064292565268763,0.0608916753959304,0.0528970940670336,0.2810395901825933,test_e1n,primary,p0f0,0.1830985915492957,0.0216052115160034,sensitivity/all/protocol/yield/ecfp4/k5/p0f0/encoding_protocol,sensitivity,all,yield,ecfp4,0,0,encoding_protocol
amine,204,36,True,0.0325587771422914,0.0275283015943257,0.1545044374971773,0.1590243416278109,test_e1n,primary,p0f0,0.2758620689655172,0.0448923490899602,sensitivity/all/protocol/yield/ecfp4/k5/p0f0/encoding_protocol,sensitivity,all,yield,ecfp4,0,0,encoding_protocol
amine,216,8,True,0.1213435902713718,0.1716677509258084,-0.4147245070126248,0.3510148712254632,test_e1n,primary,p0f0,0.2542372881355932,-0.0112799866220474,sensitivity/all/protocol/yield/ecfp4/k5/p0f0/encoding_protocol,sensitivity,all,yield,ecfp4,0,0,encoding_protocol
amine,220,57,True,0.1052789988678958,0.1136917507712082,-0.0799091176186874,0.3241393298343919,test_e1n,primary,p0f0,0.1212121212121212,-0.1044987089696289,sensitivity/all/protocol/yield/ecfp4/k5/p0f0/encoding_protocol,sensitivity,all,yield,ecfp4,0,0,encoding_protocol
amine,223,43,True,0.1895112826575617,0.2082433248040787,-0.0988439415523609,0.3511066787560579,test_e1n,primary,p0f0,0.2926829268292683,-0.0057073232031243,sensitivity/all/protocol/yield/ecfp4/k5/p0f0/encoding_protocol,sensitivity,all,yield,ecfp4,0,0,encoding_protocol
amine,226,25,True,0.0573981529415541,0.0537505448240942,0.0635492246793043,0.2359137077407754,test_e1n,primary,p0f0,0.225,0.0458939871187848,sensitivity/all/protocol/yield/ecfp4/k5/p0f0/encoding_protocol,sensitivity,all,yield,ecfp4,0,0,encoding_protocol
amine,227,59,True,0.1264558458400279,0.090788971444075,0.2820500243308086,0.412462755125469,test_e1n,primary,p0f0,0.3023255813953488,-0.0541347464901307,sensitivity/all/protocol/yield/ecfp4/k5/p0f0/encoding_protocol,sensitivity,all,yield,ecfp4,0,0,encoding_protocol
acid,3,36,True,0.0368470990377505,0.0338970717120515,0.0800613183327302,0.3956871697259266,test_e1a,primary,p0f0,0.6964285714285714,-0.1112169820468227,sensitivity/all/chemistry/yield/ecfp4/k5/p0f0/aggregate_cells,sensitivity,all,yield,ecfp4,0,0,aggregate_cells
acid,8,14,True,0.0963709188498673,0.0588928290902917,0.3888941830881709,0.0388865106982577,test_e1a,primary,p0f0,0.3076923076923077,-0.052253038382404,sensitivity/all/chemistry/yield/ecfp4/k5/p0f0/aggregate_cells,sensitivity,all,yield,ecfp4,0,0,aggregate_cells
acid,12,19,True,0.0269763244743326,0.0130576263542872,0.5159597681029032,0.0,test_e1a,primary,p0f0,0.3636363636363636,0.0859603887515404,sensitivity/all/chemistry/yield/ecfp4/k5/p0f0/aggregate_cells,sensitivity,all,yield,ecfp4,0,0,aggregate_cells
acid,27,35,True,0.0536628695321405,0.0156858843301348,0.707695759341755,0.060804915076653,test_e1a,primary,p0f0,0.4523809523809524,0.1190501810967319,sensitivity/all/chemistry/yield/ecfp4/k5/p0f0/aggregate_cells,sensitivity,all,yield,ecfp4,0,0,aggregate_cells
acid,46,2,False,0.0197818055323846,0.0016731511108303,0.915419696746528,0.0,test_e1a,primary,p0f0,0.5686274509803921,0.5785564939054513,sensitivity/all/chemistry/yield/ecfp4/k5/p0f0/aggregate_cells,sensitivity,all,yield,ecfp4,0,0,aggregate_cells
acid,48,14,True,0.1938879582794913,0.2005685941689076,-0.0344561671013425,0.3491816243922163,test_e1a,primary,p0f0,0.3478260869565217,0.0335523316881862,sensitivity/all/chemistry/yield/ecfp4/k5/p0f0/aggregate_cells,sensitivity,all,yield,ecfp4,0,0,aggregate_cells
acid,54,12,True,0.0213962121965374,0.0019839123766334,0.9072774022612043,0.0070581996159206,test_e1a,primary,p0f0,0.6888888888888889,0.7163334433738615,sensitivity/all/chemistry/yield/ecfp4/k5/p0f0/aggregate_cells,sensitivity,all,yield,ecfp4,0,0,aggregate_cells
acid,66,23,True,0.0684920282677514,0.0845124652597607,-0.2339022131069279,0.3938496303841797,test_e1a,primary,p0f0,0.282051282051282,0.0279061335021107,sensitivity/all/chemistry/yield/ecfp4/k5/p0f0/aggregate_cells,sensitivity,all,yield,ecfp4,0,0,aggregate_cells
acid,73,103,True,0.0423244261946064,0.0409351823214972,0.0328236906679255,0.2950902525833622,test_e1a,primary,p0f0,0.2272727272727272,0.0279949759874874,sensitivity/all/chemistry/yield/ecfp4/k5/p0f0/aggregate_cells,sensitivity,all,yield,ecfp4,0,0,aggregate_cells
acid,76,37,True,0.0236492016734013,0.0153836478607116,0.3495066737067094,0.3660669915429377,test_e1a,primary,p0f0,0.7111111111111111,-0.0872409714642972,sensitivity/all/chemistry/yield/ecfp4/k5/p0f0/aggregate_cells,sensitivity,all,yield,ecfp4,0,0,aggregate_cells
acid,79,8,True,0.1002241618688296,0.0908063383215951,0.0939675959531615,0.2593727953434702,test_e1a,primary,p0f0,0.5319148936170213,0.0577098164760242,sensitivity/all/chemistry/yield/ecfp4/k5/p0f0/aggregate_cells,sensitivity,all,yield,ecfp4,0,0,aggregate_cells
acid,83,2,False,0.0032440245594716,0.001704615339202,0.4745368575508777,0.0424264068711928,test_e1a,primary,p0f0,0.4814814814814814,0.2609640554969439,sensitivity/all/chemistry/yield/ecfp4/k5/p0f0/aggregate_cells,sensitivity,all,yield,ecfp4,0,0,aggregate_cells
acid,97,12,True,0.0040245530440543,0.014012226867141,-2.481685224112496,0.0620200621255783,test_e1a,primary,p0f0,0.1919191919191919,-0.5520559573476878,sensitivity/all/chemistry/yield/ecfp4/k5/p0f0/aggregate_cells,sensitivity,all,yield,ecfp4,0,0,aggregate_cells
acid,98,28,True,0.0200571732498859,0.0169887086305052,0.1529858959261955,0.2724250395902828,test_e1a,primary,p0f0,0.2164948453608247,0.1408090758964455,sensitivity/all/chemistry/yield/ecfp4/k5/p0f0/aggregate_cells,sensitivity,all,yield,ecfp4,0,0,aggregate_cells
acid,102,27,True,0.0617925443381679,0.0626825412216358,-0.0144029816703652,0.3781983088715936,test_e1a,primary,p0f0,0.2753623188405797,0.0775916750131502,sensitivity/all/chemistry/yield/ecfp4/k5/p0f0/aggregate_cells,sensitivity,all,yield,ecfp4,0,0,aggregate_cells
acid,112,33,True,0.0227726119846,0.0206428959848115,0.0935209365192155,0.3758545836984314,test_e1a,primary,p0f0,0.625,-0.2077230776755718,sensitivity/all/chemistry/yield/ecfp4/k5/p0f0/aggregate_cells,sensitivity,all,yield,ecfp4,0,0,aggregate_cells
acid,113,2,False,0.0027193647073501,0.0002558826432961,0.9059035212876828,0.0,test_e1a,primary,p0f0,0.2857142857142857,0.5785564939054513,sensitivity/all/chemistry/yield/ecfp4/k5/p0f0/aggregate_cells,sensitivity,all,yield,ecfp4,0,0,aggregate_cells
acid,114,49,True,0.057037660208566,0.0515058804568305,0.0969846892650884,0.3597416992518552,test_e1a,primary,p0f0,0.3620689655172414,-0.041192490721851,sensitivity/all/chemistry/yield/ecfp4/k5/p0f0/aggregate_cells,sensitivity,all,yield,ecfp4,0,0,aggregate_cells
acid,116,6,True,0.0047739001669822,0.0033173215068793,0.3051129284556588,0.0287518115371304,test_e1a,primary,p0f0,0.40625,0.4028204459089201,sensitivity/all/chemistry/yield/ecfp4/k5/p0f0/aggregate_cells,sensitivity,all,yield,ecfp4,0,0,aggregate_cells
acid,124,75,True,0.0594966152297145,0.0849452305917239,-0.4277321535645877,0.2031166565976,test_e1a,primary,p0f0,0.3269230769230769,-0.1095911371351145,sensitivity/all/chemistry/yield/ecfp4/k5/p0f0/aggregate_cells,sensitivity,all,yield,ecfp4,0,0,aggregate_cells
acid,125,12,True,0.0943210719689444,0.2068351511190622,-1.1928838042379697,0.3510829250010213,test_e1a,primary,p0f0,0.5208333333333334,-0.0818439997088196,sensitivity/all/chemistry/yield/ecfp4/k5/p0f0/aggregate_cells,sensitivity,all,yield,ecfp4,0,0,aggregate_cells
acid,126,51,True,0.0326714414356903,0.0226807737777649,0.3057920685131324,0.336109175480755,test_e1a,primary,p0f0,0.3773584905660377,0.1060038606822881,sensitivity/all/chemistry/yield/ecfp4/k5/p0f0/aggregate_cells,sensitivity,all,yield,ecfp4,0,0,aggregate_cells
acid,127,38,True,0.0257259072073807,0.0162100913576587,0.3698923335536206,0.3648208731429666,test_e1a,primary,p0f0,0.5833333333333334,-0.0214000462342749,sensitivity/all/chemistry/yield/ecfp4/k5/p0f0/aggregate_cells,sensitivity,all,yield,ecfp4,0,0,aggregate_cells
acid,128,31,True,0.054663424277886,0.0398995355190335,0.270087155239287,0.3318080232296529,test_e1a,primary,p0f0,0.6585365853658537,-0.079912329134016,sensitivity/all/chemistry/yield/ecfp4/k5/p0f0/aggregate_cells,sensitivity,all,yield,ecfp4,0,0,aggregate_cells
acid,136,4,True,0.0037496774546538,0.0065378294573095,-0.7435711568191634,0.0,test_e1a,primary,p0f0,0.5833333333333334,-1.174077115628252,sensitivity/all/chemistry/yield/ecfp4/k5/p0f0/aggregate_cells,sensitivity,all,yield,ecfp4,0,0,aggregate_cells
acid,138,14,True,0.0058141032403471,0.0048376950403363,0.1679378847687201,0.0150457178749844,test_e1a,primary,p0f0,0.5238095238095238,0.1918293532775433,sensitivity/all/chemistry/yield/ecfp4/k5/p0f0/aggregate_cells,sensitivity,all,yield,ecfp4,0,0,aggregate_cells
acid,141,28,True,0.0192366914168496,0.0242263742363742,-0.259383628473351,0.329955561461968,test_e1a,primary,p0f0,0.4146341463414634,-0.0714742711992439,sensitivity/all/chemistry/yield/ecfp4/k5/p0f0/aggregate_cells,sensitivity,all,yield,ecfp4,0,0,aggregate_cells
acid,153,17,True,0.051224116178064,0.0637471861590768,-0.2444760576733107,0.2920814399675703,test_e1a,primary,p0f0,0.2708333333333333,-0.1396721894628618,sensitivity/all/chemistry/yield/ecfp4/k5/p0f0/aggregate_cells,sensitivity,all,yield,ecfp4,0,0,aggregate_cells
acid,156,8,True,0.0381941031796692,0.0346498285860446,0.0927963821261088,0.2227620751897798,test_e1a,primary,p0f0,0.2926829268292683,0.102702429972797,sensitivity/all/chemistry/yield/ecfp4/k5/p0f0/aggregate_cells,sensitivity,all,yield,ecfp4,0,0,aggregate_cells
acid,157,16,True,0.0437331137808769,0.0463915051600668,-0.0607866934083329,0.3963136106145401,test_e1a,primary,p0f0,0.4222222222222222,0.0821665403442786,sensitivity/all/chemistry/yield/ecfp4/k5/p0f0/aggregate_cells,sensitivity,all,yield,ecfp4,0,0,aggregate_cells
acid,159,22,True,0.0736507580245001,0.0989511245847661,-0.3435180742043373,0.4007543039604904,test_e1a,primary,p0f0,0.4,0.1027719397440959,sensitivity/all/chemistry/yield/ecfp4/k5/p0f0/aggregate_cells,sensitivity,all,yield,ecfp4,0,0,aggregate_cells
acid,162,32,True,0.0372742935338729,0.0415138351405465,-0.1137390197032428,0.3444322387447109,test_e1a,primary,p0f0,0.6415094339622641,-0.1092453651952731,sensitivity/all/chemistry/yield/ecfp4/k5/p0f0/aggregate_cells,sensitivity,all,yield,ecfp4,0,0,aggregate_cells
acid,166,22,True,0.0308585313813652,0.0305392285041735,0.0103473128142623,0.3028982437754486,test_e1a,primary,p0f0,0.6896551724137931,0.1328926427568197,sensitivity/all/chemistry/yield/ecfp4/k5/p0f0/aggregate_cells,sensitivity,all,yield,ecfp4,0,0,aggregate_cells
acid,170,26,True,0.0865865283623251,0.072492651487807,0.1627721672306993,0.0078677100568374,test_e1a,primary,p0f0,0.8490566037735849,-0.0353274448386644,sensitivity/all/chemistry/yield/ecfp4/k5/p0f0/aggregate_cells,sensitivity,all,yield,ecfp4,0,0,aggregate_cells
acid,171,2,False,0.0008702213245182,0.0021262942921318,-1.443394837869365,0.0,test_e1a,primary,p0f0,0.6530612244897959,-4.922988476575671,sensitivity/all/chemistry/yield/ecfp4/k5/p0f0/aggregate_cells,sensitivity,all,yield,ecfp4,0,0,aggregate_cells
acid,176,6,True,0.1089356351275612,0.0864117680907204,0.2067630762923981,0.3595340929592074,test_e1a,primary,p0f0,0.6428571428571429,0.0345859081952452,sensitivity/all/chemistry/yield/ecfp4/k5/p0f0/aggregate_cells,sensitivity,all,yield,ecfp4,0,0,aggregate_cells
acid,192,45,True,0.0563598104530327,0.0338150413620065,0.4000149913529927,0.1051145362320203,test_e1a,primary,p0f0,0.40625,0.0687321596650348,sensitivity/all/chemistry/yield/ecfp4/k5/p0f0/aggregate_cells,sensitivity,all,yield,ecfp4,0,0,aggregate_cells
acid,196,8,True,0.0032603784814527,0.0011185461329258,0.6569275195229884,0.0,test_e1a,primary,p0f0,0.6666666666666666,0.3472366797122573,sensitivity/all/chemistry/yield/ecfp4/k5/p0f0/aggregate_cells,sensitivity,all,yield,ecfp4,0,0,aggregate_cells
acid,200,12,True,0.0042090242907903,0.0015708541028229,0.626789014674948,0.0004618802153517,test_e1a,primary,p0f0,0.6896551724137931,0.2723411860004596,sensitivity/all/chemistry/yield/ecfp4/k5/p0f0/aggregate_cells,sensitivity,all,yield,ecfp4,0,0,aggregate_cells
acid,202,8,True,0.0094471053387257,0.0046317314002149,0.5097195136346737,0.0188090403795621,test_e1a,primary,p0f0,0.5769230769230769,0.2153571152296011,sensitivity/all/chemistry/yield/ecfp4/k5/p0f0/aggregate_cells,sensitivity,all,yield,ecfp4,0,0,aggregate_cells
acid,204,8,True,0.0046217628314981,0.0088798238485231,-0.921306690167135,0.0939604780137448,test_e1a,primary,p0f0,0.6,0.6245039798969632,sensitivity/all/chemistry/yield/ecfp4/k5/p0f0/aggregate_cells,sensitivity,all,yield,ecfp4,0,0,aggregate_cells
acid,215,47,True,0.0284231446344177,0.0283289300119056,0.0033147149523352,0.2909375642924528,test_e1a,primary,p0f0,0.2045454545454545,0.0251219560512255,sensitivity/all/chemistry/yield/ecfp4/k5/p0f0/aggregate_cells,sensitivity,all,yield,ecfp4,0,0,aggregate_cells
acid,216,18,True,0.007424527030664,0.0110493658114951,-0.4882248749125952,0.2295306006483382,test_e1a,primary,p0f0,0.4827586206896552,-0.3421461842234865,sensitivity/all/chemistry/yield/ecfp4/k5/p0f0/aggregate_cells,sensitivity,all,yield,ecfp4,0,0,aggregate_cells
acid,218,8,True,0.0368602746322265,0.0345320490963974,0.0631635428400611,0.1511983459612854,test_e1a,primary,p0f0,0.5294117647058824,0.197627096578782,sensitivity/all/chemistry/yield/ecfp4/k5/p0f0/aggregate_cells,sensitivity,all,yield,ecfp4,0,0,aggregate_cells
acid,220,60,True,0.0639401823513602,0.0929812677718106,-0.4541914700972487,0.1092333080630422,test_e1a,primary,p0f0,0.2622950819672131,-0.1110468324237716,sensitivity/all/chemistry/yield/ecfp4/k5/p0f0/aggregate_cells,sensitivity,all,yield,ecfp4,0,0,aggregate_cells
acid,226,9,True,0.0720638698834183,0.0646168417391604,0.1033392760658751,0.2260884235819644,test_e1a,primary,p0f0,0.5,0.0443926884577461,sensitivity/all/chemistry/yield/ecfp4/k5/p0f0/aggregate_cells,sensitivity,all,yield,ecfp4,0,0,aggregate_cells
acid,227,11,True,0.1206414167548175,0.1097415925541026,0.0903489406367534,0.3902076270164618,test_e1a,primary,p0f0,0.3023255813953488,-0.0380964903521292,sensitivity/all/chemistry/yield/ecfp4/k5/p0f0/aggregate_cells,sensitivity,all,yield,ecfp4,0,0,aggregate_cells
acid,230,71,True,0.053741949353021,0.0510036025416777,0.0509536189942717,0.286614065422456,test_e1a,primary,p0f0,0.6285714285714286,0.0640190788264413,sensitivity/all/chemistry/yield/ecfp4/k5/p0f0/aggregate_cells,sensitivity,all,yield,ecfp4,0,0,aggregate_cells
acid,245,20,True,0.064826131814199,0.0651801647610945,-0.0054612690436348,0.3464849520162227,test_e1a,primary,p0f0,0.3584905660377358,0.0186597038405825,sensitivity/all/chemistry/yield/ecfp4/k5/p0f0/aggregate_cells,sensitivity,all,yield,ecfp4,0,0,aggregate_cells
acid,255,2,False,0.0629253243355292,0.0547810044743973,0.1294283334592745,0.0,test_e1a,primary,p0f0,0.5,0.1497489809890245,sensitivity/all/chemistry/yield/ecfp4/k5/p0f0/aggregate_cells,sensitivity,all,yield,ecfp4,0,0,aggregate_cells
acid,257,30,True,0.0259852732831149,0.0250368759600252,0.0364974927435507,0.2604414497485499,test_e1a,primary,p0f0,0.4827586206896552,0.0416120735727587,sensitivity/all/chemistry/yield/ecfp4/k5/p0f0/aggregate_cells,sensitivity,all,yield,ecfp4,0,0,aggregate_cells
acid,260,2,False,0.0001779988425806,2.0846621654563272e-05,0.8828833864741557,0.0,test_e1a,primary,p0f0,0.6764705882352942,0.5785564939054513,sensitivity/all/chemistry/yield/ecfp4/k5/p0f0/aggregate_cells,sensitivity,all,yield,ecfp4,0,0,aggregate_cells
acid,263,105,True,0.067508571489771,0.0655635903485812,0.028810876874865,0.3641276448205045,test_e1a,primary,p0f0,0.275,-0.0003960110896761,sensitivity/all/chemistry/yield/ecfp4/k5/p0f0/aggregate_cells,sensitivity,all,yield,ecfp4,0,0,aggregate_cells
acid,265,14,True,0.1217358363134432,0.1137935895931703,0.06524164913792,0.4537954561737656,test_e1a,primary,p0f0,0.3191489361702128,0.0455777517020363,sensitivity/all/chemistry/yield/ecfp4/k5/p0f0/aggregate_cells,sensitivity,all,yield,ecfp4,0,0,aggregate_cells
amine,1,8,True,0.0187447293518335,0.0241524254813716,-0.2884915555747482,0.0,test_e1n,primary,p0f0,0.225,0.126942769419037,sensitivity/all/chemistry/yield/ecfp4/k5/p0f0/aggregate_cells,sensitivity,all,yield,ecfp4,0,0,aggregate_cells
amine,3,35,True,0.0137573458138758,0.0117499080247579,0.1459175204488344,0.1076258674508029,test_e1n,primary,p0f0,0.4078947368421052,0.0779101744836612,sensitivity/all/chemistry/yield/ecfp4/k5/p0f0/aggregate_cells,sensitivity,all,yield,ecfp4,0,0,aggregate_cells
amine,5,36,True,0.0520265655579186,0.0654086972646146,-0.2572172805025594,0.1993487207590105,test_e1n,primary,p0f0,0.6578947368421053,0.0573163417097377,sensitivity/all/chemistry/yield/ecfp4/k5/p0f0/aggregate_cells,sensitivity,all,yield,ecfp4,0,0,aggregate_cells
amine,6,22,True,0.033494081752617,0.0346655008666477,-0.0349739133821509,0.0196229573343432,test_e1n,primary,p0f0,0.3636363636363636,0.1629342071351937,sensitivity/all/chemistry/yield/ecfp4/k5/p0f0/aggregate_cells,sensitivity,all,yield,ecfp4,0,0,aggregate_cells
amine,7,63,True,0.0253398227905114,0.0243156207638645,0.0404186736077089,0.1492044788510606,test_e1n,primary,p0f0,0.3636363636363636,0.0946247524582575,sensitivity/all/chemistry/yield/ecfp4/k5/p0f0/aggregate_cells,sensitivity,all,yield,ecfp4,0,0,aggregate_cells
amine,8,8,True,0.1094433975335012,0.0969641152897589,0.1140249894007752,0.0,test_e1n,primary,p0f0,0.1621621621621621,0.1269428366757155,sensitivity/all/chemistry/yield/ecfp4/k5/p0f0/aggregate_cells,sensitivity,all,yield,ecfp4,0,0,aggregate_cells
amine,9,144,True,0.0368079043447909,0.0251951417434263,0.3154964350207025,0.1290916840013416,test_e1n,primary,p0f0,0.2647058823529412,0.0689734596639222,sensitivity/all/chemistry/yield/ecfp4/k5/p0f0/aggregate_cells,sensitivity,all,yield,ecfp4,0,0,aggregate_cells
amine,11,95,True,0.0100611532539301,0.0017428341835172,0.8267759033651041,0.0020314371371286,test_e1n,primary,p0f0,0.2647058823529412,0.1096836340033446,sensitivity/all/chemistry/yield/ecfp4/k5/p0f0/aggregate_cells,sensitivity,all,yield,ecfp4,0,0,aggregate_cells
amine,19,8,True,0.001009492872101,0.005738013562849,-4.684055550492736,0.0,test_e1n,primary,p0f0,0.3846153846153846,0.126942769419037,sensitivity/all/chemistry/yield/ecfp4/k5/p0f0/aggregate_cells,sensitivity,all,yield,ecfp4,0,0,aggregate_cells
amine,21,47,True,0.0065787114129903,0.0058269311653816,0.1142746961242606,0.0047843717211309,test_e1n,primary,p0f0,0.4473684210526316,0.0858220657572066,sensitivity/all/chemistry/yield/ecfp4/k5/p0f0/aggregate_cells,sensitivity,all,yield,ecfp4,0,0,aggregate_cells
amine,24,76,True,0.1230390131850971,0.2023994560203059,-0.6450022702622031,0.1108681713457197,test_e1n,primary,p0f0,0.1379310344827586,0.0451907308915319,sensitivity/all/chemistry/yield/ecfp4/k5/p0f0/aggregate_cells,sensitivity,all,yield,ecfp4,0,0,aggregate_cells
amine,36,8,True,0.0470822636391547,0.0597172639812549,-0.2683600864847248,0.0,test_e1n,primary,p0f0,0.1791044776119403,0.126942769419037,sensitivity/all/chemistry/yield/ecfp4/k5/p0f0/aggregate_cells,sensitivity,all,yield,ecfp4,0,0,aggregate_cells
amine,43,5,True,0.2334171724014258,0.2175929105130993,0.0677939061874688,0.4848090686033008,test_e1n,primary,p0f0,0.1875,-0.0580741206173771,sensitivity/all/chemistry/yield/ecfp4/k5/p0f0/aggregate_cells,sensitivity,all,yield,ecfp4,0,0,aggregate_cells
amine,44,44,True,0.0904270471639173,0.0853314816159656,0.0563500159273692,0.3259302162206903,test_e1n,primary,p0f0,0.1875,-0.0720806038544099,sensitivity/all/chemistry/yield/ecfp4/k5/p0f0/aggregate_cells,sensitivity,all,yield,ecfp4,0,0,aggregate_cells
amine,46,25,True,0.0044532886029301,0.0015238573642787,0.6578130231047413,0.0,test_e1n,primary,p0f0,0.3541666666666667,0.1253080956611245,sensitivity/all/chemistry/yield/ecfp4/k5/p0f0/aggregate_cells,sensitivity,all,yield,ecfp4,0,0,aggregate_cells
amine,54,7,True,0.0020142429184222,0.0253118572535183,-11.56643725640851,0.0,test_e1n,primary,p0f0,0.1956521739130435,0.1377246624738014,sensitivity/all/chemistry/yield/ecfp4/k5/p0f0/aggregate_cells,sensitivity,all,yield,ecfp4,0,0,aggregate_cells
amine,63,8,True,0.0347138260003176,0.0360165532703327,-0.0375276199749095,0.0170018013751484,test_e1n,primary,p0f0,0.1891891891891892,0.1321058640471005,sensitivity/all/chemistry/yield/ecfp4/k5/p0f0/aggregate_cells,sensitivity,all,yield,ecfp4,0,0,aggregate_cells
amine,65,32,True,0.0074417272215801,0.0121275676846879,-0.6296710862391572,0.0128560324581309,test_e1n,primary,p0f0,0.2619047619047619,0.0873425329213877,sensitivity/all/chemistry/yield/ecfp4/k5/p0f0/aggregate_cells,sensitivity,all,yield,ecfp4,0,0,aggregate_cells
amine,67,39,True,0.0353011448741214,0.0478477011849894,-0.3554149973211082,0.0682607468070476,test_e1n,primary,p0f0,0.3658536585365853,0.0820544532841772,sensitivity/all/chemistry/yield/ecfp4/k5/p0f0/aggregate_cells,sensitivity,all,yield,ecfp4,0,0,aggregate_cells
amine,74,36,True,0.0421091907131713,0.0413398109107733,0.0182710659921877,0.204156927658875,test_e1n,primary,p0f0,0.3243243243243243,0.0383218084447994,sensitivity/all/chemistry/yield/ecfp4/k5/p0f0/aggregate_cells,sensitivity,all,yield,ecfp4,0,0,aggregate_cells
amine,78,8,True,0.0104406340517106,0.0122366891905493,-0.1720254852285023,0.0371795162498307,test_e1n,primary,p0f0,0.1444444444444444,0.1370047574261527,sensitivity/all/chemistry/yield/ecfp4/k5/p0f0/aggregate_cells,sensitivity,all,yield,ecfp4,0,0,aggregate_cells
amine,80,7,True,0.0677349145956104,0.0691907942765624,-0.0214937848470593,0.2720974991572304,test_e1n,primary,p0f0,0.1818181818181818,0.0197681199311579,sensitivity/all/chemistry/yield/ecfp4/k5/p0f0/aggregate_cells,sensitivity,all,yield,ecfp4,0,0,aggregate_cells
amine,84,3,True,0.1664073018805767,0.1490983740533922,0.1040154346087911,0.3301838326346906,test_e1n,primary,p0f0,0.4054054054054054,-0.1077325216295994,sensitivity/all/chemistry/yield/ecfp4/k5/p0f0/aggregate_cells,sensitivity,all,yield,ecfp4,0,0,aggregate_cells
amine,89,16,True,0.1438632358822205,0.1449002600972255,-0.0072084032355146,0.2537301493056484,test_e1n,primary,p0f0,0.3414634146341463,-0.0552358746762362,sensitivity/all/chemistry/yield/ecfp4/k5/p0f0/aggregate_cells,sensitivity,all,yield,ecfp4,0,0,aggregate_cells
amine,91,16,True,0.0694982699100932,0.0853403110897365,-0.2279487129699409,0.2770272116597934,test_e1n,primary,p0f0,0.4193548387096774,-0.2308689144316427,sensitivity/all/chemistry/yield/ecfp4/k5/p0f0/aggregate_cells,sensitivity,all,yield,ecfp4,0,0,aggregate_cells
amine,93,8,True,0.1489385768088718,0.1707162751879036,-0.1462193264205717,0.2994971213789637,test_e1n,primary,p0f0,0.4193548387096774,-0.3159927055122824,sensitivity/all/chemistry/yield/ecfp4/k5/p0f0/aggregate_cells,sensitivity,all,yield,ecfp4,0,0,aggregate_cells
amine,100,8,True,0.0129987800614855,0.0055299969331015,0.5745756981082775,0.0,test_e1n,primary,p0f0,0.2394366197183098,0.126942769419037,sensitivity/all/chemistry/yield/ecfp4/k5/p0f0/aggregate_cells,sensitivity,all,yield,ecfp4,0,0,aggregate_cells
amine,103,36,True,0.0802821024766392,0.0793004569179616,0.0122274520521336,0.2593535847613667,test_e1n,primary,p0f0,0.2241379310344827,-0.0126897192385702,sensitivity/all/chemistry/yield/ecfp4/k5/p0f0/aggregate_cells,sensitivity,all,yield,ecfp4,0,0,aggregate_cells
amine,108,26,True,0.0611945727731574,0.0608073405654423,0.0063278848134219,0.2270992018073565,test_e1n,primary,p0f0,0.1714285714285714,-0.324967395682002,sensitivity/all/chemistry/yield/ecfp4/k5/p0f0/aggregate_cells,sensitivity,all,yield,ecfp4,0,0,aggregate_cells
amine,115,10,True,0.0044875257540334,0.0097241613332062,-1.166931593532594,0.0,test_e1n,primary,p0f0,0.1860465116279069,0.324133492033648,sensitivity/all/chemistry/yield/ecfp4/k5/p0f0/aggregate_cells,sensitivity,all,yield,ecfp4,0,0,aggregate_cells
amine,124,45,True,0.0082090062481057,0.0013714567327909,0.8329326728058715,0.0,test_e1n,primary,p0f0,0.3478260869565217,0.0814001764835744,sensitivity/all/chemistry/yield/ecfp4/k5/p0f0/aggregate_cells,sensitivity,all,yield,ecfp4,0,0,aggregate_cells
amine,128,28,True,0.0309820947481303,0.0261092382335419,0.1572797628502001,0.1713431165274789,test_e1n,primary,p0f0,0.2363636363636363,0.1355369433970716,sensitivity/all/chemistry/yield/ecfp4/k5/p0f0/aggregate_cells,sensitivity,all,yield,ecfp4,0,0,aggregate_cells
amine,146,2,False,0.2134963326741935,0.1667855522976175,0.2187896147511773,0.0921360135886071,test_e1n,primary,p0f0,0.1923076923076923,-0.0866159913676287,sensitivity/all/chemistry/yield/ecfp4/k5/p0f0/aggregate_cells,sensitivity,all,yield,ecfp4,0,0,aggregate_cells
amine,147,8,True,0.0335436926306341,0.0265250170812192,0.209239800361304,0.0,test_e1n,primary,p0f0,0.3658536585365853,0.126942769419037,sensitivity/all/chemistry/yield/ecfp4/k5/p0f0/aggregate_cells,sensitivity,all,yield,ecfp4,0,0,aggregate_cells
amine,154,60,True,0.0532606841101938,0.0551559485991702,-0.0355846816585234,0.2271759040866765,test_e1n,primary,p0f0,0.3,0.0256641672794718,sensitivity/all/chemistry/yield/ecfp4/k5/p0f0/aggregate_cells,sensitivity,all,yield,ecfp4,0,0,aggregate_cells
amine,155,8,True,0.0884266798777093,0.0944903291078292,-0.0685726212779413,0.2894500240604091,test_e1n,primary,p0f0,0.1836734693877551,0.0438645601088476,sensitivity/all/chemistry/yield/ecfp4/k5/p0f0/aggregate_cells,sensitivity,all,yield,ecfp4,0,0,aggregate_cells
amine,160,7,True,0.0122218595159301,0.009307938004706,0.2384188353192931,0.0915950404147049,test_e1n,primary,p0f0,0.1617647058823529,0.1921006699042845,sensitivity/all/chemistry/yield/ecfp4/k5/p0f0/aggregate_cells,sensitivity,all,yield,ecfp4,0,0,aggregate_cells
amine,166,39,True,0.0721859175418809,0.0719515970076495,0.0032460699013135,0.2297569621870343,test_e1n,primary,p0f0,0.4761904761904761,-0.0308048720781521,sensitivity/all/chemistry/yield/ecfp4/k5/p0f0/aggregate_cells,sensitivity,all,yield,ecfp4,0,0,aggregate_cells
amine,168,6,True,0.0489945357198872,0.0423702954785738,0.135203653713255,0.2225473852164223,test_e1n,primary,p0f0,0.2666666666666666,0.04332419409605,sensitivity/all/chemistry/yield/ecfp4/k5/p0f0/aggregate_cells,sensitivity,all,yield,ecfp4,0,0,aggregate_cells
amine,183,45,True,0.0820312796432272,0.0859457232903813,-0.0477189148356449,0.2918716536286441,test_e1n,primary,p0f0,0.2631578947368421,-0.0379723426539799,sensitivity/all/chemistry/yield/ecfp4/k5/p0f0/aggregate_cells,sensitivity,all,yield,ecfp4,0,0,aggregate_cells
amine,186,9,True,0.2347420373164768,0.3094098427864873,-0.3180845080991781,0.3308503001526689,test_e1n,primary,p0f0,0.3333333333333333,-0.22589182443321,sensitivity/all/chemistry/yield/ecfp4/k5/p0f0/aggregate_cells,sensitivity,all,yield,ecfp4,0,0,aggregate_cells
amine,188,65,True,0.1133437295997084,0.1111624402807125,0.0192449050926719,0.2989356567634837,test_e1n,primary,p0f0,0.2307692307692307,-0.0253568551504284,sensitivity/all/chemistry/yield/ecfp4/k5/p0f0/aggregate_cells,sensitivity,all,yield,ecfp4,0,0,aggregate_cells
amine,197,8,True,0.0719045012279487,0.0639719705566017,0.110320362924145,0.2810395901825933,test_e1n,primary,p0f0,0.2142857142857142,0.0849528665554503,sensitivity/all/chemistry/yield/ecfp4/k5/p0f0/aggregate_cells,sensitivity,all,yield,ecfp4,0,0,aggregate_cells
amine,208,27,True,0.0966150591390745,0.0510560751852139,0.4715515817081872,0.1517351359490658,test_e1n,primary,p0f0,0.1875,0.2429318803663823,sensitivity/all/chemistry/yield/ecfp4/k5/p0f0/aggregate_cells,sensitivity,all,yield,ecfp4,0,0,aggregate_cells
amine,216,8,True,0.1523428947200727,0.2378825737530981,-0.5614943787841431,0.2636013924605537,test_e1n,primary,p0f0,0.2711864406779661,0.0550035597483018,sensitivity/all/chemistry/yield/ecfp4/k5/p0f0/aggregate_cells,sensitivity,all,yield,ecfp4,0,0,aggregate_cells
amine,220,49,True,0.1406013345805146,0.1469056348446926,-0.0448381253491434,0.3077177932915942,test_e1n,primary,p0f0,0.1212121212121212,-0.0540303355215239,sensitivity/all/chemistry/yield/ecfp4/k5/p0f0/aggregate_cells,sensitivity,all,yield,ecfp4,0,0,aggregate_cells
amine,223,43,True,0.1700384234650661,0.153839567144869,0.0952658580930976,0.3632443346351299,test_e1n,primary,p0f0,0.3055555555555556,-0.0199472201399351,sensitivity/all/chemistry/yield/ecfp4/k5/p0f0/aggregate_cells,sensitivity,all,yield,ecfp4,0,0,aggregate_cells
amine,228,21,True,0.0758063661795551,0.0542003307781816,0.2850161073569651,0.2503847377632309,test_e1n,primary,p0f0,0.4615384615384615,-0.0402152702158862,sensitivity/all/chemistry/yield/ecfp4/k5/p0f0/aggregate_cells,sensitivity,all,yield,ecfp4,0,0,aggregate_cells
acid,19,14,True,0.1925020018389917,0.1858518363380046,0.0345459550418038,0.4454139806077927,test_e1a,primary,p0f1,0.4318181818181818,0.0332087549498709,sensitivity/all/chemistry/yield/ecfp4/k5/p0f1/classical_amines,sensitivity,all,yield,ecfp4,0,1,classical_amines
acid,23,34,True,0.0584568537885856,0.0555833201617885,0.0491564879148209,0.3732272896408036,test_e1a,primary,p0f1,0.4347826086956521,0.0499140772133479,sensitivity/all/chemistry/yield/ecfp4/k5/p0f1/classical_amines,sensitivity,all,yield,ecfp4,0,1,classical_amines
acid,24,56,True,0.0398651340605655,0.0400187840407896,-0.0038542446637888,0.3201082969952432,test_e1a,primary,p0f1,0.4358974358974359,0.0269257437481386,sensitivity/all/chemistry/yield/ecfp4/k5/p0f1/classical_amines,sensitivity,all,yield,ecfp4,0,1,classical_amines
acid,26,40,True,0.0607669119278237,0.0668897567068803,-0.1007595183762029,0.4255031178815533,test_e1a,primary,p0f1,0.34,-0.0098716955065614,sensitivity/all/chemistry/yield/ecfp4/k5/p0f1/classical_amines,sensitivity,all,yield,ecfp4,0,1,classical_amines
acid,34,10,True,0.0105898485015707,0.0053971509194922,0.4903467298241546,0.0158430110774435,test_e1a,primary,p0f1,0.5849056603773585,0.2387040695659905,sensitivity/all/chemistry/yield/ecfp4/k5/p0f1/classical_amines,sensitivity,all,yield,ecfp4,0,1,classical_amines
acid,35,2,False,0.0856210366490053,0.0838436328344436,0.0207589616305153,0.2874389065523315,test_e1a,primary,p0f1,0.4318181818181818,-0.1023909907933802,sensitivity/all/chemistry/yield/ecfp4/k5/p0f1/classical_amines,sensitivity,all,yield,ecfp4,0,1,classical_amines
acid,40,30,True,0.0167162570541033,0.0220955629444996,-0.3218008596652788,0.245760896415391,test_e1a,primary,p0f1,0.6521739130434783,0.0936760436629963,sensitivity/all/chemistry/yield/ecfp4/k5/p0f1/classical_amines,sensitivity,all,yield,ecfp4,0,1,classical_amines
acid,42,34,True,0.0443782713274329,0.0296581427820802,0.3316967539529478,0.4344996568574815,test_e1a,primary,p0f1,0.6530612244897959,-0.0270887226012426,sensitivity/all/chemistry/yield/ecfp4/k5/p0f1/classical_amines,sensitivity,all,yield,ecfp4,0,1,classical_amines
acid,47,37,True,0.0804333388448672,0.0605261374076525,0.2474993792761725,0.4427560706959738,test_e1a,primary,p0f1,0.4833333333333333,-0.0363108061812997,sensitivity/all/chemistry/yield/ecfp4/k5/p0f1/classical_amines,sensitivity,all,yield,ecfp4,0,1,classical_amines
acid,54,8,True,0.0077337107499633,0.0054883258458573,0.2903373266341358,0.1996961978320354,test_e1a,primary,p0f1,0.6888888888888889,-0.1873701133905845,sensitivity/all/chemistry/yield/ecfp4/k5/p0f1/classical_amines,sensitivity,all,yield,ecfp4,0,1,classical_amines
acid,56,28,True,0.0207494793115428,0.0219972672212714,-0.0601358661098736,0.2683758121508327,test_e1a,primary,p0f1,0.5576923076923077,0.0886805797667397,sensitivity/all/chemistry/yield/ecfp4/k5/p0f1/classical_amines,sensitivity,all,yield,ecfp4,0,1,classical_amines
acid,58,71,True,0.0505201659878959,0.0483150625547705,0.0436479847206706,0.318587082864653,test_e1a,primary,p0f1,0.5,-0.0298082566621025,sensitivity/all/chemistry/yield/ecfp4/k5/p0f1/classical_amines,sensitivity,all,yield,ecfp4,0,1,classical_amines
acid,61,6,True,0.0329895985825762,0.0364317429607441,-0.1043402928820684,0.0740306423043863,test_e1a,primary,p0f1,0.59375,0.2173404038273848,sensitivity/all/chemistry/yield/ecfp4/k5/p0f1/classical_amines,sensitivity,all,yield,ecfp4,0,1,classical_amines
acid,64,25,True,0.0162716466366926,0.015105449622251,0.0716704977977935,0.3288560578226691,test_e1a,primary,p0f1,0.7111111111111111,-0.1569157821190738,sensitivity/all/chemistry/yield/ecfp4/k5/p0f1/classical_amines,sensitivity,all,yield,ecfp4,0,1,classical_amines
acid,65,8,True,0.0184679486054447,0.0170543367285803,0.0765440659959172,0.1620335189088973,test_e1a,primary,p0f1,0.6415094339622641,0.0043923903187615,sensitivity/all/chemistry/yield/ecfp4/k5/p0f1/classical_amines,sensitivity,all,yield,ecfp4,0,1,classical_amines
acid,66,28,True,0.0773145844600619,0.077859698741385,-0.0070506009329296,0.3247546863142528,test_e1a,primary,p0f1,0.3684210526315789,-0.0444100632155957,sensitivity/all/chemistry/yield/ecfp4/k5/p0f1/classical_amines,sensitivity,all,yield,ecfp4,0,1,classical_amines
acid,79,10,True,0.1549276917960212,0.1760818003059368,-0.1365418167964913,0.3727892171783465,test_e1a,primary,p0f1,0.5319148936170213,-0.0326613200955141,sensitivity/all/chemistry/yield/ecfp4/k5/p0f1/classical_amines,sensitivity,all,yield,ecfp4,0,1,classical_amines
acid,84,14,True,0.1028672773735406,0.0932093878162651,0.0938868977955439,0.3932809322905151,test_e1a,primary,p0f1,0.6585365853658537,0.0659055847950297,sensitivity/all/chemistry/yield/ecfp4/k5/p0f1/classical_amines,sensitivity,all,yield,ecfp4,0,1,classical_amines
acid,96,45,True,0.0320511564033154,0.0352465189738887,-0.0996957030306333,0.2005708625122026,test_e1a,primary,p0f1,0.3538461538461538,-0.1002272060306916,sensitivity/all/chemistry/yield/ecfp4/k5/p0f1/classical_amines,sensitivity,all,yield,ecfp4,0,1,classical_amines
acid,97,8,True,0.0111980323121333,0.0044170031186467,0.6055554229950901,0.0728581780388643,test_e1a,primary,p0f1,0.1919191919191919,0.5298173691496824,sensitivity/all/chemistry/yield/ecfp4/k5/p0f1/classical_amines,sensitivity,all,yield,ecfp4,0,1,classical_amines
acid,98,27,True,0.0312334658574533,0.0268341267572647,0.1408533756793667,0.308826313913245,test_e1a,primary,p0f1,0.2164948453608247,0.0798557372068993,sensitivity/all/chemistry/yield/ecfp4/k5/p0f1/classical_amines,sensitivity,all,yield,ecfp4,0,1,classical_amines
acid,100,23,True,0.070628033263585,0.0657803532511006,0.0686367691196038,0.3845827136473552,test_e1a,primary,p0f1,0.5142857142857142,0.0278106883401627,sensitivity/all/chemistry/yield/ecfp4/k5/p0f1/classical_amines,sensitivity,all,yield,ecfp4,0,1,classical_amines
acid,105,35,True,0.0399377314182737,0.0419029205958532,-0.0492063296484641,0.3875303725261442,test_e1a,primary,p0f1,0.3636363636363636,-0.0563216919130404,sensitivity/all/chemistry/yield/ecfp4/k5/p0f1/classical_amines,sensitivity,all,yield,ecfp4,0,1,classical_amines
acid,106,12,True,0.0250673407871552,0.0196588904900339,0.2157568424606345,0.2697480974179541,test_e1a,primary,p0f1,0.2702702702702703,0.2075225095807025,sensitivity/all/chemistry/yield/ecfp4/k5/p0f1/classical_amines,sensitivity,all,yield,ecfp4,0,1,classical_amines
acid,108,10,True,0.069076458700304,0.0671811812523697,0.0274373858126852,0.3562229933623039,test_e1a,primary,p0f1,0.5833333333333334,0.0035590238210638,sensitivity/all/chemistry/yield/ecfp4/k5/p0f1/classical_amines,sensitivity,all,yield,ecfp4,0,1,classical_amines
acid,110,12,True,0.0313520003983878,0.0217582202783256,0.306002168861785,0.1089744211716537,test_e1a,primary,p0f1,0.2857142857142857,0.0303011852723557,sensitivity/all/chemistry/yield/ecfp4/k5/p0f1/classical_amines,sensitivity,all,yield,ecfp4,0,1,classical_amines
acid,117,34,True,0.0888672166758717,0.0961673684555929,-0.0821467359144065,0.3857118841515744,test_e1a,primary,p0f1,0.303030303030303,-0.0275091459589027,sensitivity/all/chemistry/yield/ecfp4/k5/p0f1/classical_amines,sensitivity,all,yield,ecfp4,0,1,classical_amines
acid,125,14,True,0.0401581774751075,0.037941386935988,0.0552014727384877,0.2407815749038676,test_e1a,primary,p0f1,0.5208333333333334,0.0223034093101776,sensitivity/all/chemistry/yield/ecfp4/k5/p0f1/classical_amines,sensitivity,all,yield,ecfp4,0,1,classical_amines
acid,129,72,True,0.0568399475250713,0.0473191398437453,0.1675020491024643,0.3847957880761258,test_e1a,primary,p0f1,0.3559322033898305,0.0280969145711298,sensitivity/all/chemistry/yield/ecfp4/k5/p0f1/classical_amines,sensitivity,all,yield,ecfp4,0,1,classical_amines
acid,130,6,True,0.0257211058786269,0.0232233232240979,0.0971102357074238,0.0,test_e1a,primary,p0f1,0.5806451612903226,0.1069694301877981,sensitivity/all/chemistry/yield/ecfp4/k5/p0f1/classical_amines,sensitivity,all,yield,ecfp4,0,1,classical_amines
acid,152,6,True,0.0652767725425898,0.0579270232961877,0.1125936372176911,0.3291999559538245,test_e1a,primary,p0f1,0.7254901960784313,-0.0457499885071079,sensitivity/all/chemistry/yield/ecfp4/k5/p0f1/classical_amines,sensitivity,all,yield,ecfp4,0,1,classical_amines
acid,155,26,True,0.079813590318294,0.0850925105034465,-0.0661406179586743,0.3750101636571385,test_e1a,primary,p0f1,0.282051282051282,-0.0116791320052678,sensitivity/all/chemistry/yield/ecfp4/k5/p0f1/classical_amines,sensitivity,all,yield,ecfp4,0,1,classical_amines
acid,163,4,True,0.001132263723484,0.0007453222550768,0.3417414692193745,0.0,test_e1a,primary,p0f1,0.5087719298245614,0.5936522788665989,sensitivity/all/chemistry/yield/ecfp4/k5/p0f1/classical_amines,sensitivity,all,yield,ecfp4,0,1,classical_amines
acid,164,16,True,0.1098750454437759,0.0894542354041641,0.1858548495441699,0.4231199982963856,test_e1a,primary,p0f1,0.5925925925925926,0.0349988372143423,sensitivity/all/chemistry/yield/ecfp4/k5/p0f1/classical_amines,sensitivity,all,yield,ecfp4,0,1,classical_amines
acid,167,2,False,0.0250832201180822,0.0084188462414848,0.664363418976826,0.0,test_e1a,primary,p0f1,0.6551724137931034,0.4898990985132662,sensitivity/all/chemistry/yield/ecfp4/k5/p0f1/classical_amines,sensitivity,all,yield,ecfp4,0,1,classical_amines
acid,177,45,True,0.0456993080645607,0.061741900609766,-0.3510467275027755,0.3038009844146545,test_e1a,primary,p0f1,0.7924528301886793,0.0021918698608864,sensitivity/all/chemistry/yield/ecfp4/k5/p0f1/classical_amines,sensitivity,all,yield,ecfp4,0,1,classical_amines
acid,179,24,True,0.0329951425189224,0.0208628198445256,0.367700265802428,0.4025616013487064,test_e1a,primary,p0f1,0.7254901960784313,-0.0582105695353909,sensitivity/all/chemistry/yield/ecfp4/k5/p0f1/classical_amines,sensitivity,all,yield,ecfp4,0,1,classical_amines
acid,186,6,True,0.3192656141436402,0.3410528165335006,-0.068241618967642,0.3305557300466393,test_e1a,primary,p0f1,0.6111111111111112,-0.0464216734329203,sensitivity/all/chemistry/yield/ecfp4/k5/p0f1/classical_amines,sensitivity,all,yield,ecfp4,0,1,classical_amines
acid,187,56,True,0.0305456392270229,0.0301498504012104,0.0129572939322347,0.3140156223624269,test_e1a,primary,p0f1,0.5416666666666666,-0.0158959117636319,sensitivity/all/chemistry/yield/ecfp4/k5/p0f1/classical_amines,sensitivity,all,yield,ecfp4,0,1,classical_amines
acid,193,4,True,0.0127910899091955,0.0049334565862199,0.6143052217408561,0.0,test_e1a,primary,p0f1,0.1666666666666666,0.52352030416861,sensitivity/all/chemistry/yield/ecfp4/k5/p0f1/classical_amines,sensitivity,all,yield,ecfp4,0,1,classical_amines
acid,210,16,True,0.010712580964327,0.0137333760096644,-0.2819857376477896,0.2642389899945375,test_e1a,primary,p0f1,0.3541666666666667,0.0208078189128018,sensitivity/all/chemistry/yield/ecfp4/k5/p0f1/classical_amines,sensitivity,all,yield,ecfp4,0,1,classical_amines
acid,216,15,True,0.0156804141692182,0.0188955656778616,-0.2050425118843446,0.3354042888103564,test_e1a,primary,p0f1,0.4827586206896552,-0.0397719390260438,sensitivity/all/chemistry/yield/ecfp4/k5/p0f1/classical_amines,sensitivity,all,yield,ecfp4,0,1,classical_amines
acid,219,57,True,0.0587222318009667,0.0533241680189781,0.0919253852660915,0.1747167276258364,test_e1a,primary,p0f1,0.1891891891891892,-0.0212269183032483,sensitivity/all/chemistry/yield/ecfp4/k5/p0f1/classical_amines,sensitivity,all,yield,ecfp4,0,1,classical_amines
acid,222,2,False,0.0312948719031482,0.0254232327131831,0.1876230459781638,0.1001263202160151,test_e1a,primary,p0f1,0.4857142857142857,-0.0777029728559406,sensitivity/all/chemistry/yield/ecfp4/k5/p0f1/classical_amines,sensitivity,all,yield,ecfp4,0,1,classical_amines
acid,225,2,False,0.0515184978996828,0.0544075842871058,-0.0560786223435434,0.0,test_e1a,primary,p0f1,0.3783783783783784,-0.0772135462142482,sensitivity/all/chemistry/yield/ecfp4/k5/p0f1/classical_amines,sensitivity,all,yield,ecfp4,0,1,classical_amines
acid,237,10,True,0.0207207087275394,0.0218808253700269,-0.0559882703696172,0.2124769480307086,test_e1a,primary,p0f1,0.4390243902439024,-0.0608034222458917,sensitivity/all/chemistry/yield/ecfp4/k5/p0f1/classical_amines,sensitivity,all,yield,ecfp4,0,1,classical_amines
acid,239,7,True,0.0816088954692867,0.0831953017987297,-0.0194391349168547,0.3143618873058186,test_e1a,primary,p0f1,0.5833333333333334,-0.0490332321326394,sensitivity/all/chemistry/yield/ecfp4/k5/p0f1/classical_amines,sensitivity,all,yield,ecfp4,0,1,classical_amines
acid,242,6,True,0.0146213427354719,0.0180872591127611,-0.2370450128961674,0.0,test_e1a,primary,p0f1,0.59375,0.3177584678770511,sensitivity/all/chemistry/yield/ecfp4/k5/p0f1/classical_amines,sensitivity,all,yield,ecfp4,0,1,classical_amines
acid,246,8,True,0.0057501358315085,0.0060339133459263,-0.0493514453802641,0.0227469581953908,test_e1a,primary,p0f1,0.3125,0.3406468345114257,sensitivity/all/chemistry/yield/ecfp4/k5/p0f1/classical_amines,sensitivity,all,yield,ecfp4,0,1,classical_amines
acid,263,90,True,0.0702950071862381,0.0744000213946434,-0.0583969526815695,0.3629176743949854,test_e1a,primary,p0f1,0.2619047619047619,-0.0142028297842093,sensitivity/all/chemistry/yield/ecfp4/k5/p0f1/classical_amines,sensitivity,all,yield,ecfp4,0,1,classical_amines
acid,271,7,True,0.0223346941547729,0.0152796803616182,0.3158768928853696,0.119814737943925,test_e1a,primary,p0f1,0.34375,0.2479102300222335,sensitivity/all/chemistry/yield/ecfp4/k5/p0f1/classical_amines,sensitivity,all,yield,ecfp4,0,1,classical_amines
amine,11,8,True,0.1602866697294075,0.1780511304471973,-0.1108293081875073,0.2563816626911638,test_e1n,primary,p0f1,0.1578947368421052,-0.0292275553054253,sensitivity/all/chemistry/yield/ecfp4/k5/p0f1/classical_amines,sensitivity,all,yield,ecfp4,0,1,classical_amines
amine,14,8,True,0.1933581504625742,0.2010314927416532,-0.0396846073502563,0.4578247535902793,test_e1n,primary,p0f1,0.2127659574468085,-0.0291139907089998,sensitivity/all/chemistry/yield/ecfp4/k5/p0f1/classical_amines,sensitivity,all,yield,ecfp4,0,1,classical_amines
amine,22,9,True,0.0818117454717931,0.1114498349972937,-0.3622718150625348,0.2801462792502834,test_e1n,primary,p0f1,0.3,-0.142320486444579,sensitivity/all/chemistry/yield/ecfp4/k5/p0f1/classical_amines,sensitivity,all,yield,ecfp4,0,1,classical_amines
amine,31,44,True,0.0101286754010861,0.0029760776318136,0.7061730666682715,0.0121969017918174,test_e1n,primary,p0f1,0.3809523809523809,0.1666462357743665,sensitivity/all/chemistry/yield/ecfp4/k5/p0f1/classical_amines,sensitivity,all,yield,ecfp4,0,1,classical_amines
amine,36,26,True,0.0109603088923173,0.0076564100687765,0.3014421268598262,0.073543550676819,test_e1n,primary,p0f1,0.7368421052631579,0.0488473900842578,sensitivity/all/chemistry/yield/ecfp4/k5/p0f1/classical_amines,sensitivity,all,yield,ecfp4,0,1,classical_amines
amine,41,17,True,0.0165894404980019,0.0041820455964842,0.747909183737214,0.0,test_e1n,primary,p0f1,0.44,0.2143135042085375,sensitivity/all/chemistry/yield/ecfp4/k5/p0f1/classical_amines,sensitivity,all,yield,ecfp4,0,1,classical_amines
amine,42,7,True,0.0007754926101579,0.0013968549307699,-0.8012485386359678,0.0,test_e1n,primary,p0f1,0.1733333333333333,0.0724802224856721,sensitivity/all/chemistry/yield/ecfp4/k5/p0f1/classical_amines,sensitivity,all,yield,ecfp4,0,1,classical_amines
amine,46,38,True,0.3790403578778565,0.3687893638739208,0.0270445977344687,0.3278117420765206,test_e1n,primary,p0f1,0.1847826086956521,-0.025982097609789,sensitivity/all/chemistry/yield/ecfp4/k5/p0f1/classical_amines,sensitivity,all,yield,ecfp4,0,1,classical_amines
amine,49,8,True,0.0938181450756584,0.1032234402623109,-0.1002502786541741,0.2216465618791709,test_e1n,primary,p0f1,0.180327868852459,-0.0581094493712215,sensitivity/all/chemistry/yield/ecfp4/k5/p0f1/classical_amines,sensitivity,all,yield,ecfp4,0,1,classical_amines
amine,52,32,True,0.0192389928934836,0.008635025702619,0.5511705965885705,0.0128778907653589,test_e1n,primary,p0f1,0.25,0.1814841000645368,sensitivity/all/chemistry/yield/ecfp4/k5/p0f1/classical_amines,sensitivity,all,yield,ecfp4,0,1,classical_amines
amine,53,100,True,0.0188658403560967,0.0136887681074366,0.274415141384737,0.0769348516931728,test_e1n,primary,p0f1,0.2941176470588235,0.1028272453750468,sensitivity/all/chemistry/yield/ecfp4/k5/p0f1/classical_amines,sensitivity,all,yield,ecfp4,0,1,classical_amines
amine,61,42,True,0.0264644673214143,0.0184867273178432,0.3014509949012151,0.1332905539676517,test_e1n,primary,p0f1,0.2682926829268293,0.1404772620286878,sensitivity/all/chemistry/yield/ecfp4/k5/p0f1/classical_amines,sensitivity,all,yield,ecfp4,0,1,classical_amines
amine,63,50,True,0.2676459548290366,0.2753049171771501,-0.0286160213144484,0.3732039878620303,test_e1n,primary,p0f1,0.1276595744680851,-0.0269315052625436,sensitivity/all/chemistry/yield/ecfp4/k5/p0f1/classical_amines,sensitivity,all,yield,ecfp4,0,1,classical_amines
amine,71,4,True,0.0307883593327997,0.028160182859298,0.0853626672695665,0.0,test_e1n,primary,p0f1,0.2444444444444444,0.0514407787612177,sensitivity/all/chemistry/yield/ecfp4/k5/p0f1/classical_amines,sensitivity,all,yield,ecfp4,0,1,classical_amines
amine,73,7,True,0.034015319934763,0.0240579108884358,0.2927330704348575,0.0,test_e1n,primary,p0f1,0.2678571428571428,0.0553099677743317,sensitivity/all/chemistry/yield/ecfp4/k5/p0f1/classical_amines,sensitivity,all,yield,ecfp4,0,1,classical_amines
amine,81,7,True,0.0063059645697214,0.0067089359996298,-0.0639032182076153,0.0634847863289945,test_e1n,primary,p0f1,0.2674418604651162,0.0879637198963035,sensitivity/all/chemistry/yield/ecfp4/k5/p0f1/classical_amines,sensitivity,all,yield,ecfp4,0,1,classical_amines
amine,88,74,True,0.0288378948840983,0.0265105963045621,0.0807027901616874,0.1606116953484711,test_e1n,primary,p0f1,0.5185185185185185,0.0784856705651604,sensitivity/all/chemistry/yield/ecfp4/k5/p0f1/classical_amines,sensitivity,all,yield,ecfp4,0,1,classical_amines
amine,96,14,True,0.0034152254590793,0.0024154496038917,0.2927408064757982,0.0,test_e1n,primary,p0f1,0.1958762886597938,0.035554888817789,sensitivity/all/chemistry/yield/ecfp4/k5/p0f1/classical_amines,sensitivity,all,yield,ecfp4,0,1,classical_amines
amine,99,61,True,0.1456593138070731,0.1290192324330491,0.1142397347557462,0.3773955819390362,test_e1n,primary,p0f1,0.3,-0.052837842134743,sensitivity/all/chemistry/yield/ecfp4/k5/p0f1/classical_amines,sensitivity,all,yield,ecfp4,0,1,classical_amines
amine,105,46,True,0.0291481388265466,0.0127765610847839,0.5616680309911344,0.0,test_e1n,primary,p0f1,0.131578947368421,0.1607156526956356,sensitivity/all/chemistry/yield/ecfp4/k5/p0f1/classical_amines,sensitivity,all,yield,ecfp4,0,1,classical_amines
amine,107,8,True,0.0626021381432697,0.0637978136822643,-0.0190995958677679,0.2279005155764242,test_e1n,primary,p0f1,0.4411764705882353,0.0141107340879815,sensitivity/all/chemistry/yield/ecfp4/k5/p0f1/classical_amines,sensitivity,all,yield,ecfp4,0,1,classical_amines
amine,110,30,True,0.0188898726789132,0.0146534916688991,0.2242673141329929,0.0707435387569923,test_e1n,primary,p0f1,0.4074074074074074,0.1448179074378832,sensitivity/all/chemistry/yield/ecfp4/k5/p0f1/classical_amines,sensitivity,all,yield,ecfp4,0,1,classical_amines
amine,119,21,True,0.2214662881231496,0.2119087047391748,0.0431559288999333,0.3494001159129745,test_e1n,primary,p0f1,0.2162162162162162,0.0214223496479055,sensitivity/all/chemistry/yield/ecfp4/k5/p0f1/classical_amines,sensitivity,all,yield,ecfp4,0,1,classical_amines
amine,120,34,True,0.0729291911651444,0.0464480118266309,0.363108090401664,0.2961682661154508,test_e1n,primary,p0f1,0.4615384615384615,-0.0792788119710845,sensitivity/all/chemistry/yield/ecfp4/k5/p0f1/classical_amines,sensitivity,all,yield,ecfp4,0,1,classical_amines
amine,127,8,True,0.0750564942194353,0.0746569671297823,0.0053230182652143,0.2969954061092528,test_e1n,primary,p0f1,0.2608695652173913,-0.0195378124621063,sensitivity/all/chemistry/yield/ecfp4/k5/p0f1/classical_amines,sensitivity,all,yield,ecfp4,0,1,classical_amines
amine,132,98,True,0.0170426675313003,0.0171240860149467,-0.004777332157472,0.0587368608886838,test_e1n,primary,p0f1,0.196078431372549,0.0947502157219553,sensitivity/all/chemistry/yield/ecfp4/k5/p0f1/classical_amines,sensitivity,all,yield,ecfp4,0,1,classical_amines
amine,144,23,True,0.0745120185754684,0.074637592053718,-0.0016852781692169,0.3149091293736112,test_e1n,primary,p0f1,0.2727272727272727,-0.1444304665865396,sensitivity/all/chemistry/yield/ecfp4/k5/p0f1/classical_amines,sensitivity,all,yield,ecfp4,0,1,classical_amines
amine,145,51,True,0.1805417667327973,0.1899018306145633,-0.0518443130980268,0.385174884598529,test_e1n,primary,p0f1,0.1923076923076923,-0.0439108950905819,sensitivity/all/chemistry/yield/ecfp4/k5/p0f1/classical_amines,sensitivity,all,yield,ecfp4,0,1,classical_amines
amine,148,8,True,0.0257241339309641,0.0154179930750739,0.4006409266702166,0.0,test_e1n,primary,p0f1,0.21875,0.0613718982087265,sensitivity/all/chemistry/yield/ecfp4/k5/p0f1/classical_amines,sensitivity,all,yield,ecfp4,0,1,classical_amines
amine,155,30,True,0.1091635048858786,0.1053675261722631,0.0347733312299185,0.3398553290080537,test_e1n,primary,p0f1,0.1896551724137931,0.0163775410618122,sensitivity/all/chemistry/yield/ecfp4/k5/p0f1/classical_amines,sensitivity,all,yield,ecfp4,0,1,classical_amines
amine,156,71,True,0.0791820798821447,0.0762488646030636,0.0370439281646418,0.3021732641272552,test_e1n,primary,p0f1,0.2127659574468085,-0.0547648379717751,sensitivity/all/chemistry/yield/ecfp4/k5/p0f1/classical_amines,sensitivity,all,yield,ecfp4,0,1,classical_amines
amine,160,87,True,0.0307464334881399,0.0292545113559098,0.0485234208645862,0.1683909370158395,test_e1n,primary,p0f1,0.225,0.0598132880724809,sensitivity/all/chemistry/yield/ecfp4/k5/p0f1/classical_amines,sensitivity,all,yield,ecfp4,0,1,classical_amines
amine,161,8,True,0.0053532829172967,0.0029397773145975,0.4508458902668839,0.0341532575313102,test_e1n,primary,p0f1,0.2142857142857142,0.0624659647589809,sensitivity/all/chemistry/yield/ecfp4/k5/p0f1/classical_amines,sensitivity,all,yield,ecfp4,0,1,classical_amines
amine,163,8,True,0.0170155309768691,0.014624077754319,0.1405453186151517,0.1080693618204795,test_e1n,primary,p0f1,0.1791044776119403,0.0814177597140917,sensitivity/all/chemistry/yield/ecfp4/k5/p0f1/classical_amines,sensitivity,all,yield,ecfp4,0,1,classical_amines
amine,164,21,True,0.2775125658827167,0.275110295486054,0.0086564382734222,0.3806221143138715,test_e1n,primary,p0f1,0.175,-0.019113799503313,sensitivity/all/chemistry/yield/ecfp4/k5/p0f1/classical_amines,sensitivity,all,yield,ecfp4,0,1,classical_amines
amine,168,3,True,0.0667591477556015,0.0706633166609224,-0.0584814072164872,0.2835367171990252,test_e1n,primary,p0f1,0.3333333333333333,-0.0115442773251994,sensitivity/all/chemistry/yield/ecfp4/k5/p0f1/classical_amines,sensitivity,all,yield,ecfp4,0,1,classical_amines
amine,174,31,True,0.0777018398055171,0.0803199387642825,-0.033694169472928,0.1226524607540845,test_e1n,primary,p0f1,0.2244897959183673,0.033621547291847,sensitivity/all/chemistry/yield/ecfp4/k5/p0f1/classical_amines,sensitivity,all,yield,ecfp4,0,1,classical_amines
amine,180,8,True,0.1007487566779362,0.08880218311212,0.1185778758938514,0.2470982449929004,test_e1n,primary,p0f1,0.2857142857142857,-0.0221276301785908,sensitivity/all/chemistry/yield/ecfp4/k5/p0f1/classical_amines,sensitivity,all,yield,ecfp4,0,1,classical_amines
acid,5,20,True,0.0680373410974231,0.0741240006320307,-0.0894605732151123,0.3790835701155867,test_e1a,primary,p0f0,0.7777777777777778,-0.0205993218837932,sensitivity/all/chemistry/yield/ecfp4/k5/p0f0/classical_amines,sensitivity,all,yield,ecfp4,0,0,classical_amines
acid,7,2,False,0.0768509694107894,0.039787824018795,0.4822729716509064,0.0240416305603425,test_e1a,primary,p0f0,0.4366197183098591,0.1741980224873477,sensitivity/all/chemistry/yield/ecfp4/k5/p0f0/classical_amines,sensitivity,all,yield,ecfp4,0,0,classical_amines
acid,16,38,True,0.0452149942557007,0.0432944276894452,0.0424763200321172,0.2234212680297848,test_e1a,primary,p0f0,0.2444444444444444,-0.070253535652959,sensitivity/all/chemistry/yield/ecfp4/k5/p0f0/classical_amines,sensitivity,all,yield,ecfp4,0,0,classical_amines
acid,25,33,True,0.0283598719925266,0.0594653392480991,-1.0968126817980486,0.2985041987421059,test_e1a,primary,p0f0,0.484375,-0.3594267435966589,sensitivity/all/chemistry/yield/ecfp4/k5/p0f0/classical_amines,sensitivity,all,yield,ecfp4,0,0,classical_amines
acid,28,54,True,0.057715416273514,0.0609286733438879,-0.0556741556735242,0.3489388325694241,test_e1a,primary,p0f0,0.5769230769230769,0.0460418372306659,sensitivity/all/chemistry/yield/ecfp4/k5/p0f0/classical_amines,sensitivity,all,yield,ecfp4,0,0,classical_amines
acid,38,23,True,0.0274340738969146,0.0141634648602459,0.4837272468731342,0.3331507566257597,test_e1a,primary,p0f0,0.4363636363636363,0.0076746204795548,sensitivity/all/chemistry/yield/ecfp4/k5/p0f0/classical_amines,sensitivity,all,yield,ecfp4,0,0,classical_amines
acid,48,7,True,0.1912715498747479,0.2069713231704409,-0.0820810690663289,0.2409074441910558,test_e1a,primary,p0f0,0.3777777777777777,0.0218902970659085,sensitivity/all/chemistry/yield/ecfp4/k5/p0f0/classical_amines,sensitivity,all,yield,ecfp4,0,0,classical_amines
acid,51,2,False,0.0116889908422512,0.0043397724600873,0.6287299289857682,0.0,test_e1a,primary,p0f0,0.4,0.3338115602120387,sensitivity/all/chemistry/yield/ecfp4/k5/p0f0/classical_amines,sensitivity,all,yield,ecfp4,0,0,classical_amines
acid,52,27,True,0.0388794821479352,0.0422272226536549,-0.0861055837364694,0.3618031488116548,test_e1a,primary,p0f0,0.5918367346938775,-0.0485244899864922,sensitivity/all/chemistry/yield/ecfp4/k5/p0f0/classical_amines,sensitivity,all,yield,ecfp4,0,0,classical_amines
acid,57,6,True,0.1268894872240989,0.164785294569022,-0.298652064674163,0.3590907225200896,test_e1a,primary,p0f0,0.5094339622641509,-0.2631105257634814,sensitivity/all/chemistry/yield/ecfp4/k5/p0f0/classical_amines,sensitivity,all,yield,ecfp4,0,0,classical_amines
acid,62,29,True,0.0425938581072861,0.0141785797801567,0.6671214956756546,0.4239093654000718,test_e1a,primary,p0f0,0.5490196078431373,0.0016702279027386,sensitivity/all/chemistry/yield/ecfp4/k5/p0f0/classical_amines,sensitivity,all,yield,ecfp4,0,0,classical_amines
acid,67,69,True,0.0389378824384355,0.0835299058213329,-1.145209256137683,0.1420802189722003,test_e1a,primary,p0f0,0.352112676056338,-0.1012748432409,sensitivity/all/chemistry/yield/ecfp4/k5/p0f0/classical_amines,sensitivity,all,yield,ecfp4,0,0,classical_amines
acid,68,51,True,0.0399557618979794,0.0415291094138523,-0.0393772372527956,0.297515520320155,test_e1a,primary,p0f0,0.3148148148148148,0.0925895296269583,sensitivity/all/chemistry/yield/ecfp4/k5/p0f0/classical_amines,sensitivity,all,yield,ecfp4,0,0,classical_amines
acid,69,21,True,0.0356765787107976,0.0758795879861044,-1.12687400888974,0.3476021928529659,test_e1a,primary,p0f0,0.6666666666666666,0.0805284023479803,sensitivity/all/chemistry/yield/ecfp4/k5/p0f0/classical_amines,sensitivity,all,yield,ecfp4,0,0,classical_amines
acid,72,63,True,0.0629554036469046,0.1353625397074387,-1.1501337751186695,0.0312151143527506,test_e1a,primary,p0f0,0.1805555555555555,-0.2004017995133487,sensitivity/all/chemistry/yield/ecfp4/k5/p0f0/classical_amines,sensitivity,all,yield,ecfp4,0,0,classical_amines
acid,73,99,True,0.027836569046455,0.0283920982201023,-0.0199568119447544,0.2569799434905793,test_e1a,primary,p0f0,0.375,-0.0274130630052256,sensitivity/all/chemistry/yield/ecfp4/k5/p0f0/classical_amines,sensitivity,all,yield,ecfp4,0,0,classical_amines
acid,80,20,True,0.0825387782261741,0.0641195855167211,0.2231580489231426,0.418861114872975,test_e1a,primary,p0f0,0.5882352941176471,-0.0420676809713447,sensitivity/all/chemistry/yield/ecfp4/k5/p0f0/classical_amines,sensitivity,all,yield,ecfp4,0,0,classical_amines
acid,93,52,True,0.0524596858971744,0.0435039329304041,0.1707168621696358,0.2160824524681913,test_e1a,primary,p0f0,0.40625,-0.0793976177853623,sensitivity/all/chemistry/yield/ecfp4/k5/p0f0/classical_amines,sensitivity,all,yield,ecfp4,0,0,classical_amines
acid,95,2,False,0.0043622348254481,0.0001970430317296,0.9548297971993386,0.0,test_e1a,primary,p0f0,0.4893617021276595,-9.526804281745497,sensitivity/all/chemistry/yield/ecfp4/k5/p0f0/classical_amines,sensitivity,all,yield,ecfp4,0,0,classical_amines
acid,101,7,True,0.0381507446607374,0.0308771310179414,0.1906545653951974,0.1896436382371144,test_e1a,primary,p0f0,0.2153846153846154,0.1345429656143687,sensitivity/all/chemistry/yield/ecfp4/k5/p0f0/classical_amines,sensitivity,all,yield,ecfp4,0,0,classical_amines
acid,103,32,True,0.0709447485992045,0.0619435182440875,0.126876626287995,0.3362788248227853,test_e1a,primary,p0f0,0.3272727272727272,0.0241850907184858,sensitivity/all/chemistry/yield/ecfp4/k5/p0f0/classical_amines,sensitivity,all,yield,ecfp4,0,0,classical_amines
acid,109,8,True,0.0020765092381678,0.0007256430074868,0.650546699167537,0.0,test_e1a,primary,p0f0,0.34,-0.4435271350515446,sensitivity/all/chemistry/yield/ecfp4/k5/p0f0/classical_amines,sensitivity,all,yield,ecfp4,0,0,classical_amines
acid,115,2,False,0.003350168734931,0.0005057077419994,0.8490500682169764,0.0,test_e1a,primary,p0f0,0.3555555555555555,0.3338115602120387,sensitivity/all/chemistry/yield/ecfp4/k5/p0f0/classical_amines,sensitivity,all,yield,ecfp4,0,0,classical_amines
acid,116,6,True,0.010385318768091,0.0115131428080108,-0.1085979222308537,0.0287518115371304,test_e1a,primary,p0f0,0.3181818181818182,-1.7765505637999768,sensitivity/all/chemistry/yield/ecfp4/k5/p0f0/classical_amines,sensitivity,all,yield,ecfp4,0,0,classical_amines
acid,119,10,True,0.002503273750559,0.0119751918425622,-3.783812333704097,0.0109098579275809,test_e1a,primary,p0f0,0.5925925925925926,-0.5500881664133594,sensitivity/all/chemistry/yield/ecfp4/k5/p0f0/classical_amines,sensitivity,all,yield,ecfp4,0,0,classical_amines
acid,128,24,True,0.0274224238990422,0.0095405376777357,0.6520899205387533,0.4233359842721974,test_e1a,primary,p0f0,0.2641509433962264,0.0272078820916643,sensitivity/all/chemistry/yield/ecfp4/k5/p0f0/classical_amines,sensitivity,all,yield,ecfp4,0,0,classical_amines
acid,131,21,True,0.0062303809351741,0.0063517378374118,-0.0194782475582817,0.1543945161560073,test_e1a,primary,p0f0,0.7692307692307693,-0.189761742726932,sensitivity/all/chemistry/yield/ecfp4/k5/p0f0/classical_amines,sensitivity,all,yield,ecfp4,0,0,classical_amines
acid,142,6,True,0.0111169266404166,0.0065064344857156,0.4147272266724485,0.0,test_e1a,primary,p0f0,0.4225352112676056,-1.4986259844810603,sensitivity/all/chemistry/yield/ecfp4/k5/p0f0/classical_amines,sensitivity,all,yield,ecfp4,0,0,classical_amines
acid,146,11,True,0.0592081523410423,0.0558918176094193,0.05601145451256,0.3328787376808557,test_e1a,primary,p0f0,0.375,0.0620780486249616,sensitivity/all/chemistry/yield/ecfp4/k5/p0f0/classical_amines,sensitivity,all,yield,ecfp4,0,0,classical_amines
acid,157,12,True,0.0824098608327755,0.089177927001929,-0.0821268972033228,0.345594848073798,test_e1a,primary,p0f0,0.2571428571428571,0.0198353770744056,sensitivity/all/chemistry/yield/ecfp4/k5/p0f0/classical_amines,sensitivity,all,yield,ecfp4,0,0,classical_amines
acid,160,9,True,0.0040036594854767,0.0017107281538541,0.5727088779503271,0.0138447442896011,test_e1a,primary,p0f0,0.5,-0.4089772127806641,sensitivity/all/chemistry/yield/ecfp4/k5/p0f0/classical_amines,sensitivity,all,yield,ecfp4,0,0,classical_amines
acid,161,7,True,0.1450528484291362,0.2057965354154658,-0.4187693495450744,0.3071671679193905,test_e1a,primary,p0f0,0.6274509803921569,-0.0206968508923319,sensitivity/all/chemistry/yield/ecfp4/k5/p0f0/classical_amines,sensitivity,all,yield,ecfp4,0,0,classical_amines
acid,169,27,True,0.0599614977355115,0.0622264557412368,-0.037773539542258,0.3477303646853643,test_e1a,primary,p0f0,0.6296296296296297,-0.0481138684146065,sensitivity/all/chemistry/yield/ecfp4/k5/p0f0/classical_amines,sensitivity,all,yield,ecfp4,0,0,classical_amines
acid,171,2,False,0.00082972053426,0.0043230563326269,-4.210255928500646,0.0,test_e1a,primary,p0f0,0.6792452830188679,-9.526804281745497,sensitivity/all/chemistry/yield/ecfp4/k5/p0f0/classical_amines,sensitivity,all,yield,ecfp4,0,0,classical_amines
acid,173,8,True,0.0038856860631621,0.018594323651897,-3.7853386376677394,0.0905096679918781,test_e1a,primary,p0f0,0.5230769230769231,-0.2561125904733281,sensitivity/all/chemistry/yield/ecfp4/k5/p0f0/classical_amines,sensitivity,all,yield,ecfp4,0,0,classical_amines
acid,174,28,True,0.0272444177190796,0.0209418465405605,0.2313344055837641,0.4160999046957722,test_e1a,primary,p0f0,0.6981132075471698,0.0013885713807886,sensitivity/all/chemistry/yield/ecfp4/k5/p0f0/classical_amines,sensitivity,all,yield,ecfp4,0,0,classical_amines
acid,189,18,True,0.0655480070883365,0.0039640063081856,0.9395251437188088,0.0,test_e1a,primary,p0f0,0.2222222222222222,-0.0443301499107318,sensitivity/all/chemistry/yield/ecfp4/k5/p0f0/classical_amines,sensitivity,all,yield,ecfp4,0,0,classical_amines
acid,190,4,True,0.1024333377328083,0.0136175841714267,0.8670590603329997,0.0,test_e1a,primary,p0f0,0.2222222222222222,-0.0294768720457736,sensitivity/all/chemistry/yield/ecfp4/k5/p0f0/classical_amines,sensitivity,all,yield,ecfp4,0,0,classical_amines
acid,191,10,True,0.0156877701552645,0.0112775265060776,0.2811262279812871,0.0621703787989103,test_e1a,primary,p0f0,0.2222222222222222,-0.0882680094204118,sensitivity/all/chemistry/yield/ecfp4/k5/p0f0/classical_amines,sensitivity,all,yield,ecfp4,0,0,classical_amines
acid,195,27,True,0.023370788576357,0.0589834242920708,-1.5238097593224196,0.3357917215424023,test_e1a,primary,p0f0,0.4666666666666667,0.0607376844208229,sensitivity/all/chemistry/yield/ecfp4/k5/p0f0/classical_amines,sensitivity,all,yield,ecfp4,0,0,classical_amines
acid,199,4,True,0.005452017349986,0.0145352823464621,-1.6660374341066984,0.0,test_e1a,primary,p0f0,0.9565217391304348,-0.301989356367494,sensitivity/all/chemistry/yield/ecfp4/k5/p0f0/classical_amines,sensitivity,all,yield,ecfp4,0,0,classical_amines
acid,202,6,True,0.0046991790644472,0.0015513001262571,0.66987848196851,0.0217188090526775,test_e1a,primary,p0f0,0.6206896551724138,-1.6077234450619575,sensitivity/all/chemistry/yield/ecfp4/k5/p0f0/classical_amines,sensitivity,all,yield,ecfp4,0,0,classical_amines
acid,205,11,True,0.0029544666734566,0.0224903266808442,-6.612313546434827,0.2144495783077309,test_e1a,primary,p0f0,0.3541666666666667,0.3343082287739066,sensitivity/all/chemistry/yield/ecfp4/k5/p0f0/classical_amines,sensitivity,all,yield,ecfp4,0,0,classical_amines
acid,209,8,True,0.1120169137809305,0.0961378096395461,0.1417563080914625,0.3273550843503122,test_e1a,primary,p0f0,0.3529411764705882,-0.0020111825742548,sensitivity/all/chemistry/yield/ecfp4/k5/p0f0/classical_amines,sensitivity,all,yield,ecfp4,0,0,classical_amines
acid,211,12,True,0.1047796487040272,0.2577548753316654,-1.4599707912721662,0.1113857136125171,test_e1a,primary,p0f0,0.3541666666666667,0.0094873272926475,sensitivity/all/chemistry/yield/ecfp4/k5/p0f0/classical_amines,sensitivity,all,yield,ecfp4,0,0,classical_amines
acid,221,8,True,0.0075736614897011,0.0008315592418611,0.890203801293217,0.0,test_e1a,primary,p0f0,0.625,-1.500284775970472,sensitivity/all/chemistry/yield/ecfp4/k5/p0f0/classical_amines,sensitivity,all,yield,ecfp4,0,0,classical_amines
acid,226,9,True,0.0774869503867999,0.0859884089856405,-0.109714713979617,0.3406427017826417,test_e1a,primary,p0f0,0.5,-0.0893872719373454,sensitivity/all/chemistry/yield/ecfp4/k5/p0f0/classical_amines,sensitivity,all,yield,ecfp4,0,0,classical_amines
acid,241,69,True,0.0275293189870496,0.0369923974477281,-0.3437454615252246,0.2636407761583314,test_e1a,primary,p0f0,0.3488372093023256,-0.0442924532650839,sensitivity/all/chemistry/yield/ecfp4/k5/p0f0/classical_amines,sensitivity,all,yield,ecfp4,0,0,classical_amines
acid,245,21,True,0.0935624194314977,0.0852645589189508,0.0886879642805967,0.363166653598199,test_e1a,primary,p0f0,0.3043478260869565,0.0600359047648292,sensitivity/all/chemistry/yield/ecfp4/k5/p0f0/classical_amines,sensitivity,all,yield,ecfp4,0,0,classical_amines
acid,256,8,True,0.0799658250009447,0.0742531402382897,0.0714390774132268,0.2533673561113529,test_e1a,primary,p0f0,0.3902439024390244,-0.0363771069888418,sensitivity/all/chemistry/yield/ecfp4/k5/p0f0/classical_amines,sensitivity,all,yield,ecfp4,0,0,classical_amines
acid,260,2,False,0.0001341881925424,0.0001598657795578,-0.1913550404760966,0.0,test_e1a,primary,p0f0,0.6764705882352942,0.3338115602120387,sensitivity/all/chemistry/yield/ecfp4/k5/p0f0/classical_amines,sensitivity,all,yield,ecfp4,0,0,classical_amines
acid,262,92,True,0.046827868919436,0.043142379052742,0.0787029166976334,0.281722145537393,test_e1a,primary,p0f0,0.3157894736842105,0.1285723499950619,sensitivity/all/chemistry/yield/ecfp4/k5/p0f0/classical_amines,sensitivity,all,yield,ecfp4,0,0,classical_amines
acid,265,12,True,0.1031651825295512,0.0908993108453766,0.1188954585590058,0.484953164249035,test_e1a,primary,p0f0,0.3191489361702128,0.0231925323615125,sensitivity/all/chemistry/yield/ecfp4/k5/p0f0/classical_amines,sensitivity,all,yield,ecfp4,0,0,classical_amines
acid,266,18,True,0.0246486827308569,0.0258647694398002,-0.0493367829113613,0.3285129762859228,test_e1a,primary,p0f0,0.391304347826087,0.0993031555826624,sensitivity/all/chemistry/yield/ecfp4/k5/p0f0/classical_amines,sensitivity,all,yield,ecfp4,0,0,classical_amines
acid,269,8,True,0.0064238365105055,0.0080936902814108,-0.2599464927500015,0.0982344135219425,test_e1a,primary,p0f0,0.64,-1.9761959476115152,sensitivity/all/chemistry/yield/ecfp4/k5/p0f0/classical_amines,sensitivity,all,yield,ecfp4,0,0,classical_amines
amine,0,9,True,0.0507527161657529,0.0728366054755127,-0.4351272400404384,0.0,test_e1n,primary,p0f0,0.1951219512195122,-0.2758891497311859,sensitivity/all/chemistry/yield/ecfp4/k5/p0f0/classical_amines,sensitivity,all,yield,ecfp4,0,0,classical_amines
amine,4,9,True,0.0131521547982021,0.0143513301838811,-0.0911771039862523,0.0,test_e1n,primary,p0f0,0.25,-0.2758891497311859,sensitivity/all/chemistry/yield/ecfp4/k5/p0f0/classical_amines,sensitivity,all,yield,ecfp4,0,0,classical_amines
amine,8,99,True,0.0550651835749467,0.057063258469811,-0.0362856303229213,0.0753837977109696,test_e1n,primary,p0f0,0.1702127659574468,-0.4745888180210562,sensitivity/all/chemistry/yield/ecfp4/k5/p0f0/classical_amines,sensitivity,all,yield,ecfp4,0,0,classical_amines
amine,18,56,True,0.0961065721839062,0.0878446732098339,0.0859660144600996,0.3525522132290404,test_e1n,primary,p0f0,0.3928571428571428,0.1176157625051422,sensitivity/all/chemistry/yield/ecfp4/k5/p0f0/classical_amines,sensitivity,all,yield,ecfp4,0,0,classical_amines
amine,20,23,True,0.1514462310864733,0.1624316958695677,-0.0725370628525041,0.1132198862754301,test_e1n,primary,p0f0,0.3571428571428571,-0.2750989333449083,sensitivity/all/chemistry/yield/ecfp4/k5/p0f0/classical_amines,sensitivity,all,yield,ecfp4,0,0,classical_amines
amine,21,28,True,0.1002534258508421,0.0889586511504553,0.1126622317843905,0.3476172953423981,test_e1n,primary,p0f0,0.425,0.1108035948958244,sensitivity/all/chemistry/yield/ecfp4/k5/p0f0/classical_amines,sensitivity,all,yield,ecfp4,0,0,classical_amines
amine,27,9,True,0.0234857307144278,0.0238779887671454,-0.0167019735296811,0.0,test_e1n,primary,p0f0,0.175,-0.2758891497311859,sensitivity/all/chemistry/yield/ecfp4/k5/p0f0/classical_amines,sensitivity,all,yield,ecfp4,0,0,classical_amines
amine,32,46,True,0.0738429846544827,0.0630998661435364,0.1454859735317344,0.10054825623012,test_e1n,primary,p0f0,0.217391304347826,-0.1889578184400631,sensitivity/all/chemistry/yield/ecfp4/k5/p0f0/classical_amines,sensitivity,all,yield,ecfp4,0,0,classical_amines
amine,37,8,True,0.0764741686599852,0.0593014604518784,0.2245556703526779,0.3036872909989578,test_e1n,primary,p0f0,0.2592592592592592,0.127901813128453,sensitivity/all/chemistry/yield/ecfp4/k5/p0f0/classical_amines,sensitivity,all,yield,ecfp4,0,0,classical_amines
amine,47,9,True,0.0134955978568497,0.0182127357178747,-0.349531596233124,0.0,test_e1n,primary,p0f0,0.1724137931034483,-0.2758891497311859,sensitivity/all/chemistry/yield/ecfp4/k5/p0f0/classical_amines,sensitivity,all,yield,ecfp4,0,0,classical_amines
amine,48,52,True,0.0117765210392489,0.003310745416213,0.7188689762300002,0.0222629828917829,test_e1n,primary,p0f0,0.8333333333333334,-0.2698547988752415,sensitivity/all/chemistry/yield/ecfp4/k5/p0f0/classical_amines,sensitivity,all,yield,ecfp4,0,0,classical_amines
amine,55,33,True,0.0541526388505933,0.0146796305199559,0.7289212339133297,0.0114287723365728,test_e1n,primary,p0f0,0.296875,-0.2270760180888282,sensitivity/all/chemistry/yield/ecfp4/k5/p0f0/classical_amines,sensitivity,all,yield,ecfp4,0,0,classical_amines
amine,67,3,True,0.2664618667362786,0.3190063192761965,-0.1971931413057384,0.5212895580513132,test_e1n,primary,p0f0,0.2777777777777778,0.0496602746550428,sensitivity/all/chemistry/yield/ecfp4/k5/p0f0/classical_amines,sensitivity,all,yield,ecfp4,0,0,classical_amines
amine,69,4,True,0.0187930875552209,0.0150332859832773,0.200063005128664,0.2820278591439742,test_e1n,primary,p0f0,0.53125,0.1182130910920193,sensitivity/all/chemistry/yield/ecfp4/k5/p0f0/classical_amines,sensitivity,all,yield,ecfp4,0,0,classical_amines
amine,76,13,True,0.0521469471317738,0.0576815255864839,-0.1061342755257432,0.2389882611643487,test_e1n,primary,p0f0,0.2857142857142857,-0.056843055944358,sensitivity/all/chemistry/yield/ecfp4/k5/p0f0/classical_amines,sensitivity,all,yield,ecfp4,0,0,classical_amines
amine,78,6,True,0.0918641691644256,0.0751014312962624,0.1824730797723757,0.3972398704393438,test_e1n,primary,p0f0,0.2857142857142857,0.0837738114586442,sensitivity/all/chemistry/yield/ecfp4/k5/p0f0/classical_amines,sensitivity,all,yield,ecfp4,0,0,classical_amines
amine,83,8,True,0.032448546024154,0.0195371150103361,0.3979047629501473,0.0,test_e1n,primary,p0f0,0.2394366197183098,-0.2892771982691322,sensitivity/all/chemistry/yield/ecfp4/k5/p0f0/classical_amines,sensitivity,all,yield,ecfp4,0,0,classical_amines
amine,85,18,True,0.0895256040446509,0.0819553375189635,0.0845597927706998,0.2862338723943802,test_e1n,primary,p0f0,0.1857142857142857,-0.002592350299607,sensitivity/all/chemistry/yield/ecfp4/k5/p0f0/classical_amines,sensitivity,all,yield,ecfp4,0,0,classical_amines
amine,86,30,True,0.1402341687330421,0.1543611781522866,-0.1007387111634501,0.2909604677496643,test_e1n,primary,p0f0,0.2708333333333333,-0.0738201637356128,sensitivity/all/chemistry/yield/ecfp4/k5/p0f0/classical_amines,sensitivity,all,yield,ecfp4,0,0,classical_amines
amine,87,9,True,0.0340176810438779,0.0253896451605615,0.2536338638776551,0.054,test_e1n,primary,p0f0,0.2564102564102564,-0.2869001371640463,sensitivity/all/chemistry/yield/ecfp4/k5/p0f0/classical_amines,sensitivity,all,yield,ecfp4,0,0,classical_amines
amine,92,43,True,0.114650277267689,0.1472513770600863,-0.2843525595344114,0.0806562828860359,test_e1n,primary,p0f0,0.3142857142857143,-0.1936282683540091,sensitivity/all/chemistry/yield/ecfp4/k5/p0f0/classical_amines,sensitivity,all,yield,ecfp4,0,0,classical_amines
amine,95,8,True,0.0939541368931113,0.0743794631709996,0.2083428614152578,0.4164674837247201,test_e1n,primary,p0f0,0.1724137931034483,0.0300529649852115,sensitivity/all/chemistry/yield/ecfp4/k5/p0f0/classical_amines,sensitivity,all,yield,ecfp4,0,0,classical_amines
amine,98,21,True,0.2060287875310482,0.1639187800995819,0.2043889494089283,0.3172952651485904,test_e1n,primary,p0f0,0.358974358974359,0.0007385851747768,sensitivity/all/chemistry/yield/ecfp4/k5/p0f0/classical_amines,sensitivity,all,yield,ecfp4,0,0,classical_amines
amine,100,54,True,0.1127871322994249,0.0879429661360744,0.220274827959937,0.3151662044415333,test_e1n,primary,p0f0,0.275,0.1130164401129996,sensitivity/all/chemistry/yield/ecfp4/k5/p0f0/classical_amines,sensitivity,all,yield,ecfp4,0,0,classical_amines
amine,106,17,True,0.1153579974804047,0.0777849987547544,0.3257077926654596,0.2450438455664618,test_e1n,primary,p0f0,0.3404255319148936,0.0809198449412088,sensitivity/all/chemistry/yield/ecfp4/k5/p0f0/classical_amines,sensitivity,all,yield,ecfp4,0,0,classical_amines
amine,109,37,True,0.0827014184070231,0.0565248801636504,0.3165186129522267,0.3135111913985402,test_e1n,primary,p0f0,0.3023255813953488,0.0901318925024098,sensitivity/all/chemistry/yield/ecfp4/k5/p0f0/classical_amines,sensitivity,all,yield,ecfp4,0,0,classical_amines
amine,114,63,True,0.2277155116992076,0.1675679776822012,0.2641345491494495,0.3825892834028491,test_e1n,primary,p0f0,0.2307692307692307,0.1066084314612307,sensitivity/all/chemistry/yield/ecfp4/k5/p0f0/classical_amines,sensitivity,all,yield,ecfp4,0,0,classical_amines
amine,118,9,True,0.0484090639631283,0.0265387763631791,0.4517808403940033,0.0,test_e1n,primary,p0f0,0.1702127659574468,-0.2758891497311859,sensitivity/all/chemistry/yield/ecfp4/k5/p0f0/classical_amines,sensitivity,all,yield,ecfp4,0,0,classical_amines
amine,125,34,True,0.245844466415185,0.3115962611786155,-0.2674528156854592,0.0206170492156387,test_e1n,primary,p0f0,0.26,-0.2303205014149569,sensitivity/all/chemistry/yield/ecfp4/k5/p0f0/classical_amines,sensitivity,all,yield,ecfp4,0,0,classical_amines
amine,130,57,True,0.0350305089532188,0.0254367589204241,0.2738684169735198,0.1203127215943667,test_e1n,primary,p0f0,0.1451612903225806,-0.3062024415089879,sensitivity/all/chemistry/yield/ecfp4/k5/p0f0/classical_amines,sensitivity,all,yield,ecfp4,0,0,classical_amines
amine,131,9,True,0.036492029903381,0.0414123897275234,-0.1348338208965043,0.2038,test_e1n,primary,p0f0,0.1688311688311688,-0.1821777209456043,sensitivity/all/chemistry/yield/ecfp4/k5/p0f0/classical_amines,sensitivity,all,yield,ecfp4,0,0,classical_amines
amine,135,9,True,0.2446080577462101,0.4311101362827541,-0.7624527182585565,0.0,test_e1n,primary,p0f0,0.3125,-0.2758891497311859,sensitivity/all/chemistry/yield/ecfp4/k5/p0f0/classical_amines,sensitivity,all,yield,ecfp4,0,0,classical_amines
amine,159,30,True,0.0979034807511925,0.077688222424594,0.2064815078227161,0.2649564025078183,test_e1n,primary,p0f0,0.22,0.036057776978118,sensitivity/all/chemistry/yield/ecfp4/k5/p0f0/classical_amines,sensitivity,all,yield,ecfp4,0,0,classical_amines
amine,166,35,True,0.1423407203220106,0.1104797724865808,0.223835791777309,0.3643332148764162,test_e1n,primary,p0f0,0.3333333333333333,0.085745374206182,sensitivity/all/chemistry/yield/ecfp4/k5/p0f0/classical_amines,sensitivity,all,yield,ecfp4,0,0,classical_amines
amine,173,80,True,0.0456722801193257,0.0504119262006668,-0.1037751141164406,0.0469949320591115,test_e1n,primary,p0f0,0.2321428571428571,-0.2604609647930476,sensitivity/all/chemistry/yield/ecfp4/k5/p0f0/classical_amines,sensitivity,all,yield,ecfp4,0,0,classical_amines
amine,175,76,True,0.1345269873755863,0.1240016629173699,0.0782395017055622,0.3413108374302938,test_e1n,primary,p0f0,0.4,0.0326593314549,sensitivity/all/chemistry/yield/ecfp4/k5/p0f0/classical_amines,sensitivity,all,yield,ecfp4,0,0,classical_amines
amine,181,9,True,0.0982945189494155,0.0911348826928681,0.0728386112783343,0.3126337713683536,test_e1n,primary,p0f0,0.1632653061224489,0.0914129556766515,sensitivity/all/chemistry/yield/ecfp4/k5/p0f0/classical_amines,sensitivity,all,yield,ecfp4,0,0,classical_amines
amine,182,9,True,0.1385460475209791,0.2496415214064045,-0.8018667863376101,0.3252045411907883,test_e1n,primary,p0f0,0.2542372881355932,-0.0687739840769923,sensitivity/all/chemistry/yield/ecfp4/k5/p0f0/classical_amines,sensitivity,all,yield,ecfp4,0,0,classical_amines
amine,190,130,True,0.0189882923381286,0.0236928338371138,-0.2477601152968551,0.0172959113260529,test_e1n,primary,p0f0,0.196078431372549,-0.3977175258104704,sensitivity/all/chemistry/yield/ecfp4/k5/p0f0/classical_amines,sensitivity,all,yield,ecfp4,0,0,classical_amines
acid,4,34,True,0.0210014188989642,0.0135956737948841,0.3526307027019636,0.3711680515555504,test_e1a,primary,p0f1,0.5882352941176471,0.1949340356616845,sensitivity/all/protocol/yield/ecfp4/k5/p0f1/encoding_protocol,sensitivity,all,yield,ecfp4,0,1,encoding_protocol
acid,5,20,True,0.0579101134550214,0.0607845801599468,-0.0496366961387144,0.3391746782923761,test_e1a,primary,p0f1,0.5689655172413793,0.09405684229661,sensitivity/all/protocol/yield/ecfp4/k5/p0f1/encoding_protocol,sensitivity,all,yield,ecfp4,0,1,encoding_protocol
acid,11,30,True,0.0554120583895879,0.0494451113391468,0.1076831870869866,0.3762825244505736,test_e1a,primary,p0f1,0.4545454545454545,0.1101236634083883,sensitivity/all/protocol/yield/ecfp4/k5/p0f1/encoding_protocol,sensitivity,all,yield,ecfp4,0,1,encoding_protocol
acid,12,21,True,0.0301555293186143,0.0242913796652725,0.1944634959440757,0.0274518105916878,test_e1a,primary,p0f1,0.3636363636363636,-0.1145936466092387,sensitivity/all/protocol/yield/ecfp4/k5/p0f1/encoding_protocol,sensitivity,all,yield,ecfp4,0,1,encoding_protocol
acid,18,92,True,0.0348002836876235,0.032098274689601,0.0776433037809831,0.3314227782034419,test_e1a,primary,p0f1,0.4318181818181818,0.1429223855316075,sensitivity/all/protocol/yield/ecfp4/k5/p0f1/encoding_protocol,sensitivity,all,yield,ecfp4,0,1,encoding_protocol
acid,31,2,False,0.001265400130428,0.000576561036264,0.5443646460909941,0.0,test_e1a,primary,p0f1,0.4347826086956521,0.1105854257105141,sensitivity/all/protocol/yield/ecfp4/k5/p0f1/encoding_protocol,sensitivity,all,yield,ecfp4,0,1,encoding_protocol
acid,33,12,True,0.0642026688748859,0.0614712293585105,0.0425440182509894,0.3242115185922282,test_e1a,primary,p0f1,0.6521739130434783,0.0207993712714567,sensitivity/all/protocol/yield/ecfp4/k5/p0f1/encoding_protocol,sensitivity,all,yield,ecfp4,0,1,encoding_protocol
acid,35,2,False,1.2300767779556025e-05,1.281545067067456e-06,0.8958158474304836,0.0,test_e1a,primary,p0f1,0.6153846153846154,0.1105854257105141,sensitivity/all/protocol/yield/ecfp4/k5/p0f1/encoding_protocol,sensitivity,all,yield,ecfp4,0,1,encoding_protocol
acid,38,31,True,0.0477064893838823,0.0404240847417446,0.1526501894435766,0.3428846364507726,test_e1a,primary,p0f1,0.6888888888888889,0.0903032070016784,sensitivity/all/protocol/yield/ecfp4/k5/p0f1/encoding_protocol,sensitivity,all,yield,ecfp4,0,1,encoding_protocol
acid,43,33,True,0.0309143244905008,0.0305124759717233,0.0129987805135778,0.3382654558161161,test_e1a,primary,p0f1,0.5833333333333334,0.0956369526265124,sensitivity/all/protocol/yield/ecfp4/k5/p0f1/encoding_protocol,sensitivity,all,yield,ecfp4,0,1,encoding_protocol
acid,51,2,False,0.002112640148969,0.0026195474640434,-0.2399402071961234,0.0,test_e1a,primary,p0f1,0.4,0.1105854257105141,sensitivity/all/protocol/yield/ecfp4/k5/p0f1/encoding_protocol,sensitivity,all,yield,ecfp4,0,1,encoding_protocol
acid,52,36,True,0.0316616779945688,0.0292659367590492,0.0756669067233438,0.341903725275322,test_e1a,primary,p0f1,0.6041666666666666,0.0572475369782199,sensitivity/all/protocol/yield/ecfp4/k5/p0f1/encoding_protocol,sensitivity,all,yield,ecfp4,0,1,encoding_protocol
acid,53,9,True,0.0683329958998522,0.0616476901651926,0.0978342255688234,0.3871367968101772,test_e1a,primary,p0f1,0.6666666666666666,0.1158305846046626,sensitivity/all/protocol/yield/ecfp4/k5/p0f1/encoding_protocol,sensitivity,all,yield,ecfp4,0,1,encoding_protocol
acid,62,41,True,0.052609808606518,0.0458605427644069,0.1282891160580072,0.4146074770189269,test_e1a,primary,p0f1,0.603448275862069,0.1100762701026089,sensitivity/all/protocol/yield/ecfp4/k5/p0f1/encoding_protocol,sensitivity,all,yield,ecfp4,0,1,encoding_protocol
acid,68,59,True,0.0390698815367879,0.036989866352554,0.0532383284109876,0.2929356655073635,test_e1a,primary,p0f1,0.3148148148148148,0.1156128287132476,sensitivity/all/protocol/yield/ecfp4/k5/p0f1/encoding_protocol,sensitivity,all,yield,ecfp4,0,1,encoding_protocol
acid,69,30,True,0.0161926273459502,0.0154837175435348,0.0437797886204521,0.2887355070951116,test_e1a,primary,p0f1,0.6666666666666666,-0.0302305964066016,sensitivity/all/protocol/yield/ecfp4/k5/p0f1/encoding_protocol,sensitivity,all,yield,ecfp4,0,1,encoding_protocol
acid,71,49,True,0.0237382470152408,0.0284442290627057,-0.1982447164040175,0.1749392388928846,test_e1a,primary,p0f1,0.3636363636363636,-0.0700579868862716,sensitivity/all/protocol/yield/ecfp4/k5/p0f1/encoding_protocol,sensitivity,all,yield,ecfp4,0,1,encoding_protocol
acid,73,110,True,0.0365864736438192,0.0339731272040591,0.071429306502777,0.2679281322560433,test_e1a,primary,p0f1,0.2272727272727272,0.0816397860802711,sensitivity/all/protocol/yield/ecfp4/k5/p0f1/encoding_protocol,sensitivity,all,yield,ecfp4,0,1,encoding_protocol
acid,76,38,True,0.0293020292475232,0.0190113616911244,0.3511929999615525,0.3773026519755285,test_e1a,primary,p0f1,0.6382978723404256,0.1317450931479811,sensitivity/all/protocol/yield/ecfp4/k5/p0f1/encoding_protocol,sensitivity,all,yield,ecfp4,0,1,encoding_protocol
acid,77,34,True,0.0663776793642642,0.0617271880764133,0.0700610707152054,0.3862860716647835,test_e1a,primary,p0f1,0.3636363636363636,0.1553341926761526,sensitivity/all/protocol/yield/ecfp4/k5/p0f1/encoding_protocol,sensitivity,all,yield,ecfp4,0,1,encoding_protocol
acid,87,28,True,0.0517111116097935,0.0472960156046951,0.085380025059494,0.0045233023942982,test_e1a,primary,p0f1,0.5609756097560976,-0.1327250985037351,sensitivity/all/protocol/yield/ecfp4/k5/p0f1/encoding_protocol,sensitivity,all,yield,ecfp4,0,1,encoding_protocol
acid,90,16,True,0.0243570169183147,0.0226434452286759,0.0703522806337716,0.0712426040020997,test_e1a,primary,p0f1,0.4814814814814814,-0.1177793846200714,sensitivity/all/protocol/yield/ecfp4/k5/p0f1/encoding_protocol,sensitivity,all,yield,ecfp4,0,1,encoding_protocol
acid,91,8,True,0.0015410420284422,0.0014931023432962,0.0311086162876477,0.0,test_e1a,primary,p0f1,0.3243243243243243,-0.4966589178923639,sensitivity/all/protocol/yield/ecfp4/k5/p0f1/encoding_protocol,sensitivity,all,yield,ecfp4,0,1,encoding_protocol
acid,107,14,True,0.0083679652617654,0.0116192349299779,-0.3885376631602584,0.239977844215431,test_e1a,primary,p0f1,0.2631578947368421,-0.0521305064182577,sensitivity/all/protocol/yield/ecfp4/k5/p0f1/encoding_protocol,sensitivity,all,yield,ecfp4,0,1,encoding_protocol
acid,109,4,True,0.0010191605384218,0.0005193687635392,0.490395532441351,0.0,test_e1a,primary,p0f1,0.3333333333333333,-0.6146414224218697,sensitivity/all/protocol/yield/ecfp4/k5/p0f1/encoding_protocol,sensitivity,all,yield,ecfp4,0,1,encoding_protocol
acid,111,10,True,0.075847713487038,0.0737524170293423,0.0276250444656296,0.3874713846065137,test_e1a,primary,p0f1,0.2325581395348837,0.0435486091265244,sensitivity/all/protocol/yield/ecfp4/k5/p0f1/encoding_protocol,sensitivity,all,yield,ecfp4,0,1,encoding_protocol
acid,115,2,False,0.0039602823525252,0.0040103487671081,-0.0126421325870849,0.0,test_e1a,primary,p0f1,0.4146341463414634,0.1105854257105141,sensitivity/all/protocol/yield/ecfp4/k5/p0f1/encoding_protocol,sensitivity,all,yield,ecfp4,0,1,encoding_protocol
acid,124,96,True,0.0459252483940595,0.0711948872806994,-0.5502341254600294,0.1373197324054148,test_e1a,primary,p0f1,0.4375,-0.4280857973786218,sensitivity/all/protocol/yield/ecfp4/k5/p0f1/encoding_protocol,sensitivity,all,yield,ecfp4,0,1,encoding_protocol
acid,137,4,True,0.0432667382657017,0.0440791192820486,-0.0187761095222409,0.234721372056317,test_e1a,primary,p0f1,0.5490196078431373,0.0102287490036719,sensitivity/all/protocol/yield/ecfp4/k5/p0f1/encoding_protocol,sensitivity,all,yield,ecfp4,0,1,encoding_protocol
acid,151,20,True,0.0199171953966565,0.0217467145179745,-0.0918562621334273,0.0819044815944961,test_e1a,primary,p0f1,0.4242424242424242,-0.1241799296941668,sensitivity/all/protocol/yield/ecfp4/k5/p0f1/encoding_protocol,sensitivity,all,yield,ecfp4,0,1,encoding_protocol
acid,152,4,True,0.0185104049176448,0.0255145033214586,-0.3783870982280473,0.0319197300531609,test_e1a,primary,p0f1,0.7254901960784313,-0.3051579018711581,sensitivity/all/protocol/yield/ecfp4/k5/p0f1/encoding_protocol,sensitivity,all,yield,ecfp4,0,1,encoding_protocol
acid,154,74,True,0.0202851570956609,0.0190928341611362,0.0587780971526126,0.2760458826399574,test_e1a,primary,p0f1,0.234375,0.151625919240038,sensitivity/all/protocol/yield/ecfp4/k5/p0f1/encoding_protocol,sensitivity,all,yield,ecfp4,0,1,encoding_protocol
acid,160,7,True,0.0128924088434032,0.0138261252373127,-0.0724237344045499,0.0158367114190866,test_e1a,primary,p0f1,0.4821428571428571,-0.4889315586369942,sensitivity/all/protocol/yield/ecfp4/k5/p0f1/encoding_protocol,sensitivity,all,yield,ecfp4,0,1,encoding_protocol
acid,161,10,True,0.1360080602491155,0.1624768936632971,-0.1946122411105679,0.2746925693692253,test_e1a,primary,p0f1,0.6274509803921569,-0.1846830775171399,sensitivity/all/protocol/yield/ecfp4/k5/p0f1/encoding_protocol,sensitivity,all,yield,ecfp4,0,1,encoding_protocol
acid,167,4,True,0.0334159211884001,0.0398385113913664,-0.1922015007982414,0.0540161395634058,test_e1a,primary,p0f1,0.6551724137931034,-0.2382134236801538,sensitivity/all/protocol/yield/ecfp4/k5/p0f1/encoding_protocol,sensitivity,all,yield,ecfp4,0,1,encoding_protocol
acid,177,57,True,0.0423771159016662,0.0740157627182647,-0.74659745344667,0.2752032690088963,test_e1a,primary,p0f1,0.7924528301886793,-0.3465679424480044,sensitivity/all/protocol/yield/ecfp4/k5/p0f1/encoding_protocol,sensitivity,all,yield,ecfp4,0,1,encoding_protocol
acid,179,28,True,0.0167975913534431,0.0092319168428967,0.4504023434881089,0.3438438895154934,test_e1a,primary,p0f1,0.7254901960784313,0.1091185356761655,sensitivity/all/protocol/yield/ecfp4/k5/p0f1/encoding_protocol,sensitivity,all,yield,ecfp4,0,1,encoding_protocol
acid,180,10,True,0.0040746462596011,0.0058498724276514,-0.4356761433872487,0.0189736659610102,test_e1a,primary,p0f1,0.7037037037037037,-0.3457074802092388,sensitivity/all/protocol/yield/ecfp4/k5/p0f1/encoding_protocol,sensitivity,all,yield,ecfp4,0,1,encoding_protocol
acid,181,38,True,0.0223035706365933,0.0342195929169168,-0.5342652292979893,0.2573682244680967,test_e1a,primary,p0f1,0.6666666666666666,-0.1559139573405485,sensitivity/all/protocol/yield/ecfp4/k5/p0f1/encoding_protocol,sensitivity,all,yield,ecfp4,0,1,encoding_protocol
acid,185,37,True,0.030197835740519,0.0202949063392936,0.3279350707884593,0.3905312998995102,test_e1a,primary,p0f1,0.6296296296296297,0.1398482720772722,sensitivity/all/protocol/yield/ecfp4/k5/p0f1/encoding_protocol,sensitivity,all,yield,ecfp4,0,1,encoding_protocol
acid,187,75,True,0.03018701626398,0.023705839748091,0.214700799151936,0.2914434915017639,test_e1a,primary,p0f1,0.52,0.1538743585373323,sensitivity/all/protocol/yield/ecfp4/k5/p0f1/encoding_protocol,sensitivity,all,yield,ecfp4,0,1,encoding_protocol
acid,192,45,True,0.0476842637618253,0.0486111407765583,-0.0194377964890601,0.0866546709646975,test_e1a,primary,p0f1,0.3529411764705882,-0.1731646073490564,sensitivity/all/protocol/yield/ecfp4/k5/p0f1/encoding_protocol,sensitivity,all,yield,ecfp4,0,1,encoding_protocol
acid,199,2,False,3.740202616792427e-06,3.5678302874967226e-05,-8.539136386564186,0.0,test_e1a,primary,p0f1,0.9565217391304348,0.1105854257105141,sensitivity/all/protocol/yield/ecfp4/k5/p0f1/encoding_protocol,sensitivity,all,yield,ecfp4,0,1,encoding_protocol
acid,217,20,True,0.1434076411772097,0.1301521509916249,0.0924322447309831,0.363092513801851,test_e1a,primary,p0f1,0.3050847457627119,0.1150413603388602,sensitivity/all/protocol/yield/ecfp4/k5/p0f1/encoding_protocol,sensitivity,all,yield,ecfp4,0,1,encoding_protocol
acid,228,38,True,0.0760041686867686,0.0732224118070518,0.0366000566519071,0.3554218276885081,test_e1a,primary,p0f1,0.3611111111111111,0.0535036615137757,sensitivity/all/protocol/yield/ecfp4/k5/p0f1/encoding_protocol,sensitivity,all,yield,ecfp4,0,1,encoding_protocol
acid,237,6,True,0.00178909202633,0.0026831460748016,-0.4997250199060463,0.0,test_e1a,primary,p0f1,0.4390243902439024,-0.6241356329255254,sensitivity/all/protocol/yield/ecfp4/k5/p0f1/encoding_protocol,sensitivity,all,yield,ecfp4,0,1,encoding_protocol
acid,242,8,True,0.0060041146153286,0.0112845705078065,-0.8794728666565994,0.0077074639149333,test_e1a,primary,p0f1,0.59375,-0.8512225755752705,sensitivity/all/protocol/yield/ecfp4/k5/p0f1/encoding_protocol,sensitivity,all,yield,ecfp4,0,1,encoding_protocol
acid,246,10,True,0.0033992704137656,0.0071761329667396,-1.1110803476178837,0.0204315252054814,test_e1a,primary,p0f1,0.3823529411764705,-0.7851546906989517,sensitivity/all/protocol/yield/ecfp4/k5/p0f1/encoding_protocol,sensitivity,all,yield,ecfp4,0,1,encoding_protocol
acid,247,10,True,0.004508752486735,0.0082941947294247,-0.8395764136147963,0.0059814528149754,test_e1a,primary,p0f1,0.5,-0.5771289841598362,sensitivity/all/protocol/yield/ecfp4/k5/p0f1/encoding_protocol,sensitivity,all,yield,ecfp4,0,1,encoding_protocol
acid,251,21,True,0.0242414913657299,0.0236449615529355,0.0246078017146128,0.3214484338413357,test_e1a,primary,p0f1,0.4516129032258064,0.0810557798650316,sensitivity/all/protocol/yield/ecfp4/k5/p0f1/encoding_protocol,sensitivity,all,yield,ecfp4,0,1,encoding_protocol
acid,265,18,True,0.1492447505489069,0.1445384687228074,0.0315339856764828,0.4504304532362509,test_e1a,primary,p0f1,0.3191489361702128,0.0643965011900915,sensitivity/all/protocol/yield/ecfp4/k5/p0f1/encoding_protocol,sensitivity,all,yield,ecfp4,0,1,encoding_protocol
acid,271,9,True,0.0211524320000634,0.0269820413759126,-0.275599958237978,0.1056666666666666,test_e1a,primary,p0f1,0.5172413793103449,-0.0845738358257313,sensitivity/all/protocol/yield/ecfp4/k5/p0f1/encoding_protocol,sensitivity,all,yield,ecfp4,0,1,encoding_protocol
amine,3,29,True,0.0211107466722323,0.0226377436506327,-0.0723326844904517,0.1190965214797284,test_e1n,primary,p0f1,0.4078947368421052,-0.2628837749277994,sensitivity/all/protocol/yield/ecfp4/k5/p0f1/encoding_protocol,sensitivity,all,yield,ecfp4,0,1,encoding_protocol
amine,4,10,True,0.0077144363956508,0.0118700624198001,-0.5386817404434157,0.0,test_e1n,primary,p0f1,0.25,-0.3891946322064163,sensitivity/all/protocol/yield/ecfp4/k5/p0f1/encoding_protocol,sensitivity,all,yield,ecfp4,0,1,encoding_protocol
amine,11,102,True,0.0246677690525127,0.0341562630099466,-0.3846514833682324,0.0742675331245917,test_e1n,primary,p0f1,0.2647058823529412,-0.2821731749326885,sensitivity/all/protocol/yield/ecfp4/k5/p0f1/encoding_protocol,sensitivity,all,yield,ecfp4,0,1,encoding_protocol
amine,17,10,True,0.0126551971786735,0.0161741728723425,-0.278065655081154,0.0,test_e1n,primary,p0f1,0.2131147540983606,-0.3891946322064163,sensitivity/all/protocol/yield/ecfp4/k5/p0f1/encoding_protocol,sensitivity,all,yield,ecfp4,0,1,encoding_protocol
amine,20,41,True,0.0047844329587871,0.0026591802598675,0.4442015840176662,0.0024519280616511,test_e1n,primary,p0f1,0.4473684210526316,-0.3279032599497622,sensitivity/all/protocol/yield/ecfp4/k5/p0f1/encoding_protocol,sensitivity,all,yield,ecfp4,0,1,encoding_protocol
amine,27,19,True,0.0680788987173498,0.0951351490205116,-0.3974249115793431,0.167708908040859,test_e1n,primary,p0f1,0.4358974358974359,-0.1310101499834619,sensitivity/all/protocol/yield/ecfp4/k5/p0f1/encoding_protocol,sensitivity,all,yield,ecfp4,0,1,encoding_protocol
amine,30,10,True,0.1184297783661851,0.1101021822525588,0.0703167415198343,0.2791091510900748,test_e1n,primary,p0f1,0.24,0.1160982844435052,sensitivity/all/protocol/yield/ecfp4/k5/p0f1/encoding_protocol,sensitivity,all,yield,ecfp4,0,1,encoding_protocol
amine,34,10,True,0.0253574590797549,0.0332376069325465,-0.3107625187526366,0.016001124960452,test_e1n,primary,p0f1,0.3513513513513513,-0.4113107682895363,sensitivity/all/protocol/yield/ecfp4/k5/p0f1/encoding_protocol,sensitivity,all,yield,ecfp4,0,1,encoding_protocol
amine,38,7,True,0.0131439246385818,0.0157874553929436,-0.2011218739494333,0.1277897100708817,test_e1n,primary,p0f1,0.4772727272727273,0.1433977687580244,sensitivity/all/protocol/yield/ecfp4/k5/p0f1/encoding_protocol,sensitivity,all,yield,ecfp4,0,1,encoding_protocol
amine,41,37,True,0.0130566436765637,0.0175745673570941,-0.3460248891252151,0.0359337417867774,test_e1n,primary,p0f1,0.3809523809523809,-0.3278027559253398,sensitivity/all/protocol/yield/ecfp4/k5/p0f1/encoding_protocol,sensitivity,all,yield,ecfp4,0,1,encoding_protocol
amine,48,8,True,0.1942050409776845,0.1729610465737396,0.1093895106790044,0.3082794369561486,test_e1n,primary,p0f1,0.2592592592592592,0.0829749569166105,sensitivity/all/protocol/yield/ecfp4/k5/p0f1/encoding_protocol,sensitivity,all,yield,ecfp4,0,1,encoding_protocol
amine,57,8,True,0.0148811740369099,0.0168088095047942,-0.1295351739790966,0.0,test_e1n,primary,p0f1,0.44,-0.3855674309479975,sensitivity/all/protocol/yield/ecfp4/k5/p0f1/encoding_protocol,sensitivity,all,yield,ecfp4,0,1,encoding_protocol
amine,59,34,True,0.0443711411634846,0.0402358205253489,0.0931984287467209,0.1238055712205256,test_e1n,primary,p0f1,0.71875,-0.2630518399342962,sensitivity/all/protocol/yield/ecfp4/k5/p0f1/encoding_protocol,sensitivity,all,yield,ecfp4,0,1,encoding_protocol
amine,60,10,True,0.0061547056099044,0.0134915767957803,-1.1920750805804787,0.0,test_e1n,primary,p0f1,0.1724137931034483,-0.3891946322064163,sensitivity/all/protocol/yield/ecfp4/k5/p0f1/encoding_protocol,sensitivity,all,yield,ecfp4,0,1,encoding_protocol
amine,83,16,True,0.0482778332733656,0.0395767320369425,0.1802297378831079,0.272043844199178,test_e1n,primary,p0f1,0.53125,0.1261947161309702,sensitivity/all/protocol/yield/ecfp4/k5/p0f1/encoding_protocol,sensitivity,all,yield,ecfp4,0,1,encoding_protocol
amine,85,10,True,0.045700174383728,0.0534051404166074,-0.1685981757571333,0.0,test_e1n,primary,p0f1,0.238095238095238,-0.3891946322064163,sensitivity/all/protocol/yield/ecfp4/k5/p0f1/encoding_protocol,sensitivity,all,yield,ecfp4,0,1,encoding_protocol
amine,87,1,False,0.0638822093516118,0.0763239715989811,-0.1947609886015218,,test_e1n,primary,p0f1,0.3414634146341463,-0.2573743324282904,sensitivity/all/protocol/yield/ecfp4/k5/p0f1/encoding_protocol,sensitivity,all,yield,ecfp4,0,1,encoding_protocol
amine,90,29,True,0.2234127055485234,0.2060476643159823,0.077726292199481,0.3010168196330072,test_e1n,primary,p0f1,0.3414634146341463,0.0906503887704414,sensitivity/all/protocol/yield/ecfp4/k5/p0f1/encoding_protocol,sensitivity,all,yield,ecfp4,0,1,encoding_protocol
amine,104,10,True,0.005993902269244,0.0076272927752095,-0.2725086984395419,0.0512288980947277,test_e1n,primary,p0f1,0.2564102564102564,-0.4024031601603217,sensitivity/all/protocol/yield/ecfp4/k5/p0f1/encoding_protocol,sensitivity,all,yield,ecfp4,0,1,encoding_protocol
amine,106,78,True,0.0449049406072176,0.0474714484068956,-0.0571542410472649,0.1756235121227308,test_e1n,primary,p0f1,0.3333333333333333,-0.1499810760613422,sensitivity/all/protocol/yield/ecfp4/k5/p0f1/encoding_protocol,sensitivity,all,yield,ecfp4,0,1,encoding_protocol
amine,107,35,True,0.1655186929944936,0.1540010244814119,0.0695853036579067,0.3265808363775738,test_e1n,primary,p0f1,0.3157894736842105,0.0978912867781621,sensitivity/all/protocol/yield/ecfp4/k5/p0f1/encoding_protocol,sensitivity,all,yield,ecfp4,0,1,encoding_protocol
amine,118,63,True,0.175056073732856,0.150491513242289,0.1403239543008012,0.3881001968646102,test_e1n,primary,p0f1,0.2972972972972973,0.0854315309405684,sensitivity/all/protocol/yield/ecfp4/k5/p0f1/encoding_protocol,sensitivity,all,yield,ecfp4,0,1,encoding_protocol
amine,124,38,True,0.0088744050719663,0.0091422415897978,-0.0301807857157221,0.0,test_e1n,primary,p0f1,0.3478260869565217,-0.3211953018310323,sensitivity/all/protocol/yield/ecfp4/k5/p0f1/encoding_protocol,sensitivity,all,yield,ecfp4,0,1,encoding_protocol
amine,125,14,True,0.2242346771753194,0.1454420093908755,0.3513848472368049,0.2297160913766439,test_e1n,primary,p0f1,0.3404255319148936,0.0714634397040684,sensitivity/all/protocol/yield/ecfp4/k5/p0f1/encoding_protocol,sensitivity,all,yield,ecfp4,0,1,encoding_protocol
amine,128,35,True,0.024710121799549,0.0266030429582388,-0.0766050921984653,0.1616797821818997,test_e1n,primary,p0f1,0.2545454545454545,-0.2585274497976646,sensitivity/all/protocol/yield/ecfp4/k5/p0f1/encoding_protocol,sensitivity,all,yield,ecfp4,0,1,encoding_protocol
amine,135,29,True,0.0156376402608576,0.0346918940465461,-1.218486515090322,0.1511668155813468,test_e1n,primary,p0f1,0.1904761904761904,0.013487944468828,sensitivity/all/protocol/yield/ecfp4/k5/p0f1/encoding_protocol,sensitivity,all,yield,ecfp4,0,1,encoding_protocol
amine,137,30,True,0.0360271717288217,0.0347144681269033,0.036436487765377,0.1085148200059307,test_e1n,primary,p0f1,0.1578947368421052,-0.1191136403630488,sensitivity/all/protocol/yield/ecfp4/k5/p0f1/encoding_protocol,sensitivity,all,yield,ecfp4,0,1,encoding_protocol
amine,138,10,True,0.0582826366570664,0.0724979602052142,-0.2439032336815925,0.0,test_e1n,primary,p0f1,0.1707317073170731,-0.3891946322064163,sensitivity/all/protocol/yield/ecfp4/k5/p0f1/encoding_protocol,sensitivity,all,yield,ecfp4,0,1,encoding_protocol
amine,139,67,True,0.1677555582349537,0.1481042986794779,0.1171422262382075,0.3997135313183064,test_e1n,primary,p0f1,0.2307692307692307,0.0922143362969665,sensitivity/all/protocol/yield/ecfp4/k5/p0f1/encoding_protocol,sensitivity,all,yield,ecfp4,0,1,encoding_protocol
amine,141,41,True,0.0311754334018088,0.0356350239134837,-0.1430482282057414,0.0687164552309866,test_e1n,primary,p0f1,0.3793103448275862,-0.3290197604042282,sensitivity/all/protocol/yield/ecfp4/k5/p0f1/encoding_protocol,sensitivity,all,yield,ecfp4,0,1,encoding_protocol
amine,142,9,True,0.0116354161975134,0.0124813233174384,-0.0727010624773107,0.1087343411459528,test_e1n,primary,p0f1,0.1702127659574468,-0.2917016631628666,sensitivity/all/protocol/yield/ecfp4/k5/p0f1/encoding_protocol,sensitivity,all,yield,ecfp4,0,1,encoding_protocol
amine,153,18,True,0.1472895617395494,0.14472089122265,0.0174395964422895,0.3520828982245831,test_e1n,primary,p0f1,0.1538461538461538,0.0559162860962672,sensitivity/all/protocol/yield/ecfp4/k5/p0f1/encoding_protocol,sensitivity,all,yield,ecfp4,0,1,encoding_protocol
amine,157,10,True,0.0042783406077191,0.0081139290825432,-0.8965131172360914,0.0,test_e1n,primary,p0f1,0.1780821917808219,-0.3891946322064163,sensitivity/all/protocol/yield/ecfp4/k5/p0f1/encoding_protocol,sensitivity,all,yield,ecfp4,0,1,encoding_protocol
amine,174,2,False,0.1407990618762598,0.1408158369828912,-0.0001191421761475,0.4883279430874297,test_e1n,primary,p0f1,0.1612903225806451,0.0229809785823923,sensitivity/all/protocol/yield/ecfp4/k5/p0f1/encoding_protocol,sensitivity,all,yield,ecfp4,0,1,encoding_protocol
amine,177,82,True,0.0238735591403613,0.0318745732909069,-0.3351412373624187,0.0936605856008376,test_e1n,primary,p0f1,0.4411764705882353,-0.3045410796644512,sensitivity/all/protocol/yield/ecfp4/k5/p0f1/encoding_protocol,sensitivity,all,yield,ecfp4,0,1,encoding_protocol
amine,179,49,True,0.1098818071114468,0.1016820935065296,0.0746230319692567,0.320587860687313,test_e1n,primary,p0f1,0.1923076923076923,0.1010863045366446,sensitivity/all/protocol/yield/ecfp4/k5/p0f1/encoding_protocol,sensitivity,all,yield,ecfp4,0,1,encoding_protocol
amine,181,10,True,0.010046890166142,0.0127381903324944,-0.2678739512274208,0.0055477322694352,test_e1n,primary,p0f1,0.2608695652173913,-0.3965951691594309,sensitivity/all/protocol/yield/ecfp4/k5/p0f1/encoding_protocol,sensitivity,all,yield,ecfp4,0,1,encoding_protocol
amine,184,9,True,0.0472807665274338,0.0547431331727011,-0.157830915049512,0.1275333333333333,test_e1n,primary,p0f1,0.2142857142857142,-0.2944906985649989,sensitivity/all/protocol/yield/ecfp4/k5/p0f1/encoding_protocol,sensitivity,all,yield,ecfp4,0,1,encoding_protocol
amine,187,44,True,0.0953925551226489,0.0950422737131848,0.0036719994449646,0.3289144092062698,test_e1n,primary,p0f1,0.1896551724137931,0.0213351964143523,sensitivity/all/protocol/yield/ecfp4/k5/p0f1/encoding_protocol,sensitivity,all,yield,ecfp4,0,1,encoding_protocol
amine,191,46,True,0.0794588033279157,0.0841457602261533,-0.05898599905784,0.2223126281561197,test_e1n,primary,p0f1,0.2142857142857142,-0.1065785401651329,sensitivity/all/protocol/yield/ecfp4/k5/p0f1/encoding_protocol,sensitivity,all,yield,ecfp4,0,1,encoding_protocol
amine,199,5,True,0.111733801925752,0.141913341929172,-0.2701021488866419,0.1977800874709079,test_e1n,primary,p0f1,0.3333333333333333,-0.1323222367255658,sensitivity/all/protocol/yield/ecfp4/k5/p0f1/encoding_protocol,sensitivity,all,yield,ecfp4,0,1,encoding_protocol
amine,203,26,True,0.004065663251017,0.0026898832497955,0.3383900525645879,0.0350655649627072,test_e1n,primary,p0f1,0.4067796610169492,-0.2883335697541234,sensitivity/all/protocol/yield/ecfp4/k5/p0f1/encoding_protocol,sensitivity,all,yield,ecfp4,0,1,encoding_protocol
amine,205,22,True,0.0042703510815005,0.0035358680744808,0.171995930311575,0.0,test_e1n,primary,p0f1,0.509090909090909,-0.2434896220643638,sensitivity/all/protocol/yield/ecfp4/k5/p0f1/encoding_protocol,sensitivity,all,yield,ecfp4,0,1,encoding_protocol
amine,209,82,True,0.1593953457347834,0.1680287997410436,-0.0541637772825898,0.3553759721638312,test_e1n,primary,p0f1,0.4,0.0603884836062793,sensitivity/all/protocol/yield/ecfp4/k5/p0f1/encoding_protocol,sensitivity,all,yield,ecfp4,0,1,encoding_protocol
amine,218,10,True,0.0629804568114746,0.0440476512865604,0.3006139758812418,0.1561360930584454,test_e1n,primary,p0f1,0.46875,0.1724974593804349,sensitivity/all/protocol/yield/ecfp4/k5/p0f1/encoding_protocol,sensitivity,all,yield,ecfp4,0,1,encoding_protocol
amine,222,27,True,0.0793003923803277,0.0461683719793366,0.4178039907052235,0.3060350178741677,test_e1n,primary,p0f1,0.3928571428571428,0.0927495853188422,sensitivity/all/protocol/yield/ecfp4/k5/p0f1/encoding_protocol,sensitivity,all,yield,ecfp4,0,1,encoding_protocol
amine,225,128,True,0.0268480986160666,0.0310038884570854,-0.1547889815382284,0.0459841415823643,test_e1n,primary,p0f1,0.196078431372549,-0.3782574172941892,sensitivity/all/protocol/yield/ecfp4/k5/p0f1/encoding_protocol,sensitivity,all,yield,ecfp4,0,1,encoding_protocol
acid,5,25,True,0.0503068213691277,0.0322109521366169,0.3597100500493129,0.3912326716077446,test_e1a,primary,p0f1,0.7777777777777778,-0.0014074376010437,sensitivity/all/chemistry/yield/ecfp4/k5/p0f1/aggregate_cells,sensitivity,all,yield,ecfp4,0,1,aggregate_cells
acid,10,30,True,0.033463253309021,0.0294089590908654,0.1211566066429832,0.2940279188401524,test_e1a,primary,p0f1,0.3783783783783784,0.0763128494826754,sensitivity/all/chemistry/yield/ecfp4/k5/p0f1/aggregate_cells,sensitivity,all,yield,ecfp4,0,1,aggregate_cells
acid,16,38,True,0.0608459907621186,0.0540766478223356,0.1112537219789573,0.19579379733259,test_e1a,primary,p0f1,0.2978723404255319,0.0545107687898293,sensitivity/all/chemistry/yield/ecfp4/k5/p0f1/aggregate_cells,sensitivity,all,yield,ecfp4,0,1,aggregate_cells
acid,18,83,True,0.0350440874300655,0.0358308978318632,-0.0224520157178549,0.332836023748661,test_e1a,primary,p0f1,0.4318181818181818,-0.0156066584876768,sensitivity/all/chemistry/yield/ecfp4/k5/p0f1/aggregate_cells,sensitivity,all,yield,ecfp4,0,1,aggregate_cells
acid,22,27,True,0.021138838800124,0.0080306897938487,0.6200978743543096,0.3273405060836145,test_e1a,primary,p0f1,0.5434782608695652,-0.1945082418352028,sensitivity/all/chemistry/yield/ecfp4/k5/p0f1/aggregate_cells,sensitivity,all,yield,ecfp4,0,1,aggregate_cells
acid,30,80,True,0.0226733856043632,0.0193136456006024,0.1481798996579616,0.1939318266455404,test_e1a,primary,p0f1,0.3333333333333333,0.0648503318154304,sensitivity/all/chemistry/yield/ecfp4/k5/p0f1/aggregate_cells,sensitivity,all,yield,ecfp4,0,1,aggregate_cells
acid,31,6,True,0.0118697653443019,0.0102925248814683,0.1328788242297225,0.1304761536322506,test_e1a,primary,p0f1,0.4347826086956521,0.1024359573713169,sensitivity/all/chemistry/yield/ecfp4/k5/p0f1/aggregate_cells,sensitivity,all,yield,ecfp4,0,1,aggregate_cells
acid,32,24,True,0.0275626361393359,0.0383373472972776,-0.3909172948288677,0.3371380321969374,test_e1a,primary,p0f1,0.3829787234042553,-0.1843256068662924,sensitivity/all/chemistry/yield/ecfp4/k5/p0f1/aggregate_cells,sensitivity,all,yield,ecfp4,0,1,aggregate_cells
acid,35,4,True,0.0678638083588854,0.0497116463357056,0.2674792715313798,0.20325,test_e1a,primary,p0f1,0.6153846153846154,0.0447264708853968,sensitivity/all/chemistry/yield/ecfp4/k5/p0f1/aggregate_cells,sensitivity,all,yield,ecfp4,0,1,aggregate_cells
acid,37,24,True,0.0091947451940849,0.0105684831666853,-0.1494046810002043,0.2723447774567579,test_e1a,primary,p0f1,0.58,0.0627946498429283,sensitivity/all/chemistry/yield/ecfp4/k5/p0f1/aggregate_cells,sensitivity,all,yield,ecfp4,0,1,aggregate_cells
acid,47,36,True,0.0726336089771078,0.050141171269517,0.3096698350026891,0.4441616450622953,test_e1a,primary,p0f1,0.5740740740740741,-0.0595424133914654,sensitivity/all/chemistry/yield/ecfp4/k5/p0f1/aggregate_cells,sensitivity,all,yield,ecfp4,0,1,aggregate_cells
acid,49,35,True,0.029695089685842,0.0293318280032945,0.0122330555789053,0.2709580638271192,test_e1a,primary,p0f1,0.5161290322580645,0.094372205251112,sensitivity/all/chemistry/yield/ecfp4/k5/p0f1/aggregate_cells,sensitivity,all,yield,ecfp4,0,1,aggregate_cells
acid,56,27,True,0.0180889503092804,0.0179905237984034,0.0054412505531854,0.2301504915190031,test_e1a,primary,p0f1,0.5625,0.1340419245235941,sensitivity/all/chemistry/yield/ecfp4/k5/p0f1/aggregate_cells,sensitivity,all,yield,ecfp4,0,1,aggregate_cells
acid,69,24,True,0.0127032302916535,0.0330212661026076,-1.5994385163830205,0.3072800972865079,test_e1a,primary,p0f1,0.6666666666666666,-0.1797064209777485,sensitivity/all/chemistry/yield/ecfp4/k5/p0f1/aggregate_cells,sensitivity,all,yield,ecfp4,0,1,aggregate_cells
acid,82,54,True,0.0923171610949081,0.090008365868166,0.0250093828640214,0.311295918438514,test_e1a,primary,p0f1,0.3555555555555555,-0.0300182117196434,sensitivity/all/chemistry/yield/ecfp4/k5/p0f1/aggregate_cells,sensitivity,all,yield,ecfp4,0,1,aggregate_cells
acid,85,9,True,0.0138739949372582,0.0136983879061567,0.0126572794566841,0.1169,test_e1a,primary,p0f1,0.4090909090909091,-0.0279847894178586,sensitivity/all/chemistry/yield/ecfp4/k5/p0f1/aggregate_cells,sensitivity,all,yield,ecfp4,0,1,aggregate_cells
acid,86,20,True,0.0148956145720052,0.0084772785139793,0.4308876298456662,0.1452009982566815,test_e1a,primary,p0f1,0.2580645161290322,0.1463563586145552,sensitivity/all/chemistry/yield/ecfp4/k5/p0f1/aggregate_cells,sensitivity,all,yield,ecfp4,0,1,aggregate_cells
acid,90,15,True,0.036363699335412,0.0208222074001415,0.4273902880979925,0.0736314807156623,test_e1a,primary,p0f1,0.4814814814814814,0.1227967582005106,sensitivity/all/chemistry/yield/ecfp4/k5/p0f1/aggregate_cells,sensitivity,all,yield,ecfp4,0,1,aggregate_cells
acid,91,8,True,0.0036682856218455,0.0059665264846709,-0.6265163348074134,0.0,test_e1a,primary,p0f1,0.2413793103448276,0.3131245986796755,sensitivity/all/chemistry/yield/ecfp4/k5/p0f1/aggregate_cells,sensitivity,all,yield,ecfp4,0,1,aggregate_cells
acid,93,59,True,0.054161462002231,0.0512987861627241,0.0528544786953683,0.2491040203895557,test_e1a,primary,p0f1,0.2439024390243902,-0.0696381164598074,sensitivity/all/chemistry/yield/ecfp4/k5/p0f1/aggregate_cells,sensitivity,all,yield,ecfp4,0,1,aggregate_cells
acid,100,23,True,0.0106990793521059,0.0102424648066691,0.0426779286712095,0.2847584586326556,test_e1a,primary,p0f1,0.425531914893617,0.074499562336901,sensitivity/all/chemistry/yield/ecfp4/k5/p0f1/aggregate_cells,sensitivity,all,yield,ecfp4,0,1,aggregate_cells
acid,103,28,True,0.0560730033864117,0.057393737259224,-0.0235538279216263,0.343803389480654,test_e1a,primary,p0f1,0.3272727272727272,-0.0299452787569911,sensitivity/all/chemistry/yield/ecfp4/k5/p0f1/aggregate_cells,sensitivity,all,yield,ecfp4,0,1,aggregate_cells
acid,107,13,True,0.0123811816581018,0.0101581402291269,0.1795500211823675,0.2486999010237655,test_e1a,primary,p0f1,0.375,0.0482733499779658,sensitivity/all/chemistry/yield/ecfp4/k5/p0f1/aggregate_cells,sensitivity,all,yield,ecfp4,0,1,aggregate_cells
acid,109,10,True,0.0085195706658303,0.0058274377032136,0.3159939706133421,0.0,test_e1a,primary,p0f1,0.3333333333333333,0.3959548320124926,sensitivity/all/chemistry/yield/ecfp4/k5/p0f1/aggregate_cells,sensitivity,all,yield,ecfp4,0,1,aggregate_cells
acid,111,8,True,0.1345944068240092,0.1188623284052058,0.1168850830434139,0.3267270726462685,test_e1a,primary,p0f1,0.217391304347826,0.0311375739910856,sensitivity/all/chemistry/yield/ecfp4/k5/p0f1/aggregate_cells,sensitivity,all,yield,ecfp4,0,1,aggregate_cells
acid,117,43,True,0.0825890112005187,0.0894502196020874,-0.083076529211741,0.3433090076105399,test_e1a,primary,p0f1,0.303030303030303,-0.052120269431642,sensitivity/all/chemistry/yield/ecfp4/k5/p0f1/aggregate_cells,sensitivity,all,yield,ecfp4,0,1,aggregate_cells
acid,120,12,True,0.059684373741771,0.0560178272675213,0.0614322685216272,0.2501452939914332,test_e1a,primary,p0f1,0.4375,-0.1244439911547756,sensitivity/all/chemistry/yield/ecfp4/k5/p0f1/aggregate_cells,sensitivity,all,yield,ecfp4,0,1,aggregate_cells
acid,137,10,True,0.0243130927299573,0.0255889388807473,-0.0524756831621833,0.154534383444807,test_e1a,primary,p0f1,0.6190476190476191,0.0337751890277205,sensitivity/all/chemistry/yield/ecfp4/k5/p0f1/aggregate_cells,sensitivity,all,yield,ecfp4,0,1,aggregate_cells
acid,146,17,True,0.0404904097492828,0.0382785560196637,0.0546266077156265,0.2751419304863668,test_e1a,primary,p0f1,0.3157894736842105,0.0413407317307468,sensitivity/all/chemistry/yield/ecfp4/k5/p0f1/aggregate_cells,sensitivity,all,yield,ecfp4,0,1,aggregate_cells
acid,147,108,True,0.0349845143317453,0.032305058806875,0.0765897590991838,0.2710348542093095,test_e1a,primary,p0f1,0.4375,0.0370600375405429,sensitivity/all/chemistry/yield/ecfp4/k5/p0f1/aggregate_cells,sensitivity,all,yield,ecfp4,0,1,aggregate_cells
acid,151,18,True,0.0276303895387902,0.0279905628918288,-0.0130354062700781,0.0511463391313195,test_e1a,primary,p0f1,0.4242424242424242,0.1163495916152027,sensitivity/all/chemistry/yield/ecfp4/k5/p0f1/aggregate_cells,sensitivity,all,yield,ecfp4,0,1,aggregate_cells
acid,152,12,True,0.0574094788487319,0.0523478481018889,0.0881671606910058,0.2471153791370755,test_e1a,primary,p0f1,0.7254901960784313,0.0605696669590739,sensitivity/all/chemistry/yield/ecfp4/k5/p0f1/aggregate_cells,sensitivity,all,yield,ecfp4,0,1,aggregate_cells
acid,180,16,True,0.0299973160133408,0.026110598927187,0.1295688282386736,0.1997009004110898,test_e1a,primary,p0f1,0.7037037037037037,0.0978818237975013,sensitivity/all/chemistry/yield/ecfp4/k5/p0f1/aggregate_cells,sensitivity,all,yield,ecfp4,0,1,aggregate_cells
acid,182,33,True,0.0276824405999527,0.0185770144859122,0.3289242536677218,0.4002097354967313,test_e1a,primary,p0f1,0.6666666666666666,-0.1721080231672465,sensitivity/all/chemistry/yield/ecfp4/k5/p0f1/aggregate_cells,sensitivity,all,yield,ecfp4,0,1,aggregate_cells
acid,185,32,True,0.0223221335935472,0.0122352328949389,0.4518788787073697,0.3857307025753514,test_e1a,primary,p0f1,0.6296296296296297,-0.1791332770400744,sensitivity/all/chemistry/yield/ecfp4/k5/p0f1/aggregate_cells,sensitivity,all,yield,ecfp4,0,1,aggregate_cells
acid,187,64,True,0.0284011464494868,0.025700131909714,0.0951023066824694,0.2573909787655752,test_e1a,primary,p0f1,0.5416666666666666,0.1078699035667565,sensitivity/all/chemistry/yield/ecfp4/k5/p0f1/aggregate_cells,sensitivity,all,yield,ecfp4,0,1,aggregate_cells
acid,188,87,True,0.0442872076182414,0.0531678067114007,-0.2005228952276843,0.3117602088306508,test_e1a,primary,p0f1,0.34375,-0.0002470448168647,sensitivity/all/chemistry/yield/ecfp4/k5/p0f1/aggregate_cells,sensitivity,all,yield,ecfp4,0,1,aggregate_cells
acid,199,2,False,0.0062589003369131,6.879644214424485e-05,0.9890082221411156,0.0,test_e1a,primary,p0f1,0.9565217391304348,0.3800925158794432,sensitivity/all/chemistry/yield/ecfp4/k5/p0f1/aggregate_cells,sensitivity,all,yield,ecfp4,0,1,aggregate_cells
acid,210,20,True,0.011991167268934,0.0201891312833977,-0.6836668883522685,0.2381413982335528,test_e1a,primary,p0f1,0.53125,0.0824392565176614,sensitivity/all/chemistry/yield/ecfp4/k5/p0f1/aggregate_cells,sensitivity,all,yield,ecfp4,0,1,aggregate_cells
acid,232,17,True,0.1341482624888257,0.1246218991273778,0.071013691752,0.4018946129602518,test_e1a,primary,p0f1,0.3695652173913043,0.1825354619183098,sensitivity/all/chemistry/yield/ecfp4/k5/p0f1/aggregate_cells,sensitivity,all,yield,ecfp4,0,1,aggregate_cells
acid,237,16,True,0.0199125972256304,0.016236844216383,0.1845943533933477,0.1686883584947896,test_e1a,primary,p0f1,0.4390243902439024,0.1336165331754819,sensitivity/all/chemistry/yield/ecfp4/k5/p0f1/aggregate_cells,sensitivity,all,yield,ecfp4,0,1,aggregate_cells
acid,242,9,True,0.0125056551451141,0.0065867899836303,0.4732950887260223,0.0,test_e1a,primary,p0f1,0.59375,0.2885849868603102,sensitivity/all/chemistry/yield/ecfp4/k5/p0f1/aggregate_cells,sensitivity,all,yield,ecfp4,0,1,aggregate_cells
acid,246,10,True,0.004080347493927,0.0035446811940432,0.1312795786831849,0.0204315252054814,test_e1a,primary,p0f1,0.3636363636363636,0.2816457722853496,sensitivity/all/chemistry/yield/ecfp4/k5/p0f1/aggregate_cells,sensitivity,all,yield,ecfp4,0,1,aggregate_cells
acid,247,10,True,0.0050137061275134,0.0051390219788401,-0.0249946542816092,0.0060083275543199,test_e1a,primary,p0f1,0.5,0.2018050566161613,sensitivity/all/chemistry/yield/ecfp4/k5/p0f1/aggregate_cells,sensitivity,all,yield,ecfp4,0,1,aggregate_cells
acid,268,2,False,0.0041861354498908,0.003194278700071,0.2369385228195822,0.0,test_e1a,primary,p0f1,0.1935483870967742,0.5877361643781569,sensitivity/all/chemistry/yield/ecfp4/k5/p0f1/aggregate_cells,sensitivity,all,yield,ecfp4,0,1,aggregate_cells
acid,270,50,True,0.0571662777254052,0.030836948980154,0.4605744818951218,0.1010679633126306,test_e1a,primary,p0f1,0.15625,-0.080688517078292,sensitivity/all/chemistry/yield/ecfp4/k5/p0f1/aggregate_cells,sensitivity,all,yield,ecfp4,0,1,aggregate_cells
acid,271,9,True,0.010112342656621,0.0076142791432208,0.2470311379099244,0.0,test_e1a,primary,p0f1,0.5172413793103449,0.2885849868603102,sensitivity/all/chemistry/yield/ecfp4/k5/p0f1/aggregate_cells,sensitivity,all,yield,ecfp4,0,1,aggregate_cells
amine,4,8,True,0.0358356397072135,0.0353838111507533,0.0126083574941527,0.0,test_e1n,primary,p0f1,0.25,-0.0440579589924114,sensitivity/all/chemistry/yield/ecfp4/k5/p0f1/aggregate_cells,sensitivity,all,yield,ecfp4,0,1,aggregate_cells
amine,13,25,True,0.059203605977679,0.0919949403451028,-0.553873937675128,0.2633436122255484,test_e1n,primary,p0f1,0.28,-0.3687836577743231,sensitivity/all/chemistry/yield/ecfp4/k5/p0f1/aggregate_cells,sensitivity,all,yield,ecfp4,0,1,aggregate_cells
amine,17,8,True,0.027536009006685,0.0277808855151382,-0.0088929557073356,0.0,test_e1n,primary,p0f1,0.2131147540983606,-0.0440579589924114,sensitivity/all/chemistry/yield/ecfp4/k5/p0f1/aggregate_cells,sensitivity,all,yield,ecfp4,0,1,aggregate_cells
amine,30,8,True,0.12743220408724,0.1604226497525987,-0.2588862517262393,0.3013716014206666,test_e1n,primary,p0f1,0.24,0.0298480352297613,sensitivity/all/chemistry/yield/ecfp4/k5/p0f1/aggregate_cells,sensitivity,all,yield,ecfp4,0,1,aggregate_cells
amine,34,8,True,0.0662110060112117,0.0530156532110134,0.1992924378458143,0.0198809133161863,test_e1n,primary,p0f1,0.1666666666666666,-0.0479707274600207,sensitivity/all/chemistry/yield/ecfp4/k5/p0f1/aggregate_cells,sensitivity,all,yield,ecfp4,0,1,aggregate_cells
amine,38,6,True,0.0154587300430918,0.0150694471868371,0.0251820722122412,0.1312915140695188,test_e1n,primary,p0f1,0.28,0.0324763629251257,sensitivity/all/chemistry/yield/ecfp4/k5/p0f1/aggregate_cells,sensitivity,all,yield,ecfp4,0,1,aggregate_cells
amine,41,39,True,0.0273463492178426,0.0205950498162518,0.2468811960166771,0.1086476678166508,test_e1n,primary,p0f1,0.3809523809523809,-0.0195826693450462,sensitivity/all/chemistry/yield/ecfp4/k5/p0f1/aggregate_cells,sensitivity,all,yield,ecfp4,0,1,aggregate_cells
amine,47,41,True,0.0098453380302374,0.0048675431984812,0.505599179679578,0.0612133792963437,test_e1n,primary,p0f1,0.7368421052631579,0.0592812740911451,sensitivity/all/chemistry/yield/ecfp4/k5/p0f1/aggregate_cells,sensitivity,all,yield,ecfp4,0,1,aggregate_cells
amine,48,7,True,0.1754899678817303,0.1608609409299191,0.0833610441006535,0.2223504998013379,test_e1n,primary,p0f1,0.2592592592592592,0.0152844824777728,sensitivity/all/chemistry/yield/ecfp4/k5/p0f1/aggregate_cells,sensitivity,all,yield,ecfp4,0,1,aggregate_cells
amine,51,41,True,0.0177057765972257,0.0074197092598002,0.5809441501163621,0.0451804244789439,test_e1n,primary,p0f1,0.5789473684210527,-0.0256487034020354,sensitivity/all/chemistry/yield/ecfp4/k5/p0f1/aggregate_cells,sensitivity,all,yield,ecfp4,0,1,aggregate_cells
amine,57,7,True,0.0202166325878221,0.0088524500996339,0.5621204440859063,0.0,test_e1n,primary,p0f1,0.44,-0.047122925920453,sensitivity/all/chemistry/yield/ecfp4/k5/p0f1/aggregate_cells,sensitivity,all,yield,ecfp4,0,1,aggregate_cells
amine,58,43,True,0.0991727591099578,0.1286198651669155,-0.2969273651478039,0.3320716166711452,test_e1n,primary,p0f1,0.71875,-0.1910758762903517,sensitivity/all/chemistry/yield/ecfp4/k5/p0f1/aggregate_cells,sensitivity,all,yield,ecfp4,0,1,aggregate_cells
amine,60,8,True,0.0364388122018671,0.0310908266414135,0.1467661879543808,0.0,test_e1n,primary,p0f1,0.17,-0.0440579589924114,sensitivity/all/chemistry/yield/ecfp4/k5/p0f1/aggregate_cells,sensitivity,all,yield,ecfp4,0,1,aggregate_cells
amine,61,44,True,0.0059163057150832,0.0019125530952572,0.6767318682702037,0.0218652915031072,test_e1n,primary,p0f1,0.8333333333333334,-0.0159798584772765,sensitivity/all/chemistry/yield/ecfp4/k5/p0f1/aggregate_cells,sensitivity,all,yield,ecfp4,0,1,aggregate_cells
amine,72,44,True,0.0054930444546682,0.0018446187706438,0.6641900887810597,0.0390738028848179,test_e1n,primary,p0f1,0.34375,-0.0195578579560742,sensitivity/all/chemistry/yield/ecfp4/k5/p0f1/aggregate_cells,sensitivity,all,yield,ecfp4,0,1,aggregate_cells
amine,83,24,True,0.0791776866267002,0.0917885664444194,-0.1592731532707672,0.3378140843418316,test_e1n,primary,p0f1,0.53125,-0.2116470847838947,sensitivity/all/chemistry/yield/ecfp4/k5/p0f1/aggregate_cells,sensitivity,all,yield,ecfp4,0,1,aggregate_cells
amine,85,7,True,0.0857436350034169,0.0689330129197582,0.1960567928218676,0.0,test_e1n,primary,p0f1,0.238095238095238,-0.0672970565936419,sensitivity/all/chemistry/yield/ecfp4/k5/p0f1/aggregate_cells,sensitivity,all,yield,ecfp4,0,1,aggregate_cells
amine,104,8,True,0.0207894908349851,0.0044349378369059,0.786674052187816,0.0,test_e1n,primary,p0f1,0.5185185185185185,-0.0440579589924114,sensitivity/all/chemistry/yield/ecfp4/k5/p0f1/aggregate_cells,sensitivity,all,yield,ecfp4,0,1,aggregate_cells
amine,112,40,True,0.0665742804883011,0.0707103086827021,-0.0621265173887655,0.2844571180223651,test_e1n,primary,p0f1,0.2266666666666666,0.0089530042004104,sensitivity/all/chemistry/yield/ecfp4/k5/p0f1/aggregate_cells,sensitivity,all,yield,ecfp4,0,1,aggregate_cells
amine,125,16,True,0.1440573678569936,0.1095198891933224,0.2397480890943162,0.2448543781515862,test_e1n,primary,p0f1,0.3720930232558139,0.0093088175945964,sensitivity/all/chemistry/yield/ecfp4/k5/p0f1/aggregate_cells,sensitivity,all,yield,ecfp4,0,1,aggregate_cells
amine,130,27,True,0.0203321418647147,0.0148015078508051,0.2720143333008959,0.0740932845460019,test_e1n,primary,p0f1,0.4482758620689655,-0.0265819380236955,sensitivity/all/chemistry/yield/ecfp4/k5/p0f1/aggregate_cells,sensitivity,all,yield,ecfp4,0,1,aggregate_cells
amine,137,26,True,0.034125557479697,0.0174270504060566,0.4893255468009614,0.1146169374649582,test_e1n,primary,p0f1,0.1578947368421052,0.2716332733811889,sensitivity/all/chemistry/yield/ecfp4/k5/p0f1/aggregate_cells,sensitivity,all,yield,ecfp4,0,1,aggregate_cells
amine,138,8,True,0.0650061767618336,0.0776322073094447,-0.1942281668689693,0.0,test_e1n,primary,p0f1,0.1707317073170731,-0.0440579589924114,sensitivity/all/chemistry/yield/ecfp4/k5/p0f1/aggregate_cells,sensitivity,all,yield,ecfp4,0,1,aggregate_cells
amine,142,7,True,0.0164850100485771,0.0210771378326445,-0.2785638450043748,0.1142417903687904,test_e1n,primary,p0f1,0.1702127659574468,-0.1090660157560332,sensitivity/all/chemistry/yield/ecfp4/k5/p0f1/aggregate_cells,sensitivity,all,yield,ecfp4,0,1,aggregate_cells
amine,148,23,True,0.1438220330955873,0.0987971885528985,0.3130594358429374,0.3089499309627649,test_e1n,primary,p0f1,0.3076923076923077,0.0129391584852167,sensitivity/all/chemistry/yield/ecfp4/k5/p0f1/aggregate_cells,sensitivity,all,yield,ecfp4,0,1,aggregate_cells
amine,150,32,True,0.1404426773485059,0.1644780931964738,-0.1711403990706079,0.0212097529205696,test_e1n,primary,p0f1,0.3018867924528302,-0.0417621184918148,sensitivity/all/chemistry/yield/ecfp4/k5/p0f1/aggregate_cells,sensitivity,all,yield,ecfp4,0,1,aggregate_cells
amine,153,16,True,0.137650399591826,0.1254758345473589,0.0884455481463784,0.3579371760518876,test_e1n,primary,p0f1,0.1538461538461538,-0.0087393449514801,sensitivity/all/chemistry/yield/ecfp4/k5/p0f1/aggregate_cells,sensitivity,all,yield,ecfp4,0,1,aggregate_cells
amine,157,8,True,0.0243108346906832,0.0482805711931946,-0.9859692934236228,0.0,test_e1n,primary,p0f1,0.174757281553398,-0.0440579589924114,sensitivity/all/chemistry/yield/ecfp4/k5/p0f1/aggregate_cells,sensitivity,all,yield,ecfp4,0,1,aggregate_cells
amine,159,30,True,0.1451437231742411,0.1674479690958625,-0.1536700687693242,0.3507864766918546,test_e1n,primary,p0f1,0.2285714285714285,0.0058168700530522,sensitivity/all/chemistry/yield/ecfp4/k5/p0f1/aggregate_cells,sensitivity,all,yield,ecfp4,0,1,aggregate_cells
amine,161,69,True,0.1005049497065782,0.0944611038967445,0.0601348075639909,0.3146201067185267,test_e1n,primary,p0f1,0.4444444444444444,0.0145582725888154,sensitivity/all/chemistry/yield/ecfp4/k5/p0f1/aggregate_cells,sensitivity,all,yield,ecfp4,0,1,aggregate_cells
amine,172,79,True,0.0986192338530732,0.1037035155586035,-0.0515546664366211,0.316905776432041,test_e1n,primary,p0f1,0.3714285714285714,0.0263485428951055,sensitivity/all/chemistry/yield/ecfp4/k5/p0f1/aggregate_cells,sensitivity,all,yield,ecfp4,0,1,aggregate_cells
amine,174,2,False,0.0007385675735933,0.0017713132910381,-1.3983090435721524,0.0,test_e1n,primary,p0f1,0.1612903225806451,-0.2171910852513503,sensitivity/all/chemistry/yield/ecfp4/k5/p0f1/aggregate_cells,sensitivity,all,yield,ecfp4,0,1,aggregate_cells
amine,177,74,True,0.0518876997784005,0.0566697063814746,-0.0921606974966504,0.0690559264601304,test_e1n,primary,p0f1,0.4411764705882353,-0.0983486085685425,sensitivity/all/chemistry/yield/ecfp4/k5/p0f1/aggregate_cells,sensitivity,all,yield,ecfp4,0,1,aggregate_cells
amine,178,55,True,0.0630487316253715,0.0608638589498542,0.0346537133926746,0.1973473703374954,test_e1n,primary,p0f1,0.3043478260869565,-0.0296138629656113,sensitivity/all/chemistry/yield/ecfp4/k5/p0f1/aggregate_cells,sensitivity,all,yield,ecfp4,0,1,aggregate_cells
amine,181,8,True,0.0341878741376158,0.0259321891845453,0.241479915359435,0.0060925598654658,test_e1n,primary,p0f1,0.2068965517241379,-0.0446743237664566,sensitivity/all/chemistry/yield/ecfp4/k5/p0f1/aggregate_cells,sensitivity,all,yield,ecfp4,0,1,aggregate_cells
amine,184,8,True,0.0839393788634782,0.1266888667032162,-0.5092900188035356,0.0,test_e1n,primary,p0f1,0.3,-0.0440579589924114,sensitivity/all/chemistry/yield/ecfp4/k5/p0f1/aggregate_cells,sensitivity,all,yield,ecfp4,0,1,aggregate_cells
amine,187,41,True,0.0979033202275959,0.1022669446262429,-0.0445707498836907,0.3122752585421409,test_e1n,primary,p0f1,0.1896551724137931,-0.05128519512628,sensitivity/all/chemistry/yield/ecfp4/k5/p0f1/aggregate_cells,sensitivity,all,yield,ecfp4,0,1,aggregate_cells
amine,190,88,True,0.0361221815837542,0.0505998544914579,-0.400797301628508,0.1118160810771903,test_e1n,primary,p0f1,0.3658536585365853,-0.0439633960780607,sensitivity/all/chemistry/yield/ecfp4/k5/p0f1/aggregate_cells,sensitivity,all,yield,ecfp4,0,1,aggregate_cells
amine,192,84,True,0.0279403384758415,0.0313842008439641,-0.1232577182663805,0.1575061823261399,test_e1n,primary,p0f1,0.2558139534883721,-0.073616131418728,sensitivity/all/chemistry/yield/ecfp4/k5/p0f1/aggregate_cells,sensitivity,all,yield,ecfp4,0,1,aggregate_cells
amine,199,8,True,0.1343533270226637,0.1132800985149744,0.15684932390349,0.1956836222068673,test_e1n,primary,p0f1,0.3333333333333333,-0.1334988399445915,sensitivity/all/chemistry/yield/ecfp4/k5/p0f1/aggregate_cells,sensitivity,all,yield,ecfp4,0,1,aggregate_cells
amine,211,37,True,0.1418494833314205,0.1289037912530255,0.0912635828792435,0.35669058966667,test_e1n,primary,p0f1,0.5945945945945946,0.0116017609436079,sensitivity/all/chemistry/yield/ecfp4/k5/p0f1/aggregate_cells,sensitivity,all,yield,ecfp4,0,1,aggregate_cells
amine,218,8,True,0.0475211344116034,0.0475215448908795,-8.63782570093008e-06,0.1620533107829466,test_e1n,primary,p0f1,0.2,0.0755463157632118,sensitivity/all/chemistry/yield/ecfp4/k5/p0f1/aggregate_cells,sensitivity,all,yield,ecfp4,0,1,aggregate_cells
amine,219,28,True,0.059549206655802,0.0889970443212935,-0.4945126781571025,0.0388006877905002,test_e1n,primary,p0f1,0.217391304347826,-0.0430838057167084,sensitivity/all/chemistry/yield/ecfp4/k5/p0f1/aggregate_cells,sensitivity,all,yield,ecfp4,0,1,aggregate_cells
amine,225,112,True,0.023333355150233,0.0184547624440306,0.2090823490574493,0.0273706932510938,test_e1n,primary,p0f1,0.196078431372549,-0.0689888560389837,sensitivity/all/chemistry/yield/ecfp4/k5/p0f1/aggregate_cells,sensitivity,all,yield,ecfp4,0,1,aggregate_cells
amine,227,45,True,0.1288507375698567,0.1011826122033687,0.2147300503537099,0.4198285176977294,test_e1n,primary,p0f1,0.3023255813953488,0.0061225231942948,sensitivity/all/chemistry/yield/ecfp4/k5/p0f1/aggregate_cells,sensitivity,all,yield,ecfp4,0,1,aggregate_cells
acid,0,21,True,0.0615419666303538,0.0577556203739083,0.061524622363595,0.2904251084514692,test_e1a,primary,p0f2,0.46875,0.0977919143340553,sensitivity/all/protocol/yield/ecfp4/k5/p0f2/encoding_protocol,sensitivity,all,yield,ecfp4,0,2,encoding_protocol
acid,1,9,True,0.0058094600906622,0.0102412410884181,-0.7628559157983317,0.0,test_e1a,primary,p0f2,0.1612903225806451,0.0638596983066307,sensitivity/all/protocol/yield/ecfp4/k5/p0f2/encoding_protocol,sensitivity,all,yield,ecfp4,0,2,encoding_protocol
acid,2,70,True,0.0686815809360918,0.06062944496782,0.1172386520305102,0.1577908398572526,test_e1a,primary,p0f2,0.1612903225806451,-0.1521485686268948,sensitivity/all/protocol/yield/ecfp4/k5/p0f2/encoding_protocol,sensitivity,all,yield,ecfp4,0,2,encoding_protocol
acid,3,34,True,0.0275153703586104,0.0112033722588879,0.5928322202146179,0.3560251881899207,test_e1a,primary,p0f2,0.75,0.3723698545207154,sensitivity/all/protocol/yield/ecfp4/k5/p0f2/encoding_protocol,sensitivity,all,yield,ecfp4,0,2,encoding_protocol
acid,10,34,True,0.0177148881530674,0.0159647708548022,0.0987935844213684,0.2660529215210968,test_e1a,primary,p0f2,0.3783783783783784,0.040298453342154,sensitivity/all/protocol/yield/ecfp4/k5/p0f2/encoding_protocol,sensitivity,all,yield,ecfp4,0,2,encoding_protocol
acid,13,2,False,0.0648579173097619,0.0255165870106977,0.6065771447943611,0.0,test_e1a,primary,p0f2,0.3333333333333333,0.2116904303293655,sensitivity/all/protocol/yield/ecfp4/k5/p0f2/encoding_protocol,sensitivity,all,yield,ecfp4,0,2,encoding_protocol
acid,14,28,True,0.100708506205559,0.0917947587480446,0.0885103730892433,0.3464530062538468,test_e1a,primary,p0f2,0.4411764705882353,0.1088008112241056,sensitivity/all/protocol/yield/ecfp4/k5/p0f2/encoding_protocol,sensitivity,all,yield,ecfp4,0,2,encoding_protocol
acid,26,41,True,0.0386643835118323,0.0426842664457297,-0.1039686287165873,0.3632898284444797,test_e1a,primary,p0f2,0.4651162790697674,0.3662639313911401,sensitivity/all/protocol/yield/ecfp4/k5/p0f2/encoding_protocol,sensitivity,all,yield,ecfp4,0,2,encoding_protocol
acid,41,8,True,0.0022266375498793,0.0017250806642203,0.2252530438490789,0.0,test_e1a,primary,p0f2,0.5769230769230769,0.3095211513199822,sensitivity/all/protocol/yield/ecfp4/k5/p0f2/encoding_protocol,sensitivity,all,yield,ecfp4,0,2,encoding_protocol
acid,42,34,True,0.0345053940056853,0.0205399062560057,0.4047334671031026,0.3717440329978663,test_e1a,primary,p0f2,0.6595744680851063,0.3173077132187011,sensitivity/all/protocol/yield/ecfp4/k5/p0f2/encoding_protocol,sensitivity,all,yield,ecfp4,0,2,encoding_protocol
acid,44,27,True,0.0131273080253474,0.0129515202764517,0.0133909974959318,0.266994497206331,test_e1a,primary,p0f2,0.6875,0.2180851986260209,sensitivity/all/protocol/yield/ecfp4/k5/p0f2/encoding_protocol,sensitivity,all,yield,ecfp4,0,2,encoding_protocol
acid,61,2,False,0.0048462571070294,8.359770195746937e-05,0.9827500481069787,0.0,test_e1a,primary,p0f2,0.5873015873015873,0.8185108908941026,sensitivity/all/protocol/yield/ecfp4/k5/p0f2/encoding_protocol,sensitivity,all,yield,ecfp4,0,2,encoding_protocol
acid,64,27,True,0.0319482149089365,0.0327317717707475,-0.0245258417111682,0.315874691471556,test_e1a,primary,p0f2,0.7111111111111111,0.0390606625085182,sensitivity/all/protocol/yield/ecfp4/k5/p0f2/encoding_protocol,sensitivity,all,yield,ecfp4,0,2,encoding_protocol
acid,72,72,True,0.0919183534197539,0.1036727594604742,-0.1278787707068978,0.0464895279910707,test_e1a,primary,p0f2,0.1875,-0.1919885445367364,sensitivity/all/protocol/yield/ecfp4/k5/p0f2/encoding_protocol,sensitivity,all,yield,ecfp4,0,2,encoding_protocol
acid,84,21,True,0.1697940534964057,0.1384689427371254,0.1844888564365618,0.3370810307414439,test_e1a,primary,p0f2,0.6585365853658537,0.1368231724762825,sensitivity/all/protocol/yield/ecfp4/k5/p0f2/encoding_protocol,sensitivity,all,yield,ecfp4,0,2,encoding_protocol
acid,92,7,True,0.0011372037146387,0.000545847255243,0.5200092576056912,0.0,test_e1a,primary,p0f2,0.3428571428571428,0.4856685997393104,sensitivity/all/protocol/yield/ecfp4/k5/p0f2/encoding_protocol,sensitivity,all,yield,ecfp4,0,2,encoding_protocol
acid,94,2,False,0.000229581719086,0.0017879754956757,-6.787969803490647,0.0,test_e1a,primary,p0f2,0.4893617021276595,-0.0842686863515218,sensitivity/all/protocol/yield/ecfp4/k5/p0f2/encoding_protocol,sensitivity,all,yield,ecfp4,0,2,encoding_protocol
acid,99,2,False,0.026486750088373,0.0277775758215871,-0.0487347722505506,0.1753624817342637,test_e1a,primary,p0f2,0.4090909090909091,-0.4963646221242024,sensitivity/all/protocol/yield/ecfp4/k5/p0f2/encoding_protocol,sensitivity,all,yield,ecfp4,0,2,encoding_protocol
acid,110,13,True,0.0288932620286874,0.0265286061768302,0.0818410828624828,0.0989862500163921,test_e1a,primary,p0f2,0.2857142857142857,-0.2408321073543151,sensitivity/all/protocol/yield/ecfp4/k5/p0f2/encoding_protocol,sensitivity,all,yield,ecfp4,0,2,encoding_protocol
acid,117,48,True,0.0928803419873244,0.0935862198502077,-0.0075998628749616,0.37842572165289,test_e1a,primary,p0f2,0.3214285714285714,0.0149038206862096,sensitivity/all/protocol/yield/ecfp4/k5/p0f2/encoding_protocol,sensitivity,all,yield,ecfp4,0,2,encoding_protocol
acid,123,2,False,0.1823562583305865,0.2424593715336743,-0.3295917220133415,0.4885400751217856,test_e1a,primary,p0f2,0.2727272727272727,-0.1202535772814303,sensitivity/all/protocol/yield/ecfp4/k5/p0f2/encoding_protocol,sensitivity,all,yield,ecfp4,0,2,encoding_protocol
acid,126,66,True,0.0539452775390858,0.0479854606155018,0.1104789370907545,0.3435746009727238,test_e1a,primary,p0f2,0.3877551020408163,0.1030519974353904,sensitivity/all/protocol/yield/ecfp4/k5/p0f2/encoding_protocol,sensitivity,all,yield,ecfp4,0,2,encoding_protocol
acid,131,25,True,0.0036194946379449,0.0043062133799272,-0.1897277964672281,0.1488544852084299,test_e1a,primary,p0f2,0.5142857142857142,-0.0368920182777261,sensitivity/all/protocol/yield/ecfp4/k5/p0f2/encoding_protocol,sensitivity,all,yield,ecfp4,0,2,encoding_protocol
acid,132,8,True,0.0063977126888708,0.0055775520479354,0.1281959163877575,0.0520784144343892,test_e1a,primary,p0f2,0.5925925925925926,0.1576385938383928,sensitivity/all/protocol/yield/ecfp4/k5/p0f2/encoding_protocol,sensitivity,all,yield,ecfp4,0,2,encoding_protocol
acid,134,13,True,0.0054073846450378,0.0048848127479873,0.0966404151644777,0.032647854996882,test_e1a,primary,p0f2,0.3783783783783784,0.4352908782158945,sensitivity/all/protocol/yield/ecfp4/k5/p0f2/encoding_protocol,sensitivity,all,yield,ecfp4,0,2,encoding_protocol
acid,139,2,False,0.0864593285880042,0.0621406186509337,0.281273407210388,0.0,test_e1a,primary,p0f2,0.6909090909090909,0.2116904303293655,sensitivity/all/protocol/yield/ecfp4/k5/p0f2/encoding_protocol,sensitivity,all,yield,ecfp4,0,2,encoding_protocol
acid,140,31,True,0.0188276001768279,0.0151725470905391,0.1941327121864039,0.2902189756510711,test_e1a,primary,p0f2,0.6190476190476191,0.1535892977602809,sensitivity/all/protocol/yield/ecfp4/k5/p0f2/encoding_protocol,sensitivity,all,yield,ecfp4,0,2,encoding_protocol
acid,142,4,True,0.0383031381888515,0.0126602798348373,0.6694714732663278,0.0,test_e1a,primary,p0f2,0.1818181818181818,0.2275344962316496,sensitivity/all/protocol/yield/ecfp4/k5/p0f2/encoding_protocol,sensitivity,all,yield,ecfp4,0,2,encoding_protocol
acid,146,17,True,0.0405043447475899,0.035828191420885,0.1154481909495201,0.275992369619588,test_e1a,primary,p0f2,0.375,0.1119045649577549,sensitivity/all/protocol/yield/ecfp4/k5/p0f2/encoding_protocol,sensitivity,all,yield,ecfp4,0,2,encoding_protocol
acid,150,37,True,0.0570895335489297,0.0425964063421496,0.2538666250330897,0.4037745255615966,test_e1a,primary,p0f2,0.5510204081632653,0.2914942934710008,sensitivity/all/protocol/yield/ecfp4/k5/p0f2/encoding_protocol,sensitivity,all,yield,ecfp4,0,2,encoding_protocol
acid,158,18,True,0.0388776379443765,0.033240699702482,0.1449917880803207,0.1273693298108716,test_e1a,primary,p0f2,0.2894736842105263,-0.3862578378735606,sensitivity/all/protocol/yield/ecfp4/k5/p0f2/encoding_protocol,sensitivity,all,yield,ecfp4,0,2,encoding_protocol
acid,165,6,True,0.0104697545032471,0.0095320558626611,0.0895626196674573,0.0358441999027271,test_e1a,primary,p0f2,0.3695652173913043,0.159070417774494,sensitivity/all/protocol/yield/ecfp4/k5/p0f2/encoding_protocol,sensitivity,all,yield,ecfp4,0,2,encoding_protocol
acid,168,2,False,0.0048915256499752,0.0109098307041003,-1.2303533671862872,0.0777817459305202,test_e1a,primary,p0f2,0.6382978723404256,-1.6269760605713262,sensitivity/all/protocol/yield/ecfp4/k5/p0f2/encoding_protocol,sensitivity,all,yield,ecfp4,0,2,encoding_protocol
acid,169,35,True,0.0227325559928455,0.0230994662390638,-0.0161402988002652,0.2646653062252922,test_e1a,primary,p0f2,0.6415094339622641,0.0525618331219353,sensitivity/all/protocol/yield/ecfp4/k5/p0f2/encoding_protocol,sensitivity,all,yield,ecfp4,0,2,encoding_protocol
acid,183,27,True,0.016300284017727,0.0082606047274303,0.4932232641807539,0.3045140270628969,test_e1a,primary,p0f2,0.6666666666666666,0.3425302188808171,sensitivity/all/protocol/yield/ecfp4/k5/p0f2/encoding_protocol,sensitivity,all,yield,ecfp4,0,2,encoding_protocol
acid,184,76,True,0.0606228679194649,0.0900419313648595,-0.4852799686823905,0.1203837755952975,test_e1a,primary,p0f2,0.3695652173913043,-0.1958835491916166,sensitivity/all/protocol/yield/ecfp4/k5/p0f2/encoding_protocol,sensitivity,all,yield,ecfp4,0,2,encoding_protocol
acid,197,30,True,0.0278041697840186,0.0233213333328381,0.1612289266683012,0.1589950194043898,test_e1a,primary,p0f2,0.6785714285714286,-0.1979366262893067,sensitivity/all/protocol/yield/ecfp4/k5/p0f2/encoding_protocol,sensitivity,all,yield,ecfp4,0,2,encoding_protocol
acid,203,4,True,0.002772442620618,0.0001023031540857,0.963099992286608,0.0,test_e1a,primary,p0f2,0.6,0.7722699725500257,sensitivity/all/protocol/yield/ecfp4/k5/p0f2/encoding_protocol,sensitivity,all,yield,ecfp4,0,2,encoding_protocol
acid,205,15,True,0.003729551167615,0.0049316291065235,-0.3223116897675391,0.1664288136111052,test_e1a,primary,p0f2,0.5208333333333334,0.3054158491115194,sensitivity/all/protocol/yield/ecfp4/k5/p0f2/encoding_protocol,sensitivity,all,yield,ecfp4,0,2,encoding_protocol
acid,206,119,True,0.0478432908359705,0.0481997523624638,-0.0074506063497075,0.3164986332352265,test_e1a,primary,p0f2,0.3055555555555556,0.0373131467530901,sensitivity/all/protocol/yield/ecfp4/k5/p0f2/encoding_protocol,sensitivity,all,yield,ecfp4,0,2,encoding_protocol
acid,231,22,True,0.0899373959196801,0.0663077627271262,0.2627342380877538,0.4098977173653187,test_e1a,primary,p0f2,0.6285714285714286,0.1897908167754746,sensitivity/all/protocol/yield/ecfp4/k5/p0f2/encoding_protocol,sensitivity,all,yield,ecfp4,0,2,encoding_protocol
acid,234,8,True,0.0045087479131613,0.0036268625902277,0.1955942846924916,0.010544861646454,test_e1a,primary,p0f2,0.6764705882352942,0.3083125323250378,sensitivity/all/protocol/yield/ecfp4/k5/p0f2/encoding_protocol,sensitivity,all,yield,ecfp4,0,2,encoding_protocol
acid,243,53,True,0.0530344660513156,0.0586260931011887,-0.1054338332446447,0.2995326188589858,test_e1a,primary,p0f2,0.3333333333333333,-0.070746881587471,sensitivity/all/protocol/yield/ecfp4/k5/p0f2/encoding_protocol,sensitivity,all,yield,ecfp4,0,2,encoding_protocol
acid,249,11,True,0.0010976030568613,0.0007224293185717,0.3418118562483471,0.0046734258409553,test_e1a,primary,p0f2,0.3947368421052631,0.5148187242778217,sensitivity/all/protocol/yield/ecfp4/k5/p0f2/encoding_protocol,sensitivity,all,yield,ecfp4,0,2,encoding_protocol
acid,253,2,False,0.000156741908602,0.0015778601945615,-9.06661338141174,0.0,test_e1a,primary,p0f2,0.76,-0.0842686863515218,sensitivity/all/protocol/yield/ecfp4/k5/p0f2/encoding_protocol,sensitivity,all,yield,ecfp4,0,2,encoding_protocol
acid,256,7,True,0.095839763990954,0.0863254547962919,0.0992730866444961,0.2671634669920985,test_e1a,primary,p0f2,0.3636363636363636,0.0409227460074987,sensitivity/all/protocol/yield/ecfp4/k5/p0f2/encoding_protocol,sensitivity,all,yield,ecfp4,0,2,encoding_protocol
acid,257,31,True,0.0189941378886539,0.0161681764631582,0.1487807155061088,0.27114374836896,test_e1a,primary,p0f2,0.4848484848484848,0.1604711116629527,sensitivity/all/protocol/yield/ecfp4/k5/p0f2/encoding_protocol,sensitivity,all,yield,ecfp4,0,2,encoding_protocol
acid,258,37,True,0.0360753537833006,0.0243823273872373,0.3241278371461463,0.3566027547140791,test_e1a,primary,p0f2,0.5454545454545454,0.2909565563510237,sensitivity/all/protocol/yield/ecfp4/k5/p0f2/encoding_protocol,sensitivity,all,yield,ecfp4,0,2,encoding_protocol
acid,264,109,True,0.0453103892533479,0.045619555419585,-0.0068232953044933,0.281061957176103,test_e1a,primary,p0f2,0.2926829268292683,0.0212426992803296,sensitivity/all/protocol/yield/ecfp4/k5/p0f2/encoding_protocol,sensitivity,all,yield,ecfp4,0,2,encoding_protocol
acid,267,10,True,0.002239492377573,0.0009753425133564,0.5644805389275622,0.0,test_e1a,primary,p0f2,0.4857142857142857,0.389560664849487,sensitivity/all/protocol/yield/ecfp4/k5/p0f2/encoding_protocol,sensitivity,all,yield,ecfp4,0,2,encoding_protocol
acid,268,10,True,0.0867188964764309,0.0674805777646008,0.2218469041180525,0.1015091243846253,test_e1a,primary,p0f2,0.1935483870967742,-0.1222799885637702,sensitivity/all/protocol/yield/ecfp4/k5/p0f2/encoding_protocol,sensitivity,all,yield,ecfp4,0,2,encoding_protocol
acid,269,4,True,0.0017965974038378,0.0002213927759166,0.8767710698881366,0.0,test_e1a,primary,p0f2,0.4242424242424242,0.7722699725500257,sensitivity/all/protocol/yield/ecfp4/k5/p0f2/encoding_protocol,sensitivity,all,yield,ecfp4,0,2,encoding_protocol
acid,270,53,True,0.0608972404583994,0.0595296728395713,0.0224569719175102,0.101107192431564,test_e1a,primary,p0f2,0.1818181818181818,-0.2119767672986747,sensitivity/all/protocol/yield/ecfp4/k5/p0f2/encoding_protocol,sensitivity,all,yield,ecfp4,0,2,encoding_protocol
amine,12,10,True,0.0058518805861708,0.0040307460985997,0.3112049982487321,0.0602413894262076,test_e1n,primary,p0f2,0.2340425531914893,-0.2066024298521571,sensitivity/all/protocol/yield/ecfp4/k5/p0f2/encoding_protocol,sensitivity,all,yield,ecfp4,0,2,encoding_protocol
amine,22,10,True,0.0275097251181874,0.0303024586981019,-0.1015180474510859,0.0,test_e1n,primary,p0f2,0.2258064516129032,-0.2409766041189947,sensitivity/all/protocol/yield/ecfp4/k5/p0f2/encoding_protocol,sensitivity,all,yield,ecfp4,0,2,encoding_protocol
amine,24,85,True,0.1344286112980967,0.1733647684147691,-0.2896418905223317,0.1138219054227332,test_e1n,primary,p0f2,0.1228070175438596,-0.0401669571197413,sensitivity/all/protocol/yield/ecfp4/k5/p0f2/encoding_protocol,sensitivity,all,yield,ecfp4,0,2,encoding_protocol
amine,29,11,True,0.1036791765035499,0.1082230279655203,-0.0438260759316007,0.310927946637159,test_e1n,primary,p0f2,0.3,0.0432479455919213,sensitivity/all/protocol/yield/ecfp4/k5/p0f2/encoding_protocol,sensitivity,all,yield,ecfp4,0,2,encoding_protocol
amine,31,10,True,0.0105657623146893,0.0043290308565893,0.5902774709808841,0.0,test_e1n,primary,p0f2,0.2058823529411764,-0.2409766041189947,sensitivity/all/protocol/yield/ecfp4/k5/p0f2/encoding_protocol,sensitivity,all,yield,ecfp4,0,2,encoding_protocol
amine,35,2,False,0.1601349519651227,0.1710195547496316,-0.0679714369095361,0.1608667927199395,test_e1n,primary,p0f2,0.303030303030303,-0.0483864789193031,sensitivity/all/protocol/yield/ecfp4/k5/p0f2/encoding_protocol,sensitivity,all,yield,ecfp4,0,2,encoding_protocol
amine,37,7,True,0.0671289379632917,0.0693482144750476,-0.0330599079784259,0.0185481099024235,test_e1n,primary,p0f2,0.3,-0.0755463803488376,sensitivity/all/protocol/yield/ecfp4/k5/p0f2/encoding_protocol,sensitivity,all,yield,ecfp4,0,2,encoding_protocol
amine,45,10,True,0.0099860856091432,0.0128521927280966,-0.2870100689232184,0.0100876657359371,test_e1n,primary,p0f2,0.1666666666666666,-0.245749821736309,sensitivity/all/protocol/yield/ecfp4/k5/p0f2/encoding_protocol,sensitivity,all,yield,ecfp4,0,2,encoding_protocol
amine,52,89,True,0.1224038435740745,0.1182123703520764,0.0342429869815448,0.1554885420731597,test_e1n,primary,p0f2,0.3333333333333333,-0.0048354996558606,sensitivity/all/protocol/yield/ecfp4/k5/p0f2/encoding_protocol,sensitivity,all,yield,ecfp4,0,2,encoding_protocol
amine,64,10,True,0.1772134860002238,0.1444591108958804,0.1848300366051263,0.2926150326509787,test_e1n,primary,p0f2,0.2666666666666666,0.0459041131208928,sensitivity/all/protocol/yield/ecfp4/k5/p0f2/encoding_protocol,sensitivity,all,yield,ecfp4,0,2,encoding_protocol
amine,69,64,True,0.0065061597150969,0.0048494779674298,0.2546328126287545,0.0624922952195353,test_e1n,primary,p0f2,0.296875,0.0685334356747026,sensitivity/all/protocol/yield/ecfp4/k5/p0f2/encoding_protocol,sensitivity,all,yield,ecfp4,0,2,encoding_protocol
amine,71,12,True,0.0035833421913987,0.0049174204410004,-0.3722999865332383,0.0,test_e1n,primary,p0f2,0.2575757575757575,-0.1452646075677222,sensitivity/all/protocol/yield/ecfp4/k5/p0f2/encoding_protocol,sensitivity,all,yield,ecfp4,0,2,encoding_protocol
amine,72,48,True,0.0024264385866101,0.0007672221188408,0.6838073202945822,0.0201548262527017,test_e1n,primary,p0f2,0.34375,0.0717715042245985,sensitivity/all/protocol/yield/ecfp4/k5/p0f2/encoding_protocol,sensitivity,all,yield,ecfp4,0,2,encoding_protocol
amine,76,10,True,0.1546458411545083,0.1920336046026388,-0.241763782129621,0.1730684350834149,test_e1n,primary,p0f2,0.1818181818181818,0.110992394295021,sensitivity/all/protocol/yield/ecfp4/k5/p0f2/encoding_protocol,sensitivity,all,yield,ecfp4,0,2,encoding_protocol
amine,77,56,True,0.251066407306744,0.2443854116034599,0.0266104724043052,0.3677332483184396,test_e1n,primary,p0f2,0.1538461538461538,-0.0065735912259092,sensitivity/all/protocol/yield/ecfp4/k5/p0f2/encoding_protocol,sensitivity,all,yield,ecfp4,0,2,encoding_protocol
amine,96,34,True,0.0505178825510761,0.0503187345452498,0.0039421289208819,0.2352788454491065,test_e1n,primary,p0f2,0.2131147540983606,0.0011756675018637,sensitivity/all/protocol/yield/ecfp4/k5/p0f2/encoding_protocol,sensitivity,all,yield,ecfp4,0,2,encoding_protocol
amine,97,9,True,0.3803834132368415,0.3774909356619472,0.0076041106794879,0.1571489376709595,test_e1n,primary,p0f2,0.15,0.0641940546551449,sensitivity/all/protocol/yield/ecfp4/k5/p0f2/encoding_protocol,sensitivity,all,yield,ecfp4,0,2,encoding_protocol
amine,98,8,True,0.0087166554693793,0.025641393252454,-1.9416550123530048,0.0546148445937549,test_e1n,primary,p0f2,0.2142857142857142,-0.2579306084592663,sensitivity/all/protocol/yield/ecfp4/k5/p0f2/encoding_protocol,sensitivity,all,yield,ecfp4,0,2,encoding_protocol
amine,103,28,True,0.0818145416723958,0.0794686589687781,0.0286731753996885,0.2777719160651367,test_e1n,primary,p0f2,0.2708333333333333,-0.0217287060830448,sensitivity/all/protocol/yield/ecfp4/k5/p0f2/encoding_protocol,sensitivity,all,yield,ecfp4,0,2,encoding_protocol
amine,105,101,True,0.0454953842107382,0.0400166638953152,0.1204236519917087,0.1265224862259356,test_e1n,primary,p0f2,0.4,-0.0399330249759055,sensitivity/all/protocol/yield/ecfp4/k5/p0f2/encoding_protocol,sensitivity,all,yield,ecfp4,0,2,encoding_protocol
amine,111,41,True,0.083469964144936,0.1041184180772567,-0.2473758572181366,0.0913668022915085,test_e1n,primary,p0f2,0.3142857142857143,0.0404819659857541,sensitivity/all/protocol/yield/ecfp4/k5/p0f2/encoding_protocol,sensitivity,all,yield,ecfp4,0,2,encoding_protocol
amine,112,43,True,0.070863700226844,0.0508234610151335,0.2827997853281586,0.2784886469072966,test_e1n,primary,p0f2,0.293103448275862,0.0065091449353141,sensitivity/all/protocol/yield/ecfp4/k5/p0f2/encoding_protocol,sensitivity,all,yield,ecfp4,0,2,encoding_protocol
amine,113,104,True,0.0106028836467435,0.0103539843120202,0.0234746832103335,0.0822005675165162,test_e1n,primary,p0f2,0.22,-0.0529235294614527,sensitivity/all/protocol/yield/ecfp4/k5/p0f2/encoding_protocol,sensitivity,all,yield,ecfp4,0,2,encoding_protocol
amine,116,4,True,0.1604535379760867,0.1491565098417679,0.0704068497137306,0.4219281652919922,test_e1n,primary,p0f2,0.2549019607843137,0.0640465263603285,sensitivity/all/protocol/yield/ecfp4/k5/p0f2/encoding_protocol,sensitivity,all,yield,ecfp4,0,2,encoding_protocol
amine,122,28,True,0.1122574309731978,0.1133833955687771,-0.0100302009926456,0.1371269999444187,test_e1n,primary,p0f2,0.5945945945945946,0.0142272987073304,sensitivity/all/protocol/yield/ecfp4/k5/p0f2/encoding_protocol,sensitivity,all,yield,ecfp4,0,2,encoding_protocol
amine,127,39,True,0.0318514327766422,0.031831079615285,0.0006390030081212,0.1703183991382617,test_e1n,primary,p0f2,0.5370370370370371,-0.0419771969441662,sensitivity/all/protocol/yield/ecfp4/k5/p0f2/encoding_protocol,sensitivity,all,yield,ecfp4,0,2,encoding_protocol
amine,129,36,True,0.1076666231271117,0.0649755377549721,0.3965117891896568,0.2535431971585845,test_e1n,primary,p0f2,0.3720930232558139,-0.0058515574382602,sensitivity/all/protocol/yield/ecfp4/k5/p0f2/encoding_protocol,sensitivity,all,yield,ecfp4,0,2,encoding_protocol
amine,130,26,True,0.0108135764630014,0.0100312093950194,0.0723504448929358,0.0762152927315368,test_e1n,primary,p0f2,0.4482758620689655,-0.0054641776491723,sensitivity/all/protocol/yield/ecfp4/k5/p0f2/encoding_protocol,sensitivity,all,yield,ecfp4,0,2,encoding_protocol
amine,132,30,True,0.0184876462825212,0.0161989313289863,0.1237969895442365,0.1414766062868232,test_e1n,primary,p0f2,0.5789473684210527,0.0823427436200225,sensitivity/all/protocol/yield/ecfp4/k5/p0f2/encoding_protocol,sensitivity,all,yield,ecfp4,0,2,encoding_protocol
amine,133,46,True,0.0180124375932257,0.0166457161982655,0.0758765374140254,0.1212645931454216,test_e1n,primary,p0f2,0.3404255319148936,0.0281063224965308,sensitivity/all/protocol/yield/ecfp4/k5/p0f2/encoding_protocol,sensitivity,all,yield,ecfp4,0,2,encoding_protocol
amine,134,55,True,0.075921456711313,0.0729804594210213,0.0387373664532623,0.2190464853575029,test_e1n,primary,p0f2,0.3,-0.0122507796147803,sensitivity/all/protocol/yield/ecfp4/k5/p0f2/encoding_protocol,sensitivity,all,yield,ecfp4,0,2,encoding_protocol
amine,136,16,True,0.1836825176801606,0.1541941446961717,0.1605398998032893,0.3697989525291637,test_e1n,primary,p0f2,0.145631067961165,0.0256920946541353,sensitivity/all/protocol/yield/ecfp4/k5/p0f2/encoding_protocol,sensitivity,all,yield,ecfp4,0,2,encoding_protocol
amine,140,16,True,0.1106378594171858,0.0674761735932809,0.3901167832717525,0.2814972607918828,test_e1n,primary,p0f2,0.3243243243243243,0.0100918805515484,sensitivity/all/protocol/yield/ecfp4/k5/p0f2/encoding_protocol,sensitivity,all,yield,ecfp4,0,2,encoding_protocol
amine,148,22,True,0.1457699721928698,0.0894487190241979,0.386370747839292,0.2592837463581956,test_e1n,primary,p0f2,0.3095238095238095,-0.0001673601384748,sensitivity/all/protocol/yield/ecfp4/k5/p0f2/encoding_protocol,sensitivity,all,yield,ecfp4,0,2,encoding_protocol
amine,149,10,True,0.0242801668189773,0.0607318874870655,-1.5012961377018836,0.0,test_e1n,primary,p0f2,0.4054054054054054,-0.2409766041189947,sensitivity/all/protocol/yield/ecfp4/k5/p0f2/encoding_protocol,sensitivity,all,yield,ecfp4,0,2,encoding_protocol
amine,152,10,True,0.0797199704175936,0.0769690358895192,0.0345074705078827,0.281125130107178,test_e1n,primary,p0f2,0.2608695652173913,0.0817714100662722,sensitivity/all/protocol/yield/ecfp4/k5/p0f2/encoding_protocol,sensitivity,all,yield,ecfp4,0,2,encoding_protocol
amine,165,10,True,0.039360198395759,0.0402883446547871,-0.0235808328427566,0.0181809301803351,test_e1n,primary,p0f2,0.2608695652173913,-0.2385859605606382,sensitivity/all/protocol/yield/ecfp4/k5/p0f2/encoding_protocol,sensitivity,all,yield,ecfp4,0,2,encoding_protocol
amine,175,21,True,0.0854801547131448,0.0667313979229456,0.2193346146028453,0.2987087044979726,test_e1n,primary,p0f2,0.2727272727272727,0.0115304594408537,sensitivity/all/protocol/yield/ecfp4/k5/p0f2/encoding_protocol,sensitivity,all,yield,ecfp4,0,2,encoding_protocol
amine,176,49,True,0.2734726169808744,0.279960892433836,-0.023725503213418,0.3629849236599528,test_e1n,primary,p0f2,0.1923076923076923,0.0168313764589715,sensitivity/all/protocol/yield/ecfp4/k5/p0f2/encoding_protocol,sensitivity,all,yield,ecfp4,0,2,encoding_protocol
amine,180,9,True,0.0239863554146645,0.0183643261765061,0.2343844715450701,0.0,test_e1n,primary,p0f2,0.1818181818181818,-0.2484300369463086,sensitivity/all/protocol/yield/ecfp4/k5/p0f2/encoding_protocol,sensitivity,all,yield,ecfp4,0,2,encoding_protocol
amine,188,65,True,0.0930755453680901,0.0888260031395985,0.0456569146244132,0.2903492438906714,test_e1n,primary,p0f2,0.2558139534883721,0.0038663389548546,sensitivity/all/protocol/yield/ecfp4/k5/p0f2/encoding_protocol,sensitivity,all,yield,ecfp4,0,2,encoding_protocol
amine,202,24,True,0.0443147679718923,0.0384817063497085,0.1316279400556385,0.2240111196369825,test_e1n,primary,p0f2,0.2926829268292683,0.0356618374796472,sensitivity/all/protocol/yield/ecfp4/k5/p0f2/encoding_protocol,sensitivity,all,yield,ecfp4,0,2,encoding_protocol
amine,212,7,True,0.0268521111234879,0.0420671954543496,-0.566625255678791,0.1228390371486973,test_e1n,primary,p0f2,0.123076923076923,-0.0168910491618854,sensitivity/all/protocol/yield/ecfp4/k5/p0f2/encoding_protocol,sensitivity,all,yield,ecfp4,0,2,encoding_protocol
amine,215,9,True,0.1875606693296217,0.1818785762639116,0.030294693903679,0.2742694832540515,test_e1n,primary,p0f2,0.1702127659574468,0.0562406841172981,sensitivity/all/protocol/yield/ecfp4/k5/p0f2/encoding_protocol,sensitivity,all,yield,ecfp4,0,2,encoding_protocol
amine,224,32,True,0.0133620347161927,0.0129268988510434,0.032565090152177,0.1298080499377023,test_e1n,primary,p0f2,0.4482758620689655,0.0688914674904668,sensitivity/all/protocol/yield/ecfp4/k5/p0f2/encoding_protocol,sensitivity,all,yield,ecfp4,0,2,encoding_protocol
acid,6,43,True,0.0738815088865856,0.0810864080932481,-0.0975196543119143,0.3525410930745543,test_e1a,primary,p0f2,0.4318181818181818,0.0020532972491239,sensitivity/all/chemistry/yield/ecfp4/k5/p0f2/aggregate_cells,sensitivity,all,yield,ecfp4,0,2,aggregate_cells
acid,9,32,True,0.0426767407721623,0.0437159894742973,-0.0243516417451665,0.1572855852345683,test_e1a,primary,p0f2,0.4054054054054054,0.03312196602216,sensitivity/all/chemistry/yield/ecfp4/k5/p0f2/aggregate_cells,sensitivity,all,yield,ecfp4,0,2,aggregate_cells
acid,11,25,True,0.0556247889989244,0.0609143307322417,-0.0950932458084403,0.3407404954898473,test_e1a,primary,p0f2,0.4545454545454545,-0.0240747903737421,sensitivity/all/chemistry/yield/ecfp4/k5/p0f2/aggregate_cells,sensitivity,all,yield,ecfp4,0,2,aggregate_cells
acid,26,34,True,0.0659446979550007,0.0769181352081992,-0.166403632035536,0.4064855483812195,test_e1a,primary,p0f2,0.4651162790697674,0.0200744160296489,sensitivity/all/chemistry/yield/ecfp4/k5/p0f2/aggregate_cells,sensitivity,all,yield,ecfp4,0,2,aggregate_cells
acid,28,61,True,0.0775071336208593,0.0775571696186359,-0.0006455663554976,0.3449133410737217,test_e1a,primary,p0f2,0.546875,-0.0140535724970667,sensitivity/all/chemistry/yield/ecfp4/k5/p0f2/aggregate_cells,sensitivity,all,yield,ecfp4,0,2,aggregate_cells
acid,29,33,True,0.0331277791018358,0.0399819203481173,-0.2069001132014203,0.3631281504322732,test_e1a,primary,p0f2,0.3958333333333333,0.0320089705655463,sensitivity/all/chemistry/yield/ecfp4/k5/p0f2/aggregate_cells,sensitivity,all,yield,ecfp4,0,2,aggregate_cells
acid,33,10,True,0.0689701124765972,0.0746428125414902,-0.0822486706371232,0.3015731567777359,test_e1a,primary,p0f2,0.6521739130434783,-0.0379151147992242,sensitivity/all/chemistry/yield/ecfp4/k5/p0f2/aggregate_cells,sensitivity,all,yield,ecfp4,0,2,aggregate_cells
acid,38,28,True,0.0363921567977637,0.0355247245258571,0.0238356928589595,0.3324006959757834,test_e1a,primary,p0f2,0.6888888888888889,-0.0515912397165019,sensitivity/all/chemistry/yield/ecfp4/k5/p0f2/aggregate_cells,sensitivity,all,yield,ecfp4,0,2,aggregate_cells
acid,40,29,True,0.0554137031874892,0.0653168003179336,-0.1787120614721926,0.2782102437529288,test_e1a,primary,p0f2,0.5961538461538461,0.032244175490705,sensitivity/all/chemistry/yield/ecfp4/k5/p0f2/aggregate_cells,sensitivity,all,yield,ecfp4,0,2,aggregate_cells
acid,41,4,True,0.0047358730939767,0.0038338992512972,0.1904556614548453,0.0,test_e1a,primary,p0f2,0.5769230769230769,0.1888111637577673,sensitivity/all/chemistry/yield/ecfp4/k5/p0f2/aggregate_cells,sensitivity,all,yield,ecfp4,0,2,aggregate_cells
acid,52,33,True,0.0471078428624267,0.0464348800397709,0.0142855792531435,0.3741349112781661,test_e1a,primary,p0f2,0.54,-0.0034841097742355,sensitivity/all/chemistry/yield/ecfp4/k5/p0f2/aggregate_cells,sensitivity,all,yield,ecfp4,0,2,aggregate_cells
acid,53,5,True,0.054580489388816,0.0470222833602766,0.1384781652413721,0.3728159022895885,test_e1a,primary,p0f2,0.6666666666666666,0.0463324059344458,sensitivity/all/chemistry/yield/ecfp4/k5/p0f2/aggregate_cells,sensitivity,all,yield,ecfp4,0,2,aggregate_cells
acid,61,12,True,0.0419443570137111,0.0395626423798969,0.0567827189015132,0.0310903119958613,test_e1a,primary,p0f2,0.5873015873015873,0.1028977188501479,sensitivity/all/chemistry/yield/ecfp4/k5/p0f2/aggregate_cells,sensitivity,all,yield,ecfp4,0,2,aggregate_cells
acid,67,81,True,0.0464528368546897,0.0633926425537346,-0.3646667640995682,0.1357194313369986,test_e1a,primary,p0f2,0.352112676056338,-0.0910761642084727,sensitivity/all/chemistry/yield/ecfp4/k5/p0f2/aggregate_cells,sensitivity,all,yield,ecfp4,0,2,aggregate_cells
acid,71,52,True,0.0255623086530562,0.0261526894204322,-0.0230957530240702,0.169158927510227,test_e1a,primary,p0f2,0.3636363636363636,0.0292876574692425,sensitivity/all/chemistry/yield/ecfp4/k5/p0f2/aggregate_cells,sensitivity,all,yield,ecfp4,0,2,aggregate_cells
acid,77,33,True,0.0640738743490044,0.055591797664174,0.1323796441374732,0.3634349975160724,test_e1a,primary,p0f2,0.3636363636363636,0.0521620168220007,sensitivity/all/chemistry/yield/ecfp4/k5/p0f2/aggregate_cells,sensitivity,all,yield,ecfp4,0,2,aggregate_cells
acid,84,15,True,0.1591604694058886,0.1677086076757295,-0.0537076718971061,0.3259370513282763,test_e1a,primary,p0f2,0.6585365853658537,0.0270149237859383,sensitivity/all/chemistry/yield/ecfp4/k5/p0f2/aggregate_cells,sensitivity,all,yield,ecfp4,0,2,aggregate_cells
acid,87,23,True,0.0457388154784571,0.032805056195187,0.28277425088461,0.0221481786651141,test_e1a,primary,p0f2,0.4523809523809524,0.0637707533723628,sensitivity/all/chemistry/yield/ecfp4/k5/p0f2/aggregate_cells,sensitivity,all,yield,ecfp4,0,2,aggregate_cells
acid,92,5,True,0.0027489589435656,0.0011313325280987,0.5884505548011931,0.0,test_e1a,primary,p0f2,0.3428571428571428,0.286906262706708,sensitivity/all/chemistry/yield/ecfp4/k5/p0f2/aggregate_cells,sensitivity,all,yield,ecfp4,0,2,aggregate_cells
acid,96,69,True,0.0508645954441743,0.0506296854952526,0.0046183390798715,0.2443177853943855,test_e1a,primary,p0f2,0.3538461538461538,-0.0149974332658429,sensitivity/all/chemistry/yield/ecfp4/k5/p0f2/aggregate_cells,sensitivity,all,yield,ecfp4,0,2,aggregate_cells
acid,105,34,True,0.0398057868716241,0.0412765010271438,-0.0369472448883592,0.3464294127415825,test_e1a,primary,p0f2,0.3636363636363636,0.010630153054196,sensitivity/all/chemistry/yield/ecfp4/k5/p0f2/aggregate_cells,sensitivity,all,yield,ecfp4,0,2,aggregate_cells
acid,106,14,True,0.0375832111751015,0.0394802888566752,-0.050476732090164,0.2558377294130183,test_e1a,primary,p0f2,0.2444444444444444,-0.0798579172188009,sensitivity/all/chemistry/yield/ecfp4/k5/p0f2/aggregate_cells,sensitivity,all,yield,ecfp4,0,2,aggregate_cells
acid,123,6,True,0.0126682015130627,0.0127370888710195,-0.0054378167165833,0.0131864197819827,test_e1a,primary,p0f2,0.2727272727272727,0.0607550134767296,sensitivity/all/chemistry/yield/ecfp4/k5/p0f2/aggregate_cells,sensitivity,all,yield,ecfp4,0,2,aggregate_cells
acid,131,16,True,0.0039627705626039,0.0027052367016528,0.3173370350578095,0.1742692954405145,test_e1a,primary,p0f2,0.5142857142857142,0.3383754328174692,sensitivity/all/chemistry/yield/ecfp4/k5/p0f2/aggregate_cells,sensitivity,all,yield,ecfp4,0,2,aggregate_cells
acid,132,8,True,0.0380372218333118,0.0385619226830429,-0.0137944051758176,0.2430309000782763,test_e1a,primary,p0f2,0.5925925925925926,-0.0073438118885935,sensitivity/all/chemistry/yield/ecfp4/k5/p0f2/aggregate_cells,sensitivity,all,yield,ecfp4,0,2,aggregate_cells
acid,142,8,True,0.0053404231602314,0.0048964719714609,0.0831303391979346,0.0,test_e1a,primary,p0f2,0.4225352112676056,0.0480634695841621,sensitivity/all/chemistry/yield/ecfp4/k5/p0f2/aggregate_cells,sensitivity,all,yield,ecfp4,0,2,aggregate_cells
acid,154,70,True,0.0218408037871763,0.0176803111879394,0.1904917346347698,0.220231659176299,test_e1a,primary,p0f2,0.234375,0.0639245164871374,sensitivity/all/chemistry/yield/ecfp4/k5/p0f2/aggregate_cells,sensitivity,all,yield,ecfp4,0,2,aggregate_cells
acid,155,31,True,0.0764603471424849,0.0754329015096666,0.0134376270997516,0.3543767932764549,test_e1a,primary,p0f2,0.282051282051282,0.0551302776207935,sensitivity/all/chemistry/yield/ecfp4/k5/p0f2/aggregate_cells,sensitivity,all,yield,ecfp4,0,2,aggregate_cells
acid,160,5,True,0.0110786646598403,0.0058839410944227,0.4688943771579464,0.0187382496514482,test_e1a,primary,p0f2,0.4821428571428571,0.2403381444921299,sensitivity/all/chemistry/yield/ecfp4/k5/p0f2/aggregate_cells,sensitivity,all,yield,ecfp4,0,2,aggregate_cells
acid,161,8,True,0.1316098322157518,0.1688146692941407,-0.282690407335205,0.3055698330286268,test_e1a,primary,p0f2,0.6274509803921569,-0.1161449396780651,sensitivity/all/chemistry/yield/ecfp4/k5/p0f2/aggregate_cells,sensitivity,all,yield,ecfp4,0,2,aggregate_cells
acid,179,24,True,0.0302131800978801,0.0175162125314233,0.4202459828896893,0.3782251019612834,test_e1a,primary,p0f2,0.7254901960784313,-0.1022662116028079,sensitivity/all/chemistry/yield/ecfp4/k5/p0f2/aggregate_cells,sensitivity,all,yield,ecfp4,0,2,aggregate_cells
acid,195,31,True,0.0189448505242215,0.0206073560811913,-0.0877550105156186,0.334384880909178,test_e1a,primary,p0f2,0.4666666666666667,-0.0016538235937486,sensitivity/all/chemistry/yield/ecfp4/k5/p0f2/aggregate_cells,sensitivity,all,yield,ecfp4,0,2,aggregate_cells
acid,203,14,True,0.0070206626286131,0.0030602551172059,0.5641073671972596,0.0353858022376206,test_e1a,primary,p0f2,0.6,0.1066447500586781,sensitivity/all/chemistry/yield/ecfp4/k5/p0f2/aggregate_cells,sensitivity,all,yield,ecfp4,0,2,aggregate_cells
acid,206,117,True,0.055016627164337,0.0543286790013346,0.0125043681966798,0.2976384128106288,test_e1a,primary,p0f2,0.3478260869565217,0.027487291654472,sensitivity/all/chemistry/yield/ecfp4/k5/p0f2/aggregate_cells,sensitivity,all,yield,ecfp4,0,2,aggregate_cells
acid,212,12,True,0.006171272094305,0.0079388389830677,-0.2864185635881802,0.203007207664251,test_e1a,primary,p0f2,0.3142857142857143,0.1967681600190144,sensitivity/all/chemistry/yield/ecfp4/k5/p0f2/aggregate_cells,sensitivity,all,yield,ecfp4,0,2,aggregate_cells
acid,214,17,True,0.057958993508414,0.0591381022531976,-0.0203438443873671,0.2976805755730955,test_e1a,primary,p0f2,0.5384615384615384,0.0271098048514327,sensitivity/all/chemistry/yield/ecfp4/k5/p0f2/aggregate_cells,sensitivity,all,yield,ecfp4,0,2,aggregate_cells
acid,224,12,True,0.0236080125894901,0.0197926802761785,0.1616117535878541,0.0631214287918712,test_e1a,primary,p0f2,0.4827586206896552,0.072500023300785,sensitivity/all/chemistry/yield/ecfp4/k5/p0f2/aggregate_cells,sensitivity,all,yield,ecfp4,0,2,aggregate_cells
acid,231,15,True,0.1027802223441072,0.0980759688262325,0.0457700266703544,0.3993802796953348,test_e1a,primary,p0f2,0.6285714285714286,0.0146760576156202,sensitivity/all/chemistry/yield/ecfp4/k5/p0f2/aggregate_cells,sensitivity,all,yield,ecfp4,0,2,aggregate_cells
acid,234,2,False,0.0171634186348375,0.0136746400970871,0.2032682772573665,0.0212132034355964,test_e1a,primary,p0f2,0.6764705882352942,0.1573875689099192,sensitivity/all/chemistry/yield/ecfp4/k5/p0f2/aggregate_cells,sensitivity,all,yield,ecfp4,0,2,aggregate_cells
acid,236,53,True,0.0317229136571955,0.0297822442724878,0.0611756349268206,0.122805564723838,test_e1a,primary,p0f2,0.3469387755102041,-0.0482086435286412,sensitivity/all/chemistry/yield/ecfp4/k5/p0f2/aggregate_cells,sensitivity,all,yield,ecfp4,0,2,aggregate_cells
acid,249,8,True,0.0172702041623069,0.014683529026707,0.1497767548831555,0.11458665389128,test_e1a,primary,p0f2,0.3947368421052631,0.0832394472083088,sensitivity/all/chemistry/yield/ecfp4/k5/p0f2/aggregate_cells,sensitivity,all,yield,ecfp4,0,2,aggregate_cells
acid,251,19,True,0.0199781877548054,0.0247134939779404,-0.2370238122322152,0.3302162815967421,test_e1a,primary,p0f2,0.4516129032258064,-0.0226694098337678,sensitivity/all/chemistry/yield/ecfp4/k5/p0f2/aggregate_cells,sensitivity,all,yield,ecfp4,0,2,aggregate_cells
acid,256,13,True,0.0658495960537386,0.0593671107483234,0.0984438127779084,0.2082959734706904,test_e1a,primary,p0f2,0.3636363636363636,0.0669187828563454,sensitivity/all/chemistry/yield/ecfp4/k5/p0f2/aggregate_cells,sensitivity,all,yield,ecfp4,0,2,aggregate_cells
acid,258,34,True,0.0398035163030639,0.0407274077610533,-0.0232113025129463,0.388576362578023,test_e1a,primary,p0f2,0.4375,0.0136718723947623,sensitivity/all/chemistry/yield/ecfp4/k5/p0f2/aggregate_cells,sensitivity,all,yield,ecfp4,0,2,aggregate_cells
acid,264,100,True,0.0496759188386342,0.0495704157398953,0.0021238278265508,0.2906842453869174,test_e1a,primary,p0f2,0.2926829268292683,0.0168934344379498,sensitivity/all/chemistry/yield/ecfp4/k5/p0f2/aggregate_cells,sensitivity,all,yield,ecfp4,0,2,aggregate_cells
acid,267,10,True,0.0235622774804472,0.025838450077839,-0.096602401838302,0.2171858397778271,test_e1a,primary,p0f2,0.4857142857142857,-0.0385092644048814,sensitivity/all/chemistry/yield/ecfp4/k5/p0f2/aggregate_cells,sensitivity,all,yield,ecfp4,0,2,aggregate_cells
acid,269,14,True,0.0086504033011001,0.0044737031629977,0.4828329954941202,0.0133630620956212,test_e1a,primary,p0f2,0.4242424242424242,0.1087394861007144,sensitivity/all/chemistry/yield/ecfp4/k5/p0f2/aggregate_cells,sensitivity,all,yield,ecfp4,0,2,aggregate_cells
amine,12,9,True,0.0163819020285674,0.0147893537617751,0.0972138805381196,0.0635,test_e1n,primary,p0f2,0.2340425531914893,0.1317380184854769,sensitivity/all/chemistry/yield/ecfp4/k5/p0f2/aggregate_cells,sensitivity,all,yield,ecfp4,0,2,aggregate_cells
amine,20,51,True,0.0085008340493013,0.0086408233365192,-0.0164677120393201,0.0,test_e1n,primary,p0f2,0.4473684210526316,0.1221967983349474,sensitivity/all/chemistry/yield/ecfp4/k5/p0f2/aggregate_cells,sensitivity,all,yield,ecfp4,0,2,aggregate_cells
amine,22,9,True,0.02733727777245,0.0298364544888878,-0.091420101783376,0.0,test_e1n,primary,p0f2,0.3448275862068966,0.1223229509168968,sensitivity/all/chemistry/yield/ecfp4/k5/p0f2/aggregate_cells,sensitivity,all,yield,ecfp4,0,2,aggregate_cells
amine,25,46,True,0.0935895310444999,0.0851881851322771,0.0897680095034139,0.3429762538499945,test_e1n,primary,p0f2,0.2727272727272727,-0.0303229539631855,sensitivity/all/chemistry/yield/ecfp4/k5/p0f2/aggregate_cells,sensitivity,all,yield,ecfp4,0,2,aggregate_cells
amine,26,33,True,0.123758222183906,0.1324105613046939,-0.0699132467168959,0.2671044134326301,test_e1n,primary,p0f2,0.4772727272727273,-0.0681113144599945,sensitivity/all/chemistry/yield/ecfp4/k5/p0f2/aggregate_cells,sensitivity,all,yield,ecfp4,0,2,aggregate_cells
amine,28,27,True,0.2395257328600032,0.273411019818232,-0.1414682529247659,0.3288903888710308,test_e1n,primary,p0f2,0.4358974358974359,-0.0484036556639162,sensitivity/all/chemistry/yield/ecfp4/k5/p0f2/aggregate_cells,sensitivity,all,yield,ecfp4,0,2,aggregate_cells
amine,29,10,True,0.0892616666380373,0.1122425091348268,-0.2574547771999209,0.2927406891962767,test_e1n,primary,p0f2,0.3,-0.1048086717845337,sensitivity/all/chemistry/yield/ecfp4/k5/p0f2/aggregate_cells,sensitivity,all,yield,ecfp4,0,2,aggregate_cells
amine,31,8,True,0.0075283542750189,0.0028072825744764,0.6271054108343739,0.0,test_e1n,primary,p0f2,0.2,0.1332078086928947,sensitivity/all/chemistry/yield/ecfp4/k5/p0f2/aggregate_cells,sensitivity,all,yield,ecfp4,0,2,aggregate_cells
amine,32,50,True,0.0145442469522523,0.0092001424852043,0.3674376875332407,0.0030829855659733,test_e1n,primary,p0f2,0.25,0.1210041140222862,sensitivity/all/chemistry/yield/ecfp4/k5/p0f2/aggregate_cells,sensitivity,all,yield,ecfp4,0,2,aggregate_cells
amine,35,2,False,0.0785865135701722,0.0833074888324625,-0.0600736061165863,0.1608667927199395,test_e1n,primary,p0f2,0.4230769230769231,0.1054860072772635,sensitivity/all/chemistry/yield/ecfp4/k5/p0f2/aggregate_cells,sensitivity,all,yield,ecfp4,0,2,aggregate_cells
amine,37,7,True,0.0528551795719451,0.0467441359739327,0.1156186327906462,0.0185481099024235,test_e1n,primary,p0f2,0.175,0.1188025649904044,sensitivity/all/chemistry/yield/ecfp4/k5/p0f2/aggregate_cells,sensitivity,all,yield,ecfp4,0,2,aggregate_cells
amine,45,9,True,0.0131355621989072,0.0100604716463461,0.2341042207403131,0.0106333333333333,test_e1n,primary,p0f2,0.1666666666666666,0.1243842225076472,sensitivity/all/chemistry/yield/ecfp4/k5/p0f2/aggregate_cells,sensitivity,all,yield,ecfp4,0,2,aggregate_cells
amine,64,9,True,0.1359878210252589,0.1515257269277547,-0.1142595401952184,0.2870725444443926,test_e1n,primary,p0f2,0.2666666666666666,-0.0594172556056435,sensitivity/all/chemistry/yield/ecfp4/k5/p0f2/aggregate_cells,sensitivity,all,yield,ecfp4,0,2,aggregate_cells
amine,68,32,True,0.012862412725111,0.0039730873464946,0.6911087032110195,0.0116259928469537,test_e1n,primary,p0f2,0.2391304347826087,0.1168188203872719,sensitivity/all/chemistry/yield/ecfp4/k5/p0f2/aggregate_cells,sensitivity,all,yield,ecfp4,0,2,aggregate_cells
amine,69,67,True,0.0062094855095901,0.0080380444574732,-0.2944783340035237,0.0610761866393173,test_e1n,primary,p0f2,0.1875,0.1092663951854255,sensitivity/all/chemistry/yield/ecfp4/k5/p0f2/aggregate_cells,sensitivity,all,yield,ecfp4,0,2,aggregate_cells
amine,71,16,True,0.0035809166980774,0.0040147098019769,-0.1211402387920639,0.0,test_e1n,primary,p0f2,0.2763157894736842,0.130404610002312,sensitivity/all/chemistry/yield/ecfp4/k5/p0f2/aggregate_cells,sensitivity,all,yield,ecfp4,0,2,aggregate_cells
amine,76,9,True,0.0778376996077549,0.0787745459429845,-0.0120358944309844,0.1650061968533303,test_e1n,primary,p0f2,0.225,-0.0689509077273451,sensitivity/all/chemistry/yield/ecfp4/k5/p0f2/aggregate_cells,sensitivity,all,yield,ecfp4,0,2,aggregate_cells
amine,97,9,True,0.3020121919209158,0.312903441677226,-0.0360622850588832,0.1666967464522861,test_e1n,primary,p0f2,0.15,-0.0438632447121896,sensitivity/all/chemistry/yield/ecfp4/k5/p0f2/aggregate_cells,sensitivity,all,yield,ecfp4,0,2,aggregate_cells
amine,98,7,True,0.0520193244327096,0.0471106783188025,0.094361973505765,0.0695378725176843,test_e1n,primary,p0f2,0.2674418604651162,0.1497242024125729,sensitivity/all/chemistry/yield/ecfp4/k5/p0f2/aggregate_cells,sensitivity,all,yield,ecfp4,0,2,aggregate_cells
amine,101,40,True,0.0100539846801591,0.0069560260772537,0.3081324172911263,0.0098143589207671,test_e1n,primary,p0f2,0.4078947368421052,0.111817382804855,sensitivity/all/chemistry/yield/ecfp4/k5/p0f2/aggregate_cells,sensitivity,all,yield,ecfp4,0,2,aggregate_cells
amine,111,45,True,0.0408242493516325,0.0358259808114909,0.122433813714244,0.0788652618410192,test_e1n,primary,p0f2,0.2962962962962963,0.0978565980864197,sensitivity/all/chemistry/yield/ecfp4/k5/p0f2/aggregate_cells,sensitivity,all,yield,ecfp4,0,2,aggregate_cells
amine,113,90,True,0.0065163188446611,0.005306961570395,0.1855890270404607,0.0308097177758206,test_e1n,primary,p0f2,0.2068965517241379,0.0579387480693583,sensitivity/all/chemistry/yield/ecfp4/k5/p0f2/aggregate_cells,sensitivity,all,yield,ecfp4,0,2,aggregate_cells
amine,116,4,True,0.1985597491581725,0.2078898543267271,-0.0469889048919083,0.4219281652919922,test_e1n,primary,p0f2,0.2264150943396226,-0.051773201976059,sensitivity/all/chemistry/yield/ecfp4/k5/p0f2/aggregate_cells,sensitivity,all,yield,ecfp4,0,2,aggregate_cells
amine,118,43,True,0.1561641987936825,0.1476960088343148,0.0542261928456183,0.3826424716006402,test_e1n,primary,p0f2,0.2972972972972973,-0.0456803639559351,sensitivity/all/chemistry/yield/ecfp4/k5/p0f2/aggregate_cells,sensitivity,all,yield,ecfp4,0,2,aggregate_cells
amine,127,41,True,0.0480287089889722,0.0569016949463292,-0.184743378369681,0.1690050089819103,test_e1n,primary,p0f2,0.2295081967213114,0.0690229051649983,sensitivity/all/chemistry/yield/ecfp4/k5/p0f2/aggregate_cells,sensitivity,all,yield,ecfp4,0,2,aggregate_cells
amine,133,49,True,0.0256575398476617,0.0302003197650698,-0.1770543841841523,0.1175534568657529,test_e1n,primary,p0f2,0.3829787234042553,0.0948522830775228,sensitivity/all/chemistry/yield/ecfp4/k5/p0f2/aggregate_cells,sensitivity,all,yield,ecfp4,0,2,aggregate_cells
amine,134,57,True,0.0735713486325258,0.0832822977317913,-0.1319936263200736,0.2359157783483,test_e1n,primary,p0f2,0.3,-0.0292209462359249,sensitivity/all/chemistry/yield/ecfp4/k5/p0f2/aggregate_cells,sensitivity,all,yield,ecfp4,0,2,aggregate_cells
amine,135,34,True,0.0215714946587047,0.0243816494878916,-0.1302716790675819,0.1639334900568225,test_e1n,primary,p0f2,0.1886792452830188,-0.0451200302255456,sensitivity/all/chemistry/yield/ecfp4/k5/p0f2/aggregate_cells,sensitivity,all,yield,ecfp4,0,2,aggregate_cells
amine,136,20,True,0.2384617516128554,0.2360491833951096,0.0101172125149135,0.3346317612808066,test_e1n,primary,p0f2,0.1509433962264151,-0.0625952461103289,sensitivity/all/chemistry/yield/ecfp4/k5/p0f2/aggregate_cells,sensitivity,all,yield,ecfp4,0,2,aggregate_cells
amine,139,52,True,0.1415952789332424,0.1449006167296814,-0.0233435593428035,0.3791568845173764,test_e1n,primary,p0f2,0.2142857142857142,-0.039793466186383,sensitivity/all/chemistry/yield/ecfp4/k5/p0f2/aggregate_cells,sensitivity,all,yield,ecfp4,0,2,aggregate_cells
amine,140,17,True,0.0756333125907076,0.0581046578868825,0.2317583893050151,0.3168948193709036,test_e1n,primary,p0f2,0.4594594594594595,-0.0390474448453996,sensitivity/all/chemistry/yield/ecfp4/k5/p0f2/aggregate_cells,sensitivity,all,yield,ecfp4,0,2,aggregate_cells
amine,149,9,True,0.0359656228112073,0.0316954940150711,0.11872806481209,0.0,test_e1n,primary,p0f2,0.4054054054054054,0.1223229509168968,sensitivity/all/chemistry/yield/ecfp4/k5/p0f2/aggregate_cells,sensitivity,all,yield,ecfp4,0,2,aggregate_cells
amine,152,9,True,0.0823264734565955,0.0852693796884621,-0.035746778749343,0.2751659504331482,test_e1n,primary,p0f2,0.2608695652173913,-0.0583760613252277,sensitivity/all/chemistry/yield/ecfp4/k5/p0f2/aggregate_cells,sensitivity,all,yield,ecfp4,0,2,aggregate_cells
amine,158,81,True,0.0236222159908572,0.0201571782055738,0.1466855517121872,0.0419765723166719,test_e1n,primary,p0f2,0.2631578947368421,0.0675225503428538,sensitivity/all/chemistry/yield/ecfp4/k5/p0f2/aggregate_cells,sensitivity,all,yield,ecfp4,0,2,aggregate_cells
amine,165,9,True,0.0250893759724117,0.0171098516717629,0.3180439525248864,0.0381683696854403,test_e1n,primary,p0f2,0.3823529411764705,0.1399582185853076,sensitivity/all/chemistry/yield/ecfp4/k5/p0f2/aggregate_cells,sensitivity,all,yield,ecfp4,0,2,aggregate_cells
amine,180,9,True,0.0340764395450047,0.030823281588623,0.0954664865173259,0.0,test_e1n,primary,p0f2,0.2162162162162162,0.1223229509168968,sensitivity/all/chemistry/yield/ecfp4/k5/p0f2/aggregate_cells,sensitivity,all,yield,ecfp4,0,2,aggregate_cells
amine,182,83,True,0.0317058076074651,0.0322187968323654,-0.016179661191775,0.002006057532423,test_e1n,primary,p0f2,0.2608695652173913,0.0700113142270661,sensitivity/all/chemistry/yield/ecfp4/k5/p0f2/aggregate_cells,sensitivity,all,yield,ecfp4,0,2,aggregate_cells
amine,196,18,True,0.3580590074946605,0.3620827006605258,-0.0112375141572866,0.2807385577551782,test_e1n,primary,p0f2,0.1875,-0.0456268667752903,sensitivity/all/chemistry/yield/ecfp4/k5/p0f2/aggregate_cells,sensitivity,all,yield,ecfp4,0,2,aggregate_cells
amine,198,34,True,0.1817078143562116,0.1781975165378891,0.0193183646545936,0.3687490653542643,test_e1n,primary,p0f2,0.3191489361702128,-0.0282048097649074,sensitivity/all/chemistry/yield/ecfp4/k5/p0f2/aggregate_cells,sensitivity,all,yield,ecfp4,0,2,aggregate_cells
amine,204,34,True,0.0444445887166989,0.0495052653772414,-0.1138648552425707,0.1587905399834489,test_e1n,primary,p0f2,0.2758620689655172,0.0445855715757463,sensitivity/all/chemistry/yield/ecfp4/k5/p0f2/aggregate_cells,sensitivity,all,yield,ecfp4,0,2,aggregate_cells
amine,209,75,True,0.1596062163120349,0.1451366383008252,0.0906579852937635,0.3019829764860718,test_e1n,primary,p0f2,0.4,-0.0163841396543791,sensitivity/all/chemistry/yield/ecfp4/k5/p0f2/aggregate_cells,sensitivity,all,yield,ecfp4,0,2,aggregate_cells
amine,212,8,True,0.0271649273002527,0.0274165388187647,-0.0092623667176054,0.1207087847436371,test_e1n,primary,p0f2,0.1195652173913043,0.1045063483117996,sensitivity/all/chemistry/yield/ecfp4/k5/p0f2/aggregate_cells,sensitivity,all,yield,ecfp4,0,2,aggregate_cells
amine,215,9,True,0.1870855004243493,0.2032657822752081,-0.0864860281216797,0.3286913179565289,test_e1n,primary,p0f2,0.293103448275862,-0.0555044945158733,sensitivity/all/chemistry/yield/ecfp4/k5/p0f2/aggregate_cells,sensitivity,all,yield,ecfp4,0,2,aggregate_cells
amine,222,31,True,0.0933883044198005,0.0548104464711361,0.4130908917164678,0.2928495936024468,test_e1n,primary,p0f2,0.358974358974359,-0.0351312697756123,sensitivity/all/chemistry/yield/ecfp4/k5/p0f2/aggregate_cells,sensitivity,all,yield,ecfp4,0,2,aggregate_cells
amine,226,23,True,0.0589578433645504,0.0654414015908061,-0.1099693926415585,0.1942445541023453,test_e1n,primary,p0f2,0.46875,0.0210501341208886,sensitivity/all/chemistry/yield/ecfp4/k5/p0f2/aggregate_cells,sensitivity,all,yield,ecfp4,0,2,aggregate_cells
acid,0,17,True,0.1037276700633191,0.1125264617524505,-0.08482588767067,0.3464401695862377,test_e1a,primary,p0f2,0.46875,0.0006901122272753,sensitivity/all/chemistry/yield/ecfp4/k5/p0f2/classical_amines,sensitivity,all,yield,ecfp4,0,2,classical_amines
acid,8,16,True,0.0834151717152746,0.0591466251008393,0.2909368417686941,0.036375,test_e1a,primary,p0f2,0.3076923076923077,-0.1441033883557956,sensitivity/all/chemistry/yield/ecfp4/k5/p0f2/classical_amines,sensitivity,all,yield,ecfp4,0,2,classical_amines
acid,12,16,True,0.0522317550322645,0.0303207325262673,0.419496195225727,0.0,test_e1a,primary,p0f2,0.3636363636363636,0.1098346694334437,sensitivity/all/chemistry/yield/ecfp4/k5/p0f2/classical_amines,sensitivity,all,yield,ecfp4,0,2,classical_amines
acid,13,2,False,0.0279249727739824,0.0206155165772248,0.2617533866879121,0.0,test_e1a,primary,p0f2,0.3611111111111111,0.0748927061454159,sensitivity/all/chemistry/yield/ecfp4/k5/p0f2/classical_amines,sensitivity,all,yield,ecfp4,0,2,classical_amines
acid,14,22,True,0.0687296834110326,0.064792901969373,0.0572792023224665,0.3418575220292298,test_e1a,primary,p0f2,0.4411764705882353,0.1075546130480779,sensitivity/all/chemistry/yield/ecfp4/k5/p0f2/classical_amines,sensitivity,all,yield,ecfp4,0,2,classical_amines
acid,20,16,True,0.0382317974547811,0.0743886040587383,-0.9457260450995502,0.3568194257954575,test_e1a,primary,p0f2,0.5161290322580645,-0.2582758285946054,sensitivity/all/chemistry/yield/ecfp4/k5/p0f2/classical_amines,sensitivity,all,yield,ecfp4,0,2,classical_amines
acid,22,28,True,0.0387255407448707,0.0386510708949882,0.0019230163982246,0.3377093661989825,test_e1a,primary,p0f2,0.6274509803921569,-0.0056748453724482,sensitivity/all/chemistry/yield/ecfp4/k5/p0f2/classical_amines,sensitivity,all,yield,ecfp4,0,2,classical_amines
acid,27,32,True,0.0547971669111941,0.0324990854769843,0.4069203334972896,0.1400548020620684,test_e1a,primary,p0f2,0.4318181818181818,0.1317959639257256,sensitivity/all/chemistry/yield/ecfp4/k5/p0f2/classical_amines,sensitivity,all,yield,ecfp4,0,2,classical_amines
acid,29,32,True,0.0291206649450372,0.0322087209715262,-0.1060434585651601,0.371056807001539,test_e1a,primary,p0f2,0.3958333333333333,-0.094709139876818,sensitivity/all/chemistry/yield/ecfp4/k5/p0f2/classical_amines,sensitivity,all,yield,ecfp4,0,2,classical_amines
acid,30,75,True,0.0413982513075628,0.0506198311420893,-0.2227528831113159,0.2268566116008679,test_e1a,primary,p0f2,0.3333333333333333,0.0047999245947432,sensitivity/all/chemistry/yield/ecfp4/k5/p0f2/classical_amines,sensitivity,all,yield,ecfp4,0,2,classical_amines
acid,32,23,True,0.0222945416659986,0.0265467647819366,-0.1907293354419164,0.332176336807994,test_e1a,primary,p0f2,0.4615384615384615,-0.0959662863690344,sensitivity/all/chemistry/yield/ecfp4/k5/p0f2/classical_amines,sensitivity,all,yield,ecfp4,0,2,classical_amines
acid,43,29,True,0.0350722637795679,0.0381907445244123,-0.0889158670921339,0.3628526531955285,test_e1a,primary,p0f2,0.6595744680851063,-0.0348727445982184,sensitivity/all/chemistry/yield/ecfp4/k5/p0f2/classical_amines,sensitivity,all,yield,ecfp4,0,2,classical_amines
acid,63,20,True,0.037548540986655,0.034031000623494,0.0936798147339762,0.3158809290573036,test_e1a,primary,p0f2,0.65,0.1218330119964653,sensitivity/all/chemistry/yield/ecfp4/k5/p0f2/classical_amines,sensitivity,all,yield,ecfp4,0,2,classical_amines
acid,82,47,True,0.1257733008980827,0.1294629036042913,-0.029335341283587,0.3354460514341415,test_e1a,primary,p0f2,0.1923076923076923,-0.0018289569206162,sensitivity/all/chemistry/yield/ecfp4/k5/p0f2/classical_amines,sensitivity,all,yield,ecfp4,0,2,classical_amines
acid,87,22,True,0.0805850329032074,0.0498609742747688,0.3812625933322133,0.022918038132909,test_e1a,primary,p0f2,0.5609756097560976,0.1262397059477555,sensitivity/all/chemistry/yield/ecfp4/k5/p0f2/classical_amines,sensitivity,all,yield,ecfp4,0,2,classical_amines
acid,88,4,True,0.0024655753585154,0.000392162119416,0.8409449875212235,0.0075,test_e1a,primary,p0f2,0.216867469879518,0.5505853852938496,sensitivity/all/chemistry/yield/ecfp4/k5/p0f2/classical_amines,sensitivity,all,yield,ecfp4,0,2,classical_amines
acid,89,19,True,0.0219502074080697,0.0242547006046186,-0.1049873084890158,0.3152528253000266,test_e1a,primary,p0f2,0.2469135802469135,-0.0144765247874187,sensitivity/all/chemistry/yield/ecfp4/k5/p0f2/classical_amines,sensitivity,all,yield,ecfp4,0,2,classical_amines
acid,90,11,True,0.0115190815131554,0.0082400943988189,0.2846569937535103,0.084920331648391,test_e1a,primary,p0f2,0.40625,0.1501261282780056,sensitivity/all/chemistry/yield/ecfp4/k5/p0f2/classical_amines,sensitivity,all,yield,ecfp4,0,2,classical_amines
acid,92,4,True,0.0025040999125241,0.0011068205927909,0.5579966329397432,0.0,test_e1a,primary,p0f2,0.358974358974359,0.5101569571186891,sensitivity/all/chemistry/yield/ecfp4/k5/p0f2/classical_amines,sensitivity,all,yield,ecfp4,0,2,classical_amines
acid,112,31,True,0.0318836301500594,0.0234566015139056,0.2643058082311267,0.4114657959628137,test_e1a,primary,p0f2,0.625,-0.1530390685400995,sensitivity/all/chemistry/yield/ecfp4/k5/p0f2/classical_amines,sensitivity,all,yield,ecfp4,0,2,classical_amines
acid,122,4,True,0.0070216892737423,0.0024623552869356,0.6493215249293813,0.0726869084957302,test_e1a,primary,p0f2,0.3559322033898305,0.3456727242049944,sensitivity/all/chemistry/yield/ecfp4/k5/p0f2/classical_amines,sensitivity,all,yield,ecfp4,0,2,classical_amines
acid,126,51,True,0.0502766063304542,0.0497114532334154,0.0112408759915947,0.3469617543708217,test_e1a,primary,p0f2,0.3877551020408163,-0.00169620047731,sensitivity/all/chemistry/yield/ecfp4/k5/p0f2/classical_amines,sensitivity,all,yield,ecfp4,0,2,classical_amines
acid,127,35,True,0.0322389421352257,0.0240133187805612,0.2551455727102411,0.3949065361820791,test_e1a,primary,p0f2,0.58,0.0039882757565583,sensitivity/all/chemistry/yield/ecfp4/k5/p0f2/classical_amines,sensitivity,all,yield,ecfp4,0,2,classical_amines
acid,133,33,True,0.0628187347802724,0.0666571221205288,-0.0611025891190308,0.3777329423028359,test_e1a,primary,p0f2,0.4358974358974359,-0.0342201151135908,sensitivity/all/chemistry/yield/ecfp4/k5/p0f2/classical_amines,sensitivity,all,yield,ecfp4,0,2,classical_amines
acid,139,2,False,0.072025953579827,0.0933659378494363,-0.2962818707559074,0.0,test_e1a,primary,p0f2,0.6909090909090909,0.0748927061454159,sensitivity/all/chemistry/yield/ecfp4/k5/p0f2/classical_amines,sensitivity,all,yield,ecfp4,0,2,classical_amines
acid,143,6,True,0.0162833228623041,0.0110811255609708,0.3194800806521073,0.0052255781179374,test_e1a,primary,p0f2,0.2258064516129032,0.1644434026037358,sensitivity/all/chemistry/yield/ecfp4/k5/p0f2/classical_amines,sensitivity,all,yield,ecfp4,0,2,classical_amines
acid,144,43,True,0.0595796662865352,0.0564516627452592,0.0525011927094813,0.3415316922816675,test_e1a,primary,p0f2,0.2321428571428571,0.0316723690205444,sensitivity/all/chemistry/yield/ecfp4/k5/p0f2/classical_amines,sensitivity,all,yield,ecfp4,0,2,classical_amines
acid,147,84,True,0.0283118921162577,0.0244369709744865,0.1368654954553899,0.298456480104472,test_e1a,primary,p0f2,0.4375,0.0027321934983726,sensitivity/all/chemistry/yield/ecfp4/k5/p0f2/classical_amines,sensitivity,all,yield,ecfp4,0,2,classical_amines
acid,153,13,True,0.0335075098949476,0.0209023614112557,0.3761887565865512,0.3392445931394617,test_e1a,primary,p0f2,0.2325581395348837,-0.1166832225575391,sensitivity/all/chemistry/yield/ecfp4/k5/p0f2/classical_amines,sensitivity,all,yield,ecfp4,0,2,classical_amines
acid,176,4,True,0.0079615518367403,0.0018038474231425,0.7734301728943958,0.0955110944690022,test_e1a,primary,p0f2,0.6666666666666666,0.1136323930441747,sensitivity/all/chemistry/yield/ecfp4/k5/p0f2/classical_amines,sensitivity,all,yield,ecfp4,0,2,classical_amines
acid,180,8,True,0.0441384062922725,0.0409449607676658,0.0723507211261891,0.2810070001034545,test_e1a,primary,p0f2,0.7115384615384616,-0.0557448334675272,sensitivity/all/chemistry/yield/ecfp4/k5/p0f2/classical_amines,sensitivity,all,yield,ecfp4,0,2,classical_amines
acid,182,33,True,0.0207045752802866,0.0077232394106793,0.6269790949040703,0.4024427806119358,test_e1a,primary,p0f2,0.7254901960784313,-0.1860403952814027,sensitivity/all/chemistry/yield/ecfp4/k5/p0f2/classical_amines,sensitivity,all,yield,ecfp4,0,2,classical_amines
acid,198,4,True,0.0949981772531705,0.1089119528001005,-0.1464636054000248,0.37445,test_e1a,primary,p0f2,0.6451612903225806,-0.052380327323021,sensitivity/all/chemistry/yield/ecfp4/k5/p0f2/classical_amines,sensitivity,all,yield,ecfp4,0,2,classical_amines
acid,204,6,True,0.0041713069125261,0.0003750739232074,0.9100823959797444,0.0244948974278317,test_e1a,primary,p0f2,0.6206896551724138,0.1751677982524727,sensitivity/all/chemistry/yield/ecfp4/k5/p0f2/classical_amines,sensitivity,all,yield,ecfp4,0,2,classical_amines
acid,206,102,True,0.0520741181345637,0.0602497215449451,-0.1569993636619051,0.358886257567359,test_e1a,primary,p0f2,0.3555555555555555,-0.0106347021538923,sensitivity/all/chemistry/yield/ecfp4/k5/p0f2/classical_amines,sensitivity,all,yield,ecfp4,0,2,classical_amines
acid,213,26,True,0.0446022636261932,0.0543895393431928,-0.2194345067108203,0.2761237611038822,test_e1a,primary,p0f2,0.2954545454545454,0.013989734787274,sensitivity/all/chemistry/yield/ecfp4/k5/p0f2/classical_amines,sensitivity,all,yield,ecfp4,0,2,classical_amines
acid,214,19,True,0.03709022075856,0.0258358116434582,0.3034333278403156,0.3236455890475591,test_e1a,primary,p0f2,0.5166666666666667,0.1368749641759444,sensitivity/all/chemistry/yield/ecfp4/k5/p0f2/classical_amines,sensitivity,all,yield,ecfp4,0,2,classical_amines
acid,223,8,True,0.0210895271567818,0.0199363906514706,0.0546781583455454,0.1255193895095779,test_e1a,primary,p0f2,0.625,-0.00566981723115,sensitivity/all/chemistry/yield/ecfp4/k5/p0f2/classical_amines,sensitivity,all,yield,ecfp4,0,2,classical_amines
acid,228,38,True,0.1118200976438277,0.1135326982372041,-0.0153156778563312,0.3882891940484485,test_e1a,primary,p0f2,0.4,-0.0190052176076525,sensitivity/all/chemistry/yield/ecfp4/k5/p0f2/classical_amines,sensitivity,all,yield,ecfp4,0,2,classical_amines
acid,229,62,True,0.1213588259892336,0.1481770391426348,-0.2209827998482805,0.1462110016615531,test_e1a,primary,p0f2,0.282051282051282,-0.0090149811453317,sensitivity/all/chemistry/yield/ecfp4/k5/p0f2/classical_amines,sensitivity,all,yield,ecfp4,0,2,classical_amines
acid,230,65,True,0.0635030535748651,0.0549737886313364,0.1343126741688625,0.3162111903596294,test_e1a,primary,p0f2,0.6285714285714286,-0.0071123143248066,sensitivity/all/chemistry/yield/ecfp4/k5/p0f2/classical_amines,sensitivity,all,yield,ecfp4,0,2,classical_amines
acid,240,40,True,0.0572438869425326,0.0478767750670207,0.1636351473636934,0.3558993279941206,test_e1a,primary,p0f2,0.6363636363636364,0.0226469286485677,sensitivity/all/chemistry/yield/ecfp4/k5/p0f2/classical_amines,sensitivity,all,yield,ecfp4,0,2,classical_amines
acid,247,6,True,0.0011381150381837,0.0010506072008386,0.0768883938874088,0.0004082482904638,test_e1a,primary,p0f2,0.4482758620689655,-0.0271063401322508,sensitivity/all/chemistry/yield/ecfp4/k5/p0f2/classical_amines,sensitivity,all,yield,ecfp4,0,2,classical_amines
acid,248,11,True,0.0042823672293496,0.0040792194435496,0.0474381982954784,0.1366463251676318,test_e1a,primary,p0f2,0.5172413793103449,-0.0115416041502256,sensitivity/all/chemistry/yield/ecfp4/k5/p0f2/classical_amines,sensitivity,all,yield,ecfp4,0,2,classical_amines
acid,249,7,True,0.0043194040308537,0.0012153708057454,0.7186253480656086,0.005858449331643,test_e1a,primary,p0f2,0.4,-0.0293793246898188,sensitivity/all/chemistry/yield/ecfp4/k5/p0f2/classical_amines,sensitivity,all,yield,ecfp4,0,2,classical_amines
acid,261,8,True,0.0632841093087522,0.0595515980461109,0.0589802290560972,0.2479484360996974,test_e1a,primary,p0f2,0.4333333333333333,0.0159560714787729,sensitivity/all/chemistry/yield/ecfp4/k5/p0f2/classical_amines,sensitivity,all,yield,ecfp4,0,2,classical_amines
acid,267,6,True,0.0410322245878369,0.0483026055811832,-0.177187102731483,0.2771800167159722,test_e1a,primary,p0f2,0.4857142857142857,-0.0688112243787115,sensitivity/all/chemistry/yield/ecfp4/k5/p0f2/classical_amines,sensitivity,all,yield,ecfp4,0,2,classical_amines
amine,13,9,True,0.0635102978919435,0.0859264191865045,-0.352952545313199,0.0,test_e1n,primary,p0f2,0.2131147540983606,-0.0336358160775258,sensitivity/all/chemistry/yield/ecfp4/k5/p0f2/classical_amines,sensitivity,all,yield,ecfp4,0,2,classical_amines
amine,15,9,True,0.1090229567625187,0.1290713382622546,-0.1838913756797722,0.0,test_e1n,primary,p0f2,0.3448275862068966,-0.0336358160775258,sensitivity/all/chemistry/yield/ecfp4/k5/p0f2/classical_amines,sensitivity,all,yield,ecfp4,0,2,classical_amines
amine,17,82,True,0.1322566213103637,0.1731570590902753,-0.3092505870381448,0.1467143667043914,test_e1n,primary,p0f2,0.1058823529411764,-0.1146248489682659,sensitivity/all/chemistry/yield/ecfp4/k5/p0f2/classical_amines,sensitivity,all,yield,ecfp4,0,2,classical_amines
amine,19,31,True,0.0742186511209582,0.0779443355827975,-0.050198762784942,0.246517186820411,test_e1n,primary,p0f2,0.4772727272727273,-0.1061805790674701,sensitivity/all/chemistry/yield/ecfp4/k5/p0f2/classical_amines,sensitivity,all,yield,ecfp4,0,2,classical_amines
amine,26,4,True,0.1071185700553477,0.0471021932203704,0.5602798544077563,0.2329476103476201,test_e1n,primary,p0f2,0.3333333333333333,0.0927744218696293,sensitivity/all/chemistry/yield/ecfp4/k5/p0f2/classical_amines,sensitivity,all,yield,ecfp4,0,2,classical_amines
amine,30,8,True,0.0331731314799338,0.0352604582416413,-0.0629222104934554,0.1956903749731776,test_e1n,primary,p0f2,0.2758620689655172,-0.0215964465429223,sensitivity/all/chemistry/yield/ecfp4/k5/p0f2/classical_amines,sensitivity,all,yield,ecfp4,0,2,classical_amines
amine,33,9,True,0.1241891252477765,0.0977565365154397,0.2128414116743289,0.4175716688319636,test_e1n,primary,p0f2,0.1764705882352941,0.0369415353660835,sensitivity/all/chemistry/yield/ecfp4/k5/p0f2/classical_amines,sensitivity,all,yield,ecfp4,0,2,classical_amines
amine,34,44,True,0.0849142385724042,0.0790606139050731,0.0689357258069254,0.3569356283201085,test_e1n,primary,p0f2,0.1764705882352941,0.0048818690433886,sensitivity/all/chemistry/yield/ecfp4/k5/p0f2/classical_amines,sensitivity,all,yield,ecfp4,0,2,classical_amines
amine,38,9,True,0.0753142867804012,0.0904987138121986,-0.2016141648671736,0.0072333333333333,test_e1n,primary,p0f2,0.1627906976744186,-0.0334470489366836,sensitivity/all/chemistry/yield/ecfp4/k5/p0f2/classical_amines,sensitivity,all,yield,ecfp4,0,2,classical_amines
amine,39,95,True,0.0594284957636425,0.0625379567889269,-0.0523227281008635,0.0262166783121837,test_e1n,primary,p0f2,0.2040816326530612,-0.0961502832794893,sensitivity/all/chemistry/yield/ecfp4/k5/p0f2/classical_amines,sensitivity,all,yield,ecfp4,0,2,classical_amines
amine,43,12,True,0.3352921275331484,0.3988278425819511,-0.1894936082044493,0.3849781956635513,test_e1n,primary,p0f2,0.7647058823529411,0.0199485635795584,sensitivity/all/chemistry/yield/ecfp4/k5/p0f2/classical_amines,sensitivity,all,yield,ecfp4,0,2,classical_amines
amine,54,43,True,0.0415144419539763,0.0438970240567941,-0.0573916447066584,0.1254779250659186,test_e1n,primary,p0f2,0.3658536585365853,-0.0823059204166412,sensitivity/all/chemistry/yield/ecfp4/k5/p0f2/classical_amines,sensitivity,all,yield,ecfp4,0,2,classical_amines
amine,56,70,True,0.0048810309192442,0.0027007747846036,0.4466794352899039,0.0011102281861215,test_e1n,primary,p0f2,0.325,-0.0795691131033049,sensitivity/all/chemistry/yield/ecfp4/k5/p0f2/classical_amines,sensitivity,all,yield,ecfp4,0,2,classical_amines
amine,57,9,True,0.0621477723636207,0.1241626217259965,-0.9978611783465512,0.0,test_e1n,primary,p0f2,0.2061855670103092,-0.0336358160775258,sensitivity/all/chemistry/yield/ecfp4/k5/p0f2/classical_amines,sensitivity,all,yield,ecfp4,0,2,classical_amines
amine,65,8,True,0.0531946819427223,0.052754673212908,0.0082716676506874,0.224382100365171,test_e1n,primary,p0f2,0.3,-0.0081771398901433,sensitivity/all/chemistry/yield/ecfp4/k5/p0f2/classical_amines,sensitivity,all,yield,ecfp4,0,2,classical_amines
amine,68,18,True,0.1513634022952147,0.1243191052980998,0.1786713075091194,0.3498059125723695,test_e1n,primary,p0f2,0.53125,-0.0635050941698589,sensitivity/all/chemistry/yield/ecfp4/k5/p0f2/classical_amines,sensitivity,all,yield,ecfp4,0,2,classical_amines
amine,72,1,False,0.1023695187129013,0.1548202966046624,-0.5123671435719168,,test_e1n,primary,p0f2,0.3243243243243243,-0.0869183011879832,sensitivity/all/chemistry/yield/ecfp4/k5/p0f2/classical_amines,sensitivity,all,yield,ecfp4,0,2,classical_amines
amine,74,17,True,0.0833490386738716,0.0485626204465463,0.4173583616655465,0.2210727269208829,test_e1n,primary,p0f2,0.2857142857142857,0.0301845160397744,sensitivity/all/chemistry/yield/ecfp4/k5/p0f2/classical_amines,sensitivity,all,yield,ecfp4,0,2,classical_amines
amine,75,16,True,0.1621645016081063,0.0980579387104168,0.3953181014462226,0.3174218144546254,test_e1n,primary,p0f2,0.3243243243243243,-0.0087699681154798,sensitivity/all/chemistry/yield/ecfp4/k5/p0f2/classical_amines,sensitivity,all,yield,ecfp4,0,2,classical_amines
amine,84,40,True,0.0073329567193618,0.0004349169604049,0.9406900958167994,0.0098143589207671,test_e1n,primary,p0f2,0.2394366197183098,-0.09359675227454,sensitivity/all/chemistry/yield/ecfp4/k5/p0f2/classical_amines,sensitivity,all,yield,ecfp4,0,2,classical_amines
amine,90,23,True,0.0873356451118704,0.0914664377547685,-0.0472979003888609,0.2479557838627446,test_e1n,primary,p0f2,0.1612903225806451,-0.0987514859001401,sensitivity/all/chemistry/yield/ecfp4/k5/p0f2/classical_amines,sensitivity,all,yield,ecfp4,0,2,classical_amines
amine,91,8,True,0.0036949437260742,0.0030761035654762,0.1674829730777773,0.0318425338860731,test_e1n,primary,p0f2,0.2,-0.0386337466243167,sensitivity/all/chemistry/yield/ecfp4/k5/p0f2/classical_amines,sensitivity,all,yield,ecfp4,0,2,classical_amines
amine,102,50,True,0.0124348213216333,0.005063228955485,0.5928185195008476,0.0030547012947258,test_e1n,primary,p0f2,0.3125,-0.064957733013738,sensitivity/all/chemistry/yield/ecfp4/k5/p0f2/classical_amines,sensitivity,all,yield,ecfp4,0,2,classical_amines
amine,103,32,True,0.1550875972878502,0.1443819332788017,0.0690297883020153,0.0864453798626437,test_e1n,primary,p0f2,0.5945945945945946,-0.0501093235659548,sensitivity/all/chemistry/yield/ecfp4/k5/p0f2/classical_amines,sensitivity,all,yield,ecfp4,0,2,classical_amines
amine,104,26,True,0.0394340265744983,0.0284360041789533,0.2788967638079662,0.0395519716517199,test_e1n,primary,p0f2,0.3478260869565217,-0.0793947496534341,sensitivity/all/chemistry/yield/ecfp4/k5/p0f2/classical_amines,sensitivity,all,yield,ecfp4,0,2,classical_amines
amine,111,34,True,0.0302196225906102,0.044856482960947,-0.4843495423031776,0.1511724857132413,test_e1n,primary,p0f2,0.1971830985915492,-0.0418083758989182,sensitivity/all/chemistry/yield/ecfp4/k5/p0f2/classical_amines,sensitivity,all,yield,ecfp4,0,2,classical_amines
amine,121,4,True,0.121933963454205,0.1202600427362133,0.0137280924081527,0.4879086210552136,test_e1n,primary,p0f2,0.2592592592592592,-0.0131745121420274,sensitivity/all/chemistry/yield/ecfp4/k5/p0f2/classical_amines,sensitivity,all,yield,ecfp4,0,2,classical_amines
amine,122,9,True,0.0012874661640269,0.0060149449041037,-3.671924647161373,0.0,test_e1n,primary,p0f2,0.1904761904761904,-0.0336358160775258,sensitivity/all/chemistry/yield/ecfp4/k5/p0f2/classical_amines,sensitivity,all,yield,ecfp4,0,2,classical_amines
amine,134,8,True,0.0575943234701421,0.0372242791338423,0.353681458674654,0.0699445035112021,test_e1n,primary,p0f2,0.1617647058823529,-0.0255987114967293,sensitivity/all/chemistry/yield/ecfp4/k5/p0f2/classical_amines,sensitivity,all,yield,ecfp4,0,2,classical_amines
amine,136,36,True,0.1254748292123138,0.1043285668523163,0.1685299154638918,0.1296495715258072,test_e1n,primary,p0f2,0.4761904761904761,-0.076481199427467,sensitivity/all/chemistry/yield/ecfp4/k5/p0f2/classical_amines,sensitivity,all,yield,ecfp4,0,2,classical_amines
amine,139,28,True,0.1551396658792717,0.1698758945641834,-0.0949868533066147,0.3448524574280716,test_e1n,primary,p0f2,0.3125,-0.0904732104991674,sensitivity/all/chemistry/yield/ecfp4/k5/p0f2/classical_amines,sensitivity,all,yield,ecfp4,0,2,classical_amines
amine,141,76,True,0.0955610197478583,0.0912269728639015,0.0453537111197881,0.3472315478507202,test_e1n,primary,p0f2,0.2333333333333333,0.0298589180823471,sensitivity/all/chemistry/yield/ecfp4/k5/p0f2/classical_amines,sensitivity,all,yield,ecfp4,0,2,classical_amines
amine,147,45,True,0.08744392732696,0.0907671876503557,-0.0380044724085844,0.3150181523549576,test_e1n,primary,p0f2,0.1666666666666666,0.0442760296046732,sensitivity/all/chemistry/yield/ecfp4/k5/p0f2/classical_amines,sensitivity,all,yield,ecfp4,0,2,classical_amines
amine,149,9,True,0.0338561042485876,0.018337971798275,0.4583555253838737,0.004,test_e1n,primary,p0f2,0.2608695652173913,-0.0335612560904261,sensitivity/all/chemistry/yield/ecfp4/k5/p0f2/classical_amines,sensitivity,all,yield,ecfp4,0,2,classical_amines
amine,151,59,True,0.0514050491039937,0.0552815752103619,-0.0754113880627922,0.2771396139554541,test_e1n,primary,p0f2,0.2777777777777778,0.0425404865801019,sensitivity/all/chemistry/yield/ecfp4/k5/p0f2/classical_amines,sensitivity,all,yield,ecfp4,0,2,classical_amines
amine,157,55,True,0.0450341983459744,0.0427325158458946,0.0511096585398762,0.2294097821984716,test_e1n,primary,p0f2,0.2307692307692307,0.016682512650622,sensitivity/all/chemistry/yield/ecfp4/k5/p0f2/classical_amines,sensitivity,all,yield,ecfp4,0,2,classical_amines
amine,158,88,True,0.0435593715819507,0.0465511433556117,-0.0686826201804224,0.1278636477211895,test_e1n,primary,p0f2,0.3658536585365853,-0.0529269382901651,sensitivity/all/chemistry/yield/ecfp4/k5/p0f2/classical_amines,sensitivity,all,yield,ecfp4,0,2,classical_amines
amine,171,40,True,0.0603011207167755,0.0422542612998106,0.2992790051403529,0.1505838023562006,test_e1n,primary,p0f2,0.2758620689655172,-0.0358041407967451,sensitivity/all/chemistry/yield/ecfp4/k5/p0f2/classical_amines,sensitivity,all,yield,ecfp4,0,2,classical_amines
amine,183,9,True,0.161527916393954,0.1541240612930949,0.0458363808940719,0.4182176589741014,test_e1n,primary,p0f2,0.1724137931034483,0.0133257131922791,sensitivity/all/chemistry/yield/ecfp4/k5/p0f2/classical_amines,sensitivity,all,yield,ecfp4,0,2,classical_amines
amine,184,9,True,0.0730486272526863,0.0809656096379881,-0.1083796189340531,0.1695213408394353,test_e1n,primary,p0f2,0.46875,0.0093262330039316,sensitivity/all/chemistry/yield/ecfp4/k5/p0f2/classical_amines,sensitivity,all,yield,ecfp4,0,2,classical_amines
acid,6,43,True,0.0623351503346558,0.0829401952528311,-0.3305525824122339,0.3664038606702504,test_e1a,primary,p0f3,0.4318181818181818,0.0310681474886035,sensitivity/all/protocol/yield/ecfp4/k5/p0f3/encoding_protocol,sensitivity,all,yield,ecfp4,0,3,encoding_protocol
acid,9,35,True,0.0408267079952497,0.0324253648306565,0.2057805680921115,0.1689389454131608,test_e1a,primary,p0f3,0.475,-0.1035325843915844,sensitivity/all/protocol/yield/ecfp4/k5/p0f3/encoding_protocol,sensitivity,all,yield,ecfp4,0,3,encoding_protocol
acid,15,30,True,0.0629649528964905,0.0529861675205226,0.1584815824824369,0.0624941955005772,test_e1a,primary,p0f3,0.6666666666666666,-0.0660315516770067,sensitivity/all/protocol/yield/ecfp4/k5/p0f3/encoding_protocol,sensitivity,all,yield,ecfp4,0,3,encoding_protocol
acid,16,49,True,0.0531510018926342,0.0660617123568599,-0.2429062483206894,0.1803328623510077,test_e1a,primary,p0f3,0.2790697674418604,-0.0946101407444877,sensitivity/all/protocol/yield/ecfp4/k5/p0f3/encoding_protocol,sensitivity,all,yield,ecfp4,0,3,encoding_protocol
acid,19,15,True,0.1283830416515305,0.1219065497911848,0.050446630466388,0.3850359986880633,test_e1a,primary,p0f3,0.4318181818181818,0.0111576449510913,sensitivity/all/protocol/yield/ecfp4/k5/p0f3/encoding_protocol,sensitivity,all,yield,ecfp4,0,3,encoding_protocol
acid,25,43,True,0.0202481377230852,0.0244236233610108,-0.2062157861147411,0.2774216289121332,test_e1a,primary,p0f3,0.4794520547945205,-0.0386294862533886,sensitivity/all/protocol/yield/ecfp4/k5/p0f3/encoding_protocol,sensitivity,all,yield,ecfp4,0,3,encoding_protocol
acid,29,36,True,0.0264502567576256,0.0311759236517178,-0.1786624204594828,0.3350236275486745,test_e1a,primary,p0f3,0.3958333333333333,-0.0959703057082757,sensitivity/all/protocol/yield/ecfp4/k5/p0f3/encoding_protocol,sensitivity,all,yield,ecfp4,0,3,encoding_protocol
acid,30,86,True,0.0331832595820094,0.0377058096956001,-0.1362901104520348,0.2016920144754849,test_e1a,primary,p0f3,0.3461538461538461,-0.1124528491621348,sensitivity/all/protocol/yield/ecfp4/k5/p0f3/encoding_protocol,sensitivity,all,yield,ecfp4,0,3,encoding_protocol
acid,32,26,True,0.0196611960093581,0.0167590531326788,0.1476076468236214,0.2617175102163517,test_e1a,primary,p0f3,0.4318181818181818,-0.1280022886343628,sensitivity/all/protocol/yield/ecfp4/k5/p0f3/encoding_protocol,sensitivity,all,yield,ecfp4,0,3,encoding_protocol
acid,34,12,True,0.0174334942309754,0.011127662008288,0.3617078790483279,0.0144626242432001,test_e1a,primary,p0f3,0.6153846153846154,-0.3161260414853033,sensitivity/all/protocol/yield/ecfp4/k5/p0f3/encoding_protocol,sensitivity,all,yield,ecfp4,0,3,encoding_protocol
acid,37,25,True,0.0183535803014865,0.0260134060436703,-0.4173477662864135,0.2655146621814571,test_e1a,primary,p0f3,0.6521739130434783,-0.4132439035663298,sensitivity/all/protocol/yield/ecfp4/k5/p0f3/encoding_protocol,sensitivity,all,yield,ecfp4,0,3,encoding_protocol
acid,40,31,True,0.0225779343126584,0.0225819261660796,-0.0001768033056486,0.1925483431546812,test_e1a,primary,p0f3,0.6521739130434783,-0.2027216670356715,sensitivity/all/protocol/yield/ecfp4/k5/p0f3/encoding_protocol,sensitivity,all,yield,ecfp4,0,3,encoding_protocol
acid,50,8,True,0.0185918460519905,0.0212505560953541,-0.1430040909293688,0.0051361290315344,test_e1a,primary,p0f3,0.5555555555555556,-0.1382979362362626,sensitivity/all/protocol/yield/ecfp4/k5/p0f3/encoding_protocol,sensitivity,all,yield,ecfp4,0,3,encoding_protocol
acid,57,7,True,0.1043350486363858,0.1290518601426325,-0.2368984519515227,0.3342394023678807,test_e1a,primary,p0f3,0.5576923076923077,-0.1784304119442497,sensitivity/all/protocol/yield/ecfp4/k5/p0f3/encoding_protocol,sensitivity,all,yield,ecfp4,0,3,encoding_protocol
acid,63,16,True,0.0481517323602814,0.0529050429454271,-0.0987152559658797,0.2457460029346018,test_e1a,primary,p0f3,0.6,-0.1036854768898776,sensitivity/all/protocol/yield/ecfp4/k5/p0f3/encoding_protocol,sensitivity,all,yield,ecfp4,0,3,encoding_protocol
acid,67,79,True,0.077152064881667,0.1327238962301563,-0.7202896180902403,0.1548309070124877,test_e1a,primary,p0f3,0.352112676056338,-0.1328102954348045,sensitivity/all/protocol/yield/ecfp4/k5/p0f3/encoding_protocol,sensitivity,all,yield,ecfp4,0,3,encoding_protocol
acid,70,2,False,0.0078472373797002,0.013283727250038,-0.6927902913197601,0.0,test_e1a,primary,p0f3,0.25,-11.766287840758572,sensitivity/all/protocol/yield/ecfp4/k5/p0f3/encoding_protocol,sensitivity,all,yield,ecfp4,0,3,encoding_protocol
acid,78,2,False,0.0019231214809496,0.0044037356900012,-1.2898895018460783,0.0,test_e1a,primary,p0f3,0.34,-4.619359550545996,sensitivity/all/protocol/yield/ecfp4/k5/p0f3/encoding_protocol,sensitivity,all,yield,ecfp4,0,3,encoding_protocol
acid,80,24,True,0.0973705775752431,0.0867573840226107,0.108997952121944,0.419111236639554,test_e1a,primary,p0f3,0.5882352941176471,0.0015378444896461,sensitivity/all/protocol/yield/ecfp4/k5/p0f3/encoding_protocol,sensitivity,all,yield,ecfp4,0,3,encoding_protocol
acid,82,48,True,0.1218510517357434,0.128101197219446,-0.0512933240597475,0.3304577795963422,test_e1a,primary,p0f3,0.3555555555555555,-0.1062242958052743,sensitivity/all/protocol/yield/ecfp4/k5/p0f3/encoding_protocol,sensitivity,all,yield,ecfp4,0,3,encoding_protocol
acid,85,15,True,0.0288440557983658,0.0315647956385179,-0.0943258416628836,0.2211058641078005,test_e1a,primary,p0f3,0.4090909090909091,-0.3461109438839316,sensitivity/all/protocol/yield/ecfp4/k5/p0f3/encoding_protocol,sensitivity,all,yield,ecfp4,0,3,encoding_protocol
acid,93,62,True,0.0673237251798711,0.058219997494169,0.1352231722380089,0.2231868024163728,test_e1a,primary,p0f3,0.40625,-0.1920461977275731,sensitivity/all/protocol/yield/ecfp4/k5/p0f3/encoding_protocol,sensitivity,all,yield,ecfp4,0,3,encoding_protocol
acid,96,56,True,0.0477502825399533,0.0552806006225779,-0.1577020633610681,0.2423730218836514,test_e1a,primary,p0f3,0.3968253968253968,-0.2194161015086513,sensitivity/all/protocol/yield/ecfp4/k5/p0f3/encoding_protocol,sensitivity,all,yield,ecfp4,0,3,encoding_protocol
acid,101,6,True,0.0468941804975146,0.0487900941156842,-0.0404296140385698,0.3166507708291054,test_e1a,primary,p0f3,0.2586206896551724,-0.0521808038998596,sensitivity/all/protocol/yield/ecfp4/k5/p0f3/encoding_protocol,sensitivity,all,yield,ecfp4,0,3,encoding_protocol
acid,105,36,True,0.0352732346626009,0.0381085049659791,-0.080380218329803,0.350529829573226,test_e1a,primary,p0f3,0.3636363636363636,-0.0596347204070661,sensitivity/all/protocol/yield/ecfp4/k5/p0f3/encoding_protocol,sensitivity,all,yield,ecfp4,0,3,encoding_protocol
acid,112,34,True,0.0292702673987928,0.0200477944676614,0.3150799002099931,0.3978419765405389,test_e1a,primary,p0f3,0.6382978723404256,-0.0644230664962077,sensitivity/all/protocol/yield/ecfp4/k5/p0f3/encoding_protocol,sensitivity,all,yield,ecfp4,0,3,encoding_protocol
acid,118,10,True,0.0016078400263555,0.0031353351123865,-0.950029269698712,0.0102457796189455,test_e1a,primary,p0f3,0.5454545454545454,-7.758585210105768,sensitivity/all/protocol/yield/ecfp4/k5/p0f3/encoding_protocol,sensitivity,all,yield,ecfp4,0,3,encoding_protocol
acid,121,2,False,0.0629164642007436,0.0822001391210753,-0.3064964817286051,0.2404163056034261,test_e1a,primary,p0f3,0.8490566037735849,-0.1305535398087587,sensitivity/all/protocol/yield/ecfp4/k5/p0f3/encoding_protocol,sensitivity,all,yield,ecfp4,0,3,encoding_protocol
acid,122,12,True,0.0482789508815434,0.0561392451873351,-0.1628099650524226,0.2231475188110214,test_e1a,primary,p0f3,0.7058823529411765,-0.165208678058502,sensitivity/all/protocol/yield/ecfp4/k5/p0f3/encoding_protocol,sensitivity,all,yield,ecfp4,0,3,encoding_protocol
acid,135,2,False,0.0007605177881135,0.0039422933488394,-4.183696437420543,0.0,test_e1a,primary,p0f3,0.4705882352941176,-4.619359550545996,sensitivity/all/protocol/yield/ecfp4/k5/p0f3/encoding_protocol,sensitivity,all,yield,ecfp4,0,3,encoding_protocol
acid,162,33,True,0.0354131549802406,0.0374764515239374,-0.0582635617992257,0.3362447313713629,test_e1a,primary,p0f3,0.6415094339622641,-0.0689352090939992,sensitivity/all/protocol/yield/ecfp4/k5/p0f3/encoding_protocol,sensitivity,all,yield,ecfp4,0,3,encoding_protocol
acid,163,4,True,0.0008724131945581,0.0040713085106636,-3.666720466929279,0.0,test_e1a,primary,p0f3,0.3725490196078431,0.3059651557409015,sensitivity/all/protocol/yield/ecfp4/k5/p0f3/encoding_protocol,sensitivity,all,yield,ecfp4,0,3,encoding_protocol
acid,164,24,True,0.0737050629591647,0.0588568013245949,0.2014551109303882,0.4076548976520583,test_e1a,primary,p0f3,0.3898305084745763,0.0435314961735602,sensitivity/all/protocol/yield/ecfp4/k5/p0f3/encoding_protocol,sensitivity,all,yield,ecfp4,0,3,encoding_protocol
acid,172,8,True,0.0020582997212391,0.0074134651971158,-2.601742312170552,0.0,test_e1a,primary,p0f3,0.6,-0.7813460605515326,sensitivity/all/protocol/yield/ecfp4/k5/p0f3/encoding_protocol,sensitivity,all,yield,ecfp4,0,3,encoding_protocol
acid,178,10,True,0.0366544800890663,0.0386397940498871,-0.0541629278602968,0.2708695054818833,test_e1a,primary,p0f3,0.7254901960784313,0.051296572671449,sensitivity/all/protocol/yield/ecfp4/k5/p0f3/encoding_protocol,sensitivity,all,yield,ecfp4,0,3,encoding_protocol
acid,186,8,True,0.2876870869275235,0.3192800715553722,-0.1098171800662288,0.3598899117388935,test_e1a,primary,p0f3,0.6111111111111112,-0.0999294547799081,sensitivity/all/protocol/yield/ecfp4/k5/p0f3/encoding_protocol,sensitivity,all,yield,ecfp4,0,3,encoding_protocol
acid,188,97,True,0.0583889374367351,0.0635815522277106,-0.0889314828960825,0.3509242391446087,test_e1a,primary,p0f3,0.34375,-0.0698179910066001,sensitivity/all/protocol/yield/ecfp4/k5/p0f3/encoding_protocol,sensitivity,all,yield,ecfp4,0,3,encoding_protocol
acid,189,26,True,0.0593798149531246,0.0283066181927959,0.5232956145932481,0.0941357448663283,test_e1a,primary,p0f3,0.2222222222222222,-0.1036461314373802,sensitivity/all/protocol/yield/ecfp4/k5/p0f3/encoding_protocol,sensitivity,all,yield,ecfp4,0,3,encoding_protocol
acid,190,1,False,0.2062274299136977,0.105940468696308,0.4862930273599289,,test_e1a,primary,p0f3,0.2222222222222222,0.0211845708304792,sensitivity/all/protocol/yield/ecfp4/k5/p0f3/encoding_protocol,sensitivity,all,yield,ecfp4,0,3,encoding_protocol
acid,191,8,True,0.0040753169997665,0.0011881856799019,0.7084433726333366,0.0,test_e1a,primary,p0f3,0.2222222222222222,-0.7813460605515326,sensitivity/all/protocol/yield/ecfp4/k5/p0f3/encoding_protocol,sensitivity,all,yield,ecfp4,0,3,encoding_protocol
acid,198,10,True,0.0742524089598362,0.0802427936812086,-0.0806759646628108,0.2723144320246154,test_e1a,primary,p0f3,0.6451612903225806,-0.2209516612786175,sensitivity/all/protocol/yield/ecfp4/k5/p0f3/encoding_protocol,sensitivity,all,yield,ecfp4,0,3,encoding_protocol
acid,201,2,False,0.0163449340681335,0.0075362306742555,0.5389255996481248,0.0,test_e1a,primary,p0f3,0.3666666666666666,0.2404828929496532,sensitivity/all/protocol/yield/ecfp4/k5/p0f3/encoding_protocol,sensitivity,all,yield,ecfp4,0,3,encoding_protocol
acid,207,110,True,0.0520087259888094,0.0546081934219346,-0.0499813710815471,0.3377577472598199,test_e1a,primary,p0f3,0.3,-0.056979993460323,sensitivity/all/protocol/yield/ecfp4/k5/p0f3/encoding_protocol,sensitivity,all,yield,ecfp4,0,3,encoding_protocol
acid,208,11,True,0.0037044155420423,0.0031477764169673,0.1502636836385036,0.0998306247419279,test_e1a,primary,p0f3,0.5490196078431373,-4.415614093180572,sensitivity/all/protocol/yield/ecfp4/k5/p0f3/encoding_protocol,sensitivity,all,yield,ecfp4,0,3,encoding_protocol
acid,211,15,True,0.0677086630214276,0.1342020964079847,-0.9820520804777086,0.1438126022691633,test_e1a,primary,p0f3,0.36,-0.3199056954003336,sensitivity/all/protocol/yield/ecfp4/k5/p0f3/encoding_protocol,sensitivity,all,yield,ecfp4,0,3,encoding_protocol
acid,213,19,True,0.0310311006251908,0.0401554509618736,-0.2940388884974216,0.2873992151848868,test_e1a,primary,p0f3,0.2954545454545454,-0.3299916166866812,sensitivity/all/protocol/yield/ecfp4/k5/p0f3/encoding_protocol,sensitivity,all,yield,ecfp4,0,3,encoding_protocol
acid,214,16,True,0.0207665952794708,0.0198500903405971,0.0441336158643085,0.3374123975197117,test_e1a,primary,p0f3,0.5166666666666667,-0.1358460998758162,sensitivity/all/protocol/yield/ecfp4/k5/p0f3/encoding_protocol,sensitivity,all,yield,ecfp4,0,3,encoding_protocol
acid,221,12,True,0.0182709269396787,0.0228096333743389,-0.2484113942135886,0.0008371578903249,test_e1a,primary,p0f3,0.4857142857142857,-0.3014751902246011,sensitivity/all/protocol/yield/ecfp4/k5/p0f3/encoding_protocol,sensitivity,all,yield,ecfp4,0,3,encoding_protocol
acid,224,14,True,0.0236192557489284,0.0201897765973039,0.1451984426638877,0.0379894895817424,test_e1a,primary,p0f3,0.4827586206896552,-0.2168551113021544,sensitivity/all/protocol/yield/ecfp4/k5/p0f3/encoding_protocol,sensitivity,all,yield,ecfp4,0,3,encoding_protocol
acid,229,69,True,0.0953223822747967,0.1124569732238472,-0.1797541200728141,0.1234914946800467,test_e1a,primary,p0f3,0.2954545454545454,-0.1430552886653826,sensitivity/all/protocol/yield/ecfp4/k5/p0f3/encoding_protocol,sensitivity,all,yield,ecfp4,0,3,encoding_protocol
acid,233,2,False,0.0010954660606114,0.0046135623286741,-3.2115064031276273,0.0,test_e1a,primary,p0f3,0.6060606060606061,-4.619359550545996,sensitivity/all/protocol/yield/ecfp4/k5/p0f3/encoding_protocol,sensitivity,all,yield,ecfp4,0,3,encoding_protocol
acid,238,15,True,0.0622564411614829,0.0647358682275305,-0.0398260327733226,0.3313927876618405,test_e1a,primary,p0f3,0.59375,0.0056423018301073,sensitivity/all/protocol/yield/ecfp4/k5/p0f3/encoding_protocol,sensitivity,all,yield,ecfp4,0,3,encoding_protocol
acid,248,15,True,0.0129713232720529,0.0140041058726962,-0.0796204503567103,0.2610070920401169,test_e1a,primary,p0f3,0.5172413793103449,-0.3001556084813401,sensitivity/all/protocol/yield/ecfp4/k5/p0f3/encoding_protocol,sensitivity,all,yield,ecfp4,0,3,encoding_protocol
acid,250,6,True,0.0083327322222366,0.0113530073345631,-0.3624591588658736,0.0729947943349387,test_e1a,primary,p0f3,0.5666666666666667,-0.482508224791182,sensitivity/all/protocol/yield/ecfp4/k5/p0f3/encoding_protocol,sensitivity,all,yield,ecfp4,0,3,encoding_protocol
amine,2,46,True,0.0194885785305742,0.0143992641502513,0.2611434370310099,0.0,test_e1n,primary,p0f3,0.4074074074074074,0.3132388687110982,sensitivity/all/protocol/yield/ecfp4/k5/p0f3/encoding_protocol,sensitivity,all,yield,ecfp4,0,3,encoding_protocol
amine,5,41,True,0.0214169358029737,0.0323499206358827,-0.5104831491062716,0.1369104605919949,test_e1n,primary,p0f3,0.6578947368421053,0.2219353766434486,sensitivity/all/protocol/yield/ecfp4/k5/p0f3/encoding_protocol,sensitivity,all,yield,ecfp4,0,3,encoding_protocol
amine,15,9,True,0.1161882002839533,0.094210669487895,0.1891545849092011,0.1331400745247066,test_e1n,primary,p0f3,0.1578947368421052,-0.176871491015889,sensitivity/all/protocol/yield/ecfp4/k5/p0f3/encoding_protocol,sensitivity,all,yield,ecfp4,0,3,encoding_protocol
amine,16,55,True,0.1117403020544303,0.1176534208479356,-0.052918407099213,0.3413835124599038,test_e1n,primary,p0f3,0.1477272727272727,-0.1755637414524478,sensitivity/all/protocol/yield/ecfp4/k5/p0f3/encoding_protocol,sensitivity,all,yield,ecfp4,0,3,encoding_protocol
amine,18,9,True,0.2646977623390292,0.3075518714154632,-0.1618982672832183,0.4177655476194486,test_e1n,primary,p0f3,0.2291666666666666,-0.1033975126222115,sensitivity/all/protocol/yield/ecfp4/k5/p0f3/encoding_protocol,sensitivity,all,yield,ecfp4,0,3,encoding_protocol
amine,25,49,True,0.0884724576841657,0.0890906999792942,-0.0069879633878329,0.3271673564693085,test_e1n,primary,p0f3,0.3928571428571428,-0.1302300680349573,sensitivity/all/protocol/yield/ecfp4/k5/p0f3/encoding_protocol,sensitivity,all,yield,ecfp4,0,3,encoding_protocol
amine,28,28,True,0.1712275017123649,0.1658494431874825,0.0314088477090358,0.2995780431791129,test_e1n,primary,p0f3,0.4358974358974359,-0.1330554382889259,sensitivity/all/protocol/yield/ecfp4/k5/p0f3/encoding_protocol,sensitivity,all,yield,ecfp4,0,3,encoding_protocol
amine,39,7,True,0.024999504228129,0.0455219626545799,-0.8209146165130523,0.1630065321507378,test_e1n,primary,p0f3,0.1818181818181818,0.1118752482830732,sensitivity/all/protocol/yield/ecfp4/k5/p0f3/encoding_protocol,sensitivity,all,yield,ecfp4,0,3,encoding_protocol
amine,43,6,True,0.3642779948814864,0.4818755057299275,-0.3228235372457786,0.3555223504460256,test_e1n,primary,p0f3,0.1724137931034483,-0.1439238840612164,sensitivity/all/protocol/yield/ecfp4/k5/p0f3/encoding_protocol,sensitivity,all,yield,ecfp4,0,3,encoding_protocol
amine,44,47,True,0.1172876619222765,0.1515006965276425,-0.291701906616896,0.3490932981776683,test_e1n,primary,p0f3,0.1724137931034483,-0.1274615301818769,sensitivity/all/protocol/yield/ecfp4/k5/p0f3/encoding_protocol,sensitivity,all,yield,ecfp4,0,3,encoding_protocol
amine,49,9,True,0.0875580879839013,0.0921441156944272,-0.0523769741450845,0.0071802584292705,test_e1n,primary,p0f3,0.217391304347826,0.3573114592123891,sensitivity/all/protocol/yield/ecfp4/k5/p0f3/encoding_protocol,sensitivity,all,yield,ecfp4,0,3,encoding_protocol
amine,55,12,True,0.2433504762472577,0.2764055921847558,-0.135833372702802,0.3462525574787947,test_e1n,primary,p0f3,0.3571428571428571,-0.1397850311500064,sensitivity/all/protocol/yield/ecfp4/k5/p0f3/encoding_protocol,sensitivity,all,yield,ecfp4,0,3,encoding_protocol
amine,58,33,True,0.2024219189542104,0.2487047721379998,-0.2286454620275531,0.3543946956207032,test_e1n,primary,p0f3,0.71875,-0.2025277059044947,sensitivity/all/protocol/yield/ecfp4/k5/p0f3/encoding_protocol,sensitivity,all,yield,ecfp4,0,3,encoding_protocol
amine,62,9,True,0.081015527455483,0.113914051126663,-0.4060767695335603,0.2118335844477924,test_e1n,primary,p0f3,0.1888888888888888,-0.2249058992321351,sensitivity/all/protocol/yield/ecfp4/k5/p0f3/encoding_protocol,sensitivity,all,yield,ecfp4,0,3,encoding_protocol
amine,65,35,True,0.0181968007493327,0.0073321582403327,0.5970633332014925,0.0067834982670813,test_e1n,primary,p0f3,0.3018867924528302,0.3131400296135903,sensitivity/all/protocol/yield/ecfp4/k5/p0f3/encoding_protocol,sensitivity,all,yield,ecfp4,0,3,encoding_protocol
amine,66,96,True,0.0716294953857581,0.0391111574784359,0.4539797150907718,0.0487498597388895,test_e1n,primary,p0f3,0.3658536585365853,0.330677914178595,sensitivity/all/protocol/yield/ecfp4/k5/p0f3/encoding_protocol,sensitivity,all,yield,ecfp4,0,3,encoding_protocol
amine,75,22,True,0.0547602887514184,0.0878644912969528,-0.6045293642590013,0.2347798602781077,test_e1n,primary,p0f3,0.1145833333333333,0.0620517306536487,sensitivity/all/protocol/yield/ecfp4/k5/p0f3/encoding_protocol,sensitivity,all,yield,ecfp4,0,3,encoding_protocol
amine,79,8,True,0.0254478531467332,0.0102601762014947,0.5968156471850792,0.1061013725170414,test_e1n,primary,p0f3,0.1590909090909091,0.3334519391095696,sensitivity/all/protocol/yield/ecfp4/k5/p0f3/encoding_protocol,sensitivity,all,yield,ecfp4,0,3,encoding_protocol
amine,82,4,True,0.372019251101676,0.4080005348013373,-0.0967188756848158,0.4419489817840969,test_e1n,primary,p0f3,0.2777777777777778,-0.1319005275118407,sensitivity/all/protocol/yield/ecfp4/k5/p0f3/encoding_protocol,sensitivity,all,yield,ecfp4,0,3,encoding_protocol
amine,86,3,True,0.0304422640367262,0.0194119678380357,0.3623349493777231,0.0,test_e1n,primary,p0f3,0.2444444444444444,0.3515317689228042,sensitivity/all/protocol/yield/ecfp4/k5/p0f3/encoding_protocol,sensitivity,all,yield,ecfp4,0,3,encoding_protocol
amine,88,8,True,0.0050371300187556,0.0005534829760728,0.8901193786914396,0.0,test_e1n,primary,p0f3,0.325,0.3454056581482231,sensitivity/all/protocol/yield/ecfp4/k5/p0f3/encoding_protocol,sensitivity,all,yield,ecfp4,0,3,encoding_protocol
amine,92,53,True,0.0589777104747294,0.056492987172465,0.0421298704589259,0.219025313814264,test_e1n,primary,p0f3,0.2926829268292683,0.0252034456553903,sensitivity/all/protocol/yield/ecfp4/k5/p0f3/encoding_protocol,sensitivity,all,yield,ecfp4,0,3,encoding_protocol
amine,94,9,True,0.0275558511813102,0.0020179284742919,0.9267695103658924,0.0,test_e1n,primary,p0f3,0.3243243243243243,0.3520458120555557,sensitivity/all/protocol/yield/ecfp4/k5/p0f3/encoding_protocol,sensitivity,all,yield,ecfp4,0,3,encoding_protocol
amine,99,10,True,0.0858549199214432,0.0771531784022592,0.1013540228928754,0.3351869587757455,test_e1n,primary,p0f3,0.2352941176470588,-0.1883825224789905,sensitivity/all/protocol/yield/ecfp4/k5/p0f3/encoding_protocol,sensitivity,all,yield,ecfp4,0,3,encoding_protocol
amine,119,62,True,0.1066277477024733,0.0928769351448016,0.1289609210919561,0.3068046745465888,test_e1n,primary,p0f3,0.2972972972972973,-0.1295465208123294,sensitivity/all/protocol/yield/ecfp4/k5/p0f3/encoding_protocol,sensitivity,all,yield,ecfp4,0,3,encoding_protocol
amine,121,51,True,0.011507793210353,0.0028164768082746,0.7552548297669451,0.0030246049815005,test_e1n,primary,p0f3,0.3125,0.3216182097369522,sensitivity/all/protocol/yield/ecfp4/k5/p0f3/encoding_protocol,sensitivity,all,yield,ecfp4,0,3,encoding_protocol
amine,126,9,True,0.06375047975174,0.0658022728745562,-0.0321847479549404,0.2522838480759321,test_e1n,primary,p0f3,0.4411764705882353,0.1159878627253798,sensitivity/all/protocol/yield/ecfp4/k5/p0f3/encoding_protocol,sensitivity,all,yield,ecfp4,0,3,encoding_protocol
amine,131,49,True,0.0081266480728676,0.0015438436754919,0.81002700478118,0.0,test_e1n,primary,p0f3,0.3720930232558139,0.315286235000123,sensitivity/all/protocol/yield/ecfp4/k5/p0f3/encoding_protocol,sensitivity,all,yield,ecfp4,0,3,encoding_protocol
amine,145,34,True,0.0635164609862875,0.022455446750334,0.646462564166132,0.2638204281280786,test_e1n,primary,p0f3,0.4594594594594595,-0.1071336378117757,sensitivity/all/protocol/yield/ecfp4/k5/p0f3/encoding_protocol,sensitivity,all,yield,ecfp4,0,3,encoding_protocol
amine,158,97,True,0.0139945097777518,0.0104978057195362,0.2498625613720764,0.0941316446521258,test_e1n,primary,p0f3,0.2631578947368421,0.2938467230134933,sensitivity/all/protocol/yield/ecfp4/k5/p0f3/encoding_protocol,sensitivity,all,yield,ecfp4,0,3,encoding_protocol
amine,162,9,True,0.0442631065544331,0.0098626290911881,0.7771817240378419,0.025862510404917,test_e1n,primary,p0f3,0.1612903225806451,0.3644331934628984,sensitivity/all/protocol/yield/ecfp4/k5/p0f3/encoding_protocol,sensitivity,all,yield,ecfp4,0,3,encoding_protocol
amine,163,9,True,0.0595974326468444,0.0666801076052593,-0.1188419474440214,0.0,test_e1n,primary,p0f3,0.3018867924528302,0.3520458120555557,sensitivity/all/protocol/yield/ecfp4/k5/p0f3/encoding_protocol,sensitivity,all,yield,ecfp4,0,3,encoding_protocol
amine,166,34,True,0.0520858032145582,0.0521310572296683,-0.0008688358884236,0.1670813628957295,test_e1n,primary,p0f3,0.4761904761904761,0.1086453008086186,sensitivity/all/protocol/yield/ecfp4/k5/p0f3/encoding_protocol,sensitivity,all,yield,ecfp4,0,3,encoding_protocol
amine,185,81,True,0.0335292381528246,0.0365695002516699,-0.090674953155452,0.1984242521144038,test_e1n,primary,p0f3,0.2162162162162162,0.061825768494457,sensitivity/all/protocol/yield/ecfp4/k5/p0f3/encoding_protocol,sensitivity,all,yield,ecfp4,0,3,encoding_protocol
amine,190,96,True,0.0242519713003408,0.0168965904528552,0.3032900194543014,0.122134869975023,test_e1n,primary,p0f3,0.3111111111111111,0.2512040184086682,sensitivity/all/protocol/yield/ecfp4/k5/p0f3/encoding_protocol,sensitivity,all,yield,ecfp4,0,3,encoding_protocol
amine,193,9,True,0.0214427970606023,0.0054681213018011,0.7449902973783243,0.0,test_e1n,primary,p0f3,0.1794871794871795,0.3520458120555557,sensitivity/all/protocol/yield/ecfp4/k5/p0f3/encoding_protocol,sensitivity,all,yield,ecfp4,0,3,encoding_protocol
amine,195,8,True,0.0071457911070856,0.0085083416656758,-0.1906787559517579,0.0997961842600063,test_e1n,primary,p0f3,0.1791044776119403,0.3488408665802114,sensitivity/all/protocol/yield/ecfp4/k5/p0f3/encoding_protocol,sensitivity,all,yield,ecfp4,0,3,encoding_protocol
amine,196,21,True,0.246824195136118,0.2374593305316822,0.0379414368160762,0.407623284301525,test_e1n,primary,p0f3,0.1875,-0.1348226064208595,sensitivity/all/protocol/yield/ecfp4/k5/p0f3/encoding_protocol,sensitivity,all,yield,ecfp4,0,3,encoding_protocol
amine,198,36,True,0.1883507582734696,0.1772457689869253,0.0589590898828278,0.3574395333035421,test_e1n,primary,p0f3,0.2641509433962264,-0.1174570394115375,sensitivity/all/protocol/yield/ecfp4/k5/p0f3/encoding_protocol,sensitivity,all,yield,ecfp4,0,3,encoding_protocol
amine,207,79,True,0.0321292521738493,0.0747167242577101,-1.3255046165849973,0.0856268099996566,test_e1n,primary,p0f3,0.2321428571428571,0.2677855423477409,sensitivity/all/protocol/yield/ecfp4/k5/p0f3/encoding_protocol,sensitivity,all,yield,ecfp4,0,3,encoding_protocol
amine,208,29,True,0.0355275575411924,0.0153407348743766,0.5682018147014509,0.0,test_e1n,primary,p0f3,0.2127659574468085,0.3323325910888876,sensitivity/all/protocol/yield/ecfp4/k5/p0f3/encoding_protocol,sensitivity,all,yield,ecfp4,0,3,encoding_protocol
amine,213,17,True,0.0584592827379062,0.0512318179383588,0.1236324576876986,0.2819719539140686,test_e1n,primary,p0f3,0.2647058823529412,-0.144019498434051,sensitivity/all/protocol/yield/ecfp4/k5/p0f3/encoding_protocol,sensitivity,all,yield,ecfp4,0,3,encoding_protocol
amine,214,9,True,0.0663444758922541,0.0505136624102485,0.2386153974253323,0.2187590194965938,test_e1n,primary,p0f3,0.25,-0.1944067360517916,sensitivity/all/protocol/yield/ecfp4/k5/p0f3/encoding_protocol,sensitivity,all,yield,ecfp4,0,3,encoding_protocol
amine,219,33,True,0.0236276366083116,0.0183360759527147,0.2239564093234555,0.0248906818240615,test_e1n,primary,p0f3,0.3513513513513513,0.3313608547799416,sensitivity/all/protocol/yield/ecfp4/k5/p0f3/encoding_protocol,sensitivity,all,yield,ecfp4,0,3,encoding_protocol
amine,228,20,True,0.0757318013255761,0.0401638106971809,0.4696572642645318,0.2537562939846854,test_e1n,primary,p0f3,0.4473684210526316,-0.113620136258564,sensitivity/all/protocol/yield/ecfp4/k5/p0f3/encoding_protocol,sensitivity,all,yield,ecfp4,0,3,encoding_protocol
amine,229,7,True,0.0548487643637561,0.0498977727833534,0.0902662373133473,0.0178090667117302,test_e1n,primary,p0f3,0.1830985915492957,0.3755533707340176,sensitivity/all/protocol/yield/ecfp4/k5/p0f3/encoding_protocol,sensitivity,all,yield,ecfp4,0,3,encoding_protocol
acid,0,17,True,0.0695029697047096,0.0829984059510397,-0.1941706419692113,0.2296733179495197,test_e1a,primary,p0f3,0.46875,-0.0205818237530877,sensitivity/all/chemistry/yield/ecfp4/k5/p0f3/aggregate_cells,sensitivity,all,yield,ecfp4,0,3,aggregate_cells
acid,4,39,True,0.0138288811403562,0.0104785638408108,0.24226958533676,0.3643792930502208,test_e1a,primary,p0f3,0.7777777777777778,-0.6287381337818718,sensitivity/all/chemistry/yield/ecfp4/k5/p0f3/aggregate_cells,sensitivity,all,yield,ecfp4,0,3,aggregate_cells
acid,14,25,True,0.0833050300067989,0.0819567455420264,0.0161849106189917,0.3282561207857872,test_e1a,primary,p0f3,0.4411764705882353,0.0530582229308548,sensitivity/all/chemistry/yield/ecfp4/k5/p0f3/aggregate_cells,sensitivity,all,yield,ecfp4,0,3,aggregate_cells
acid,19,19,True,0.1493445880400036,0.1423427921339747,0.0468834927192232,0.3848279765303815,test_e1a,primary,p0f3,0.4318181818181818,0.0042746311563974,sensitivity/all/chemistry/yield/ecfp4/k5/p0f3/aggregate_cells,sensitivity,all,yield,ecfp4,0,3,aggregate_cells
acid,24,56,True,0.0348984057998787,0.0393583984210168,-0.1277993226026845,0.2962884928743272,test_e1a,primary,p0f3,0.4545454545454545,-0.0552556523284037,sensitivity/all/chemistry/yield/ecfp4/k5/p0f3/aggregate_cells,sensitivity,all,yield,ecfp4,0,3,aggregate_cells
acid,34,6,True,0.0205599959970224,0.0059188366026434,0.7121187862341665,0.0204532393522395,test_e1a,primary,p0f3,0.6153846153846154,0.3098013141940593,sensitivity/all/chemistry/yield/ecfp4/k5/p0f3/aggregate_cells,sensitivity,all,yield,ecfp4,0,3,aggregate_cells
acid,39,30,True,0.0315464430518195,0.0245299658330984,0.2224173802160671,0.3422894822444482,test_e1a,primary,p0f3,0.6481481481481481,-0.2721070161087429,sensitivity/all/chemistry/yield/ecfp4/k5/p0f3/aggregate_cells,sensitivity,all,yield,ecfp4,0,3,aggregate_cells
acid,42,40,True,0.0393227401714047,0.0299282403512186,0.2389075577957233,0.396743614137612,test_e1a,primary,p0f3,0.54,-0.3717856244337856,sensitivity/all/chemistry/yield/ecfp4/k5/p0f3/aggregate_cells,sensitivity,all,yield,ecfp4,0,3,aggregate_cells
acid,50,4,True,0.0184449480209005,0.0158367098869624,0.1414066405057173,0.0059499999999999,test_e1a,primary,p0f3,0.5555555555555556,0.2173164467153661,sensitivity/all/chemistry/yield/ecfp4/k5/p0f3/aggregate_cells,sensitivity,all,yield,ecfp4,0,3,aggregate_cells
acid,57,5,True,0.0401296658401633,0.0479866743572317,-0.1957905293396393,0.1755322676888782,test_e1a,primary,p0f3,0.5576923076923077,0.0159245654567122,sensitivity/all/chemistry/yield/ecfp4/k5/p0f3/aggregate_cells,sensitivity,all,yield,ecfp4,0,3,aggregate_cells
acid,58,94,True,0.0466224356351328,0.044966703100541,0.0355136429926041,0.3008612995579902,test_e1a,primary,p0f3,0.3684210526315789,-0.0769509366888527,sensitivity/all/chemistry/yield/ecfp4/k5/p0f3/aggregate_cells,sensitivity,all,yield,ecfp4,0,3,aggregate_cells
acid,59,60,True,0.0344042268448936,0.0348357711559529,-0.0125433515191273,0.294925885493834,test_e1a,primary,p0f3,0.3529411764705882,-0.0958645301340268,sensitivity/all/chemistry/yield/ecfp4/k5/p0f3/aggregate_cells,sensitivity,all,yield,ecfp4,0,3,aggregate_cells
acid,60,38,True,0.0457217822726431,0.0393295392064352,0.1398073904488318,0.2781949058486043,test_e1a,primary,p0f3,0.3191489361702128,-0.0766963627138268,sensitivity/all/chemistry/yield/ecfp4/k5/p0f3/aggregate_cells,sensitivity,all,yield,ecfp4,0,3,aggregate_cells
acid,62,43,True,0.043207617434596,0.0666013991226711,-0.5414272546614407,0.3915814137700975,test_e1a,primary,p0f3,0.603448275862069,-0.3337304024643857,sensitivity/all/chemistry/yield/ecfp4/k5/p0f3/aggregate_cells,sensitivity,all,yield,ecfp4,0,3,aggregate_cells
acid,63,22,True,0.0734698231480914,0.0724773352653708,0.0135087827926311,0.2293712679255698,test_e1a,primary,p0f3,0.5862068965517241,0.0243139744970539,sensitivity/all/chemistry/yield/ecfp4/k5/p0f3/aggregate_cells,sensitivity,all,yield,ecfp4,0,3,aggregate_cells
acid,64,32,True,0.0440796952060448,0.0490333386629937,-0.1123792583817488,0.2717396611789697,test_e1a,primary,p0f3,0.7111111111111111,-0.0031932195727053,sensitivity/all/chemistry/yield/ecfp4/k5/p0f3/aggregate_cells,sensitivity,all,yield,ecfp4,0,3,aggregate_cells
acid,70,2,False,0.0012678379437913,0.0025057985759182,-0.9764344395821368,0.0,test_e1a,primary,p0f3,0.25,-2.1468533107171597,sensitivity/all/chemistry/yield/ecfp4/k5/p0f3/aggregate_cells,sensitivity,all,yield,ecfp4,0,3,aggregate_cells
acid,72,61,True,0.0636059898139619,0.0689667147284214,-0.0842801901226415,0.0809300112523869,test_e1a,primary,p0f3,0.1875,0.146425683739421,sensitivity/all/chemistry/yield/ecfp4/k5/p0f3/aggregate_cells,sensitivity,all,yield,ecfp4,0,3,aggregate_cells
acid,78,2,False,0.0004256723848633,0.0033203706568627,-6.80029613132794,0.0,test_e1a,primary,p0f3,0.34,0.5713096841877452,sensitivity/all/chemistry/yield/ecfp4/k5/p0f3/aggregate_cells,sensitivity,all,yield,ecfp4,0,3,aggregate_cells
acid,80,21,True,0.086043534392206,0.0797190072391417,0.0735038047627804,0.4071863228009881,test_e1a,primary,p0f3,0.4927536231884058,-0.0896370053857078,sensitivity/all/chemistry/yield/ecfp4/k5/p0f3/aggregate_cells,sensitivity,all,yield,ecfp4,0,3,aggregate_cells
acid,88,3,True,0.0049883475935724,0.0005496138743422,0.889820453760989,0.0,test_e1a,primary,p0f3,0.24,0.0386498809159093,sensitivity/all/chemistry/yield/ecfp4/k5/p0f3/aggregate_cells,sensitivity,all,yield,ecfp4,0,3,aggregate_cells
acid,89,21,True,0.0247241551564761,0.0275419158333301,-0.113967925658964,0.3099757032721236,test_e1a,primary,p0f3,0.2469135802469135,-0.1358066158823485,sensitivity/all/chemistry/yield/ecfp4/k5/p0f3/aggregate_cells,sensitivity,all,yield,ecfp4,0,3,aggregate_cells
acid,101,9,True,0.0505109729384024,0.0383803926941604,0.2401573269838827,0.2126072265417565,test_e1a,primary,p0f3,0.2586206896551724,-0.0601231345019375,sensitivity/all/chemistry/yield/ecfp4/k5/p0f3/aggregate_cells,sensitivity,all,yield,ecfp4,0,3,aggregate_cells
acid,110,14,True,0.026343433828583,0.0193966354609866,0.2637013235555884,0.0677632157338582,test_e1a,primary,p0f3,0.325,0.2843524394780852,sensitivity/all/chemistry/yield/ecfp4/k5/p0f3/aggregate_cells,sensitivity,all,yield,ecfp4,0,3,aggregate_cells
acid,118,9,True,0.0029872422936409,0.0011396988067131,0.6184779489968806,0.0108,test_e1a,primary,p0f3,0.4375,0.1853442890993585,sensitivity/all/chemistry/yield/ecfp4/k5/p0f3/aggregate_cells,sensitivity,all,yield,ecfp4,0,3,aggregate_cells
acid,121,2,False,0.0756132414940862,0.1419723688414529,-0.8776125191320705,0.2404163056034261,test_e1a,primary,p0f3,0.8490566037735849,0.0106306537989315,sensitivity/all/chemistry/yield/ecfp4/k5/p0f3/aggregate_cells,sensitivity,all,yield,ecfp4,0,3,aggregate_cells
acid,122,2,False,0.0199075339872164,0.0055607907525386,0.7206690313270603,0.0220617315730202,test_e1a,primary,p0f3,0.7058823529411765,0.5700843681055604,sensitivity/all/chemistry/yield/ecfp4/k5/p0f3/aggregate_cells,sensitivity,all,yield,ecfp4,0,3,aggregate_cells
acid,129,77,True,0.0384596764698228,0.0234021006863684,0.3915159243544138,0.3210139892876207,test_e1a,primary,p0f3,0.3559322033898305,-0.1141010458930897,sensitivity/all/chemistry/yield/ecfp4/k5/p0f3/aggregate_cells,sensitivity,all,yield,ecfp4,0,3,aggregate_cells
acid,133,38,True,0.0631042700427437,0.0656788156656486,-0.0407982791205894,0.3383008476709017,test_e1a,primary,p0f3,0.4857142857142857,-0.0668251105071693,sensitivity/all/chemistry/yield/ecfp4/k5/p0f3/aggregate_cells,sensitivity,all,yield,ecfp4,0,3,aggregate_cells
acid,134,12,True,0.0048250704945796,0.0028233869784127,0.414850626206497,0.0520154078280191,test_e1a,primary,p0f3,0.3783783783783784,0.006464145420421,sensitivity/all/chemistry/yield/ecfp4/k5/p0f3/aggregate_cells,sensitivity,all,yield,ecfp4,0,3,aggregate_cells
acid,135,2,False,0.0007049236369269,0.0002886618757553,0.5905061759402341,0.0,test_e1a,primary,p0f3,0.4333333333333333,0.5713096841877452,sensitivity/all/chemistry/yield/ecfp4/k5/p0f3/aggregate_cells,sensitivity,all,yield,ecfp4,0,3,aggregate_cells
acid,140,37,True,0.0291187916651897,0.0293474140795165,-0.0078513702407543,0.3276758976777494,test_e1a,primary,p0f3,0.6190476190476191,-0.1693342241672792,sensitivity/all/chemistry/yield/ecfp4/k5/p0f3/aggregate_cells,sensitivity,all,yield,ecfp4,0,3,aggregate_cells
acid,150,43,True,0.0348041108536089,0.0336247374482708,0.0338860374942113,0.4179215631897438,test_e1a,primary,p0f3,0.6041666666666666,-0.322345965994594,sensitivity/all/chemistry/yield/ecfp4/k5/p0f3/aggregate_cells,sensitivity,all,yield,ecfp4,0,3,aggregate_cells
acid,158,13,True,0.0674312125179484,0.0521699551084404,0.2263233425536562,0.0953274780791093,test_e1a,primary,p0f3,0.2894736842105263,-0.0581503541175711,sensitivity/all/chemistry/yield/ecfp4/k5/p0f3/aggregate_cells,sensitivity,all,yield,ecfp4,0,3,aggregate_cells
acid,163,4,True,0.0243317486604798,0.0232859610729873,0.0429803711227316,0.1881295364901535,test_e1a,primary,p0f3,0.3725490196078431,0.1545703673033219,sensitivity/all/chemistry/yield/ecfp4/k5/p0f3/aggregate_cells,sensitivity,all,yield,ecfp4,0,3,aggregate_cells
acid,164,21,True,0.0781917656463012,0.0692891426278208,0.1138562730345693,0.4058052909251642,test_e1a,primary,p0f3,0.3666666666666666,-0.1616847589594279,sensitivity/all/chemistry/yield/ecfp4/k5/p0f3/aggregate_cells,sensitivity,all,yield,ecfp4,0,3,aggregate_cells
acid,165,6,True,0.0080305212843874,0.0227607105096818,-1.8342755972681488,0.0358441999027271,test_e1a,primary,p0f3,0.475,-0.4606008433614095,sensitivity/all/chemistry/yield/ecfp4/k5/p0f3/aggregate_cells,sensitivity,all,yield,ecfp4,0,3,aggregate_cells
acid,172,2,False,0.0004461140851121,0.0071995341919713,-15.138325222709168,0.0,test_e1a,primary,p0f3,0.6,0.5713096841877452,sensitivity/all/chemistry/yield/ecfp4/k5/p0f3/aggregate_cells,sensitivity,all,yield,ecfp4,0,3,aggregate_cells
acid,174,41,True,0.0212698261979222,0.0128170299031514,0.3974078685982188,0.3882443888841151,test_e1a,primary,p0f3,0.72,-0.5146778826211971,sensitivity/all/chemistry/yield/ecfp4/k5/p0f3/aggregate_cells,sensitivity,all,yield,ecfp4,0,3,aggregate_cells
acid,178,4,True,0.086959535758231,0.0816516649683708,0.0610383984180569,0.4159302134974088,test_e1a,primary,p0f3,0.7254901960784313,-0.1397283500901835,sensitivity/all/chemistry/yield/ecfp4/k5/p0f3/aggregate_cells,sensitivity,all,yield,ecfp4,0,3,aggregate_cells
acid,184,65,True,0.0506234111155682,0.0378084179400065,0.2531436126717411,0.0940524462364104,test_e1a,primary,p0f3,0.3695652173913043,0.2171128403756306,sensitivity/all/chemistry/yield/ecfp4/k5/p0f3/aggregate_cells,sensitivity,all,yield,ecfp4,0,3,aggregate_cells
acid,186,4,True,0.2223373829004701,0.2353168679697095,-0.0583774302814823,0.451166916635813,test_e1a,primary,p0f3,0.6111111111111112,-0.0769547674581911,sensitivity/all/chemistry/yield/ecfp4/k5/p0f3/aggregate_cells,sensitivity,all,yield,ecfp4,0,3,aggregate_cells
acid,197,37,True,0.0397346539824352,0.0231728185259236,0.4168108639836855,0.1624399694615788,test_e1a,primary,p0f3,0.6785714285714286,0.2752883044267936,sensitivity/all/chemistry/yield/ecfp4/k5/p0f3/aggregate_cells,sensitivity,all,yield,ecfp4,0,3,aggregate_cells
acid,198,6,True,0.0527180611447745,0.0704873512829481,-0.3370626641479752,0.305737144728387,test_e1a,primary,p0f3,0.6451612903225806,-0.054372103736239,sensitivity/all/chemistry/yield/ecfp4/k5/p0f3/aggregate_cells,sensitivity,all,yield,ecfp4,0,3,aggregate_cells
acid,201,2,False,0.0232706091807591,0.0052292555067954,0.7752849757315715,0.0,test_e1a,primary,p0f3,0.3666666666666666,0.4279862009904837,sensitivity/all/chemistry/yield/ecfp4/k5/p0f3/aggregate_cells,sensitivity,all,yield,ecfp4,0,3,aggregate_cells
acid,205,16,True,0.0111435362872952,0.0242342875637771,-1.174739412964152,0.2274535167713761,test_e1a,primary,p0f3,0.5208333333333334,-0.1623377649237547,sensitivity/all/chemistry/yield/ecfp4/k5/p0f3/aggregate_cells,sensitivity,all,yield,ecfp4,0,3,aggregate_cells
acid,207,97,True,0.0446210843503026,0.0409625418234854,0.0819913406428082,0.3071835364650453,test_e1a,primary,p0f3,0.3,-0.0389040732272054,sensitivity/all/chemistry/yield/ecfp4/k5/p0f3/aggregate_cells,sensitivity,all,yield,ecfp4,0,3,aggregate_cells
acid,208,10,True,0.0014441001999898,0.0028893821997412,-1.0008183641007236,0.104561922642359,test_e1a,primary,p0f3,0.5769230769230769,-0.330686195265381,sensitivity/all/chemistry/yield/ecfp4/k5/p0f3/aggregate_cells,sensitivity,all,yield,ecfp4,0,3,aggregate_cells
acid,221,6,True,0.0190979748286652,0.0070995303262665,0.6282574257239857,0.0011839200423452,test_e1a,primary,p0f3,0.4857142857142857,0.2958296962786426,sensitivity/all/chemistry/yield/ecfp4/k5/p0f3/aggregate_cells,sensitivity,all,yield,ecfp4,0,3,aggregate_cells
acid,233,2,False,0.0012384388691729,0.0002979432609196,0.7594202924859799,0.0,test_e1a,primary,p0f3,0.6060606060606061,0.5713096841877452,sensitivity/all/chemistry/yield/ecfp4/k5/p0f3/aggregate_cells,sensitivity,all,yield,ecfp4,0,3,aggregate_cells
acid,238,19,True,0.1337758832315911,0.1342450714914673,-0.0035072708812837,0.3336465933285788,test_e1a,primary,p0f3,0.59375,-0.0047298617266369,sensitivity/all/chemistry/yield/ecfp4/k5/p0f3/aggregate_cells,sensitivity,all,yield,ecfp4,0,3,aggregate_cells
acid,240,30,True,0.0436338587357856,0.039269519595521,0.1000218469489884,0.3505435045885109,test_e1a,primary,p0f3,0.59375,-0.2174049636166826,sensitivity/all/chemistry/yield/ecfp4/k5/p0f3/aggregate_cells,sensitivity,all,yield,ecfp4,0,3,aggregate_cells
acid,243,56,True,0.0470511399304291,0.0495451643139966,-0.0530066728936904,0.3076193580146162,test_e1a,primary,p0f3,0.2941176470588235,-0.0682014205588794,sensitivity/all/chemistry/yield/ecfp4/k5/p0f3/aggregate_cells,sensitivity,all,yield,ecfp4,0,3,aggregate_cells
amine,2,44,True,0.0227749426250041,0.0156412371602654,0.3132260564690386,0.0092714738457662,test_e1n,primary,p0f3,0.4074074074074074,0.1659904481064374,sensitivity/all/chemistry/yield/ecfp4/k5/p0f3/aggregate_cells,sensitivity,all,yield,ecfp4,0,3,aggregate_cells
amine,15,10,True,0.154410549099035,0.1280904792323133,0.1704551277117776,0.2493063086958602,test_e1n,primary,p0f3,0.1578947368421052,-0.0517244235065104,sensitivity/all/chemistry/yield/ecfp4/k5/p0f3/aggregate_cells,sensitivity,all,yield,ecfp4,0,3,aggregate_cells
amine,18,10,True,0.2538138877660943,0.24652032449503,0.0287358715287707,0.3795775043094332,test_e1n,primary,p0f3,0.2291666666666666,-0.0151910548261877,sensitivity/all/chemistry/yield/ecfp4/k5/p0f3/aggregate_cells,sensitivity,all,yield,ecfp4,0,3,aggregate_cells
amine,39,8,True,0.0245113787651982,0.0428037591649009,-0.7462811690411557,0.1536401262459034,test_e1n,primary,p0f3,0.1818181818181818,0.0052534799759282,sensitivity/all/chemistry/yield/ecfp4/k5/p0f3/aggregate_cells,sensitivity,all,yield,ecfp4,0,3,aggregate_cells
amine,49,10,True,0.0673339219605234,0.0627054287549128,0.0687393971841451,0.006826818032176,test_e1n,primary,p0f3,0.217391304347826,0.0844608937848746,sensitivity/all/chemistry/yield/ecfp4/k5/p0f3/aggregate_cells,sensitivity,all,yield,ecfp4,0,3,aggregate_cells
amine,50,90,True,0.0267588176281003,0.0275136333945207,-0.0282081135613307,0.0266302776063874,test_e1n,primary,p0f3,0.2040816326530612,0.1106841162349228,sensitivity/all/chemistry/yield/ecfp4/k5/p0f3/aggregate_cells,sensitivity,all,yield,ecfp4,0,3,aggregate_cells
amine,52,73,True,0.082002083761806,0.0945009666371179,-0.1524215276238323,0.1976120485576722,test_e1n,primary,p0f3,0.1764705882352941,0.046274921892478,sensitivity/all/chemistry/yield/ecfp4/k5/p0f3/aggregate_cells,sensitivity,all,yield,ecfp4,0,3,aggregate_cells
amine,55,12,True,0.2105464155339036,0.2165965855854827,-0.0287355642518873,0.3462763070632083,test_e1n,primary,p0f3,0.3571428571428571,-0.0895513584564489,sensitivity/all/chemistry/yield/ecfp4/k5/p0f3/aggregate_cells,sensitivity,all,yield,ecfp4,0,3,aggregate_cells
amine,59,41,True,0.0737657361532499,0.0843805858160692,-0.1438994608657697,0.0986369047345351,test_e1n,primary,p0f3,0.71875,0.1722121314407378,sensitivity/all/chemistry/yield/ecfp4/k5/p0f3/aggregate_cells,sensitivity,all,yield,ecfp4,0,3,aggregate_cells
amine,62,10,True,0.0574820062156196,0.0497943269142816,0.1337406226306877,0.2440123958599918,test_e1n,primary,p0f3,0.188235294117647,-0.031297605680419,sensitivity/all/chemistry/yield/ecfp4/k5/p0f3/aggregate_cells,sensitivity,all,yield,ecfp4,0,3,aggregate_cells
amine,66,82,True,0.0205023400401196,0.0204327572920548,0.0033938929862951,0.0799138787612582,test_e1n,primary,p0f3,0.3658536585365853,0.0968562833149195,sensitivity/all/chemistry/yield/ecfp4/k5/p0f3/aggregate_cells,sensitivity,all,yield,ecfp4,0,3,aggregate_cells
amine,75,21,True,0.0574737815840107,0.0609114682206834,-0.0598131276893223,0.261006462791724,test_e1n,primary,p0f3,0.1208791208791208,-0.0060494515007432,sensitivity/all/chemistry/yield/ecfp4/k5/p0f3/aggregate_cells,sensitivity,all,yield,ecfp4,0,3,aggregate_cells
amine,79,8,True,0.0130187994192609,0.0119199664390145,0.0844035571068599,0.1131973553136291,test_e1n,primary,p0f3,0.1590909090909091,0.0917166558727797,sensitivity/all/chemistry/yield/ecfp4/k5/p0f3/aggregate_cells,sensitivity,all,yield,ecfp4,0,3,aggregate_cells
amine,81,51,True,0.0185260356001446,0.0189020282717757,-0.0202953659242748,0.0069353880816532,test_e1n,primary,p0f3,0.5370370370370371,0.15820915472213,sensitivity/all/chemistry/yield/ecfp4/k5/p0f3/aggregate_cells,sensitivity,all,yield,ecfp4,0,3,aggregate_cells
amine,82,3,True,0.3203842985653483,0.3415913367246937,-0.0661925014874593,0.5139208531800722,test_e1n,primary,p0f3,0.1470588235294117,-0.0724417405942889,sensitivity/all/chemistry/yield/ecfp4/k5/p0f3/aggregate_cells,sensitivity,all,yield,ecfp4,0,3,aggregate_cells
amine,86,4,True,0.0413494379280541,0.0299832037243315,0.2748824354879818,0.0,test_e1n,primary,p0f3,0.2352941176470588,0.090667735225844,sensitivity/all/chemistry/yield/ecfp4/k5/p0f3/aggregate_cells,sensitivity,all,yield,ecfp4,0,3,aggregate_cells
amine,87,1,False,0.0524056868994525,0.0474978770793394,0.0936503290097011,,test_e1n,primary,p0f3,0.3414634146341463,0.1611376411425649,sensitivity/all/chemistry/yield/ecfp4/k5/p0f3/aggregate_cells,sensitivity,all,yield,ecfp4,0,3,aggregate_cells
amine,88,9,True,0.0038150489512207,0.0014532732317394,0.6190682609002001,0.0,test_e1n,primary,p0f3,0.325,0.0789505655171499,sensitivity/all/chemistry/yield/ecfp4/k5/p0f3/aggregate_cells,sensitivity,all,yield,ecfp4,0,3,aggregate_cells
amine,90,18,True,0.2185456804213771,0.2128350863360274,0.0261299792077295,0.3586589295032514,test_e1n,primary,p0f3,0.3414634146341463,-0.0544374103680731,sensitivity/all/chemistry/yield/ecfp4/k5/p0f3/aggregate_cells,sensitivity,all,yield,ecfp4,0,3,aggregate_cells
amine,94,10,True,0.0358680562441782,0.0204829131421647,0.428937185702966,0.0,test_e1n,primary,p0f3,0.1744186046511628,0.0830761593243991,sensitivity/all/chemistry/yield/ecfp4/k5/p0f3/aggregate_cells,sensitivity,all,yield,ecfp4,0,3,aggregate_cells
amine,95,39,True,0.0458702405665772,0.038045336188468,0.1705878208062142,0.1683653724002705,test_e1n,primary,p0f3,0.2,0.0981572426837785,sensitivity/all/chemistry/yield/ecfp4/k5/p0f3/aggregate_cells,sensitivity,all,yield,ecfp4,0,3,aggregate_cells
amine,99,12,True,0.0812573132665814,0.0804830938236525,0.0095279970725692,0.330741467284975,test_e1n,primary,p0f3,0.2352941176470588,-0.0607003023015404,sensitivity/all/chemistry/yield/ecfp4/k5/p0f3/aggregate_cells,sensitivity,all,yield,ecfp4,0,3,aggregate_cells
amine,106,67,True,0.0267664271661474,0.0228015245540076,0.148129692002913,0.1512670480578373,test_e1n,primary,p0f3,0.5185185185185185,0.0658762526869036,sensitivity/all/chemistry/yield/ecfp4/k5/p0f3/aggregate_cells,sensitivity,all,yield,ecfp4,0,3,aggregate_cells
amine,107,28,True,0.1369131798302603,0.1570946490507661,-0.1474034073675447,0.3428301896737211,test_e1n,primary,p0f3,0.3157894736842105,-0.0709250883944152,sensitivity/all/chemistry/yield/ecfp4/k5/p0f3/aggregate_cells,sensitivity,all,yield,ecfp4,0,3,aggregate_cells
amine,117,25,True,0.2116678628634155,0.2369550288928388,-0.1194662509808615,0.3344240639766622,test_e1n,primary,p0f3,0.358974358974359,-0.0693221718460022,sensitivity/all/chemistry/yield/ecfp4/k5/p0f3/aggregate_cells,sensitivity,all,yield,ecfp4,0,3,aggregate_cells
amine,121,50,True,0.0148548064901508,0.0061240912605439,0.5877367191148242,0.0,test_e1n,primary,p0f3,0.3125,0.1569144306896296,sensitivity/all/chemistry/yield/ecfp4/k5/p0f3/aggregate_cells,sensitivity,all,yield,ecfp4,0,3,aggregate_cells
amine,122,32,True,0.1431324836328821,0.1004920085389989,0.2979091399213819,0.0762814924389243,test_e1n,primary,p0f3,0.5945945945945946,0.1314255187582165,sensitivity/all/chemistry/yield/ecfp4/k5/p0f3/aggregate_cells,sensitivity,all,yield,ecfp4,0,3,aggregate_cells
amine,126,10,True,0.0580022338281519,0.0737741894054158,-0.2719197957787762,0.2414305625962785,test_e1n,primary,p0f3,0.4411764705882353,0.0420025347278886,sensitivity/all/chemistry/yield/ecfp4/k5/p0f3/aggregate_cells,sensitivity,all,yield,ecfp4,0,3,aggregate_cells
amine,131,47,True,0.0071871341300614,0.0018850208767512,0.7377228749819975,0.0,test_e1n,primary,p0f3,0.3902439024390244,0.1621716790678145,sensitivity/all/chemistry/yield/ecfp4/k5/p0f3/aggregate_cells,sensitivity,all,yield,ecfp4,0,3,aggregate_cells
amine,141,51,True,0.0186787745396079,0.0148351181007182,0.2057766921882019,0.068925080099095,test_e1n,primary,p0f3,0.4074074074074074,0.1470008444918633,sensitivity/all/chemistry/yield/ecfp4/k5/p0f3/aggregate_cells,sensitivity,all,yield,ecfp4,0,3,aggregate_cells
amine,156,58,True,0.0344813655423528,0.0237925114519371,0.3099892919637057,0.1473397861515419,test_e1n,primary,p0f3,0.1428571428571428,0.0887341752219876,sensitivity/all/chemistry/yield/ecfp4/k5/p0f3/aggregate_cells,sensitivity,all,yield,ecfp4,0,3,aggregate_cells
amine,162,10,True,0.0267715634877845,0.0100313513175759,0.6252982638779,0.0247107916146412,test_e1n,primary,p0f3,0.1612903225806451,0.0882041079803057,sensitivity/all/chemistry/yield/ecfp4/k5/p0f3/aggregate_cells,sensitivity,all,yield,ecfp4,0,3,aggregate_cells
amine,163,10,True,0.0505748397788402,0.0425797721055739,0.1580838952377908,0.0,test_e1n,primary,p0f3,0.3018867924528302,0.0830761593243991,sensitivity/all/chemistry/yield/ecfp4/k5/p0f3/aggregate_cells,sensitivity,all,yield,ecfp4,0,3,aggregate_cells
amine,170,27,True,0.1933177610217526,0.2044120305025456,-0.057388774948333,0.359192808733908,test_e1n,primary,p0f3,0.3714285714285714,-0.0657430432352765,sensitivity/all/chemistry/yield/ecfp4/k5/p0f3/aggregate_cells,sensitivity,all,yield,ecfp4,0,3,aggregate_cells
amine,176,42,True,0.1609540232939163,0.1502603256635032,0.0664394552653426,0.3751033931719436,test_e1n,primary,p0f3,0.1627906976744186,-0.0369146362046446,sensitivity/all/chemistry/yield/ecfp4/k5/p0f3/aggregate_cells,sensitivity,all,yield,ecfp4,0,3,aggregate_cells
amine,191,34,True,0.0687739924443639,0.0636772277821071,0.074108896126395,0.2292020757995052,test_e1n,primary,p0f3,0.22,0.084039019575687,sensitivity/all/chemistry/yield/ecfp4/k5/p0f3/aggregate_cells,sensitivity,all,yield,ecfp4,0,3,aggregate_cells
amine,193,10,True,0.0168680471676394,0.0066822687419576,0.6038504827768549,0.0530313963610237,test_e1n,primary,p0f3,0.1794871794871795,0.0748593150281728,sensitivity/all/chemistry/yield/ecfp4/k5/p0f3/aggregate_cells,sensitivity,all,yield,ecfp4,0,3,aggregate_cells
amine,195,10,True,0.0115816431224018,0.0104065590048323,0.1014609157915242,0.0993912409509901,test_e1n,primary,p0f3,0.1791044776119403,0.0694643454631965,sensitivity/all/chemistry/yield/ecfp4/k5/p0f3/aggregate_cells,sensitivity,all,yield,ecfp4,0,3,aggregate_cells
amine,202,30,True,0.0374067731617645,0.038514260029308,-0.0296065865599854,0.2398721045478817,test_e1n,primary,p0f3,0.2926829268292683,-0.1077231212346849,sensitivity/all/chemistry/yield/ecfp4/k5/p0f3/aggregate_cells,sensitivity,all,yield,ecfp4,0,3,aggregate_cells
amine,203,28,True,0.0026047415878266,0.0018594206935456,0.2861400523431076,0.0252905957384208,test_e1n,primary,p0f3,0.4067796610169492,0.1313856438917164,sensitivity/all/chemistry/yield/ecfp4/k5/p0f3/aggregate_cells,sensitivity,all,yield,ecfp4,0,3,aggregate_cells
amine,205,26,True,0.0076725104361073,0.0086911247554053,-0.1327615423635484,0.0797212089336718,test_e1n,primary,p0f3,0.509090909090909,0.1115324854919317,sensitivity/all/chemistry/yield/ecfp4/k5/p0f3/aggregate_cells,sensitivity,all,yield,ecfp4,0,3,aggregate_cells
amine,207,77,True,0.0559013225794285,0.0582295122507106,-0.0416482037249474,0.0867083437917994,test_e1n,primary,p0f3,0.2321428571428571,0.1219036994527444,sensitivity/all/chemistry/yield/ecfp4/k5/p0f3/aggregate_cells,sensitivity,all,yield,ecfp4,0,3,aggregate_cells
amine,210,33,True,0.1109973344761587,0.0753033265744637,0.3215753609773554,0.2963013325300629,test_e1n,primary,p0f3,0.5294117647058824,-0.0583859586791326,sensitivity/all/chemistry/yield/ecfp4/k5/p0f3/aggregate_cells,sensitivity,all,yield,ecfp4,0,3,aggregate_cells
amine,213,17,True,0.075892436086979,0.0464380336440816,0.3881072207135398,0.3339723883444118,test_e1n,primary,p0f3,0.2647058823529412,-0.0865543000829911,sensitivity/all/chemistry/yield/ecfp4/k5/p0f3/aggregate_cells,sensitivity,all,yield,ecfp4,0,3,aggregate_cells
amine,214,10,True,0.0641916811788776,0.0520701769781696,0.188832944987529,0.2650985739095721,test_e1n,primary,p0f3,0.25,-0.0356058735333244,sensitivity/all/chemistry/yield/ecfp4/k5/p0f3/aggregate_cells,sensitivity,all,yield,ecfp4,0,3,aggregate_cells
amine,221,34,True,0.0240813880232959,0.0147158926619861,0.3889101139954948,0.0,test_e1n,primary,p0f3,0.3541666666666667,0.1598110284807093,sensitivity/all/chemistry/yield/ecfp4/k5/p0f3/aggregate_cells,sensitivity,all,yield,ecfp4,0,3,aggregate_cells
amine,229,8,True,0.0568044299084607,0.063744759810322,-0.1221793777887658,0.0169369787742678,test_e1n,primary,p0f3,0.1830985915492957,0.0905224515804777,sensitivity/all/chemistry/yield/ecfp4/k5/p0f3/aggregate_cells,sensitivity,all,yield,ecfp4,0,3,aggregate_cells
acid,27,37,True,0.0498106114653792,0.01304880993012,0.7380315248852232,0.1332750008097574,test_e1a,primary,p0f4,0.4523809523809524,0.169116811080853,sensitivity/all/protocol/yield/ecfp4/k5/p0f4/encoding_protocol,sensitivity,all,yield,ecfp4,0,4,encoding_protocol
acid,28,55,True,0.0571876673410127,0.0439656658400736,0.2312037212865431,0.3651765671174934,test_e1a,primary,p0f4,0.603448275862069,0.0200897159985873,sensitivity/all/protocol/yield/ecfp4/k5/p0f4/encoding_protocol,sensitivity,all,yield,ecfp4,0,4,encoding_protocol
acid,39,27,True,0.0290058034322288,0.0299990492144115,-0.0342430019048913,0.3429964738217159,test_e1a,primary,p0f4,0.6481481481481481,-0.2381323551197729,sensitivity/all/protocol/yield/ecfp4/k5/p0f4/encoding_protocol,sensitivity,all,yield,ecfp4,0,4,encoding_protocol
acid,47,39,True,0.0850544543318698,0.0879458183256352,-0.0339942689242787,0.4296717563188645,test_e1a,primary,p0f4,0.5522388059701493,-0.1709218021285385,sensitivity/all/protocol/yield/ecfp4/k5/p0f4/encoding_protocol,sensitivity,all,yield,ecfp4,0,4,encoding_protocol
acid,49,36,True,0.0237204694908652,0.0238363692747008,-0.0048860661834779,0.3092825970681285,test_e1a,primary,p0f4,0.4736842105263157,0.0841950969267845,sensitivity/all/protocol/yield/ecfp4/k5/p0f4/encoding_protocol,sensitivity,all,yield,ecfp4,0,4,encoding_protocol
acid,55,8,True,0.0037235092638421,0.0032358408581884,0.1309701067187626,0.0,test_e1a,primary,p0f4,0.5384615384615384,-0.540063478784033,sensitivity/all/protocol/yield/ecfp4/k5/p0f4/encoding_protocol,sensitivity,all,yield,ecfp4,0,4,encoding_protocol
acid,58,92,True,0.0493245699130915,0.0449602299728015,0.0884820678209635,0.3231666575208617,test_e1a,primary,p0f4,0.3953488372093023,0.0275093194974618,sensitivity/all/protocol/yield/ecfp4/k5/p0f4/encoding_protocol,sensitivity,all,yield,ecfp4,0,4,encoding_protocol
acid,60,44,True,0.0558380209223062,0.0575369732240095,-0.0304264419411854,0.3169817897144421,test_e1a,primary,p0f4,0.3191489361702128,-0.0749152483761936,sensitivity/all/protocol/yield/ecfp4/k5/p0f4/encoding_protocol,sensitivity,all,yield,ecfp4,0,4,encoding_protocol
acid,65,12,True,0.0136762566038115,0.0135979458689362,0.0057260357964831,0.1322998141848027,test_e1a,primary,p0f4,0.6909090909090909,0.1542664797822928,sensitivity/all/protocol/yield/ecfp4/k5/p0f4/encoding_protocol,sensitivity,all,yield,ecfp4,0,4,encoding_protocol
acid,66,28,True,0.0802261570132748,0.0849671977771633,-0.0590959475112835,0.354868724216226,test_e1a,primary,p0f4,0.26,-0.0744309192482581,sensitivity/all/protocol/yield/ecfp4/k5/p0f4/encoding_protocol,sensitivity,all,yield,ecfp4,0,4,encoding_protocol
acid,74,2,False,0.0008192806145627,0.0057626255966049,-6.033762906351956,0.0,test_e1a,primary,p0f4,0.3018867924528302,-4.780671149045914,sensitivity/all/protocol/yield/ecfp4/k5/p0f4/encoding_protocol,sensitivity,all,yield,ecfp4,0,4,encoding_protocol
acid,88,3,True,0.0064845430891243,0.0011961770289655,0.8155341074112459,0.0,test_e1a,primary,p0f4,0.24,0.6664599636263782,sensitivity/all/protocol/yield/ecfp4/k5/p0f4/encoding_protocol,sensitivity,all,yield,ecfp4,0,4,encoding_protocol
acid,89,23,True,0.0246321227464588,0.017922362611001,0.2723987779909238,0.2965406791442816,test_e1a,primary,p0f4,0.2318840579710145,0.2064221364278476,sensitivity/all/protocol/yield/ecfp4/k5/p0f4/encoding_protocol,sensitivity,all,yield,ecfp4,0,4,encoding_protocol
acid,102,28,True,0.0672131685748751,0.0615871053965459,0.0837047753828441,0.3553755334689767,test_e1a,primary,p0f4,0.2692307692307692,0.0546672689372828,sensitivity/all/protocol/yield/ecfp4/k5/p0f4/encoding_protocol,sensitivity,all,yield,ecfp4,0,4,encoding_protocol
acid,104,2,False,0.0172534898786674,0.0179098145003408,-0.0380401081919559,0.1608667927199395,test_e1a,primary,p0f4,0.4857142857142857,-0.1071692229752132,sensitivity/all/protocol/yield/ecfp4/k5/p0f4/encoding_protocol,sensitivity,all,yield,ecfp4,0,4,encoding_protocol
acid,106,14,True,0.0967217006905565,0.1267087780847023,-0.3100346373156106,0.374682385348057,test_e1a,primary,p0f4,0.2702702702702703,-0.08752112557152,sensitivity/all/protocol/yield/ecfp4/k5/p0f4/encoding_protocol,sensitivity,all,yield,ecfp4,0,4,encoding_protocol
acid,108,13,True,0.0699524451579015,0.067544029908119,0.0344293218678207,0.386790080547907,test_e1a,primary,p0f4,0.65,-0.156521670815799,sensitivity/all/protocol/yield/ecfp4/k5/p0f4/encoding_protocol,sensitivity,all,yield,ecfp4,0,4,encoding_protocol
acid,119,12,True,0.0135363456289919,0.0188325071077406,-0.391254894334663,0.1451743298954951,test_e1a,primary,p0f4,0.5925925925925926,-0.2625099039757905,sensitivity/all/protocol/yield/ecfp4/k5/p0f4/encoding_protocol,sensitivity,all,yield,ecfp4,0,4,encoding_protocol
acid,128,33,True,0.0476676903966972,0.0406625974485014,0.1469568357497173,0.3638546424772848,test_e1a,primary,p0f4,0.6585365853658537,-0.1574060913820003,sensitivity/all/protocol/yield/ecfp4/k5/p0f4/encoding_protocol,sensitivity,all,yield,ecfp4,0,4,encoding_protocol
acid,130,10,True,0.065637712458458,0.0740180602777085,-0.1276758056514293,0.2470687535889555,test_e1a,primary,p0f4,0.5806451612903226,-0.0939592259776507,sensitivity/all/protocol/yield/ecfp4/k5/p0f4/encoding_protocol,sensitivity,all,yield,ecfp4,0,4,encoding_protocol
acid,143,12,True,0.0139703451676487,0.0131975074604979,0.055319872048715,0.0841531864392477,test_e1a,primary,p0f4,0.2258064516129032,0.1776102309264779,sensitivity/all/protocol/yield/ecfp4/k5/p0f4/encoding_protocol,sensitivity,all,yield,ecfp4,0,4,encoding_protocol
acid,144,50,True,0.0497093771314787,0.0489113653377007,0.0160535464298285,0.3267767257218135,test_e1a,primary,p0f4,0.2321428571428571,0.0372735175734493,sensitivity/all/protocol/yield/ecfp4/k5/p0f4/encoding_protocol,sensitivity,all,yield,ecfp4,0,4,encoding_protocol
acid,148,8,True,0.0360485209310073,0.0491296820977707,-0.362876501696123,0.2160646397989004,test_e1a,primary,p0f4,0.6896551724137931,-0.2469607989182007,sensitivity/all/protocol/yield/ecfp4/k5/p0f4/encoding_protocol,sensitivity,all,yield,ecfp4,0,4,encoding_protocol
acid,149,2,False,0.0090867895079787,0.0036183452616206,0.601801575964368,0.0,test_e1a,primary,p0f4,0.6551724137931034,-4.780671149045914,sensitivity/all/protocol/yield/ecfp4/k5/p0f4/encoding_protocol,sensitivity,all,yield,ecfp4,0,4,encoding_protocol
acid,155,31,True,0.1101889587206208,0.1329999982183147,-0.2070174703758689,0.4000355765630465,test_e1a,primary,p0f4,0.282051282051282,0.0017765070743336,sensitivity/all/protocol/yield/ecfp4/k5/p0f4/encoding_protocol,sensitivity,all,yield,ecfp4,0,4,encoding_protocol
acid,157,12,True,0.1574092812312208,0.1717956149765107,-0.091394444042709,0.4833541427077328,test_e1a,primary,p0f4,0.4222222222222222,-0.1119079347919753,sensitivity/all/protocol/yield/ecfp4/k5/p0f4/encoding_protocol,sensitivity,all,yield,ecfp4,0,4,encoding_protocol
acid,173,6,True,0.0066124192633947,0.0153038756455425,-1.3144139891827704,0.1045115623587489,test_e1a,primary,p0f4,0.5925925925925926,-0.7406254738699016,sensitivity/all/protocol/yield/ecfp4/k5/p0f4/encoding_protocol,sensitivity,all,yield,ecfp4,0,4,encoding_protocol
acid,174,38,True,0.0257899539766752,0.016265277732598,0.3693173028804717,0.4034050179225142,test_e1a,primary,p0f4,0.72,-0.2659375447799528,sensitivity/all/protocol/yield/ecfp4/k5/p0f4/encoding_protocol,sensitivity,all,yield,ecfp4,0,4,encoding_protocol
acid,182,38,True,0.0285079098772021,0.0218143473253604,0.234796678559538,0.4023340726789204,test_e1a,primary,p0f4,0.7254901960784313,-0.2767126645203774,sensitivity/all/protocol/yield/ecfp4/k5/p0f4/encoding_protocol,sensitivity,all,yield,ecfp4,0,4,encoding_protocol
acid,193,2,False,0.0075254584528995,0.0012253709133687,0.837169931767193,0.0,test_e1a,primary,p0f4,0.1666666666666666,0.9744064900310168,sensitivity/all/protocol/yield/ecfp4/k5/p0f4/encoding_protocol,sensitivity,all,yield,ecfp4,0,4,encoding_protocol
acid,194,16,True,0.0038529139172648,0.0067657811554002,-0.7560166929977079,0.0897020380203259,test_e1a,primary,p0f4,0.3783783783783784,-0.4776087658380696,sensitivity/all/protocol/yield/ecfp4/k5/p0f4/encoding_protocol,sensitivity,all,yield,ecfp4,0,4,encoding_protocol
acid,195,34,True,0.020714951705027,0.0276688642538604,-0.3356953300135292,0.3336833866708185,test_e1a,primary,p0f4,0.3636363636363636,-0.0769746483901197,sensitivity/all/protocol/yield/ecfp4/k5/p0f4/encoding_protocol,sensitivity,all,yield,ecfp4,0,4,encoding_protocol
acid,209,6,True,0.002805106927929,0.0003762582531314,0.865866698561401,0.0,test_e1a,primary,p0f4,0.4444444444444444,-0.1042610692985304,sensitivity/all/protocol/yield/ecfp4/k5/p0f4/encoding_protocol,sensitivity,all,yield,ecfp4,0,4,encoding_protocol
acid,210,20,True,0.0051054884285784,0.0100110700706223,-0.96084472830933,0.1997354213110828,test_e1a,primary,p0f4,0.3541666666666667,-0.0190464419951812,sensitivity/all/protocol/yield/ecfp4/k5/p0f4/encoding_protocol,sensitivity,all,yield,ecfp4,0,4,encoding_protocol
acid,212,14,True,0.0046819288328595,0.0029033522335901,0.3798811692280823,0.0802811789419393,test_e1a,primary,p0f4,0.3142857142857143,-0.370550794424177,sensitivity/all/protocol/yield/ecfp4/k5/p0f4/encoding_protocol,sensitivity,all,yield,ecfp4,0,4,encoding_protocol
acid,215,64,True,0.0525499022435171,0.0518454830194252,0.0134047675450957,0.3278880070635266,test_e1a,primary,p0f4,0.1875,-0.0150921261500616,sensitivity/all/protocol/yield/ecfp4/k5/p0f4/encoding_protocol,sensitivity,all,yield,ecfp4,0,4,encoding_protocol
acid,219,80,True,0.0737594052081084,0.080584708983367,-0.092534691081108,0.1939638863970966,test_e1a,primary,p0f4,0.1833333333333333,-0.1159259560038039,sensitivity/all/protocol/yield/ecfp4/k5/p0f4/encoding_protocol,sensitivity,all,yield,ecfp4,0,4,encoding_protocol
acid,220,64,True,0.1153014913003939,0.1525771892116132,-0.3232889487448622,0.0979204941501173,test_e1a,primary,p0f4,0.2622950819672131,-0.0577108691823515,sensitivity/all/protocol/yield/ecfp4/k5/p0f4/encoding_protocol,sensitivity,all,yield,ecfp4,0,4,encoding_protocol
acid,223,13,True,0.0938103344380697,0.0978152371528455,-0.0426914874439519,0.2617114963231312,test_e1a,primary,p0f4,0.625,-0.1901171114304509,sensitivity/all/protocol/yield/ecfp4/k5/p0f4/encoding_protocol,sensitivity,all,yield,ecfp4,0,4,encoding_protocol
acid,232,11,True,0.1507016885985905,0.1889842574011025,-0.2540287979418838,0.4183564767472396,test_e1a,primary,p0f4,0.3695652173913043,-0.1193978158662503,sensitivity/all/protocol/yield/ecfp4/k5/p0f4/encoding_protocol,sensitivity,all,yield,ecfp4,0,4,encoding_protocol
acid,235,9,True,0.0021849973161403,0.0017596480582731,0.1946680916837758,0.0,test_e1a,primary,p0f4,0.375,-0.201941626022823,sensitivity/all/protocol/yield/ecfp4/k5/p0f4/encoding_protocol,sensitivity,all,yield,ecfp4,0,4,encoding_protocol
acid,239,7,True,0.0799227564202386,0.1014147007911697,-0.2689089482590554,0.4424742360000292,test_e1a,primary,p0f4,0.4210526315789473,-0.1344879058361918,sensitivity/all/protocol/yield/ecfp4/k5/p0f4/encoding_protocol,sensitivity,all,yield,ecfp4,0,4,encoding_protocol
acid,240,46,True,0.0418751868228943,0.0361583540480801,0.136520770617522,0.3486292393869963,test_e1a,primary,p0f4,0.6363636363636364,0.0257376510759966,sensitivity/all/protocol/yield/ecfp4/k5/p0f4/encoding_protocol,sensitivity,all,yield,ecfp4,0,4,encoding_protocol
acid,241,97,True,0.0388658039656693,0.0487318399531659,-0.2538487559966951,0.3115840904800694,test_e1a,primary,p0f4,0.3265306122448979,0.0984301841052249,sensitivity/all/protocol/yield/ecfp4/k5/p0f4/encoding_protocol,sensitivity,all,yield,ecfp4,0,4,encoding_protocol
acid,244,16,True,0.0100468251786673,0.0158154025428999,-0.5741691789841352,0.1556699616442855,test_e1a,primary,p0f4,0.3137254901960784,-0.1422175372929865,sensitivity/all/protocol/yield/ecfp4/k5/p0f4/encoding_protocol,sensitivity,all,yield,ecfp4,0,4,encoding_protocol
acid,245,19,True,0.0880922698467563,0.0751243390426665,0.1472084988461369,0.3458860320871348,test_e1a,primary,p0f4,0.3584905660377358,0.0118154463955268,sensitivity/all/protocol/yield/ecfp4/k5/p0f4/encoding_protocol,sensitivity,all,yield,ecfp4,0,4,encoding_protocol
acid,252,12,True,0.0189222186714578,0.0207219080666341,-0.0951098508279553,0.1886234022564217,test_e1a,primary,p0f4,0.3947368421052631,0.1466254024988456,sensitivity/all/protocol/yield/ecfp4/k5/p0f4/encoding_protocol,sensitivity,all,yield,ecfp4,0,4,encoding_protocol
acid,254,2,False,0.0006414050299877,0.0051034778888278,-6.956716349613633,0.0,test_e1a,primary,p0f4,0.76,-4.780671149045914,sensitivity/all/protocol/yield/ecfp4/k5/p0f4/encoding_protocol,sensitivity,all,yield,ecfp4,0,4,encoding_protocol
acid,261,12,True,0.2536363858488792,0.2718370212480344,-0.0717587712750309,0.3891113748600194,test_e1a,primary,p0f4,0.3939393939393939,-0.1362267467393447,sensitivity/all/protocol/yield/ecfp4/k5/p0f4/encoding_protocol,sensitivity,all,yield,ecfp4,0,4,encoding_protocol
acid,262,108,True,0.0525562606021565,0.0587241557980785,-0.1173579536529829,0.2859364743053591,test_e1a,primary,p0f4,0.3421052631578947,-0.0794142702688112,sensitivity/all/protocol/yield/ecfp4/k5/p0f4/encoding_protocol,sensitivity,all,yield,ecfp4,0,4,encoding_protocol
acid,266,25,True,0.0416898455664567,0.0442303342828514,-0.0609378298690264,0.3379862453808833,test_e1a,primary,p0f4,0.391304347826087,-0.2102310602239392,sensitivity/all/protocol/yield/ecfp4/k5/p0f4/encoding_protocol,sensitivity,all,yield,ecfp4,0,4,encoding_protocol
amine,0,8,True,0.0186359645810954,0.009558535966663,0.4870919653732716,0.0,test_e1n,primary,p0f4,0.1818181818181818,0.2031923413189991,sensitivity/all/protocol/yield/ecfp4/k5/p0f4/encoding_protocol,sensitivity,all,yield,ecfp4,0,4,encoding_protocol
amine,14,8,True,0.014006179193268,0.0041893909316153,0.7008898091473086,0.0,test_e1n,primary,p0f4,0.1860465116279069,0.2031923469270699,sensitivity/all/protocol/yield/ecfp4/k5/p0f4/encoding_protocol,sensitivity,all,yield,ecfp4,0,4,encoding_protocol
amine,23,8,True,0.0826727861653032,0.0851860144020495,-0.0303997041024011,0.3129568474931602,test_e1n,primary,p0f4,0.1666666666666666,-0.0683113011051956,sensitivity/all/protocol/yield/ecfp4/k5/p0f4/encoding_protocol,sensitivity,all,yield,ecfp4,0,4,encoding_protocol
amine,32,56,True,0.0217240798160081,0.0098743217533911,0.5454665128731977,0.0122580446683355,test_e1n,primary,p0f4,0.25,0.2589160775620036,sensitivity/all/protocol/yield/ecfp4/k5/p0f4/encoding_protocol,sensitivity,all,yield,ecfp4,0,4,encoding_protocol
amine,40,47,True,0.0093315913876345,0.001092953763336,0.8828759513854945,0.010880730066108,test_e1n,primary,p0f4,0.3809523809523809,0.2587304864866314,sensitivity/all/protocol/yield/ecfp4/k5/p0f4/encoding_protocol,sensitivity,all,yield,ecfp4,0,4,encoding_protocol
amine,42,4,True,0.0281581340322436,0.046513037799972,-0.6518508558383285,0.0,test_e1n,primary,p0f4,0.2444444444444444,0.2365987957335158,sensitivity/all/protocol/yield/ecfp4/k5/p0f4/encoding_protocol,sensitivity,all,yield,ecfp4,0,4,encoding_protocol
amine,47,30,True,0.0094551060584685,0.008683289143282,0.0816296412133051,0.0684653196881457,test_e1n,primary,p0f4,0.2857142857142857,0.2266029662257997,sensitivity/all/protocol/yield/ecfp4/k5/p0f4/encoding_protocol,sensitivity,all,yield,ecfp4,0,4,encoding_protocol
amine,50,94,True,0.0205138154559618,0.0070395036607283,0.6568408409522601,0.0260209649429784,test_e1n,primary,p0f4,0.196078431372549,0.2497525867923767,sensitivity/all/protocol/yield/ecfp4/k5/p0f4/encoding_protocol,sensitivity,all,yield,ecfp4,0,4,encoding_protocol
amine,51,49,True,0.020079469490447,0.0052432780566028,0.7388736759655259,0.0232482941368202,test_e1n,primary,p0f4,0.5789473684210527,0.2640781555289335,sensitivity/all/protocol/yield/ecfp4/k5/p0f4/encoding_protocol,sensitivity,all,yield,ecfp4,0,4,encoding_protocol
amine,53,18,True,0.1006798927943124,0.0939761017564477,0.0665852023855493,0.0,test_e1n,primary,p0f4,0.7647058823529411,0.2453017004125887,sensitivity/all/protocol/yield/ecfp4/k5/p0f4/encoding_protocol,sensitivity,all,yield,ecfp4,0,4,encoding_protocol
amine,56,8,True,0.0017946433672797,0.0055440660875369,-2.089229976616695,0.0,test_e1n,primary,p0f4,0.2105263157894736,0.2031923413189991,sensitivity/all/protocol/yield/ecfp4/k5/p0f4/encoding_protocol,sensitivity,all,yield,ecfp4,0,4,encoding_protocol
amine,68,37,True,0.0239634711173614,0.0051540867193336,0.7849190255413585,0.0108139153762994,test_e1n,primary,p0f4,0.296875,0.2399357351332235,sensitivity/all/protocol/yield/ecfp4/k5/p0f4/encoding_protocol,sensitivity,all,yield,ecfp4,0,4,encoding_protocol
amine,70,8,True,0.0236215519803697,0.0064245988706749,0.7280196120892475,0.0,test_e1n,primary,p0f4,0.2244897959183673,0.2031923469270699,sensitivity/all/protocol/yield/ecfp4/k5/p0f4/encoding_protocol,sensitivity,all,yield,ecfp4,0,4,encoding_protocol
amine,73,97,True,0.0657670653646373,0.0599036274172766,0.0891546234403429,0.0916844031848991,test_e1n,primary,p0f4,0.2207792207792207,0.2410648139269481,sensitivity/all/protocol/yield/ecfp4/k5/p0f4/encoding_protocol,sensitivity,all,yield,ecfp4,0,4,encoding_protocol
amine,74,41,True,0.0507337650343445,0.045893992159571,0.0953954998509807,0.1923275570985921,test_e1n,primary,p0f4,0.3243243243243243,0.1524709747846852,sensitivity/all/protocol/yield/ecfp4/k5/p0f4/encoding_protocol,sensitivity,all,yield,ecfp4,0,4,encoding_protocol
amine,81,56,True,0.0205299834696583,0.0170298992241998,0.17048646194145,0.0166049819429192,test_e1n,primary,p0f4,0.5370370370370371,0.2592423247479181,sensitivity/all/protocol/yield/ecfp4/k5/p0f4/encoding_protocol,sensitivity,all,yield,ecfp4,0,4,encoding_protocol
amine,91,15,True,0.1355189188544665,0.1591991583306562,-0.1747375176569987,0.2610956137582734,test_e1n,primary,p0f4,0.2127659574468085,-0.1963983702635292,sensitivity/all/protocol/yield/ecfp4/k5/p0f4/encoding_protocol,sensitivity,all,yield,ecfp4,0,4,encoding_protocol
amine,93,8,True,0.286561106034615,0.3032665687518347,-0.0582963366815094,0.2994971213789637,test_e1n,primary,p0f4,0.2045454545454545,-0.1091654813724278,sensitivity/all/protocol/yield/ecfp4/k5/p0f4/encoding_protocol,sensitivity,all,yield,ecfp4,0,4,encoding_protocol
amine,102,12,True,0.0804824453207795,0.0858299076035815,-0.0664425920644995,0.2879666125165249,test_e1n,primary,p0f4,0.2115384615384615,0.0498420961518072,sensitivity/all/protocol/yield/ecfp4/k5/p0f4/encoding_protocol,sensitivity,all,yield,ecfp4,0,4,encoding_protocol
amine,108,22,True,0.0818636330562162,0.0768392667002535,0.0613748274830715,0.2340281828960144,test_e1n,primary,p0f4,0.1714285714285714,-0.1972244282661839,sensitivity/all/protocol/yield/ecfp4/k5/p0f4/encoding_protocol,sensitivity,all,yield,ecfp4,0,4,encoding_protocol
amine,109,7,True,0.0150839942194444,0.0049921066060554,0.6690461071895535,0.0062742102519531,test_e1n,primary,p0f4,0.2,0.1950778179446423,sensitivity/all/protocol/yield/ecfp4/k5/p0f4/encoding_protocol,sensitivity,all,yield,ecfp4,0,4,encoding_protocol
amine,110,8,True,0.0198869307054994,0.0137618137736519,0.3079970973174668,0.0656778012073224,test_e1n,primary,p0f4,0.1733333333333333,0.2342783415063203,sensitivity/all/protocol/yield/ecfp4/k5/p0f4/encoding_protocol,sensitivity,all,yield,ecfp4,0,4,encoding_protocol
amine,114,8,True,0.211012680928087,0.1993739003707105,0.0551567825506325,0.3951911415920872,test_e1n,primary,p0f4,0.1636363636363636,-0.1256247717665635,sensitivity/all/protocol/yield/ecfp4/k5/p0f4/encoding_protocol,sensitivity,all,yield,ecfp4,0,4,encoding_protocol
amine,117,22,True,0.2807609730444685,0.2987053438519152,-0.0639133374302864,0.1471526504432303,test_e1n,primary,p0f4,0.4285714285714285,-0.1422664353204832,sensitivity/all/protocol/yield/ecfp4/k5/p0f4/encoding_protocol,sensitivity,all,yield,ecfp4,0,4,encoding_protocol
amine,120,36,True,0.0714145723048793,0.068350708947315,0.0429024953686516,0.2756655699292975,test_e1n,primary,p0f4,0.1304347826086956,-0.0780080371943923,sensitivity/all/protocol/yield/ecfp4/k5/p0f4/encoding_protocol,sensitivity,all,yield,ecfp4,0,4,encoding_protocol
amine,123,27,True,0.0219468360686706,0.0193970581044375,0.11617975166238,0.1007204852740799,test_e1n,primary,p0f4,0.3478260869565217,0.1603075895191886,sensitivity/all/protocol/yield/ecfp4/k5/p0f4/encoding_protocol,sensitivity,all,yield,ecfp4,0,4,encoding_protocol
amine,143,8,True,0.0684940189547829,0.0464349774355745,0.3220579235359352,0.0,test_e1n,primary,p0f4,0.1702127659574468,0.2031923469270699,sensitivity/all/protocol/yield/ecfp4/k5/p0f4/encoding_protocol,sensitivity,all,yield,ecfp4,0,4,encoding_protocol
amine,151,8,True,0.0553514690163789,0.0559416621006198,-0.0106626453593536,0.1197700057848971,test_e1n,primary,p0f4,0.1842105263157894,0.158900841596514,sensitivity/all/protocol/yield/ecfp4/k5/p0f4/encoding_protocol,sensitivity,all,yield,ecfp4,0,4,encoding_protocol
amine,154,73,True,0.0523668506771741,0.0564114359912502,-0.0772356034738419,0.2309398250887541,test_e1n,primary,p0f4,0.3,0.0480497521072498,sensitivity/all/protocol/yield/ecfp4/k5/p0f4/encoding_protocol,sensitivity,all,yield,ecfp4,0,4,encoding_protocol
amine,156,60,True,0.0363205480001141,0.0230523121009242,0.3653093532385065,0.1471923308844127,test_e1n,primary,p0f4,0.1451612903225806,0.16764871242049,sensitivity/all/protocol/yield/ecfp4/k5/p0f4/encoding_protocol,sensitivity,all,yield,ecfp4,0,4,encoding_protocol
amine,164,4,True,0.0676252673462136,0.074859646179815,-0.1069774526223221,0.0,test_e1n,primary,p0f4,0.1666666666666666,0.2441448180705742,sensitivity/all/protocol/yield/ecfp4/k5/p0f4/encoding_protocol,sensitivity,all,yield,ecfp4,0,4,encoding_protocol
amine,169,51,True,0.1423249503982546,0.1377262932936614,0.0323109693116018,0.3741667099034867,test_e1n,primary,p0f4,0.1785714285714285,-0.1272086971481609,sensitivity/all/protocol/yield/ecfp4/k5/p0f4/encoding_protocol,sensitivity,all,yield,ecfp4,0,4,encoding_protocol
amine,170,30,True,0.2839667704301181,0.2931150816532691,-0.0322161329274348,0.3061091377946423,test_e1n,primary,p0f4,0.3125,-0.1496356335307587,sensitivity/all/protocol/yield/ecfp4/k5/p0f4/encoding_protocol,sensitivity,all,yield,ecfp4,0,4,encoding_protocol
amine,171,7,True,0.0832149276306122,0.0703898349579649,0.1541200964516539,0.1581714034114348,test_e1n,primary,p0f4,0.2142857142857142,-0.1595205160310258,sensitivity/all/protocol/yield/ecfp4/k5/p0f4/encoding_protocol,sensitivity,all,yield,ecfp4,0,4,encoding_protocol
amine,172,71,True,0.1044166788364928,0.0992013530063628,0.0499472487369254,0.3609233654926643,test_e1n,primary,p0f4,0.2592592592592592,-0.0647454600518786,sensitivity/all/protocol/yield/ecfp4/k5/p0f4/encoding_protocol,sensitivity,all,yield,ecfp4,0,4,encoding_protocol
amine,178,67,True,0.0185289561832048,0.0179033445773529,0.0337639961833867,0.1028437996575213,test_e1n,primary,p0f4,0.3043478260869565,0.1938260597755805,sensitivity/all/protocol/yield/ecfp4/k5/p0f4/encoding_protocol,sensitivity,all,yield,ecfp4,0,4,encoding_protocol
amine,189,55,True,0.0382999873184789,0.0390654227221117,-0.0199852651978176,0.2306908593315404,test_e1n,primary,p0f4,0.25,-0.008825575527912,sensitivity/all/protocol/yield/ecfp4/k5/p0f4/encoding_protocol,sensitivity,all,yield,ecfp4,0,4,encoding_protocol
amine,192,84,True,0.0548201167091817,0.0521676693793,0.048384561892723,0.1765166511683859,test_e1n,primary,p0f4,0.2558139534883721,0.078758910582266,sensitivity/all/protocol/yield/ecfp4/k5/p0f4/encoding_protocol,sensitivity,all,yield,ecfp4,0,4,encoding_protocol
amine,194,8,True,0.0820540300406359,0.0755935249643821,0.0787347687012375,0.0038183766184073,test_e1n,primary,p0f4,0.1666666666666666,0.2038172767789815,sensitivity/all/protocol/yield/ecfp4/k5/p0f4/encoding_protocol,sensitivity,all,yield,ecfp4,0,4,encoding_protocol
amine,200,5,True,0.0162246098382243,0.0009957444968753,0.938627522830816,0.0,test_e1n,primary,p0f4,0.275,0.3476058811690073,sensitivity/all/protocol/yield/ecfp4/k5/p0f4/encoding_protocol,sensitivity,all,yield,ecfp4,0,4,encoding_protocol
amine,201,8,True,0.0085246101722191,0.015563407267642,-0.8257031058571502,0.1125392122138514,test_e1n,primary,p0f4,0.1538461538461538,0.2037165970022528,sensitivity/all/protocol/yield/ecfp4/k5/p0f4/encoding_protocol,sensitivity,all,yield,ecfp4,0,4,encoding_protocol
amine,206,8,True,0.0447230902806106,0.0321088182893982,0.2820527810593004,0.0489964940436703,test_e1n,primary,p0f4,0.2222222222222222,0.2201241131727803,sensitivity/all/protocol/yield/ecfp4/k5/p0f4/encoding_protocol,sensitivity,all,yield,ecfp4,0,4,encoding_protocol
amine,210,37,True,0.1309834279802067,0.0921945389320469,0.2961358520409264,0.2991606717259264,test_e1n,primary,p0f4,0.3571428571428571,-0.1061416551828735,sensitivity/all/protocol/yield/ecfp4/k5/p0f4/encoding_protocol,sensitivity,all,yield,ecfp4,0,4,encoding_protocol
amine,211,41,True,0.1962982204999428,0.1970982644196013,-0.0040756554879657,0.3557418074232778,test_e1n,primary,p0f4,0.5945945945945946,-0.1131628202623455,sensitivity/all/protocol/yield/ecfp4/k5/p0f4/encoding_protocol,sensitivity,all,yield,ecfp4,0,4,encoding_protocol
amine,217,8,True,0.1415688818313571,0.1344363066132254,0.0503823659964224,0.4049894134418824,test_e1n,primary,p0f4,0.1481481481481481,-0.0821066899841482,sensitivity/all/protocol/yield/ecfp4/k5/p0f4/encoding_protocol,sensitivity,all,yield,ecfp4,0,4,encoding_protocol
amine,221,38,True,0.0337328748323277,0.0127952147254958,0.6206900600943276,0.0,test_e1n,primary,p0f4,0.3095238095238095,0.2373829230707699,sensitivity/all/protocol/yield/ecfp4/k5/p0f4/encoding_protocol,sensitivity,all,yield,ecfp4,0,4,encoding_protocol
acid,1,4,True,0.0060723372506634,0.0101489920345209,-0.6713485459675559,0.0,test_e1a,primary,p0f3,0.3116883116883117,0.2747954902236328,sensitivity/all/chemistry/yield/ecfp4/k5/p0f3/classical_amines,sensitivity,all,yield,ecfp4,0,3,classical_amines
acid,2,63,True,0.0536573515689743,0.0397421456361524,0.2593345650862855,0.2020542539547699,test_e1a,primary,p0f3,0.4225352112676056,-0.1080978764810705,sensitivity/all/chemistry/yield/ecfp4/k5/p0f3/classical_amines,sensitivity,all,yield,ecfp4,0,3,classical_amines
acid,6,36,True,0.0798232021877957,0.0781690990661233,0.0207220842604244,0.3518093821334827,test_e1a,primary,p0f3,0.4318181818181818,0.0285926302839497,sensitivity/all/chemistry/yield/ecfp4/k5/p0f3/classical_amines,sensitivity,all,yield,ecfp4,0,3,classical_amines
acid,10,26,True,0.0453592255506338,0.0456661571629866,-0.0067666854675489,0.3129574132984575,test_e1a,primary,p0f3,0.3725490196078431,0.0267083744173808,sensitivity/all/chemistry/yield/ecfp4/k5/p0f3/classical_amines,sensitivity,all,yield,ecfp4,0,3,classical_amines
acid,15,19,True,0.0481824421162699,0.0459945316003831,0.0454088755112724,0.1256275605773199,test_e1a,primary,p0f3,0.6666666666666666,0.0220915338693472,sensitivity/all/chemistry/yield/ecfp4/k5/p0f3/classical_amines,sensitivity,all,yield,ecfp4,0,3,classical_amines
acid,21,18,True,0.1598395653784924,0.1452751434058709,0.091119003846974,0.3681560259959412,test_e1a,primary,p0f3,0.4814814814814814,0.0378583142575355,sensitivity/all/chemistry/yield/ecfp4/k5/p0f3/classical_amines,sensitivity,all,yield,ecfp4,0,3,classical_amines
acid,33,12,True,0.1171893384877309,0.0963002034707796,0.1782511556641159,0.3418315945244844,test_e1a,primary,p0f3,0.5686274509803921,0.0874991468216336,sensitivity/all/chemistry/yield/ecfp4/k5/p0f3/classical_amines,sensitivity,all,yield,ecfp4,0,3,classical_amines
acid,36,29,True,0.0268404046421053,0.0237986304452017,0.1133281795659635,0.3205158214088643,test_e1a,primary,p0f3,0.375,0.1836871690526803,sensitivity/all/chemistry/yield/ecfp4/k5/p0f3/classical_amines,sensitivity,all,yield,ecfp4,0,3,classical_amines
acid,37,20,True,0.0265408956643071,0.0193299940139688,0.2716902150380607,0.3106337560451807,test_e1a,primary,p0f3,0.5294117647058824,0.1104047100971535,sensitivity/all/chemistry/yield/ecfp4/k5/p0f3/classical_amines,sensitivity,all,yield,ecfp4,0,3,classical_amines
acid,41,6,True,0.011364083432669,0.0040479583276526,0.6437936810622409,0.0,test_e1a,primary,p0f3,0.6521739130434783,0.6683755182537877,sensitivity/all/chemistry/yield/ecfp4/k5/p0f3/classical_amines,sensitivity,all,yield,ecfp4,0,3,classical_amines
acid,44,20,True,0.0112916053709725,0.0134010726346393,-0.186817303152446,0.2914831178644828,test_e1a,primary,p0f3,0.6875,0.0617525228379501,sensitivity/all/chemistry/yield/ecfp4/k5/p0f3/classical_amines,sensitivity,all,yield,ecfp4,0,3,classical_amines
acid,50,4,True,0.0142510663629905,0.0095055279483998,0.3329953207511975,0.0059499999999999,test_e1a,primary,p0f3,0.4893617021276595,0.4150794565240054,sensitivity/all/chemistry/yield/ecfp4/k5/p0f3/classical_amines,sensitivity,all,yield,ecfp4,0,3,classical_amines
acid,53,9,True,0.0862544576596556,0.0637308468990494,0.2611298171913644,0.3871367968101772,test_e1a,primary,p0f3,0.6666666666666666,0.2003817433428167,sensitivity/all/chemistry/yield/ecfp4/k5/p0f3/classical_amines,sensitivity,all,yield,ecfp4,0,3,classical_amines
acid,59,63,True,0.0435638519125236,0.0358063320181369,0.1780724053043761,0.3118025354715257,test_e1a,primary,p0f3,0.5,0.0722615223822564,sensitivity/all/chemistry/yield/ecfp4/k5/p0f3/classical_amines,sensitivity,all,yield,ecfp4,0,3,classical_amines
acid,75,2,False,0.0008114612262392,0.0001724041739947,0.7875386174718589,0.0,test_e1a,primary,p0f3,0.2121212121212121,-0.6105706811885561,sensitivity/all/chemistry/yield/ecfp4/k5/p0f3/classical_amines,sensitivity,all,yield,ecfp4,0,3,classical_amines
acid,76,30,True,0.0332558241290283,0.015946795757104,0.5204811134665464,0.3741631763552232,test_e1a,primary,p0f3,0.7111111111111111,0.2494846759224237,sensitivity/all/chemistry/yield/ecfp4/k5/p0f3/classical_amines,sensitivity,all,yield,ecfp4,0,3,classical_amines
acid,81,27,True,0.0353600382293566,0.0224267172079247,0.3657609456625074,0.0917431863993847,test_e1a,primary,p0f3,0.3555555555555555,-0.0447163959632681,sensitivity/all/chemistry/yield/ecfp4/k5/p0f3/classical_amines,sensitivity,all,yield,ecfp4,0,3,classical_amines
acid,83,2,False,0.0004471871361357,0.0018941204692622,-3.235632727787812,0.0424264068711928,test_e1a,primary,p0f3,0.4375,-1.2058646423410178,sensitivity/all/chemistry/yield/ecfp4/k5/p0f3/classical_amines,sensitivity,all,yield,ecfp4,0,3,classical_amines
acid,91,2,False,3.179942106259157e-05,0.0006270325085419,-18.71836239747045,0.0,test_e1a,primary,p0f3,0.4615384615384615,0.5935505237423188,sensitivity/all/chemistry/yield/ecfp4/k5/p0f3/classical_amines,sensitivity,all,yield,ecfp4,0,3,classical_amines
acid,107,8,True,0.0023434007514549,0.0016837445920229,0.2814952410604512,0.046936918153137,test_e1a,primary,p0f3,0.375,0.236609352026611,sensitivity/all/chemistry/yield/ecfp4/k5/p0f3/classical_amines,sensitivity,all,yield,ecfp4,0,3,classical_amines
acid,111,12,True,0.1529488930690191,0.1467175734518226,0.0407411880672105,0.3763489293075099,test_e1a,primary,p0f3,0.2325581395348837,0.0167946787535561,sensitivity/all/chemistry/yield/ecfp4/k5/p0f3/classical_amines,sensitivity,all,yield,ecfp4,0,3,classical_amines
acid,114,48,True,0.0600609698391222,0.0523868516572367,0.1277721322589566,0.3614666769940594,test_e1a,primary,p0f3,0.3846153846153846,0.0188567347090006,sensitivity/all/chemistry/yield/ecfp4/k5/p0f3/classical_amines,sensitivity,all,yield,ecfp4,0,3,classical_amines
acid,120,14,True,0.1026134872878637,0.1050335222166903,-0.0235839848424368,0.3696989985183818,test_e1a,primary,p0f3,0.3513513513513513,-0.0627074965167935,sensitivity/all/chemistry/yield/ecfp4/k5/p0f3/classical_amines,sensitivity,all,yield,ecfp4,0,3,classical_amines
acid,123,4,True,0.113276455374153,0.0910744578228529,0.1959983429739811,0.4040599831708159,test_e1a,primary,p0f3,0.7058823529411765,0.1314066974595096,sensitivity/all/chemistry/yield/ecfp4/k5/p0f3/classical_amines,sensitivity,all,yield,ecfp4,0,3,classical_amines
acid,132,8,True,0.0400202599745891,0.036524824603615,0.0873416457862474,0.24494178900302,test_e1a,primary,p0f3,0.7692307692307693,0.1140163627888011,sensitivity/all/chemistry/yield/ecfp4/k5/p0f3/classical_amines,sensitivity,all,yield,ecfp4,0,3,classical_amines
acid,135,2,False,0.0003719656527914,0.001482747811664,-2.9862492693520477,0.0,test_e1a,primary,p0f3,0.4193548387096774,-0.6105706811885561,sensitivity/all/chemistry/yield/ecfp4/k5/p0f3/classical_amines,sensitivity,all,yield,ecfp4,0,3,classical_amines
acid,136,4,True,0.0049223049535083,0.0064836617667581,-0.3172003417092026,0.0,test_e1a,primary,p0f3,0.5833333333333334,0.4122883532647396,sensitivity/all/chemistry/yield/ecfp4/k5/p0f3/classical_amines,sensitivity,all,yield,ecfp4,0,3,classical_amines
acid,137,6,True,0.0328945563199801,0.0361091007920838,-0.0977226882416146,0.1963991895774182,test_e1a,primary,p0f3,0.5490196078431373,-0.1504864688018272,sensitivity/all/chemistry/yield/ecfp4/k5/p0f3/classical_amines,sensitivity,all,yield,ecfp4,0,3,classical_amines
acid,140,24,True,0.0209271113353361,0.0191962904193531,0.0827071108022662,0.3072868215633754,test_e1a,primary,p0f3,0.5434782608695652,0.0532490433227659,sensitivity/all/chemistry/yield/ecfp4/k5/p0f3/classical_amines,sensitivity,all,yield,ecfp4,0,3,classical_amines
acid,141,22,True,0.0164093686329725,0.0135398299497818,0.1748719738933004,0.2961021071474211,test_e1a,primary,p0f3,0.4102564102564102,0.0589043634076112,sensitivity/all/chemistry/yield/ecfp4/k5/p0f3/classical_amines,sensitivity,all,yield,ecfp4,0,3,classical_amines
acid,145,47,True,0.0513570531779516,0.0478477516677964,0.0683314421876087,0.331298093871328,test_e1a,primary,p0f3,0.3,0.067345452081307,sensitivity/all/chemistry/yield/ecfp4/k5/p0f3/classical_amines,sensitivity,all,yield,ecfp4,0,3,classical_amines
acid,148,6,True,0.0340071374933432,0.0413980899377183,-0.2173353298501481,0.2441652445919907,test_e1a,primary,p0f3,0.6896551724137931,-0.3586133968289178,sensitivity/all/chemistry/yield/ecfp4/k5/p0f3/classical_amines,sensitivity,all,yield,ecfp4,0,3,classical_amines
acid,150,33,True,0.0731052353749598,0.0402813365760137,0.4489951866045016,0.4240163041819515,test_e1a,primary,p0f3,0.5714285714285714,0.2229396159875039,sensitivity/all/chemistry/yield/ecfp4/k5/p0f3/classical_amines,sensitivity,all,yield,ecfp4,0,3,classical_amines
acid,154,54,True,0.0235942033432627,0.0215185838713325,0.0879715852971504,0.3036938858912751,test_e1a,primary,p0f3,0.234375,-0.055832485709661,sensitivity/all/chemistry/yield/ecfp4/k5/p0f3/classical_amines,sensitivity,all,yield,ecfp4,0,3,classical_amines
acid,156,5,True,0.0150313469203454,0.0355971804756909,-1.368196320950386,0.0,test_e1a,primary,p0f3,0.3157894736842105,-0.792094092208623,sensitivity/all/chemistry/yield/ecfp4/k5/p0f3/classical_amines,sensitivity,all,yield,ecfp4,0,3,classical_amines
acid,158,16,True,0.0625051108813641,0.0332595340456775,0.4678909680073243,0.1394832074719629,test_e1a,primary,p0f3,0.2894736842105263,-0.3284472733659667,sensitivity/all/chemistry/yield/ecfp4/k5/p0f3/classical_amines,sensitivity,all,yield,ecfp4,0,3,classical_amines
acid,159,20,True,0.0697603959045179,0.0932988180010201,-0.3374181265931968,0.3868144751482427,test_e1a,primary,p0f3,0.4,0.0890007472681438,sensitivity/all/chemistry/yield/ecfp4/k5/p0f3/classical_amines,sensitivity,all,yield,ecfp4,0,3,classical_amines
acid,165,4,True,0.0069124803556614,0.0051202814035181,0.2592700246410797,0.0438999999999999,test_e1a,primary,p0f3,0.3265306122448979,0.2875634137986839,sensitivity/all/chemistry/yield/ecfp4/k5/p0f3/classical_amines,sensitivity,all,yield,ecfp4,0,3,classical_amines
acid,166,6,True,0.036389843438255,0.0487280592728478,-0.3390565792218309,0.3621770308380512,test_e1a,primary,p0f3,0.6896551724137931,0.1196250760118857,sensitivity/all/chemistry/yield/ecfp4/k5/p0f3/classical_amines,sensitivity,all,yield,ecfp4,0,3,classical_amines
acid,170,24,True,0.0811199912131597,0.0632113912574404,0.2207667886533751,0.0043682567079633,test_e1a,primary,p0f3,0.8490566037735849,-0.0805812166974817,sensitivity/all/chemistry/yield/ecfp4/k5/p0f3/classical_amines,sensitivity,all,yield,ecfp4,0,3,classical_amines
acid,184,63,True,0.0439519615104258,0.0771813709041094,-0.7560392813367665,0.1301485976511391,test_e1a,primary,p0f3,0.3265306122448979,-0.2572274298537764,sensitivity/all/chemistry/yield/ecfp4/k5/p0f3/classical_amines,sensitivity,all,yield,ecfp4,0,3,classical_amines
acid,185,29,True,0.0497288972734153,0.0348018617514659,0.3001682389995241,0.3833019961418221,test_e1a,primary,p0f3,0.6111111111111112,0.179374954545691,sensitivity/all/chemistry/yield/ecfp4/k5/p0f3/classical_amines,sensitivity,all,yield,ecfp4,0,3,classical_amines
acid,188,80,True,0.066222051614871,0.0765761492348991,-0.1563542259343546,0.3675533764626764,test_e1a,primary,p0f3,0.34375,0.0376964381379951,sensitivity/all/chemistry/yield/ecfp4/k5/p0f3/classical_amines,sensitivity,all,yield,ecfp4,0,3,classical_amines
acid,194,12,True,0.0032971419673972,0.0034633950159973,-0.0504233818998636,0.0436024255650017,test_e1a,primary,p0f3,0.4666666666666667,-0.27103364452873,sensitivity/all/chemistry/yield/ecfp4/k5/p0f3/classical_amines,sensitivity,all,yield,ecfp4,0,3,classical_amines
acid,200,8,True,0.0141019743645494,0.0040164889987392,0.7151825060158807,0.0008131727983645,test_e1a,primary,p0f3,0.9565217391304348,0.1013391721097688,sensitivity/all/chemistry/yield/ecfp4/k5/p0f3/classical_amines,sensitivity,all,yield,ecfp4,0,3,classical_amines
acid,201,2,False,0.0304801849328142,0.009923203821612,0.6744375454582965,0.0,test_e1a,primary,p0f3,0.3666666666666666,-0.4119152710104941,sensitivity/all/chemistry/yield/ecfp4/k5/p0f3/classical_amines,sensitivity,all,yield,ecfp4,0,3,classical_amines
acid,207,93,True,0.0574470310570253,0.0529430806900111,0.0784017952562823,0.3431573592665525,test_e1a,primary,p0f3,0.3,0.0557209123934188,sensitivity/all/chemistry/yield/ecfp4/k5/p0f3/classical_amines,sensitivity,all,yield,ecfp4,0,3,classical_amines
acid,227,8,True,0.1343241228637678,0.1174526488055127,0.1256027115499298,0.3919913227902591,test_e1a,primary,p0f3,0.3023255813953488,0.0419795020884827,sensitivity/all/chemistry/yield/ecfp4/k5/p0f3/classical_amines,sensitivity,all,yield,ecfp4,0,3,classical_amines
acid,232,21,True,0.1627776986438775,0.1430466479611041,0.1212147047608817,0.334783559788652,test_e1a,primary,p0f3,0.3488372093023256,0.1194839484553271,sensitivity/all/chemistry/yield/ecfp4/k5/p0f3/classical_amines,sensitivity,all,yield,ecfp4,0,3,classical_amines
acid,233,2,False,0.0020866299368396,0.002068404452125,0.0087344115948999,0.0,test_e1a,primary,p0f3,0.6060606060606061,-0.6105706811885561,sensitivity/all/chemistry/yield/ecfp4/k5/p0f3/classical_amines,sensitivity,all,yield,ecfp4,0,3,classical_amines
acid,235,5,True,0.0034641068127817,0.0031189980455355,0.0996241703554802,0.020392939954798,test_e1a,primary,p0f3,0.3714285714285714,0.06815337469185,sensitivity/all/chemistry/yield/ecfp4/k5/p0f3/classical_amines,sensitivity,all,yield,ecfp4,0,3,classical_amines
acid,236,56,True,0.0389771348305189,0.0512814781039884,-0.3156810608827844,0.1571407926487763,test_e1a,primary,p0f3,0.3469387755102041,-0.1780467786225859,sensitivity/all/chemistry/yield/ecfp4/k5/p0f3/classical_amines,sensitivity,all,yield,ecfp4,0,3,classical_amines
acid,250,3,True,0.0145334738803679,0.0035651206718421,0.754695904008332,0.0,test_e1a,primary,p0f3,0.5666666666666667,0.7616129940332219,sensitivity/all/chemistry/yield/ecfp4/k5/p0f3/classical_amines,sensitivity,all,yield,ecfp4,0,3,classical_amines
acid,252,6,True,0.0446853616698873,0.0419937257110953,0.0602352953675615,0.2605123157677323,test_e1a,primary,p0f3,0.3947368421052631,0.1171525202268928,sensitivity/all/chemistry/yield/ecfp4/k5/p0f3/classical_amines,sensitivity,all,yield,ecfp4,0,3,classical_amines
acid,257,22,True,0.0170001849905261,0.0146976952262461,0.1354391005487938,0.2126292187713736,test_e1a,primary,p0f3,0.4848484848484848,0.0297358284704271,sensitivity/all/chemistry/yield/ecfp4/k5/p0f3/classical_amines,sensitivity,all,yield,ecfp4,0,3,classical_amines
amine,3,31,True,0.0080547749930373,0.0053191967577861,0.3396219307945742,0.0316492062785864,test_e1n,primary,p0f3,0.4078947368421052,-0.0812567283532881,sensitivity/all/chemistry/yield/ecfp4/k5/p0f3/classical_amines,sensitivity,all,yield,ecfp4,0,3,classical_amines
amine,5,27,True,0.0292953410414822,0.0365570980528271,-0.247880951481745,0.018129215690108,test_e1n,primary,p0f3,0.2,-0.2498541667460219,sensitivity/all/chemistry/yield/ecfp4/k5/p0f3/classical_amines,sensitivity,all,yield,ecfp4,0,3,classical_amines
amine,6,59,True,0.0393037062048749,0.0418783476099755,-0.0655063263418469,0.1601559168897193,test_e1n,primary,p0f3,0.2,-0.126531257358933,sensitivity/all/chemistry/yield/ecfp4/k5/p0f3/classical_amines,sensitivity,all,yield,ecfp4,0,3,classical_amines
amine,7,33,True,0.0685222391242079,0.0678230796608405,0.0102033948730146,0.09599228464893,test_e1n,primary,p0f3,0.2777777777777778,-0.0416551209049955,sensitivity/all/chemistry/yield/ecfp4/k5/p0f3/classical_amines,sensitivity,all,yield,ecfp4,0,3,classical_amines
amine,9,26,True,0.0722843294627533,0.0396574932217688,0.4513680417800157,0.2477699678827427,test_e1n,primary,p0f3,0.28,0.0637146945683583,sensitivity/all/chemistry/yield/ecfp4/k5/p0f3/classical_amines,sensitivity,all,yield,ecfp4,0,3,classical_amines
amine,10,10,True,0.0063495084632869,0.0028024465357812,0.5586356720390118,0.0,test_e1n,primary,p0f3,0.1666666666666666,-0.0967061918274942,sensitivity/all/chemistry/yield/ecfp4/k5/p0f3/classical_amines,sensitivity,all,yield,ecfp4,0,3,classical_amines
amine,23,10,True,0.0454416457227307,0.0470824858296734,-0.0361087297972111,0.1913277702443287,test_e1n,primary,p0f3,0.3,0.0401688991412666,sensitivity/all/chemistry/yield/ecfp4/k5/p0f3/classical_amines,sensitivity,all,yield,ecfp4,0,3,classical_amines
amine,25,76,True,0.0144206146187516,0.0172086354414873,-0.1933357832827951,0.0898460395694534,test_e1n,primary,p0f3,0.2307692307692307,-0.0749386502924494,sensitivity/all/chemistry/yield/ecfp4/k5/p0f3/classical_amines,sensitivity,all,yield,ecfp4,0,3,classical_amines
amine,28,10,True,0.106049708513642,0.0958175325690034,0.0964847154042141,0.0196129322415367,test_e1n,primary,p0f3,0.3,-0.0604510065259882,sensitivity/all/chemistry/yield/ecfp4/k5/p0f3/classical_amines,sensitivity,all,yield,ecfp4,0,3,classical_amines
amine,35,24,True,0.0028436728837274,0.0027757461122935,0.0238869849702395,0.0,test_e1n,primary,p0f3,0.7368421052631579,-0.0977721097993862,sensitivity/all/chemistry/yield/ecfp4/k5/p0f3/classical_amines,sensitivity,all,yield,ecfp4,0,3,classical_amines
amine,40,80,True,0.0896643504174609,0.101037327724754,-0.1268394546365694,0.1891252585020864,test_e1n,primary,p0f3,0.3333333333333333,-0.0753123500031478,sensitivity/all/chemistry/yield/ecfp4/k5/p0f3/classical_amines,sensitivity,all,yield,ecfp4,0,3,classical_amines
amine,45,9,True,0.0228021183634699,0.0054273073187855,0.7619823197005957,0.0,test_e1n,primary,p0f3,0.44,-0.0855412864873834,sensitivity/all/chemistry/yield/ecfp4/k5/p0f3/classical_amines,sensitivity,all,yield,ecfp4,0,3,classical_amines
amine,50,10,True,0.0088443827957905,0.0122580654557016,-0.3859718353140253,0.019817133439975,test_e1n,primary,p0f3,0.1891891891891892,-0.1040909013427486,sensitivity/all/chemistry/yield/ecfp4/k5/p0f3/classical_amines,sensitivity,all,yield,ecfp4,0,3,classical_amines
amine,51,10,True,0.1072431435994089,0.0769269529444361,0.282686516242143,0.3188658860499191,test_e1n,primary,p0f3,0.2258064516129032,0.0294167945826777,sensitivity/all/chemistry/yield/ecfp4/k5/p0f3/classical_amines,sensitivity,all,yield,ecfp4,0,3,classical_amines
amine,59,46,True,0.0051570044919067,0.0063431484464014,-0.2300063838137327,0.0602416055049699,test_e1n,primary,p0f3,0.34375,-0.0533129130892233,sensitivity/all/chemistry/yield/ecfp4/k5/p0f3/classical_amines,sensitivity,all,yield,ecfp4,0,3,classical_amines
amine,62,23,True,0.035302283971597,0.0315635111461217,0.105907391954678,0.1821727616819106,test_e1n,primary,p0f3,0.1208791208791208,-0.0859096133576127,sensitivity/all/chemistry/yield/ecfp4/k5/p0f3/classical_amines,sensitivity,all,yield,ecfp4,0,3,classical_amines
amine,77,46,True,0.0403766412907865,0.037973299542379,0.0595230725383757,0.1978716769185778,test_e1n,primary,p0f3,0.2926829268292683,0.0006379506131349,sensitivity/all/chemistry/yield/ecfp4/k5/p0f3/classical_amines,sensitivity,all,yield,ecfp4,0,3,classical_amines
amine,80,10,True,0.2069280845596658,0.1702299553072072,0.1773472621203193,0.1731852957576556,test_e1n,primary,p0f3,0.1666666666666666,0.0376793389036228,sensitivity/all/chemistry/yield/ecfp4/k5/p0f3/classical_amines,sensitivity,all,yield,ecfp4,0,3,classical_amines
amine,82,12,True,0.0445437312974642,0.0465647279236628,-0.0453710672036502,0.2192925572877889,test_e1n,primary,p0f3,0.2352941176470588,0.0008989060096872,sensitivity/all/chemistry/yield/ecfp4/k5/p0f3/classical_amines,sensitivity,all,yield,ecfp4,0,3,classical_amines
amine,94,101,True,0.0128116071245959,0.0096087528053128,0.2499962954010798,0.0825590636819459,test_e1n,primary,p0f3,0.22,-0.1860206005262406,sensitivity/all/chemistry/yield/ecfp4/k5/p0f3/classical_amines,sensitivity,all,yield,ecfp4,0,3,classical_amines
amine,101,38,True,0.0594261321656621,0.0620556923651195,-0.0442492234245857,0.2459760377601948,test_e1n,primary,p0f3,0.1304347826086956,0.0115518666840845,sensitivity/all/chemistry/yield/ecfp4/k5/p0f3/classical_amines,sensitivity,all,yield,ecfp4,0,3,classical_amines
amine,108,39,True,0.0617854068289534,0.0515769172059465,0.1652249316941144,0.1704692528503056,test_e1n,primary,p0f3,0.2295081967213114,-0.0378663757006909,sensitivity/all/chemistry/yield/ecfp4/k5/p0f3/classical_amines,sensitivity,all,yield,ecfp4,0,3,classical_amines
amine,115,16,True,0.0901671122491158,0.0497931089594227,0.4477686185418345,0.3208664789155556,test_e1n,primary,p0f3,0.4594594594594595,0.0347581359612335,sensitivity/all/chemistry/yield/ecfp4/k5/p0f3/classical_amines,sensitivity,all,yield,ecfp4,0,3,classical_amines
amine,123,22,True,0.2080430931736258,0.1696537338276921,0.1845259977647766,0.2302757880233689,test_e1n,primary,p0f3,0.2954545454545454,0.0255920965055649,sensitivity/all/chemistry/yield/ecfp4/k5/p0f3/classical_amines,sensitivity,all,yield,ecfp4,0,3,classical_amines
amine,126,10,True,0.0418333209850955,0.0368255992345878,0.1197065313626868,0.1100381272307214,test_e1n,primary,p0f3,0.1842105263157894,-0.0606010394126614,sensitivity/all/chemistry/yield/ecfp4/k5/p0f3/classical_amines,sensitivity,all,yield,ecfp4,0,3,classical_amines
amine,129,10,True,0.0514952867171975,0.063763993407558,-0.238249118948264,0.2224364088902713,test_e1n,primary,p0f3,0.1836734693877551,0.0680035226948903,sensitivity/all/chemistry/yield/ecfp4/k5/p0f3/classical_amines,sensitivity,all,yield,ecfp4,0,3,classical_amines
amine,137,33,True,0.1729495642100148,0.1309087656428409,0.243081263368338,0.4107967396035896,test_e1n,primary,p0f3,0.175,0.0780349217978476,sensitivity/all/chemistry/yield/ecfp4/k5/p0f3/classical_amines,sensitivity,all,yield,ecfp4,0,3,classical_amines
amine,140,9,True,0.0873775720584834,0.0605379923606709,0.30716783569871,0.107170465199658,test_e1n,primary,p0f3,0.2424242424242424,0.0405893042482274,sensitivity/all/chemistry/yield/ecfp4/k5/p0f3/classical_amines,sensitivity,all,yield,ecfp4,0,3,classical_amines
amine,142,65,True,0.0481231290694596,0.0466825956835325,0.029934325007168,0.097655431999651,test_e1n,primary,p0f3,0.1388888888888889,-0.1105742187266527,sensitivity/all/chemistry/yield/ecfp4/k5/p0f3/classical_amines,sensitivity,all,yield,ecfp4,0,3,classical_amines
amine,162,9,True,0.0507959462058044,0.0335291523237228,0.3399246430438296,0.0032666666666666,test_e1n,primary,p0f3,0.1860465116279069,-0.130843321553659,sensitivity/all/chemistry/yield/ecfp4/k5/p0f3/classical_amines,sensitivity,all,yield,ecfp4,0,3,classical_amines
amine,167,8,True,0.0914282160792973,0.098018495326798,-0.0720814594236947,0.1956836222068673,test_e1n,primary,p0f3,0.2826086956521739,0.0720603427437747,sensitivity/all/chemistry/yield/ecfp4/k5/p0f3/classical_amines,sensitivity,all,yield,ecfp4,0,3,classical_amines
amine,169,36,True,0.044006267366331,0.0428791683754094,0.0256122379464515,0.2408378001233484,test_e1n,primary,p0f3,0.2244897959183673,0.0943575784807444,sensitivity/all/chemistry/yield/ecfp4/k5/p0f3/classical_amines,sensitivity,all,yield,ecfp4,0,3,classical_amines
amine,170,24,True,0.0025085720776377,0.0034149506105221,-0.3613125335182512,0.0273322230465556,test_e1n,primary,p0f3,0.4067796610169492,-0.2704848688077306,sensitivity/all/chemistry/yield/ecfp4/k5/p0f3/classical_amines,sensitivity,all,yield,ecfp4,0,3,classical_amines
amine,172,22,True,0.0133466245553009,0.0141955458642859,-0.0636056933696995,0.0866660911985556,test_e1n,primary,p0f3,0.509090909090909,-0.2333172517103272,sensitivity/all/chemistry/yield/ecfp4/k5/p0f3/classical_amines,sensitivity,all,yield,ecfp4,0,3,classical_amines
amine,176,29,True,0.1660562704666904,0.1004492862313313,0.3950888698811244,0.3207134630311894,test_e1n,primary,p0f3,0.3571428571428571,0.0308098545114882,sensitivity/all/chemistry/yield/ecfp4/k5/p0f3/classical_amines,sensitivity,all,yield,ecfp4,0,3,classical_amines
amine,178,8,True,0.0328299458159127,0.0572183602164027,-0.7428709915405609,0.0863351929152549,test_e1n,primary,p0f3,0.123076923076923,-0.1797068886305965,sensitivity/all/chemistry/yield/ecfp4/k5/p0f3/classical_amines,sensitivity,all,yield,ecfp4,0,3,classical_amines
amine,179,15,True,0.0795584341646166,0.0651924028156624,0.1805720725879175,0.3211750765696551,test_e1n,primary,p0f3,0.2857142857142857,0.0283614929359692,sensitivity/all/chemistry/yield/ecfp4/k5/p0f3/classical_amines,sensitivity,all,yield,ecfp4,0,3,classical_amines
amine,188,41,True,0.219384134821383,0.1984939764500247,0.0952218280887383,0.3770327404590333,test_e1n,primary,p0f3,0.2708333333333333,0.0241884613014247,sensitivity/all/chemistry/yield/ecfp4/k5/p0f3/classical_amines,sensitivity,all,yield,ecfp4,0,3,classical_amines
amine,192,53,True,0.1310299592293143,0.1086364943541293,0.1709033949708736,0.4117289638505405,test_e1n,primary,p0f3,0.3404255319148936,0.0451475100694903,sensitivity/all/chemistry/yield/ecfp4/k5/p0f3/classical_amines,sensitivity,all,yield,ecfp4,0,3,classical_amines
acid,1,8,True,0.0032406937693902,0.0020380262676851,0.3711142080331189,0.0,test_e1a,primary,p0f4,0.3116883116883117,0.0751429885910297,sensitivity/all/chemistry/yield/ecfp4/k5/p0f4/aggregate_cells,sensitivity,all,yield,ecfp4,0,4,aggregate_cells
acid,2,62,True,0.0407264917789973,0.024839811667988,0.3900822147220164,0.0940960961711394,test_e1a,primary,p0f4,0.4225352112676056,-0.127909424008209,sensitivity/all/chemistry/yield/ecfp4/k5/p0f4/aggregate_cells,sensitivity,all,yield,ecfp4,0,4,aggregate_cells
acid,15,35,True,0.0379788536440584,0.0341836145431596,0.0999303227124264,0.1143263361735044,test_e1a,primary,p0f4,0.6666666666666666,-0.0673444114491996,sensitivity/all/chemistry/yield/ecfp4/k5/p0f4/aggregate_cells,sensitivity,all,yield,ecfp4,0,4,aggregate_cells
acid,20,23,True,0.0277504784515503,0.0371877793207518,-0.3400770507679027,0.2611372770600852,test_e1a,primary,p0f4,0.5161290322580645,-0.1211260615502984,sensitivity/all/chemistry/yield/ecfp4/k5/p0f4/aggregate_cells,sensitivity,all,yield,ecfp4,0,4,aggregate_cells
acid,21,17,True,0.0644015199098592,0.065153088286459,-0.0116700409812027,0.2737906410874171,test_e1a,primary,p0f4,0.4814814814814814,-0.058797356995428,sensitivity/all/chemistry/yield/ecfp4/k5/p0f4/aggregate_cells,sensitivity,all,yield,ecfp4,0,4,aggregate_cells
acid,23,40,True,0.0514257861037322,0.0520179231354535,-0.0115143992262356,0.3285163131023465,test_e1a,primary,p0f4,0.4651162790697674,0.0037620314847164,sensitivity/all/chemistry/yield/ecfp4/k5/p0f4/aggregate_cells,sensitivity,all,yield,ecfp4,0,4,aggregate_cells
acid,25,42,True,0.0230904581446016,0.0240654055393319,-0.0422229558471649,0.302390199498286,test_e1a,primary,p0f4,0.5849056603773585,-0.0095890346512517,sensitivity/all/chemistry/yield/ecfp4/k5/p0f4/aggregate_cells,sensitivity,all,yield,ecfp4,0,4,aggregate_cells
acid,36,27,True,0.0544212478991335,0.0533055143527625,0.0205018001137875,0.3177949413211997,test_e1a,primary,p0f4,0.3888888888888889,0.0341688770766946,sensitivity/all/chemistry/yield/ecfp4/k5/p0f4/aggregate_cells,sensitivity,all,yield,ecfp4,0,4,aggregate_cells
acid,43,36,True,0.0309145997382557,0.0252845354009142,0.1821166822475297,0.3201494872067268,test_e1a,primary,p0f4,0.6595744680851063,0.0669968319499335,sensitivity/all/chemistry/yield/ecfp4/k5/p0f4/aggregate_cells,sensitivity,all,yield,ecfp4,0,4,aggregate_cells
acid,44,31,True,0.0153818655569608,0.0131973985544573,0.1420157388851313,0.2610901200652735,test_e1a,primary,p0f4,0.6530612244897959,-0.0510953962106242,sensitivity/all/chemistry/yield/ecfp4/k5/p0f4/aggregate_cells,sensitivity,all,yield,ecfp4,0,4,aggregate_cells
acid,45,33,True,0.0159060509972662,0.0114605222735948,0.2794866384142402,0.2810199185151699,test_e1a,primary,p0f4,0.58,-0.0953852168726312,sensitivity/all/chemistry/yield/ecfp4/k5/p0f4/aggregate_cells,sensitivity,all,yield,ecfp4,0,4,aggregate_cells
acid,55,8,True,0.0108802251201082,0.0104933115351182,0.035561174582218,0.0,test_e1a,primary,p0f4,0.5384615384615384,0.2512210655331276,sensitivity/all/chemistry/yield/ecfp4/k5/p0f4/aggregate_cells,sensitivity,all,yield,ecfp4,0,4,aggregate_cells
acid,65,4,True,0.0002984966867344,0.0011994663818157,-3.018357439534727,0.0,test_e1a,primary,p0f4,0.6909090909090909,0.0923736003132004,sensitivity/all/chemistry/yield/ecfp4/k5/p0f4/aggregate_cells,sensitivity,all,yield,ecfp4,0,4,aggregate_cells
acid,68,50,True,0.032054837593196,0.0330082885930274,-0.0297443715651153,0.2915953116854569,test_e1a,primary,p0f4,0.3148148148148148,0.1480564212686946,sensitivity/all/chemistry/yield/ecfp4/k5/p0f4/aggregate_cells,sensitivity,all,yield,ecfp4,0,4,aggregate_cells
acid,74,4,True,0.0046012933904979,0.0066078914784156,-0.4360943581779755,0.0,test_e1a,primary,p0f4,0.3137254901960784,-0.0148691775545715,sensitivity/all/chemistry/yield/ecfp4/k5/p0f4/aggregate_cells,sensitivity,all,yield,ecfp4,0,4,aggregate_cells
acid,75,2,False,0.0022747563716642,0.0002660332851111,0.8830497681311847,0.0,test_e1a,primary,p0f4,0.3125,0.0918987129084337,sensitivity/all/chemistry/yield/ecfp4/k5/p0f4/aggregate_cells,sensitivity,all,yield,ecfp4,0,4,aggregate_cells
acid,81,39,True,0.03398538952259,0.0259974212220441,0.2350412460400454,0.1339690044116546,test_e1a,primary,p0f4,0.3555555555555555,-0.0396586729027177,sensitivity/all/chemistry/yield/ecfp4/k5/p0f4/aggregate_cells,sensitivity,all,yield,ecfp4,0,4,aggregate_cells
acid,104,2,False,0.062980013126577,0.071317251253929,-0.1323791106647727,0.1608667927199395,test_e1a,primary,p0f4,0.4857142857142857,-0.2245336850255299,sensitivity/all/chemistry/yield/ecfp4/k5/p0f4/aggregate_cells,sensitivity,all,yield,ecfp4,0,4,aggregate_cells
acid,108,18,True,0.0730572882361056,0.0585229851663285,0.1989439167630375,0.3499767105696841,test_e1a,primary,p0f4,0.65,0.11506309251273,sensitivity/all/chemistry/yield/ecfp4/k5/p0f4/aggregate_cells,sensitivity,all,yield,ecfp4,0,4,aggregate_cells
acid,119,8,True,0.013284331398307,0.0098766842766772,0.2565162686369028,0.0837026443941374,test_e1a,primary,p0f4,0.5925925925925926,0.1330915172688601,sensitivity/all/chemistry/yield/ecfp4/k5/p0f4/aggregate_cells,sensitivity,all,yield,ecfp4,0,4,aggregate_cells
acid,130,6,True,0.0274033940725272,0.0230049896605482,0.1605058264074133,0.0,test_e1a,primary,p0f4,0.5806451612903226,0.0956620265078436,sensitivity/all/chemistry/yield/ecfp4/k5/p0f4/aggregate_cells,sensitivity,all,yield,ecfp4,0,4,aggregate_cells
acid,143,4,True,0.0130016370010804,0.0133747127920474,-0.0286945244614968,0.1462,test_e1a,primary,p0f4,0.2258064516129032,-0.0405940444982837,sensitivity/all/chemistry/yield/ecfp4/k5/p0f4/aggregate_cells,sensitivity,all,yield,ecfp4,0,4,aggregate_cells
acid,144,44,True,0.0578785655808351,0.0568930236346747,0.0170277534743659,0.3614619985274975,test_e1a,primary,p0f4,0.28,0.0495952750745603,sensitivity/all/chemistry/yield/ecfp4/k5/p0f4/aggregate_cells,sensitivity,all,yield,ecfp4,0,4,aggregate_cells
acid,145,40,True,0.0239575539189514,0.02061608752057,0.1394744392389001,0.2873683002587268,test_e1a,primary,p0f4,0.2653061224489796,0.1762785416741856,sensitivity/all/chemistry/yield/ecfp4/k5/p0f4/aggregate_cells,sensitivity,all,yield,ecfp4,0,4,aggregate_cells
acid,148,8,True,0.0236168293072062,0.0255338813576423,-0.0811731340180843,0.2160646397989004,test_e1a,primary,p0f4,0.6896551724137931,-0.1501887652126163,sensitivity/all/chemistry/yield/ecfp4/k5/p0f4/aggregate_cells,sensitivity,all,yield,ecfp4,0,4,aggregate_cells
acid,149,2,False,0.0069334952485543,0.0034411732488283,0.5036885257048616,0.0,test_e1a,primary,p0f4,0.6551724137931034,-0.1123395520099632,sensitivity/all/chemistry/yield/ecfp4/k5/p0f4/aggregate_cells,sensitivity,all,yield,ecfp4,0,4,aggregate_cells
acid,167,2,False,0.0528532560219952,0.0685738855977375,-0.2974391884049681,0.070852099474892,test_e1a,primary,p0f4,0.5737704918032787,-0.1061059009786093,sensitivity/all/chemistry/yield/ecfp4/k5/p0f4/aggregate_cells,sensitivity,all,yield,ecfp4,0,4,aggregate_cells
acid,169,39,True,0.0382315773850286,0.0432586361696773,-0.1314897037603584,0.2903341022764452,test_e1a,primary,p0f4,0.62,0.0473364984069514,sensitivity/all/chemistry/yield/ecfp4/k5/p0f4/aggregate_cells,sensitivity,all,yield,ecfp4,0,4,aggregate_cells
acid,173,8,True,0.0040847424938528,0.0052218142895647,-0.2783704964077922,0.0905096679918781,test_e1a,primary,p0f4,0.5925925925925926,0.0514819961901573,sensitivity/all/chemistry/yield/ecfp4/k5/p0f4/aggregate_cells,sensitivity,all,yield,ecfp4,0,4,aggregate_cells
acid,175,2,False,0.0012009423120136,0.0008443749384364,0.2969063293134906,0.0,test_e1a,primary,p0f4,0.7254901960784313,0.0918987129084337,sensitivity/all/chemistry/yield/ecfp4/k5/p0f4/aggregate_cells,sensitivity,all,yield,ecfp4,0,4,aggregate_cells
acid,177,46,True,0.0289566453033609,0.0214766611254269,0.2583166696131679,0.2930553636675151,test_e1a,primary,p0f4,0.6909090909090909,0.1595169805301066,sensitivity/all/chemistry/yield/ecfp4/k5/p0f4/aggregate_cells,sensitivity,all,yield,ecfp4,0,4,aggregate_cells
acid,181,41,True,0.0214163647857175,0.0323402740379828,-0.5100729914514004,0.2520860515340918,test_e1a,primary,p0f4,0.6666666666666666,-0.0461886216447406,sensitivity/all/chemistry/yield/ecfp4/k5/p0f4/aggregate_cells,sensitivity,all,yield,ecfp4,0,4,aggregate_cells
acid,183,32,True,0.0259551770670439,0.0228369308195531,0.1201396638303083,0.3035669527939907,test_e1a,primary,p0f4,0.7272727272727273,-0.0538820526664998,sensitivity/all/chemistry/yield/ecfp4/k5/p0f4/aggregate_cells,sensitivity,all,yield,ecfp4,0,4,aggregate_cells
acid,189,32,True,0.0507677837772857,0.0332313858675962,0.3454237432664047,0.0848528137423857,test_e1a,primary,p0f4,0.2222222222222222,-0.0334281460613701,sensitivity/all/chemistry/yield/ecfp4/k5/p0f4/aggregate_cells,sensitivity,all,yield,ecfp4,0,4,aggregate_cells
acid,190,2,False,0.0001719469054837,0.0014738852688639,-7.57174640460841,0.0,test_e1a,primary,p0f4,0.2222222222222222,-0.0362990371237146,sensitivity/all/chemistry/yield/ecfp4/k5/p0f4/aggregate_cells,sensitivity,all,yield,ecfp4,0,4,aggregate_cells
acid,191,8,True,0.0071229823161912,0.0010762257891573,0.848907979637832,0.0,test_e1a,primary,p0f4,0.2222222222222222,0.2509141362892357,sensitivity/all/chemistry/yield/ecfp4/k5/p0f4/aggregate_cells,sensitivity,all,yield,ecfp4,0,4,aggregate_cells
acid,193,4,True,0.0143534556787535,0.0139746585837271,0.0263906548711561,0.0,test_e1a,primary,p0f4,0.1666666666666666,0.0330428019111095,sensitivity/all/chemistry/yield/ecfp4/k5/p0f4/aggregate_cells,sensitivity,all,yield,ecfp4,0,4,aggregate_cells
acid,194,21,True,0.0038183745394262,0.0026713206691393,0.3004037080289283,0.1343867005537165,test_e1a,primary,p0f4,0.4666666666666667,0.277767203191656,sensitivity/all/chemistry/yield/ecfp4/k5/p0f4/aggregate_cells,sensitivity,all,yield,ecfp4,0,4,aggregate_cells
acid,209,8,True,0.1272569406300195,0.1179060300812257,0.073480554400409,0.3273550843503122,test_e1a,primary,p0f4,0.4444444444444444,0.0156312896434542,sensitivity/all/chemistry/yield/ecfp4/k5/p0f4/aggregate_cells,sensitivity,all,yield,ecfp4,0,4,aggregate_cells
acid,211,20,True,0.0512457506774856,0.0523656008325056,-0.021852546605624,0.3263049288706243,test_e1a,primary,p0f4,0.36,-0.0046716055214077,sensitivity/all/chemistry/yield/ecfp4/k5/p0f4/aggregate_cells,sensitivity,all,yield,ecfp4,0,4,aggregate_cells
acid,213,23,True,0.0309637458749492,0.0335360937189971,-0.0830761192278406,0.2647438062441953,test_e1a,primary,p0f4,0.2954545454545454,-0.0602654934946125,sensitivity/all/chemistry/yield/ecfp4/k5/p0f4/aggregate_cells,sensitivity,all,yield,ecfp4,0,4,aggregate_cells
acid,217,21,True,0.168572620555907,0.1466742706395236,0.1299045470383538,0.3550200823964214,test_e1a,primary,p0f4,0.3050847457627119,0.1769351764530482,sensitivity/all/chemistry/yield/ecfp4/k5/p0f4/aggregate_cells,sensitivity,all,yield,ecfp4,0,4,aggregate_cells
acid,219,64,True,0.0700570236117721,0.0660326234443367,0.057444635240815,0.1452781480730659,test_e1a,primary,p0f4,0.1833333333333333,-0.1327567280604036,sensitivity/all/chemistry/yield/ecfp4/k5/p0f4/aggregate_cells,sensitivity,all,yield,ecfp4,0,4,aggregate_cells
acid,223,6,True,0.0266121883431337,0.0244165472939627,0.0825050920601031,0.0894406097176594,test_e1a,primary,p0f4,0.625,-0.1159470618337548,sensitivity/all/chemistry/yield/ecfp4/k5/p0f4/aggregate_cells,sensitivity,all,yield,ecfp4,0,4,aggregate_cells
acid,228,25,True,0.0640768202556664,0.0595425241696873,0.0707634378217773,0.3431439419543932,test_e1a,primary,p0f4,0.4,0.0804990658230292,sensitivity/all/chemistry/yield/ecfp4/k5/p0f4/aggregate_cells,sensitivity,all,yield,ecfp4,0,4,aggregate_cells
acid,229,60,True,0.0762654528462797,0.0769935929351167,-0.0095474433267266,0.0750389919545786,test_e1a,primary,p0f4,0.282051282051282,-0.1219075893849463,sensitivity/all/chemistry/yield/ecfp4/k5/p0f4/aggregate_cells,sensitivity,all,yield,ecfp4,0,4,aggregate_cells
acid,235,10,True,0.0018801388522823,0.0008621773132279,0.5414289151137448,0.0144199861303678,test_e1a,primary,p0f4,0.375,-0.1248125708534555,sensitivity/all/chemistry/yield/ecfp4/k5/p0f4/aggregate_cells,sensitivity,all,yield,ecfp4,0,4,aggregate_cells
acid,239,11,True,0.0722485280027631,0.0631265877003535,0.1262578014331411,0.4034150321713585,test_e1a,primary,p0f4,0.4210526315789473,0.1577168833079031,sensitivity/all/chemistry/yield/ecfp4/k5/p0f4/aggregate_cells,sensitivity,all,yield,ecfp4,0,4,aggregate_cells
acid,241,90,True,0.0334031888258378,0.0383378200123108,-0.1477293444108551,0.3013498099060284,test_e1a,primary,p0f4,0.3488372093023256,0.1437767064987535,sensitivity/all/chemistry/yield/ecfp4/k5/p0f4/aggregate_cells,sensitivity,all,yield,ecfp4,0,4,aggregate_cells
acid,244,20,True,0.0143813484838691,0.0106366343779593,0.2603868552458801,0.2140270816607341,test_e1a,primary,p0f4,0.3137254901960784,0.1314231336859014,sensitivity/all/chemistry/yield/ecfp4/k5/p0f4/aggregate_cells,sensitivity,all,yield,ecfp4,0,4,aggregate_cells
acid,248,18,True,0.0103386532562669,0.010962343643823,-0.0603260765301292,0.1587958841105698,test_e1a,primary,p0f4,0.5172413793103449,-0.095444752007654,sensitivity/all/chemistry/yield/ecfp4/k5/p0f4/aggregate_cells,sensitivity,all,yield,ecfp4,0,4,aggregate_cells
acid,252,4,True,0.0057699062979768,0.0076061577993272,-0.3182463295797779,0.02,test_e1a,primary,p0f4,0.3947368421052631,-0.3489273118017471,sensitivity/all/chemistry/yield/ecfp4/k5/p0f4/aggregate_cells,sensitivity,all,yield,ecfp4,0,4,aggregate_cells
acid,254,2,False,0.0002052745202905,0.000540075379541,-1.6309908252449254,0.0,test_e1a,primary,p0f4,0.76,-0.1123395520099632,sensitivity/all/chemistry/yield/ecfp4/k5/p0f4/aggregate_cells,sensitivity,all,yield,ecfp4,0,4,aggregate_cells
acid,261,4,True,0.0021772325369493,0.0004377426252254,0.7989453961408994,0.0,test_e1a,primary,p0f4,0.3823529411764705,0.0923736003132004,sensitivity/all/chemistry/yield/ecfp4/k5/p0f4/aggregate_cells,sensitivity,all,yield,ecfp4,0,4,aggregate_cells
acid,262,92,True,0.0454860758542493,0.0440263206883801,0.032092352185903,0.2695072858633588,test_e1a,primary,p0f4,0.3421052631578947,0.0610660828481878,sensitivity/all/chemistry/yield/ecfp4/k5/p0f4/aggregate_cells,sensitivity,all,yield,ecfp4,0,4,aggregate_cells
acid,266,27,True,0.0429114666518964,0.0475512116859131,-0.1081236647457193,0.3264241689315882,test_e1a,primary,p0f4,0.391304347826087,-0.0775110880116962,sensitivity/all/chemistry/yield/ecfp4/k5/p0f4/aggregate_cells,sensitivity,all,yield,ecfp4,0,4,aggregate_cells
amine,0,10,True,0.0406449172230619,0.0508292355956545,-0.2505680677537205,0.0,test_e1n,primary,p0f4,0.1951219512195122,0.0035557494040154,sensitivity/all/chemistry/yield/ecfp4/k5/p0f4/aggregate_cells,sensitivity,all,yield,ecfp4,0,4,aggregate_cells
amine,10,30,True,0.0508371109383834,0.0604482799824342,-0.1890581283365977,0.1746385368871714,test_e1n,primary,p0f4,0.2903225806451613,0.0143982316582785,sensitivity/all/chemistry/yield/ecfp4/k5/p0f4/aggregate_cells,sensitivity,all,yield,ecfp4,0,4,aggregate_cells
amine,14,10,True,0.0167197983959925,0.0147838832228802,0.1157857964110543,0.0,test_e1n,primary,p0f4,0.1860465116279069,0.0035557161987364,sensitivity/all/chemistry/yield/ecfp4/k5/p0f4/aggregate_cells,sensitivity,all,yield,ecfp4,0,4,aggregate_cells
amine,16,51,True,0.1071817221110795,0.1032035578241461,0.0371160698725344,0.3231567849963927,test_e1n,primary,p0f4,0.1477272727272727,0.0098282095585781,sensitivity/all/chemistry/yield/ecfp4/k5/p0f4/aggregate_cells,sensitivity,all,yield,ecfp4,0,4,aggregate_cells
amine,23,10,True,0.087098920392181,0.0905470998251247,-0.0395892327645106,0.3264382400325604,test_e1n,primary,p0f4,0.2083333333333333,-0.0499110178650756,sensitivity/all/chemistry/yield/ecfp4/k5/p0f4/aggregate_cells,sensitivity,all,yield,ecfp4,0,4,aggregate_cells
amine,27,22,True,0.101266723183817,0.1273473718301993,-0.2575441154449249,0.2040031124560968,test_e1n,primary,p0f4,0.4358974358974359,-0.0142640462407963,sensitivity/all/chemistry/yield/ecfp4/k5/p0f4/aggregate_cells,sensitivity,all,yield,ecfp4,0,4,aggregate_cells
amine,33,78,True,0.0110170345366555,0.0101545601331182,0.0782855314347686,0.0896020781153953,test_e1n,primary,p0f4,0.2727272727272727,-0.024271287537561,sensitivity/all/chemistry/yield/ecfp4/k5/p0f4/aggregate_cells,sensitivity,all,yield,ecfp4,0,4,aggregate_cells
amine,40,45,True,0.0062091285264005,0.0040276379177128,0.3513360368386984,0.0099147410913795,test_e1n,primary,p0f4,0.3809523809523809,-0.0237955416536825,sensitivity/all/chemistry/yield/ecfp4/k5/p0f4/aggregate_cells,sensitivity,all,yield,ecfp4,0,4,aggregate_cells
amine,42,2,False,0.0028463151439824,0.0059781714893298,-1.10031960163251,0.0,test_e1n,primary,p0f4,0.2444444444444444,-0.1140804982789098,sensitivity/all/chemistry/yield/ecfp4/k5/p0f4/aggregate_cells,sensitivity,all,yield,ecfp4,0,4,aggregate_cells
amine,53,16,True,0.0785106697250097,0.1021205819050908,-0.3007223382856974,0.0,test_e1n,primary,p0f4,0.7647058823529411,-0.0548287464034344,sensitivity/all/chemistry/yield/ecfp4/k5/p0f4/aggregate_cells,sensitivity,all,yield,ecfp4,0,4,aggregate_cells
amine,56,10,True,0.0019946845713396,0.0009341583978264,0.5316761300263539,0.0,test_e1n,primary,p0f4,0.8333333333333334,0.0035557494040154,sensitivity/all/chemistry/yield/ecfp4/k5/p0f4/aggregate_cells,sensitivity,all,yield,ecfp4,0,4,aggregate_cells
amine,70,10,True,0.0305839086548354,0.0141637446513429,0.5368889957398033,0.0,test_e1n,primary,p0f4,0.2244897959183673,0.0035557161987364,sensitivity/all/chemistry/yield/ecfp4/k5/p0f4/aggregate_cells,sensitivity,all,yield,ecfp4,0,4,aggregate_cells
amine,73,93,True,0.0261041570698364,0.0211866829219792,0.1883789671775823,0.0826793552944561,test_e1n,primary,p0f4,0.2222222222222222,-0.0432783946871988,sensitivity/all/chemistry/yield/ecfp4/k5/p0f4/aggregate_cells,sensitivity,all,yield,ecfp4,0,4,aggregate_cells
amine,77,47,True,0.2934928550393929,0.2620497186198988,0.1071342483457521,0.3577699224507056,test_e1n,primary,p0f4,0.1538461538461538,0.0163662785488821,sensitivity/all/chemistry/yield/ecfp4/k5/p0f4/aggregate_cells,sensitivity,all,yield,ecfp4,0,4,aggregate_cells
amine,92,52,True,0.0468026179789953,0.0523197941019155,-0.1178817844206125,0.2101943416894958,test_e1n,primary,p0f4,0.2926829268292683,0.0019512345736263,sensitivity/all/chemistry/yield/ecfp4/k5/p0f4/aggregate_cells,sensitivity,all,yield,ecfp4,0,4,aggregate_cells
amine,96,29,True,0.0347990782306919,0.0422609287501969,-0.2144266715928104,0.1117514545149498,test_e1n,primary,p0f4,0.3243243243243243,-0.062556421014996,sensitivity/all/chemistry/yield/ecfp4/k5/p0f4/aggregate_cells,sensitivity,all,yield,ecfp4,0,4,aggregate_cells
amine,102,12,True,0.0786919253513329,0.0759216084035871,0.0352045897387471,0.2827456726084201,test_e1n,primary,p0f4,0.2115384615384615,0.0595218330543695,sensitivity/all/chemistry/yield/ecfp4/k5/p0f4/aggregate_cells,sensitivity,all,yield,ecfp4,0,4,aggregate_cells
amine,105,86,True,0.04935964709128,0.0463074443059229,0.0618359928650352,0.0436398354648374,test_e1n,primary,p0f4,0.4,-0.0436415205175693,sensitivity/all/chemistry/yield/ecfp4/k5/p0f4/aggregate_cells,sensitivity,all,yield,ecfp4,0,4,aggregate_cells
amine,109,9,True,0.0077352043050951,0.0102404997939523,-0.3238822647783146,0.0055333333333333,test_e1n,primary,p0f4,0.2,0.0104905675181548,sensitivity/all/chemistry/yield/ecfp4/k5/p0f4/aggregate_cells,sensitivity,all,yield,ecfp4,0,4,aggregate_cells
amine,110,10,True,0.0698591307754815,0.070041272388452,-0.0026072699581083,0.0218943143304374,test_e1n,primary,p0f4,0.1733333333333333,0.0077190148054722,sensitivity/all/chemistry/yield/ecfp4/k5/p0f4/aggregate_cells,sensitivity,all,yield,ecfp4,0,4,aggregate_cells
amine,114,8,True,0.2773994762111406,0.2394755130315211,0.1367124541747656,0.3190417617088485,test_e1n,primary,p0f4,0.1636363636363636,0.0186505538042233,sensitivity/all/chemistry/yield/ecfp4/k5/p0f4/aggregate_cells,sensitivity,all,yield,ecfp4,0,4,aggregate_cells
amine,119,50,True,0.1593137376104698,0.1500588404347326,0.0580922732373895,0.3280154746960756,test_e1n,primary,p0f4,0.2972972972972973,-0.0069696752583217,sensitivity/all/chemistry/yield/ecfp4/k5/p0f4/aggregate_cells,sensitivity,all,yield,ecfp4,0,4,aggregate_cells
amine,120,27,True,0.0666113386902632,0.081461794625448,-0.2229418628596862,0.2590063150155778,test_e1n,primary,p0f4,0.1304347826086956,-0.0114501192519658,sensitivity/all/chemistry/yield/ecfp4/k5/p0f4/aggregate_cells,sensitivity,all,yield,ecfp4,0,4,aggregate_cells
amine,123,25,True,0.0304899342389323,0.0341701455244724,-0.1207024999365462,0.09879890485223,test_e1n,primary,p0f4,0.238095238095238,-0.0578343141184778,sensitivity/all/chemistry/yield/ecfp4/k5/p0f4/aggregate_cells,sensitivity,all,yield,ecfp4,0,4,aggregate_cells
amine,129,34,True,0.0843033390181744,0.0520128585888649,0.3830273012359355,0.2000666814864439,test_e1n,primary,p0f4,0.3720930232558139,0.0141962333828493,sensitivity/all/chemistry/yield/ecfp4/k5/p0f4/aggregate_cells,sensitivity,all,yield,ecfp4,0,4,aggregate_cells
amine,132,30,True,0.0264987434405748,0.0295079384469845,-0.1135599132524154,0.1004266352566166,test_e1n,primary,p0f4,0.5789473684210527,-0.0498376468355701,sensitivity/all/chemistry/yield/ecfp4/k5/p0f4/aggregate_cells,sensitivity,all,yield,ecfp4,0,4,aggregate_cells
amine,143,10,True,0.0601129462590886,0.0541805903573777,0.0986868265638201,0.0,test_e1n,primary,p0f4,0.1702127659574468,0.0035557161987364,sensitivity/all/chemistry/yield/ecfp4/k5/p0f4/aggregate_cells,sensitivity,all,yield,ecfp4,0,4,aggregate_cells
amine,144,14,True,0.2121802375226741,0.2034110250259114,0.0413290728634689,0.4082245363619292,test_e1n,primary,p0f4,0.2162162162162162,0.0392284506428487,sensitivity/all/chemistry/yield/ecfp4/k5/p0f4/aggregate_cells,sensitivity,all,yield,ecfp4,0,4,aggregate_cells
amine,145,32,True,0.0872542132397607,0.0452822546135695,0.481030738433901,0.2361265338753779,test_e1n,primary,p0f4,0.4594594594594595,0.0177189411717249,sensitivity/all/chemistry/yield/ecfp4/k5/p0f4/aggregate_cells,sensitivity,all,yield,ecfp4,0,4,aggregate_cells
amine,151,10,True,0.0480059579115945,0.0467071390431776,0.0270553682276024,0.1076899252483722,test_e1n,primary,p0f4,0.1842105263157894,0.0040734041807084,sensitivity/all/chemistry/yield/ecfp4/k5/p0f4/aggregate_cells,sensitivity,all,yield,ecfp4,0,4,aggregate_cells
amine,164,7,True,0.1006738431675374,0.1116779759102733,-0.1093047846045098,0.0,test_e1n,primary,p0f4,0.4444444444444444,0.0378067346848054,sensitivity/all/chemistry/yield/ecfp4/k5/p0f4/aggregate_cells,sensitivity,all,yield,ecfp4,0,4,aggregate_cells
amine,167,39,True,0.1153029493631681,0.1170206300642507,-0.014897109836041,0.3859914158247801,test_e1n,primary,p0f4,0.3076923076923077,-0.0023740716706377,sensitivity/all/chemistry/yield/ecfp4/k5/p0f4/aggregate_cells,sensitivity,all,yield,ecfp4,0,4,aggregate_cells
amine,169,38,True,0.1707428811200301,0.1731077135476295,-0.0138502549101124,0.2986402880439254,test_e1n,primary,p0f4,0.1785714285714285,0.00766941118614,sensitivity/all/chemistry/yield/ecfp4/k5/p0f4/aggregate_cells,sensitivity,all,yield,ecfp4,0,4,aggregate_cells
amine,171,9,True,0.1003605732988435,0.1035703552779267,-0.0319824994375566,0.1555452265419932,test_e1n,primary,p0f4,0.2121212121212121,-0.0092633847879426,sensitivity/all/chemistry/yield/ecfp4/k5/p0f4/aggregate_cells,sensitivity,all,yield,ecfp4,0,4,aggregate_cells
amine,173,65,True,0.0308591960431236,0.0337536122055715,-0.0937942828582787,0.0957689772818702,test_e1n,primary,p0f4,0.1666666666666666,-0.0520355833747723,sensitivity/all/chemistry/yield/ecfp4/k5/p0f4/aggregate_cells,sensitivity,all,yield,ecfp4,0,4,aggregate_cells
amine,175,23,True,0.1060891733768035,0.0861585669190484,0.1878665449391925,0.3035388571930897,test_e1n,primary,p0f4,0.3448275862068966,0.0213496361803908,sensitivity/all/chemistry/yield/ecfp4/k5/p0f4/aggregate_cells,sensitivity,all,yield,ecfp4,0,4,aggregate_cells
amine,179,46,True,0.1068627691674392,0.107894652438355,-0.0096561532042924,0.2984536080118076,test_e1n,primary,p0f4,0.1923076923076923,0.0140780435512768,sensitivity/all/chemistry/yield/ecfp4/k5/p0f4/aggregate_cells,sensitivity,all,yield,ecfp4,0,4,aggregate_cells
amine,185,73,True,0.0238559193134618,0.0241942408613997,-0.0141818700630387,0.1670315439356307,test_e1n,primary,p0f4,0.2162162162162162,-0.0200077631761808,sensitivity/all/chemistry/yield/ecfp4/k5/p0f4/aggregate_cells,sensitivity,all,yield,ecfp4,0,4,aggregate_cells
amine,189,57,True,0.0433319818248174,0.0433670353865909,-0.0008089535787976,0.2336244318487294,test_e1n,primary,p0f4,0.2333333333333333,-0.0140837166868881,sensitivity/all/chemistry/yield/ecfp4/k5/p0f4/aggregate_cells,sensitivity,all,yield,ecfp4,0,4,aggregate_cells
amine,194,9,True,0.0473484702374247,0.0408196001023345,0.1378897798039048,0.0036,test_e1n,primary,p0f4,0.1607142857142857,-0.0344637106493697,sensitivity/all/chemistry/yield/ecfp4/k5/p0f4/aggregate_cells,sensitivity,all,yield,ecfp4,0,4,aggregate_cells
amine,200,5,True,0.0229007119244602,0.009422463115604,0.5885515198529754,0.0,test_e1n,primary,p0f4,0.275,0.0071122546132714,sensitivity/all/chemistry/yield/ecfp4/k5/p0f4/aggregate_cells,sensitivity,all,yield,ecfp4,0,4,aggregate_cells
amine,201,10,True,0.0084779819828541,0.0091545220502259,-0.0797996585437479,0.1113343093769591,test_e1n,primary,p0f4,0.1538461538461538,0.0088713476221481,sensitivity/all/chemistry/yield/ecfp4/k5/p0f4/aggregate_cells,sensitivity,all,yield,ecfp4,0,4,aggregate_cells
amine,206,10,True,0.0194574631583765,0.0126108856500772,0.3518741087967496,0.0496057389153042,test_e1n,primary,p0f4,0.2222222222222222,0.0141996401431186,sensitivity/all/chemistry/yield/ecfp4/k5/p0f4/aggregate_cells,sensitivity,all,yield,ecfp4,0,4,aggregate_cells
amine,217,10,True,0.182745914046498,0.1906569098767533,-0.0432895907497135,0.3445878085158814,test_e1n,primary,p0f4,0.1714285714285714,-0.0079027808809806,sensitivity/all/chemistry/yield/ecfp4/k5/p0f4/aggregate_cells,sensitivity,all,yield,ecfp4,0,4,aggregate_cells
amine,224,24,True,0.064268323433356,0.0689439506251478,-0.0727516596358739,0.2675625485588451,test_e1n,primary,p0f4,0.4482758620689655,-0.0265422069913119,sensitivity/all/chemistry/yield/ecfp4/k5/p0f4/aggregate_cells,sensitivity,all,yield,ecfp4,0,4,aggregate_cells
acid,3,27,True,0.0425904105451603,0.0288264609624044,0.3231701551259164,0.4095305330062552,test_e1a,primary,p0f4,0.5849056603773585,0.1162815519408284,sensitivity/all/chemistry/yield/ecfp4/k5/p0f4/classical_amines,sensitivity,all,yield,ecfp4,0,4,classical_amines
acid,4,23,True,0.0348199179341679,0.0230204693671894,0.3388706598702238,0.4048834451909874,test_e1a,primary,p0f4,0.5333333333333333,0.1001481043055475,sensitivity/all/chemistry/yield/ecfp4/k5/p0f4/classical_amines,sensitivity,all,yield,ecfp4,0,4,classical_amines
acid,9,25,True,0.0342202562651847,0.0285918881631335,0.1644747502308265,0.1593508772070824,test_e1a,primary,p0f4,0.475,-0.0968054338740702,sensitivity/all/chemistry/yield/ecfp4/k5/p0f4/classical_amines,sensitivity,all,yield,ecfp4,0,4,classical_amines
acid,11,19,True,0.0236924473865878,0.0221900310724256,0.0634133017010605,0.3188999952321484,test_e1a,primary,p0f4,0.4545454545454545,0.0248266018461462,sensitivity/all/chemistry/yield/ecfp4/k5/p0f4/classical_amines,sensitivity,all,yield,ecfp4,0,4,classical_amines
acid,18,69,True,0.0463966242108557,0.0394736700548366,0.1492124540043414,0.3356270479814512,test_e1a,primary,p0f4,0.4318181818181818,0.1932260143267958,sensitivity/all/chemistry/yield/ecfp4/k5/p0f4/classical_amines,sensitivity,all,yield,ecfp4,0,4,classical_amines
acid,31,8,True,0.0104691212331921,0.0119271720643425,-0.1392715585838921,0.1129956636336103,test_e1a,primary,p0f4,0.4347826086956521,-0.0824117688046286,sensitivity/all/chemistry/yield/ecfp4/k5/p0f4/classical_amines,sensitivity,all,yield,ecfp4,0,4,classical_amines
acid,39,17,True,0.0356302136469874,0.0234372693408547,0.3422080043340878,0.3572386231877214,test_e1a,primary,p0f4,0.5961538461538461,0.1839150271277143,sensitivity/all/chemistry/yield/ecfp4/k5/p0f4/classical_amines,sensitivity,all,yield,ecfp4,0,4,classical_amines
acid,45,18,True,0.0190708170276673,0.0132343827688488,0.3060400742323277,0.323411765350799,test_e1a,primary,p0f4,0.6078431372549019,0.1748842352933068,sensitivity/all/chemistry/yield/ecfp4/k5/p0f4/classical_amines,sensitivity,all,yield,ecfp4,0,4,classical_amines
acid,49,27,True,0.0294072262405366,0.0360726424421586,-0.2266591261311803,0.2603023252706563,test_e1a,primary,p0f4,0.5161290322580645,-0.1050535777762713,sensitivity/all/chemistry/yield/ecfp4/k5/p0f4/classical_amines,sensitivity,all,yield,ecfp4,0,4,classical_amines
acid,55,8,True,0.0155480453208968,0.0075112807248692,0.5168987117130459,0.0,test_e1a,primary,p0f4,0.58,0.3535119595564393,sensitivity/all/chemistry/yield/ecfp4/k5/p0f4/classical_amines,sensitivity,all,yield,ecfp4,0,4,classical_amines
acid,60,42,True,0.0337831820647232,0.0335087169308063,0.008124312665131,0.2520636812777277,test_e1a,primary,p0f4,0.3829787234042553,-0.0267390018249944,sensitivity/all/chemistry/yield/ecfp4/k5/p0f4/classical_amines,sensitivity,all,yield,ecfp4,0,4,classical_amines
acid,71,36,True,0.0501770944500439,0.0447929597225241,0.1073026405082153,0.2978552351581404,test_e1a,primary,p0f4,0.3636363636363636,0.0458835767552161,sensitivity/all/chemistry/yield/ecfp4/k5/p0f4/classical_amines,sensitivity,all,yield,ecfp4,0,4,classical_amines
acid,74,4,True,0.0012110363625976,0.006851060522953,-4.657188119651075,0.0,test_e1a,primary,p0f4,0.3137254901960784,-0.6280379554388182,sensitivity/all/chemistry/yield/ecfp4/k5/p0f4/classical_amines,sensitivity,all,yield,ecfp4,0,4,classical_amines
acid,77,31,True,0.0646945685843275,0.0524051303245985,0.1899608966973799,0.3914643557291667,test_e1a,primary,p0f4,0.3636363636363636,0.1654666281231628,sensitivity/all/chemistry/yield/ecfp4/k5/p0f4/classical_amines,sensitivity,all,yield,ecfp4,0,4,classical_amines
acid,78,2,False,0.0003408492720084,0.0017902782980535,-4.252404640633697,0.0,test_e1a,primary,p0f4,0.34,-8.093872449554807,sensitivity/all/chemistry/yield/ecfp4/k5/p0f4/classical_amines,sensitivity,all,yield,ecfp4,0,4,classical_amines
acid,85,10,True,0.0465468008879042,0.036843034807813,0.2084733192182239,0.2048929368122668,test_e1a,primary,p0f4,0.4090909090909091,-0.0520223433747373,sensitivity/all/chemistry/yield/ecfp4/k5/p0f4/classical_amines,sensitivity,all,yield,ecfp4,0,4,classical_amines
acid,86,12,True,0.0074840351117607,0.0012757533708063,0.8295366935409461,0.0902687145877979,test_e1a,primary,p0f4,0.2962962962962963,-0.2403969798466241,sensitivity/all/chemistry/yield/ecfp4/k5/p0f4/classical_amines,sensitivity,all,yield,ecfp4,0,4,classical_amines
acid,102,23,True,0.0635721514870733,0.0379863424303204,0.4024688241352899,0.4021295063551329,test_e1a,primary,p0f4,0.2753623188405797,0.1864584713160633,sensitivity/all/chemistry/yield/ecfp4/k5/p0f4/classical_amines,sensitivity,all,yield,ecfp4,0,4,classical_amines
acid,113,2,False,0.0009840415898633,0.007057577239429,-6.172031458964015,0.0,test_e1a,primary,p0f4,0.2857142857142857,-8.093872449554807,sensitivity/all/chemistry/yield/ecfp4/k5/p0f4/classical_amines,sensitivity,all,yield,ecfp4,0,4,classical_amines
acid,118,6,True,0.0062955033618421,0.0123896854818487,-0.9680214225512612,0.0,test_e1a,primary,p0f4,0.4375,-0.1310326289247563,sensitivity/all/chemistry/yield/ecfp4/k5/p0f4/classical_amines,sensitivity,all,yield,ecfp4,0,4,classical_amines
acid,124,84,True,0.0530704466695542,0.0755264683564056,-0.4231360973212634,0.1528565154041256,test_e1a,primary,p0f4,0.4375,-0.306719941310396,sensitivity/all/chemistry/yield/ecfp4/k5/p0f4/classical_amines,sensitivity,all,yield,ecfp4,0,4,classical_amines
acid,134,7,True,0.0102900777963221,0.0148433035300903,-0.442487007765453,0.1643658405016368,test_e1a,primary,p0f4,0.4705882352941176,-0.0188713110100973,sensitivity/all/chemistry/yield/ecfp4/k5/p0f4/classical_amines,sensitivity,all,yield,ecfp4,0,4,classical_amines
acid,138,10,True,0.0298160741426077,0.0224982780365649,0.2454312419214659,0.0158113883008418,test_e1a,primary,p0f4,0.7169811320754716,0.3910403556627482,sensitivity/all/chemistry/yield/ecfp4/k5/p0f4/classical_amines,sensitivity,all,yield,ecfp4,0,4,classical_amines
acid,149,2,False,0.0065520689179354,0.0001355204123968,0.9793163939368984,0.0,test_e1a,primary,p0f4,0.6896551724137931,0.6244551346464859,sensitivity/all/chemistry/yield/ecfp4/k5/p0f4/classical_amines,sensitivity,all,yield,ecfp4,0,4,classical_amines
acid,151,11,True,0.0237173572159126,0.0253483743170556,-0.0687689225361365,0.0572567248928415,test_e1a,primary,p0f4,0.4242424242424242,-0.0293739201199667,sensitivity/all/chemistry/yield/ecfp4/k5/p0f4/classical_amines,sensitivity,all,yield,ecfp4,0,4,classical_amines
acid,162,22,True,0.0314616305997731,0.018816389640186,0.4019257971860578,0.4042389620796138,test_e1a,primary,p0f4,0.6415094339622641,0.0892061152253022,sensitivity/all/chemistry/yield/ecfp4/k5/p0f4/classical_amines,sensitivity,all,yield,ecfp4,0,4,classical_amines
acid,172,10,True,0.0110888830285961,0.0074922689520291,0.3243441262110952,0.0,test_e1a,primary,p0f4,0.6,0.3046503246241494,sensitivity/all/chemistry/yield/ecfp4/k5/p0f4/classical_amines,sensitivity,all,yield,ecfp4,0,4,classical_amines
acid,175,2,False,0.0003135289350191,0.00087812481606,-1.800777593323292,0.0,test_e1a,primary,p0f4,0.7924528301886793,-8.093872449554807,sensitivity/all/chemistry/yield/ecfp4/k5/p0f4/classical_amines,sensitivity,all,yield,ecfp4,0,4,classical_amines
acid,178,8,True,0.0026325700572851,0.0023651099778988,0.10159656668819,0.0,test_e1a,primary,p0f4,0.7254901960784313,-0.5806645469357627,sensitivity/all/chemistry/yield/ecfp4/k5/p0f4/classical_amines,sensitivity,all,yield,ecfp4,0,4,classical_amines
acid,181,27,True,0.0139212227229291,0.0141613117189742,-0.0172462578053327,0.2871541000568983,test_e1a,primary,p0f4,0.6666666666666666,0.095447933955064,sensitivity/all/chemistry/yield/ecfp4/k5/p0f4/classical_amines,sensitivity,all,yield,ecfp4,0,4,classical_amines
acid,183,19,True,0.026423745675289,0.019565852242783,0.2595352497250002,0.3410767155735389,test_e1a,primary,p0f4,0.7272727272727273,0.1307526666584773,sensitivity/all/chemistry/yield/ecfp4/k5/p0f4/classical_amines,sensitivity,all,yield,ecfp4,0,4,classical_amines
acid,192,34,True,0.0476099107959857,0.0392746727778456,0.1750735903257109,0.1008808177699774,test_e1a,primary,p0f4,0.40625,-0.0965813516007088,sensitivity/all/chemistry/yield/ecfp4/k5/p0f4/classical_amines,sensitivity,all,yield,ecfp4,0,4,classical_amines
acid,196,8,True,0.0085498499149614,0.0029224271476916,0.658189655168367,0.0,test_e1a,primary,p0f4,0.6551724137931034,0.3816997803623216,sensitivity/all/chemistry/yield/ecfp4/k5/p0f4/classical_amines,sensitivity,all,yield,ecfp4,0,4,classical_amines
acid,197,21,True,0.0307145488113525,0.0169127901161891,0.4493557362646999,0.0859127608460493,test_e1a,primary,p0f4,0.6551724137931034,-0.1017994830064987,sensitivity/all/chemistry/yield/ecfp4/k5/p0f4/classical_amines,sensitivity,all,yield,ecfp4,0,4,classical_amines
acid,203,8,True,0.0129665394555103,0.0070936688253003,0.4529250576347262,0.0040658639918226,test_e1a,primary,p0f4,0.6,0.0288106209848639,sensitivity/all/chemistry/yield/ecfp4/k5/p0f4/classical_amines,sensitivity,all,yield,ecfp4,0,4,classical_amines
acid,208,6,True,0.0676537572716198,0.0701823881510767,-0.0373760598292394,0.3217813025436168,test_e1a,primary,p0f4,0.4791666666666667,-0.0018552169757621,sensitivity/all/chemistry/yield/ecfp4/k5/p0f4/classical_amines,sensitivity,all,yield,ecfp4,0,4,classical_amines
acid,212,8,True,0.0119167709936343,0.0111049150738314,0.068127173060267,0.2420684639724885,test_e1a,primary,p0f4,0.358974358974359,0.4133526587162549,sensitivity/all/chemistry/yield/ecfp4/k5/p0f4/classical_amines,sensitivity,all,yield,ecfp4,0,4,classical_amines
acid,215,61,True,0.0438325880945694,0.0426163922643492,0.0277463842106751,0.3305121045872428,test_e1a,primary,p0f4,0.1636363636363636,0.2042432201052022,sensitivity/all/chemistry/yield/ecfp4/k5/p0f4/classical_amines,sensitivity,all,yield,ecfp4,0,4,classical_amines
acid,217,23,True,0.1515886294058907,0.1064250457786942,0.2979351670649874,0.2984189270269316,test_e1a,primary,p0f4,0.3050847457627119,0.252988084979547,sensitivity/all/chemistry/yield/ecfp4/k5/p0f4/classical_amines,sensitivity,all,yield,ecfp4,0,4,classical_amines
acid,218,4,True,0.0318069717104239,0.0277495777910538,0.1275630373211663,0.1808231640765824,test_e1a,primary,p0f4,0.396551724137931,0.1196205686187888,sensitivity/all/chemistry/yield/ecfp4/k5/p0f4/classical_amines,sensitivity,all,yield,ecfp4,0,4,classical_amines
acid,220,68,True,0.057294949153584,0.0616713002454031,-0.0763828427543924,0.0972039918953244,test_e1a,primary,p0f4,0.2121212121212121,-0.3129096832484199,sensitivity/all/chemistry/yield/ecfp4/k5/p0f4/classical_amines,sensitivity,all,yield,ecfp4,0,4,classical_amines
acid,224,8,True,0.0286237511341033,0.0253682150270509,0.1137354811324359,0.0658793919652745,test_e1a,primary,p0f4,0.4827586206896552,-0.1466361835323115,sensitivity/all/chemistry/yield/ecfp4/k5/p0f4/classical_amines,sensitivity,all,yield,ecfp4,0,4,classical_amines
acid,231,16,True,0.1843652376677311,0.1436952679883359,0.2205945664913895,0.3216695985401791,test_e1a,primary,p0f4,0.6285714285714286,0.252221304753856,sensitivity/all/chemistry/yield/ecfp4/k5/p0f4/classical_amines,sensitivity,all,yield,ecfp4,0,4,classical_amines
acid,234,10,True,0.0030317188418351,0.0045322244613468,-0.4949356117084704,0.0916858070926041,test_e1a,primary,p0f4,0.5128205128205128,-1.1801967912990032,sensitivity/all/chemistry/yield/ecfp4/k5/p0f4/classical_amines,sensitivity,all,yield,ecfp4,0,4,classical_amines
acid,238,20,True,0.1186335367765852,0.0923757768344926,0.2213350512472883,0.3203170811867515,test_e1a,primary,p0f4,0.6363636363636364,0.2327881996962145,sensitivity/all/chemistry/yield/ecfp4/k5/p0f4/classical_amines,sensitivity,all,yield,ecfp4,0,4,classical_amines
acid,243,46,True,0.0518392559966767,0.0590440556602785,-0.1389834696713945,0.2905222203663087,test_e1a,primary,p0f4,0.4193548387096774,-0.1243961544461969,sensitivity/all/chemistry/yield/ecfp4/k5/p0f4/classical_amines,sensitivity,all,yield,ecfp4,0,4,classical_amines
acid,244,10,True,0.0208879608666876,0.0118922434820117,0.430665177998413,0.2977020740419671,test_e1a,primary,p0f4,0.3137254901960784,0.1519851387756478,sensitivity/all/chemistry/yield/ecfp4/k5/p0f4/classical_amines,sensitivity,all,yield,ecfp4,0,4,classical_amines
acid,251,12,True,0.020345119044654,0.0174356791837487,0.1430043173755633,0.2650308415443323,test_e1a,primary,p0f4,0.4,0.1754777732289341,sensitivity/all/chemistry/yield/ecfp4/k5/p0f4/classical_amines,sensitivity,all,yield,ecfp4,0,4,classical_amines
acid,254,2,False,0.0007729804650423,0.0021595279572169,-1.793767830987418,0.0,test_e1a,primary,p0f4,0.76,0.6244551346464859,sensitivity/all/chemistry/yield/ecfp4/k5/p0f4/classical_amines,sensitivity,all,yield,ecfp4,0,4,classical_amines
acid,258,29,True,0.0539417747158379,0.053832541619078,0.0020250185933881,0.3762522938411002,test_e1a,primary,p0f4,0.4166666666666667,0.1187892565777348,sensitivity/all/chemistry/yield/ecfp4/k5/p0f4/classical_amines,sensitivity,all,yield,ecfp4,0,4,classical_amines
acid,264,87,True,0.0858404485999701,0.0807413439451504,0.0594021203055719,0.3466071584568103,test_e1a,primary,p0f4,0.217391304347826,0.1175518119344379,sensitivity/all/chemistry/yield/ecfp4/k5/p0f4/classical_amines,sensitivity,all,yield,ecfp4,0,4,classical_amines
acid,268,5,True,0.1223917368189649,0.0863895086198289,0.2941557096488343,0.1444499913464864,test_e1a,primary,p0f4,0.1935483870967742,-0.4514673298932476,sensitivity/all/chemistry/yield/ecfp4/k5/p0f4/classical_amines,sensitivity,all,yield,ecfp4,0,4,classical_amines
acid,270,51,True,0.0593661143740445,0.0572022968974807,0.0364486963544619,0.098427698317488,test_e1a,primary,p0f4,0.1818181818181818,-0.2619452543706224,sensitivity/all/chemistry/yield/ecfp4/k5/p0f4/classical_amines,sensitivity,all,yield,ecfp4,0,4,classical_amines
amine,1,9,True,0.056855570229913,0.0890357807006595,-0.5659992563721714,0.0,test_e1n,primary,p0f4,0.2045454545454545,-0.2764128968821198,sensitivity/all/chemistry/yield/ecfp4/k5/p0f4/classical_amines,sensitivity,all,yield,ecfp4,0,4,classical_amines
amine,2,39,True,0.0325676216959328,0.037368383924841,-0.1474090516565931,0.0040032038451271,test_e1n,primary,p0f4,0.4074074074074074,-0.3320998818595975,sensitivity/all/chemistry/yield/ecfp4/k5/p0f4/classical_amines,sensitivity,all,yield,ecfp4,0,4,classical_amines
amine,12,61,True,0.1114901787423462,0.0930254645227609,0.1656174061955473,0.3307122926864594,test_e1n,primary,p0f4,0.1487603305785124,0.0980417653984377,sensitivity/all/chemistry/yield/ecfp4/k5/p0f4/classical_amines,sensitivity,all,yield,ecfp4,0,4,classical_amines
amine,16,9,True,0.0700980230890479,0.069233741796604,0.0123296100853788,0.288728696183805,test_e1n,primary,p0f4,0.2083333333333333,0.0510671880654763,sensitivity/all/chemistry/yield/ecfp4/k5/p0f4/classical_amines,sensitivity,all,yield,ecfp4,0,4,classical_amines
amine,24,7,True,0.0140608802145831,0.0070974417430607,0.4952348903662755,0.0,test_e1n,primary,p0f4,0.25,-0.2607173512384744,sensitivity/all/chemistry/yield/ecfp4/k5/p0f4/classical_amines,sensitivity,all,yield,ecfp4,0,4,classical_amines
amine,29,6,True,0.0141094677344079,0.0153123184490233,-0.0852513175732347,0.1220790399700128,test_e1n,primary,p0f4,0.4772727272727273,0.1132458560056721,sensitivity/all/chemistry/yield/ecfp4/k5/p0f4/classical_amines,sensitivity,all,yield,ecfp4,0,4,classical_amines
amine,44,9,True,0.0040830839622774,0.0022663491590574,0.4449418184892506,0.0,test_e1n,primary,p0f4,0.2465753424657534,-0.2764128968821198,sensitivity/all/chemistry/yield/ecfp4/k5/p0f4/classical_amines,sensitivity,all,yield,ecfp4,0,4,classical_amines
amine,58,16,True,0.0046863514839268,0.0037906857729148,0.1911221798202528,0.0,test_e1n,primary,p0f4,0.2763157894736842,-0.0553400606889862,sensitivity/all/chemistry/yield/ecfp4/k5/p0f4/classical_amines,sensitivity,all,yield,ecfp4,0,4,classical_amines
amine,60,102,True,0.0314611302921601,0.0571499902214877,-0.8165269235647601,0.0898496679488485,test_e1n,primary,p0f4,0.2222222222222222,-0.3839239929224249,sensitivity/all/chemistry/yield/ecfp4/k5/p0f4/classical_amines,sensitivity,all,yield,ecfp4,0,4,classical_amines
amine,64,9,True,0.0489822671258626,0.0958913041523687,-0.9576738640122716,0.055795967596234,test_e1n,primary,p0f4,0.1444444444444444,-0.3100529189338892,sensitivity/all/chemistry/yield/ecfp4/k5/p0f4/classical_amines,sensitivity,all,yield,ecfp4,0,4,classical_amines
amine,66,46,True,0.006457287518634,0.0094866508617055,-0.4691386800308195,0.0049150999714622,test_e1n,primary,p0f4,0.5370370370370371,-0.3096914453803816,sensitivity/all/chemistry/yield/ecfp4/k5/p0f4/classical_amines,sensitivity,all,yield,ecfp4,0,4,classical_amines
amine,70,9,True,0.035408390622381,0.0387620293222567,-0.094713107286946,0.0,test_e1n,primary,p0f4,0.3157894736842105,-0.2764128968821198,sensitivity/all/chemistry/yield/ecfp4/k5/p0f4/classical_amines,sensitivity,all,yield,ecfp4,0,4,classical_amines
amine,79,42,True,0.0183131791987061,0.0179992462748353,0.0171424590162376,0.1166392061841982,test_e1n,primary,p0f4,0.1935483870967742,-0.0772092329816649,sensitivity/all/chemistry/yield/ecfp4/k5/p0f4/classical_amines,sensitivity,all,yield,ecfp4,0,4,classical_amines
amine,89,34,True,0.1408838081782968,0.1275463587726311,0.0946698529669668,0.3187195721592288,test_e1n,primary,p0f4,0.2285714285714285,0.0902346055152575,sensitivity/all/chemistry/yield/ecfp4/k5/p0f4/classical_amines,sensitivity,all,yield,ecfp4,0,4,classical_amines
amine,93,40,True,0.0651443551083668,0.07444076945082,-0.1427048333963663,0.2859526308270708,test_e1n,primary,p0f4,0.2333333333333333,0.1451358910890506,sensitivity/all/chemistry/yield/ecfp4/k5/p0f4/classical_amines,sensitivity,all,yield,ecfp4,0,4,classical_amines
amine,112,20,True,0.2685887643081037,0.2940284119205769,-0.0947159784513209,0.2812372350787442,test_e1n,primary,p0f4,0.1818181818181818,0.0360497154318893,sensitivity/all/chemistry/yield/ecfp4/k5/p0f4/classical_amines,sensitivity,all,yield,ecfp4,0,4,classical_amines
amine,113,29,True,0.0275961029175957,0.022454666263433,0.1863102434976217,0.1100985370345258,test_e1n,primary,p0f4,0.1612903225806451,-0.0496700921229256,sensitivity/all/chemistry/yield/ecfp4/k5/p0f4/classical_amines,sensitivity,all,yield,ecfp4,0,4,classical_amines
amine,116,46,True,0.0231545072478381,0.020566484479246,0.1117718784032334,0.0725025403519623,test_e1n,primary,p0f4,0.4074074074074074,-0.2978950012897818,sensitivity/all/chemistry/yield/ecfp4/k5/p0f4/classical_amines,sensitivity,all,yield,ecfp4,0,4,classical_amines
amine,117,8,True,0.0163761348699678,0.0097086208398944,0.4071482118958904,0.0754270650553045,test_e1n,primary,p0f4,0.1607142857142857,-0.3518873748400899,sensitivity/all/chemistry/yield/ecfp4/k5/p0f4/classical_amines,sensitivity,all,yield,ecfp4,0,4,classical_amines
amine,124,9,True,0.0495245701307139,0.0708090239611904,-0.4297756401377905,0.0,test_e1n,primary,p0f4,0.2244897959183673,-0.2764128968821198,sensitivity/all/chemistry/yield/ecfp4/k5/p0f4/classical_amines,sensitivity,all,yield,ecfp4,0,4,classical_amines
amine,128,18,True,0.1079136840793724,0.1134744106588488,-0.051529392466912,0.3442819174641771,test_e1n,primary,p0f4,0.2608695652173913,-0.0397474951598366,sensitivity/all/chemistry/yield/ecfp4/k5/p0f4/classical_amines,sensitivity,all,yield,ecfp4,0,4,classical_amines
amine,133,29,True,0.1224638812909628,0.1070623167205443,0.1257641388469945,0.3205722156062798,test_e1n,primary,p0f4,0.2105263157894736,0.1222458935563757,sensitivity/all/chemistry/yield/ecfp4/k5/p0f4/classical_amines,sensitivity,all,yield,ecfp4,0,4,classical_amines
amine,138,53,True,0.1773935777869293,0.1668721267340592,0.0593113413920067,0.33011646008736,test_e1n,primary,p0f4,0.1785714285714285,0.0872001034827401,sensitivity/all/chemistry/yield/ecfp4/k5/p0f4/classical_amines,sensitivity,all,yield,ecfp4,0,4,classical_amines
amine,146,81,True,0.0174513329300982,0.0274878075305208,-0.5751122072235944,0.1027358931922042,test_e1n,primary,p0f4,0.4411764705882353,-0.3210922691263957,sensitivity/all/chemistry/yield/ecfp4/k5/p0f4/classical_amines,sensitivity,all,yield,ecfp4,0,4,classical_amines
amine,150,102,True,0.0220596243531815,0.0223677231957996,-0.013966640486952,0.0029970450729165,test_e1n,primary,p0f4,0.2608695652173913,-0.3944407933900191,sensitivity/all/chemistry/yield/ecfp4/k5/p0f4/classical_amines,sensitivity,all,yield,ecfp4,0,4,classical_amines
amine,152,8,True,0.0926712280392218,0.1308147767650649,-0.4116007690078229,0.1352695272409865,test_e1n,primary,p0f4,0.2142857142857142,-0.2376364733928011,sensitivity/all/chemistry/yield/ecfp4/k5/p0f4/classical_amines,sensitivity,all,yield,ecfp4,0,4,classical_amines
amine,153,82,True,0.0335567769602577,0.0340740203870557,-0.015413978148455,0.2030368353194493,test_e1n,primary,p0f4,0.2162162162162162,-0.1091158039333011,sensitivity/all/chemistry/yield/ecfp4/k5/p0f4/classical_amines,sensitivity,all,yield,ecfp4,0,4,classical_amines
amine,154,9,True,0.2353565507115832,0.2387034752252077,-0.0142206558666215,0.3192782398542758,test_e1n,primary,p0f4,0.3333333333333333,0.0771002006146367,sensitivity/all/chemistry/yield/ecfp4/k5/p0f4/classical_amines,sensitivity,all,yield,ecfp4,0,4,classical_amines
amine,165,9,True,0.0673192944924237,0.0762009675990405,-0.1319335440690991,0.2649666666666666,test_e1n,primary,p0f4,0.1830985915492957,-0.1126588444774099,sensitivity/all/chemistry/yield/ecfp4/k5/p0f4/classical_amines,sensitivity,all,yield,ecfp4,0,4,classical_amines
amine,177,36,True,0.1139906864714509,0.0961209708779632,0.1567646984735299,0.351842109836171,test_e1n,primary,p0f4,0.5945945945945946,0.1243831313591683,sensitivity/all/chemistry/yield/ecfp4/k5/p0f4/classical_amines,sensitivity,all,yield,ecfp4,0,4,classical_amines
amine,185,64,True,0.1648379716952949,0.1415668573427695,0.1411756897588034,0.2932597779420678,test_e1n,primary,p0f4,0.1212121212121212,0.0993880119355707,sensitivity/all/chemistry/yield/ecfp4/k5/p0f4/classical_amines,sensitivity,all,yield,ecfp4,0,4,classical_amines
amine,186,31,True,0.0182498597149844,0.024257163743951,-0.3291698743324684,0.0,test_e1n,primary,p0f4,0.3541666666666667,-0.3603359874069349,sensitivity/all/chemistry/yield/ecfp4/k5/p0f4/classical_amines,sensitivity,all,yield,ecfp4,0,4,classical_amines
amine,187,30,True,0.1031193400358195,0.0652877756670098,0.3668716688418345,0.2798777369561183,test_e1n,primary,p0f4,0.358974358974359,0.1236932755799996,sensitivity/all/chemistry/yield/ecfp4/k5/p0f4/classical_amines,sensitivity,all,yield,ecfp4,0,4,classical_amines
amine,189,36,True,0.0302292006995437,0.0309437609529321,-0.0236380796333524,0.2027437608693016,test_e1n,primary,p0f4,0.3793103448275862,-0.3243131756881041,sensitivity/all/chemistry/yield/ecfp4/k5/p0f4/classical_amines,sensitivity,all,yield,ecfp4,0,4,classical_amines
amine,191,22,True,0.0736017668467933,0.0879141789661233,-0.1944574530272111,0.2195854035651606,test_e1n,primary,p0f4,0.46875,-0.1399835139542,sensitivity/all/chemistry/yield/ecfp4/k5/p0f4/classical_amines,sensitivity,all,yield,ecfp4,0,4,classical_amines
amine,193,18,True,0.0892529511686674,0.0568199005288424,0.3633835096223773,0.2306340303331501,test_e1n,primary,p0f4,0.4615384615384615,0.1065530934016872,sensitivity/all/chemistry/yield/ecfp4/k5/p0f4/classical_amines,sensitivity,all,yield,ecfp4,0,4,classical_amines
amine,194,9,True,0.0439788249686862,0.0548256757269967,-0.2466380301436799,0.0167610742827275,test_e1n,primary,p0f4,0.1830985915492957,-0.2931132332830306,sensitivity/all/chemistry/yield/ecfp4/k5/p0f4/classical_amines,sensitivity,all,yield,ecfp4,0,4,classical_amines
acid,9,43,True,0.0552176217420137,0.0337003700778204,0.3896808842062346,0.1528186973262489,test_e1a,primary,p0f1,0.475,0.116797227560724,sensitivity/all/chemistry/yield/ecfp4/k8/p0f1/k8,sensitivity,all,yield,ecfp4,0,1,k8
acid,29,45,True,0.0299848336730777,0.0365549006545317,-0.219113004030202,0.342618812806432,test_e1a,primary,p0f1,0.3958333333333333,-0.1130468279012317,sensitivity/all/chemistry/yield/ecfp4/k8/p0f1/k8,sensitivity,all,yield,ecfp4,0,1,k8
acid,30,109,True,0.0329306918138909,0.0289453323300677,0.1210226467863636,0.1764859784694121,test_e1a,primary,p0f1,0.3333333333333333,-0.0247153692214188,sensitivity/all/chemistry/yield/ecfp4/k8/p0f1/k8,sensitivity,all,yield,ecfp4,0,1,k8
acid,33,11,True,0.0928028711112567,0.0647619115536978,0.3021561641551147,0.3560794181078148,test_e1a,primary,p0f1,0.6521739130434783,0.1658820392446752,sensitivity/all/chemistry/yield/ecfp4/k8/p0f1/k8,sensitivity,all,yield,ecfp4,0,1,k8
acid,44,32,True,0.0117285373896346,0.0166010868772366,-0.4154439147636832,0.2096003724448796,test_e1a,primary,p0f1,0.6875,0.0169108000368313,sensitivity/all/chemistry/yield/ecfp4/k8/p0f1/k8,sensitivity,all,yield,ecfp4,0,1,k8
acid,45,33,True,0.0117239834101814,0.0082459116993518,0.2966629676232057,0.2446326311502307,test_e1a,primary,p0f1,0.58,-0.0408316724980906,sensitivity/all/chemistry/yield/ecfp4/k8/p0f1/k8,sensitivity,all,yield,ecfp4,0,1,k8
acid,53,8,True,0.0726331154337911,0.0571460723422256,0.2132228942552068,0.4333888683965013,test_e1a,primary,p0f1,0.6666666666666666,0.1366673739563753,sensitivity/all/chemistry/yield/ecfp4/k8/p0f1/k8,sensitivity,all,yield,ecfp4,0,1,k8
acid,55,6,True,0.0116721160176688,0.0106098827104598,0.0910060614203205,0.0,test_e1a,primary,p0f1,0.5490196078431373,-0.9489160681104608,sensitivity/all/chemistry/yield/ecfp4/k8/p0f1/k8,sensitivity,all,yield,ecfp4,0,1,k8
acid,63,20,True,0.0328333471006961,0.0239795930439157,0.2696573708926761,0.3129166256873849,test_e1a,primary,p0f1,0.65,0.1882923319320572,sensitivity/all/chemistry/yield/ecfp4/k8/p0f1/k8,sensitivity,all,yield,ecfp4,0,1,k8
acid,72,89,True,0.0973279974050192,0.115382277607016,-0.1854993494509698,0.1524107037161507,test_e1a,primary,p0f1,0.2209302325581395,-0.2006564125399785,sensitivity/all/chemistry/yield/ecfp4/k8/p0f1/k8,sensitivity,all,yield,ecfp4,0,1,k8
acid,95,2,False,0.000252871208727,5.552429389932993e-05,0.7804246114896196,0.0,test_e1a,primary,p0f1,0.4893617021276595,0.0890535113642038,sensitivity/all/chemistry/yield/ecfp4/k8/p0f1/k8,sensitivity,all,yield,ecfp4,0,1,k8
acid,109,6,True,0.0043943657625285,0.0066420789804877,-0.5114988918595942,0.0,test_e1a,primary,p0f1,0.34,-0.9489160681104608,sensitivity/all/chemistry/yield/ecfp4/k8/p0f1/k8,sensitivity,all,yield,ecfp4,0,1,k8
acid,117,58,True,0.0874353137211398,0.099249792315389,-0.1351225047573976,0.3754562793349913,test_e1a,primary,p0f1,0.3214285714285714,-0.0143423774777209,sensitivity/all/chemistry/yield/ecfp4/k8/p0f1/k8,sensitivity,all,yield,ecfp4,0,1,k8
acid,120,17,True,0.0736228053635386,0.0758829216924833,-0.0306985901689642,0.3416802773233549,test_e1a,primary,p0f1,0.4375,-0.0748950391580365,sensitivity/all/chemistry/yield/ecfp4/k8/p0f1/k8,sensitivity,all,yield,ecfp4,0,1,k8
acid,122,12,True,0.0568646051623825,0.0459094478588833,0.1926533609477404,0.2215806782408993,test_e1a,primary,p0f1,0.7058823529411765,0.1122363442353745,sensitivity/all/chemistry/yield/ecfp4/k8/p0f1/k8,sensitivity,all,yield,ecfp4,0,1,k8
acid,127,50,True,0.0181451538199523,0.015732297061371,0.132975271663343,0.344152078533871,test_e1a,primary,p0f1,0.5833333333333334,-0.1199071974146626,sensitivity/all/chemistry/yield/ecfp4/k8/p0f1/k8,sensitivity,all,yield,ecfp4,0,1,k8
acid,128,39,True,0.0771263981717083,0.0302860136821464,0.6073197452483139,0.3337704713884231,test_e1a,primary,p0f1,0.6585365853658537,-0.0615256643593224,sensitivity/all/chemistry/yield/ecfp4/k8/p0f1/k8,sensitivity,all,yield,ecfp4,0,1,k8
acid,131,25,True,0.0067131107124177,0.0073593075337395,-0.0962589251100067,0.0545540410968793,test_e1a,primary,p0f1,0.7692307692307693,-0.2063892962605009,sensitivity/all/chemistry/yield/ecfp4/k8/p0f1/k8,sensitivity,all,yield,ecfp4,0,1,k8
acid,144,69,True,0.0534314876439817,0.050238736006776,0.0597541221101554,0.3420645145872522,test_e1a,primary,p0f1,0.24,0.0763526355118675,sensitivity/all/chemistry/yield/ecfp4/k8/p0f1/k8,sensitivity,all,yield,ecfp4,0,1,k8
acid,147,131,True,0.0265691526974237,0.0250573070108112,0.0569022920613925,0.2723184940808061,test_e1a,primary,p0f1,0.4375,0.0040632120075003,sensitivity/all/chemistry/yield/ecfp4/k8/p0f1/k8,sensitivity,all,yield,ecfp4,0,1,k8
acid,156,10,True,0.0246406377617486,0.020501873425791,0.1679649843472189,0.2075235579665862,test_e1a,primary,p0f1,0.3157894736842105,0.1759016059608987,sensitivity/all/chemistry/yield/ecfp4/k8/p0f1/k8,sensitivity,all,yield,ecfp4,0,1,k8
acid,182,47,True,0.0219153841279629,0.0125251942780954,0.4284748008539841,0.3737671172372506,test_e1a,primary,p0f1,0.7254901960784313,-0.2224243844122486,sensitivity/all/chemistry/yield/ecfp4/k8/p0f1/k8,sensitivity,all,yield,ecfp4,0,1,k8
acid,187,85,True,0.0301140848980278,0.0294023361656342,0.0236350775659875,0.3035332075566623,test_e1a,primary,p0f1,0.5416666666666666,0.0264057526298948,sensitivity/all/chemistry/yield/ecfp4/k8/p0f1/k8,sensitivity,all,yield,ecfp4,0,1,k8
acid,203,18,True,0.0060269129295235,0.00368070334655,0.3892887802444226,0.0311812160650305,test_e1a,primary,p0f1,0.6,-0.1634544318999053,sensitivity/all/chemistry/yield/ecfp4/k8/p0f1/k8,sensitivity,all,yield,ecfp4,0,1,k8
acid,211,19,True,0.0886060064681348,0.1206751178719088,-0.3619293170074991,0.3887262265911139,test_e1a,primary,p0f1,0.36,-0.0273915091359246,sensitivity/all/chemistry/yield/ecfp4/k8/p0f1/k8,sensitivity,all,yield,ecfp4,0,1,k8
acid,224,17,True,0.006748696745629,0.0060839966857716,0.0984930994695904,0.0941023945591434,test_e1a,primary,p0f1,0.3870967741935484,-0.0625447454890113,sensitivity/all/chemistry/yield/ecfp4/k8/p0f1/k8,sensitivity,all,yield,ecfp4,0,1,k8
acid,246,13,True,0.001308595862188,0.0018363497752055,-0.4032978616752556,0.0179853929335546,test_e1a,primary,p0f1,0.40625,-0.0587127776341982,sensitivity/all/chemistry/yield/ecfp4/k8/p0f1/k8,sensitivity,all,yield,ecfp4,0,1,k8
acid,250,3,True,0.0162450566026365,0.0171276880519497,-0.0543323098775772,0.0,test_e1a,primary,p0f1,0.5666666666666667,-1.495261449793142,sensitivity/all/chemistry/yield/ecfp4/k8/p0f1/k8,sensitivity,all,yield,ecfp4,0,1,k8
acid,257,36,True,0.0344965467414668,0.0269334762048797,0.2192413806885733,0.2337810012376595,test_e1a,primary,p0f1,0.4848484848484848,-0.044532544111937,sensitivity/all/chemistry/yield/ecfp4/k8/p0f1/k8,sensitivity,all,yield,ecfp4,0,1,k8
acid,269,16,True,0.0106117467343027,0.0106960847407209,-0.0079476082995402,0.0707077317790164,test_e1a,primary,p0f1,0.4242424242424242,-0.1097851403748719,sensitivity/all/chemistry/yield/ecfp4/k8/p0f1/k8,sensitivity,all,yield,ecfp4,0,1,k8
amine,15,11,True,0.0926811833807836,0.0865424829649765,0.0662345925233387,0.235088630481821,test_e1n,primary,p0f1,0.125,0.0445345218968499,sensitivity/all/chemistry/yield/ecfp4/k8/p0f1/k8,sensitivity,all,yield,ecfp4,0,1,k8
amine,19,11,True,0.0012660849822925,0.0033168242075005,-1.619748479675319,0.0,test_e1n,primary,p0f1,0.4473684210526316,-0.0855866010160377,sensitivity/all/chemistry/yield/ecfp4/k8/p0f1/k8,sensitivity,all,yield,ecfp4,0,1,k8
amine,20,62,True,0.0024766380482843,0.0007964621424034,0.6784099545934212,0.0019939019939029,test_e1n,primary,p0f1,0.4473684210526316,-0.2805450587166713,sensitivity/all/chemistry/yield/ecfp4/k8/p0f1/k8,sensitivity,all,yield,ecfp4,0,1,k8
amine,32,62,True,0.0098936595817424,0.0059584184255354,0.3977538466624651,0.011654653997851,test_e1n,primary,p0f1,0.25,-0.2823386037748563,sensitivity/all/chemistry/yield/ecfp4/k8/p0f1/k8,sensitivity,all,yield,ecfp4,0,1,k8
amine,35,4,True,0.0714501782415569,0.0507252968111154,0.2900605980348345,0.2329476103476201,test_e1n,primary,p0f1,0.4230769230769231,0.1707052576181473,sensitivity/all/chemistry/yield/ecfp4/k8/p0f1/k8,sensitivity,all,yield,ecfp4,0,1,k8
amine,38,9,True,0.0409989367798116,0.0415063376255542,-0.0123759513196088,0.1904953768759523,test_e1n,primary,p0f1,0.2926829268292683,-0.0099583450292022,sensitivity/all/chemistry/yield/ecfp4/k8/p0f1/k8,sensitivity,all,yield,ecfp4,0,1,k8
amine,46,29,True,0.0041125229495162,0.0006173558744779,0.8498839077480326,0.0,test_e1n,primary,p0f1,0.7368421052631579,-0.3527982603067665,sensitivity/all/chemistry/yield/ecfp4/k8/p0f1/k8,sensitivity,all,yield,ecfp4,0,1,k8
amine,57,11,True,0.0176734874977943,0.0088296188738019,0.5004031391708164,0.0,test_e1n,primary,p0f1,0.44,-0.0855866010160377,sensitivity/all/chemistry/yield/ecfp4/k8/p0f1/k8,sensitivity,all,yield,ecfp4,0,1,k8
amine,59,48,True,0.0613182084518984,0.1036170236526732,-0.6898247073535488,0.1260632756343118,test_e1n,primary,p0f1,0.71875,-0.259126841871462,sensitivity/all/chemistry/yield/ecfp4/k8/p0f1/k8,sensitivity,all,yield,ecfp4,0,1,k8
amine,60,11,True,0.053915961713219,0.076743700109098,-0.4233948105627898,0.0,test_e1n,primary,p0f1,0.1724137931034483,-0.0855866010160377,sensitivity/all/chemistry/yield/ecfp4/k8/p0f1/k8,sensitivity,all,yield,ecfp4,0,1,k8
amine,73,128,True,0.1097725814298448,0.137366874995058,-0.2513769213202712,0.0775974254122534,test_e1n,primary,p0f1,0.2222222222222222,-0.1534520092789872,sensitivity/all/chemistry/yield/ecfp4/k8/p0f1/k8,sensitivity,all,yield,ecfp4,0,1,k8
amine,83,22,True,0.0944676343916893,0.1051684543240211,-0.1132749856735402,0.3458188646115364,test_e1n,primary,p0f1,0.53125,-0.1483754397628149,sensitivity/all/chemistry/yield/ecfp4/k8/p0f1/k8,sensitivity,all,yield,ecfp4,0,1,k8
amine,87,1,False,0.1589726074014761,0.1953669080403645,-0.2289344135054452,,test_e1n,primary,p0f1,0.3414634146341463,0.00113637318568,sensitivity/all/chemistry/yield/ecfp4/k8/p0f1/k8,sensitivity,all,yield,ecfp4,0,1,k8
amine,90,28,True,0.1682579551729725,0.1227617729589458,0.2703954304404552,0.2974572627421774,test_e1n,primary,p0f1,0.3414634146341463,0.0144852164136183,sensitivity/all/chemistry/yield/ecfp4/k8/p0f1/k8,sensitivity,all,yield,ecfp4,0,1,k8
amine,104,11,True,0.0118101784574299,0.003704778935739,0.6863062697068436,0.0488448378215977,test_e1n,primary,p0f1,0.4,-0.0994670094543872,sensitivity/all/chemistry/yield/ecfp4/k8/p0f1/k8,sensitivity,all,yield,ecfp4,0,1,k8
amine,107,39,True,0.16668978272071,0.1704935995269019,-0.0228197358236719,0.3489266602174822,test_e1n,primary,p0f1,0.3157894736842105,-0.0034563226387616,sensitivity/all/chemistry/yield/ecfp4/k8/p0f1/k8,sensitivity,all,yield,ecfp4,0,1,k8
amine,147,11,True,0.0981523086781501,0.0908867667303256,0.07402313858606,0.0,test_e1n,primary,p0f1,0.3658536585365853,-0.0855866010160377,sensitivity/all/chemistry/yield/ecfp4/k8/p0f1/k8,sensitivity,all,yield,ecfp4,0,1,k8
amine,153,13,True,0.1683672418652132,0.1466185215884269,0.1291742980157465,0.3781885534003864,test_e1n,primary,p0f1,0.2608695652173913,0.0099899501194542,sensitivity/all/chemistry/yield/ecfp4/k8/p0f1/k8,sensitivity,all,yield,ecfp4,0,1,k8
amine,160,10,True,0.0103903181655652,0.0119795079995373,-0.1529491021014983,0.1106232545373912,test_e1n,primary,p0f1,0.1617647058823529,-0.134077713004417,sensitivity/all/chemistry/yield/ecfp4/k8/p0f1/k8,sensitivity,all,yield,ecfp4,0,1,k8
amine,173,88,True,0.020658758496237,0.0275915324794821,-0.3355852184683718,0.1042251510219013,test_e1n,primary,p0f1,0.2666666666666666,-0.1469280158845072,sensitivity/all/chemistry/yield/ecfp4/k8/p0f1/k8,sensitivity,all,yield,ecfp4,0,1,k8
amine,181,11,True,0.0206976196877999,0.0140307903680556,0.3221060885408968,0.0053219955245787,test_e1n,primary,p0f1,0.2608695652173913,-0.0865335660011106,sensitivity/all/chemistry/yield/ecfp4/k8/p0f1/k8,sensitivity,all,yield,ecfp4,0,1,k8
amine,188,91,True,0.1152760016373323,0.1064059803392795,0.0769459486108707,0.298502892392668,test_e1n,primary,p0f1,0.2558139534883721,0.0433412070619534,sensitivity/all/chemistry/yield/ecfp4/k8/p0f1/k8,sensitivity,all,yield,ecfp4,0,1,k8
amine,191,49,True,0.0869242709235463,0.0682225056571774,0.2151500963731735,0.2449979600255207,test_e1n,primary,p0f1,0.22,0.1644945395780813,sensitivity/all/chemistry/yield/ecfp4/k8/p0f1/k8,sensitivity,all,yield,ecfp4,0,1,k8
amine,197,10,True,0.0696828654210049,0.0698590358865999,-0.0025281748178784,0.2506345655420345,test_e1n,primary,p0f1,0.1830985915492957,-0.0279109673836712,sensitivity/all/chemistry/yield/ecfp4/k8/p0f1/k8,sensitivity,all,yield,ecfp4,0,1,k8
amine,198,40,True,0.2563012434270252,0.2344811609535313,0.0851345166404025,0.3699146374069952,test_e1n,primary,p0f1,0.2641509433962264,0.0780695524867431,sensitivity/all/chemistry/yield/ecfp4/k8/p0f1/k8,sensitivity,all,yield,ecfp4,0,1,k8
amine,203,30,True,0.0048813886368788,0.0017817553300223,0.6349900688994174,0.0012962767194288,test_e1n,primary,p0f1,0.3783783783783784,-0.4260490473176668,sensitivity/all/chemistry/yield/ecfp4/k8/p0f1/k8,sensitivity,all,yield,ecfp4,0,1,k8
amine,205,28,True,0.0458744141651552,0.0266299191277792,0.4195038865911786,0.0768212791391254,test_e1n,primary,p0f1,0.3783783783783784,-0.2846792228496557,sensitivity/all/chemistry/yield/ecfp4/k8/p0f1/k8,sensitivity,all,yield,ecfp4,0,1,k8
amine,209,114,True,0.0966090910843114,0.0953943882696101,0.0125733800108023,0.3310549945941584,test_e1n,primary,p0f1,0.2954545454545454,-0.0032146366184833,sensitivity/all/chemistry/yield/ecfp4/k8/p0f1/k8,sensitivity,all,yield,ecfp4,0,1,k8
amine,210,37,True,0.1183262214194796,0.0722457329283411,0.3894359841659952,0.3009456395646445,test_e1n,primary,p0f1,0.3571428571428571,0.1005245008951273,sensitivity/all/chemistry/yield/ecfp4/k8/p0f1/k8,sensitivity,all,yield,ecfp4,0,1,k8
amine,223,54,True,0.1898322285739149,0.1605072326780794,0.1544784893278398,0.3586400235987392,test_e1n,primary,p0f1,0.3055555555555556,0.0792435710027739,sensitivity/all/chemistry/yield/ecfp4/k8/p0f1/k8,sensitivity,all,yield,ecfp4,0,1,k8
acid,6,55,True,0.0769950362371078,0.0790503332697211,-0.0266938900617441,0.3614915568261113,test_e1a,primary,p0f4,0.4318181818181818,0.1031018126221982,sensitivity/all/chemistry/yield/ecfp4/k8/p0f4/k8,sensitivity,all,yield,ecfp4,0,4,k8
acid,15,36,True,0.0517371847715548,0.0432958264198239,0.1631584398919976,0.1128656643206413,test_e1a,primary,p0f4,0.6666666666666666,-0.2281870266799537,sensitivity/all/chemistry/yield/ecfp4/k8/p0f4/k8,sensitivity,all,yield,ecfp4,0,4,k8
acid,23,45,True,0.0428873427894633,0.0402787674876626,0.060823896565622,0.3379982758308782,test_e1a,primary,p0f4,0.4651162790697674,0.078173759698469,sensitivity/all/chemistry/yield/ecfp4/k8/p0f4/k8,sensitivity,all,yield,ecfp4,0,4,k8
acid,37,33,True,0.0260649270334226,0.0231772210669641,0.1107889526318501,0.3117991692288775,test_e1a,primary,p0f4,0.6521739130434783,0.1320602848899502,sensitivity/all/chemistry/yield/ecfp4/k8/p0f4/k8,sensitivity,all,yield,ecfp4,0,4,k8
acid,54,10,True,0.0114546826209774,0.005165487907234,0.5490501065674029,0.1801155184874418,test_e1a,primary,p0f4,0.6888888888888889,0.2061593411443308,sensitivity/all/chemistry/yield/ecfp4/k8/p0f4/k8,sensitivity,all,yield,ecfp4,0,4,k8
acid,57,9,True,0.0948565792502034,0.1082374828475523,-0.1410645808980108,0.3003300101554954,test_e1a,primary,p0f4,0.5576923076923077,-0.04672207075101,sensitivity/all/chemistry/yield/ecfp4/k8/p0f4/k8,sensitivity,all,yield,ecfp4,0,4,k8
acid,65,12,True,0.0235097495031499,0.0243433608309028,-0.0354581118629595,0.1322998141848027,test_e1a,primary,p0f4,0.6909090909090909,0.0075776352901036,sensitivity/all/chemistry/yield/ecfp4/k8/p0f4/k8,sensitivity,all,yield,ecfp4,0,4,k8
acid,68,68,True,0.0381955369640823,0.0350511439063341,0.0823235725342732,0.2876838888950212,test_e1a,primary,p0f4,0.3148148148148148,0.1257706920712227,sensitivity/all/chemistry/yield/ecfp4/k8/p0f4/k8,sensitivity,all,yield,ecfp4,0,4,k8
acid,70,2,False,0.0119361115161609,0.0012562528656939,0.8947519161501604,0.0,test_e1a,primary,p0f4,0.25,0.3337284801576686,sensitivity/all/chemistry/yield/ecfp4/k8/p0f4/k8,sensitivity,all,yield,ecfp4,0,4,k8
acid,76,46,True,0.0293124954452657,0.0114432326554219,0.6096124713506736,0.3738588073663781,test_e1a,primary,p0f4,0.7111111111111111,0.2794629186537471,sensitivity/all/chemistry/yield/ecfp4/k8/p0f4/k8,sensitivity,all,yield,ecfp4,0,4,k8
acid,97,8,True,0.0051339012761218,0.003373638032548,0.3428704894971225,0.0718237512944012,test_e1a,primary,p0f4,0.1630434782608695,0.2844093142191487,sensitivity/all/chemistry/yield/ecfp4/k8/p0f4/k8,sensitivity,all,yield,ecfp4,0,4,k8
acid,98,31,True,0.0277786300039838,0.0240337953834637,0.1348099103513386,0.2683746410868483,test_e1a,primary,p0f4,0.1630434782608695,0.0865556380764844,sensitivity/all/chemistry/yield/ecfp4/k8/p0f4/k8,sensitivity,all,yield,ecfp4,0,4,k8
acid,108,18,True,0.0758794520944405,0.0469521333641486,0.3812273010918502,0.3458956028985843,test_e1a,primary,p0f4,0.65,0.2409317645420151,sensitivity/all/chemistry/yield/ecfp4/k8/p0f4/k8,sensitivity,all,yield,ecfp4,0,4,k8
acid,118,10,True,0.0076891024261866,0.010007193991377,-0.3014775245151726,0.0102457796189455,test_e1a,primary,p0f4,0.5454545454545454,-0.1552751547712674,sensitivity/all/chemistry/yield/ecfp4/k8/p0f4/k8,sensitivity,all,yield,ecfp4,0,4,k8
acid,121,4,True,0.0287250218767867,0.0436825111788063,-0.520712895056386,0.2404163056034261,test_e1a,primary,p0f4,0.8490566037735849,-0.51706080586792,sensitivity/all/chemistry/yield/ecfp4/k8/p0f4/k8,sensitivity,all,yield,ecfp4,0,4,k8
acid,141,35,True,0.0218529973054629,0.0174328668966039,0.2022665516804871,0.3170466521353791,test_e1a,primary,p0f4,0.4146341463414634,0.2094273812428653,sensitivity/all/chemistry/yield/ecfp4/k8/p0f4/k8,sensitivity,all,yield,ecfp4,0,4,k8
acid,145,63,True,0.0460189964618261,0.0415388977789974,0.0973532459914685,0.3085750950468202,test_e1a,primary,p0f4,0.3,0.0953696001127895,sensitivity/all/chemistry/yield/ecfp4/k8/p0f4/k8,sensitivity,all,yield,ecfp4,0,4,k8
acid,157,18,True,0.1088771141433119,0.0963751042043874,0.1148267938335366,0.377757155108006,test_e1a,primary,p0f4,0.4222222222222222,0.1484634843894191,sensitivity/all/chemistry/yield/ecfp4/k8/p0f4/k8,sensitivity,all,yield,ecfp4,0,4,k8
acid,159,27,True,0.0632743092923124,0.0573002653417578,0.0944150006119525,0.3592313603861727,test_e1a,primary,p0f4,0.4,0.1249552246345583,sensitivity/all/chemistry/yield/ecfp4/k8/p0f4/k8,sensitivity,all,yield,ecfp4,0,4,k8
acid,175,2,False,0.0033848589414728,0.0024462708908436,0.2772901520737527,0.0,test_e1a,primary,p0f4,0.7924528301886793,-1.38584156240317,sensitivity/all/chemistry/yield/ecfp4/k8/p0f4/k8,sensitivity,all,yield,ecfp4,0,4,k8
acid,186,10,True,0.2412078811909204,0.246266591308167,-0.02097240808331,0.3581958123708315,test_e1a,primary,p0f4,0.6111111111111112,-0.006345131803376,sensitivity/all/chemistry/yield/ecfp4/k8/p0f4/k8,sensitivity,all,yield,ecfp4,0,4,k8
acid,188,121,True,0.0658138337621754,0.0695678156015921,-0.0570394037974157,0.3509904690515898,test_e1a,primary,p0f4,0.34375,0.1286055554248051,sensitivity/all/chemistry/yield/ecfp4/k8/p0f4/k8,sensitivity,all,yield,ecfp4,0,4,k8
acid,196,8,True,0.0053363892480596,0.0024131483767588,0.5477937862879312,0.0,test_e1a,primary,p0f4,0.6551724137931034,-0.0152096076321839,sensitivity/all/chemistry/yield/ecfp4/k8/p0f4/k8,sensitivity,all,yield,ecfp4,0,4,k8
acid,197,41,True,0.0296408715931216,0.0247161726587132,0.1661455507115107,0.1880665726706837,test_e1a,primary,p0f4,0.6551724137931034,-0.2413603849478953,sensitivity/all/chemistry/yield/ecfp4/k8/p0f4/k8,sensitivity,all,yield,ecfp4,0,4,k8
acid,204,12,True,0.0080682728824616,0.0057013805072924,0.2933579973868019,0.0784895283500038,test_e1a,primary,p0f4,0.6206896551724138,-0.1166084694284275,sensitivity/all/chemistry/yield/ecfp4/k8/p0f4/k8,sensitivity,all,yield,ecfp4,0,4,k8
acid,210,25,True,0.0102341403806282,0.0113425385117878,-0.1083039796149014,0.2196336262202731,test_e1a,primary,p0f4,0.3513513513513513,-0.0367174455859202,sensitivity/all/chemistry/yield/ecfp4/k8/p0f4/k8,sensitivity,all,yield,ecfp4,0,4,k8
acid,212,18,True,0.0051031788912147,0.0076662803874385,-0.5022558587229116,0.1667836656983856,test_e1a,primary,p0f4,0.358974358974359,0.0760725064118494,sensitivity/all/chemistry/yield/ecfp4/k8/p0f4/k8,sensitivity,all,yield,ecfp4,0,4,k8
acid,215,80,True,0.052559621876942,0.0544690131331537,-0.0363281010788507,0.3186274700705266,test_e1a,primary,p0f4,0.1875,0.0662407973313208,sensitivity/all/chemistry/yield/ecfp4/k8/p0f4/k8,sensitivity,all,yield,ecfp4,0,4,k8
acid,227,17,True,0.1326539389115447,0.1004034274767152,0.2431176314812222,0.3958433260142199,test_e1a,primary,p0f4,0.3023255813953488,0.2347616606905547,sensitivity/all/chemistry/yield/ecfp4/k8/p0f4/k8,sensitivity,all,yield,ecfp4,0,4,k8
acid,230,98,True,0.0613115174832778,0.0584861391549945,0.0460823421807149,0.2661912040832407,test_e1a,primary,p0f4,0.6285714285714286,0.055619007913325,sensitivity/all/chemistry/yield/ecfp4/k8/p0f4/k8,sensitivity,all,yield,ecfp4,0,4,k8
acid,241,120,True,0.0397197245545224,0.0375113002185013,0.0556001926194026,0.3048491495621983,test_e1a,primary,p0f4,0.5833333333333334,0.1454405290651276,sensitivity/all/chemistry/yield/ecfp4/k8/p0f4/k8,sensitivity,all,yield,ecfp4,0,4,k8
acid,244,21,True,0.021080361103847,0.0131148084060708,0.3778660459626813,0.2803485262006154,test_e1a,primary,p0f4,0.3137254901960784,0.1688321955942779,sensitivity/all/chemistry/yield/ecfp4/k8/p0f4/k8,sensitivity,all,yield,ecfp4,0,4,k8
acid,259,2,False,0.0038394721378149,0.000148618205932,0.9612920212473104,0.0,test_e1a,primary,p0f4,0.5,0.3337284801576686,sensitivity/all/chemistry/yield/ecfp4/k8/p0f4/k8,sensitivity,all,yield,ecfp4,0,4,k8
amine,5,49,True,0.0177182513636386,0.0175958127718923,0.0069103089934468,0.1254264667561243,test_e1n,primary,p0f4,0.6578947368421053,-0.1527553167796465,sensitivity/all/chemistry/yield/ecfp4/k8/p0f4/k8,sensitivity,all,yield,ecfp4,0,4,k8
amine,12,10,True,0.0175156088364409,0.0213049147179954,-0.2163388048305186,0.0,test_e1n,primary,p0f4,0.2340425531914893,-0.2512147175740258,sensitivity/all/chemistry/yield/ecfp4/k8/p0f4/k8,sensitivity,all,yield,ecfp4,0,4,k8
amine,36,10,True,0.0248265656046855,0.0328295409012042,-0.3223553118039122,0.0,test_e1n,primary,p0f4,0.1958762886597938,-0.2512147175740258,sensitivity/all/chemistry/yield/ecfp4/k8/p0f4/k8,sensitivity,all,yield,ecfp4,0,4,k8
amine,47,41,True,0.0077200300833691,0.0026675886416485,0.6544587763465843,0.0193343117218094,test_e1n,primary,p0f4,0.7368421052631579,-0.3675883993136632,sensitivity/all/chemistry/yield/ecfp4/k8/p0f4/k8,sensitivity,all,yield,ecfp4,0,4,k8
amine,63,10,True,0.0161026389056121,0.0324674780248586,-1.0162830586446892,0.0167505522297027,test_e1n,primary,p0f4,0.180327868852459,-0.2632086920755483,sensitivity/all/chemistry/yield/ecfp4/k8/p0f4/k8,sensitivity,all,yield,ecfp4,0,4,k8
amine,67,54,True,0.0240942340210417,0.0342246666013597,-0.4204504933201411,0.1139952584005393,test_e1n,primary,p0f4,0.3658536585365853,-0.1668497200060679,sensitivity/all/chemistry/yield/ecfp4/k8/p0f4/k8,sensitivity,all,yield,ecfp4,0,4,k8
amine,75,26,True,0.0442714777327957,0.0545281043026672,-0.2316757220478649,0.2235303201254465,test_e1n,primary,p0f4,0.1208791208791208,-0.0684124302084625,sensitivity/all/chemistry/yield/ecfp4/k8/p0f4/k8,sensitivity,all,yield,ecfp4,0,4,k8
amine,80,8,True,0.0604575592277516,0.0596741252596735,0.0129584121172807,0.2669051570448628,test_e1n,primary,p0f4,0.3,-0.0865583101734448,sensitivity/all/chemistry/yield/ecfp4/k8/p0f4/k8,sensitivity,all,yield,ecfp4,0,4,k8
amine,84,7,True,0.0801268899203795,0.0425586437319029,0.4688594081937715,0.2987546979108605,test_e1n,primary,p0f4,0.53125,0.0783272537264206,sensitivity/all/chemistry/yield/ecfp4/k8/p0f4/k8,sensitivity,all,yield,ecfp4,0,4,k8
amine,100,9,True,0.0086261796806554,0.0053051924133718,0.3849893452522273,0.0,test_e1n,primary,p0f4,0.2394366197183098,-0.2360712849056199,sensitivity/all/chemistry/yield/ecfp4/k8/p0f4/k8,sensitivity,all,yield,ecfp4,0,4,k8
amine,112,56,True,0.0537298623171811,0.0470518839853034,0.124288022412116,0.273903562230573,test_e1n,primary,p0f4,0.293103448275862,0.0813476545383501,sensitivity/all/chemistry/yield/ecfp4/k8/p0f4/k8,sensitivity,all,yield,ecfp4,0,4,k8
amine,121,59,True,0.0147937329497696,0.0035279206197413,0.761526003496212,0.0028120804771857,test_e1n,primary,p0f4,0.3125,-0.1865125946939132,sensitivity/all/chemistry/yield/ecfp4/k8/p0f4/k8,sensitivity,all,yield,ecfp4,0,4,k8
amine,140,24,True,0.0708564003792079,0.052599496051277,0.2576606238847019,0.2979123645275667,test_e1n,primary,p0f4,0.4473684210526316,0.0627874219512609,sensitivity/all/chemistry/yield/ecfp4/k8/p0f4/k8,sensitivity,all,yield,ecfp4,0,4,k8
amine,143,10,True,0.0171987378486227,0.0088559124264676,0.4850835855273665,0.0,test_e1n,primary,p0f4,0.1392405063291139,-0.2512147175740258,sensitivity/all/chemistry/yield/ecfp4/k8/p0f4/k8,sensitivity,all,yield,ecfp4,0,4,k8
amine,145,42,True,0.1038318174876075,0.034410772030546,0.6685912578323784,0.2969280811827834,test_e1n,primary,p0f4,0.4615384615384615,0.0612602990881121,sensitivity/all/chemistry/yield/ecfp4/k8/p0f4/k8,sensitivity,all,yield,ecfp4,0,4,k8
amine,162,10,True,0.0500709565589939,0.0355016678525043,0.2909728454922569,0.0246249106033346,test_e1n,primary,p0f4,0.1612903225806451,-0.2559135542450632,sensitivity/all/chemistry/yield/ecfp4/k8/p0f4/k8,sensitivity,all,yield,ecfp4,0,4,k8
amine,164,7,True,0.0568189007809991,0.064199258260147,-0.129892648004481,0.0,test_e1n,primary,p0f4,0.4444444444444444,-0.2815988313959343,sensitivity/all/chemistry/yield/ecfp4/k8/p0f4/k8,sensitivity,all,yield,ecfp4,0,4,k8
amine,169,70,True,0.1604372299484656,0.1403220362480828,0.125377343568223,0.3741403720807258,test_e1n,primary,p0f4,0.1785714285714285,0.0618031491106083,sensitivity/all/chemistry/yield/ecfp4/k8/p0f4/k8,sensitivity,all,yield,ecfp4,0,4,k8
amine,170,40,True,0.219935073059429,0.2149545851100343,0.0226452647143228,0.3409662026920045,test_e1n,primary,p0f4,0.3714285714285714,0.0237011968017937,sensitivity/all/chemistry/yield/ecfp4/k8/p0f4/k8,sensitivity,all,yield,ecfp4,0,4,k8
amine,176,62,True,0.1814846932708727,0.1758696859154457,0.0309392888966475,0.3928585205459096,test_e1n,primary,p0f4,0.1923076923076923,0.0638176423732511,sensitivity/all/chemistry/yield/ecfp4/k8/p0f4/k8,sensitivity,all,yield,ecfp4,0,4,k8
amine,178,79,True,0.0277095272650062,0.0259831566940394,0.0623024187477554,0.1605064206537571,test_e1n,primary,p0f4,0.3043478260869565,-0.1578965064192736,sensitivity/all/chemistry/yield/ecfp4/k8/p0f4/k8,sensitivity,all,yield,ecfp4,0,4,k8
amine,182,122,True,0.014789055812735,0.0089823625786719,0.3926344796848313,0.0030628603739371,test_e1n,primary,p0f4,0.2608695652173913,-0.2440002975708786,sensitivity/all/chemistry/yield/ecfp4/k8/p0f4/k8,sensitivity,all,yield,ecfp4,0,4,k8
amine,192,97,True,0.0352906507235494,0.0492458610218651,-0.3954364686453171,0.158769403852431,test_e1n,primary,p0f4,0.2558139534883721,-0.0913173544014807,sensitivity/all/chemistry/yield/ecfp4/k8/p0f4/k8,sensitivity,all,yield,ecfp4,0,4,k8
amine,207,100,True,0.032909769031302,0.040723887603373,-0.2374406992841131,0.0819224840007216,test_e1n,primary,p0f4,0.2321428571428571,-0.1858990265615681,sensitivity/all/chemistry/yield/ecfp4/k8/p0f4/k8,sensitivity,all,yield,ecfp4,0,4,k8
amine,213,22,True,0.0572491772719861,0.0478816796679556,0.163626763744155,0.2883661852515596,test_e1n,primary,p0f4,0.2903225806451613,0.070411409736056,sensitivity/all/chemistry/yield/ecfp4/k8/p0f4/k8,sensitivity,all,yield,ecfp4,0,4,k8
amine,215,9,True,0.1406910380179208,0.136267824307958,0.0314392001955327,0.2873133253861443,test_e1n,primary,p0f4,0.293103448275862,0.0839614027511623,sensitivity/all/chemistry/yield/ecfp4/k8/p0f4/k8,sensitivity,all,yield,ecfp4,0,4,k8
amine,216,10,True,0.1012581809548508,0.1801961915739971,-0.7795716837372704,0.2599387910857306,test_e1n,primary,p0f4,0.2711864406779661,-0.0200079216700186,sensitivity/all/chemistry/yield/ecfp4/k8/p0f4/k8,sensitivity,all,yield,ecfp4,0,4,k8
amine,219,40,True,0.0314976335911663,0.0269353319465688,0.1448458542573498,0.033470440077393,test_e1n,primary,p0f4,0.3513513513513513,-0.206013884082058,sensitivity/all/chemistry/yield/ecfp4/k8/p0f4/k8,sensitivity,all,yield,ecfp4,0,4,k8
acid,5,27,True,0.0779591485174594,0.0804942100590802,-0.0325178197790732,0.3640691345463725,test_e1a,primary,p0f0,0.7777777777777778,-0.0026724605425294,sensitivity/all/chemistry/yield/ecfp4/k8/p0f0/k8,sensitivity,all,yield,ecfp4,0,0,k8
acid,11,37,True,0.0514370986646981,0.0544466631476902,-0.0585096080673299,0.3331568194129025,test_e1a,primary,p0f0,0.4545454545454545,0.0187235159546368,sensitivity/all/chemistry/yield/ecfp4/k8/p0f0/k8,sensitivity,all,yield,ecfp4,0,0,k8
acid,12,26,True,0.0247948385557976,0.0143021815802439,0.4231790802727453,0.0246714098003835,test_e1a,primary,p0f0,0.3421052631578947,0.0778100325776903,sensitivity/all/chemistry/yield/ecfp4/k8/p0f0/k8,sensitivity,all,yield,ecfp4,0,0,k8
acid,16,58,True,0.068488298681124,0.0731644097349652,-0.0682760580112051,0.2062549453170895,test_e1a,primary,p0f0,0.2978723404255319,-0.1004629813320643,sensitivity/all/chemistry/yield/ecfp4/k8/p0f0/k8,sensitivity,all,yield,ecfp4,0,0,k8
acid,36,47,True,0.0602267334183854,0.0580001364063618,0.0369702437048312,0.3394349949142441,test_e1a,primary,p0f0,0.3888888888888889,0.0436738619955756,sensitivity/all/chemistry/yield/ecfp4/k8/p0f0/k8,sensitivity,all,yield,ecfp4,0,0,k8
acid,41,6,True,0.0128001062031282,0.007880968404508,0.3843044518972824,0.0,test_e1a,primary,p0f0,0.6521739130434783,0.7393680394146884,sensitivity/all/chemistry/yield/ecfp4/k8/p0f0/k8,sensitivity,all,yield,ecfp4,0,0,k8
acid,52,47,True,0.0392351910793946,0.0503687662938388,-0.2837650310384572,0.3555336429212341,test_e1a,primary,p0f0,0.6041666666666666,-0.0386935874106231,sensitivity/all/chemistry/yield/ecfp4/k8/p0f0/k8,sensitivity,all,yield,ecfp4,0,0,k8
acid,58,118,True,0.0379896649222139,0.0287538004749377,0.2431151858324415,0.3058453287474176,test_e1a,primary,p0f0,0.5,0.1213311079410874,sensitivity/all/chemistry/yield/ecfp4/k8/p0f0/k8,sensitivity,all,yield,ecfp4,0,0,k8
acid,61,6,True,0.0351060038140714,0.0346661765281052,0.0125285489141867,0.0,test_e1a,primary,p0f0,0.59375,0.4216238179141081,sensitivity/all/chemistry/yield/ecfp4/k8/p0f0/k8,sensitivity,all,yield,ecfp4,0,0,k8
acid,79,12,True,0.1015406697724421,0.0922953000572024,0.091050903406084,0.3036499104331509,test_e1a,primary,p0f0,0.5319148936170213,0.1248166438811003,sensitivity/all/chemistry/yield/ecfp4/k8/p0f0/k8,sensitivity,all,yield,ecfp4,0,0,k8
acid,88,9,True,0.0153030893700937,0.0076445320271794,0.500458251121576,0.0,test_e1a,primary,p0f0,0.24,0.6971177198205925,sensitivity/all/chemistry/yield/ecfp4/k8/p0f0/k8,sensitivity,all,yield,ecfp4,0,0,k8
acid,89,27,True,0.0193776790089267,0.0187012244541747,0.0349089565597794,0.284323174636412,test_e1a,primary,p0f0,0.2318840579710145,0.1465761562605346,sensitivity/all/chemistry/yield/ecfp4/k8/p0f0/k8,sensitivity,all,yield,ecfp4,0,0,k8
acid,96,77,True,0.0506173864666088,0.0496336650655904,0.0194344566104235,0.2464212314755796,test_e1a,primary,p0f0,0.3968253968253968,-0.0168438211088128,sensitivity/all/chemistry/yield/ecfp4/k8/p0f0/k8,sensitivity,all,yield,ecfp4,0,0,k8
acid,99,2,False,0.0360202055488769,0.0240593651849741,0.3320591923794762,0.1753624817342637,test_e1a,primary,p0f0,0.4090909090909091,0.0291073836106682,sensitivity/all/chemistry/yield/ecfp4/k8/p0f0/k8,sensitivity,all,yield,ecfp4,0,0,k8
acid,123,2,False,0.0453260177068491,0.0281156510474599,0.3797017150436435,0.0228395490323254,test_e1a,primary,p0f0,0.3018867924528302,0.4569053363356743,sensitivity/all/chemistry/yield/ecfp4/k8/p0f0/k8,sensitivity,all,yield,ecfp4,0,0,k8
acid,130,4,True,0.0204732297528905,0.0106124853522865,0.4816408802920687,0.0,test_e1a,primary,p0f0,0.6857142857142857,0.4346156877452612,sensitivity/all/chemistry/yield/ecfp4/k8/p0f0/k8,sensitivity,all,yield,ecfp4,0,0,k8
acid,136,4,True,0.0022158673374644,0.0028678336771994,-0.2942262511442119,0.0,test_e1a,primary,p0f0,0.5833333333333334,-0.6065912261322142,sensitivity/all/chemistry/yield/ecfp4/k8/p0f0/k8,sensitivity,all,yield,ecfp4,0,0,k8
acid,138,8,True,0.0212746795944879,0.0153543354964325,0.2782812343547238,0.0106066017177982,test_e1a,primary,p0f0,0.5238095238095238,0.7355791829624911,sensitivity/all/chemistry/yield/ecfp4/k8/p0f0/k8,sensitivity,all,yield,ecfp4,0,0,k8
acid,150,52,True,0.0606932075473847,0.0379761445065662,0.3742933346055686,0.3967782415928427,test_e1a,primary,p0f0,0.5714285714285714,0.1039473738801529,sensitivity/all/chemistry/yield/ecfp4/k8/p0f0/k8,sensitivity,all,yield,ecfp4,0,0,k8
acid,154,90,True,0.0252278950581942,0.0192085520359566,0.238598702283823,0.2900397913529106,test_e1a,primary,p0f0,0.234375,0.0394304199713316,sensitivity/all/chemistry/yield/ecfp4/k8/p0f0/k8,sensitivity,all,yield,ecfp4,0,0,k8
acid,158,17,True,0.03494378583769,0.0356642024301588,-0.0206164436737072,0.1357204100564183,test_e1a,primary,p0f0,0.2894736842105263,-0.359557768376521,sensitivity/all/chemistry/yield/ecfp4/k8/p0f0/k8,sensitivity,all,yield,ecfp4,0,0,k8
acid,166,18,True,0.0491770293913017,0.0471249340454159,0.0417287374061841,0.3294015862135457,test_e1a,primary,p0f0,0.6896551724137931,0.0705917372435532,sensitivity/all/chemistry/yield/ecfp4/k8/p0f0/k8,sensitivity,all,yield,ecfp4,0,0,k8
acid,169,48,True,0.0309016514289547,0.0329900454311435,-0.0675819545434412,0.2886685729267517,test_e1a,primary,p0f0,0.6415094339622641,-0.0190995927382218,sensitivity/all/chemistry/yield/ecfp4/k8/p0f0/k8,sensitivity,all,yield,ecfp4,0,0,k8
acid,170,32,True,0.0731392988249472,0.0768103253219123,-0.0501922571851751,0.0071581156006041,test_e1a,primary,p0f0,0.8490566037735849,-0.0610267836618021,sensitivity/all/chemistry/yield/ecfp4/k8/p0f0/k8,sensitivity,all,yield,ecfp4,0,0,k8
acid,171,2,False,5.7190914439583354e-05,0.0014497373252775,-24.34908454399788,0.0,test_e1a,primary,p0f0,0.6530612244897959,-0.9399025342078272,sensitivity/all/chemistry/yield/ecfp4/k8/p0f0/k8,sensitivity,all,yield,ecfp4,0,0,k8
acid,194,22,True,0.0026711586799214,0.0028950483170023,-0.083817423039592,0.1326066712653223,test_e1a,primary,p0f0,0.4666666666666667,0.0303838306563746,sensitivity/all/chemistry/yield/ecfp4/k8/p0f0/k8,sensitivity,all,yield,ecfp4,0,0,k8
acid,205,20,True,0.0118095848723982,0.0121543530029879,-0.0291939246226526,0.1662339287047971,test_e1a,primary,p0f0,0.5208333333333334,-0.0152332165513962,sensitivity/all/chemistry/yield/ecfp4/k8/p0f0/k8,sensitivity,all,yield,ecfp4,0,0,k8
acid,218,2,False,0.0436796266345028,0.0351441759055108,0.1954103408532765,0.0204353859762912,test_e1a,primary,p0f0,0.5294117647058824,0.541392821519643,sensitivity/all/chemistry/yield/ecfp4/k8/p0f0/k8,sensitivity,all,yield,ecfp4,0,0,k8
acid,220,95,True,0.0515866338564352,0.0534261795355436,-0.0356593470360522,0.118171444435427,test_e1a,primary,p0f0,0.2622950819672131,-0.1283613470857436,sensitivity/all/chemistry/yield/ecfp4/k8/p0f0/k8,sensitivity,all,yield,ecfp4,0,0,k8
acid,248,19,True,0.0109770898196951,0.008877817979232,0.1912412009872239,0.1488236499079693,test_e1a,primary,p0f0,0.5172413793103449,-0.0050611525378998,sensitivity/all/chemistry/yield/ecfp4/k8/p0f0/k8,sensitivity,all,yield,ecfp4,0,0,k8
acid,260,2,False,9.389867414217871e-05,0.0004805937666874,-4.1182167488305685,0.0,test_e1a,primary,p0f0,0.6764705882352942,0.6577793867149104,sensitivity/all/chemistry/yield/ecfp4/k8/p0f0/k8,sensitivity,all,yield,ecfp4,0,0,k8
acid,264,130,True,0.066404808593851,0.0654719964647631,0.0140473581483119,0.3195784426648646,test_e1a,primary,p0f0,0.2926829268292683,0.0720472855780551,sensitivity/all/chemistry/yield/ecfp4/k8/p0f0/k8,sensitivity,all,yield,ecfp4,0,0,k8
acid,266,32,True,0.0420443177696485,0.0479822026789497,-0.1412291892053883,0.3000735835664904,test_e1a,primary,p0f0,0.391304347826087,-0.0485589926650618,sensitivity/all/chemistry/yield/ecfp4/k8/p0f0/k8,sensitivity,all,yield,ecfp4,0,0,k8
acid,267,10,True,0.0083354460462511,0.0030995102631799,0.6281530411232242,0.0031622776601683,test_e1a,primary,p0f0,0.4857142857142857,0.737453439010747,sensitivity/all/chemistry/yield/ecfp4/k8/p0f0/k8,sensitivity,all,yield,ecfp4,0,0,k8
amine,0,11,True,0.0402305814342918,0.0224841096985526,0.4411189474038369,0.0,test_e1n,primary,p0f0,0.1951219512195122,0.0996418572750457,sensitivity/all/chemistry/yield/ecfp4/k8/p0f0/k8,sensitivity,all,yield,ecfp4,0,0,k8
amine,11,118,True,0.0141287918021802,0.0072756392033831,0.4850487355712594,0.0690430963423742,test_e1n,primary,p0f0,0.2647058823529412,0.1517747670404895,sensitivity/all/chemistry/yield/ecfp4/k8/p0f0/k8,sensitivity,all,yield,ecfp4,0,0,k8
amine,30,11,True,0.1125530328622013,0.114778411453208,-0.0197718225303737,0.282864144069198,test_e1n,primary,p0f0,0.3,-0.0531749776255188,sensitivity/all/chemistry/yield/ecfp4/k8/p0f0/k8,sensitivity,all,yield,ecfp4,0,0,k8
amine,31,10,True,0.0068961635083291,0.0014330283044271,0.7921991984824146,0.0,test_e1n,primary,p0f0,0.25,0.1019330358122755,sensitivity/all/chemistry/yield/ecfp4/k8/p0f0/k8,sensitivity,all,yield,ecfp4,0,0,k8
amine,41,53,True,0.0249132030446543,0.0201057824406171,0.1929667813255632,0.0888682528890546,test_e1n,primary,p0f0,0.3809523809523809,0.0691031071578075,sensitivity/all/chemistry/yield/ecfp4/k8/p0f0/k8,sensitivity,all,yield,ecfp4,0,0,k8
amine,56,11,True,0.0019440138684618,0.0029383390113185,-0.5114804780911946,0.0,test_e1n,primary,p0f0,0.8333333333333334,0.0996418572750457,sensitivity/all/chemistry/yield/ecfp4/k8/p0f0/k8,sensitivity,all,yield,ecfp4,0,0,k8
amine,66,129,True,0.035659258075095,0.0346164572198942,0.0292434815386426,0.0722610438402314,test_e1n,primary,p0f0,0.3658536585365853,0.1760460884367307,sensitivity/all/chemistry/yield/ecfp4/k8/p0f0/k8,sensitivity,all,yield,ecfp4,0,0,k8
amine,72,62,True,0.0069038825768345,0.0029143878032487,0.5778624895753901,0.0445039071303609,test_e1n,primary,p0f0,0.34375,0.1139996722559071,sensitivity/all/chemistry/yield/ecfp4/k8/p0f0/k8,sensitivity,all,yield,ecfp4,0,0,k8
amine,88,10,True,0.009312366490796,0.0021011656957183,0.7743682341330695,0.0,test_e1n,primary,p0f0,0.325,0.0994886590266364,sensitivity/all/chemistry/yield/ecfp4/k8/p0f0/k8,sensitivity,all,yield,ecfp4,0,0,k8
amine,89,19,True,0.1087453481434287,0.0626628110491239,0.423765594400642,0.2759908692022997,test_e1n,primary,p0f0,0.2857142857142857,-0.0609622058006324,sensitivity/all/chemistry/yield/ecfp4/k8/p0f0/k8,sensitivity,all,yield,ecfp4,0,0,k8
amine,94,11,True,0.0040041953532063,0.0007363669439566,0.8161011441744583,0.0,test_e1n,primary,p0f0,0.1818181818181818,0.0996418680137598,sensitivity/all/chemistry/yield/ecfp4/k8/p0f0/k8,sensitivity,all,yield,ecfp4,0,0,k8
amine,96,51,True,0.0341151321912246,0.0421986829333938,-0.2369491255920908,0.1844569818386379,test_e1n,primary,p0f0,0.293103448275862,0.0562043886187579,sensitivity/all/chemistry/yield/ecfp4/k8/p0f0/k8,sensitivity,all,yield,ecfp4,0,0,k8
amine,98,10,True,0.0191443095880371,0.0637620470810617,-2.3306004997383156,0.0655121914014652,test_e1n,primary,p0f0,0.1971830985915492,0.1223558407959489,sensitivity/all/chemistry/yield/ecfp4/k8/p0f0/k8,sensitivity,all,yield,ecfp4,0,0,k8
amine,101,47,True,0.0047724688457066,0.0014163895335899,0.7032165993363875,0.0090634657130043,test_e1n,primary,p0f0,0.4078947368421052,0.1068464779595026,sensitivity/all/chemistry/yield/ecfp4/k8/p0f0/k8,sensitivity,all,yield,ecfp4,0,0,k8
amine,103,40,True,0.0824973964999979,0.0802890432438051,0.0267687630141505,0.2947857309196735,test_e1n,primary,p0f0,0.2241379310344827,-0.0573288306299228,sensitivity/all/chemistry/yield/ecfp4/k8/p0f0/k8,sensitivity,all,yield,ecfp4,0,0,k8
amine,108,31,True,0.1061651440687491,0.0725448762214478,0.3166789641007776,0.2536953027228842,test_e1n,primary,p0f0,0.1714285714285714,-0.0232828397855191,sensitivity/all/chemistry/yield/ecfp4/k8/p0f0/k8,sensitivity,all,yield,ecfp4,0,0,k8
amine,123,30,True,0.0413234847873251,0.0379431334086928,0.0818021857553781,0.1878293474982256,test_e1n,primary,p0f0,0.3478260869565217,0.0483456742488934,sensitivity/all/chemistry/yield/ecfp4/k8/p0f0/k8,sensitivity,all,yield,ecfp4,0,0,k8
amine,133,60,True,0.0208807147551796,0.0217331067554941,-0.0408219742623061,0.106275246771161,test_e1n,primary,p0f0,0.3829787234042553,0.0774701258941101,sensitivity/all/chemistry/yield/ecfp4/k8/p0f0/k8,sensitivity,all,yield,ecfp4,0,0,k8
amine,139,85,True,0.2043164566748965,0.2274808273464406,-0.1133749627833584,0.4096063472548791,test_e1n,primary,p0f0,0.2307692307692307,-0.055186104991576,sensitivity/all/chemistry/yield/ecfp4/k8/p0f0/k8,sensitivity,all,yield,ecfp4,0,0,k8
amine,144,29,True,0.2421481215837846,0.2448069224930131,-0.0109800600220988,0.3660986374461143,test_e1n,primary,p0f0,0.1904761904761904,0.040199392318338,sensitivity/all/chemistry/yield/ecfp4/k8/p0f0/k8,sensitivity,all,yield,ecfp4,0,0,k8
amine,146,4,True,0.1374902366221878,0.098083499645578,0.2866148022197122,0.4879086210552136,test_e1n,primary,p0f0,0.2592592592592592,-0.049420172872505,sensitivity/all/chemistry/yield/ecfp4/k8/p0f0/k8,sensitivity,all,yield,ecfp4,0,0,k8
amine,157,11,True,0.0304758934812442,0.0447531508624721,-0.4684770731993324,0.1843440360748446,test_e1n,primary,p0f0,0.1780821917808219,0.0731681336034598,sensitivity/all/chemistry/yield/ecfp4/k8/p0f0/k8,sensitivity,all,yield,ecfp4,0,0,k8
amine,171,11,True,0.0512867251735516,0.0257603255993242,0.4977194291085531,0.147618172076722,test_e1n,primary,p0f0,0.2424242424242424,-0.0600664983979317,sensitivity/all/chemistry/yield/ecfp4/k8/p0f0/k8,sensitivity,all,yield,ecfp4,0,0,k8
amine,174,4,True,0.0697736300488598,0.0753025896263516,-0.0792413921078794,0.3452999999999999,test_e1n,primary,p0f0,0.1612903225806451,-0.0424432893840645,sensitivity/all/chemistry/yield/ecfp4/k8/p0f0/k8,sensitivity,all,yield,ecfp4,0,0,k8
amine,185,104,True,0.0357408434534285,0.0581281453301319,-0.626378666912961,0.1929128006697532,test_e1n,primary,p0f0,0.2162162162162162,0.0431934059106599,sensitivity/all/chemistry/yield/ecfp4/k8/p0f0/k8,sensitivity,all,yield,ecfp4,0,0,k8
amine,189,69,True,0.0419517583303715,0.0403255884537204,0.0387628538438127,0.2284206996471214,test_e1n,primary,p0f0,0.25,0.0327634583742331,sensitivity/all/chemistry/yield/ecfp4/k8/p0f0/k8,sensitivity,all,yield,ecfp4,0,0,k8
amine,201,11,True,0.0098365344700807,0.0140593357239301,-0.4292976623722173,0.1083457563040238,test_e1n,primary,p0f0,0.2222222222222222,0.120705879568961,sensitivity/all/chemistry/yield/ecfp4/k8/p0f0/k8,sensitivity,all,yield,ecfp4,0,0,k8
amine,202,42,True,0.0511546659295964,0.0489380758146316,0.0433311424223835,0.2545335049788031,test_e1n,primary,p0f0,0.25,0.0459107480771778,sensitivity/all/chemistry/yield/ecfp4/k8/p0f0/k8,sensitivity,all,yield,ecfp4,0,0,k8
amine,224,44,True,0.0444215560492139,0.0505775339828791,-0.1385808711168328,0.2246785778756773,test_e1n,primary,p0f0,0.4482758620689655,0.1080756759156575,sensitivity/all/chemistry/yield/ecfp4/k8/p0f0/k8,sensitivity,all,yield,ecfp4,0,0,k8
acid,26,52,True,0.0394307054508066,0.0813504182148951,-1.0631235805909491,0.4002233918621763,test_e1a,primary,p0f2,0.4651162790697674,-0.4226562695375633,sensitivity/all/chemistry/yield/ecfp4/k8/p0f2/k8,sensitivity,all,yield,ecfp4,0,2,k8
acid,27,45,True,0.0539412663310063,0.0081803388249988,0.8483472973214828,0.1149599863632841,test_e1a,primary,p0f2,0.4318181818181818,0.3720640117981264,sensitivity/all/chemistry/yield/ecfp4/k8/p0f2/k8,sensitivity,all,yield,ecfp4,0,2,k8
acid,32,36,True,0.0177149843124328,0.0307587528808046,-0.736312736061377,0.2989416860239755,test_e1a,primary,p0f2,0.4615384615384615,-0.5946669752786318,sensitivity/all/chemistry/yield/ecfp4/k8/p0f2/k8,sensitivity,all,yield,ecfp4,0,2,k8
acid,59,85,True,0.0457822738520125,0.0419141439252691,0.0844896856640814,0.2982004402790731,test_e1a,primary,p0f2,0.5,-0.0150402467976382,sensitivity/all/chemistry/yield/ecfp4/k8/p0f2/k8,sensitivity,all,yield,ecfp4,0,2,k8
acid,69,36,True,0.0109874411483809,0.0231405135101148,-1.1060875956113452,0.2756941185732351,test_e1a,primary,p0f2,0.6666666666666666,-0.6420535938917973,sensitivity/all/chemistry/yield/ecfp4/k8/p0f2/k8,sensitivity,all,yield,ecfp4,0,2,k8
acid,74,2,False,0.000471530013292,0.0013967422498146,-1.9621491961099295,0.0,test_e1a,primary,p0f2,0.3137254901960784,0.4461068004931728,sensitivity/all/chemistry/yield/ecfp4/k8/p0f2/k8,sensitivity,all,yield,ecfp4,0,2,k8
acid,82,68,True,0.0725678335564988,0.0722036328711331,0.0050187619984835,0.2915375778294369,test_e1a,primary,p0f2,0.2708333333333333,0.0730143994779842,sensitivity/all/chemistry/yield/ecfp4/k8/p0f2/k8,sensitivity,all,yield,ecfp4,0,2,k8
acid,85,11,True,0.0226778950572355,0.0153704467018086,0.3222278054018709,0.0,test_e1a,primary,p0f2,0.4090909090909091,0.1803113178599221,sensitivity/all/chemistry/yield/ecfp4/k8/p0f2/k8,sensitivity,all,yield,ecfp4,0,2,k8
acid,87,34,True,0.0540012507159584,0.0103625675935324,0.8081050446768623,0.0057919861348944,test_e1a,primary,p0f2,0.5609756097560976,0.3437573315532931,sensitivity/all/chemistry/yield/ecfp4/k8/p0f2/k8,sensitivity,all,yield,ecfp4,0,2,k8
acid,92,9,True,0.0005752860183973,0.0030237323648951,-4.2560505004425995,0.0,test_e1a,primary,p0f2,0.358974358974359,0.6717532303403558,sensitivity/all/chemistry/yield/ecfp4/k8/p0f2/k8,sensitivity,all,yield,ecfp4,0,2,k8
acid,103,36,True,0.0509502439972226,0.0593191577889062,-0.1642565988916502,0.3002922957006105,test_e1a,primary,p0f2,0.3272727272727272,-0.0864864067939326,sensitivity/all/chemistry/yield/ecfp4/k8/p0f2/k8,sensitivity,all,yield,ecfp4,0,2,k8
acid,104,2,False,0.0675278852521114,0.019707638523893,0.708155550106215,0.1608667927199395,test_e1a,primary,p0f2,0.6857142857142857,0.0435780238054014,sensitivity/all/chemistry/yield/ecfp4/k8/p0f2/k8,sensitivity,all,yield,ecfp4,0,2,k8
acid,112,44,True,0.0247192441963198,0.0310520215277502,-0.2561881456057315,0.3939177615837099,test_e1a,primary,p0f2,0.6382978723404256,-0.6969811600565736,sensitivity/all/chemistry/yield/ecfp4/k8/p0f2/k8,sensitivity,all,yield,ecfp4,0,2,k8
acid,114,74,True,0.0781045648195274,0.0796690944369828,-0.0200312186755082,0.3568257449430017,test_e1a,primary,p0f2,0.3846153846153846,-0.1036175686833251,sensitivity/all/chemistry/yield/ecfp4/k8/p0f2/k8,sensitivity,all,yield,ecfp4,0,2,k8
acid,129,119,True,0.0419487501087396,0.0260887000756368,0.3780815874606589,0.349633125392113,test_e1a,primary,p0f2,0.3559322033898305,-0.1881888136055296,sensitivity/all/chemistry/yield/ecfp4/k8/p0f2/k8,sensitivity,all,yield,ecfp4,0,2,k8
acid,143,14,True,0.0169600059293415,0.018525289613531,-0.0922926377921531,0.0779586872842079,test_e1a,primary,p0f2,0.2258064516129032,0.1198095863370294,sensitivity/all/chemistry/yield/ecfp4/k8/p0f2/k8,sensitivity,all,yield,ecfp4,0,2,k8
acid,148,8,True,0.0058665087022365,0.0006160882880748,0.8949821232107035,0.0,test_e1a,primary,p0f2,0.7307692307692307,0.6674206678221726,sensitivity/all/chemistry/yield/ecfp4/k8/p0f2/k8,sensitivity,all,yield,ecfp4,0,2,k8
acid,152,14,True,0.0389197828840654,0.0402945593861719,-0.0353233343105154,0.2313559386090409,test_e1a,primary,p0f2,0.7254901960784313,0.0568590168983826,sensitivity/all/chemistry/yield/ecfp4/k8/p0f2/k8,sensitivity,all,yield,ecfp4,0,2,k8
acid,162,41,True,0.0153272130240014,0.0230642504137995,-0.5047908825748322,0.3641310539339159,test_e1a,primary,p0f2,0.6415094339622641,-0.9560001749004996,sensitivity/all/chemistry/yield/ecfp4/k8/p0f2/k8,sensitivity,all,yield,ecfp4,0,2,k8
acid,200,18,True,0.0088123972101299,0.0022132884248103,0.7488437740566057,0.0006419180816345,test_e1a,primary,p0f2,0.9565217391304348,0.0204557963189464,sensitivity/all/chemistry/yield/ecfp4/k8/p0f2/k8,sensitivity,all,yield,ecfp4,0,2,k8
acid,207,138,True,0.0533539511914221,0.0535244060893206,-0.0031947942765662,0.3097547146060422,test_e1a,primary,p0f2,0.2727272727272727,-0.0495463326209684,sensitivity/all/chemistry/yield/ecfp4/k8/p0f2/k8,sensitivity,all,yield,ecfp4,0,2,k8
acid,209,4,True,0.0050669058031843,0.0005596608166862,0.8895458415006497,0.0,test_e1a,primary,p0f2,0.3529411764705882,0.5742414711707956,sensitivity/all/chemistry/yield/ecfp4/k8/p0f2/k8,sensitivity,all,yield,ecfp4,0,2,k8
acid,213,24,True,0.0358307857794865,0.0364687712068805,-0.0178055103597327,0.2473862426317968,test_e1a,primary,p0f2,0.2954545454545454,0.1453667788194763,sensitivity/all/chemistry/yield/ecfp4/k8/p0f2/k8,sensitivity,all,yield,ecfp4,0,2,k8
acid,214,17,True,0.0515136282101128,0.0476279536005175,0.0754300317140634,0.328768473312326,test_e1a,primary,p0f2,0.5166666666666667,-0.3695482490571899,sensitivity/all/chemistry/yield/ecfp4/k8/p0f2/k8,sensitivity,all,yield,ecfp4,0,2,k8
acid,216,23,True,0.0106721420321654,0.0137322168354821,-0.2867348273752153,0.2118620655571317,test_e1a,primary,p0f2,0.4827586206896552,-0.5999828760005383,sensitivity/all/chemistry/yield/ecfp4/k8/p0f2/k8,sensitivity,all,yield,ecfp4,0,2,k8
acid,221,18,True,0.0247653163614691,0.0291355292712684,-0.1764650548376831,0.0006835365551469,test_e1a,primary,p0f2,0.625,0.0199693347152813,sensitivity/all/chemistry/yield/ecfp4/k8/p0f2/k8,sensitivity,all,yield,ecfp4,0,2,k8
acid,232,21,True,0.1215408334420885,0.1391151573764542,-0.1445960459267337,0.3780297645751745,test_e1a,primary,p0f2,0.3695652173913043,-0.1651025347199513,sensitivity/all/chemistry/yield/ecfp4/k8/p0f2/k8,sensitivity,all,yield,ecfp4,0,2,k8
acid,238,20,True,0.1306776059626664,0.1750508346150903,-0.3395626077286797,0.3908924653243759,test_e1a,primary,p0f2,0.6363636363636364,-0.2318837539181597,sensitivity/all/chemistry/yield/ecfp4/k8/p0f2/k8,sensitivity,all,yield,ecfp4,0,2,k8
acid,255,2,False,0.0572125561110192,0.0435707363315649,0.238441012021605,0.0,test_e1a,primary,p0f2,0.4102564102564102,0.2484899169955792,sensitivity/all/chemistry/yield/ecfp4/k8/p0f2/k8,sensitivity,all,yield,ecfp4,0,2,k8
acid,256,17,True,0.077467297254271,0.0760522116686071,0.0182668769380083,0.2333273150659441,test_e1a,primary,p0f2,0.3584905660377358,0.0912895885644142,sensitivity/all/chemistry/yield/ecfp4/k8/p0f2/k8,sensitivity,all,yield,ecfp4,0,2,k8
acid,258,52,True,0.0380590208620297,0.035863622679272,0.0576840426535507,0.382412284696014,test_e1a,primary,p0f2,0.4375,-0.3706941227574123,sensitivity/all/chemistry/yield/ecfp4/k8/p0f2/k8,sensitivity,all,yield,ecfp4,0,2,k8
amine,1,12,True,0.025246577986599,0.0301973596284735,-0.1960971361941588,0.0,test_e1n,primary,p0f2,0.2666666666666666,0.0230309461060809,sensitivity/all/chemistry/yield/ecfp4/k8/p0f2/k8,sensitivity,all,yield,ecfp4,0,2,k8
amine,13,21,True,0.0387803208871776,0.0233370354645413,0.3982247972512913,0.2621640945594771,test_e1n,primary,p0f2,0.28,-0.1812852409065861,sensitivity/all/chemistry/yield/ecfp4/k8/p0f2/k8,sensitivity,all,yield,ecfp4,0,2,k8
amine,26,38,True,0.0926116812451863,0.0926199168170469,-8.892584337027998e-05,0.2825179735467389,test_e1n,primary,p0f2,0.4772727272727273,-0.1163960070966378,sensitivity/all/chemistry/yield/ecfp4/k8/p0f2/k8,sensitivity,all,yield,ecfp4,0,2,k8
amine,28,33,True,0.1667164865070406,0.1602401526196316,0.038846391398343,0.3408766811639711,test_e1n,primary,p0f2,0.2857142857142857,-0.0561792990852547,sensitivity/all/chemistry/yield/ecfp4/k8/p0f2/k8,sensitivity,all,yield,ecfp4,0,2,k8
amine,34,12,True,0.0168578864217345,0.0230578227558527,-0.3677766108404117,0.0146069618104975,test_e1n,primary,p0f2,0.3513513513513513,0.02707041925128,sensitivity/all/chemistry/yield/ecfp4/k8/p0f2/k8,sensitivity,all,yield,ecfp4,0,2,k8
amine,42,4,True,0.0386602854040848,0.009254462677546,0.7606209426335954,0.0,test_e1n,primary,p0f2,0.2444444444444444,0.045127507878272,sensitivity/all/chemistry/yield/ecfp4/k8/p0f2/k8,sensitivity,all,yield,ecfp4,0,2,k8
amine,51,55,True,0.012089147752627,0.0031144647211232,0.7423751628441775,0.036790051996782,test_e1n,primary,p0f2,0.5789473684210527,0.1606000506724458,sensitivity/all/chemistry/yield/ecfp4/k8/p0f2/k8,sensitivity,all,yield,ecfp4,0,2,k8
amine,52,116,True,0.1438637469448656,0.1253684521386493,0.1285611920931303,0.1353701484142982,test_e1n,primary,p0f2,0.3333333333333333,0.0635450298718873,sensitivity/all/chemistry/yield/ecfp4/k8/p0f2/k8,sensitivity,all,yield,ecfp4,0,2,k8
amine,70,12,True,0.0395685395854715,0.0521790347037642,-0.3187000392332657,0.0,test_e1n,primary,p0f2,0.2244897959183673,0.0230309461060809,sensitivity/all/chemistry/yield/ecfp4/k8/p0f2/k8,sensitivity,all,yield,ecfp4,0,2,k8
amine,71,16,True,0.0020837903076779,0.0065208549018794,-2.1293239429384174,0.0084,test_e1n,primary,p0f2,0.2763157894736842,0.2591606140185786,sensitivity/all/chemistry/yield/ecfp4/k8/p0f2/k8,sensitivity,all,yield,ecfp4,0,2,k8
amine,91,14,True,0.0700327564937023,0.0614396890639158,0.1227006883637252,0.3024380253470521,test_e1n,primary,p0f2,0.4193548387096774,-0.1983921773866037,sensitivity/all/chemistry/yield/ecfp4/k8/p0f2/k8,sensitivity,all,yield,ecfp4,0,2,k8
amine,93,9,True,0.1003323688739085,0.0760235303977139,0.2422831111138664,0.3816166044314343,test_e1n,primary,p0f2,0.4193548387096774,-0.209649285054762,sensitivity/all/chemistry/yield/ecfp4/k8/p0f2/k8,sensitivity,all,yield,ecfp4,0,2,k8
amine,97,11,True,0.2130173485105968,0.2132317609550562,-0.0010065492128159,0.1801604582789262,test_e1n,primary,p0f2,0.1666666666666666,-0.0052757098352929,sensitivity/all/chemistry/yield/ecfp4/k8/p0f2/k8,sensitivity,all,yield,ecfp4,0,2,k8
amine,106,94,True,0.0122331202304159,0.0071832108971906,0.4128063190836117,0.0754439272188167,test_e1n,primary,p0f2,0.5185185185185185,0.036886716150425,sensitivity/all/chemistry/yield/ecfp4/k8/p0f2/k8,sensitivity,all,yield,ecfp4,0,2,k8
amine,110,12,True,0.0121166162432722,0.0065702430847105,0.4577493457912645,0.0704357519411495,test_e1n,primary,p0f2,0.1724137931034483,0.0159667393722813,sensitivity/all/chemistry/yield/ecfp4/k8/p0f2/k8,sensitivity,all,yield,ecfp4,0,2,k8
amine,119,73,True,0.1176844533091713,0.1153115023937703,0.0201636736941537,0.313931868338293,test_e1n,primary,p0f2,0.275,-0.0352904211175519,sensitivity/all/chemistry/yield/ecfp4/k8/p0f2/k8,sensitivity,all,yield,ecfp4,0,2,k8
amine,124,60,True,0.0097611452531193,0.0043436301876053,0.5550081394171147,0.0,test_e1n,primary,p0f2,0.3478260869565217,0.1433502811468663,sensitivity/all/chemistry/yield/ecfp4/k8/p0f2/k8,sensitivity,all,yield,ecfp4,0,2,k8
amine,129,40,True,0.0753278708470809,0.0729571112969457,0.0314725416167391,0.2490302516892481,test_e1n,primary,p0f2,0.3720930232558139,-0.0491917386076281,sensitivity/all/chemistry/yield/ecfp4/k8/p0f2/k8,sensitivity,all,yield,ecfp4,0,2,k8
amine,134,71,True,0.058961194759866,0.0602456105843627,-0.0217840874786841,0.2135968054814285,test_e1n,primary,p0f2,0.3,-0.0009336270724382,sensitivity/all/chemistry/yield/ecfp4/k8/p0f2/k8,sensitivity,all,yield,ecfp4,0,2,k8
amine,150,39,True,0.1962507613714502,0.1800276476804801,0.0826652267619181,0.0182797503061464,test_e1n,primary,p0f2,0.24,0.1344629015345264,sensitivity/all/chemistry/yield/ecfp4/k8/p0f2/k8,sensitivity,all,yield,ecfp4,0,2,k8
amine,155,12,True,0.0437705422866723,0.0424945022375453,0.0291529412811399,0.2187333555572477,test_e1n,primary,p0f2,0.196078431372549,0.0413185342551114,sensitivity/all/chemistry/yield/ecfp4/k8/p0f2/k8,sensitivity,all,yield,ecfp4,0,2,k8
amine,180,11,True,0.0134273888631314,0.0107143217596217,0.2020547055845805,0.0,test_e1n,primary,p0f2,0.21875,0.0241752354913372,sensitivity/all/chemistry/yield/ecfp4/k8/p0f2/k8,sensitivity,all,yield,ecfp4,0,2,k8
amine,183,66,True,0.0499148732206726,0.0503015580683702,-0.0077468863035683,0.2787203013608373,test_e1n,primary,p0f2,0.2777777777777778,-0.027922440497045,sensitivity/all/chemistry/yield/ecfp4/k8/p0f2/k8,sensitivity,all,yield,ecfp4,0,2,k8
amine,199,8,True,0.1534308035982232,0.1527654934022417,0.0043362231076078,0.1956836222068673,test_e1n,primary,p0f2,0.35,-0.0090153802485872,sensitivity/all/chemistry/yield/ecfp4/k8/p0f2/k8,sensitivity,all,yield,ecfp4,0,2,k8
amine,204,40,True,0.0060949071343178,0.0038114774253928,0.3746455292268524,0.0424867701882084,test_e1n,primary,p0f2,0.509090909090909,-0.0014437156869977,sensitivity/all/chemistry/yield/ecfp4/k8/p0f2/k8,sensitivity,all,yield,ecfp4,0,2,k8
amine,211,47,True,0.1084340861512713,0.1093313449447362,-0.0082746931828536,0.3335361386303333,test_e1n,primary,p0f2,0.5294117647058824,-0.04406055278241,sensitivity/all/chemistry/yield/ecfp4/k8/p0f2/k8,sensitivity,all,yield,ecfp4,0,2,k8
amine,214,12,True,0.0639618708127026,0.0649392800470071,-0.0152811232987,0.249553527992159,test_e1n,primary,p0f2,0.2857142857142857,-0.0170925366527427,sensitivity/all/chemistry/yield/ecfp4/k8/p0f2/k8,sensitivity,all,yield,ecfp4,0,2,k8
amine,217,11,True,0.1918657037452938,0.1880202431659428,0.0200424594092959,0.38629319128916,test_e1n,primary,p0f2,0.1724137931034483,0.0014131641035841,sensitivity/all/chemistry/yield/ecfp4/k8/p0f2/k8,sensitivity,all,yield,ecfp4,0,2,k8
amine,225,157,True,0.0125750895266949,0.0096980667080821,0.2287874621095457,0.0438350777217268,test_e1n,primary,p0f2,0.196078431372549,0.0715351001228247,sensitivity/all/chemistry/yield/ecfp4/k8/p0f2/k8,sensitivity,all,yield,ecfp4,0,2,k8
acid,10,45,True,0.0445881066396852,0.0369444120032077,0.171429002317724,0.3159465881212432,test_e1a,primary,p0f5,0.3846153846153846,0.07895118210551,sensitivity/all/chemistry/yield/ecfp4/k8/p0f5/k8,sensitivity,all,yield,ecfp4,0,5,k8
acid,14,30,True,0.0454466290395958,0.0479419637879079,-0.0549069271152748,0.3405370427468334,test_e1a,primary,p0f5,0.46875,0.0008537420996506,sensitivity/all/chemistry/yield/ecfp4/k8/p0f5/k8,sensitivity,all,yield,ecfp4,0,5,k8
acid,18,110,True,0.0447676624893606,0.0473793048160825,-0.058337696933419,0.3555016099009986,test_e1a,primary,p0f5,0.4318181818181818,-0.0020898684712413,sensitivity/all/chemistry/yield/ecfp4/k8/p0f5/k8,sensitivity,all,yield,ecfp4,0,5,k8
acid,21,23,True,0.1260779394727459,0.1111876494504382,0.1181038497660925,0.3491090863751949,test_e1a,primary,p0f5,0.4358974358974359,0.0481059752799079,sensitivity/all/chemistry/yield/ecfp4/k8/p0f5/k8,sensitivity,all,yield,ecfp4,0,5,k8
acid,40,40,True,0.0407211819664454,0.0377919796856921,0.0719331350245909,0.2338283218572209,test_e1a,primary,p0f5,0.6521739130434783,0.0939489762251363,sensitivity/all/chemistry/yield/ecfp4/k8/p0f5/k8,sensitivity,all,yield,ecfp4,0,5,k8
acid,51,2,False,0.0018080783159883,0.0002255606105901,0.8752484289006561,0.0,test_e1a,primary,p0f5,0.3877551020408163,0.6254894908331098,sensitivity/all/chemistry/yield/ecfp4/k8/p0f5/k8,sensitivity,all,yield,ecfp4,0,5,k8
acid,91,8,True,0.0023103953530133,0.0032248775691532,-0.3958120046195779,0.0,test_e1a,primary,p0f5,0.3214285714285714,0.6400014756794484,sensitivity/all/chemistry/yield/ecfp4/k8/p0f5/k8,sensitivity,all,yield,ecfp4,0,5,k8
acid,93,82,True,0.0566244003213814,0.0459258697825655,0.1889385225820417,0.2013488332407476,test_e1a,primary,p0f5,0.2888888888888888,-0.0104476423605099,sensitivity/all/chemistry/yield/ecfp4/k8/p0f5/k8,sensitivity,all,yield,ecfp4,0,5,k8
acid,107,19,True,0.0086555005997506,0.0077562388939303,0.1038948233503961,0.2211286927830258,test_e1a,primary,p0f5,0.375,0.0718392029921495,sensitivity/all/chemistry/yield/ecfp4/k8/p0f5/k8,sensitivity,all,yield,ecfp4,0,5,k8
acid,110,19,True,0.0233499618205528,0.0171295118764675,0.2664008614613695,0.0969703623257675,test_e1a,primary,p0f5,0.325,0.1210306955335321,sensitivity/all/chemistry/yield/ecfp4/k8/p0f5/k8,sensitivity,all,yield,ecfp4,0,5,k8
acid,111,16,True,0.1199412368018035,0.1077629519948692,0.1015354279450888,0.3625325442287906,test_e1a,primary,p0f5,0.2280701754385964,0.0496998562103652,sensitivity/all/chemistry/yield/ecfp4/k8/p0f5/k8,sensitivity,all,yield,ecfp4,0,5,k8
acid,116,8,True,0.0130820970147823,0.0037159780344974,0.7159493596249482,0.0254950975679639,test_e1a,primary,p0f5,0.40625,0.5337979450507997,sensitivity/all/chemistry/yield/ecfp4/k8/p0f5/k8,sensitivity,all,yield,ecfp4,0,5,k8
acid,125,22,True,0.1298808125638958,0.1703229410579515,-0.3113787764005553,0.237584616095392,test_e1a,primary,p0f5,0.5208333333333334,-0.0155760905500015,sensitivity/all/chemistry/yield/ecfp4/k8/p0f5/k8,sensitivity,all,yield,ecfp4,0,5,k8
acid,133,51,True,0.0644709290322907,0.0661607596610579,-0.0262107379889131,0.3446686022322107,test_e1a,primary,p0f5,0.4857142857142857,-0.0310461099483916,sensitivity/all/chemistry/yield/ecfp4/k8/p0f5/k8,sensitivity,all,yield,ecfp4,0,5,k8
acid,135,2,False,0.0021918775278001,0.0004447054500066,0.7971120902667665,0.0,test_e1a,primary,p0f5,0.4705882352941176,0.6254894908331098,sensitivity/all/chemistry/yield/ecfp4/k8/p0f5/k8,sensitivity,all,yield,ecfp4,0,5,k8
acid,151,25,True,0.0246838048653371,0.0222076618652575,0.1003144779983564,0.0705766840630341,test_e1a,primary,p0f5,0.4242424242424242,0.2431861838355988,sensitivity/all/chemistry/yield/ecfp4/k8/p0f5/k8,sensitivity,all,yield,ecfp4,0,5,k8
acid,155,37,True,0.0792703808734518,0.0867101572844483,-0.0938531684725159,0.3867097288268933,test_e1a,primary,p0f5,0.282051282051282,-0.0904119984424285,sensitivity/all/chemistry/yield/ecfp4/k8/p0f5/k8,sensitivity,all,yield,ecfp4,0,5,k8
acid,163,6,True,0.0119044485513392,0.0151369160053841,-0.2715344133837492,0.1673083430874463,test_e1a,primary,p0f5,0.3676470588235294,-0.3006622446157614,sensitivity/all/chemistry/yield/ecfp4/k8/p0f5/k8,sensitivity,all,yield,ecfp4,0,5,k8
acid,164,25,True,0.0787830823707714,0.0723581021176321,0.081552791028178,0.3963719226517775,test_e1a,primary,p0f5,0.4090909090909091,-0.0409720413635319,sensitivity/all/chemistry/yield/ecfp4/k8/p0f5/k8,sensitivity,all,yield,ecfp4,0,5,k8
acid,165,8,True,0.01571735860016,0.0036697138573727,0.7665184112211203,0.0310419876940894,test_e1a,primary,p0f5,0.475,0.6178628454201234,sensitivity/all/chemistry/yield/ecfp4/k8/p0f5/k8,sensitivity,all,yield,ecfp4,0,5,k8
acid,173,8,True,0.0036979350029964,0.0041754534853341,-0.129131118300007,0.0905096679918781,test_e1a,primary,p0f5,0.5230769230769231,0.338328157563956,sensitivity/all/chemistry/yield/ecfp4/k8/p0f5/k8,sensitivity,all,yield,ecfp4,0,5,k8
acid,178,12,True,0.0362600023080636,0.0295968380526171,0.1837607234229192,0.2479070407094831,test_e1a,primary,p0f5,0.7254901960784313,0.0603058718255061,sensitivity/all/chemistry/yield/ecfp4/k8/p0f5/k8,sensitivity,all,yield,ecfp4,0,5,k8
acid,179,35,True,0.0256990114457696,0.0135073339492873,0.4744025863488685,0.3556288936045362,test_e1a,primary,p0f5,0.7254901960784313,-0.0842911097279208,sensitivity/all/chemistry/yield/ecfp4/k8/p0f5/k8,sensitivity,all,yield,ecfp4,0,5,k8
acid,181,46,True,0.0238006623462426,0.0295555376214854,-0.2417947530838919,0.2681358274392322,test_e1a,primary,p0f5,0.6666666666666666,0.1814585632767948,sensitivity/all/chemistry/yield/ecfp4/k8/p0f5/k8,sensitivity,all,yield,ecfp4,0,5,k8
acid,184,83,True,0.1005579921081949,0.0800427903926554,0.2040136371603982,0.1147965807164843,test_e1a,primary,p0f5,0.3695652173913043,0.0014939072310939,sensitivity/all/chemistry/yield/ecfp4/k8/p0f5/k8,sensitivity,all,yield,ecfp4,0,5,k8
acid,185,45,True,0.0267518661528725,0.0212021796159366,0.2074504449604516,0.3915991656598039,test_e1a,primary,p0f5,0.6296296296296297,-0.2061824905219711,sensitivity/all/chemistry/yield/ecfp4/k8/p0f5/k8,sensitivity,all,yield,ecfp4,0,5,k8
acid,198,8,True,0.0480308946574422,0.0504963919997629,-0.0513314890323139,0.2630472360486936,test_e1a,primary,p0f5,0.6363636363636364,0.1281198623161283,sensitivity/all/chemistry/yield/ecfp4/k8/p0f5/k8,sensitivity,all,yield,ecfp4,0,5,k8
acid,199,4,True,0.0051000531229372,0.0006047438663016,0.8814240064320498,0.0,test_e1a,primary,p0f5,0.9565217391304348,0.3657639344796,sensitivity/all/chemistry/yield/ecfp4/k8/p0f5/k8,sensitivity,all,yield,ecfp4,0,5,k8
acid,228,48,True,0.0907604814629313,0.0946698662492036,-0.0430736453052971,0.3793126308168014,test_e1a,primary,p0f5,0.4,-0.0365646208131598,sensitivity/all/chemistry/yield/ecfp4/k8/p0f5/k8,sensitivity,all,yield,ecfp4,0,5,k8
acid,233,2,False,0.0117685238520937,0.0024546607804062,0.791421523102103,0.0,test_e1a,primary,p0f5,0.6060606060606061,0.6254894908331098,sensitivity/all/chemistry/yield/ecfp4/k8/p0f5/k8,sensitivity,all,yield,ecfp4,0,5,k8
acid,235,11,True,0.0054276712333545,0.0048379656187021,0.1086479982480241,0.0,test_e1a,primary,p0f5,0.375,0.4724241981946998,sensitivity/all/chemistry/yield/ecfp4/k8/p0f5/k8,sensitivity,all,yield,ecfp4,0,5,k8
acid,236,70,True,0.0516954207695721,0.0434126470973844,0.1602225796576345,0.1440260113095805,test_e1a,primary,p0f5,0.3469387755102041,0.0577516939947203,sensitivity/all/chemistry/yield/ecfp4/k8/p0f5/k8,sensitivity,all,yield,ecfp4,0,5,k8
acid,247,13,True,0.0062036319075411,0.0036532504663301,0.4111110199995554,0.0354527493418696,test_e1a,primary,p0f5,0.5,0.5232151449454259,sensitivity/all/chemistry/yield/ecfp4/k8/p0f5/k8,sensitivity,all,yield,ecfp4,0,5,k8
acid,263,138,True,0.0495463165600548,0.0592790294282908,-0.1964366585443149,0.3413694194037784,test_e1a,primary,p0f5,0.2619047619047619,-0.0570666180767318,sensitivity/all/chemistry/yield/ecfp4/k8/p0f5/k8,sensitivity,all,yield,ecfp4,0,5,k8
amine,8,11,True,0.1236442760835917,0.1031978903281886,0.165364595944417,0.0,test_e1n,primary,p0f5,0.1666666666666666,0.1181490527708604,sensitivity/all/chemistry/yield/ecfp4/k8/p0f5/k8,sensitivity,all,yield,ecfp4,0,5,k8
amine,16,69,True,0.0944608889387706,0.0874820316827114,0.0738809187004684,0.3406807858643647,test_e1n,primary,p0f5,0.1477272727272727,-0.0477945958048269,sensitivity/all/chemistry/yield/ecfp4/k8/p0f5/k8,sensitivity,all,yield,ecfp4,0,5,k8
amine,21,59,True,0.0194619912013729,0.0170782931291754,0.122479660356097,0.004270196280171,test_e1n,primary,p0f5,0.4473684210526316,0.1990584214234141,sensitivity/all/chemistry/yield/ecfp4/k8/p0f5/k8,sensitivity,all,yield,ecfp4,0,5,k8
amine,23,11,True,0.0505423435787907,0.0525573043755136,-0.0398667860262895,0.2396066211712249,test_e1n,primary,p0f5,0.2083333333333333,0.0043521026424842,sensitivity/all/chemistry/yield/ecfp4/k8/p0f5/k8,sensitivity,all,yield,ecfp4,0,5,k8
amine,24,107,True,0.091599106188619,0.1421238788319229,-0.5515858696182503,0.1150678358189788,test_e1n,primary,p0f5,0.1372549019607843,0.0564898037396007,sensitivity/all/chemistry/yield/ecfp4/k8/p0f5/k8,sensitivity,all,yield,ecfp4,0,5,k8
amine,33,96,True,0.0144657491160139,0.0110651280328052,0.2350808835364137,0.08558623833878,test_e1n,primary,p0f5,0.2777777777777778,0.1786831654010303,sensitivity/all/chemistry/yield/ecfp4/k8/p0f5/k8,sensitivity,all,yield,ecfp4,0,5,k8
amine,45,11,True,0.06847042111397,0.0443917969253774,0.351664613666,0.0096182118920306,test_e1n,primary,p0f5,0.1666666666666666,0.1214485603428685,sensitivity/all/chemistry/yield/ecfp4/k8/p0f5/k8,sensitivity,all,yield,ecfp4,0,5,k8
amine,50,128,True,0.0238735234882237,0.015262268070244,0.3607031623223704,0.0284835982361662,test_e1n,primary,p0f5,0.2,0.1097232638920432,sensitivity/all/chemistry/yield/ecfp4/k8/p0f5/k8,sensitivity,all,yield,ecfp4,0,5,k8
amine,53,20,True,0.0227066236683358,0.0101741082376379,0.5519321416408705,0.0667019077688187,test_e1n,primary,p0f5,0.44,0.2632499416971404,sensitivity/all/chemistry/yield/ecfp4/k8/p0f5/k8,sensitivity,all,yield,ecfp4,0,5,k8
amine,54,9,True,0.0014192103742861,0.0088724267771639,-5.2516642619857725,0.0,test_e1n,primary,p0f5,0.1733333333333333,0.1010901432383865,sensitivity/all/chemistry/yield/ecfp4/k8/p0f5/k8,sensitivity,all,yield,ecfp4,0,5,k8
amine,55,13,True,0.3070748011849374,0.3664530007861015,-0.1933672166261641,0.3457481336508947,test_e1n,primary,p0f5,0.3571428571428571,-0.1309533727728868,sensitivity/all/chemistry/yield/ecfp4/k8/p0f5/k8,sensitivity,all,yield,ecfp4,0,5,k8
amine,74,49,True,0.0361278704658218,0.0160868072397963,0.5547258381859236,0.0583807900739606,test_e1n,primary,p0f5,0.3243243243243243,0.2217987999901396,sensitivity/all/chemistry/yield/ecfp4/k8/p0f5/k8,sensitivity,all,yield,ecfp4,0,5,k8
amine,76,11,True,0.0764687492915572,0.071526442482424,0.0646317202114731,0.12984170432422,test_e1n,primary,p0f5,0.225,-0.1700881865909354,sensitivity/all/chemistry/yield/ecfp4/k8/p0f5/k8,sensitivity,all,yield,ecfp4,0,5,k8
amine,77,67,True,0.2424384371000081,0.2619978790873917,-0.0806779742575025,0.3767619808555887,test_e1n,primary,p0f5,0.1538461538461538,-0.0437316497686883,sensitivity/all/chemistry/yield/ecfp4/k8/p0f5/k8,sensitivity,all,yield,ecfp4,0,5,k8
amine,81,60,True,0.0683332461031605,0.0664408630746088,0.0276934455256945,0.0167198156228852,test_e1n,primary,p0f5,0.2307692307692307,0.1975465430973016,sensitivity/all/chemistry/yield/ecfp4/k8/p0f5/k8,sensitivity,all,yield,ecfp4,0,5,k8
amine,117,30,True,0.2257586087710439,0.2311487097230574,-0.0238755057065396,0.2300608910152106,test_e1n,primary,p0f5,0.4285714285714285,-0.252179528176301,sensitivity/all/chemistry/yield/ecfp4/k8/p0f5/k8,sensitivity,all,yield,ecfp4,0,5,k8
amine,120,45,True,0.0603746867344398,0.0512310440610897,0.1514482835094247,0.2416246217970881,test_e1n,primary,p0f5,0.1304347826086956,0.0141209420621006,sensitivity/all/chemistry/yield/ecfp4/k8/p0f5/k8,sensitivity,all,yield,ecfp4,0,5,k8
amine,128,35,True,0.0409825932606919,0.0289435745292003,0.2937593200828178,0.1639043955296794,test_e1n,primary,p0f5,0.2545454545454545,0.1115112640886379,sensitivity/all/chemistry/yield/ecfp4/k8/p0f5/k8,sensitivity,all,yield,ecfp4,0,5,k8
amine,142,10,True,0.0196930378131673,0.0147302487008384,0.2520072910747474,0.1212753840553711,test_e1n,primary,p0f5,0.1702127659574468,0.1302154049049834,sensitivity/all/chemistry/yield/ecfp4/k8/p0f5/k8,sensitivity,all,yield,ecfp4,0,5,k8
amine,149,11,True,0.0552358324528215,0.0554807105757627,-0.004433320040037,0.0,test_e1n,primary,p0f5,0.4054054054054054,0.1181490007719219,sensitivity/all/chemistry/yield/ecfp4/k8/p0f5/k8,sensitivity,all,yield,ecfp4,0,5,k8
amine,168,9,True,0.0275366381971284,0.0254738409603596,0.0749110048220742,0.162054149900581,test_e1n,primary,p0f5,0.2666666666666666,0.039917611394151,sensitivity/all/chemistry/yield/ecfp4/k8/p0f5/k8,sensitivity,all,yield,ecfp4,0,5,k8
amine,179,53,True,0.1168594975955963,0.1151140829051964,0.0149360105623607,0.3287613271542451,test_e1n,primary,p0f5,0.1923076923076923,-0.068313689636779,sensitivity/all/chemistry/yield/ecfp4/k8/p0f5/k8,sensitivity,all,yield,ecfp4,0,5,k8
amine,186,13,True,0.2288141104489973,0.2980345571539843,-0.3025182606490355,0.334246595211165,test_e1n,primary,p0f5,0.28125,-0.2802945031048862,sensitivity/all/chemistry/yield/ecfp4/k8/p0f5/k8,sensitivity,all,yield,ecfp4,0,5,k8
amine,195,10,True,0.0109477695741,0.0059427192637763,0.4571753430182238,0.0673952850312575,test_e1n,primary,p0f5,0.1791044776119403,0.1340042715354692,sensitivity/all/chemistry/yield/ecfp4/k8/p0f5/k8,sensitivity,all,yield,ecfp4,0,5,k8
amine,196,35,True,0.206279218873305,0.2838005487962796,-0.3758077539094597,0.3806353237647276,test_e1n,primary,p0f5,0.175,-0.2096766474304829,sensitivity/all/chemistry/yield/ecfp4/k8/p0f5/k8,sensitivity,all,yield,ecfp4,0,5,k8
amine,200,6,True,0.0712631098482902,0.0464987983746972,0.3475053435966098,0.2004907354468031,test_e1n,primary,p0f5,0.275,0.3590059850610526,sensitivity/all/chemistry/yield/ecfp4/k8/p0f5/k8,sensitivity,all,yield,ecfp4,0,5,k8
amine,208,39,True,0.0682708314972896,0.0213934709356181,0.6866381957502967,0.1269588097207988,test_e1n,primary,p0f5,0.2127659574468085,0.3280442203798422,sensitivity/all/chemistry/yield/ecfp4/k8/p0f5/k8,sensitivity,all,yield,ecfp4,0,5,k8
amine,221,42,True,0.0441030602876135,0.0122363235877353,0.7225515982805399,0.0443467827791052,test_e1n,primary,p0f5,0.3541666666666667,0.211755454275573,sensitivity/all/chemistry/yield/ecfp4/k8/p0f5/k8,sensitivity,all,yield,ecfp4,0,5,k8
acid,0,23,True,0.0542771433108371,0.0539751768912139,0.0055634176967255,0.2789431430158718,test_e1a,primary,p0f3,0.5,0.0583894507936978,sensitivity/all/chemistry/yield/ecfp4/k8/p0f3/k8,sensitivity,all,yield,ecfp4,0,3,k8
acid,17,2,False,0.0839454761044602,0.073252396259229,0.1273812519917679,0.0238294985259866,test_e1a,primary,p0f3,0.4444444444444444,-0.6872147922237504,sensitivity/all/chemistry/yield/ecfp4/k8/p0f3/k8,sensitivity,all,yield,ecfp4,0,3,k8
acid,24,79,True,0.0641945163141734,0.0607260259662111,0.0540309444966802,0.3344681161688331,test_e1a,primary,p0f3,0.4545454545454545,0.0728691397268591,sensitivity/all/chemistry/yield/ecfp4/k8/p0f3/k8,sensitivity,all,yield,ecfp4,0,3,k8
acid,25,54,True,0.0154785059014657,0.0208605997209837,-0.3477140399583649,0.2887887157318168,test_e1a,primary,p0f3,0.5849056603773585,-0.1412754423014031,sensitivity/all/chemistry/yield/ecfp4/k8/p0f3/k8,sensitivity,all,yield,ecfp4,0,3,k8
acid,35,4,True,0.0488530837697748,0.0374522149503017,0.2333705047812508,0.20325,test_e1a,primary,p0f3,0.6153846153846154,-0.2744151521160838,sensitivity/all/chemistry/yield/ecfp4/k8/p0f3/k8,sensitivity,all,yield,ecfp4,0,3,k8
acid,56,39,True,0.0202997349728748,0.0191926103718514,0.0545388697193692,0.2350520907035918,test_e1a,primary,p0f3,0.5833333333333334,-0.0061887779494478,sensitivity/all/chemistry/yield/ecfp4/k8/p0f3/k8,sensitivity,all,yield,ecfp4,0,3,k8
acid,60,62,True,0.0456501652985883,0.0408455821366063,0.1052478809344106,0.2581039941432567,test_e1a,primary,p0f3,0.3829787234042553,0.0304100526741537,sensitivity/all/chemistry/yield/ecfp4/k8/p0f3/k8,sensitivity,all,yield,ecfp4,0,3,k8
acid,73,131,True,0.0394377821618307,0.0373709918727442,0.0524063518735813,0.2696492513876654,test_e1a,primary,p0f3,0.375,0.034137333458863,sensitivity/all/chemistry/yield/ecfp4/k8/p0f3/k8,sensitivity,all,yield,ecfp4,0,3,k8
acid,78,2,False,0.0016274121557812,0.0003211003193793,0.80269268713602,0.0,test_e1a,primary,p0f3,0.3111111111111111,0.946887622470778,sensitivity/all/chemistry/yield/ecfp4/k8/p0f3/k8,sensitivity,all,yield,ecfp4,0,3,k8
acid,81,44,True,0.059143164939552,0.0269091654012606,0.5450164794399576,0.0985067202126906,test_e1a,primary,p0f3,0.3714285714285714,0.046120996526306,sensitivity/all/chemistry/yield/ecfp4/k8/p0f3/k8,sensitivity,all,yield,ecfp4,0,3,k8
acid,84,25,True,0.0846792531529474,0.0540566418892232,0.3616306252537881,0.3969044197284782,test_e1a,primary,p0f3,0.6585365853658537,0.1725996279197763,sensitivity/all/chemistry/yield/ecfp4/k8/p0f3/k8,sensitivity,all,yield,ecfp4,0,3,k8
acid,100,33,True,0.044448533344903,0.045441310443917,-0.0223354298624531,0.3288601622662094,test_e1a,primary,p0f3,0.5142857142857142,0.023486094264573,sensitivity/all/chemistry/yield/ecfp4/k8/p0f3/k8,sensitivity,all,yield,ecfp4,0,3,k8
acid,106,18,True,0.0846813070834123,0.0874464816596682,-0.0326538957828346,0.3674459127865343,test_e1a,primary,p0f3,0.2702702702702703,-0.1032721568022276,sensitivity/all/chemistry/yield/ecfp4/k8/p0f3/k8,sensitivity,all,yield,ecfp4,0,3,k8
acid,124,111,True,0.0549322470165471,0.0707225075739269,-0.2874497479162516,0.1626764371352446,test_e1a,primary,p0f3,0.4375,-0.2803996965548399,sensitivity/all/chemistry/yield/ecfp4/k8/p0f3/k8,sensitivity,all,yield,ecfp4,0,3,k8
acid,132,12,True,0.0227264180560502,0.0223130410659447,0.0181892715819097,0.20064784373865,test_e1a,primary,p0f3,0.7692307692307693,0.0299122440703221,sensitivity/all/chemistry/yield/ecfp4/k8/p0f3/k8,sensitivity,all,yield,ecfp4,0,3,k8
acid,134,16,True,0.0116151076559407,0.0029298949758595,0.7477513715199191,0.0485014772111805,test_e1a,primary,p0f3,0.4705882352941176,0.1022365905502066,sensitivity/all/chemistry/yield/ecfp4/k8/p0f3/k8,sensitivity,all,yield,ecfp4,0,3,k8
acid,140,41,True,0.025367318179226,0.0238348347770183,0.0604117231226528,0.3333497573778964,test_e1a,primary,p0f3,0.6190476190476191,-6.0282881965356694e-05,sensitivity/all/chemistry/yield/ecfp4/k8/p0f3/k8,sensitivity,all,yield,ecfp4,0,3,k8
acid,149,2,False,0.0028347170876253,0.0002343580328457,0.9173257769289296,0.0,test_e1a,primary,p0f3,0.6896551724137931,-1.2343436184401178,sensitivity/all/chemistry/yield/ecfp4/k8/p0f3/k8,sensitivity,all,yield,ecfp4,0,3,k8
acid,172,8,True,0.0055398432463268,0.0058599236999294,-0.0577778899817928,0.0,test_e1a,primary,p0f3,0.6065573770491803,-0.2688100711910981,sensitivity/all/chemistry/yield/ecfp4/k8/p0f3/k8,sensitivity,all,yield,ecfp4,0,3,k8
acid,174,46,True,0.0229617349005989,0.0151899648495389,0.3384661518262373,0.405154547550643,test_e1a,primary,p0f3,0.72,-0.0930484074040438,sensitivity/all/chemistry/yield/ecfp4/k8/p0f3/k8,sensitivity,all,yield,ecfp4,0,3,k8
acid,180,14,True,0.0288065971937838,0.0286681143724181,0.0048073300860251,0.213085766795882,test_e1a,primary,p0f3,0.7115384615384616,0.1105482744139894,sensitivity/all/chemistry/yield/ecfp4/k8/p0f3/k8,sensitivity,all,yield,ecfp4,0,3,k8
acid,183,36,True,0.0236070312625857,0.0271342711911376,-0.149414803128681,0.330309016307409,test_e1a,primary,p0f3,0.7272727272727273,0.0027340893517653,sensitivity/all/chemistry/yield/ecfp4/k8/p0f3/k8,sensitivity,all,yield,ecfp4,0,3,k8
acid,189,36,True,0.0700533024022105,0.0268656365189629,0.6164972157241917,0.08,test_e1a,primary,p0f3,0.2222222222222222,0.0161540419955579,sensitivity/all/chemistry/yield/ecfp4/k8/p0f3/k8,sensitivity,all,yield,ecfp4,0,3,k8
acid,190,4,True,0.1166778096534877,0.1003943202727776,0.139559436614975,0.0,test_e1a,primary,p0f3,0.2222222222222222,-0.0773901233209803,sensitivity/all/chemistry/yield/ecfp4/k8/p0f3/k8,sensitivity,all,yield,ecfp4,0,3,k8
acid,191,8,True,0.0185264320489402,0.0097272850547108,0.4749509765822766,0.0695085965906376,test_e1a,primary,p0f3,0.2222222222222222,0.0621461404577827,sensitivity/all/chemistry/yield/ecfp4/k8/p0f3/k8,sensitivity,all,yield,ecfp4,0,3,k8
acid,193,2,False,0.0127824825288442,0.0125037212163677,0.0218080730286526,0.0,test_e1a,primary,p0f3,0.1666666666666666,-0.0364769687860664,sensitivity/all/chemistry/yield/ecfp4/k8/p0f3/k8,sensitivity,all,yield,ecfp4,0,3,k8
acid,202,10,True,0.0043000338151422,0.0053078563264361,-0.2343754850821979,0.0168233171520957,test_e1a,primary,p0f3,0.5769230769230769,-0.3059466273351263,sensitivity/all/chemistry/yield/ecfp4/k8/p0f3/k8,sensitivity,all,yield,ecfp4,0,3,k8
acid,217,22,True,0.0938766245072733,0.0878014267230806,0.0647147020472809,0.4020164748890909,test_e1a,primary,p0f3,0.3050847457627119,0.1520245378517772,sensitivity/all/chemistry/yield/ecfp4/k8/p0f3/k8,sensitivity,all,yield,ecfp4,0,3,k8
acid,219,95,True,0.0516363420262493,0.059871207554499,-0.1594780963388826,0.215190005783321,test_e1a,primary,p0f3,0.1891891891891892,-0.2087928295677144,sensitivity/all/chemistry/yield/ecfp4/k8/p0f3/k8,sensitivity,all,yield,ecfp4,0,3,k8
acid,239,14,True,0.0603195666412146,0.0617771149479331,-0.0241637728498291,0.3941204123051791,test_e1a,primary,p0f3,0.4210526315789473,0.0239883743642032,sensitivity/all/chemistry/yield/ecfp4/k8/p0f3/k8,sensitivity,all,yield,ecfp4,0,3,k8
acid,243,63,True,0.0513661993090695,0.0474466740158665,0.0763055344939831,0.2997957352302784,test_e1a,primary,p0f3,0.4193548387096774,0.0717687364664355,sensitivity/all/chemistry/yield/ecfp4/k8/p0f3/k8,sensitivity,all,yield,ecfp4,0,3,k8
acid,251,28,True,0.0169374435894179,0.0145361664741406,0.1417732907920976,0.3283794083173887,test_e1a,primary,p0f3,0.5454545454545454,0.0220312312806209,sensitivity/all/chemistry/yield/ecfp4/k8/p0f3/k8,sensitivity,all,yield,ecfp4,0,3,k8
acid,252,14,True,0.022096820413292,0.0237948655913774,-0.0768456794382912,0.1754491880357888,test_e1a,primary,p0f3,0.3947368421052631,-0.0242274743176011,sensitivity/all/chemistry/yield/ecfp4/k8/p0f3/k8,sensitivity,all,yield,ecfp4,0,3,k8
acid,253,2,False,0.0006419834404942,0.0001295624383251,0.7981841428410706,0.0,test_e1a,primary,p0f3,0.76,0.946887622470778,sensitivity/all/chemistry/yield/ecfp4/k8/p0f3/k8,sensitivity,all,yield,ecfp4,0,3,k8
acid,261,14,True,0.2551556976608137,0.2475633783445634,0.0297556330736656,0.3959440839088488,test_e1a,primary,p0f3,0.4333333333333333,-0.0446765951940451,sensitivity/all/chemistry/yield/ecfp4/k8/p0f3/k8,sensitivity,all,yield,ecfp4,0,3,k8
amine,4,11,True,0.0195737125086665,0.0015092612426438,0.9228934601969038,0.0,test_e1n,primary,p0f3,0.2647058823529412,0.2418632506204213,sensitivity/all/chemistry/yield/ecfp4/k8/p0f3/k8,sensitivity,all,yield,ecfp4,0,3,k8
amine,17,11,True,0.0257266039143158,0.0174012118295679,0.3236102251379993,0.0,test_e1n,primary,p0f3,0.2,0.2418632506204213,sensitivity/all/chemistry/yield/ecfp4/k8/p0f3/k8,sensitivity,all,yield,ecfp4,0,3,k8
amine,25,70,True,0.0971170880418371,0.1060181468611332,-0.0916528594376882,0.3485450109811275,test_e1n,primary,p0f3,0.3928571428571428,-0.0353052962955788,sensitivity/all/chemistry/yield/ecfp4/k8/p0f3/k8,sensitivity,all,yield,ecfp4,0,3,k8
amine,27,30,True,0.1755169975015232,0.209360841090057,-0.1928237382720732,0.1875739610142482,test_e1n,primary,p0f3,0.4358974358974359,-0.103995353339116,sensitivity/all/chemistry/yield/ecfp4/k8/p0f3/k8,sensitivity,all,yield,ecfp4,0,3,k8
amine,40,55,True,0.0131300101369046,0.0077691213108386,0.4082928170023379,0.0093628638169749,test_e1n,primary,p0f3,0.3809523809523809,-0.144431076401422,sensitivity/all/chemistry/yield/ecfp4/k8/p0f3/k8,sensitivity,all,yield,ecfp4,0,3,k8
amine,48,10,True,0.0994131359246748,0.0453191249920712,0.5441334329659469,0.2857907820611279,test_e1n,primary,p0f3,0.28,-0.0999265302764982,sensitivity/all/chemistry/yield/ecfp4/k8/p0f3/k8,sensitivity,all,yield,ecfp4,0,3,k8
amine,62,11,True,0.0426200007682566,0.0655626900272401,-0.5383080442380275,0.1909421659227545,test_e1n,primary,p0f3,0.1888888888888888,-0.249627320116641,sensitivity/all/chemistry/yield/ecfp4/k8/p0f3/k8,sensitivity,all,yield,ecfp4,0,3,k8
amine,85,11,True,0.0914332123628205,0.0543189289778373,0.405916870094296,0.0,test_e1n,primary,p0f3,0.3157894736842105,0.2418632506204213,sensitivity/all/chemistry/yield/ecfp4/k8/p0f3/k8,sensitivity,all,yield,ecfp4,0,3,k8
amine,92,62,True,0.0590827802016025,0.0514268502972712,0.1295797164285044,0.2278154078072274,test_e1n,primary,p0f3,0.2926829268292683,0.039814610235249,sensitivity/all/chemistry/yield/ecfp4/k8/p0f3/k8,sensitivity,all,yield,ecfp4,0,3,k8
amine,99,17,True,0.0623257994679915,0.056494816476527,0.0935564893067931,0.2837500948432078,test_e1n,primary,p0f3,0.2241379310344827,-0.0479076584272371,sensitivity/all/chemistry/yield/ecfp4/k8/p0f3/k8,sensitivity,all,yield,ecfp4,0,3,k8
amine,113,127,True,0.0401174089189829,0.0302734924376055,0.2453776738487063,0.0750646948484999,test_e1n,primary,p0f3,0.2352941176470588,0.1332677642620808,sensitivity/all/chemistry/yield/ecfp4/k8/p0f3/k8,sensitivity,all,yield,ecfp4,0,3,k8
amine,116,4,True,0.1254772282889515,0.1159623136954052,0.075829811698065,0.4080042187281891,test_e1n,primary,p0f3,0.2549019607843137,-0.0713595009178698,sensitivity/all/chemistry/yield/ecfp4/k8/p0f3/k8,sensitivity,all,yield,ecfp4,0,3,k8
amine,118,74,True,0.1585321367648468,0.1259352330435132,0.2056170085544554,0.3936166617034948,test_e1n,primary,p0f3,0.303030303030303,-0.0459266416093013,sensitivity/all/chemistry/yield/ecfp4/k8/p0f3/k8,sensitivity,all,yield,ecfp4,0,3,k8
amine,122,40,True,0.1882514583384974,0.1645429097637906,0.1259408494571984,0.1685424228723804,test_e1n,primary,p0f3,0.5945945945945946,0.0050207485987898,sensitivity/all/chemistry/yield/ecfp4/k8/p0f3/k8,sensitivity,all,yield,ecfp4,0,3,k8
amine,131,56,True,0.0119209580080749,0.0017382368167844,0.8541864826965221,0.0,test_e1n,primary,p0f3,0.3902439024390244,-0.1435234175736421,sensitivity/all/chemistry/yield/ecfp4/k8/p0f3/k8,sensitivity,all,yield,ecfp4,0,3,k8
amine,135,41,True,0.016252724847563,0.0211642369969545,-0.3021962283529313,0.1529495851898791,test_e1n,primary,p0f3,0.2025316455696202,-0.0999266948121651,sensitivity/all/chemistry/yield/ecfp4/k8/p0f3/k8,sensitivity,all,yield,ecfp4,0,3,k8
amine,136,23,True,0.2304768134109846,0.2631218664889671,-0.1416413763920365,0.2993967381225436,test_e1n,primary,p0f3,0.1818181818181818,-0.0800123815378361,sensitivity/all/chemistry/yield/ecfp4/k8/p0f3/k8,sensitivity,all,yield,ecfp4,0,3,k8
amine,137,34,True,0.0394701183275583,0.0364227226903285,0.0772076640850116,0.1024219917060137,test_e1n,primary,p0f3,0.1612903225806451,0.1525040157421692,sensitivity/all/chemistry/yield/ecfp4/k8/p0f3/k8,sensitivity,all,yield,ecfp4,0,3,k8
amine,138,11,True,0.0831523771578821,0.1086100005403502,-0.3061562910478383,0.0665435537483124,test_e1n,primary,p0f3,0.1707317073170731,0.2269944795014753,sensitivity/all/chemistry/yield/ecfp4/k8/p0f3/k8,sensitivity,all,yield,ecfp4,0,3,k8
amine,151,11,True,0.0818655337311519,0.0761247114660591,0.0701250209147331,0.1028624757095166,test_e1n,primary,p0f3,0.1538461538461538,0.2064056886484969,sensitivity/all/chemistry/yield/ecfp4/k8/p0f3/k8,sensitivity,all,yield,ecfp4,0,3,k8
amine,158,104,True,0.0259433379909605,0.0192976324980087,0.2561623140116895,0.0930974226726485,test_e1n,primary,p0f3,0.2631578947368421,0.1234339894835134,sensitivity/all/chemistry/yield/ecfp4/k8/p0f3/k8,sensitivity,all,yield,ecfp4,0,3,k8
amine,159,41,True,0.1541924634487407,0.1493641750448729,0.031313387800389,0.3003206116477652,test_e1n,primary,p0f3,0.2558139534883721,0.0153397768789954,sensitivity/all/chemistry/yield/ecfp4/k8/p0f3/k8,sensitivity,all,yield,ecfp4,0,3,k8
amine,163,10,True,0.0806853973182512,0.0404519491597588,0.4986459693542522,0.0,test_e1n,primary,p0f3,0.3018867924528302,0.2629039353708804,sensitivity/all/chemistry/yield/ecfp4/k8/p0f3/k8,sensitivity,all,yield,ecfp4,0,3,k8
amine,167,47,True,0.105914655016213,0.0914508734033218,0.1365607206167745,0.3782466199385159,test_e1n,primary,p0f3,0.3076923076923077,-0.0666311600579121,sensitivity/all/chemistry/yield/ecfp4/k8/p0f3/k8,sensitivity,all,yield,ecfp4,0,3,k8
amine,177,90,True,0.0370178924616382,0.0303015113537274,0.1814360748622038,0.0990312418957307,test_e1n,primary,p0f3,0.4411764705882353,0.1181086619072516,sensitivity/all/chemistry/yield/ecfp4/k8/p0f3/k8,sensitivity,all,yield,ecfp4,0,3,k8
amine,187,45,True,0.1081308574161035,0.0990863514005746,0.0836440793281085,0.3009419791221886,test_e1n,primary,p0f3,0.18,0.0009335583952834,sensitivity/all/chemistry/yield/ecfp4/k8/p0f3/k8,sensitivity,all,yield,ecfp4,0,3,k8
amine,193,11,True,0.0215841345659034,0.0048670206845061,0.7745093429784963,0.0557713562845497,test_e1n,primary,p0f3,0.2142857142857142,0.2322051581075728,sensitivity/all/chemistry/yield/ecfp4/k8/p0f3/k8,sensitivity,all,yield,ecfp4,0,3,k8
amine,212,8,True,0.0867401256667934,0.0957809673772182,-0.1042290593992743,0.2539091386978533,test_e1n,primary,p0f3,0.1333333333333333,-0.0038711265329138,sensitivity/all/chemistry/yield/ecfp4/k8/p0f3/k8,sensitivity,all,yield,ecfp4,0,3,k8
acid,4,39,True,0.0187428263351395,0.0070862215521437,0.621923533546363,0.3621105775559003,test_e1a,primary,p0f6,0.7777777777777778,-0.3483789721884136,sensitivity/all/chemistry/yield/ecfp4/k8/p0f6/k8,sensitivity,all,yield,ecfp4,0,6,k8
acid,7,2,False,0.0756306291785905,0.1128119002140963,-0.4916165770313456,0.0240416305603425,test_e1a,primary,p0f6,0.4366197183098591,-0.2165752608999345,sensitivity/all/chemistry/yield/ecfp4/k8/p0f6/k8,sensitivity,all,yield,ecfp4,0,6,k8
acid,8,15,True,0.0778102405885729,0.0476758991349677,0.3872798904830873,0.0,test_e1a,primary,p0f6,0.3333333333333333,-0.0314905589566631,sensitivity/all/chemistry/yield/ecfp4/k8/p0f6/k8,sensitivity,all,yield,ecfp4,0,6,k8
acid,20,27,True,0.0216768315831431,0.043109163913109,-0.988720710762578,0.3069118068427593,test_e1a,primary,p0f6,0.2682926829268293,-0.2611034607275224,sensitivity/all/chemistry/yield/ecfp4/k8/p0f6/k8,sensitivity,all,yield,ecfp4,0,6,k8
acid,22,37,True,0.0294592408643654,0.0223275000975689,0.2420884095293575,0.3348437131293079,test_e1a,primary,p0f6,0.6666666666666666,-0.1557631548851257,sensitivity/all/chemistry/yield/ecfp4/k8/p0f6/k8,sensitivity,all,yield,ecfp4,0,6,k8
acid,34,14,True,0.0064597189644567,0.0014779464412295,0.7712057677181234,0.0133897882198124,test_e1a,primary,p0f6,0.6153846153846154,0.1382106926044405,sensitivity/all/chemistry/yield/ecfp4/k8/p0f6/k8,sensitivity,all,yield,ecfp4,0,6,k8
acid,38,37,True,0.0374409291296487,0.0317993627276403,0.1506791239734743,0.3441186995127616,test_e1a,primary,p0f6,0.6888888888888889,-0.1344333684298067,sensitivity/all/chemistry/yield/ecfp4/k8/p0f6/k8,sensitivity,all,yield,ecfp4,0,6,k8
acid,42,41,True,0.0300799832375925,0.0088803270215223,0.7047761977997322,0.4002784581068412,test_e1a,primary,p0f6,0.6530612244897959,-0.273615968367346,sensitivity/all/chemistry/yield/ecfp4/k8/p0f6/k8,sensitivity,all,yield,ecfp4,0,6,k8
acid,47,44,True,0.0614368948590418,0.0581328200029655,0.0537799780353009,0.4179015647965535,test_e1a,primary,p0f6,0.5740740740740741,-0.2176565559874284,sensitivity/all/chemistry/yield/ecfp4/k8/p0f6/k8,sensitivity,all,yield,ecfp4,0,6,k8
acid,48,19,True,0.1435670962953409,0.1302373754585316,0.0928466283763791,0.3740140839203253,test_e1a,primary,p0f6,0.3777777777777777,0.0444408849263298,sensitivity/all/chemistry/yield/ecfp4/k8/p0f6/k8,sensitivity,all,yield,ecfp4,0,6,k8
acid,49,43,True,0.0361550470192138,0.0329014182940144,0.0899909969269383,0.2511212458590793,test_e1a,primary,p0f6,0.5142857142857142,0.1705892215411986,sensitivity/all/chemistry/yield/ecfp4/k8/p0f6/k8,sensitivity,all,yield,ecfp4,0,6,k8
acid,64,34,True,0.0358515899346187,0.0391568777012015,-0.0921936174270228,0.3197004141998759,test_e1a,primary,p0f6,0.7111111111111111,-0.0581796744863485,sensitivity/all/chemistry/yield/ecfp4/k8/p0f6/k8,sensitivity,all,yield,ecfp4,0,6,k8
acid,67,94,True,0.1112023489531164,0.1258720902185655,-0.1319193470601407,0.1555961733511435,test_e1a,primary,p0f6,0.3492063492063492,0.0362568891274122,sensitivity/all/chemistry/yield/ecfp4/k8/p0f6/k8,sensitivity,all,yield,ecfp4,0,6,k8
acid,71,61,True,0.0268730542929811,0.0265446086876323,0.0122221166886352,0.2220832761028848,test_e1a,primary,p0f6,0.3636363636363636,0.0352474051576844,sensitivity/all/chemistry/yield/ecfp4/k8/p0f6/k8,sensitivity,all,yield,ecfp4,0,6,k8
acid,75,2,False,0.0002374480008388,0.001012923020681,-3.265873021050642,0.0,test_e1a,primary,p0f6,0.2121212121212121,0.9829124714106536,sensitivity/all/chemistry/yield/ecfp4/k8/p0f6/k8,sensitivity,all,yield,ecfp4,0,6,k8
acid,77,39,True,0.0561276789444515,0.0608459991582426,-0.0840640536456298,0.3513928787499361,test_e1a,primary,p0f6,0.3636363636363636,-0.0214368138083516,sensitivity/all/chemistry/yield/ecfp4/k8/p0f6/k8,sensitivity,all,yield,ecfp4,0,6,k8
acid,80,26,True,0.0610102022737954,0.06230271154143,-0.021185133296792,0.3926939096117405,test_e1a,primary,p0f6,0.4927536231884058,-0.1161444712179913,sensitivity/all/chemistry/yield/ecfp4/k8/p0f6/k8,sensitivity,all,yield,ecfp4,0,6,k8
acid,90,19,True,0.0293588873317296,0.0180285133281992,0.3859265467218538,0.1334511323925057,test_e1a,primary,p0f6,0.4814814814814814,0.0913834873000497,sensitivity/all/chemistry/yield/ecfp4/k8/p0f6/k8,sensitivity,all,yield,ecfp4,0,6,k8
acid,94,4,True,0.0013529645091038,0.0001315184686655,0.9027923735023142,0.0179,test_e1a,primary,p0f6,0.4893617021276595,0.4727184753923704,sensitivity/all/chemistry/yield/ecfp4/k8/p0f6/k8,sensitivity,all,yield,ecfp4,0,6,k8
acid,101,11,True,0.0392475362532818,0.0313458796221357,0.2013287300418856,0.2721856438669621,test_e1a,primary,p0f6,0.2236842105263158,-0.0513652556669312,sensitivity/all/chemistry/yield/ecfp4/k8/p0f6/k8,sensitivity,all,yield,ecfp4,0,6,k8
acid,113,2,False,0.0021206096614432,0.0009144932305846,0.5687592831382995,0.0,test_e1a,primary,p0f6,0.2857142857142857,0.9829124714106536,sensitivity/all/chemistry/yield/ecfp4/k8/p0f6/k8,sensitivity,all,yield,ecfp4,0,6,k8
acid,119,14,True,0.0144099036929391,0.0123275195232,0.1445106236733195,0.1354155371156046,test_e1a,primary,p0f6,0.5925925925925926,-0.0071899099004681,sensitivity/all/chemistry/yield/ecfp4/k8/p0f6/k8,sensitivity,all,yield,ecfp4,0,6,k8
acid,126,78,True,0.0281855861310647,0.0229590485189384,0.1854329935812799,0.313348280671524,test_e1a,primary,p0f6,0.3877551020408163,-0.0115774901868033,sensitivity/all/chemistry/yield/ecfp4/k8/p0f6/k8,sensitivity,all,yield,ecfp4,0,6,k8
acid,137,10,True,0.0229965246203106,0.0262264491350559,-0.1404527235342612,0.154534383444807,test_e1a,primary,p0f6,0.6190476190476191,-0.0819540618911549,sensitivity/all/chemistry/yield/ecfp4/k8/p0f6/k8,sensitivity,all,yield,ecfp4,0,6,k8
acid,142,10,True,0.0067597222310345,0.0022504742804106,0.667075923611403,0.0,test_e1a,primary,p0f6,0.25,0.131582832172065,sensitivity/all/chemistry/yield/ecfp4/k8/p0f6/k8,sensitivity,all,yield,ecfp4,0,6,k8
acid,153,22,True,0.062820057552892,0.0639544622651069,-0.0180580017975904,0.3810407135306742,test_e1a,primary,p0f6,0.2708333333333333,-0.1318298524023224,sensitivity/all/chemistry/yield/ecfp4/k8/p0f6/k8,sensitivity,all,yield,ecfp4,0,6,k8
acid,167,2,False,0.0111242604054465,0.0178459278566706,-0.6042349968662302,0.0,test_e1a,primary,p0f6,0.6551724137931034,0.2907244325536616,sensitivity/all/chemistry/yield/ecfp4/k8/p0f6/k8,sensitivity,all,yield,ecfp4,0,6,k8
acid,177,69,True,0.0514213513367978,0.0445576974111478,0.1334786766044847,0.2937882786093623,test_e1a,primary,p0f6,0.7924528301886793,-0.0025469929094115,sensitivity/all/chemistry/yield/ecfp4/k8/p0f6/k8,sensitivity,all,yield,ecfp4,0,6,k8
acid,192,51,True,0.0486738967188843,0.0243598728268659,0.4995290192696887,0.1234516136061444,test_e1a,primary,p0f6,0.40625,0.1766065440551397,sensitivity/all/chemistry/yield/ecfp4/k8/p0f6/k8,sensitivity,all,yield,ecfp4,0,6,k8
acid,201,2,False,0.0384934512807455,0.0029005855125847,0.9246472993177508,0.0,test_e1a,primary,p0f6,0.3666666666666666,0.0632347384363852,sensitivity/all/chemistry/yield/ecfp4/k8/p0f6/k8,sensitivity,all,yield,ecfp4,0,6,k8
acid,223,14,True,0.1021896593007851,0.0892775543412357,0.1263543204654783,0.2529572430534196,test_e1a,primary,p0f6,0.625,-0.1224079674526759,sensitivity/all/chemistry/yield/ecfp4/k8/p0f6/k8,sensitivity,all,yield,ecfp4,0,6,k8
acid,231,24,True,0.1265446989598866,0.0930058704408572,0.2650354285457733,0.3719034957417415,test_e1a,primary,p0f6,0.6285714285714286,0.0438937071740579,sensitivity/all/chemistry/yield/ecfp4/k8/p0f6/k8,sensitivity,all,yield,ecfp4,0,6,k8
acid,234,10,True,0.0071616677340516,0.002948427061091,0.5883044047028219,0.0916858070926041,test_e1a,primary,p0f6,0.6764705882352942,0.1384913473927377,sensitivity/all/chemistry/yield/ecfp4/k8/p0f6/k8,sensitivity,all,yield,ecfp4,0,6,k8
acid,262,136,True,0.0440933504357228,0.0433519510366125,0.016814313083128,0.2813537870240365,test_e1a,primary,p0f6,0.3421052631578947,-0.0372949041402355,sensitivity/all/chemistry/yield/ecfp4/k8/p0f6/k8,sensitivity,all,yield,ecfp4,0,6,k8
acid,271,11,True,0.0035846718286688,0.001521452259108,0.5755672117765231,0.0,test_e1a,primary,p0f6,0.5172413793103449,0.4127752651594428,sensitivity/all/chemistry/yield/ecfp4/k8/p0f6/k8,sensitivity,all,yield,ecfp4,0,6,k8
amine,2,52,True,0.0258699958485363,0.0178241771775182,0.3110096622405661,0.0034668762264076,test_e1n,primary,p0f6,0.3783783783783784,0.0462512577220824,sensitivity/all/chemistry/yield/ecfp4/k8/p0f6/k8,sensitivity,all,yield,ecfp4,0,6,k8
amine,6,29,True,0.0790363265734835,0.0772064126100587,0.0231528215285083,0.0201604970274566,test_e1n,primary,p0f6,0.2307692307692307,0.0331143696837346,sensitivity/all/chemistry/yield/ecfp4/k8/p0f6/k8,sensitivity,all,yield,ecfp4,0,6,k8
amine,7,81,True,0.0616930869961787,0.0640347628516712,-0.0379568598283557,0.1926641637524852,test_e1n,primary,p0f6,0.2307692307692307,-0.0053244339287641,sensitivity/all/chemistry/yield/ecfp4/k8/p0f6/k8,sensitivity,all,yield,ecfp4,0,6,k8
amine,18,12,True,0.1735237339142527,0.1710502572740728,0.0142543995820318,0.4305458828010897,test_e1n,primary,p0f6,0.2291666666666666,-0.0209769452226624,sensitivity/all/chemistry/yield/ecfp4/k8/p0f6/k8,sensitivity,all,yield,ecfp4,0,6,k8
amine,29,12,True,0.0529723715119534,0.0499929538164868,0.0562447481663959,0.2461584859948418,test_e1n,primary,p0f6,0.3,-0.0526248018113482,sensitivity/all/chemistry/yield/ecfp4/k8/p0f6/k8,sensitivity,all,yield,ecfp4,0,6,k8
amine,37,8,True,0.0784933011469537,0.045326221953351,0.4225466212907502,0.0167285683786748,test_e1n,primary,p0f6,0.3,0.4119929805826121,sensitivity/all/chemistry/yield/ecfp4/k8/p0f6/k8,sensitivity,all,yield,ecfp4,0,6,k8
amine,43,10,True,0.2466983526027474,0.2041823481352392,0.1723400420754764,0.4207231801711588,test_e1n,primary,p0f6,0.1875,-0.0326658350937307,sensitivity/all/chemistry/yield/ecfp4/k8/p0f6/k8,sensitivity,all,yield,ecfp4,0,6,k8
amine,44,54,True,0.1112087656939948,0.0887932447761619,0.201562536711468,0.3399736310786339,test_e1n,primary,p0f6,0.1875,-0.0371437036086408,sensitivity/all/chemistry/yield/ecfp4/k8/p0f6/k8,sensitivity,all,yield,ecfp4,0,6,k8
amine,49,12,True,0.071122181988132,0.0636362004289437,0.1052552290990941,0.0062519027406692,test_e1n,primary,p0f6,0.1777777777777777,0.1027982234264059,sensitivity/all/chemistry/yield/ecfp4/k8/p0f6/k8,sensitivity,all,yield,ecfp4,0,6,k8
amine,61,59,True,0.0055556325530863,0.001915747256093,0.6551702730900026,0.0177486163963834,test_e1n,primary,p0f6,0.8333333333333334,0.0156499207441053,sensitivity/all/chemistry/yield/ecfp4/k8/p0f6/k8,sensitivity,all,yield,ecfp4,0,6,k8
amine,65,40,True,0.0120888968595549,0.0095939681293538,0.2063818360919443,0.0116652934173479,test_e1n,primary,p0f6,0.3018867924528302,0.0440469517124408,sensitivity/all/chemistry/yield/ecfp4/k8/p0f6/k8,sensitivity,all,yield,ecfp4,0,6,k8
amine,78,12,True,0.0339365524942612,0.0962159377508721,-1.8351712439601064,0.053992639790208,test_e1n,primary,p0f6,0.1263157894736842,0.1132284034827377,sensitivity/all/chemistry/yield/ecfp4/k8/p0f6/k8,sensitivity,all,yield,ecfp4,0,6,k8
amine,79,10,True,0.0346577238213821,0.0145906592879525,0.579006995290591,0.1027635608785742,test_e1n,primary,p0f6,0.1590909090909091,0.0877817510909145,sensitivity/all/chemistry/yield/ecfp4/k8/p0f6/k8,sensitivity,all,yield,ecfp4,0,6,k8
amine,86,6,True,0.0268547284373701,0.0134726379530581,0.4983141242899326,0.0,test_e1n,primary,p0f6,0.2444444444444444,0.106285276271553,sensitivity/all/chemistry/yield/ecfp4/k8/p0f6/k8,sensitivity,all,yield,ecfp4,0,6,k8
amine,102,16,True,0.0979832932599764,0.1220208894737339,-0.2453234160029622,0.2922366506075741,test_e1n,primary,p0f6,0.2115384615384615,-0.076258973480763,sensitivity/all/chemistry/yield/ecfp4/k8/p0f6/k8,sensitivity,all,yield,ecfp4,0,6,k8
amine,105,125,True,0.0176468774624899,0.0364965542083816,-1.0681593265413891,0.1038670641889227,test_e1n,primary,p0f6,0.4,0.0448599029922797,sensitivity/all/chemistry/yield/ecfp4/k8/p0f6/k8,sensitivity,all,yield,ecfp4,0,6,k8
amine,127,51,True,0.0389718436861911,0.0301159930305936,0.2272371491301921,0.1654758012046285,test_e1n,primary,p0f6,0.5370370370370371,0.0454935302639388,sensitivity/all/chemistry/yield/ecfp4/k8/p0f6/k8,sensitivity,all,yield,ecfp4,0,6,k8
amine,130,34,True,0.020983403682317,0.0197519344125571,0.0586877747959277,0.0660269552798658,test_e1n,primary,p0f6,0.4482758620689655,0.0533974061564694,sensitivity/all/chemistry/yield/ecfp4/k8/p0f6/k8,sensitivity,all,yield,ecfp4,0,6,k8
amine,132,42,True,0.0196584605774226,0.0181560133685092,0.0764275108417696,0.1447121199474945,test_e1n,primary,p0f6,0.6578947368421053,-0.0582673392840829,sensitivity/all/chemistry/yield/ecfp4/k8/p0f6/k8,sensitivity,all,yield,ecfp4,0,6,k8
amine,152,12,True,0.0886206819495014,0.0840243071194174,0.051865712709175,0.2713135727764597,test_e1n,primary,p0f6,0.2608695652173913,-0.0299360322796866,sensitivity/all/chemistry/yield/ecfp4/k8/p0f6/k8,sensitivity,all,yield,ecfp4,0,6,k8
amine,154,88,True,0.0469307497977267,0.0522721212517687,-0.1138138955176175,0.2049420966692777,test_e1n,primary,p0f6,0.3,0.020992500055048,sensitivity/all/chemistry/yield/ecfp4/k8/p0f6/k8,sensitivity,all,yield,ecfp4,0,6,k8
amine,161,72,True,0.1048497630895683,0.1032493676377229,0.0152637011728696,0.3250173445684772,test_e1n,primary,p0f6,0.4444444444444444,0.0008020899079913,sensitivity/all/chemistry/yield/ecfp4/k8/p0f6/k8,sensitivity,all,yield,ecfp4,0,6,k8
amine,166,46,True,0.0732861851955856,0.0748380327696622,-0.0211751719636519,0.211869490910664,test_e1n,primary,p0f6,0.4230769230769231,-0.0907058440350185,sensitivity/all/chemistry/yield/ecfp4/k8/p0f6/k8,sensitivity,all,yield,ecfp4,0,6,k8
amine,175,25,True,0.0581820788189825,0.0457040016035895,0.2144659913959955,0.2980487582035306,test_e1n,primary,p0f6,0.3333333333333333,-0.0359471198813945,sensitivity/all/chemistry/yield/ecfp4/k8/p0f6/k8,sensitivity,all,yield,ecfp4,0,6,k8
amine,194,11,True,0.0256156109001455,0.0069120109549179,0.7301641182065771,0.0041725509964746,test_e1n,primary,p0f6,0.175,0.1013943236575222,sensitivity/all/chemistry/yield/ecfp4/k8/p0f6/k8,sensitivity,all,yield,ecfp4,0,6,k8
amine,218,12,True,0.0195654180390954,0.0123543468587372,0.3685620806030873,0.1662426229851108,test_e1n,primary,p0f6,0.2075471698113207,-0.0946582561030546,sensitivity/all/chemistry/yield/ecfp4/k8/p0f6/k8,sensitivity,all,yield,ecfp4,0,6,k8
amine,220,75,True,0.0887509138915359,0.1114637306110096,-0.2559164263618902,0.2993651149898746,test_e1n,primary,p0f6,0.1379310344827586,-0.0355370352334267,sensitivity/all/chemistry/yield/ecfp4/k8/p0f6/k8,sensitivity,all,yield,ecfp4,0,6,k8
amine,222,38,True,0.0681770867898456,0.060806037991088,0.1081162183048203,0.297341442894988,test_e1n,primary,p0f6,0.3928571428571428,-0.0129857584651291,sensitivity/all/chemistry/yield/ecfp4/k8/p0f6/k8,sensitivity,all,yield,ecfp4,0,6,k8
amine,228,24,True,0.0545619264897742,0.053537603333564,0.0187735885096023,0.2267940494180772,test_e1n,primary,p0f6,0.4615384615384615,-0.0132917202688866,sensitivity/all/chemistry/yield/ecfp4/k8/p0f6/k8,sensitivity,all,yield,ecfp4,0,6,k8
amine,229,9,True,0.0873726186104852,0.0797934070502081,0.0867458441879368,0.0170063795219454,test_e1n,primary,p0f6,0.1558441558441558,0.1126509457775164,sensitivity/all/chemistry/yield/ecfp4/k8/p0f6/k8,sensitivity,all,yield,ecfp4,0,6,k8
acid,1,13,True,0.0052542270087301,0.0044688185183564,0.1494812631941238,0.0,test_e1a,primary,p0f7,0.3116883116883117,0.4736150243406561,sensitivity/all/chemistry/yield/ecfp4/k8/p0f7/k8,sensitivity,all,yield,ecfp4,0,7,k8
acid,2,89,True,0.0387374178693752,0.0303610885571802,0.216233548153374,0.1914961742364348,test_e1a,primary,p0f7,0.4225352112676056,-0.0825903519393462,sensitivity/all/chemistry/yield/ecfp4/k8/p0f7/k8,sensitivity,all,yield,ecfp4,0,7,k8
acid,3,46,True,0.0443395393408501,0.0177394524520132,0.5999179803009401,0.3987352938181318,test_e1a,primary,p0f7,0.6964285714285714,0.0559524982219205,sensitivity/all/chemistry/yield/ecfp4/k8/p0f7/k8,sensitivity,all,yield,ecfp4,0,7,k8
acid,13,2,False,0.0727954245954712,0.0427914283000045,0.4121687106325824,0.0,test_e1a,primary,p0f7,0.3611111111111111,0.11039834382245,sensitivity/all/chemistry/yield/ecfp4/k8/p0f7/k8,sensitivity,all,yield,ecfp4,0,7,k8
acid,19,21,True,0.1858803023825907,0.1328983985006326,0.2850323740753729,0.4138283688979791,test_e1a,primary,p0f7,0.4318181818181818,0.2197588987707591,sensitivity/all/chemistry/yield/ecfp4/k8/p0f7/k8,sensitivity,all,yield,ecfp4,0,7,k8
acid,28,76,True,0.0661803825293609,0.0576950337178778,0.1282154694061876,0.361548714060217,test_e1a,primary,p0f7,0.546875,0.0097981583434765,sensitivity/all/chemistry/yield/ecfp4/k8/p0f7/k8,sensitivity,all,yield,ecfp4,0,7,k8
acid,31,8,True,0.0108133225756265,0.0074963817802148,0.3067457548051038,0.1129956636336103,test_e1a,primary,p0f7,0.4347826086956521,0.0889966108499065,sensitivity/all/chemistry/yield/ecfp4/k8/p0f7/k8,sensitivity,all,yield,ecfp4,0,7,k8
acid,39,34,True,0.0281251796877092,0.008504946516868,0.6976038336002277,0.3724440134743818,test_e1a,primary,p0f7,0.5961538461538461,-0.0687677146654752,sensitivity/all/chemistry/yield/ecfp4/k8/p0f7/k8,sensitivity,all,yield,ecfp4,0,7,k8
acid,43,41,True,0.0282350522624469,0.0228037284182181,0.1923610338576405,0.3419847939673313,test_e1a,primary,p0f7,0.6875,0.0030681928899954,sensitivity/all/chemistry/yield/ecfp4/k8/p0f7/k8,sensitivity,all,yield,ecfp4,0,7,k8
acid,50,6,True,0.01643392526563,0.0048194007377758,0.7067407414919227,0.0048581546565199,test_e1a,primary,p0f7,0.5106382978723404,0.5919343309646719,sensitivity/all/chemistry/yield/ecfp4/k8/p0f7/k8,sensitivity,all,yield,ecfp4,0,7,k8
acid,62,47,True,0.0470906760720499,0.0323939893258555,0.3120933478149276,0.4000631315466869,test_e1a,primary,p0f7,0.4545454545454545,0.0962004426218015,sensitivity/all/chemistry/yield/ecfp4/k8/p0f7/k8,sensitivity,all,yield,ecfp4,0,7,k8
acid,66,38,True,0.0817423102161593,0.0603977314280132,0.2611203271806543,0.3324173201624044,test_e1a,primary,p0f7,0.3684210526315789,0.1944189693320851,sensitivity/all/chemistry/yield/ecfp4/k8/p0f7/k8,sensitivity,all,yield,ecfp4,0,7,k8
acid,83,2,False,0.0051835400396694,0.0128639153164266,-1.4816853382012165,0.0424264068711928,test_e1a,primary,p0f7,0.4814814814814814,0.179241459824908,sensitivity/all/chemistry/yield/ecfp4/k8/p0f7/k8,sensitivity,all,yield,ecfp4,0,7,k8
acid,86,25,True,0.0145935522510296,0.0057037729419414,0.6091580141812954,0.136403266945236,test_e1a,primary,p0f7,0.2962962962962963,0.1304504463693653,sensitivity/all/chemistry/yield/ecfp4/k8/p0f7/k8,sensitivity,all,yield,ecfp4,0,7,k8
acid,102,34,True,0.0823436217238009,0.0782188353525085,0.0500923603424662,0.3719775084723122,test_e1a,primary,p0f7,0.3026315789473684,0.1044234349517652,sensitivity/all/chemistry/yield/ecfp4/k8/p0f7/k8,sensitivity,all,yield,ecfp4,0,7,k8
acid,105,46,True,0.0408287030731459,0.0479103723771423,-0.1734483040352594,0.354955165380012,test_e1a,primary,p0f7,0.3409090909090909,-0.1400536145299462,sensitivity/all/chemistry/yield/ecfp4/k8/p0f7/k8,sensitivity,all,yield,ecfp4,0,7,k8
acid,146,20,True,0.0386962973532568,0.0348523510348278,0.0993362823150165,0.2578243475395808,test_e1a,primary,p0f7,0.375,0.0631667747495774,sensitivity/all/chemistry/yield/ecfp4/k8/p0f7/k8,sensitivity,all,yield,ecfp4,0,7,k8
acid,160,8,True,0.0010706251211381,0.0020520520641281,-0.9166858908995994,0.0145381702031976,test_e1a,primary,p0f7,0.5,0.8879913013406714,sensitivity/all/chemistry/yield/ecfp4/k8/p0f7/k8,sensitivity,all,yield,ecfp4,0,7,k8
acid,161,9,True,0.1304742912307606,0.1568965913388564,-0.2025096274434983,0.2867476101808774,test_e1a,primary,p0f7,0.6274509803921569,-0.1620694485834506,sensitivity/all/chemistry/yield/ecfp4/k8/p0f7/k8,sensitivity,all,yield,ecfp4,0,7,k8
acid,168,2,False,0.0023342291148169,0.0071249852048918,-2.0523932546572405,0.0777817459305202,test_e1a,primary,p0f7,0.7272727272727273,-0.0946715303285083,sensitivity/all/chemistry/yield/ecfp4/k8/p0f7/k8,sensitivity,all,yield,ecfp4,0,7,k8
acid,176,4,True,0.1282037268349494,0.1275191688293849,0.0053396108090192,0.4656397990936771,test_e1a,primary,p0f7,0.6666666666666666,-0.1487194118245736,sensitivity/all/chemistry/yield/ecfp4/k8/p0f7/k8,sensitivity,all,yield,ecfp4,0,7,k8
acid,195,42,True,0.0208464280219901,0.0284709071956831,-0.3657451130548665,0.3198874283338429,test_e1a,primary,p0f7,0.375,0.0407661724225346,sensitivity/all/chemistry/yield/ecfp4/k8/p0f7/k8,sensitivity,all,yield,ecfp4,0,7,k8
acid,206,153,True,0.0569049834766723,0.0560458591132594,0.0150975241696554,0.3254199405878474,test_e1a,primary,p0f7,0.3478260869565217,0.1071605596757704,sensitivity/all/chemistry/yield/ecfp4/k8/p0f7/k8,sensitivity,all,yield,ecfp4,0,7,k8
acid,208,11,True,0.0346925710931114,0.0385738521040446,-0.1118764302742572,0.2485415096115736,test_e1a,primary,p0f7,0.4791666666666667,-0.1213174053870369,sensitivity/all/chemistry/yield/ecfp4/k8/p0f7/k8,sensitivity,all,yield,ecfp4,0,7,k8
acid,226,11,True,0.0626782573515542,0.070210405650993,-0.1201716291694572,0.2210085658562088,test_e1a,primary,p0f7,0.5,-0.0502435134055705,sensitivity/all/chemistry/yield/ecfp4/k8/p0f7/k8,sensitivity,all,yield,ecfp4,0,7,k8
acid,229,89,True,0.0886710167864198,0.137306983518554,-0.5484990304022646,0.1169726067628259,test_e1a,primary,p0f7,0.2954545454545454,-0.0942722451482993,sensitivity/all/chemistry/yield/ecfp4/k8/p0f7/k8,sensitivity,all,yield,ecfp4,0,7,k8
acid,237,12,True,0.007326638923585,0.0021551149575631,0.7058521676800957,0.0,test_e1a,primary,p0f7,0.4390243902439024,0.7026265518748886,sensitivity/all/chemistry/yield/ecfp4/k8/p0f7/k8,sensitivity,all,yield,ecfp4,0,7,k8
acid,240,53,True,0.0507663467535826,0.0608205415470267,-0.1980484205855239,0.3321153891317191,test_e1a,primary,p0f7,0.6363636363636364,0.0860272386342378,sensitivity/all/chemistry/yield/ecfp4/k8/p0f7/k8,sensitivity,all,yield,ecfp4,0,7,k8
acid,242,9,True,0.011590599933427,0.0072174298646159,0.3773031675607162,0.0072666666666666,test_e1a,primary,p0f7,0.59375,0.4587759955335099,sensitivity/all/chemistry/yield/ecfp4/k8/p0f7/k8,sensitivity,all,yield,ecfp4,0,7,k8
acid,245,26,True,0.0677527327563118,0.0770188509670262,-0.1367637559955268,0.3446536237798978,test_e1a,primary,p0f7,0.3584905660377358,-0.0075429774172057,sensitivity/all/chemistry/yield/ecfp4/k8/p0f7/k8,sensitivity,all,yield,ecfp4,0,7,k8
acid,249,13,True,0.0024756554531746,0.0016004100545826,0.3535408764049237,0.0817628089235987,test_e1a,primary,p0f7,0.5666666666666667,0.4152668990112372,sensitivity/all/chemistry/yield/ecfp4/k8/p0f7/k8,sensitivity,all,yield,ecfp4,0,7,k8
acid,265,18,True,0.1912450945060325,0.168278318911398,0.1200907958133798,0.4881074545857932,test_e1a,primary,p0f7,0.3191489361702128,0.0942678882403695,sensitivity/all/chemistry/yield/ecfp4/k8/p0f7/k8,sensitivity,all,yield,ecfp4,0,7,k8
acid,268,8,True,0.0480506314107232,0.0203550574323938,0.5763831434720474,0.0126218560441798,test_e1a,primary,p0f7,0.1935483870967742,0.0623992295744159,sensitivity/all/chemistry/yield/ecfp4/k8/p0f7/k8,sensitivity,all,yield,ecfp4,0,7,k8
acid,270,61,True,0.0589096884002223,0.0516982274962244,0.1224155329935614,0.1514096747996997,test_e1a,primary,p0f7,0.1818181818181818,-0.1459309920355407,sensitivity/all/chemistry/yield/ecfp4/k8/p0f7/k8,sensitivity,all,yield,ecfp4,0,7,k8
amine,3,45,True,0.0125796100446101,0.0161972782256954,-0.2875819018440386,0.0285366374467574,test_e1n,primary,p0f7,0.3378378378378378,0.0765112344448928,sensitivity/all/chemistry/yield/ecfp4/k8/p0f7/k8,sensitivity,all,yield,ecfp4,0,7,k8
amine,9,182,True,0.0483904110447184,0.0223954872780779,0.5371916296106297,0.1311870832653734,test_e1n,primary,p0f7,0.18,0.0156706203490144,sensitivity/all/chemistry/yield/ecfp4/k8/p0f7/k8,sensitivity,all,yield,ecfp4,0,7,k8
amine,10,32,True,0.0470871272974094,0.029458441811278,0.3743843911901015,0.1581906946600087,test_e1n,primary,p0f7,0.2903225806451613,0.0920740348598117,sensitivity/all/chemistry/yield/ecfp4/k8/p0f7/k8,sensitivity,all,yield,ecfp4,0,7,k8
amine,14,12,True,0.0087870633495288,0.0008119075464252,0.9076019468473782,0.0,test_e1n,primary,p0f7,0.2777777777777778,-0.0341900758543407,sensitivity/all/chemistry/yield/ecfp4/k8/p0f7/k8,sensitivity,all,yield,ecfp4,0,7,k8
amine,22,12,True,0.0644360180703345,0.1048810937318559,-0.627678073113922,0.0,test_e1n,primary,p0f7,0.3448275862068966,-0.0341900758543407,sensitivity/all/chemistry/yield/ecfp4/k8/p0f7/k8,sensitivity,all,yield,ecfp4,0,7,k8
amine,39,11,True,0.0428769145895774,0.0652582423177497,-0.5219901651601757,0.2015276827363697,test_e1n,primary,p0f7,0.2758620689655172,-0.0267304829497223,sensitivity/all/chemistry/yield/ecfp4/k8/p0f7/k8,sensitivity,all,yield,ecfp4,0,7,k8
amine,58,49,True,0.2059222990744623,0.1654635653504033,0.1964757284951883,0.3183681982011556,test_e1n,primary,p0f7,0.71875,-0.0460465576875506,sensitivity/all/chemistry/yield/ecfp4/k8/p0f7/k8,sensitivity,all,yield,ecfp4,0,7,k8
amine,64,12,True,0.1439370140164788,0.0617958644045147,0.5706742645262883,0.2760044853487096,test_e1n,primary,p0f7,0.2666666666666666,0.018056457597377,sensitivity/all/chemistry/yield/ecfp4/k8/p0f7/k8,sensitivity,all,yield,ecfp4,0,7,k8
amine,68,43,True,0.0209778715276961,0.0046842122637448,0.7767069810890713,0.0100914939566376,test_e1n,primary,p0f7,0.2391304347826087,0.0861997914737107,sensitivity/all/chemistry/yield/ecfp4/k8/p0f7/k8,sensitivity,all,yield,ecfp4,0,7,k8
amine,69,74,True,0.0171373351142816,0.0347901982344817,-1.0300821570262009,0.0581161763515188,test_e1n,primary,p0f7,0.2045454545454545,0.0628119232162115,sensitivity/all/chemistry/yield/ecfp4/k8/p0f7/k8,sensitivity,all,yield,ecfp4,0,7,k8
amine,82,3,True,0.3366272199576005,0.3526975155677237,-0.0477391448384574,0.5139208531800722,test_e1n,primary,p0f7,0.1818181818181818,-0.0223840481493389,sensitivity/all/chemistry/yield/ecfp4/k8/p0f7/k8,sensitivity,all,yield,ecfp4,0,7,k8
amine,95,47,True,0.0298534116877079,0.0322471263275689,-0.0801822808361518,0.1487290500331871,test_e1n,primary,p0f7,0.2,0.0768093188606702,sensitivity/all/chemistry/yield/ecfp4/k8/p0f7/k8,sensitivity,all,yield,ecfp4,0,7,k8
amine,109,11,True,0.0120865438480358,0.0131795600621439,-0.0904324865611401,0.0277846294984049,test_e1n,primary,p0f7,0.1935483870967742,-0.0378793374865387,sensitivity/all/chemistry/yield/ecfp4/k8/p0f7/k8,sensitivity,all,yield,ecfp4,0,7,k8
amine,111,53,True,0.0721591579521347,0.0619442539308844,0.1415607431010506,0.0715692207582417,test_e1n,primary,p0f7,0.3142857142857143,0.0594197578783238,sensitivity/all/chemistry/yield/ecfp4/k8/p0f7/k8,sensitivity,all,yield,ecfp4,0,7,k8
amine,114,9,True,0.1673044794813928,0.108259017277625,0.3529221834752767,0.4319366806733495,test_e1n,primary,p0f7,0.4193548387096774,-0.0133149786187733,sensitivity/all/chemistry/yield/ecfp4/k8/p0f7/k8,sensitivity,all,yield,ecfp4,0,7,k8
amine,115,18,True,0.0034700240984168,0.0019935933942415,0.4254813979098499,0.0,test_e1n,primary,p0f7,0.1958762886597938,0.1225003758398713,sensitivity/all/chemistry/yield/ecfp4/k8/p0f7/k8,sensitivity,all,yield,ecfp4,0,7,k8
amine,125,21,True,0.1465578474238887,0.144328250421336,0.0152130850837625,0.226218413212078,test_e1n,primary,p0f7,0.3720930232558139,-0.0390865148451589,sensitivity/all/chemistry/yield/ecfp4/k8/p0f7/k8,sensitivity,all,yield,ecfp4,0,7,k8
amine,126,12,True,0.0509479205751384,0.0489094049844404,0.0400117525442801,0.2231449676575949,test_e1n,primary,p0f7,0.4411764705882353,-0.0089717371285034,sensitivity/all/chemistry/yield/ecfp4/k8/p0f7/k8,sensitivity,all,yield,ecfp4,0,7,k8
amine,141,62,True,0.0240358285741861,0.0146984120934839,0.3884790762208359,0.0626127750390944,test_e1n,primary,p0f7,0.4074074074074074,0.0739163715078219,sensitivity/all/chemistry/yield/ecfp4/k8/p0f7/k8,sensitivity,all,yield,ecfp4,0,7,k8
amine,148,31,True,0.1400044885008344,0.1138765818741649,0.1866219212430023,0.3006934274503318,test_e1n,primary,p0f7,0.3095238095238095,-0.0443775790837703,sensitivity/all/chemistry/yield/ecfp4/k8/p0f7/k8,sensitivity,all,yield,ecfp4,0,7,k8
amine,156,68,True,0.0198737115799304,0.0216747053668408,-0.0906219142643227,0.1235403472160192,test_e1n,primary,p0f7,0.1451612903225806,0.0245257796940268,sensitivity/all/chemistry/yield/ecfp4/k8/p0f7/k8,sensitivity,all,yield,ecfp4,0,7,k8
amine,165,12,True,0.0175088314829205,0.0091685468438548,0.4763473020573355,0.0345445649805721,test_e1n,primary,p0f7,0.3823529411764705,-0.0441201656235377,sensitivity/all/chemistry/yield/ecfp4/k8/p0f7/k8,sensitivity,all,yield,ecfp4,0,7,k8
amine,172,94,True,0.1102937382858347,0.1192050222261302,-0.0807959189596165,0.3423976169801769,test_e1n,primary,p0f7,0.3714285714285714,0.0241470391060084,sensitivity/all/chemistry/yield/ecfp4/k8/p0f7/k8,sensitivity,all,yield,ecfp4,0,7,k8
amine,184,11,True,0.071419310733003,0.0763593768374083,-0.0691698933202176,0.1153582404354523,test_e1n,primary,p0f7,0.3,-0.0340759397204548,sensitivity/all/chemistry/yield/ecfp4/k8/p0f7/k8,sensitivity,all,yield,ecfp4,0,7,k8
amine,190,119,True,0.0306009300523353,0.0309176533991444,-0.0103501215900132,0.1187194805975471,test_e1n,primary,p0f7,0.3111111111111111,-0.0212915829423225,sensitivity/all/chemistry/yield/ecfp4/k8/p0f7/k8,sensitivity,all,yield,ecfp4,0,7,k8
amine,206,12,True,0.0325082229122414,0.0200038079774359,0.384653906445829,0.0468134879229816,test_e1n,primary,p0f7,0.2222222222222222,-0.0366158177137074,sensitivity/all/chemistry/yield/ecfp4/k8/p0f7/k8,sensitivity,all,yield,ecfp4,0,7,k8
amine,226,31,True,0.074112655352513,0.0801198903920356,-0.0810554555217248,0.2154690225970423,test_e1n,primary,p0f7,0.46875,0.0562879157094348,sensitivity/all/chemistry/yield/ecfp4/k8/p0f7/k8,sensitivity,all,yield,ecfp4,0,7,k8
amine,227,61,True,0.1286349954055712,0.1082755549660905,0.1582729518922105,0.37768151620947,test_e1n,primary,p0f7,0.358974358974359,-0.010263126739346,sensitivity/all/chemistry/yield/ecfp4/k8/p0f7/k8,sensitivity,all,yield,ecfp4,0,7,k8
