tag,screen,coverage,rung,split_seed,init_seed,permute_train_residual,inject_kappa,contaminated,n_drugs,n_train_pairs,n_val_pairs,n_test_pairs,n_params,hparams,grid_size,grid_argmin,train_loss,val_loss,best_epoch,n_restarts,d_scale_train,r_scale_train,shrinkage_alpha,heldout_n_pairs,heldout_mse_zero,heldout_mse,heldout_rmse,heldout_mae,heldout_mae_zero,heldout_skill,heldout_pred_std,heldout_true_std,heldout_pearson,heldout_spearman,heldout_sign_threshold,heldout_sign_n,heldout_sign_frac_of_pairs,heldout_sign_accuracy,cal_n_pairs,cal_mse_zero,cal_mse,cal_rmse,cal_mae,cal_mae_zero,cal_skill,cal_pred_std,cal_true_std,cal_pearson,cal_spearman,cal_sign_threshold,cal_sign_n,cal_sign_frac_of_pairs,cal_sign_accuracy,raw_n_pairs,raw_mse_zero,raw_mse,raw_rmse,raw_mae,raw_mae_zero,raw_skill,raw_pred_std,raw_true_std,raw_pearson,raw_spearman,raw_sign_threshold,raw_sign_n,raw_sign_frac_of_pairs,raw_sign_accuracy,dec_n_test_pairs,dec_n_test_rows,dec_additive_lambda,dec_additive_objective,dec_additive_val_score,dec_y_var,dec_additive_test_mse_y,dec_additive_test_r2_y,dec_D_mean_square,dec_D_var,dec_D_std,dec_D_add_mean_square,dec_D_res_mean_square,dec_D_res_var,dec_D_res_std,dec_D_res_mean_abs,dec_D_res_mean,dec_frac_D_removed_by_potential,dec_D_pearson_add,dec_D_res_abs_q50,dec_D_res_abs_q90,dec_D_abs_q50,split_coverage,split_split_seed,split_n_train_pairs,split_n_val_pairs,split_n_test_pairs,split_n_test_pairs_dropped_for_connectivity,split_train_degree_min,split_train_degree_median,split_train_degree_max,split_n_isolated_drugs,split_test_endpoint_degree_min,split_test_endpoint_degree_median
main,A375,0.05,zero,0,0,False,0.0,False,100,211,37,848,0,{},1,0,0.9999999403953552,2.7488067150115967,0,1,0.1261836375158431,0.1014743723589798,0.0,848,0.030242563567891612,0.030242563567891612,0.17390389175602602,0.12186397037690172,0.12186397037690172,0.0,0.0,0.17390372122127778,,,0.14230543775947893,263,0.31014150943396224,,848,0.030242563567891612,0.030242563567891612,0.17390389175602602,0.12186397037690172,0.12186397037690172,0.0,0.0,0.17390372122127778,,,0.14230543775947893,263,0.31014150943396224,,848,0.04848384410180696,0.030242563567891612,0.17390389175602602,0.12186397037690172,0.13519859591981132,0.3762342048541383,0.10874512030847029,0.2200987637388758,0.6272588482133868,0.5156836902074463,0.14230543775947893,289,0.3408018867924528,0.8373702422145328,848,1696,3.0,y,0.03516060539105639,0.029922842164033788,0.019538690114219444,0.34703094020579817,0.04848384410180696,0.04844346579938147,0.2200987637388758,0.01186284366867902,0.030242563567891612,0.030242504254607904,0.17390372122127778,0.12186397037690172,-0.00024354318653466313,0.3762342048541383,0.6272588482133871,0.08112197517987121,0.28014795044285884,0.057751599,0.05,0,211,37,848,637,0,4.0,11,1,3,5.0
main,A375,0.05,zero,1,0,False,0.0,False,100,211,37,929,0,{},1,0,1.0000001192092896,1.4745416641235352,0,1,0.14920067260721112,0.1194364749459374,0.0,929,0.03306082861964892,0.03306082861964892,0.18182636942877378,0.13641231914807034,0.13641231914807034,0.0,0.0,0.18160062633128315,,,0.14230543775947893,337,0.3627556512378902,,929,0.03306082861964892,0.03306082861964892,0.18182636942877378,0.13641231914807034,0.13641231914807034,0.0,0.0,0.18160062633128315,,,0.14230543775947893,337,0.3627556512378902,,929,0.05142657608939356,0.03306082861964892,0.18182636942877378,0.13641231914807034,0.14835670026910655,0.35712561220914074,0.11461530698820718,0.2252608861678265,0.5984184347697503,0.5448732804419694,0.14230543775947893,359,0.38643702906350913,0.8189415041782729,929,1858,3.0,y,0.015844140287260153,0.036890133283186875,0.022967209880941687,0.3774159148563101,0.05142657608939356,0.05074246683711448,0.2252608861678265,0.013429004252190001,0.03306082861964892,0.032978787483914335,0.18160062633128315,0.13641231914807034,-0.009057656194324441,0.35712561220914074,0.5984184347697501,0.10138639034490488,0.31120122001649086,0.08287033199999999,0.05,1,211,37,929,556,1,4.0,10,0,3,4.0
main,A375,0.05,zero,2,0,False,0.0,False,100,211,37,928,0,{},1,0,1.0,2.733731746673584,0,1,0.14187472766168344,0.11284086312935566,0.0,928,0.03746156813274532,0.03746156813274532,0.1935499112186449,0.1407436009691266,0.1407436009691266,0.0,0.0,0.193338272934363,,,0.14230543775947893,326,0.35129310344827586,,928,0.03746156813274532,0.03746156813274532,0.1935499112186449,0.1407436009691266,0.1407436009691266,0.0,0.0,0.193338272934363,,,0.14230543775947893,326,0.35129310344827586,,928,0.055124801199662114,0.03746156813274532,0.1935499112186449,0.1407436009691266,0.15148584803556037,0.3204226170891852,0.11031384156835097,0.23376891151829587,0.5707581187211973,0.47783412969176675,0.14230543775947893,358,0.3857758620689655,0.7737430167597765,928,1856,3.0,y,0.02932341382712453,0.03321402167781606,0.02165535510801097,0.34800563093283066,0.055124801199662114,0.05464790399244884,0.23376891151829587,0.012332707278679323,0.03746156813274532,0.037379687781242246,0.193338272934363,0.1407436009691266,-0.009048776243397194,0.3204226170891852,0.5707581187211974,0.09670870627672604,0.3337269998818133,0.07992115049999998,0.05,2,211,37,928,557,0,4.0,10,3,3,5.0
main,A375,0.05,zero,3,0,False,0.0,False,100,211,37,999,0,{},1,0,1.0,0.8663274645805359,0,1,0.13961833727891482,0.10584079971329706,0.0,999,0.036450499121046566,0.036450499121046566,0.19092013807099179,0.14165120237187104,0.14165120237187104,0.0,0.0,0.19073856839788278,,,0.14230543775947893,392,0.3923923923923924,,999,0.036450499121046566,0.036450499121046566,0.19092013807099179,0.14165120237187104,0.14165120237187104,0.0,0.0,0.19073856839788278,,,0.14230543775947893,392,0.3923923923923924,,999,0.045494754343491976,0.036450499121046566,0.19092013807099179,0.14165120237187104,0.1429069186936937,0.19879775927923415,0.0999583475148725,0.21202409330184552,0.4379790402564977,0.41529160422947997,0.14230543775947893,389,0.3893893893893894,0.7583547557840618,999,1998,3.0,y,0.013392749195125198,0.029658900279592133,0.021177526724595754,0.2859638582362506,0.045494754343491976,0.0449542161404697,0.21202409330184552,0.010214425569716998,0.036450499121046566,0.0363812014744738,0.19073856839788278,0.14165120237187104,-0.008324520801389512,0.19879775927923415,0.43797904025649753,0.10578402963992449,0.31897937239340063,0.086955518,0.05,3,211,37,999,486,1,4.0,9,0,3,4.0
main,A375,0.05,zero,4,0,False,0.0,False,100,211,37,893,0,{},1,0,1.0,2.6728503704071045,0,1,0.11878356912567209,0.103753359292319,0.0,893,0.0329832848755218,0.0329832848755218,0.18161300855258636,0.13758271621619,0.13758271621619,0.0,0.0,0.18149971050350525,,,0.14230543775947893,341,0.3818589025755879,,893,0.0329832848755218,0.0329832848755218,0.18161300855258636,0.13758271621619,0.13758271621619,0.0,0.0,0.18149971050350525,,,0.14230543775947893,341,0.3818589025755879,,893,0.05446332410588529,0.0329832848755218,0.18161300855258636,0.13758271621619,0.15261419986002242,0.39439456887726687,0.16015909328333486,0.23311662515342554,0.6301219950934266,0.586749193533194,0.14230543775947893,358,0.4008958566629339,0.8519553072625698,893,1786,1.0,y,0.02149940113765407,0.037970282817194646,0.02365737219978791,0.37695032945409634,0.05446332410588529,0.05434336092292272,0.23311662515342554,0.02567153519855659,0.0329832848755218,0.032942144912856214,0.18149971050350525,0.13758271621619,-0.006414044173966197,0.39439456887726687,0.6301219950934267,0.10913273504971778,0.2900103567420786,0.084422402,0.05,4,211,37,893,592,0,4.0,11,2,3,5.0
main,A375,0.05,zero,5,0,False,0.0,False,100,211,37,1000,0,{},1,0,1.0,1.217105507850647,0,1,0.14421689734898002,0.12207750237644327,0.0,1000,0.03329971030217238,0.03329971030217238,0.18248208214006212,0.13757032208820338,0.13757032208820338,0.0,0.0,0.18136280044985545,,,0.14230543775947893,387,0.387,,1000,0.03329971030217238,0.03329971030217238,0.18248208214006212,0.13757032208820338,0.13757032208820338,0.0,0.0,0.18136280044985545,,,0.14230543775947893,387,0.387,,1000,0.05207121989867977,0.03329971030217238,0.18248208214006212,0.13757032208820338,0.151636287456,0.36049682786447124,0.1290098691157106,0.22763419355102732,0.605583433003961,0.5633001593001593,0.14230543775947893,404,0.404,0.8168316831683168,1000,2000,3.0,y,0.015343469858029674,0.035675814011341365,0.022137199677594893,0.37948999087848534,0.05207121989867977,0.051817326073626574,0.22763419355102732,0.016661577087106715,0.03329971030217238,0.03289246538701409,0.18136280044985545,0.13757032208820338,-0.0201803100857814,0.36049682786447124,0.605583433003961,0.10636759414431263,0.3017904095864523,0.08435475749999999,0.05,5,211,37,1000,485,0,4.0,9,2,3,4.0
main,A375,0.05,zero,6,0,False,0.0,False,100,211,37,949,0,{},1,0,0.9999999403953552,1.3713876008987427,0,1,0.14506464096230368,0.12019625376028521,0.0,949,0.03442729203343329,0.03442729203343329,0.18554592971400177,0.13846411034372902,0.13846411034372902,0.0,0.0,0.1855443106252005,,,0.14230543775947893,352,0.37091675447839834,,949,0.03442729203343329,0.03442729203343329,0.18554592971400177,0.13846411034372902,0.13846411034372902,0.0,0.0,0.1855443106252005,,,0.14230543775947893,352,0.37091675447839834,,949,0.05090425915565487,0.03442729203343329,0.18554592971400177,0.13846411034372902,0.1458528073667018,0.3236854321332596,0.11801755345856975,0.22561830227374263,0.5709460572788498,0.485139587307092,0.14230543775947893,357,0.3761854583772392,0.7871148459383753,949,1898,3.0,y,0.01561935660154142,0.033398175481822466,0.021286786355636283,0.3626362503777494,0.05090425915565487,0.050903618320885906,0.22561830227374263,0.013928143569027423,0.03442729203343329,0.03442669120538089,0.1855443106252005,0.13846411034372902,0.0007751309904790758,0.3236854321332596,0.5709460572788497,0.10392874621079952,0.32210377875317653,0.08122505299999999,0.05,6,211,37,949,536,1,4.0,10,0,3,5.0
main,A375,0.05,zero,7,0,False,0.0,False,100,211,37,1003,0,{},1,0,1.0,2.140974521636963,0,1,0.12554537894684284,0.08849251352819937,0.0,1003,0.031833652539514895,0.031833652539514895,0.17841987708636864,0.13253321045840538,0.13253321045840538,0.0,0.0,0.17620043115833206,,,0.14230543775947893,341,0.33998005982053836,,1003,0.031833652539514895,0.031833652539514895,0.17841987708636864,0.13253321045840538,0.13253321045840538,0.0,0.0,0.17620043115833206,,,0.14230543775947893,341,0.33998005982053836,,1003,0.05029119050290174,0.031833652539514895,0.17841987708636864,0.13253321045840538,0.147940451555334,0.367013343267781,0.16841627753894645,0.22317674314621583,0.6268898211402226,0.520931325354994,0.14230543775947893,404,0.40279162512462613,0.8094059405940595,1003,2006,1.0,y,0.01923663631552969,0.03289530031258368,0.02283963516767279,0.3056869841393185,0.05029119050290174,0.04980785868135199,0.22317674314621583,0.028400884908187925,0.031833652539514895,0.031046591940382114,0.17620043115833206,0.13253321045840538,-0.028054600320317865,0.367013343267781,0.6268898211402228,0.1016470614945722,0.29430502787960994,0.090758392,0.05,7,211,37,1003,482,1,4.0,9,0,3,4.0
main,A375,0.05,potential,1,0,False,0.0,False,100,211,37,929,100,"{'lr': 0.01, 'weight_decay': 0.01}",4,2,0.7615084052085876,1.3668681383132935,40,2,0.14920067260721112,0.1194364749459374,0.875,929,0.03306082861964892,0.03549797169842423,0.18840905418377385,0.14851489201971174,0.13641231914807034,-0.07371693876199004,0.053661733865737915,0.18160062633128315,0.018804564936138576,-0.06629604895284917,0.14230543775947893,337,0.3627556512378902,0.5548961424332344,929,0.03306082861964892,0.034863838698762896,0.18671860833554565,0.1467208804617563,0.13641231914807034,-0.05453614305487786,0.046954017132520676,0.18160062633128315,0.018804565235112675,-0.06629604895284917,0.14230543775947893,337,0.3627556512378902,0.5548961424332344,929,0.05142657608939356,0.034863838698762896,0.18671860833554565,0.1467208804617563,0.14835670026910655,0.32206572263026145,0.15755874991303737,0.2252608861678265,0.5734341538856362,0.5286347795840611,0.14230543775947893,359,0.38643702906350913,0.8189415041782729,929,1858,3.0,y,0.015844140287260153,0.036890133283186875,0.022967209880941687,0.3774159148563101,0.05142657608939356,0.05074246683711448,0.2252608861678265,0.013429004252190001,0.03306082861964892,0.032978787483914335,0.18160062633128315,0.13641231914807034,-0.009057656194324441,0.35712561220914074,0.5984184347697501,0.10138639034490488,0.31120122001649086,0.08287033199999999,0.05,1,211,37,929,556,1,4.0,10,0,3,4.0
main,A375,0.05,potential,4,0,False,0.0,False,100,211,37,893,100,"{'lr': 0.003, 'weight_decay': 0.0001}",4,0,1.0000710487365723,2.6695210933685303,0,2,0.11878356912567209,0.103753359292319,1.0,893,0.0329832848755218,0.033013809505875714,0.18169702668419127,0.13757724135960397,0.13758271621619,-0.0009254575603707682,0.0013715287204831839,0.18149971050350525,-0.05649226170334709,-0.047080921622618926,0.14230543775947893,341,0.3818589025755879,0.4398826979472141,893,0.0329832848755218,0.033013809505875714,0.18169702668419127,0.13757724135960397,0.13758271621619,-0.0009254575603707682,0.0013715287204831839,0.18149971050350525,-0.05649226170334709,-0.047080921622618926,0.14230543775947893,341,0.3818589025755879,0.4398826979472141,893,0.05446332410588529,0.033013809505875714,0.18169702668419127,0.13757724135960397,0.15261419986002242,0.3938341067524328,0.16020822650605016,0.23311662515342554,0.6297377570507738,0.5865865470312784,0.14230543775947893,358,0.4008958566629339,0.8547486033519553,893,1786,1.0,y,0.02149940113765407,0.037970282817194646,0.02365737219978791,0.37695032945409634,0.05446332410588529,0.05434336092292272,0.23311662515342554,0.02567153519855659,0.0329832848755218,0.032942144912856214,0.18149971050350525,0.13758271621619,-0.006414044173966197,0.39439456887726687,0.6301219950934267,0.10913273504971778,0.2900103567420786,0.084422402,0.05,4,211,37,893,592,0,4.0,11,2,3,5.0
main,A375,0.05,potential,2,0,False,0.0,False,100,211,37,928,100,"{'lr': 0.003, 'weight_decay': 0.0001}",4,0,0.9984502792358398,2.725734233856201,0,2,0.14187472766168344,0.11284086312935566,1.0,928,0.03746156813274532,0.037546580357789634,0.19376939995208128,0.14102391733782416,0.1407436009691266,-0.0022693183783195625,0.0021015044767409563,0.193338272934363,-0.09489176059985667,-0.12545749017179936,0.14230543775947893,326,0.35129310344827586,0.4171779141104294,928,0.03746156813274532,0.037546580357789634,0.19376939995208128,0.14102391733782416,0.1407436009691266,-0.0022693183783195625,0.0021015044767409563,0.193338272934363,-0.09489176059985667,-0.12545749017179936,0.14230543775947893,326,0.35129310344827586,0.4171779141104294,928,0.055124801199662114,0.037546580357789634,0.19376939995208128,0.14102391733782416,0.15148584803556037,0.3188804396446554,0.1106855680145286,0.23376891151829587,0.5688533759464812,0.4762299710658638,0.14230543775947893,358,0.3857758620689655,0.7737430167597765,928,1856,3.0,y,0.02932341382712453,0.03321402167781606,0.02165535510801097,0.34800563093283066,0.055124801199662114,0.05464790399244884,0.23376891151829587,0.012332707278679323,0.03746156813274532,0.037379687781242246,0.193338272934363,0.1407436009691266,-0.009048776243397194,0.3204226170891852,0.5707581187211974,0.09670870627672604,0.3337269998818133,0.07992115049999998,0.05,2,211,37,928,557,0,4.0,10,3,3,5.0
main,A375,0.05,potential,5,0,False,0.0,False,100,211,37,1000,100,"{'lr': 0.003, 'weight_decay': 0.0001}",4,0,1.000415563583374,1.2187763452529907,0,2,0.14421689734898002,0.12207750237644327,0.0,1000,0.03329971030217238,0.033355930354128545,0.18263605984068026,0.13772621534514293,0.13757032208820338,-0.0016883045361657523,0.001860469696111977,0.18136280044985545,-0.08179599491397956,-0.09496756696756697,0.14230543775947893,387,0.387,0.46511627906976744,1000,0.03329971030217238,0.03329971030217238,0.18248208214006212,0.13757032208820338,0.13757032208820338,0.0,0.0,0.18136280044985545,,,0.14230543775947893,387,0.387,,1000,0.05207121989867977,0.03329971030217238,0.18248208214006212,0.13757032208820338,0.151636287456,0.36049682786447124,0.1290098691157106,0.22763419355102732,0.605583433003961,0.5633001593001593,0.14230543775947893,404,0.404,0.8168316831683168,1000,2000,3.0,y,0.015343469858029674,0.035675814011341365,0.022137199677594893,0.37948999087848534,0.05207121989867977,0.051817326073626574,0.22763419355102732,0.016661577087106715,0.03329971030217238,0.03289246538701409,0.18136280044985545,0.13757032208820338,-0.0201803100857814,0.36049682786447124,0.605583433003961,0.10636759414431263,0.3017904095864523,0.08435475749999999,0.05,5,211,37,1000,485,0,4.0,9,2,3,4.0
main,A375,0.05,potential,3,0,False,0.0,False,100,211,37,999,100,"{'lr': 0.01, 'weight_decay': 0.0001}",4,1,0.8708814382553101,0.8173733353614807,15,2,0.13961833727891482,0.10584079971329706,1.0,999,0.036450499121046566,0.036873231686852685,0.19202403934625656,0.14591607806944054,0.14165120237187104,-0.011597442449341688,0.027500854805111885,0.19073856839788278,0.02669761217571095,-0.04240204131987698,0.14230543775947893,392,0.3923923923923924,0.5510204081632653,999,0.036450499121046566,0.036873231686852685,0.19202403934625656,0.14591607806944054,0.14165120237187104,-0.011597442449341688,0.027500854805111885,0.19073856839788278,0.02669761217571095,-0.04240204131987698,0.14230543775947893,392,0.3923923923923924,0.5510204081632653,999,0.045494754343491976,0.036873231686852685,0.19202403934625656,0.14591607806944054,0.1429069186936937,0.18950586240219147,0.12407589640671152,0.21202409330184552,0.44648873087769436,0.42550930088405037,0.14230543775947893,389,0.3893893893893894,0.7583547557840618,999,1998,3.0,y,0.013392749195125198,0.029658900279592133,0.021177526724595754,0.2859638582362506,0.045494754343491976,0.0449542161404697,0.21202409330184552,0.010214425569716998,0.036450499121046566,0.0363812014744738,0.19073856839788278,0.14165120237187104,-0.008324520801389512,0.19879775927923415,0.43797904025649753,0.10578402963992449,0.31897937239340063,0.086955518,0.05,3,211,37,999,486,1,4.0,9,0,3,4.0
main,A375,0.05,potential,6,0,False,0.0,False,100,211,37,949,100,"{'lr': 0.03, 'weight_decay': 0.001}",4,3,0.9696642756462097,1.3707822561264038,0,2,0.14506464096230368,0.12019625376028521,0.625,949,0.03442729203343329,0.034498773940483896,0.18573845573947226,0.13944603109904521,0.13846411034372902,-0.0020763151217699782,0.006107230670750141,0.1855443106252005,-0.015137297120675052,-0.07750384885664562,0.14230543775947893,352,0.37091675447839834,0.5142045454545454,949,0.03442729203343329,0.03446322481103922,0.1856427343340946,0.13905885426177864,0.13846411034372902,-0.0010437294217342519,0.00381701928563416,0.1855443106252005,-0.015137296289998041,-0.07750384885664562,0.14230543775947893,352,0.37091675447839834,0.5142045454545454,949,0.05090425915565487,0.03446322481103922,0.1856427343340946,0.13905885426177864,0.1458528073667018,0.3229795427204295,0.12075377193141852,0.22561830227374263,0.5693380641912597,0.48442750846116633,0.14230543775947893,357,0.3761854583772392,0.7871148459383753,949,1898,3.0,y,0.01561935660154142,0.033398175481822466,0.021286786355636283,0.3626362503777494,0.05090425915565487,0.050903618320885906,0.22561830227374263,0.013928143569027423,0.03442729203343329,0.03442669120538089,0.1855443106252005,0.13846411034372902,0.0007751309904790758,0.3236854321332596,0.5709460572788497,0.10392874621079952,0.32210377875317653,0.08122505299999999,0.05,6,211,37,949,536,1,4.0,10,0,3,5.0
main,A375,0.05,potential,0,0,False,0.0,False,100,211,37,848,100,"{'lr': 0.003, 'weight_decay': 0.0001}",4,0,0.9993863701820374,2.741529703140259,0,2,0.1261836375158431,0.1014743723589798,1.0,848,0.030242563567891612,0.030233304860420147,0.17387726953348487,0.12193684426252356,0.12186397037690172,0.0003061482354390632,0.0020607730839401484,0.17390372122127778,0.018987093504275923,0.013429742226813547,0.14230543775947893,263,0.31014150943396224,0.5703422053231939,848,0.030242563567891612,0.030233304860420147,0.17387726953348487,0.12193684426252356,0.12186397037690172,0.0003061482354390632,0.0020607730839401484,0.17390372122127778,0.018987093504275923,0.013429742226813547,0.14230543775947893,263,0.31014150943396224,0.5703422053231939,848,0.04848384410180696,0.030233304860420147,0.17387726953348487,0.12193684426252356,0.13519859591981132,0.3764251696516495,0.10871764454500084,0.2200987637388758,0.6274881520298791,0.5164132351050873,0.14230543775947893,289,0.3408018867924528,0.8408304498269896,848,1696,3.0,y,0.03516060539105639,0.029922842164033788,0.019538690114219444,0.34703094020579817,0.04848384410180696,0.04844346579938147,0.2200987637388758,0.01186284366867902,0.030242563567891612,0.030242504254607904,0.17390372122127778,0.12186397037690172,-0.00024354318653466313,0.3762342048541383,0.6272588482133871,0.08112197517987121,0.28014795044285884,0.057751599,0.05,0,211,37,848,637,0,4.0,11,1,3,5.0
main,A375,0.05,potential,7,0,False,0.0,False,100,211,37,1003,100,"{'lr': 0.003, 'weight_decay': 0.0001}",4,0,0.9993054866790771,2.1437413692474365,0,2,0.12554537894684284,0.08849251352819937,0.0,1003,0.031833652539514895,0.0319022102365774,0.17861189836227986,0.13272589786035807,0.13253321045840538,-0.0021536233386163506,0.0018757905345410109,0.17620043115833206,-0.0910624804565831,-0.11773111612035093,0.14230543775947893,341,0.33998005982053836,0.41935483870967744,1003,0.031833652539514895,0.031833652539514895,0.17841987708636864,0.13253321045840538,0.13253321045840538,0.0,0.0,0.17620043115833206,,,0.14230543775947893,341,0.33998005982053836,,1003,0.05029119050290174,0.031833652539514895,0.17841987708636864,0.13253321045840538,0.147940451555334,0.367013343267781,0.16841627753894645,0.22317674314621583,0.6268898211402226,0.520931325354994,0.14230543775947893,404,0.40279162512462613,0.8094059405940595,1003,2006,1.0,y,0.01923663631552969,0.03289530031258368,0.02283963516767279,0.3056869841393185,0.05029119050290174,0.04980785868135199,0.22317674314621583,0.028400884908187925,0.031833652539514895,0.031046591940382114,0.17620043115833206,0.13253321045840538,-0.028054600320317865,0.367013343267781,0.6268898211402228,0.1016470614945722,0.29430502787960994,0.090758392,0.05,7,211,37,1003,482,1,4.0,9,0,3,4.0
main,A375,0.05,lowrank,0,0,False,0.0,False,100,211,37,848,864,"{'rank': 8, 'lr': 0.03, 'weight_decay': 0.01}",6,4,0.4604659378528595,2.564171552658081,10,2,0.1261836375158431,0.1014743723589798,0.875,848,0.030242563567891612,0.032019174244159926,0.17893902381582372,0.12919332860950286,0.12186397037690172,-0.058745372966811926,0.062060121446847916,0.17390372122127778,0.09679783998760516,0.08308493687064379,0.14230543775947893,263,0.31014150943396224,0.5931558935361216,848,0.030242563567891612,0.031374038867113735,0.17712718274481118,0.12722554333725788,0.12186397037690172,-0.03741333953657966,0.05430261045694351,0.17390372122127778,0.09679783984840122,0.08308493687064379,0.14230543775947893,263,0.31014150943396224,0.5931558935361216,848,0.04848384410180696,0.031374038867113735,0.17712718274481118,0.12722554333725788,0.13519859591981132,0.3528970433690416,0.1269290667949813,0.2200987637388758,0.5940413250835259,0.50688727536578,0.14230543775947893,289,0.3408018867924528,0.8269896193771626,848,1696,3.0,y,0.03516060539105639,0.029922842164033788,0.019538690114219444,0.34703094020579817,0.04848384410180696,0.04844346579938147,0.2200987637388758,0.01186284366867902,0.030242563567891612,0.030242504254607904,0.17390372122127778,0.12186397037690172,-0.00024354318653466313,0.3762342048541383,0.6272588482133871,0.08112197517987121,0.28014795044285884,0.057751599,0.05,0,211,37,848,637,0,4.0,11,1,3,5.0
main,A375,0.05,lowrank,2,0,False,0.0,False,100,211,37,928,864,"{'rank': 8, 'lr': 0.01, 'weight_decay': 0.001}",6,3,0.13002118468284607,2.3565335273742676,30,2,0.14187472766168344,0.11284086312935566,1.0,928,0.03746156813274532,0.04833373258744016,0.21984934065727868,0.16485147330180416,0.1407436009691266,-0.2902218192300241,0.10667184740304947,0.193338272934363,0.012863421747022144,-0.01487631368510045,0.14230543775947893,326,0.35129310344827586,0.4815950920245399,928,0.03746156813274532,0.04833373258744016,0.21984934065727868,0.16485147330180416,0.1407436009691266,-0.2902218192300241,0.10667184740304947,0.193338272934363,0.012863421747022144,-0.01487631368510045,0.14230543775947893,326,0.35129310344827586,0.4815950920245399,928,0.055124801199662114,0.04833373258744016,0.21984934065727868,0.16485147330180416,0.15148584803556037,0.12319443271322994,0.15389235312973598,0.23376891151829587,0.4183817460007012,0.36602062171334726,0.14230543775947893,358,0.3857758620689655,0.7178770949720671,928,1856,3.0,y,0.02932341382712453,0.03321402167781606,0.02165535510801097,0.34800563093283066,0.055124801199662114,0.05464790399244884,0.23376891151829587,0.012332707278679323,0.03746156813274532,0.037379687781242246,0.193338272934363,0.1407436009691266,-0.009048776243397194,0.3204226170891852,0.5707581187211974,0.09670870627672604,0.3337269998818133,0.07992115049999998,0.05,2,211,37,928,557,0,4.0,10,3,3,5.0
main,A375,0.05,lowrank,4,0,False,0.0,False,100,211,37,893,416,"{'rank': 4, 'lr': 0.03, 'weight_decay': 0.001}",6,2,0.0002041603729594499,2.351165294647217,310,2,0.11878356912567209,0.103753359292319,1.0,893,0.0329832848755218,0.04134319505668901,0.2033302610451504,0.15737353353254455,0.13758271621619,-0.2534589933269935,0.10328701883554459,0.18149971050350525,0.06155245485178971,0.04135816434717904,0.14230543775947893,341,0.3818589025755879,0.49560117302052786,893,0.0329832848755218,0.04134319505668901,0.2033302610451504,0.15737353353254455,0.13758271621619,-0.2534589933269935,0.10328701883554459,0.18149971050350525,0.06155245485178971,0.04135816434717904,0.14230543775947893,341,0.3818589025755879,0.49560117302052786,893,0.05446332410588529,0.04134319505668901,0.2033302610451504,0.15737353353254457,0.15261419986002242,0.2408984259515391,0.18675615726489997,0.23311662515342554,0.5503342318969839,0.4895557927212219,0.14230543775947893,358,0.4008958566629339,0.7960893854748603,893,1786,1.0,y,0.02149940113765407,0.037970282817194646,0.02365737219978791,0.37695032945409634,0.05446332410588529,0.05434336092292272,0.23311662515342554,0.02567153519855659,0.0329832848755218,0.032942144912856214,0.18149971050350525,0.13758271621619,-0.006414044173966197,0.39439456887726687,0.6301219950934267,0.10913273504971778,0.2900103567420786,0.084422402,0.05,4,211,37,893,592,0,4.0,11,2,3,5.0
main,A375,0.05,lowrank,3,0,False,0.0,False,100,211,37,999,864,"{'rank': 8, 'lr': 0.01, 'weight_decay': 0.001}",6,3,0.00015628899564035237,0.7349545359611511,795,2,0.13961833727891482,0.10584079971329706,0.75,999,0.036450499121046566,0.04364909301152591,0.208923653547237,0.15734198060801494,0.14165120237187104,-0.19748958351911483,0.09419345110654831,0.19073856839788278,0.04477303923647912,0.012201809023452309,0.14230543775947893,392,0.3923923923923924,0.5153061224489796,999,0.036450499121046566,0.04017854113818796,0.20044585587681268,0.15077114410435846,0.14165120237187104,-0.10227684413212379,0.07064508646726608,0.19073856839788278,0.04477303911086344,0.012201809023452309,0.14230543775947893,392,0.3923923923923924,0.5153061224489796,999,0.045494754343491976,0.04017854113818796,0.20044585587681268,0.15077114410435846,0.1429069186936937,0.11685332258672809,0.12498909559092007,0.21202409330184552,0.3851062519566375,0.36680098936611955,0.14230543775947893,389,0.3893893893893894,0.7583547557840618,999,1998,3.0,y,0.013392749195125198,0.029658900279592133,0.021177526724595754,0.2859638582362506,0.045494754343491976,0.0449542161404697,0.21202409330184552,0.010214425569716998,0.036450499121046566,0.0363812014744738,0.19073856839788278,0.14165120237187104,-0.008324520801389512,0.19879775927923415,0.43797904025649753,0.10578402963992449,0.31897937239340063,0.086955518,0.05,3,211,37,999,486,1,4.0,9,0,3,4.0
main,A375,0.05,lowrank,5,0,False,0.0,False,100,211,37,1000,1856,"{'rank': 16, 'lr': 0.03, 'weight_decay': 0.01}",6,5,0.013906309381127357,1.1177325248718262,65,2,0.14421689734898002,0.12207750237644327,0.875,1000,0.03329971030217238,0.04152639126880738,0.20378025240147138,0.1534535527645479,0.13757032208820338,-0.24704962571696343,0.08249282091856003,0.18136280044985545,-0.04373793872876226,-0.03808433008433009,0.14230543775947893,387,0.387,0.4625322997416021,1000,0.03329971030217238,0.0397529978625648,0.1993815384195959,0.14990435013336426,0.13757032208820338,-0.19379410516887963,0.07218121737241745,0.18136280044985545,-0.04373794011560379,-0.03808433008433009,0.14230543775947893,387,0.387,0.4625322997416021,1000,0.05207121989867977,0.039752997862564796,0.1993815384195959,0.14990435013336426,0.151636287456,0.23656488286780653,0.14998130354161848,0.22763419355102732,0.5135190507462349,0.48425772425772423,0.14230543775947893,404,0.404,0.75,1000,2000,3.0,y,0.015343469858029674,0.035675814011341365,0.022137199677594893,0.37948999087848534,0.05207121989867977,0.051817326073626574,0.22763419355102732,0.016661577087106715,0.03329971030217238,0.03289246538701409,0.18136280044985545,0.13757032208820338,-0.0201803100857814,0.36049682786447124,0.605583433003961,0.10636759414431263,0.3017904095864523,0.08435475749999999,0.05,5,211,37,1000,485,0,4.0,9,2,3,4.0
main,A375,0.05,lowrank,1,0,False,0.0,False,100,211,37,929,204,"{'rank': 2, 'lr': 0.01, 'weight_decay': 0.001}",6,0,0.15867428481578827,1.3068045377731323,100,2,0.14920067260721112,0.1194364749459374,0.75,929,0.03306082861964892,0.049724066115123484,0.22298893720344848,0.1655458812252339,0.13641231914807034,-0.5040175395232278,0.13499851524829865,0.18160062633128315,0.03600440098569488,0.009291151153476354,0.14230543775947893,337,0.3627556512378902,0.5044510385756676,929,0.03306082861964892,0.04212957569991696,0.20525490420430142,0.1539491035242451,0.13641231914807034,-0.2743048937036696,0.10124889016151428,0.18160062633128315,0.036004400916904676,0.009291151153476354,0.14230543775947893,337,0.3627556512378902,0.5044510385756676,929,0.05142657608939356,0.04212957569991696,0.20525490420430142,0.1539491035242451,0.14835670026910655,0.18078202160135737,0.1542094789512198,0.2252608861678265,0.4694789294098245,0.40148882683905446,0.14230543775947893,359,0.38643702906350913,0.7437325905292479,929,1858,3.0,y,0.015844140287260153,0.036890133283186875,0.022967209880941687,0.3774159148563101,0.05142657608939356,0.05074246683711448,0.2252608861678265,0.013429004252190001,0.03306082861964892,0.032978787483914335,0.18160062633128315,0.13641231914807034,-0.009057656194324441,0.35712561220914074,0.5984184347697501,0.10138639034490488,0.31120122001649086,0.08287033199999999,0.05,1,211,37,929,556,1,4.0,10,0,3,4.0
main,A375,0.05,lowrank,6,0,False,0.0,False,100,211,37,949,864,"{'rank': 8, 'lr': 0.01, 'weight_decay': 0.001}",6,3,0.0005906950682401657,1.155752182006836,115,2,0.14506464096230368,0.12019625376028521,0.75,949,0.03442729203343329,0.04470081035238892,0.21142566152761333,0.15826300591424813,0.13846411034372902,-0.29841203626990853,0.11288311332464218,0.1855443106252005,0.058929148580156555,0.06784223232983419,0.14230543775947893,352,0.37091675447839834,0.5710227272727273,949,0.03442729203343329,0.03974301237648799,0.1993564956967492,0.14886525397031597,0.13846411034372902,-0.15440425398234803,0.08466233313083649,0.1855443106252005,0.058929148146820015,0.06784223232983419,0.14230543775947893,352,0.37091675447839834,0.5710227272727273,949,0.05090425915565487,0.03974301237648799,0.1993564956967492,0.14886525397031597,0.1458528073667018,0.21925958582440142,0.15246065388063645,0.22561830227374263,0.5001009422180578,0.42224495225873304,0.14230543775947893,357,0.3761854583772392,0.7703081232492998,949,1898,3.0,y,0.01561935660154142,0.033398175481822466,0.021286786355636283,0.3626362503777494,0.05090425915565487,0.050903618320885906,0.22561830227374263,0.013928143569027423,0.03442729203343329,0.03442669120538089,0.1855443106252005,0.13846411034372902,0.0007751309904790758,0.3236854321332596,0.5709460572788497,0.10392874621079952,0.32210377875317653,0.08122505299999999,0.05,6,211,37,949,536,1,4.0,10,0,3,5.0
main,A375,0.05,lowrank,7,0,False,0.0,False,100,211,37,1003,864,"{'rank': 8, 'lr': 0.03, 'weight_decay': 0.01}",6,4,0.06328197568655014,1.7856680154800415,25,2,0.12554537894684284,0.08849251352819937,1.0,1003,0.031833652539514895,0.03811193763044966,0.1952227897312444,0.145295148716649,0.13253321045840538,-0.1972216377979743,0.08222463726997375,0.17620043115833206,0.01620454284583063,0.03434890595051689,0.14230543775947893,341,0.33998005982053836,0.533724340175953,1003,0.031833652539514895,0.03811193763044966,0.1952227897312444,0.145295148716649,0.13253321045840538,-0.1972216377979743,0.08222463726997375,0.17620043115833206,0.01620454284583063,0.03434890595051689,0.14230543775947893,341,0.33998005982053836,0.533724340175953,1003,0.05029119050290174,0.03811193763044966,0.1952227897312444,0.14529514871664903,0.147940451555334,0.2421746781227887,0.18697842022276834,0.22317674314621583,0.5683167782537518,0.48800580390184267,0.14230543775947893,404,0.40279162512462613,0.8044554455445545,1003,2006,1.0,y,0.01923663631552969,0.03289530031258368,0.02283963516767279,0.3056869841393185,0.05029119050290174,0.04980785868135199,0.22317674314621583,0.028400884908187925,0.031833652539514895,0.031046591940382114,0.17620043115833206,0.13253321045840538,-0.028054600320317865,0.367013343267781,0.6268898211402228,0.1016470614945722,0.29430502787960994,0.090758392,0.05,7,211,37,1003,482,1,4.0,9,0,3,4.0
main,A375,0.05,mlp,5,0,False,0.0,False,100,211,37,1000,17873,"{'emb_dim': 16, 'hidden': 48, 'lr': 0.003, 'weight_decay': 0.001}",6,0,0.8890649080276489,1.2051862478256226,10,2,0.14421689734898002,0.12207750237644327,1.0,1000,0.03329971030217238,0.033500128880067474,0.1830304042504072,0.13851680393479807,0.13757032208820338,-0.006018628272631554,0.015181539580225945,0.18136280044985545,0.01800986126955669,-0.005207333207333208,0.14230543775947893,387,0.387,0.4754521963824289,1000,0.03329971030217238,0.033500128880067474,0.1830304042504072,0.13851680393479807,0.13757032208820338,-0.006018628272631554,0.015181539580225945,0.18136280044985545,0.01800986126955669,-0.005207333207333208,0.14230543775947893,387,0.387,0.4754521963824289,1000,0.05207121989867977,0.033500128880067474,0.1830304042504072,0.13851680393479807,0.151636287456,0.3566478959922188,0.13240901811075154,0.22763419355102732,0.6025998141166534,0.5626995826995828,0.14230543775947893,404,0.404,0.806930693069307,1000,2000,3.0,y,0.015343469858029674,0.035675814011341365,0.022137199677594893,0.37948999087848534,0.05207121989867977,0.051817326073626574,0.22763419355102732,0.016661577087106715,0.03329971030217238,0.03289246538701409,0.18136280044985545,0.13757032208820338,-0.0201803100857814,0.36049682786447124,0.605583433003961,0.10636759414431263,0.3017904095864523,0.08435475749999999,0.05,5,211,37,1000,485,0,4.0,9,2,3,4.0
main,A375,0.05,mlp,3,0,False,0.0,False,100,211,37,999,17873,"{'emb_dim': 16, 'hidden': 48, 'lr': 0.03, 'weight_decay': 0.01}",6,2,0.004350225906819105,0.8067803382873535,50,2,0.13961833727891482,0.10584079971329706,0.625,999,0.036450499121046566,0.04415450070317701,0.21012972351187495,0.1598126680927749,0.14165120237187104,-0.21135517394553704,0.09184947609901428,0.19073856839788278,0.018937454270393648,0.011924918906882832,0.14230543775947893,392,0.3923923923923924,0.5178571428571429,999,0.036450499121046566,0.03927466320301013,0.19817836209589113,0.1501547823569219,0.14165120237187104,-0.077479435126113,0.05740593001246452,0.19073856839788278,0.018937454351275532,0.011924918906882832,0.14230543775947893,392,0.3923923923923924,0.5178571428571429,999,0.045494754343491976,0.03927466320301013,0.19817836209589113,0.1501547823569219,0.1429069186936937,0.13672106224641323,0.1360227636923519,0.21202409330184552,0.4194589459438316,0.40447029795326384,0.14230543775947893,389,0.3893893893893894,0.7686375321336761,999,1998,3.0,y,0.013392749195125198,0.029658900279592133,0.021177526724595754,0.2859638582362506,0.045494754343491976,0.0449542161404697,0.21202409330184552,0.010214425569716998,0.036450499121046566,0.0363812014744738,0.19073856839788278,0.14165120237187104,-0.008324520801389512,0.19879775927923415,0.43797904025649753,0.10578402963992449,0.31897937239340063,0.086955518,0.05,3,211,37,999,486,1,4.0,9,0,3,4.0
main,A375,0.05,mlp,4,0,False,0.0,False,100,211,37,893,17873,"{'emb_dim': 16, 'hidden': 48, 'lr': 0.01, 'weight_decay': 0.001}",6,1,0.00015274027828127146,2.5055086612701416,195,2,0.11878356912567209,0.103753359292319,0.875,893,0.0329832848755218,0.040723455685812836,0.2018005344041805,0.15252426714565762,0.13758271621619,-0.23466949515496305,0.08081117272377014,0.18149971050350525,-0.04194646166454605,-0.017955267224057284,0.14230543775947893,341,0.3818589025755879,0.501466275659824,893,0.0329832848755218,0.03904127265540802,0.1975886450568656,0.14941862677727225,0.13758271621619,-0.18366841879906537,0.07070977240800858,0.18149971050350525,-0.04194646097098656,-0.017955267224057284,0.14230543775947893,341,0.3818589025755879,0.501466275659824,893,0.05446332410588529,0.03904127265540802,0.1975886450568656,0.14941862677727225,0.15261419986002242,0.28316397692682815,0.18096030338119548,0.23311662515342554,0.5697697626659642,0.5417721950715952,0.14230543775947893,358,0.4008958566629339,0.8268156424581006,893,1786,1.0,y,0.02149940113765407,0.037970282817194646,0.02365737219978791,0.37695032945409634,0.05446332410588529,0.05434336092292272,0.23311662515342554,0.02567153519855659,0.0329832848755218,0.032942144912856214,0.18149971050350525,0.13758271621619,-0.006414044173966197,0.39439456887726687,0.6301219950934267,0.10913273504971778,0.2900103567420786,0.084422402,0.05,4,211,37,893,592,0,4.0,11,2,3,5.0
main,A375,0.05,mlp,2,0,False,0.0,False,100,211,37,928,3369,"{'emb_dim': 8, 'hidden': 24, 'lr': 0.01, 'weight_decay': 0.001}",6,5,0.06752914190292358,2.439074754714966,35,2,0.14187472766168344,0.11284086312935566,0.875,928,0.03746156813274532,0.050785109917671864,0.22535551894211925,0.16930459401586348,0.1407436009691266,-0.35565894459394976,0.11393532156944275,0.193338272934363,-0.00843175860427456,-0.0314168176918783,0.14230543775947893,326,0.35129310344827586,0.5061349693251533,928,0.03746156813274532,0.04769949164004624,0.2184021328651491,0.16374144434063193,0.1407436009691266,-0.2732913761384139,0.0996934100985527,0.193338272934363,-0.008431757935204013,-0.0314168176918783,0.14230543775947893,326,0.35129310344827586,0.5061349693251533,928,0.055124801199662114,0.04769949164004624,0.2184021328651491,0.16374144434063193,0.15148584803556037,0.13469997892094687,0.1583576790017437,0.23376891151829587,0.43331085948047643,0.3820400602106797,0.14230543775947893,358,0.3857758620689655,0.7206703910614525,928,1856,3.0,y,0.02932341382712453,0.03321402167781606,0.02165535510801097,0.34800563093283066,0.055124801199662114,0.05464790399244884,0.23376891151829587,0.012332707278679323,0.03746156813274532,0.037379687781242246,0.193338272934363,0.1407436009691266,-0.009048776243397194,0.3204226170891852,0.5707581187211974,0.09670870627672604,0.3337269998818133,0.07992115049999998,0.05,2,211,37,928,557,0,4.0,10,3,3,5.0
main,A375,0.05,mlp,1,0,False,0.0,False,100,211,37,929,17873,"{'emb_dim': 16, 'hidden': 48, 'lr': 0.03, 'weight_decay': 0.01}",6,2,0.006844027433544397,1.35785710811615,35,2,0.14920067260721112,0.1194364749459374,0.625,929,0.03306082861964892,0.03847674344657518,0.19615489656538065,0.15071338952322685,0.13641231914807034,-0.16381666924426197,0.0904950425028801,0.18160062633128315,0.08194491006341086,0.027255571014798165,0.14230543775947893,337,0.3627556512378902,0.5281899109792285,929,0.03306082861964892,0.03450076145551072,0.18574380596808798,0.14153338097540435,0.13641231914807034,-0.04355404555728537,0.056559402495622635,0.18160062633128315,0.0819449103275158,0.027255571014798165,0.14230543775947893,337,0.3627556512378902,0.5281899109792285,929,0.05142657608939356,0.03450076145551072,0.18574380596808798,0.14153338097540435,0.14835670026910655,0.32912583183568567,0.13941087325704207,0.2252608861678265,0.5681388041236399,0.5024185166870018,0.14230543775947893,359,0.38643702906350913,0.807799442896936,929,1858,3.0,y,0.015844140287260153,0.036890133283186875,0.022967209880941687,0.3774159148563101,0.05142657608939356,0.05074246683711448,0.2252608861678265,0.013429004252190001,0.03306082861964892,0.032978787483914335,0.18160062633128315,0.13641231914807034,-0.009057656194324441,0.35712561220914074,0.5984184347697501,0.10138639034490488,0.31120122001649086,0.08287033199999999,0.05,1,211,37,929,556,1,4.0,10,0,3,4.0
main,A375,0.05,mlp,0,0,False,0.0,False,100,211,37,848,17873,"{'emb_dim': 16, 'hidden': 48, 'lr': 0.03, 'weight_decay': 0.01}",6,2,0.022470958530902863,2.552004098892212,20,2,0.1261836375158431,0.1014743723589798,1.0,848,0.030242563567891612,0.03568997513723735,0.18891790581423815,0.1359440777127216,0.12186397037690172,-0.18012400162826236,0.08104429394006729,0.17390372122127778,0.03976689760267932,0.03263119941959137,0.14230543775947893,263,0.31014150943396224,0.5475285171102662,848,0.030242563567891612,0.03568997513723735,0.18891790581423815,0.1359440777127216,0.12186397037690172,-0.18012400162826236,0.08104429394006729,0.17390372122127778,0.03976689760267932,0.03263119941959137,0.14230543775947893,263,0.31014150943396224,0.5475285171102662,848,0.04848384410180696,0.03568997513723735,0.18891790581423815,0.1359440777127216,0.13519859591981132,0.26387901375363065,0.15962159951008376,0.2200987637388758,0.5441224339606197,0.4617109263403865,0.14230543775947893,289,0.3408018867924528,0.8304498269896193,848,1696,3.0,y,0.03516060539105639,0.029922842164033788,0.019538690114219444,0.34703094020579817,0.04848384410180696,0.04844346579938147,0.2200987637388758,0.01186284366867902,0.030242563567891612,0.030242504254607904,0.17390372122127778,0.12186397037690172,-0.00024354318653466313,0.3762342048541383,0.6272588482133871,0.08112197517987121,0.28014795044285884,0.057751599,0.05,0,211,37,848,637,0,4.0,11,1,3,5.0
main,A375,0.05,mlp,6,0,False,0.0,False,100,211,37,949,3369,"{'emb_dim': 8, 'hidden': 24, 'lr': 0.01, 'weight_decay': 0.001}",6,5,0.0001776587450876832,1.0856499671936035,125,2,0.14506464096230368,0.12019625376028521,0.875,949,0.03442729203343329,0.04499722283770051,0.21212548842065282,0.16057718365487889,0.13846411034372902,-0.3070218474924624,0.11219464242458344,0.1855443106252005,0.04865702215457172,0.06107418377211118,0.14230543775947893,352,0.37091675447839834,0.5255681818181818,949,0.03442729203343329,0.0422976929212668,0.20566402923522334,0.1553289416074223,0.13846411034372902,-0.2286093509820739,0.09817031025886536,0.1855443106252005,0.04865702131483711,0.06107418377211118,0.14230543775947893,352,0.37091675447839834,0.5255681818181818,949,0.05090425915565487,0.0422976929212668,0.20566402923522334,0.1553289416074223,0.1458528073667018,0.16907359771352226,0.1665751016050767,0.22561830227374263,0.4837285454094013,0.41133646764468224,0.14230543775947893,357,0.3761854583772392,0.7619047619047619,949,1898,3.0,y,0.01561935660154142,0.033398175481822466,0.021286786355636283,0.3626362503777494,0.05090425915565487,0.050903618320885906,0.22561830227374263,0.013928143569027423,0.03442729203343329,0.03442669120538089,0.1855443106252005,0.13846411034372902,0.0007751309904790758,0.3236854321332596,0.5709460572788497,0.10392874621079952,0.32210377875317653,0.08122505299999999,0.05,6,211,37,949,536,1,4.0,10,0,3,5.0
main,A375,0.05,mlp,7,0,False,0.0,False,100,211,37,1003,3369,"{'emb_dim': 8, 'hidden': 24, 'lr': 0.01, 'weight_decay': 0.001}",6,5,1.3458909052133095e-05,1.81154465675354,799,2,0.12554537894684284,0.08849251352819937,1.0,1003,0.031833652539514895,0.04361644478743987,0.20884550458997164,0.15711150115245479,0.13253321045840538,-0.3701363591029674,0.09688260406255722,0.17620043115833206,-0.06033090329335002,-0.048122053192951146,0.14230543775947893,341,0.33998005982053836,0.49560117302052786,1003,0.031833652539514895,0.04361644478743987,0.20884550458997164,0.15711150115245479,0.13253321045840538,-0.3701363591029674,0.09688260406255722,0.17620043115833206,-0.06033090329335002,-0.048122053192951146,0.14230543775947893,341,0.33998005982053836,0.49560117302052786,1003,0.05029119050290174,0.04361644478743987,0.20884550458997164,0.15711150115245479,0.147940451555334,0.1327219667841577,0.20793584348444524,0.22317674314621583,0.5446716985074734,0.45134695158268784,0.14230543775947893,404,0.40279162512462613,0.7698019801980198,1003,2006,1.0,y,0.01923663631552969,0.03289530031258368,0.02283963516767279,0.3056869841393185,0.05029119050290174,0.04980785868135199,0.22317674314621583,0.028400884908187925,0.031833652539514895,0.031046591940382114,0.17620043115833206,0.13253321045840538,-0.028054600320317865,0.367013343267781,0.6268898211402228,0.1016470614945722,0.29430502787960994,0.090758392,0.05,7,211,37,1003,482,1,4.0,9,0,3,4.0
main,A375,0.05,mlp_ordered,0,0,False,0.0,False,100,211,37,848,58074,"{'emb_dim': 32, 'hidden': 48, 'lr': 0.01, 'weight_decay': 0.001}",6,4,0.0005750296404585242,4.009731769561768,105,2,0.1261836375158431,0.1014743723589798,0.875,848,0.030242563567891612,0.032298068399667756,0.1797166336198955,0.1308250603964282,0.12186397037690172,-0.06796728151572662,0.07513053715229034,0.17390372122127778,0.13764391212684463,0.09122995055239023,0.14230543775947893,263,0.31014150943396224,0.5893536121673004,848,0.030242563567891612,0.031423048163542945,0.1772654736928287,0.12843663498452956,0.12186397037690172,-0.039033879948743744,0.0657392218708992,0.17390372122127778,0.13764391211694357,0.09122995055239023,0.14230543775947893,263,0.31014150943396224,0.5893536121673004,848,0.04848384410180696,0.031423048163542945,0.1772654736928287,0.12843663498452956,0.13519859591981132,0.35188620569028206,0.14881442348943516,0.2200987637388758,0.5979784939012582,0.48926004748211077,0.14230543775947893,289,0.3408018867924528,0.8131487889273357,848,1696,3.0,y,0.03516060539105639,0.029922842164033788,0.019538690114219444,0.34703094020579817,0.04848384410180696,0.04844346579938147,0.2200987637388758,0.01186284366867902,0.030242563567891612,0.030242504254607904,0.17390372122127778,0.12186397037690172,-0.00024354318653466313,0.3762342048541383,0.6272588482133871,0.08112197517987121,0.28014795044285884,0.057751599,0.05,0,211,37,848,637,0,4.0,11,1,3,5.0
main,A375,0.05,mlp_ordered,1,0,False,0.0,False,100,211,37,929,18074,"{'emb_dim': 16, 'hidden': 48, 'lr': 0.03, 'weight_decay': 0.01}",6,2,0.05175251513719559,2.115957736968994,20,2,0.14920067260721112,0.1194364749459374,0.75,929,0.03306082861964892,0.04307349666514347,0.20754155406844063,0.16024007071326762,0.13641231914807034,-0.30285593143130574,0.10173662006855011,0.18160062633128315,0.008415489966335357,-0.034478762433082566,0.14230543775947893,337,0.3627556512378902,0.5281899109792285,929,0.03306082861964892,0.038629149242937304,0.19654299591422053,0.1519205516957849,0.13641231914807034,-0.16842652939373037,0.07630246877670288,0.18160062633128315,0.008415489321591547,-0.034478762433082566,0.14230543775947893,337,0.3627556512378902,0.5281899109792285,929,0.05142657608939356,0.038629149242937304,0.19654299591422053,0.1519205516957849,0.14835670026910655,0.24884851023740717,0.16362219404551667,0.2252608861678265,0.5283438166128279,0.47294001767302735,0.14230543775947893,359,0.38643702906350913,0.7799442896935933,929,1858,3.0,y,0.015844140287260153,0.036890133283186875,0.022967209880941687,0.3774159148563101,0.05142657608939356,0.05074246683711448,0.2252608861678265,0.013429004252190001,0.03306082861964892,0.032978787483914335,0.18160062633128315,0.13641231914807034,-0.009057656194324441,0.35712561220914074,0.5984184347697501,0.10138639034490488,0.31120122001649086,0.08287033199999999,0.05,1,211,37,929,556,1,4.0,10,0,3,4.0
main,A375,0.1,zero,0,0,False,0.0,False,100,421,74,848,0,{},1,0,1.0,2.1833014488220215,0,1,0.1304944062687016,0.1051021884411358,0.0,848,0.026012329069318652,0.026012329069318652,0.16128338125584624,0.1192066366760838,0.1192066366760838,0.0,0.0,0.16128329146496323,,,0.14230543775947893,265,0.3125,,848,0.026012329069318652,0.026012329069318652,0.16128338125584624,0.1192066366760838,0.1192066366760838,0.0,0.0,0.16128329146496323,,,0.14230543775947893,265,0.3125,,848,0.04848384410180696,0.026012329069318652,0.16128338125584624,0.1192066366760838,0.13519859591981132,0.4634845988140368,0.15575455002647023,0.2200987637388758,0.6809912586011492,0.5571842727334912,0.14230543775947893,289,0.3408018867924528,0.8304498269896193,848,1696,1.0,y,0.02358472175380821,0.029922842164033788,0.01673721259588328,0.440654316721263,0.04848384410180696,0.04844346579938147,0.2200987637388758,0.024297724252531818,0.026012329069318652,0.02601230010577228,0.16128329146496323,0.1192066366760838,-0.00017018679847131406,0.4634845988140368,0.6809912586011494,0.09169384255917962,0.2573147575900769,0.057751599,0.1,0,421,74,848,637,4,8.0,16,0,4,9.0
main,A375,0.1,zero,1,0,False,0.0,False,100,421,74,929,0,{},1,0,1.0,1.5512804985046387,0,1,0.14821810049439724,0.12048735355882616,0.0,929,0.029462818731159208,0.029462818731159208,0.17164736738779074,0.12910148956059633,0.12910148956059633,0.0,0.0,0.17137944174325148,,,0.14230543775947893,324,0.348762109795479,,929,0.029462818731159208,0.029462818731159208,0.17164736738779074,0.12910148956059633,0.12910148956059633,0.0,0.0,0.17137944174325148,,,0.14230543775947893,324,0.348762109795479,,929,0.05142657608939356,0.029462818731159208,0.17164736738779074,0.12910148956059633,0.14835670026910655,0.42708963007872214,0.13563259759351684,0.2252608861678265,0.6508055003114162,0.5937795523311992,0.14230543775947893,359,0.38643702906350913,0.883008356545961,929,1858,3.0,y,0.01670419752185676,0.036890133283186875,0.02034268214146249,0.44856035121093174,0.05142657608939356,0.05074246683711448,0.2252608861678265,0.0186707245856932,0.029462818731159208,0.029370913052228526,0.17137944174325148,0.12910148956059633,-0.009586744960135271,0.42708963007872214,0.6508055003114159,0.09635171469856676,0.27981936738291213,0.08287033199999999,0.1,1,421,74,929,556,3,8.0,20,0,3,9.0
main,A375,0.1,zero,2,0,False,0.0,False,100,421,74,928,0,{},1,0,1.0000001192092896,1.3436957597732544,0,1,0.1477374047281164,0.11974756691220032,0.0,928,0.032741393387541604,0.032741393387541604,0.18094582998107916,0.13170754816792052,0.13170754816792052,0.0,0.0,0.18053022200131874,,,0.14230543775947893,309,0.3329741379310345,,928,0.032741393387541604,0.032741393387541604,0.18094582998107916,0.13170754816792052,0.13170754816792052,0.0,0.0,0.18053022200131874,,,0.14230543775947893,309,0.3329741379310345,,928,0.055124801199662114,0.032741393387541604,0.18094582998107916,0.13170754816792052,0.15148584803556037,0.40604967863825525,0.11390652504706864,0.23376891151829587,0.6577981213066202,0.5611058997552965,0.14230543775947893,358,0.3857758620689655,0.8547486033519553,928,1856,3.0,y,0.019205772494827345,0.03321402167781606,0.018812505852563964,0.43359747172294394,0.055124801199662114,0.05464790399244884,0.23376891151829587,0.013066492896808895,0.032741393387541604,0.03259116105584543,0.18053022200131874,0.13170754816792052,-0.012256929945796835,0.40604967863825525,0.6577981213066201,0.09303611414427673,0.31138250573771326,0.07992115049999998,0.1,2,421,74,928,557,3,8.0,15,0,4,9.0
main,A375,0.1,zero,3,0,False,0.0,False,100,421,74,999,0,{},1,0,1.0000001192092896,1.0768492221832275,0,1,0.14141585177331692,0.11811083648906165,0.0,999,0.029535181943570882,0.029535181943570882,0.1718580284524726,0.12961631721184821,0.12961631721184821,0.0,0.0,0.17155580065523698,,,0.14230543775947893,345,0.34534534534534533,,999,0.029535181943570882,0.029535181943570882,0.1718580284524726,0.12961631721184821,0.12961631721184821,0.0,0.0,0.17155580065523698,,,0.14230543775947893,345,0.34534534534534533,,999,0.045494754343491976,0.029535181943570882,0.1718580284524726,0.12961631721184821,0.1429069186936937,0.3508002764323995,0.1118548265941692,0.21202409330184552,0.5910444919262569,0.5578291237128912,0.14230543775947893,389,0.3893893893893894,0.8431876606683805,999,1998,3.0,y,0.014931147583721962,0.029658900279592133,0.0180463260771645,0.39153758544507067,0.045494754343491976,0.0449542161404697,0.21202409330184552,0.01268211229687277,0.029535181943570882,0.02943139273845941,0.17155580065523698,0.12961631721184821,-0.010187698715189493,0.3508002764323995,0.591044491926257,0.09936591575417802,0.2835197641068503,0.086955518,0.1,3,421,74,999,486,3,8.0,16,0,4,8.0
main,A375,0.1,zero,4,0,False,0.0,False,100,421,74,893,0,{},1,0,1.0,1.1738264560699463,0,1,0.14325054761905795,0.11941523129067076,0.0,893,0.030411549015655428,0.030411549015655428,0.17438907367050102,0.13025783769748767,0.13025783769748767,0.0,0.0,0.17431719467171494,,,0.14230543775947893,311,0.3482642777155655,,893,0.030411549015655428,0.030411549015655428,0.17438907367050102,0.13025783769748767,0.13025783769748767,0.0,0.0,0.17431719467171494,,,0.14230543775947893,311,0.3482642777155655,,893,0.05446332410588529,0.030411549015655428,0.17438907367050102,0.13025783769748767,0.15261419986002242,0.44161415934637804,0.13841990126867565,0.23311662515342554,0.6681072895506956,0.6142695478531723,0.14230543775947893,358,0.4008958566629339,0.8603351955307262,893,1786,3.0,y,0.02089195501650686,0.037970282817194646,0.0213475871117144,0.4377817196018552,0.05446332410588529,0.05434336092292272,0.23311662515342554,0.019195427657862186,0.030411549015655428,0.030386484358216562,0.17431719467171494,0.13025783769748767,-0.005006461568699439,0.44161415934637804,0.6681072895506956,0.09476367555342854,0.2942561023413976,0.084422402,0.1,4,421,74,893,592,2,8.5,16,0,4,9.0
main,A375,0.1,zero,5,0,False,0.0,False,100,421,74,1000,0,{},1,0,1.0,0.9190729260444641,0,1,0.15188787720166727,0.12096447412282316,0.0,1000,0.029234750835362547,0.029234750835362547,0.17098172661241479,0.1312573010270179,0.1312573010270179,0.0,0.0,0.17078020804452085,,,0.14230543775947893,364,0.364,,1000,0.029234750835362547,0.029234750835362547,0.17098172661241479,0.1312573010270179,0.1312573010270179,0.0,0.0,0.17078020804452085,,,0.14230543775947893,364,0.364,,1000,0.05207121989867977,0.029234750835362547,0.17098172661241479,0.1312573010270179,0.151636287456,0.4385622059124493,0.14240165784129477,0.22763419355102732,0.6621785348317324,0.6082777762777762,0.14230543775947893,404,0.404,0.8217821782178217,1000,2000,3.0,y,0.017719192073158366,0.035675814011341365,0.020026351114626438,0.438657486322245,0.05207121989867977,0.051817326073626574,0.22763419355102732,0.02033652794822598,0.029234750835362547,0.02916587945972982,0.17078020804452085,0.1312573010270179,-0.00829887797432458,0.4385622059124493,0.6621785348317322,0.1027476016922109,0.28693223764766895,0.08435475749999999,0.1,5,421,74,1000,485,2,8.0,16,0,3,9.0
main,A375,0.05,mlp_ordered,2,0,False,0.0,False,100,211,37,928,18074,"{'emb_dim': 16, 'hidden': 48, 'lr': 0.03, 'weight_decay': 0.01}",6,2,0.027692414820194244,3.486870527267456,35,2,0.14187472766168344,0.11284086312935566,1.0,928,0.03746156813274532,0.039651066678949284,0.1991257559406851,0.14946904258360624,0.1407436009691266,-0.05844652680970164,0.0878828689455986,0.193338272934363,0.16044956318837664,0.10435146909181504,0.14230543775947893,326,0.35129310344827586,0.588957055214724,928,0.03746156813274532,0.039651066678949284,0.1991257559406851,0.14946904258360624,0.1407436009691266,-0.05844652680970164,0.0878828689455986,0.193338272934363,0.16044956318837664,0.10435146909181504,0.14230543775947893,326,0.35129310344827586,0.588957055214724,928,0.055124801199662114,0.039651066678949284,0.1991257559406851,0.14946904258360624,0.15148584803556037,0.2807036793596215,0.1670379756772951,0.23376891151829587,0.5493063102398674,0.45829262649810465,0.14230543775947893,358,0.3857758620689655,0.7597765363128491,928,1856,3.0,y,0.02932341382712453,0.03321402167781606,0.02165535510801097,0.34800563093283066,0.055124801199662114,0.05464790399244884,0.23376891151829587,0.012332707278679323,0.03746156813274532,0.037379687781242246,0.193338272934363,0.1407436009691266,-0.009048776243397194,0.3204226170891852,0.5707581187211974,0.09670870627672604,0.3337269998818133,0.07992115049999998,0.05,2,211,37,928,557,0,4.0,10,3,3,5.0
main,A375,0.1,zero,6,0,False,0.0,False,100,421,74,949,0,{},1,0,1.0,1.7056914567947388,0,1,0.1405639887852006,0.11651206725970141,0.0,949,0.03027876597907129,0.03027876597907129,0.17400794803419553,0.1302016293933355,0.1302016293933355,0.0,0.0,0.17400744617175629,,,0.14230543775947893,331,0.3487881981032666,,949,0.03027876597907129,0.03027876597907129,0.17400794803419553,0.1302016293933355,0.1302016293933355,0.0,0.0,0.17400744617175629,,,0.14230543775947893,331,0.3487881981032666,,949,0.05090425915565487,0.03027876597907129,0.17400794803419553,0.1302016293933355,0.1458528073667018,0.40518207157312747,0.1320422600771538,0.22561830227374263,0.6387834095885652,0.5702385553993158,0.14230543775947893,357,0.3761854583772392,0.8543417366946778,949,1898,3.0,y,0.018269988567395867,0.033398175481822466,0.018940085020732408,0.43290060766819805,0.05090425915565487,0.050903618320885906,0.22561830227374263,0.017435304831401183,0.03027876597907129,0.03027859132321666,0.17400744617175629,0.1302016293933355,0.0004179184784571614,0.40518207157312747,0.6387834095885649,0.09679812608100975,0.2993265121185668,0.08122505299999999,0.1,6,421,74,949,536,3,8.0,18,0,3,8.0
main,A375,0.1,zero,7,0,False,0.0,False,100,421,74,1003,0,{},1,0,1.0,1.2700481414794922,0,1,0.14647288355240531,0.11236865490690887,0.0,1003,0.02844497616068283,0.02844497616068283,0.16865638487968024,0.12471818367309115,0.12471818367309115,0.0,0.0,0.16745051958311322,,,0.14230543775947893,319,0.3180458624127617,,1003,0.02844497616068283,0.02844497616068283,0.16865638487968024,0.12471818367309115,0.12471818367309115,0.0,0.0,0.16745051958311322,,,0.14230543775947893,319,0.3180458624127617,,1003,0.05029119050290174,0.02844497616068283,0.16865638487968024,0.12471818367309115,0.147940451555334,0.43439445604212557,0.14187719452782718,0.22317674314621583,0.6615988255512225,0.577345105223966,0.14230543775947893,404,0.40279162512462613,0.8193069306930693,1003,2006,3.0,y,0.01477393969898714,0.03289530031258368,0.019797209091047673,0.3981751525924052,0.05029119050290174,0.04980785868135199,0.22317674314621583,0.020132571022788908,0.02844497616068283,0.02803967650865458,0.16745051958311322,0.12471818367309115,-0.020132055335415837,0.43439445604212557,0.6615988255512226,0.09286599532968812,0.2690569546456445,0.090758392,0.1,7,421,74,1003,482,3,8.5,14,0,3,9.0
main,A375,0.05,mlp_ordered,3,0,False,0.0,False,100,211,37,999,3570,"{'emb_dim': 8, 'hidden': 24, 'lr': 0.01, 'weight_decay': 0.001}",6,5,0.0001257322874153033,1.1091140508651733,540,2,0.13961833727891482,0.10584079971329706,0.875,999,0.036450499121046566,0.04466164117278926,0.21133301013516384,0.15977932481126592,0.14165120237187104,-0.2252683022110269,0.10809580981731415,0.19073856839788278,0.08413219837798307,0.047150589467222725,0.14230543775947893,392,0.3923923923923924,0.5408163265306123,999,0.036450499121046566,0.042327859899983104,0.2057373565981227,0.15542860180179974,0.14165120237187104,-0.1612422578746786,0.09458383917808533,0.19073856839788278,0.08413219917283292,0.047150589467222725,0.14230543775947893,392,0.3923923923923924,0.5408163265306123,999,0.045494754343491976,0.042327859899983104,0.2057373565981227,0.15542860180179974,0.1429069186936937,0.06961010097116604,0.1520437475152667,0.21202409330184552,0.3998493266343942,0.38716977498540617,0.14230543775947893,389,0.3893893893893894,0.7609254498714653,999,1998,3.0,y,0.013392749195125198,0.029658900279592133,0.021177526724595754,0.2859638582362506,0.045494754343491976,0.0449542161404697,0.21202409330184552,0.010214425569716998,0.036450499121046566,0.0363812014744738,0.19073856839788278,0.14165120237187104,-0.008324520801389512,0.19879775927923415,0.43797904025649753,0.10578402963992449,0.31897937239340063,0.086955518,0.05,3,211,37,999,486,1,4.0,9,0,3,4.0
main,A375,0.05,mlp_ordered,4,0,False,0.0,False,100,211,37,893,18074,"{'emb_dim': 16, 'hidden': 48, 'lr': 0.03, 'weight_decay': 0.01}",6,2,0.014193765819072723,3.292123794555664,110,2,0.11878356912567209,0.103753359292319,0.75,893,0.0329832848755218,0.04214821258758753,0.20530029855698587,0.15775462513860208,0.13758271621619,-0.2778658264831404,0.09583693742752075,0.18149971050350525,0.0021644067192280684,-0.025722379137488902,0.14230543775947893,341,0.3818589025755879,0.45454545454545453,893,0.0329832848755218,0.038132656913792196,0.19527584826033198,0.1489887059775634,0.13758271621619,-0.15612065498339578,0.07187770307064056,0.18149971050350525,0.002164406502034446,-0.025722379137488902,0.14230543775947893,341,0.3818589025755879,0.45454545454545453,893,0.05446332410588529,0.038132656913792196,0.19527584826033198,0.1489887059775634,0.15261419986002242,0.2998470523088841,0.18810701477693623,0.23311662515342554,0.5892189921642803,0.5355909876582445,0.14230543775947893,358,0.4008958566629339,0.8240223463687151,893,1786,1.0,y,0.02149940113765407,0.037970282817194646,0.02365737219978791,0.37695032945409634,0.05446332410588529,0.05434336092292272,0.23311662515342554,0.02567153519855659,0.0329832848755218,0.032942144912856214,0.18149971050350525,0.13758271621619,-0.006414044173966197,0.39439456887726687,0.6301219950934267,0.10913273504971778,0.2900103567420786,0.084422402,0.05,4,211,37,893,592,0,4.0,11,2,3,5.0
main,A375,0.1,potential,1,0,False,0.0,False,100,421,74,929,100,"{'lr': 0.01, 'weight_decay': 0.0001}",4,1,0.9954854846000671,1.54839289188385,0,2,0.14821810049439724,0.12048735355882616,1.0,929,0.029462818731159208,0.029472281472237807,0.1716749296555493,0.12945208271131092,0.12910148956059633,-0.0003211756880747707,0.0029898500069975853,0.17137944174325148,-0.004303470344368947,-0.04408264894255188,0.14230543775947893,324,0.348762109795479,0.5246913580246914,929,0.029462818731159208,0.029472281472237807,0.1716749296555493,0.12945208271131092,0.12910148956059633,-0.0003211756880747707,0.0029898500069975853,0.17137944174325148,-0.004303470344368947,-0.04408264894255188,0.14230543775947893,324,0.348762109795479,0.5246913580246914,929,0.05142657608939356,0.029472281472237807,0.1716749296555493,0.12945208271131092,0.14835670026910655,0.42690562519645747,0.13676613104915555,0.2252608861678265,0.6502061336773972,0.5930202766858523,0.14230543775947893,359,0.38643702906350913,0.8774373259052924,929,1858,3.0,y,0.01670419752185676,0.036890133283186875,0.02034268214146249,0.44856035121093174,0.05142657608939356,0.05074246683711448,0.2252608861678265,0.0186707245856932,0.029462818731159208,0.029370913052228526,0.17137944174325148,0.12910148956059633,-0.009586744960135271,0.42708963007872214,0.6508055003114159,0.09635171469856676,0.27981936738291213,0.08287033199999999,0.1,1,421,74,929,556,3,8.0,20,0,3,9.0
main,A375,0.1,potential,0,0,False,0.0,False,100,421,74,848,100,"{'lr': 0.003, 'weight_decay': 0.0001}",4,0,0.9997571110725403,2.180542230606079,0,2,0.1304944062687016,0.1051021884411358,1.0,848,0.026012329069318652,0.02605130440854834,0.16140416478067826,0.11936581469722078,0.1192066366760838,-0.001498341003061343,0.0021072453819215298,0.16128329146496323,-0.05073475707762909,-0.058231351590302786,0.14230543775947893,265,0.3125,0.5018867924528302,848,0.026012329069318652,0.02605130440854834,0.16140416478067826,0.11936581469722078,0.1192066366760838,-0.001498341003061343,0.0021072453819215298,0.16128329146496323,-0.05073475707762909,-0.058231351590302786,0.14230543775947893,265,0.3125,0.5018867924528302,848,0.04848384410180696,0.02605130440854834,0.16140416478067826,0.11936581469722078,0.13519859591981132,0.46268071578966596,0.15587848430886858,0.2200987637388758,0.6804453890027014,0.5573228297864485,0.14230543775947893,289,0.3408018867924528,0.8304498269896193,848,1696,1.0,y,0.02358472175380821,0.029922842164033788,0.01673721259588328,0.440654316721263,0.04848384410180696,0.04844346579938147,0.2200987637388758,0.024297724252531818,0.026012329069318652,0.02601230010577228,0.16128329146496323,0.1192066366760838,-0.00017018679847131406,0.4634845988140368,0.6809912586011494,0.09169384255917962,0.2573147575900769,0.057751599,0.1,0,421,74,848,637,4,8.0,16,0,4,9.0
main,A375,0.1,potential,2,0,False,0.0,False,100,421,74,928,100,"{'lr': 0.03, 'weight_decay': 0.001}",4,3,0.9304158687591553,1.2517534494400024,10,2,0.1477374047281164,0.11974756691220032,1.0,928,0.032741393387541604,0.03129819340519358,0.1769129543170697,0.13437378697193178,0.13170754816792052,0.04407875881351986,0.040595151484012604,0.18053022200131874,0.20574074830563086,0.09691527212690254,0.14230543775947893,309,0.3329741379310345,0.6699029126213593,928,0.032741393387541604,0.03129819340519358,0.1769129543170697,0.13437378697193178,0.13170754816792052,0.04407875881351986,0.040595151484012604,0.18053022200131874,0.20574074830563086,0.09691527212690254,0.14230543775947893,309,0.3329741379310345,0.6699029126213593,928,0.055124801199662114,0.03129819340519358,0.1769129543170697,0.13437378697193178,0.15148584803556037,0.4322302716007722,0.15048632334966947,0.23376891151829587,0.6548009220474995,0.5614053675243121,0.14230543775947893,358,0.3857758620689655,0.8519553072625698,928,1856,3.0,y,0.019205772494827345,0.03321402167781606,0.018812505852563964,0.43359747172294394,0.055124801199662114,0.05464790399244884,0.23376891151829587,0.013066492896808895,0.032741393387541604,0.03259116105584543,0.18053022200131874,0.13170754816792052,-0.012256929945796835,0.40604967863825525,0.6577981213066201,0.09303611414427673,0.31138250573771326,0.07992115049999998,0.1,2,421,74,928,557,3,8.0,15,0,4,9.0
main,A375,0.1,potential,3,0,False,0.0,False,100,421,74,999,100,"{'lr': 0.003, 'weight_decay': 0.0001}",4,0,0.9993329644203186,1.0719647407531738,0,2,0.14141585177331692,0.11811083648906165,1.0,999,0.029535181943570882,0.029549403832952223,0.1718994003274945,0.12975771544239945,0.12961631721184821,-0.00048152367601850266,0.002109843771904707,0.17155580065523698,-0.00950193758659193,-0.03377759723651507,0.14230543775947893,345,0.34534534534534533,0.5043478260869565,999,0.029535181943570882,0.029549403832952223,0.1718994003274945,0.12975771544239945,0.12961631721184821,-0.00048152367601850266,0.002109843771904707,0.17155580065523698,-0.00950193758659193,-0.03377759723651507,0.14230543775947893,345,0.34534534534534533,0.5043478260869565,999,0.045494754343491976,0.029549403832952223,0.1718994003274945,0.12975771544239945,0.1429069186936937,0.3504876713950371,0.11224939965989862,0.21202409330184552,0.5905865658696534,0.5572092533415178,0.14230543775947893,389,0.3893893893893894,0.8406169665809768,999,1998,3.0,y,0.014931147583721962,0.029658900279592133,0.0180463260771645,0.39153758544507067,0.045494754343491976,0.0449542161404697,0.21202409330184552,0.01268211229687277,0.029535181943570882,0.02943139273845941,0.17155580065523698,0.12961631721184821,-0.010187698715189493,0.3508002764323995,0.591044491926257,0.09936591575417802,0.2835197641068503,0.086955518,0.1,3,421,74,999,486,3,8.0,16,0,4,8.0
main,A375,0.1,potential,5,0,False,0.0,False,100,421,74,1000,100,"{'lr': 0.003, 'weight_decay': 0.0001}",4,0,0.99978107213974,0.9256662130355835,0,2,0.15188787720166727,0.12096447412282316,0.0,1000,0.029234750835362547,0.029276461078720978,0.1711036559478522,0.1313599901250366,0.1312573010270179,-0.001426735038493332,0.0023204085882753134,0.17078020804452085,-0.041091163349455326,-0.027925287925287926,0.14230543775947893,364,0.364,0.4642857142857143,1000,0.029234750835362547,0.029234750835362547,0.17098172661241479,0.1312573010270179,0.1312573010270179,0.0,0.0,0.17078020804452085,,,0.14230543775947893,364,0.364,,1000,0.05207121989867977,0.029234750835362547,0.17098172661241479,0.1312573010270179,0.151636287456,0.4385622059124493,0.14240165784129477,0.22763419355102732,0.6621785348317324,0.6082777762777762,0.14230543775947893,404,0.404,0.8217821782178217,1000,2000,3.0,y,0.017719192073158366,0.035675814011341365,0.020026351114626438,0.438657486322245,0.05207121989867977,0.051817326073626574,0.22763419355102732,0.02033652794822598,0.029234750835362547,0.02916587945972982,0.17078020804452085,0.1312573010270179,-0.00829887797432458,0.4385622059124493,0.6621785348317322,0.1027476016922109,0.28693223764766895,0.08435475749999999,0.1,5,421,74,1000,485,2,8.0,16,0,3,9.0
main,A375,0.1,potential,4,0,False,0.0,False,100,421,74,893,100,"{'lr': 0.003, 'weight_decay': 0.0001}",4,0,0.9998699426651001,1.1711385250091553,0,2,0.14325054761905795,0.11941523129067076,1.0,893,0.030411549015655428,0.03047831228678987,0.1745803891815741,0.13039475413317958,0.13025783769748767,-0.0021953262262330853,0.001747515401802957,0.17431719467171494,-0.10465917361969869,-0.08651454242055673,0.14230543775947893,311,0.3482642777155655,0.44694533762057875,893,0.030411549015655428,0.03047831228678987,0.1745803891815741,0.13039475413317958,0.13025783769748767,-0.0021953262262330853,0.001747515401802957,0.17431719467171494,-0.10465917361969869,-0.08651454242055673,0.14230543775947893,311,0.3482642777155655,0.44694533762057875,893,0.05446332410588529,0.03047831228678987,0.1745803891815741,0.13039475413317958,0.15261419986002242,0.4403883202660339,0.13861499517850673,0.23311662515342554,0.6669693812589019,0.6130438517684403,0.14230543775947893,358,0.4008958566629339,0.8603351955307262,893,1786,3.0,y,0.02089195501650686,0.037970282817194646,0.0213475871117144,0.4377817196018552,0.05446332410588529,0.05434336092292272,0.23311662515342554,0.019195427657862186,0.030411549015655428,0.030386484358216562,0.17431719467171494,0.13025783769748767,-0.005006461568699439,0.44161415934637804,0.6681072895506956,0.09476367555342854,0.2942561023413976,0.084422402,0.1,4,421,74,893,592,2,8.5,16,0,4,9.0
main,A375,0.05,mlp_ordered,5,0,False,0.0,False,100,211,37,1000,18074,"{'emb_dim': 16, 'hidden': 48, 'lr': 0.03, 'weight_decay': 0.01}",6,2,0.011650394648313522,1.5415105819702148,50,2,0.14421689734898002,0.12207750237644327,0.625,1000,0.03329971030217238,0.03646173121941993,0.19094955150358414,0.14788808102222145,0.13757032208820338,-0.09495640918657688,0.0860549658536911,0.18136280044985545,0.13234700794001142,0.08842282042282043,0.14230543775947893,387,0.387,0.5762273901808785,1000,0.03329971030217238,0.033538200659533716,0.1831343786937169,0.14064529515638002,0.13757032208820338,-0.007161934899649225,0.05378435179591179,0.18136280044985545,0.1323470077984268,0.08842282042282043,0.14230543775947893,387,0.387,0.5762273901808785,1000,0.05207121989867977,0.033538200659533716,0.1831343786937169,0.14064529515638002,0.151636287456,0.3559167477775175,0.1626532118883235,0.22763419355102732,0.6086373722418107,0.5773079893079893,0.14230543775947893,404,0.404,0.801980198019802,1000,2000,3.0,y,0.015343469858029674,0.035675814011341365,0.022137199677594893,0.37948999087848534,0.05207121989867977,0.051817326073626574,0.22763419355102732,0.016661577087106715,0.03329971030217238,0.03289246538701409,0.18136280044985545,0.13757032208820338,-0.0201803100857814,0.36049682786447124,0.605583433003961,0.10636759414431263,0.3017904095864523,0.08435475749999999,0.05,5,211,37,1000,485,0,4.0,9,2,3,4.0
main,A375,0.1,potential,6,0,False,0.0,False,100,421,74,949,100,"{'lr': 0.03, 'weight_decay': 0.001}",4,3,0.9844414591789246,1.7011719942092896,0,2,0.1405639887852006,0.11651206725970141,1.0,949,0.03027876597907129,0.03022877186388111,0.17386423399848835,0.1306922170390972,0.1302016293933355,0.0016511278968480703,0.006124245934188366,0.17400744617175629,0.041327851625140674,-0.013674985906831342,0.14230543775947893,331,0.3487881981032666,0.5105740181268882,949,0.03027876597907129,0.03022877186388111,0.17386423399848835,0.1306922170390972,0.1302016293933355,0.0016511278968480703,0.006124245934188366,0.17400744617175629,0.041327851625140674,-0.013674985906831342,0.14230543775947893,331,0.3487881981032666,0.5105740181268882,949,0.05090425915565487,0.03022877186388111,0.17386423399848835,0.1306922170390972,0.1458528073667018,0.40616419204829846,0.13610846007002106,0.22561830227374263,0.6382767077424867,0.571069417016685,0.14230543775947893,357,0.3761854583772392,0.8487394957983193,949,1898,3.0,y,0.018269988567395867,0.033398175481822466,0.018940085020732408,0.43290060766819805,0.05090425915565487,0.050903618320885906,0.22561830227374263,0.017435304831401183,0.03027876597907129,0.03027859132321666,0.17400744617175629,0.1302016293933355,0.0004179184784571614,0.40518207157312747,0.6387834095885649,0.09679812608100975,0.2993265121185668,0.08122505299999999,0.1,6,421,74,949,536,3,8.0,18,0,3,8.0
main,A375,0.1,potential,7,0,False,0.0,False,100,421,74,1003,100,"{'lr': 0.01, 'weight_decay': 0.01}",4,2,0.9942419528961182,1.2708873748779297,0,2,0.14647288355240531,0.11236865490690887,0.0,1003,0.02844497616068283,0.0285338500585929,0.1689196556312879,0.12504937429565713,0.12471818367309115,-0.0031244145682538527,0.0029789339751005173,0.16745051958311322,-0.07323613459651582,-0.10073932840408088,0.14230543775947893,319,0.3180458624127617,0.43260188087774293,1003,0.02844497616068283,0.02844497616068283,0.16865638487968024,0.12471818367309115,0.12471818367309115,0.0,0.0,0.16745051958311322,,,0.14230543775947893,319,0.3180458624127617,,1003,0.05029119050290174,0.02844497616068283,0.16865638487968024,0.12471818367309115,0.147940451555334,0.43439445604212557,0.14187719452782718,0.22317674314621583,0.6615988255512225,0.577345105223966,0.14230543775947893,404,0.40279162512462613,0.8193069306930693,1003,2006,3.0,y,0.01477393969898714,0.03289530031258368,0.019797209091047673,0.3981751525924052,0.05029119050290174,0.04980785868135199,0.22317674314621583,0.020132571022788908,0.02844497616068283,0.02803967650865458,0.16745051958311322,0.12471818367309115,-0.020132055335415837,0.43439445604212557,0.6615988255512226,0.09286599532968812,0.2690569546456445,0.090758392,0.1,7,421,74,1003,482,3,8.5,14,0,3,9.0
main,A375,0.1,lowrank,0,0,False,0.0,False,100,421,74,848,864,"{'rank': 8, 'lr': 0.03, 'weight_decay': 0.01}",6,4,0.028089847415685654,2.021765947341919,230,2,0.1304944062687016,0.1051021884411358,0.875,848,0.026012329069318652,0.027578882368200976,0.16606890849343525,0.1224068734347342,0.1192066366760838,-0.060223492279669166,0.08208449929952621,0.16128329146496323,0.1957092128244958,0.20149385401765865,0.14230543775947893,265,0.3125,0.6377358490566037,848,0.026012329069318652,0.026644819680623936,0.16323241001903982,0.1201742523596369,0.1192066366760838,-0.02431503190736195,0.07182393968105316,0.16128329146496323,0.19570921185311618,0.20149385401765865,0.14230543775947893,265,0.3125,0.6377358490566037,848,0.04848384410180696,0.026644819680623936,0.16323241001903982,0.1201742523596369,0.13519859591981132,0.4504392097154091,0.17028084401791302,0.2200987637388758,0.677749971699086,0.5505276109316378,0.14230543775947893,289,0.3408018867924528,0.8304498269896193,848,1696,1.0,y,0.02358472175380821,0.029922842164033788,0.01673721259588328,0.440654316721263,0.04848384410180696,0.04844346579938147,0.2200987637388758,0.024297724252531818,0.026012329069318652,0.02601230010577228,0.16128329146496323,0.1192066366760838,-0.00017018679847131406,0.4634845988140368,0.6809912586011494,0.09169384255917962,0.2573147575900769,0.057751599,0.1,0,421,74,848,637,4,8.0,16,0,4,9.0
main,A375,0.1,lowrank,2,0,False,0.0,False,100,421,74,928,204,"{'rank': 2, 'lr': 0.01, 'weight_decay': 0.001}",6,0,0.8637143969535828,1.2712035179138184,35,2,0.1477374047281164,0.11974756691220032,1.0,928,0.032741393387541604,0.034532890089966406,0.18583027226468352,0.13554123547803143,0.13170754816792052,-0.05471656875502684,0.03184264525771141,0.18053022200131874,-0.06291176906092519,-0.016265015882122376,0.14230543775947893,309,0.3329741379310345,0.49514563106796117,928,0.032741393387541604,0.034532890089966406,0.18583027226468352,0.13554123547803143,0.13170754816792052,-0.05471656875502684,0.03184264525771141,0.18053022200131874,-0.06291176906092519,-0.016265015882122376,0.14230543775947893,309,0.3329741379310345,0.49514563106796117,928,0.055124801199662114,0.034532890089966406,0.18583027226468352,0.13554123547803143,0.15148584803556037,0.3735507550423951,0.11878391478081533,0.23376891151829587,0.6199423765052512,0.5322603996579365,0.14230543775947893,358,0.3857758620689655,0.835195530726257,928,1856,3.0,y,0.019205772494827345,0.03321402167781606,0.018812505852563964,0.43359747172294394,0.055124801199662114,0.05464790399244884,0.23376891151829587,0.013066492896808895,0.032741393387541604,0.03259116105584543,0.18053022200131874,0.13170754816792052,-0.012256929945796835,0.40604967863825525,0.6577981213066201,0.09303611414427673,0.31138250573771326,0.07992115049999998,0.1,2,421,74,928,557,3,8.0,15,0,4,9.0
main,A375,0.1,lowrank,1,0,False,0.0,False,100,421,74,929,1856,"{'rank': 16, 'lr': 0.03, 'weight_decay': 0.01}",6,5,0.6002815365791321,1.3791308403015137,5,2,0.14821810049439724,0.12048735355882616,0.875,929,0.029462818731159208,0.03386401493199228,0.1840217784176435,0.1404674000136398,0.12910148956059633,-0.14938136914165878,0.06561599671840668,0.17137944174325148,-0.005329596396503939,-0.009772699243627952,0.14230543775947893,324,0.348762109795479,0.49382716049382713,929,0.029462818731159208,0.032842755346663616,0.1812257027760235,0.13795315251945453,0.12910148956059633,-0.11471871195846806,0.05741399526596069,0.17137944174325148,-0.005329594876354638,-0.009772699243627952,0.14230543775947893,324,0.348762109795479,0.49382716049382713,929,0.05142657608939356,0.032842755346663616,0.1812257027760235,0.13795315251945453,0.14835670026910655,0.3613660903737037,0.1489821672894089,0.2252608861678265,0.5984231966439197,0.5361702423815002,0.14230543775947893,359,0.38643702906350913,0.8356545961002786,929,1858,3.0,y,0.01670419752185676,0.036890133283186875,0.02034268214146249,0.44856035121093174,0.05142657608939356,0.05074246683711448,0.2252608861678265,0.0186707245856932,0.029462818731159208,0.029370913052228526,0.17137944174325148,0.12910148956059633,-0.009586744960135271,0.42708963007872214,0.6508055003114159,0.09635171469856676,0.27981936738291213,0.08287033199999999,0.1,1,421,74,929,556,3,8.0,20,0,3,9.0
main,A375,0.1,lowrank,3,0,False,0.0,False,100,421,74,999,204,"{'rank': 2, 'lr': 0.01, 'weight_decay': 0.001}",6,0,0.993573784828186,1.074076533317566,5,2,0.14141585177331692,0.11811083648906165,1.0,999,0.029535181943570882,0.02952876826156906,0.17183936761280594,0.12954856972759837,0.12961631721184821,0.0002171539695972058,0.0052793510258197784,0.17155580065523698,0.01824863846162327,0.03849056671902362,0.14230543775947893,345,0.34534534534534533,0.5159420289855072,999,0.029535181943570882,0.02952876826156906,0.17183936761280594,0.12954856972759837,0.12961631721184821,0.0002171539695972058,0.0052793510258197784,0.17155580065523698,0.01824863846162327,0.03849056671902362,0.14230543775947893,345,0.34534534534534533,0.5159420289855072,999,0.045494754343491976,0.02952876826156906,0.17183936761280594,0.12954856972759837,0.1429069186936937,0.35094125272943366,0.11213782452009656,0.21202409330184552,0.5909949767579932,0.5575072427136554,0.14230543775947893,389,0.3893893893893894,0.8406169665809768,999,1998,3.0,y,0.014931147583721962,0.029658900279592133,0.0180463260771645,0.39153758544507067,0.045494754343491976,0.0449542161404697,0.21202409330184552,0.01268211229687277,0.029535181943570882,0.02943139273845941,0.17155580065523698,0.12961631721184821,-0.010187698715189493,0.3508002764323995,0.591044491926257,0.09936591575417802,0.2835197641068503,0.086955518,0.1,3,421,74,999,486,3,8.0,16,0,4,8.0
main,A375,0.1,lowrank,4,0,False,0.0,False,100,421,74,893,416,"{'rank': 4, 'lr': 0.03, 'weight_decay': 0.001}",6,2,0.914675235748291,1.1073077917099,5,2,0.14325054761905795,0.11941523129067076,1.0,893,0.030411549015655428,0.03109448363597248,0.17633627997656204,0.13213474763775288,0.13025783769748767,-0.022456423379338064,0.02388501539826393,0.17431719467171494,-0.014077756708937952,-0.022690787868620044,0.14230543775947893,311,0.3482642777155655,0.4887459807073955,893,0.030411549015655428,0.03109448363597248,0.17633627997656204,0.13213474763775288,0.13025783769748767,-0.022456423379338064,0.02388501539826393,0.17431719467171494,-0.014077756708937952,-0.022690787868620044,0.14230543775947893,311,0.3482642777155655,0.4887459807073955,893,0.05446332410588529,0.03109448363597248,0.17633627997656204,0.13213474763775288,0.15261419986002242,0.4290748104996327,0.13948932371911316,0.23311662515342554,0.6569803203839175,0.6104404966737509,0.14230543775947893,358,0.4008958566629339,0.8575418994413407,893,1786,3.0,y,0.02089195501650686,0.037970282817194646,0.0213475871117144,0.4377817196018552,0.05446332410588529,0.05434336092292272,0.23311662515342554,0.019195427657862186,0.030411549015655428,0.030386484358216562,0.17431719467171494,0.13025783769748767,-0.005006461568699439,0.44161415934637804,0.6681072895506956,0.09476367555342854,0.2942561023413976,0.084422402,0.1,4,421,74,893,592,2,8.5,16,0,4,9.0
main,A375,0.1,lowrank,5,0,False,0.0,False,100,421,74,1000,864,"{'rank': 8, 'lr': 0.03, 'weight_decay': 0.01}",6,4,0.8693381547927856,0.831446647644043,5,2,0.15188787720166727,0.12096447412282316,1.0,1000,0.029234750835362547,0.03101328948382468,0.1761059041708275,0.13647246907528374,0.1312573010270179,-0.06083645653346226,0.038982778787612915,0.17078020804452085,-0.020180461466602084,-0.0374989934989935,0.14230543775947893,364,0.364,0.49175824175824173,1000,0.029234750835362547,0.03101328948382468,0.1761059041708275,0.13647246907528374,0.1312573010270179,-0.06083645653346226,0.038982778787612915,0.17078020804452085,-0.020180461466602084,-0.0374989934989935,0.14230543775947893,364,0.364,0.49175824175824173,1000,0.05207121989867977,0.03101328948382468,0.1761059041708275,0.13647246907528374,0.151636287456,0.404406319956199,0.15026380668020364,0.22763419355102732,0.6350251372282872,0.5763248523248524,0.14230543775947893,404,0.404,0.8168316831683168,1000,2000,3.0,y,0.017719192073158366,0.035675814011341365,0.020026351114626438,0.438657486322245,0.05207121989867977,0.051817326073626574,0.22763419355102732,0.02033652794822598,0.029234750835362547,0.02916587945972982,0.17078020804452085,0.1312573010270179,-0.00829887797432458,0.4385622059124493,0.6621785348317322,0.1027476016922109,0.28693223764766895,0.08435475749999999,0.1,5,421,74,1000,485,2,8.0,16,0,3,9.0
main,A375,0.1,lowrank,7,0,False,0.0,False,100,421,74,1003,416,"{'rank': 4, 'lr': 0.01, 'weight_decay': 0.001}",6,1,0.8793323636054993,1.2273410558700562,15,2,0.14647288355240531,0.11236865490690887,1.0,1003,0.02844497616068283,0.029144420028734356,0.17071736885488353,0.12650077358302086,0.12471818367309115,-0.024589363833544375,0.030132627114653587,0.16745051958311322,0.020967815115070097,0.0065715966112683735,0.14230543775947893,319,0.3180458624127617,0.5015673981191222,1003,0.02844497616068283,0.029144420028734356,0.17071736885488353,0.12650077358302086,0.12471818367309115,-0.024589363833544375,0.030132627114653587,0.16745051958311322,0.020967815115070097,0.0065715966112683735,0.14230543775947893,319,0.3180458624127617,0.5015673981191222,1003,0.05029119050290174,0.029144420028734356,0.17071736885488353,0.12650077358302086,0.147940451555334,0.4204865755354755,0.1444556965700134,0.22317674314621583,0.6504397351140911,0.5708023007343168,0.14230543775947893,404,0.40279162512462613,0.8292079207920792,1003,2006,3.0,y,0.01477393969898714,0.03289530031258368,0.019797209091047673,0.3981751525924052,0.05029119050290174,0.04980785868135199,0.22317674314621583,0.020132571022788908,0.02844497616068283,0.02803967650865458,0.16745051958311322,0.12471818367309115,-0.020132055335415837,0.43439445604212557,0.6615988255512226,0.09286599532968812,0.2690569546456445,0.090758392,0.1,7,421,74,1003,482,3,8.5,14,0,3,9.0
main,A375,0.1,lowrank,6,0,False,0.0,False,100,421,74,949,204,"{'rank': 2, 'lr': 0.01, 'weight_decay': 0.001}",6,0,0.6330363154411316,1.381016731262207,50,2,0.1405639887852006,0.11651206725970141,1.0,949,0.03027876597907129,0.03511729006416106,0.1873960780383652,0.13981699809961787,0.1302016293933355,-0.1597992496931402,0.06904445588588715,0.17400744617175629,-0.0029041142716561483,0.008677418426352926,0.14230543775947893,331,0.3487881981032666,0.49244712990936557,949,0.03027876597907129,0.03511729006416106,0.1873960780383652,0.13981699809961787,0.1302016293933355,-0.1597992496931402,0.06904445588588715,0.17400744617175629,-0.0029041142716561483,0.008677418426352926,0.14230543775947893,331,0.3487881981032666,0.49244712990936557,949,0.05090425915565487,0.03511729006416106,0.1873960780383652,0.13981699809961787,0.1458528073667018,0.31013061290648525,0.14801704607079785,0.22561830227374263,0.5644071646756578,0.5075182614470578,0.14230543775947893,357,0.3761854583772392,0.8011204481792717,949,1898,3.0,y,0.018269988567395867,0.033398175481822466,0.018940085020732408,0.43290060766819805,0.05090425915565487,0.050903618320885906,0.22561830227374263,0.017435304831401183,0.03027876597907129,0.03027859132321666,0.17400744617175629,0.1302016293933355,0.0004179184784571614,0.40518207157312747,0.6387834095885649,0.09679812608100975,0.2993265121185668,0.08122505299999999,0.1,6,421,74,949,536,3,8.0,18,0,3,8.0
main,A375,0.05,mlp_ordered,6,0,False,0.0,False,100,211,37,949,3570,"{'emb_dim': 8, 'hidden': 24, 'lr': 0.01, 'weight_decay': 0.001}",6,5,0.8033095598220825,1.7525956630706787,10,2,0.14506464096230368,0.12019625376028521,1.0,949,0.03442729203343329,0.03448173564780522,0.18569258371783515,0.1430707647671844,0.13846411034372902,-0.0015814085615288853,0.03670963644981384,0.1855443106252005,0.09499516025759387,0.039982505516168006,0.14230543775947893,352,0.37091675447839834,0.5795454545454546,949,0.03442729203343329,0.03448173564780522,0.18569258371783515,0.1430707647671844,0.13846411034372902,-0.0015814085615288853,0.03670963644981384,0.1855443106252005,0.09499516025759387,0.039982505516168006,0.14230543775947893,352,0.37091675447839834,0.5795454545454546,949,0.05090425915565487,0.03448173564780522,0.18569258371783515,0.1430707647671844,0.1458528073667018,0.3226159024853483,0.14083520114035264,0.22561830227374263,0.5705422344165147,0.49475905420271266,0.14230543775947893,357,0.3761854583772392,0.7955182072829131,949,1898,3.0,y,0.01561935660154142,0.033398175481822466,0.021286786355636283,0.3626362503777494,0.05090425915565487,0.050903618320885906,0.22561830227374263,0.013928143569027423,0.03442729203343329,0.03442669120538089,0.1855443106252005,0.13846411034372902,0.0007751309904790758,0.3236854321332596,0.5709460572788497,0.10392874621079952,0.32210377875317653,0.08122505299999999,0.05,6,211,37,949,536,1,4.0,10,0,3,5.0
main,A375,0.05,mlp_ordered,7,0,False,0.0,False,100,211,37,1003,18074,"{'emb_dim': 16, 'hidden': 48, 'lr': 0.03, 'weight_decay': 0.01}",6,2,0.004368871450424194,3.8717424869537354,790,2,0.12554537894684284,0.08849251352819937,0.75,1003,0.031833652539514895,0.046499772258488205,0.21563805846484568,0.1627076310052229,0.13253321045840538,-0.46071118294604596,0.11762074381113052,0.17620043115833206,-0.014690717838591915,-0.016846768661736716,0.14230543775947893,341,0.33998005982053836,0.49560117302052786,1003,0.031833652539514895,0.04023665300890675,0.200590760028738,0.1506153005268916,0.13253321045840538,-0.26396595423542,0.08821555972099304,0.17620043115833206,-0.014690716703403975,-0.016846768661736716,0.14230543775947893,341,0.33998005982053836,0.49560117302052786,1003,0.05029119050290174,0.04023665300890675,0.200590760028738,0.1506153005268916,0.147940451555334,0.1999264164051726,0.20313406102811965,0.22317674314621583,0.5711510505592305,0.4635093336304278,0.14230543775947893,404,0.40279162512462613,0.7821782178217822,1003,2006,1.0,y,0.01923663631552969,0.03289530031258368,0.02283963516767279,0.3056869841393185,0.05029119050290174,0.04980785868135199,0.22317674314621583,0.028400884908187925,0.031833652539514895,0.031046591940382114,0.17620043115833206,0.13253321045840538,-0.028054600320317865,0.367013343267781,0.6268898211402228,0.1016470614945722,0.29430502787960994,0.090758392,0.05,7,211,37,1003,482,1,4.0,9,0,3,4.0
main,A375,0.1,mlp,0,0,False,0.0,False,100,421,74,848,57873,"{'emb_dim': 32, 'hidden': 48, 'lr': 0.01, 'weight_decay': 0.001}",6,4,0.9994126558303833,2.182727336883545,0,2,0.1304944062687016,0.1051021884411358,1.0,848,0.026012329069318652,0.026011163554474945,0.16127976796385513,0.11920844181950666,0.1192066366760838,4.480624709157777e-05,0.00020442059030756354,0.16128329146496323,0.018303369355147436,0.022140791282976517,0.14230543775947893,265,0.3125,0.5283018867924528,848,0.026012329069318652,0.026011163554474945,0.16127976796385513,0.11920844181950666,0.1192066366760838,4.480624709157777e-05,0.00020442059030756354,0.16128329146496323,0.018303369355147436,0.022140791282976517,0.14230543775947893,265,0.3125,0.5283018867924528,848,0.04848384410180696,0.026011163554474945,0.16127976796385513,0.11920844181950666,0.13519859591981132,0.4635086380556708,0.1557806267917843,0.2200987637388758,0.681012722970809,0.5571010519158578,0.14230543775947893,289,0.3408018867924528,0.8304498269896193,848,1696,1.0,y,0.02358472175380821,0.029922842164033788,0.01673721259588328,0.440654316721263,0.04848384410180696,0.04844346579938147,0.2200987637388758,0.024297724252531818,0.026012329069318652,0.02601230010577228,0.16128329146496323,0.1192066366760838,-0.00017018679847131406,0.4634845988140368,0.6809912586011494,0.09169384255917962,0.2573147575900769,0.057751599,0.1,0,421,74,848,637,4,8.0,16,0,4,9.0
main,A375,0.1,mlp,1,0,False,0.0,False,100,421,74,929,17873,"{'emb_dim': 16, 'hidden': 48, 'lr': 0.01, 'weight_decay': 0.001}",6,1,3.212368756067008e-05,1.1414966583251953,450,2,0.14821810049439724,0.12048735355882616,1.0,929,0.029462818731159208,0.035713321700522827,0.18897968594672504,0.1424366764956613,0.12910148956059633,-0.2121488451732294,0.10418560355901718,0.17137944174325148,0.127918639530712,0.128695380945938,0.14230543775947893,324,0.348762109795479,0.5617283950617284,929,0.029462818731159208,0.035713321700522827,0.18897968594672504,0.1424366764956613,0.12910148956059633,-0.2121488451732294,0.10418560355901718,0.17137944174325148,0.127918639530712,0.128695380945938,0.14230543775947893,324,0.348762109795479,0.5617283950617284,929,0.05142657608939356,0.03571332170052282,0.188979685946725,0.14243667649566133,0.14835670026910655,0.3055473567121555,0.18916636704360765,0.2252608861678265,0.59688738679742,0.5252467309089994,0.14230543775947893,359,0.38643702906350913,0.8272980501392758,929,1858,3.0,y,0.01670419752185676,0.036890133283186875,0.02034268214146249,0.44856035121093174,0.05142657608939356,0.05074246683711448,0.2252608861678265,0.0186707245856932,0.029462818731159208,0.029370913052228526,0.17137944174325148,0.12910148956059633,-0.009586744960135271,0.42708963007872214,0.6508055003114159,0.09635171469856676,0.27981936738291213,0.08287033199999999,0.1,1,421,74,929,556,3,8.0,20,0,3,9.0
main,A375,0.1,mlp,2,0,False,0.0,False,100,421,74,928,17873,"{'emb_dim': 16, 'hidden': 48, 'lr': 0.03, 'weight_decay': 0.01}",6,2,0.003916500601917505,1.2688175439834595,65,2,0.1477374047281164,0.11974756691220032,0.625,928,0.032741393387541604,0.03667484044566061,0.19150676344625694,0.14226867462809314,0.13170754816792052,-0.12013682531958825,0.09981290251016617,0.18053022200131874,0.16448582924994504,0.15510262206675043,0.14230543775947893,309,0.3329741379310345,0.6213592233009708,928,0.032741393387541604,0.03285831275220908,0.18126862042893435,0.1336389683477383,0.13170754816792052,-0.0035709953844531572,0.06238306313753128,0.18053022200131874,0.16448582851994473,0.15510262206675043,0.14230543775947893,309,0.3329741379310345,0.6213592233009708,928,0.055124801199662114,0.03285831275220908,0.18126862042893435,0.1336389683477383,0.15148584803556037,0.403928684782078,0.14638000966123643,0.23376891151829587,0.6326451810704834,0.5706923219130765,0.14230543775947893,358,0.3857758620689655,0.8324022346368715,928,1856,3.0,y,0.019205772494827345,0.03321402167781606,0.018812505852563964,0.43359747172294394,0.055124801199662114,0.05464790399244884,0.23376891151829587,0.013066492896808895,0.032741393387541604,0.03259116105584543,0.18053022200131874,0.13170754816792052,-0.012256929945796835,0.40604967863825525,0.6577981213066201,0.09303611414427673,0.31138250573771326,0.07992115049999998,0.1,2,421,74,928,557,3,8.0,15,0,4,9.0
main,A375,0.1,mlp,3,0,False,0.0,False,100,421,74,999,3369,"{'emb_dim': 8, 'hidden': 24, 'lr': 0.01, 'weight_decay': 0.001}",6,5,0.9744881987571716,1.073039174079895,5,2,0.14141585177331692,0.11811083648906165,1.0,999,0.029535181943570882,0.029469879058116436,0.17166793252706353,0.12984195622316722,0.12961631721184821,0.0022110202530396528,0.0071450816467404366,0.17155580065523698,0.043870423599365896,0.02671398051357971,0.14230543775947893,345,0.34534534534534533,0.5391304347826087,999,0.029535181943570882,0.029469879058116436,0.17166793252706353,0.12984195622316722,0.12961631721184821,0.0022110202530396528,0.0071450816467404366,0.17155580065523698,0.043870423599365896,0.02671398051357971,0.14230543775947893,345,0.34534534534534533,0.5391304347826087,999,0.045494754343491976,0.029469879058116436,0.17166793252706353,0.12984195622316722,0.1429069186936937,0.3522356701694752,0.11433792591076428,0.21202409330184552,0.5909581834022507,0.557511347018361,0.14230543775947893,389,0.3893893893893894,0.8483290488431876,999,1998,3.0,y,0.014931147583721962,0.029658900279592133,0.0180463260771645,0.39153758544507067,0.045494754343491976,0.0449542161404697,0.21202409330184552,0.01268211229687277,0.029535181943570882,0.02943139273845941,0.17155580065523698,0.12961631721184821,-0.010187698715189493,0.3508002764323995,0.591044491926257,0.09936591575417802,0.2835197641068503,0.086955518,0.1,3,421,74,999,486,3,8.0,16,0,4,8.0
main,A375,0.1,mlp,4,0,False,0.0,False,100,421,74,893,3369,"{'emb_dim': 8, 'hidden': 24, 'lr': 0.01, 'weight_decay': 0.001}",6,5,0.971511960029602,1.1683706045150757,5,2,0.14325054761905795,0.11941523129067076,1.0,893,0.030411549015655428,0.030268236107499374,0.17397768853361448,0.13005577128155313,0.13025783769748767,0.00471245013143784,0.010472925379872322,0.17431719467171494,0.07077234675016437,0.061125612203489034,0.14230543775947893,311,0.3482642777155655,0.4983922829581994,893,0.030411549015655428,0.030268236107499374,0.17397768853361448,0.13005577128155313,0.13025783769748767,0.00471245013143784,0.010472925379872322,0.17431719467171494,0.07077234675016437,0.061125612203489034,0.14230543775947893,311,0.3482642777155655,0.4983922829581994,893,0.05446332410588529,0.030268236107499374,0.17397768853361448,0.13005577128155313,0.15261419986002242,0.44424552477455925,0.1415255374604599,0.23311662515342554,0.6688763489100533,0.6170054534435173,0.14230543775947893,358,0.4008958566629339,0.8631284916201117,893,1786,3.0,y,0.02089195501650686,0.037970282817194646,0.0213475871117144,0.4377817196018552,0.05446332410588529,0.05434336092292272,0.23311662515342554,0.019195427657862186,0.030411549015655428,0.030386484358216562,0.17431719467171494,0.13025783769748767,-0.005006461568699439,0.44161415934637804,0.6681072895506956,0.09476367555342854,0.2942561023413976,0.084422402,0.1,4,421,74,893,592,2,8.5,16,0,4,9.0
main,A375,0.1,mlp,5,0,False,0.0,False,100,421,74,1000,3369,"{'emb_dim': 8, 'hidden': 24, 'lr': 0.01, 'weight_decay': 0.001}",6,5,0.771047055721283,0.8722057938575745,15,2,0.15188787720166727,0.12096447412282316,0.625,1000,0.029234750835362547,0.03487162255287204,0.1867394509815,0.14557288174257257,0.1312573010270179,-0.19281408448643567,0.07002546638250351,0.17078020804452085,-0.03056150741794623,-0.052226776226776225,0.14230543775947893,364,0.364,0.45879120879120877,1000,0.029234750835362547,0.031608517992284715,0.17778784545711981,0.13804815747700333,0.1312573010270179,-0.08119676375181695,0.04376591369509697,0.17078020804452085,-0.030561507891316158,-0.052226776226776225,0.14230543775947893,364,0.364,0.45879120879120877,1000,0.05207121989867977,0.031608517992284715,0.17778784545711981,0.13804815747700333,0.151636287456,0.3929752739845811,0.15781862720650797,0.22763419355102732,0.6288929909621712,0.5742746622746623,0.14230543775947893,404,0.404,0.8193069306930693,1000,2000,3.0,y,0.017719192073158366,0.035675814011341365,0.020026351114626438,0.438657486322245,0.05207121989867977,0.051817326073626574,0.22763419355102732,0.02033652794822598,0.029234750835362547,0.02916587945972982,0.17078020804452085,0.1312573010270179,-0.00829887797432458,0.4385622059124493,0.6621785348317322,0.1027476016922109,0.28693223764766895,0.08435475749999999,0.1,5,421,74,1000,485,2,8.0,16,0,3,9.0
main,A375,0.1,mlp,6,0,False,0.0,False,100,421,74,949,3369,"{'emb_dim': 8, 'hidden': 24, 'lr': 0.01, 'weight_decay': 0.001}",6,5,0.8969771265983582,1.6875065565109253,10,2,0.1405639887852006,0.11651206725970141,0.625,949,0.03027876597907129,0.03190997483841835,0.1786336329989914,0.13616202301834315,0.1302016293933355,-0.05387302971576036,0.04991525039076805,0.17400744617175629,0.0495599370320418,0.04497553790974615,0.14230543775947893,331,0.3487881981032666,0.540785498489426,949,0.03027876597907129,0.030714269248416227,0.17525486940001475,0.13278177586860992,0.1302016293933355,-0.01438312478275905,0.03119703009724617,0.17400744617175629,0.049559936615012665,0.04497553790974615,0.14230543775947893,331,0.3487881981032666,0.540785498489426,949,0.05090425915565487,0.030714269248416227,0.17525486940001475,0.13278177586860992,0.1458528073667018,0.3966267310855416,0.14268517696159955,0.22561830227374263,0.6297902867923153,0.5577920585433386,0.14230543775947893,357,0.3761854583772392,0.8375350140056023,949,1898,3.0,y,0.018269988567395867,0.033398175481822466,0.018940085020732408,0.43290060766819805,0.05090425915565487,0.050903618320885906,0.22561830227374263,0.017435304831401183,0.03027876597907129,0.03027859132321666,0.17400744617175629,0.1302016293933355,0.0004179184784571614,0.40518207157312747,0.6387834095885649,0.09679812608100975,0.2993265121185668,0.08122505299999999,0.1,6,421,74,949,536,3,8.0,18,0,3,8.0
main,A375,0.1,mlp_ordered,4,0,False,0.0,False,100,421,74,893,18074,"{'emb_dim': 16, 'hidden': 48, 'lr': 0.03, 'weight_decay': 0.01}",6,2,0.028736988082528114,1.5816097259521484,60,2,0.14325054761905795,0.11941523129067076,0.625,893,0.030411549015655428,0.032650379332916604,0.1806941596535887,0.13649671427016252,0.13025783769748767,-0.0736177665961264,0.10444150865077972,0.17431719467171494,0.2374108213487268,0.21859155678619274,0.14230543775947893,311,0.3482642777155655,0.6334405144694534,893,0.030411549015655428,0.02924670305747347,0.17101667479363955,0.12923058959287842,0.13025783769748767,0.03830274997114791,0.06527594476938248,0.17431719467171494,0.23741082296673935,0.21859155678619274,0.14230543775947893,311,0.3482642777155655,0.6334405144694534,893,0.05446332410588529,0.02924670305747347,0.17101667479363955,0.1292305895928784,0.15261419986002242,0.463001872588363,0.16820170186704397,0.23311662515342554,0.6808182572642656,0.6178575445143691,0.14230543775947893,358,0.4008958566629339,0.8603351955307262,893,1786,3.0,y,0.02089195501650686,0.037970282817194646,0.0213475871117144,0.4377817196018552,0.05446332410588529,0.05434336092292272,0.23311662515342554,0.019195427657862186,0.030411549015655428,0.030386484358216562,0.17431719467171494,0.13025783769748767,-0.005006461568699439,0.44161415934637804,0.6681072895506956,0.09476367555342854,0.2942561023413976,0.084422402,0.1,4,421,74,893,592,2,8.5,16,0,4,9.0
main,A375,0.1,mlp_ordered,1,0,False,0.0,False,100,421,74,929,18074,"{'emb_dim': 16, 'hidden': 48, 'lr': 0.01, 'weight_decay': 0.001}",6,1,0.00033202191116288304,1.6938819885253906,265,2,0.14821810049439724,0.12048735355882616,0.875,929,0.029462818731159208,0.039116405354904356,0.1977786777054199,0.14665470933426905,0.12910148956059633,-0.32765319271831017,0.12441495805978775,0.17137944174325148,0.13526659046978962,0.123441232394324,0.14230543775947893,324,0.348762109795479,0.5308641975308642,929,0.029462818731159208,0.036215192860265255,0.19030289766649708,0.14114153604085197,0.12910148956059633,-0.22918289627071187,0.10886308550834656,0.17137944174325148,0.1352665893630606,0.123441232394324,0.14230543775947893,324,0.348762109795479,0.5308641975308642,929,0.05142657608939356,0.036215192860265255,0.19030289766649708,0.14114153604085197,0.14835670026910655,0.29578837219663867,0.19457931052831745,0.2252608861678265,0.5980775075947421,0.5226869557252347,0.14230543775947893,359,0.38643702906350913,0.83008356545961,929,1858,3.0,y,0.01670419752185676,0.036890133283186875,0.02034268214146249,0.44856035121093174,0.05142657608939356,0.05074246683711448,0.2252608861678265,0.0186707245856932,0.029462818731159208,0.029370913052228526,0.17137944174325148,0.12910148956059633,-0.009586744960135271,0.42708963007872214,0.6508055003114159,0.09635171469856676,0.27981936738291213,0.08287033199999999,0.1,1,421,74,929,556,3,8.0,20,0,3,9.0
main,A375,0.1,mlp_ordered,3,0,False,0.0,False,100,421,74,999,18074,"{'emb_dim': 16, 'hidden': 48, 'lr': 0.03, 'weight_decay': 0.01}",6,2,0.042887866497039795,1.3432141542434692,45,2,0.14141585177331692,0.11811083648906165,0.75,999,0.029535181943570882,0.03908675244136926,0.19770369860316034,0.14907797477796297,0.12961631721184821,-0.323396365597048,0.10167860239744186,0.17155580065523698,0.021328624241503606,0.022192769924232848,0.14230543775947893,345,0.34534534534534533,0.527536231884058,999,0.029535181943570882,0.03475931946033089,0.1864385138868332,0.14052687428440525,0.12961631721184821,-0.1768784606352214,0.07625894993543625,0.17155580065523698,0.02132862303641634,0.022192769924232848,0.14230543775947893,345,0.34534534534534533,0.527536231884058,999,0.045494754343491976,0.03475931946033089,0.1864385138868332,0.14052687428440525,0.1429069186936937,0.23597082868295105,0.14471379577823068,0.21202409330184552,0.5085510043578534,0.48874525026028015,0.14230543775947893,389,0.3893893893893894,0.8020565552699229,999,1998,3.0,y,0.014931147583721962,0.029658900279592133,0.0180463260771645,0.39153758544507067,0.045494754343491976,0.0449542161404697,0.21202409330184552,0.01268211229687277,0.029535181943570882,0.02943139273845941,0.17155580065523698,0.12961631721184821,-0.010187698715189493,0.3508002764323995,0.591044491926257,0.09936591575417802,0.2835197641068503,0.086955518,0.1,3,421,74,999,486,3,8.0,16,0,4,8.0
main,A375,0.2,zero,0,0,False,0.0,False,100,842,148,848,0,{},1,0,1.0,1.056240439414978,0,1,0.14527153731886688,0.11676507855978567,0.0,848,0.02485080628153793,0.02485080628153793,0.15764138505334802,0.11515206204373657,0.11515206204373657,0.0,0.0,0.15756753900621395,,,0.14230543775947893,244,0.28773584905660377,,848,0.02485080628153793,0.02485080628153793,0.15764138505334802,0.11515206204373657,0.11515206204373657,0.0,0.0,0.15756753900621395,,,0.14230543775947893,244,0.28773584905660377,,848,0.04848384410180696,0.02485080628153793,0.15764138505334802,0.11515206204373657,0.13519859591981132,0.4874415025888642,0.15029076491109516,0.2200987637388758,0.6983813548898914,0.5981080753671655,0.14230543775947893,289,0.3408018867924528,0.8788927335640139,848,1696,1.0,y,0.01478087137649345,0.029922842164033788,0.016093344833551418,0.46217191718188266,0.04848384410180696,0.04844346579938147,0.2200987637388758,0.02258965422902684,0.02485080628153793,0.024827529348474757,0.15756753900621395,0.11515206204373657,-0.004824617400704398,0.4874415025888642,0.6983813548898913,0.0827485866563846,0.2604045782662119,0.057751599,0.2,0,842,148,848,637,9,17.0,30,0,9,17.0
main,A375,0.1,mlp_ordered,2,0,False,0.0,False,100,421,74,928,18074,"{'emb_dim': 16, 'hidden': 48, 'lr': 0.03, 'weight_decay': 0.01}",6,2,0.01839379221200943,1.6164098978042603,105,2,0.1477374047281164,0.11974756691220032,0.75,928,0.032741393387541604,0.030890351751302312,0.1757565126853122,0.13014639628161892,0.13170754816792052,0.056535212607769725,0.11366462707519531,0.18053022200131874,0.35673811244795695,0.3091194182084812,0.14230543775947893,309,0.3329741379310345,0.7055016181229773,928,0.032741393387541604,0.0289193168347919,0.17005680472945472,0.125592142468016,0.13170754816792052,0.11673530529107046,0.08524847030639648,0.18053022200131874,0.35673811278518314,0.3091194182084812,0.14230543775947893,309,0.3329741379310345,0.7055016181229773,928,0.055124801199662114,0.0289193168347919,0.17005680472945472,0.125592142468016,0.15148584803556037,0.4753846507301479,0.16491963622650277,0.23376891151829587,0.6869524856064929,0.6009414645619596,0.14230543775947893,358,0.3857758620689655,0.840782122905028,928,1856,3.0,y,0.019205772494827345,0.03321402167781606,0.018812505852563964,0.43359747172294394,0.055124801199662114,0.05464790399244884,0.23376891151829587,0.013066492896808895,0.032741393387541604,0.03259116105584543,0.18053022200131874,0.13170754816792052,-0.012256929945796835,0.40604967863825525,0.6577981213066201,0.09303611414427673,0.31138250573771326,0.07992115049999998,0.1,2,421,74,928,557,3,8.0,15,0,4,9.0
main,A375,0.2,zero,1,0,False,0.0,False,100,842,148,929,0,{},1,0,1.0,1.6593334674835205,0,1,0.14392532877035177,0.11664886831830458,0.0,929,0.027694058339366365,0.027694058339366365,0.16641531882421873,0.1267477310647091,0.1267477310647091,0.0,0.0,0.16635579998386837,,,0.14230543775947893,316,0.3401506996770721,,929,0.027694058339366365,0.027694058339366365,0.16641531882421873,0.1267477310647091,0.1267477310647091,0.0,0.0,0.16635579998386837,,,0.14230543775947893,316,0.3401506996770721,,929,0.05142657608939356,0.027694058339366365,0.16641531882421873,0.1267477310647091,0.14835670026910655,0.46148352767591483,0.15781094402020757,0.2252608861678265,0.6747447724716505,0.6006175681387405,0.14230543775947893,359,0.38643702906350913,0.8495821727019499,929,1858,1.0,y,0.018804648869006995,0.036890133283186875,0.01902659827871923,0.48423611992231996,0.05142657608939356,0.05074246683711448,0.2252608861678265,0.02537540420499181,0.027694058339366365,0.027674252188272817,0.16635579998386837,0.1267477310647091,-0.004450410216322495,0.46148352767591483,0.6747447724716504,0.09692264251902394,0.27468924878375284,0.08287033199999999,0.2,1,842,148,929,556,7,16.0,33,0,7,17.0
main,A375,0.2,zero,3,0,False,0.0,False,100,842,148,999,0,{},1,0,1.0,1.1730117797851562,0,1,0.1400691100577839,0.1150586072459561,0.0,999,0.02534996938999636,0.02534996938999636,0.1592167371540956,0.12060958135840887,0.12060958135840887,0.0,0.0,0.15921496297513307,,,0.14230543775947893,321,0.3213213213213213,,999,0.02534996938999636,0.02534996938999636,0.1592167371540956,0.12060958135840887,0.12060958135840887,0.0,0.0,0.15921496297513307,,,0.14230543775947893,321,0.3213213213213213,,999,0.045494754343491976,0.02534996938999636,0.1592167371540956,0.12060958135840887,0.1429069186936937,0.44279357574720757,0.14209643434372182,0.21202409330184552,0.6604551111391339,0.6081339375447591,0.14230543775947893,389,0.3893893893893894,0.8637532133676092,999,1998,1.0,y,0.014195843558666819,0.029658900279592133,0.015726208624406546,0.46976427055093717,0.045494754343491976,0.0449542161404697,0.21202409330184552,0.02076745004223256,0.02534996938999636,0.025349404435172994,0.15921496297513307,0.12060958135840887,0.0007516347672679343,0.44279357574720757,0.6604551111391339,0.09529737028684336,0.257966474970209,0.086955518,0.2,3,842,148,999,486,8,17.0,26,0,9,17.0
main,A375,0.2,zero,2,0,False,0.0,False,100,842,148,928,0,{},1,0,0.9999999403953552,1.2173736095428467,0,1,0.14457831102392657,0.11813674189143604,0.0,928,0.028945414654654625,0.028945414654654625,0.1701335200795382,0.12728402139761938,0.12728402139761938,0.0,0.0,0.16999242693766403,,,0.14230543775947893,301,0.32435344827586204,,928,0.028945414654654625,0.028945414654654625,0.1701335200795382,0.12728402139761938,0.12728402139761938,0.0,0.0,0.16999242693766403,,,0.14230543775947893,301,0.32435344827586204,,928,0.055124801199662114,0.028945414654654625,0.1701335200795382,0.12728402139761938,0.15148584803556037,0.4749112191840059,0.1504215382300152,0.23376891151829587,0.6878808447268672,0.6041861191583815,0.14230543775947893,358,0.3857758620689655,0.8435754189944135,928,1856,1.0,y,0.01792466594203577,0.03321402167781606,0.017273427214359215,0.47993569156076354,0.055124801199662114,0.05464790399244884,0.23376891151829587,0.022848963225948062,0.028945414654654625,0.02889742521615704,0.16999242693766403,0.12728402139761938,-0.006927440977560786,0.4749112191840059,0.6878808447268674,0.09579716283415592,0.2951277043499907,0.07992115049999998,0.2,2,842,148,928,557,11,17.0,29,0,11,17.0
main,A375,0.2,zero,5,0,False,0.0,False,100,842,148,1000,0,{},1,0,1.0,1.4288880825042725,0,1,0.14484166647855737,0.11623158830040602,0.0,1000,0.027362498332970338,0.027362498332970338,0.16541613685783602,0.12610820198910544,0.12610820198910544,0.0,0.0,0.1653546757744972,,,0.14230543775947893,347,0.347,,1000,0.027362498332970338,0.027362498332970338,0.16541613685783602,0.12610820198910544,0.12610820198910544,0.0,0.0,0.1653546757744972,,,0.14230543775947893,347,0.347,,1000,0.05207121989867977,0.027362498332970338,0.16541613685783602,0.12610820198910544,0.151636287456,0.47451781644040003,0.1699817650492441,0.22763419355102732,0.6896343607254634,0.6401370521370522,0.14230543775947893,404,0.404,0.8589108910891089,1000,2000,0.3,y,0.019043736883020492,0.035675814011341365,0.017967742970546017,0.49636067267213413,0.05207121989867977,0.051817326073626574,0.22763419355102732,0.029311711562194132,0.027362498332970338,0.02734216880048909,0.1653546757744972,0.12610820198910544,0.004508828282519771,0.47451781644040003,0.6896343607254629,0.09675491003534026,0.2745778350432263,0.08435475749999999,0.2,5,842,148,1000,485,10,17.0,25,0,10,17.0
main,A375,0.2,zero,4,0,False,0.0,False,100,842,148,893,0,{},1,0,1.0,1.1148300170898438,0,1,0.14407040051391914,0.12076562301165669,0.0,893,0.025331438233491512,0.025331438233491512,0.15915853176468897,0.1197627172971302,0.1197627172971302,0.0,0.0,0.1589326910633854,,,0.14230543775947893,266,0.2978723404255319,,893,0.025331438233491512,0.025331438233491512,0.15915853176468897,0.1197627172971302,0.1197627172971302,0.0,0.0,0.1589326910633854,,,0.14230543775947893,266,0.2978723404255319,,893,0.05446332410588529,0.025331438233491512,0.15915853176468897,0.1197627172971302,0.15261419986002242,0.5348899713825178,0.1501666337259864,0.23311662515342554,0.7374918399523027,0.6674677944928756,0.14230543775947893,358,0.4008958566629339,0.9022346368715084,893,1786,3.0,y,0.0167253854962042,0.037970282817194646,0.01831389162035608,0.5176782930870683,0.05446332410588529,0.05434336092292272,0.23311662515342554,0.0225561536303729,0.025331438233491512,0.0252596002886495,0.1589326910633854,0.1197627172971302,-0.008475726803172308,0.5348899713825178,0.7374918399523025,0.09048697321073507,0.26549271234907634,0.084422402,0.2,4,842,148,893,592,7,17.0,27,0,9,17.0
main,A375,0.2,zero,6,0,False,0.0,False,100,842,148,949,0,{},1,0,1.0,1.6462782621383667,0,1,0.13786154610490725,0.11008346755435444,0.0,949,0.027523234284171905,0.027523234284171905,0.1659012787297672,0.12476766762359123,0.12476766762359123,0.0,0.0,0.16580990165446827,,,0.14230543775947893,307,0.32349841938883034,,949,0.027523234284171905,0.027523234284171905,0.1659012787297672,0.12476766762359123,0.12476766762359123,0.0,0.0,0.16580990165446827,,,0.14230543775947893,307,0.32349841938883034,,949,0.05090425915565487,0.027523234284171905,0.1659012787297672,0.12476766762359123,0.1458528073667018,0.4593137246136624,0.16598821872782893,0.22561830227374263,0.6804113572998197,0.6202423393185715,0.14230543775947893,357,0.3761854583772392,0.8683473389355743,949,1898,0.03,y,0.017662902835556195,0.033398175481822466,0.017509174645645553,0.47574457607197074,0.05090425915565487,0.050903618320885906,0.22561830227374263,0.02757422580695015,0.027523234284171905,0.02749292348666444,0.16580990165446827,0.12476766762359123,0.005505524271807556,0.4593137246136624,0.6804113572998198,0.09368325177857452,0.2731991609459992,0.08122505299999999,0.2,6,842,148,949,536,6,17.0,26,0,9,17.0
main,A375,0.2,zero,7,0,False,0.0,False,100,842,148,1003,0,{},1,0,1.0,1.021849274635315,0,1,0.1512451824270411,0.12030527002094445,0.0,1003,0.025863015341233947,0.025863015341233947,0.16081982260043054,0.11952648105687731,0.11952648105687731,0.0,0.0,0.15964161893741202,,,0.14230543775947893,297,0.29611166500498504,,1003,0.025863015341233947,0.025863015341233947,0.16081982260043054,0.11952648105687731,0.11952648105687731,0.0,0.0,0.15964161893741202,,,0.14230543775947893,297,0.29611166500498504,,1003,0.05029119050290174,0.025863015341233947,0.16081982260043054,0.11952648105687731,0.147940451555334,0.4857346767374361,0.15291404071249326,0.22317674314621583,0.6989380125176069,0.6183372848270562,0.14230543775947893,404,0.40279162512462613,0.8564356435643564,1003,2006,3.0,y,0.012110376602197164,0.03289530031258368,0.017708488116682453,0.4616711825577011,0.05029119050290174,0.04980785868135199,0.22317674314621583,0.023389225118750863,0.025863015341233947,0.02548544649695787,0.15964161893741202,0.11952648105687731,-0.0194311308028144,0.4857346767374361,0.698938012517607,0.09104166500880102,0.2693961673461087,0.090758392,0.2,7,842,148,1003,482,9,16.0,25,0,9,17.0
main,A375,0.2,potential,0,0,False,0.0,False,100,842,148,848,100,"{'lr': 0.003, 'weight_decay': 0.0001}",4,0,1.0000641345977783,1.0553903579711914,0,2,0.14527153731886688,0.11676507855978567,1.0,848,0.02485080628153793,0.02485286959238812,0.15764792923596593,0.11517259871853677,0.11515206204373657,-8.302792379510926e-05,0.0022632142063230276,0.15756753900621395,0.006483216843994695,0.02074392523452764,0.14230543775947893,244,0.28773584905660377,0.5368852459016393,848,0.02485080628153793,0.02485286959238812,0.15764792923596593,0.11517259871853677,0.11515206204373657,-8.302792379510926e-05,0.0022632142063230276,0.15756753900621395,0.006483216843994695,0.02074392523452764,0.14230543775947893,244,0.28773584905660377,0.5368852459016393,848,0.04848384410180696,0.02485286959238812,0.15764792923596593,0.11517259871853677,0.13519859591981132,0.48739894592100064,0.15031993634214,0.2200987637388758,0.6983708215673361,0.5984206109608409,0.14230543775947893,289,0.3408018867924528,0.8788927335640139,848,1696,1.0,y,0.01478087137649345,0.029922842164033788,0.016093344833551418,0.46217191718188266,0.04848384410180696,0.04844346579938147,0.2200987637388758,0.02258965422902684,0.02485080628153793,0.024827529348474757,0.15756753900621395,0.11515206204373657,-0.004824617400704398,0.4874415025888642,0.6983813548898913,0.0827485866563846,0.2604045782662119,0.057751599,0.2,0,842,148,848,637,9,17.0,30,0,9,17.0
main,A375,0.2,potential,1,0,False,0.0,False,100,842,148,929,100,"{'lr': 0.03, 'weight_decay': 0.001}",4,3,0.9980340600013733,1.6524653434753418,0,2,0.14392532877035177,0.11664886831830458,1.0,929,0.027694058339366365,0.027733815059307464,0.16653472628646393,0.1273017030252984,0.1267477310647091,-0.001435568577704105,0.00531373405829072,0.16635579998386837,-0.00883506876668276,-0.05396400856830517,0.14230543775947893,316,0.3401506996770721,0.4873417721518987,929,0.027694058339366365,0.027733815059307464,0.16653472628646393,0.1273017030252984,0.1267477310647091,-0.001435568577704105,0.00531373405829072,0.16635579998386837,-0.00883506876668276,-0.05396400856830517,0.14230543775947893,316,0.3401506996770721,0.4873417721518987,929,0.05142657608939356,0.027733815059307464,0.16653472628646393,0.1273017030252984,0.14835670026910655,0.4607104503496703,0.1613783359804285,0.2252608861678265,0.674887488495774,0.6014220740423218,0.14230543775947893,359,0.38643702906350913,0.8495821727019499,929,1858,1.0,y,0.018804648869006995,0.036890133283186875,0.01902659827871923,0.48423611992231996,0.05142657608939356,0.05074246683711448,0.2252608861678265,0.02537540420499181,0.027694058339366365,0.027674252188272817,0.16635579998386837,0.1267477310647091,-0.004450410216322495,0.46148352767591483,0.6747447724716504,0.09692264251902394,0.27468924878375284,0.08287033199999999,0.2,1,842,148,929,556,7,16.0,33,0,7,17.0
main,A375,0.2,potential,2,0,False,0.0,False,100,842,148,928,100,"{'lr': 0.03, 'weight_decay': 0.001}",4,3,0.9963670372962952,1.2058162689208984,10,2,0.14457831102392657,0.11813674189143604,1.0,928,0.028945414654654625,0.028768898949202003,0.1696139703833443,0.12711370745424339,0.12728402139761938,0.006098226871461887,0.010941052809357643,0.16999242693766403,0.07491120333372328,-0.0005802112947518423,0.14230543775947893,301,0.32435344827586204,0.5149501661129569,928,0.028945414654654625,0.028768898949202003,0.1696139703833443,0.12711370745424339,0.12728402139761938,0.006098226871461887,0.010941052809357643,0.16999242693766403,0.07491120333372328,-0.0005802112947518423,0.14230543775947893,301,0.32435344827586204,0.5149501661129569,928,0.055124801199662114,0.028768898949202003,0.1696139703833443,0.12711370745424339,0.15148584803556037,0.4781133296970812,0.16019025452945815,0.23376891151829587,0.6885685549307262,0.6057632500072975,0.14230543775947893,358,0.3857758620689655,0.8463687150837989,928,1856,1.0,y,0.01792466594203577,0.03321402167781606,0.017273427214359215,0.47993569156076354,0.055124801199662114,0.05464790399244884,0.23376891151829587,0.022848963225948062,0.028945414654654625,0.02889742521615704,0.16999242693766403,0.12728402139761938,-0.006927440977560786,0.4749112191840059,0.6878808447268674,0.09579716283415592,0.2951277043499907,0.07992115049999998,0.2,2,842,148,928,557,11,17.0,29,0,11,17.0
main,A375,0.2,potential,3,0,False,0.0,False,100,842,148,999,100,"{'lr': 0.003, 'weight_decay': 0.0001}",4,0,1.0000722408294678,1.1710997819900513,0,2,0.1400691100577839,0.1150586072459561,1.0,999,0.02534996938999636,0.025377167433625007,0.15930212626837412,0.12073279644777495,0.12060958135840887,-0.0010729024248596897,0.0019049533875659108,0.15921496297513307,-0.039291095818642124,-0.06033023404165687,0.14230543775947893,321,0.3213213213213213,0.45794392523364486,999,0.02534996938999636,0.025377167433625007,0.15930212626837412,0.12073279644777495,0.12060958135840887,-0.0010729024248596897,0.0019049533875659108,0.15921496297513307,-0.039291095818642124,-0.06033023404165687,0.14230543775947893,321,0.3213213213213213,0.45794392523364486,999,0.045494754343491976,0.025377167433625007,0.15930212626837412,0.12073279644777495,0.1429069186936937,0.44219574762347935,0.14246960820153598,0.21202409330184552,0.6600283415612853,0.607545252667497,0.14230543775947893,389,0.3893893893893894,0.8611825192802056,999,1998,1.0,y,0.014195843558666819,0.029658900279592133,0.015726208624406546,0.46976427055093717,0.045494754343491976,0.0449542161404697,0.21202409330184552,0.02076745004223256,0.02534996938999636,0.025349404435172994,0.15921496297513307,0.12060958135840887,0.0007516347672679343,0.44279357574720757,0.6604551111391339,0.09529737028684336,0.257966474970209,0.086955518,0.2,3,842,148,999,486,8,17.0,26,0,9,17.0
main,A375,0.2,potential,4,0,False,0.0,False,100,842,148,893,100,"{'lr': 0.003, 'weight_decay': 0.0001}",4,0,1.0000072717666626,1.1153504848480225,0,2,0.14407040051391914,0.12076562301165669,0.0,893,0.025331438233491512,0.025356767283884016,0.15923808364798922,0.11979725962035534,0.1197627172971302,-0.0009999057360672303,0.001721165026538074,0.1589326910633854,-0.04035858870565929,-0.03823026922849174,0.14230543775947893,266,0.2978723404255319,0.4774436090225564,893,0.025331438233491512,0.025331438233491512,0.15915853176468897,0.1197627172971302,0.1197627172971302,0.0,0.0,0.1589326910633854,,,0.14230543775947893,266,0.2978723404255319,,893,0.05446332410588529,0.025331438233491512,0.15915853176468897,0.1197627172971302,0.15261419986002242,0.5348899713825178,0.1501666337259864,0.23311662515342554,0.7374918399523027,0.6674677944928756,0.14230543775947893,358,0.4008958566629339,0.9022346368715084,893,1786,3.0,y,0.0167253854962042,0.037970282817194646,0.01831389162035608,0.5176782930870683,0.05446332410588529,0.05434336092292272,0.23311662515342554,0.0225561536303729,0.025331438233491512,0.0252596002886495,0.1589326910633854,0.1197627172971302,-0.008475726803172308,0.5348899713825178,0.7374918399523025,0.09048697321073507,0.26549271234907634,0.084422402,0.2,4,842,148,893,592,7,17.0,27,0,9,17.0
main,A375,0.2,potential,5,0,False,0.0,False,100,842,148,1000,100,"{'lr': 0.03, 'weight_decay': 0.001}",4,3,1.000370979309082,1.4192184209823608,0,2,0.14484166647855737,0.11623158830040602,1.0,1000,0.027362498332970338,0.02741480724664382,0.16557417445557088,0.12631838953994382,0.12610820198910544,-0.0019117009359650439,0.004991097841411829,0.1653546757744972,-0.01669453405947133,-0.038753774753774756,0.14230543775947893,347,0.347,0.47262247838616717,1000,0.027362498332970338,0.02741480724664382,0.16557417445557088,0.12631838953994382,0.12610820198910544,-0.0019117009359650439,0.004991097841411829,0.1653546757744972,-0.01669453405947133,-0.038753774753774756,0.14230543775947893,347,0.347,0.47262247838616717,1000,0.05207121989867977,0.02741480724664382,0.16557417445557088,0.12631838953994382,0.151636287456,0.4735132516582562,0.17309818123956192,0.22763419355102732,0.69011979998886,0.6407753447753449,0.14230543775947893,404,0.404,0.8613861386138614,1000,2000,0.3,y,0.019043736883020492,0.035675814011341365,0.017967742970546017,0.49636067267213413,0.05207121989867977,0.051817326073626574,0.22763419355102732,0.029311711562194132,0.027362498332970338,0.02734216880048909,0.1653546757744972,0.12610820198910544,0.004508828282519771,0.47451781644040003,0.6896343607254629,0.09675491003534026,0.2745778350432263,0.08435475749999999,0.2,5,842,148,1000,485,10,17.0,25,0,10,17.0
main,A375,0.2,potential,6,0,False,0.0,False,100,842,148,949,100,"{'lr': 0.03, 'weight_decay': 0.001}",4,3,1.0011805295944214,1.6400772333145142,0,2,0.13786154610490725,0.11008346755435444,1.0,949,0.027523234284171905,0.02747061342330643,0.1657426119720165,0.12469367182784195,0.12476766762359123,0.0019118705426177662,0.004615139681845903,0.16580990165446827,0.046817825098906404,0.0493897078800294,0.14230543775947893,307,0.32349841938883034,0.5504885993485342,949,0.027523234284171905,0.02747061342330643,0.1657426119720165,0.12469367182784195,0.12476766762359123,0.0019118705426177662,0.004615139681845903,0.16580990165446827,0.046817825098906404,0.0493897078800294,0.14230543775947893,307,0.32349841938883034,0.5504885993485342,949,0.05090425915565487,0.02747061342330643,0.1657426119720165,0.12469367182784195,0.1458528073667018,0.4603474467763713,0.16720835786967408,0.22561830227374263,0.6815019389348991,0.6212863078987033,0.14230543775947893,357,0.3761854583772392,0.8683473389355743,949,1898,0.03,y,0.017662902835556195,0.033398175481822466,0.017509174645645553,0.47574457607197074,0.05090425915565487,0.050903618320885906,0.22561830227374263,0.02757422580695015,0.027523234284171905,0.02749292348666444,0.16580990165446827,0.12476766762359123,0.005505524271807556,0.4593137246136624,0.6804113572998198,0.09368325177857452,0.2731991609459992,0.08122505299999999,0.2,6,842,148,949,536,6,17.0,26,0,9,17.0
main,A375,0.1,mlp,7,0,False,0.0,False,100,421,74,1003,17873,"{'emb_dim': 16, 'hidden': 48, 'lr': 0.003, 'weight_decay': 0.001}",6,0,0.9309486746788025,1.2660551071166992,10,2,0.14647288355240531,0.11236865490690887,0.875,1003,0.02844497616068283,0.028316522508562463,0.16827513930632315,0.12467754938331545,0.12471818367309115,0.004515864291632532,0.011823276057839394,0.16745051958311322,0.06466140001104684,0.05221141451947329,0.14230543775947893,319,0.3180458624127617,0.542319749216301,1003,0.02844497616068283,0.0283172794855008,0.16827738851521556,0.12464111473755805,0.12471818367309115,0.004489252318605641,0.010345366783440113,0.16745051958311322,0.0646614008477271,0.05221141451947329,0.14230543775947893,319,0.3180458624127617,0.542319749216301,1003,0.05029119050290174,0.0283172794855008,0.16827738851521556,0.12464111473755805,0.147940451555334,0.4369336020417547,0.14506478238742979,0.22317674314621583,0.66299403427409,0.5789278037490935,0.14230543775947893,404,0.40279162512462613,0.8242574257425742,1003,2006,3.0,y,0.01477393969898714,0.03289530031258368,0.019797209091047673,0.3981751525924052,0.05029119050290174,0.04980785868135199,0.22317674314621583,0.020132571022788908,0.02844497616068283,0.02803967650865458,0.16745051958311322,0.12471818367309115,-0.020132055335415837,0.43439445604212557,0.6615988255512226,0.09286599532968812,0.2690569546456445,0.090758392,0.1,7,421,74,1003,482,3,8.5,14,0,3,9.0
main,A375,0.2,potential,7,0,False,0.0,False,100,842,148,1003,100,"{'lr': 0.03, 'weight_decay': 0.001}",4,3,0.991865336894989,1.0193618535995483,0,2,0.1512451824270411,0.12030527002094445,1.0,1003,0.025863015341233947,0.025921737404110485,0.16100229005859043,0.11997390527090743,0.11952648105687731,-0.002270503346255781,0.006008662283420563,0.15964161893741202,-0.01870350902900596,-0.052555112295101715,0.14230543775947893,297,0.29611166500498504,0.494949494949495,1003,0.025863015341233947,0.025921737404110485,0.16100229005859043,0.11997390527090743,0.11952648105687731,-0.002270503346255781,0.006008662283420563,0.15964161893741202,-0.01870350902900596,-0.052555112295101715,0.14230543775947893,297,0.29611166500498504,0.494949494949495,1003,0.05029119050290174,0.025921737404110485,0.16100229005859043,0.11997390527090743,0.147940451555334,0.48456703560010506,0.15701381342356796,0.22317674314621583,0.697791206012313,0.6184093067554024,0.14230543775947893,404,0.40279162512462613,0.8514851485148515,1003,2006,3.0,y,0.012110376602197164,0.03289530031258368,0.017708488116682453,0.4616711825577011,0.05029119050290174,0.04980785868135199,0.22317674314621583,0.023389225118750863,0.025863015341233947,0.02548544649695787,0.15964161893741202,0.11952648105687731,-0.0194311308028144,0.4857346767374361,0.698938012517607,0.09104166500880102,0.2693961673461087,0.090758392,0.2,7,842,148,1003,482,9,16.0,25,0,9,17.0
main,A375,0.1,mlp_ordered,0,0,False,0.0,False,100,421,74,848,58074,"{'emb_dim': 32, 'hidden': 48, 'lr': 0.01, 'weight_decay': 0.001}",6,4,0.0009898889111354947,3.0266458988189697,230,2,0.1304944062687016,0.1051021884411358,0.75,848,0.026012329069318652,0.03144003684946508,0.17731338598499854,0.12950014424605183,0.1192066366760838,-0.20865904647301914,0.09398142993450165,0.16128329146496323,0.11231621427225488,0.12500067891184874,0.14230543775947893,265,0.3125,0.5547169811320755,848,0.026012329069318652,0.028427008143091882,0.1686031083435056,0.12300889217349628,0.1192066366760838,-0.09282825337702372,0.07048607617616653,0.16128329146496323,0.11231621403892766,0.12500067891184874,0.14230543775947893,265,0.3125,0.5547169811320755,848,0.04848384410180696,0.028427008143091882,0.1686031083435056,0.12300889217349628,0.13519859591981132,0.4136808112120708,0.17675526202003394,0.2200987637388758,0.6587944866477492,0.5036432968022346,0.14230543775947893,289,0.3408018867924528,0.8062283737024222,848,1696,1.0,y,0.02358472175380821,0.029922842164033788,0.01673721259588328,0.440654316721263,0.04848384410180696,0.04844346579938147,0.2200987637388758,0.024297724252531818,0.026012329069318652,0.02601230010577228,0.16128329146496323,0.1192066366760838,-0.00017018679847131406,0.4634845988140368,0.6809912586011494,0.09169384255917962,0.2573147575900769,0.057751599,0.1,0,421,74,848,637,4,8.0,16,0,4,9.0
main,A375,0.2,lowrank,0,0,False,0.0,False,100,842,148,848,204,"{'rank': 2, 'lr': 0.01, 'weight_decay': 0.001}",6,0,0.9755228757858276,1.0438296794891357,20,2,0.14527153731886688,0.11676507855978567,1.0,848,0.02485080628153793,0.025213067200622094,0.15878623114307516,0.1160424581539407,0.11515206204373657,-0.014577431210080816,0.011581791564822197,0.15756753900621395,-0.06461661032110483,-0.07077677669656529,0.14230543775947893,244,0.28773584905660377,0.45901639344262296,848,0.02485080628153793,0.025213067200622094,0.15878623114307516,0.1160424581539407,0.11515206204373657,-0.014577431210080816,0.011581791564822197,0.15756753900621395,-0.06461661032110483,-0.07077677669656529,0.14230543775947893,244,0.28773584905660377,0.45901639344262296,848,0.04848384410180696,0.025213067200622094,0.15878623114307516,0.1160424581539407,0.13519859591981132,0.47996971635171104,0.1503930530149798,0.2200987637388758,0.6927823783828784,0.5909548239855109,0.14230543775947893,289,0.3408018867924528,0.8754325259515571,848,1696,1.0,y,0.01478087137649345,0.029922842164033788,0.016093344833551418,0.46217191718188266,0.04848384410180696,0.04844346579938147,0.2200987637388758,0.02258965422902684,0.02485080628153793,0.024827529348474757,0.15756753900621395,0.11515206204373657,-0.004824617400704398,0.4874415025888642,0.6983813548898913,0.0827485866563846,0.2604045782662119,0.057751599,0.2,0,842,148,848,637,9,17.0,30,0,9,17.0
main,A375,0.2,lowrank,2,0,False,0.0,False,100,842,148,928,864,"{'rank': 8, 'lr': 0.03, 'weight_decay': 0.01}",6,4,0.9472535848617554,1.2042980194091797,5,2,0.14457831102392657,0.11813674189143604,0.75,928,0.028945414654654625,0.029007906882107,0.17031707748228594,0.1280079481508187,0.12728402139761938,-0.0021589681197511368,0.0254663098603487,0.16999242693766403,0.0717448611937968,0.04132033573544203,0.14230543775947893,301,0.32435344827586204,0.521594684385382,928,0.028945414654654625,0.02886978465951718,0.16991110811102722,0.1274551287054017,0.12728402139761938,0.002612848910260257,0.019099732860922813,0.16999242693766403,0.07174485956934122,0.04132033573544203,0.14230543775947893,301,0.32435344827586204,0.521594684385382,928,0.055124801199662114,0.02886978465951718,0.16991110811102722,0.1274551287054017,0.15148584803556037,0.4762831968327509,0.1532453950174861,0.23376891151829587,0.6885844861959721,0.600033841779874,0.14230543775947893,358,0.3857758620689655,0.8547486033519553,928,1856,1.0,y,0.01792466594203577,0.03321402167781606,0.017273427214359215,0.47993569156076354,0.055124801199662114,0.05464790399244884,0.23376891151829587,0.022848963225948062,0.028945414654654625,0.02889742521615704,0.16999242693766403,0.12728402139761938,-0.006927440977560786,0.4749112191840059,0.6878808447268674,0.09579716283415592,0.2951277043499907,0.07992115049999998,0.2,2,842,148,928,557,11,17.0,29,0,11,17.0
main,A375,0.2,lowrank,1,0,False,0.0,False,100,842,148,929,1856,"{'rank': 16, 'lr': 0.03, 'weight_decay': 0.01}",6,5,0.07816510647535324,1.4763426780700684,225,2,0.14392532877035177,0.11664886831830458,0.75,929,0.027694058339366365,0.026799175474207168,0.1637045371216301,0.12277127559011426,0.1267477310647091,0.03231317180722282,0.09150365740060806,0.16635579998386837,0.3037828643419159,0.3217547963231482,0.14230543775947893,316,0.3401506996770721,0.6645569620253164,929,0.027694058339366365,0.025450315182945087,0.1595315491774122,0.11955871001625405,0.1267477310647091,0.0810189365865478,0.0686277449131012,0.16635579998386837,0.30378286419881756,0.3217547963231482,0.14230543775947893,316,0.3401506996770721,0.6645569620253164,929,0.05142657608939356,0.025450315182945087,0.1595315491774122,0.11955871001625405,0.14835670026910655,0.5051135595979512,0.17174301135874157,0.2252608861678265,0.7081252428720819,0.6089553067575382,0.14230543775947893,359,0.38643702906350913,0.8662952646239555,929,1858,1.0,y,0.018804648869006995,0.036890133283186875,0.01902659827871923,0.48423611992231996,0.05142657608939356,0.05074246683711448,0.2252608861678265,0.02537540420499181,0.027694058339366365,0.027674252188272817,0.16635579998386837,0.1267477310647091,-0.004450410216322495,0.46148352767591483,0.6747447724716504,0.09692264251902394,0.27468924878375284,0.08287033199999999,0.2,1,842,148,929,556,7,16.0,33,0,7,17.0
main,A375,0.2,lowrank,5,0,False,0.0,False,100,842,148,1000,864,"{'rank': 8, 'lr': 0.03, 'weight_decay': 0.01}",6,4,0.41610008478164673,1.2106746435165405,25,2,0.14484166647855737,0.11623158830040602,0.75,1000,0.027362498332970338,0.028506984260420504,0.16884011448829483,0.1281094494780605,0.12610820198910544,-0.04182680665789662,0.08739376813173294,0.1653546757744972,0.22496745857875955,0.2474819234819235,0.14230543775947893,347,0.347,0.659942363112392,1000,0.027362498332970338,0.026788651164599407,0.1636723897442675,0.12399930155606644,0.12610820198910544,0.02097203118618285,0.06554532796144485,0.1653546757744972,0.22496745742519758,0.2474819234819235,0.14230543775947893,347,0.347,0.659942363112392,1000,0.05207121989867977,0.02678865116459941,0.16367238974426754,0.12399930155606642,0.151636287456,0.48553824518179534,0.18006356445131216,0.22763419355102732,0.7011500384633156,0.6392728952728953,0.14230543775947893,404,0.404,0.8589108910891089,1000,2000,0.3,y,0.019043736883020492,0.035675814011341365,0.017967742970546017,0.49636067267213413,0.05207121989867977,0.051817326073626574,0.22763419355102732,0.029311711562194132,0.027362498332970338,0.02734216880048909,0.1653546757744972,0.12610820198910544,0.004508828282519771,0.47451781644040003,0.6896343607254629,0.09675491003534026,0.2745778350432263,0.08435475749999999,0.2,5,842,148,1000,485,10,17.0,25,0,10,17.0
main,A375,0.2,lowrank,4,0,False,0.0,False,100,842,148,893,416,"{'rank': 4, 'lr': 0.01, 'weight_decay': 0.001}",6,1,0.9094122052192688,1.0625725984573364,20,2,0.14407040051391914,0.12076562301165669,1.0,893,0.025331438233491512,0.025801920796051474,0.16062976310774874,0.12090070294249416,0.1197627172971302,-0.01857306948872406,0.02844814583659172,0.1589326910633854,0.03588207921231026,0.029117245715961575,0.14230543775947893,266,0.2978723404255319,0.48120300751879697,893,0.025331438233491512,0.025801920796051474,0.16062976310774874,0.12090070294249416,0.1197627172971302,-0.01857306948872406,0.02844814583659172,0.1589326910633854,0.03588207921231026,0.029117245715961575,0.14230543775947893,266,0.2978723404255319,0.48120300751879697,893,0.05446332410588529,0.025801920796051474,0.16062976310774874,0.12090070294249416,0.15261419986002242,0.5262514505011029,0.1518390984623014,0.23311662515342554,0.7296548655963947,0.6646722698263001,0.14230543775947893,358,0.4008958566629339,0.88268156424581,893,1786,3.0,y,0.0167253854962042,0.037970282817194646,0.01831389162035608,0.5176782930870683,0.05446332410588529,0.05434336092292272,0.23311662515342554,0.0225561536303729,0.025331438233491512,0.0252596002886495,0.1589326910633854,0.1197627172971302,-0.008475726803172308,0.5348899713825178,0.7374918399523025,0.09048697321073507,0.26549271234907634,0.084422402,0.2,4,842,148,893,592,7,17.0,27,0,9,17.0
main,A375,0.1,mlp_ordered,5,0,False,0.0,False,100,421,74,1000,18074,"{'emb_dim': 16, 'hidden': 48, 'lr': 0.003, 'weight_decay': 0.001}",6,0,0.9983459711074829,1.4500049352645874,0,2,0.15188787720166727,0.12096447412282316,0.0,1000,0.029234750835362547,0.029244681436080822,0.1710107640941962,0.13135679723092442,0.1312573010270179,-0.00033968480778923116,0.002117915078997612,0.17078020804452085,-0.013160884222065813,-0.03481011481011481,0.14230543775947893,364,0.364,0.489010989010989,1000,0.029234750835362547,0.029234750835362547,0.17098172661241479,0.1312573010270179,0.1312573010270179,0.0,0.0,0.17078020804452085,,,0.14230543775947893,364,0.364,,1000,0.05207121989867977,0.029234750835362547,0.17098172661241479,0.1312573010270179,0.151636287456,0.4385622059124493,0.14240165784129477,0.22763419355102732,0.6621785348317324,0.6082777762777762,0.14230543775947893,404,0.404,0.8217821782178217,1000,2000,3.0,y,0.017719192073158366,0.035675814011341365,0.020026351114626438,0.438657486322245,0.05207121989867977,0.051817326073626574,0.22763419355102732,0.02033652794822598,0.029234750835362547,0.02916587945972982,0.17078020804452085,0.1312573010270179,-0.00829887797432458,0.4385622059124493,0.6621785348317322,0.1027476016922109,0.28693223764766895,0.08435475749999999,0.1,5,421,74,1000,485,2,8.0,16,0,3,9.0
main,A375,0.2,lowrank,3,0,False,0.0,False,100,842,148,999,204,"{'rank': 2, 'lr': 0.01, 'weight_decay': 0.001}",6,0,0.5791690349578857,1.0826386213302612,150,2,0.1400691100577839,0.1150586072459561,0.625,999,0.02534996938999636,0.031384494820100875,0.17715669566827238,0.1287543211908579,0.12060958135840887,-0.23804862788062642,0.10187063366174698,0.15921496297513307,0.13470851327348282,0.18383227716694647,0.14230543775947893,321,0.3213213213213213,0.6074766355140186,999,0.02534996938999636,0.026684616146090103,0.1633542657725537,0.12082870608227562,0.12060958135840887,-0.05264885079586801,0.06366915255784988,0.15921496297513307,0.13470851320320235,0.18383227716694647,0.14230543775947893,321,0.3213213213213213,0.6074766355140186,999,0.045494754343491976,0.0266846161460901,0.16335426577255366,0.12082870608227562,0.1429069186936937,0.41345729785422325,0.1574323985306746,0.21202409330184552,0.6451139644185622,0.5956846305223057,0.14230543775947893,389,0.3893893893893894,0.8483290488431876,999,1998,1.0,y,0.014195843558666819,0.029658900279592133,0.015726208624406546,0.46976427055093717,0.045494754343491976,0.0449542161404697,0.21202409330184552,0.02076745004223256,0.02534996938999636,0.025349404435172994,0.15921496297513307,0.12060958135840887,0.0007516347672679343,0.44279357574720757,0.6604551111391339,0.09529737028684336,0.257966474970209,0.086955518,0.2,3,842,148,999,486,8,17.0,26,0,9,17.0
main,A375,0.2,lowrank,7,0,False,0.0,False,100,842,148,1003,1856,"{'rank': 16, 'lr': 0.03, 'weight_decay': 0.01}",6,5,0.07753581553697586,0.8690595626831055,795,2,0.1512451824270411,0.12030527002094445,0.625,1003,0.025863015341233947,0.027558542991445417,0.16600765943607967,0.1226163627484817,0.11952648105687731,-0.0655580034980785,0.10849139839410782,0.15964161893741202,0.2939255220410799,0.2745655844452234,0.14230543775947893,297,0.29611166500498504,0.6599326599326599,1003,0.025863015341233947,0.024162485928275024,0.15544287030377116,0.11463980161857372,0.11952648105687731,0.06575139791406048,0.06780712306499481,0.15964161893741202,0.2939255226416818,0.2745655844452234,0.14230543775947893,297,0.29611166500498504,0.6599326599326599,1003,0.05029119050290174,0.024162485928275024,0.15544287030377116,0.11463980161857372,0.147940451555334,0.5195483406406759,0.16724864988935031,0.22317674314621583,0.7241614015567678,0.6442382659498185,0.14230543775947893,404,0.40279162512462613,0.8712871287128713,1003,2006,3.0,y,0.012110376602197164,0.03289530031258368,0.017708488116682453,0.4616711825577011,0.05029119050290174,0.04980785868135199,0.22317674314621583,0.023389225118750863,0.025863015341233947,0.02548544649695787,0.15964161893741202,0.11952648105687731,-0.0194311308028144,0.4857346767374361,0.698938012517607,0.09104166500880102,0.2693961673461087,0.090758392,0.2,7,842,148,1003,482,9,16.0,25,0,9,17.0
main,A375,0.2,lowrank,6,0,False,0.0,False,100,842,148,949,204,"{'rank': 2, 'lr': 0.01, 'weight_decay': 0.001}",6,0,0.8594619631767273,1.5963261127471924,45,2,0.13786154610490725,0.11008346755435444,0.875,949,0.027523234284171905,0.028429420289256813,0.16861026151826233,0.12710581852971223,0.12476766762359123,-0.032924401097949474,0.03324642777442932,0.16580990165446827,0.01743398591915204,0.03186728341976442,0.14230543775947893,307,0.32349841938883034,0.5374592833876222,949,0.027523234284171905,0.02819520304261451,0.16791427289725705,0.12651946741282533,0.12476766762359123,-0.02441460009767238,0.029090624302625656,0.16580990165446827,0.017433986295594527,0.03186728341976442,0.14230543775947893,307,0.32349841938883034,0.5374592833876222,949,0.05090425915565487,0.02819520304261451,0.16791427289725705,0.12651946741282533,0.1458528073667018,0.44611308542180494,0.1682275931451503,0.22561830227374263,0.6722808387176763,0.6158959288819746,0.14230543775947893,357,0.3761854583772392,0.8627450980392157,949,1898,0.03,y,0.017662902835556195,0.033398175481822466,0.017509174645645553,0.47574457607197074,0.05090425915565487,0.050903618320885906,0.22561830227374263,0.02757422580695015,0.027523234284171905,0.02749292348666444,0.16580990165446827,0.12476766762359123,0.005505524271807556,0.4593137246136624,0.6804113572998198,0.09368325177857452,0.2731991609459992,0.08122505299999999,0.2,6,842,148,949,536,6,17.0,26,0,9,17.0
main,A375,0.1,mlp_ordered,6,0,False,0.0,False,100,421,74,949,18074,"{'emb_dim': 16, 'hidden': 48, 'lr': 0.003, 'weight_decay': 0.001}",6,0,0.8527379035949707,2.4521186351776123,15,2,0.1405639887852006,0.11651206725970141,1.0,949,0.03027876597907129,0.03003978420181559,0.17331988980441798,0.13110660323212783,0.1302016293933355,0.007892718528254572,0.019335465505719185,0.17400744617175629,0.09109012621297025,0.0541125024483151,0.14230543775947893,331,0.3487881981032666,0.5740181268882175,949,0.03027876597907129,0.03003978420181559,0.17331988980441798,0.13110660323212783,0.1302016293933355,0.007892718528254572,0.019335465505719185,0.17400744617175629,0.09109012621297025,0.0541125024483151,0.14230543775947893,331,0.3487881981032666,0.5740181268882175,949,0.05090425915565487,0.03003978420181559,0.17331988980441798,0.13110660323212783,0.1458528073667018,0.4098768020577602,0.14160814154695875,0.22561830227374263,0.6403405925432578,0.5718048171608812,0.14230543775947893,357,0.3761854583772392,0.8431372549019608,949,1898,3.0,y,0.018269988567395867,0.033398175481822466,0.018940085020732408,0.43290060766819805,0.05090425915565487,0.050903618320885906,0.22561830227374263,0.017435304831401183,0.03027876597907129,0.03027859132321666,0.17400744617175629,0.1302016293933355,0.0004179184784571614,0.40518207157312747,0.6387834095885649,0.09679812608100975,0.2993265121185668,0.08122505299999999,0.1,6,421,74,949,536,3,8.0,18,0,3,8.0
main,A375,0.1,mlp_ordered,7,0,False,0.0,False,100,421,74,1003,18074,"{'emb_dim': 16, 'hidden': 48, 'lr': 0.01, 'weight_decay': 0.1}",6,3,0.9938204288482666,2.146416425704956,0,2,0.14647288355240531,0.11236865490690887,1.0,1003,0.02844497616068283,0.02848647470225756,0.16877936693286166,0.12489004933586365,0.12471818367309115,-0.0014589058306926361,0.0027914142701774836,0.16745051958311322,-0.041108713083218305,-0.041465257589828025,0.14230543775947893,319,0.3180458624127617,0.48589341692789967,1003,0.02844497616068283,0.02848647470225756,0.16877936693286166,0.12489004933586365,0.12471818367309115,-0.0014589058306926361,0.0027914142701774836,0.16745051958311322,-0.041108713083218305,-0.041465257589828025,0.14230543775947893,319,0.3180458624127617,0.48589341692789967,1003,0.05029119050290174,0.02848647470225756,0.16877936693286166,0.12489004933586365,0.147940451555334,0.43356929081617335,0.14328329160011238,0.22317674314621583,0.6606530154825673,0.5775669389474538,0.14230543775947893,404,0.40279162512462613,0.8118811881188119,1003,2006,3.0,y,0.01477393969898714,0.03289530031258368,0.019797209091047673,0.3981751525924052,0.05029119050290174,0.04980785868135199,0.22317674314621583,0.020132571022788908,0.02844497616068283,0.02803967650865458,0.16745051958311322,0.12471818367309115,-0.020132055335415837,0.43439445604212557,0.6615988255512226,0.09286599532968812,0.2690569546456445,0.090758392,0.1,7,421,74,1003,482,3,8.5,14,0,3,9.0
main,A375,0.2,mlp,0,0,False,0.0,False,100,842,148,848,17873,"{'emb_dim': 16, 'hidden': 48, 'lr': 0.003, 'weight_decay': 0.001}",6,0,0.9738667607307434,1.049700379371643,10,2,0.14527153731886688,0.11676507855978567,1.0,848,0.02485080628153793,0.02485062515578588,0.1576408105656206,0.11514140319758828,0.11515206204373657,7.288526175042165e-06,0.006937170866876841,0.15756753900621395,0.02215553443131573,0.016949988716288288,0.14230543775947893,244,0.28773584905660377,0.47950819672131145,848,0.02485080628153793,0.02485062515578588,0.1576408105656206,0.11514140319758828,0.11515206204373657,7.288526175042165e-06,0.006937170866876841,0.15756753900621395,0.02215553443131573,0.016949988716288288,0.14230543775947893,244,0.28773584905660377,0.47950819672131145,848,0.04848384410180696,0.02485062515578588,0.1576408105656206,0.11514140319758828,0.13519859591981132,0.48744523838488885,0.1512286245159317,0.2200987637388758,0.6983028149581898,0.5979813845126078,0.14230543775947893,289,0.3408018867924528,0.8719723183391004,848,1696,1.0,y,0.01478087137649345,0.029922842164033788,0.016093344833551418,0.46217191718188266,0.04848384410180696,0.04844346579938147,0.2200987637388758,0.02258965422902684,0.02485080628153793,0.024827529348474757,0.15756753900621395,0.11515206204373657,-0.004824617400704398,0.4874415025888642,0.6983813548898913,0.0827485866563846,0.2604045782662119,0.057751599,0.2,0,842,148,848,637,9,17.0,30,0,9,17.0
main,A375,0.2,mlp,3,0,False,0.0,False,100,842,148,999,17873,"{'emb_dim': 16, 'hidden': 48, 'lr': 0.003, 'weight_decay': 0.001}",6,0,0.9696862697601318,1.1689608097076416,10,2,0.1400691100577839,0.1150586072459561,1.0,999,0.02534996938999636,0.025481055959244537,0.15962786711362317,0.12110228332315726,0.12060958135840887,-0.005171074064487913,0.008146479725837708,0.15921496297513307,-0.024909102387075267,-0.03099897091480257,0.14230543775947893,321,0.3213213213213213,0.5077881619937694,999,0.02534996938999636,0.025481055959244537,0.15962786711362317,0.12110228332315726,0.12060958135840887,-0.005171074064487913,0.008146479725837708,0.15921496297513307,-0.024909102387075267,-0.03099897091480257,0.14230543775947893,321,0.3213213213213213,0.5077881619937694,999,0.045494754343491976,0.025481055959244537,0.15962786711362317,0.12110228332315726,0.1429069186936937,0.43991222005818786,0.1441562621853052,0.21202409330184552,0.6585209227828264,0.6059279881083488,0.14230543775947893,389,0.3893893893893894,0.8534704370179949,999,1998,1.0,y,0.014195843558666819,0.029658900279592133,0.015726208624406546,0.46976427055093717,0.045494754343491976,0.0449542161404697,0.21202409330184552,0.02076745004223256,0.02534996938999636,0.025349404435172994,0.15921496297513307,0.12060958135840887,0.0007516347672679343,0.44279357574720757,0.6604551111391339,0.09529737028684336,0.257966474970209,0.086955518,0.2,3,842,148,999,486,8,17.0,26,0,9,17.0
main,A375,0.2,mlp,5,0,False,0.0,False,100,842,148,1000,3369,"{'emb_dim': 8, 'hidden': 24, 'lr': 0.01, 'weight_decay': 0.001}",6,5,0.4286002516746521,1.4173214435577393,35,2,0.14484166647855737,0.11623158830040602,0.5,1000,0.027362498332970338,0.037906498338658126,0.19469591248574822,0.1480860413915298,0.12610820198910544,-0.38534493003450776,0.11366958171129227,0.1653546757744972,0.06296577982215157,0.07406526206526207,0.14230543775947893,347,0.347,0.5706051873198847,1000,0.027362498332970338,0.029403906127719866,0.17147567211625056,0.13043634556400036,0.12610820198910544,-0.07460604546806837,0.05683479085564613,0.1653546757744972,0.06296577982215157,0.07406526206526207,0.14230543775947893,347,0.347,0.5706051873198847,1000,0.05207121989867977,0.029403906127719866,0.17147567211625056,0.13043634556400036,0.151636287456,0.4353136687610927,0.17936096045597014,0.22763419355102732,0.6686329264345812,0.6132596052596053,0.14230543775947893,404,0.404,0.8564356435643564,1000,2000,0.3,y,0.019043736883020492,0.035675814011341365,0.017967742970546017,0.49636067267213413,0.05207121989867977,0.051817326073626574,0.22763419355102732,0.029311711562194132,0.027362498332970338,0.02734216880048909,0.1653546757744972,0.12610820198910544,0.004508828282519771,0.47451781644040003,0.6896343607254629,0.09675491003534026,0.2745778350432263,0.08435475749999999,0.2,5,842,148,1000,485,10,17.0,25,0,10,17.0
main,A375,0.2,mlp,6,0,False,0.0,False,100,842,148,949,17873,"{'emb_dim': 16, 'hidden': 48, 'lr': 0.03, 'weight_decay': 0.01}",6,2,0.008541910909116268,1.586788535118103,100,2,0.13786154610490725,0.11008346755435444,0.5,949,0.027523234284171905,0.02846819857188125,0.16872521617079425,0.12758513085822695,0.12476766762359123,-0.034333330085875025,0.1082860678434372,0.16580990165446827,0.2994772968089561,0.2828508707577456,0.14230543775947893,307,0.32349841938883034,0.6644951140065146,949,0.027523234284171905,0.025060981413549274,0.15830660571672073,0.11928507374960289,0.12476766762359123,0.08946088403711427,0.0541430339217186,0.16580990165446827,0.2994772968089561,0.2828508707577456,0.14230543775947893,307,0.32349841938883034,0.6644951140065146,949,0.05090425915565487,0.025060981413549274,0.15830660571672073,0.11928507374960289,0.1458528073667018,0.5076839967964588,0.16949717600541567,0.22561830227374263,0.7136928381943521,0.6434942212743313,0.14230543775947893,357,0.3761854583772392,0.8823529411764706,949,1898,0.03,y,0.017662902835556195,0.033398175481822466,0.017509174645645553,0.47574457607197074,0.05090425915565487,0.050903618320885906,0.22561830227374263,0.02757422580695015,0.027523234284171905,0.02749292348666444,0.16580990165446827,0.12476766762359123,0.005505524271807556,0.4593137246136624,0.6804113572998198,0.09368325177857452,0.2731991609459992,0.08122505299999999,0.2,6,842,148,949,536,6,17.0,26,0,9,17.0
main,A375,0.2,mlp,1,0,False,0.0,False,100,842,148,929,3369,"{'emb_dim': 8, 'hidden': 24, 'lr': 0.01, 'weight_decay': 0.001}",6,5,0.9601852297782898,1.6110864877700806,10,2,0.14392532877035177,0.11664886831830458,1.0,929,0.027694058339366365,0.028741440032606726,0.16953300573223706,0.12903465850293402,0.1267477310647091,-0.03781972582008808,0.02914377674460411,0.16635579998386837,-0.020222607040850115,0.0025997370598356503,0.14230543775947893,316,0.3401506996770721,0.5506329113924051,929,0.027694058339366365,0.028741440032606726,0.16953300573223706,0.12903465850293402,0.1267477310647091,-0.03781972582008808,0.02914377674460411,0.16635579998386837,-0.020222607040850115,0.0025997370598356503,0.14230543775947893,316,0.3401506996770721,0.5506329113924051,929,0.05142657608939356,0.028741440032606726,0.16953300573223706,0.12903465850293402,0.14835670026910655,0.4411169823430169,0.16256422096926573,0.2252608861678265,0.6615338493937708,0.5812116470758683,0.14230543775947893,359,0.38643702906350913,0.8467966573816156,929,1858,1.0,y,0.018804648869006995,0.036890133283186875,0.01902659827871923,0.48423611992231996,0.05142657608939356,0.05074246683711448,0.2252608861678265,0.02537540420499181,0.027694058339366365,0.027674252188272817,0.16635579998386837,0.1267477310647091,-0.004450410216322495,0.46148352767591483,0.6747447724716504,0.09692264251902394,0.27468924878375284,0.08287033199999999,0.2,1,842,148,929,556,7,16.0,33,0,7,17.0
main,A375,0.2,mlp,2,0,False,0.0,False,100,842,148,928,17873,"{'emb_dim': 16, 'hidden': 48, 'lr': 0.003, 'weight_decay': 0.001}",6,0,0.902927815914154,1.2028000354766846,15,2,0.14457831102392657,0.11813674189143604,0.75,928,0.028945414654654625,0.02946806473480495,0.17166264804786435,0.12814563888450695,0.12728402139761938,-0.018056403281349498,0.027805257588624954,0.16999242693766403,0.024739637126003643,0.040187796802529895,0.14230543775947893,301,0.32435344827586204,0.5116279069767442,928,0.028945414654654625,0.02919211038298395,0.17085698810111324,0.12754026135245922,0.12728402139761938,-0.008522791304689692,0.02085394412279129,0.16999242693766403,0.02473963771311891,0.040187796802529895,0.14230543775947893,301,0.32435344827586204,0.5116279069767442,928,0.055124801199662114,0.02919211038298395,0.17085698810111324,0.12754026135245922,0.15148584803556037,0.47043599708867734,0.1531552716725385,0.23376891151829587,0.6835686137489745,0.6002035762193522,0.14230543775947893,358,0.3857758620689655,0.8379888268156425,928,1856,1.0,y,0.01792466594203577,0.03321402167781606,0.017273427214359215,0.47993569156076354,0.055124801199662114,0.05464790399244884,0.23376891151829587,0.022848963225948062,0.028945414654654625,0.02889742521615704,0.16999242693766403,0.12728402139761938,-0.006927440977560786,0.4749112191840059,0.6878808447268674,0.09579716283415592,0.2951277043499907,0.07992115049999998,0.2,2,842,148,928,557,11,17.0,29,0,11,17.0
main,A375,0.2,mlp,4,0,False,0.0,False,100,842,148,893,57873,"{'emb_dim': 32, 'hidden': 48, 'lr': 0.01, 'weight_decay': 0.001}",6,4,8.355309546459466e-05,0.9269720315933228,300,2,0.14407040051391914,0.12076562301165669,0.75,893,0.025331438233491512,0.03034370930232592,0.17419445829969998,0.12794337644019216,0.1197627172971302,-0.1978676071462664,0.11113737523555756,0.1589326910633854,0.2099220223947943,0.21532438759598324,0.14230543775947893,266,0.2978723404255319,0.650375939849624,893,0.025331438233491512,0.026772153854970056,0.16362198463216995,0.12038596350733337,0.1197627172971302,-0.056874608073920196,0.08335303515195847,0.1589326910633854,0.20992202022093379,0.21532438759598324,0.14230543775947893,266,0.2978723404255319,0.650375939849624,893,0.05446332410588529,0.026772153854970056,0.16362198463216995,0.12038596350733337,0.15261419986002242,0.5084370207936488,0.18767682337010838,0.23311662515342554,0.719081948555577,0.6405738111967996,0.14230543775947893,358,0.4008958566629339,0.8603351955307262,893,1786,3.0,y,0.0167253854962042,0.037970282817194646,0.01831389162035608,0.5176782930870683,0.05446332410588529,0.05434336092292272,0.23311662515342554,0.0225561536303729,0.025331438233491512,0.0252596002886495,0.1589326910633854,0.1197627172971302,-0.008475726803172308,0.5348899713825178,0.7374918399523025,0.09048697321073507,0.26549271234907634,0.084422402,0.2,4,842,148,893,592,7,17.0,27,0,9,17.0
main,A375,0.2,mlp,7,0,False,0.0,False,100,842,148,1003,57873,"{'emb_dim': 32, 'hidden': 48, 'lr': 0.01, 'weight_decay': 0.001}",6,4,6.646143447142094e-05,0.9409201145172119,799,2,0.1512451824270411,0.12030527002094445,0.625,1003,0.025863015341233947,0.02887298789332803,0.1699205340543868,0.12916822270550457,0.11952648105687731,-0.11638134658240018,0.12072039395570755,0.15964161893741202,0.29960910535431695,0.28736887364958585,0.14230543775947893,297,0.29611166500498504,0.6936026936026936,1003,0.025863015341233947,0.024328567456425313,0.15597617592576538,0.11677212792449576,0.11952648105687731,0.05932981381185787,0.07545024156570435,0.15964161893741202,0.2996091053797281,0.28736887364958585,0.14230543775947893,297,0.29611166500498504,0.6936026936026936,1003,0.05029119050290174,0.024328567456425317,0.1559761759257654,0.11677212792449576,0.147940451555334,0.5162459426164989,0.17664624427507328,0.22317674314621583,0.7235708683232845,0.6540652394511483,0.14230543775947893,404,0.40279162512462613,0.8787128712871287,1003,2006,3.0,y,0.012110376602197164,0.03289530031258368,0.017708488116682453,0.4616711825577011,0.05029119050290174,0.04980785868135199,0.22317674314621583,0.023389225118750863,0.025863015341233947,0.02548544649695787,0.15964161893741202,0.11952648105687731,-0.0194311308028144,0.4857346767374361,0.698938012517607,0.09104166500880102,0.2693961673461087,0.090758392,0.2,7,842,148,1003,482,9,16.0,25,0,9,17.0
main,A375,0.2,mlp_ordered,0,0,False,0.0,False,100,842,148,848,18074,"{'emb_dim': 16, 'hidden': 48, 'lr': 0.003, 'weight_decay': 0.001}",6,0,0.9230363965034485,1.6244962215423584,20,2,0.14527153731886688,0.11676507855978567,0.625,848,0.02485080628153793,0.025193123205270052,0.15872341731852313,0.11679428905964283,0.11515206204373657,-0.013774881983866782,0.02287004329264164,0.15756753900621395,0.024807542397572165,0.007784560686572337,0.14230543775947893,244,0.28773584905660377,0.5081967213114754,848,0.02485080628153793,0.02494215732041329,0.1579308624696683,0.11575209623543792,0.11515206204373657,-0.003675978873298069,0.014293777756392956,0.15756753900621395,0.024807542486118942,0.007784560686572337,0.14230543775947893,244,0.28773584905660377,0.5081967213114754,848,0.04848384410180696,0.02494215732041329,0.1579308624696683,0.11575209623543792,0.13519859591981132,0.48555734838105147,0.15462356324808052,0.2200987637388758,0.6968615013254221,0.5963486900700896,0.14230543775947893,289,0.3408018867924528,0.8615916955017301,848,1696,1.0,y,0.01478087137649345,0.029922842164033788,0.016093344833551418,0.46217191718188266,0.04848384410180696,0.04844346579938147,0.2200987637388758,0.02258965422902684,0.02485080628153793,0.024827529348474757,0.15756753900621395,0.11515206204373657,-0.004824617400704398,0.4874415025888642,0.6983813548898913,0.0827485866563846,0.2604045782662119,0.057751599,0.2,0,842,148,848,637,9,17.0,30,0,9,17.0
main,A375,0.2,mlp_ordered,1,0,False,0.0,False,100,842,148,929,58074,"{'emb_dim': 32, 'hidden': 48, 'lr': 0.01, 'weight_decay': 0.001}",6,4,0.00048058960237540305,1.9479221105575562,799,2,0.14392532877035177,0.11664886831830458,0.875,929,0.027694058339366365,0.026297308581266995,0.16216444919052694,0.12265055909316366,0.1267477310647091,0.05043499731904333,0.11533217132091522,0.16635579998386837,0.3830274741445668,0.36940731299338697,0.14230543775947893,316,0.3401506996770721,0.7183544303797469,929,0.027694058339366365,0.025017049029141574,0.15816778758376046,0.11906182529613446,0.1267477310647091,0.09666366978145247,0.10091564804315567,0.16635579998386837,0.38302747526045927,0.36940731299338697,0.14230543775947893,316,0.3401506996770721,0.7183544303797469,929,0.05142657608939356,0.025017049029141574,0.15816778758376046,0.11906182529613446,0.14835670026910655,0.5135385061285229,0.1888388134381424,0.2252608861678265,0.7217640982797999,0.6304646892672279,0.14230543775947893,359,0.38643702906350913,0.8857938718662952,929,1858,1.0,y,0.018804648869006995,0.036890133283186875,0.01902659827871923,0.48423611992231996,0.05142657608939356,0.05074246683711448,0.2252608861678265,0.02537540420499181,0.027694058339366365,0.027674252188272817,0.16635579998386837,0.1267477310647091,-0.004450410216322495,0.46148352767591483,0.6747447724716504,0.09692264251902394,0.27468924878375284,0.08287033199999999,0.2,1,842,148,929,556,7,16.0,33,0,7,17.0
main,A375,0.4,zero,0,0,False,0.0,False,100,1683,297,848,0,{},1,0,1.0,1.132972002029419,0,1,0.14915357117503483,0.11930853174675526,0.0,848,0.024400514487496507,0.024400514487496507,0.1562066403437975,0.11150423441863647,0.11150423441863647,0.0,0.0,0.15620465812897316,,,0.14230543775947893,236,0.2783018867924528,,848,0.024400514487496507,0.024400514487496507,0.1562066403437975,0.11150423441863647,0.11150423441863647,0.0,0.0,0.15620465812897316,,,0.14230543775947893,236,0.2783018867924528,,848,0.04848384410180696,0.024400514487496507,0.1562066403437975,0.11150423441863647,0.13519859591981132,0.49672896323443305,0.14345237416346893,0.2200987637388758,0.7066350802876813,0.6193225160307815,0.14230543775947893,289,0.3408018867924528,0.8788927335640139,848,1696,3.0,y,0.0164083214268337,0.029922842164033788,0.015658680226982916,0.4766980976892595,0.04848384410180696,0.04844346579938147,0.2200987637388758,0.020609580237470712,0.024400514487496507,0.024399895221189377,0.15620465812897316,0.11150423441863647,-0.0007869347540493577,0.49672896323443305,0.7066350802876816,0.07831307162927635,0.2540966041651703,0.057751599,0.4,0,1683,297,848,637,22,33.0,52,0,22,33.0
main,A375,0.4,zero,1,0,False,0.0,False,100,1683,297,929,0,{},1,0,1.0,1.2543680667877197,0,1,0.1496299210407969,0.1200643890643112,0.0,929,0.025580994441996387,0.025580994441996387,0.15994059660385285,0.12242100873838706,0.12242100873838706,0.0,0.0,0.15990873463102004,,,0.14230543775947893,300,0.32292787944025836,,929,0.025580994441996387,0.025580994441996387,0.15994059660385285,0.12242100873838706,0.12242100873838706,0.0,0.0,0.15990873463102004,,,0.14230543775947893,300,0.32292787944025836,,929,0.05142657608939356,0.025580994441996387,0.15994059660385285,0.12242100873838706,0.14835670026910655,0.5025724754156378,0.14907629736386063,0.2252608861678265,0.7056865906479189,0.6212735026719078,0.14230543775947893,359,0.38643702906350913,0.8579387186629527,929,1858,3.0,y,0.017041094247076248,0.036890133283186875,0.017002588937344937,0.5391019922095518,0.05142657608939356,0.05074246683711448,0.2252608861678265,0.02275104836677397,0.025580994441996387,0.025570803411293988,0.15990873463102004,0.12242100873838706,-0.0031923393776976477,0.5025724754156378,0.7056865906479188,0.09669989348883953,0.27029100506967046,0.08287033199999999,0.4,1,1683,297,929,556,24,34.0,45,0,24,34.0
main,A375,0.4,zero,2,0,False,0.0,False,100,1683,297,928,0,{},1,0,1.0,1.1287171840667725,0,1,0.1470028170617746,0.12047885913675303,0.0,928,0.027538001459536565,0.027538001459536565,0.16594577867344673,0.12465346124933213,0.12465346124933213,0.0,0.0,0.16589243929512598,,,0.14230543775947893,297,0.32004310344827586,,928,0.027538001459536565,0.027538001459536565,0.16594577867344673,0.12465346124933213,0.12465346124933213,0.0,0.0,0.16589243929512598,,,0.14230543775947893,297,0.32004310344827586,,928,0.055124801199662114,0.027538001459536565,0.16594577867344673,0.12465346124933213,0.15148584803556037,0.5004426163861547,0.1516456679321448,0.23376891151829587,0.7069668654982629,0.6262114149954191,0.14230543775947893,358,0.3857758620689655,0.8631284916201117,928,1856,3.0,y,0.016247277930105834,0.03321402167781606,0.016053919313284964,0.5166523503533593,0.055124801199662114,0.05464790399244884,0.23376891151829587,0.023307254917505717,0.027538001459536565,0.027520301415287055,0.16589243929512598,0.12465346124933213,-0.004207142052452055,0.5004426163861547,0.7069668654982635,0.09479257161281837,0.2873251590928366,0.07992115049999998,0.4,2,1683,297,928,557,23,33.0,45,0,23,33.0
main,A375,0.4,zero,3,0,False,0.0,False,100,1683,297,999,0,{},1,0,1.0,1.2384165525436401,0,1,0.14797695369655983,0.1207603293734813,0.0,999,0.024343443103942146,0.024343443103942146,0.15602385427857546,0.11746361825017271,0.11746361825017271,0.0,0.0,0.15591803334135568,,,0.14230543775947893,311,0.3113113113113113,,999,0.024343443103942146,0.024343443103942146,0.15602385427857546,0.11746361825017271,0.11746361825017271,0.0,0.0,0.15591803334135568,,,0.14230543775947893,311,0.3113113113113113,,999,0.045494754343491976,0.024343443103942146,0.15602385427857546,0.11746361825017271,0.1429069186936937,0.46491758324167154,0.13708728703158993,0.21202409330184552,0.6784037733133054,0.6130726919304073,0.14230543775947893,389,0.3893893893893894,0.8586118251928021,999,1998,3.0,y,0.01633511224545844,0.029658900279592133,0.015278981404098344,0.48484329290484196,0.045494754343491976,0.0449542161404697,0.21202409330184552,0.019099315891953666,0.024343443103942146,0.0243104331210361,0.15591803334135568,0.11746361825017271,-0.005745431481276977,0.46491758324167154,0.6784037733133054,0.08897657923129043,0.2571376006082003,0.086955518,0.4,3,1683,297,999,486,24,33.5,44,0,24,33.0
main,A375,0.4,zero,4,0,False,0.0,False,100,1683,297,893,0,{},1,0,1.0,1.019853115081787,0,1,0.14947798299182996,0.12032060750019778,0.0,893,0.02489742640679801,0.02489742640679801,0.15778918342775594,0.11838217234469574,0.11838217234469574,0.0,0.0,0.15744259860712684,,,0.14230543775947893,280,0.3135498320268757,,893,0.02489742640679801,0.02489742640679801,0.15778918342775594,0.11838217234469574,0.11838217234469574,0.0,0.0,0.15744259860712684,,,0.14230543775947893,280,0.3135498320268757,,893,0.05446332410588529,0.02489742640679801,0.15778918342775594,0.11838217234469574,0.15261419986002242,0.5428588538152117,0.15633789228177566,0.23311662515342554,0.7407982189457243,0.6767029208393139,0.14230543775947893,358,0.4008958566629339,0.8854748603351955,893,1786,3.0,y,0.016959662020813383,0.037970282817194646,0.017489079170095175,0.5394008716159644,0.05446332410588529,0.05434336092292272,0.23311662515342554,0.024441786843583516,0.02489742640679801,0.02478817185616486,0.15744259860712684,0.11838217234469574,-0.01045249016422166,0.5428588538152117,0.7407982189457241,0.08874994579847115,0.2567022501246209,0.084422402,0.4,4,1683,297,893,592,24,33.0,49,0,25,33.0
main,A375,0.4,zero,5,0,False,0.0,False,100,1683,297,1000,0,{},1,0,1.0000001192092896,1.251566767692566,0,1,0.15107282564307936,0.1244081958844298,0.0,1000,0.02590229375319312,0.02590229375319312,0.1609418955809615,0.12261007978840056,0.12261007978840056,0.0,0.0,0.16094104591812394,,,0.14230543775947893,323,0.323,,1000,0.02590229375319312,0.02590229375319312,0.1609418955809615,0.12261007978840056,0.12261007978840056,0.0,0.0,0.16094104591812394,,,0.14230543775947893,323,0.323,,1000,0.05207121989867977,0.02590229375319312,0.1609418955809615,0.12261007978840056,0.151636287456,0.5025602664275232,0.16249148995004398,0.22763419355102732,0.7072282116220571,0.663827607827608,0.14230543775947893,404,0.404,0.8465346534653465,1000,2000,0.01,y,0.017875191311723312,0.035675814011341365,0.01671267300135232,0.53154052781979,0.05207121989867977,0.051817326073626574,0.22763419355102732,0.026640985739105862,0.02590229375319312,0.025902020261219676,0.16094104591812394,0.12261007978840056,-0.0005229646005636308,0.5025602664275232,0.7072282116220571,0.09346180729447534,0.28125236760307354,0.08435475749999999,0.4,5,1683,297,1000,485,25,34.0,47,0,25,34.0
main,A375,0.4,zero,6,0,False,0.0,False,100,1683,297,949,0,{},1,0,1.0,1.3123503923416138,0,1,0.14432949349672114,0.11661605750453173,0.0,949,0.025725993847599996,0.025725993847599996,0.16039324751248102,0.12161887686294423,0.12161887686294423,0.0,0.0,0.1602500109871823,,,0.14230543775947893,305,0.321390937829294,,949,0.025725993847599996,0.025725993847599996,0.16039324751248102,0.12161887686294423,0.12161887686294423,0.0,0.0,0.1602500109871823,,,0.14230543775947893,305,0.321390937829294,,949,0.05090425915565487,0.025725993847599996,0.16039324751248102,0.12161887686294423,0.1458528073667018,0.49462001266072575,0.1719539720660455,0.22561830227374263,0.7061523445142086,0.6385651013128586,0.14230543775947893,357,0.3761854583772392,0.8515406162464986,949,1898,0.3,y,0.016621083185193272,0.033398175481822466,0.016747790051506846,0.49854176733031064,0.05090425915565487,0.050903618320885906,0.22561830227374263,0.029603886889552525,0.025725993847599996,0.025680066021392046,0.1602500109871823,0.12161887686294423,0.0067770071718972575,0.49462001266072575,0.7061523445142084,0.09151435195785662,0.2713839462876254,0.08122505299999999,0.4,6,1683,297,949,536,21,33.5,46,0,21,33.0
main,A375,0.4,zero,7,0,False,0.0,False,100,1683,297,1003,0,{},1,0,1.0,1.2229849100112915,0,1,0.14992895765301748,0.11855993251167941,0.0,1003,0.024667204830606148,0.024667204830606148,0.15705796646654427,0.1184376797011508,0.1184376797011508,0.0,0.0,0.15656199144713984,,,0.14230543775947893,312,0.31106679960119643,,1003,0.024667204830606148,0.024667204830606148,0.15705796646654427,0.1184376797011508,0.1184376797011508,0.0,0.0,0.15656199144713984,,,0.14230543775947893,312,0.31106679960119643,,1003,0.05029119050290174,0.024667204830606148,0.15705796646654427,0.1184376797011508,0.147940451555334,0.5095124099481623,0.16432124443334048,0.22317674314621583,0.7130331442375415,0.6347831520349371,0.14230543775947893,404,0.40279162512462613,0.8688118811881188,1003,2006,1.0,y,0.016494152072132656,0.03289530031258368,0.016773089649027743,0.4901068088862708,0.05029119050290174,0.04980785868135199,0.22317674314621583,0.027091967284147124,0.024667204830606148,0.024511657165894287,0.15656199144713984,0.1184376797011508,-0.012471874947731713,0.5095124099481623,0.7130331442375414,0.08907252660794462,0.25947017945969747,0.090758392,0.4,7,1683,297,1003,482,21,34.0,44,0,21,34.0
main,A375,0.4,potential,0,0,False,0.0,False,100,1683,297,848,100,"{'lr': 0.03, 'weight_decay': 0.001}",4,3,0.9920850992202759,1.1264784336090088,20,2,0.14915357117503483,0.11930853174675526,0.75,848,0.024400514487496507,0.024167445268640536,0.15545882177811762,0.1121270845479468,0.11150423441863647,0.009551815760909577,0.014305787160992622,0.15620465812897316,0.09783713525960985,-0.06986286295512972,0.14230543775947893,236,0.2783018867924528,0.5127118644067796,848,0.024400514487496507,0.02418731051877342,0.1555227009756885,0.11192644008960194,0.11150423441863647,0.008737683331732082,0.010729340836405754,0.15620465812897316,0.0978371345883307,-0.06986286295512972,0.14230543775947893,236,0.2783018867924528,0.5127118644067796,848,0.04848384410180696,0.02418731051877342,0.1555227009756885,0.11192644008960194,0.13519859591981132,0.5011263861837231,0.15370855834684222,0.2200987637388758,0.7076738407270833,0.6198768623142369,0.14230543775947893,289,0.3408018867924528,0.8788927335640139,848,1696,3.0,y,0.0164083214268337,0.029922842164033788,0.015658680226982916,0.4766980976892595,0.04848384410180696,0.04844346579938147,0.2200987637388758,0.020609580237470712,0.024400514487496507,0.024399895221189377,0.15620465812897316,0.11150423441863647,-0.0007869347540493577,0.49672896323443305,0.7066350802876816,0.07831307162927635,0.2540966041651703,0.057751599,0.4,0,1683,297,848,637,22,33.0,52,0,22,33.0
main,A375,0.2,mlp_ordered,2,0,False,0.0,False,100,842,148,928,18074,"{'emb_dim': 16, 'hidden': 48, 'lr': 0.03, 'weight_decay': 0.01}",6,2,0.9966585636138916,1.8024122714996338,10,2,0.14457831102392657,0.11813674189143604,1.0,928,0.028945414654654625,0.028758786845885558,0.16958415859355955,0.12699633318246664,0.12728402139761938,0.006447577655933068,0.006752900779247284,0.16999242693766403,0.09849832009701195,0.016240750944560744,0.14230543775947893,301,0.32435344827586204,0.5348837209302325,928,0.028945414654654625,0.028758786845885558,0.16958415859355955,0.12699633318246664,0.12728402139761938,0.006447577655933068,0.006752900779247284,0.16999242693766403,0.09849832009701195,0.016240750944560744,0.14230543775947893,301,0.32435344827586204,0.5348837209302325,928,0.055124801199662114,0.028758786845885558,0.16958415859355955,0.12699633318246664,0.15148584803556037,0.47829676987457626,0.1563748909757536,0.23376891151829587,0.6891439454345814,0.6051350644083937,0.14230543775947893,358,0.3857758620689655,0.8435754189944135,928,1856,1.0,y,0.01792466594203577,0.03321402167781606,0.017273427214359215,0.47993569156076354,0.055124801199662114,0.05464790399244884,0.23376891151829587,0.022848963225948062,0.028945414654654625,0.02889742521615704,0.16999242693766403,0.12728402139761938,-0.006927440977560786,0.4749112191840059,0.6878808447268674,0.09579716283415592,0.2951277043499907,0.07992115049999998,0.2,2,842,148,928,557,11,17.0,29,0,11,17.0
main,A375,0.4,potential,1,0,False,0.0,False,100,1683,297,929,100,"{'lr': 0.03, 'weight_decay': 0.001}",4,3,0.996683657169342,1.2505322694778442,0,2,0.1496299210407969,0.1200643890643112,1.0,929,0.025580994441996387,0.02552990652597189,0.1597808077522826,0.12292275763335259,0.12242100873838706,0.0019971043792037513,0.0057825203984975815,0.15990873463102004,0.04365953070132264,-0.00939681813664507,0.14230543775947893,300,0.32292787944025836,0.53,929,0.025580994441996387,0.02552990652597189,0.1597808077522826,0.12292275763335259,0.12242100873838706,0.0019971043792037513,0.0057825203984975815,0.15990873463102004,0.04365953070132264,-0.00939681813664507,0.14230543775947893,300,0.32292787944025836,0.53,929,0.05142657608939356,0.02552990652597189,0.1597808077522826,0.12292275763335259,0.14835670026910655,0.5035658901033218,0.15301058996825417,0.2252608861678265,0.7054687600583363,0.6224577062661418,0.14230543775947893,359,0.38643702906350913,0.8607242339832869,929,1858,3.0,y,0.017041094247076248,0.036890133283186875,0.017002588937344937,0.5391019922095518,0.05142657608939356,0.05074246683711448,0.2252608861678265,0.02275104836677397,0.025580994441996387,0.025570803411293988,0.15990873463102004,0.12242100873838706,-0.0031923393776976477,0.5025724754156378,0.7056865906479188,0.09669989348883953,0.27029100506967046,0.08287033199999999,0.4,1,1683,297,929,556,24,34.0,45,0,24,34.0
main,A375,0.2,mlp_ordered,3,0,False,0.0,False,100,842,148,999,3570,"{'emb_dim': 8, 'hidden': 24, 'lr': 0.01, 'weight_decay': 0.001}",6,5,0.9993126392364502,1.7345867156982422,0,2,0.1400691100577839,0.1150586072459561,1.0,999,0.02534996938999636,0.02537275480602129,0.15928827579587046,0.12087559957433133,0.12060958135840887,-0.000898834064624987,0.0027304047252982855,0.15921496297513307,-0.017276684309501182,-0.04574152509222649,0.14230543775947893,321,0.3213213213213213,0.5202492211838006,999,0.02534996938999636,0.02537275480602129,0.15928827579587046,0.12087559957433133,0.12060958135840887,-0.000898834064624987,0.0027304047252982855,0.15921496297513307,-0.017276684309501182,-0.04574152509222649,0.14230543775947893,321,0.3213213213213213,0.5202492211838006,999,0.045494754343491976,0.02537275480602129,0.15928827579587046,0.12087559957433133,0.1429069186936937,0.4422927396320613,0.14325255654052124,0.21202409330184552,0.6601856774539285,0.6083216643497203,0.14230543775947893,389,0.3893893893893894,0.8611825192802056,999,1998,1.0,y,0.014195843558666819,0.029658900279592133,0.015726208624406546,0.46976427055093717,0.045494754343491976,0.0449542161404697,0.21202409330184552,0.02076745004223256,0.02534996938999636,0.025349404435172994,0.15921496297513307,0.12060958135840887,0.0007516347672679343,0.44279357574720757,0.6604551111391339,0.09529737028684336,0.257966474970209,0.086955518,0.2,3,842,148,999,486,8,17.0,26,0,9,17.0
main,A375,0.4,potential,2,0,False,0.0,False,100,1683,297,928,100,"{'lr': 0.003, 'weight_decay': 0.0001}",4,0,1.0000355243682861,1.1269025802612305,0,2,0.1470028170617746,0.12047885913675303,1.0,928,0.027538001459536565,0.027573883359030913,0.1660538568026377,0.12477564522612332,0.12465346124933213,-0.0013029957728440955,0.002143598860129714,0.16589243929512598,-0.04269429359561463,-0.055422678995657414,0.14230543775947893,297,0.32004310344827586,0.4781144781144781,928,0.027538001459536565,0.027573883359030913,0.1660538568026377,0.12477564522612332,0.12465346124933213,-0.0013029957728440955,0.002143598860129714,0.16589243929512598,-0.04269429359561463,-0.055422678995657414,0.14230543775947893,297,0.32004310344827586,0.4781144781144781,928,0.055124801199662114,0.027573883359030913,0.1660538568026377,0.12477564522612332,0.15148584803556037,0.49979169522701283,0.1518473504013371,0.23376891151829587,0.7063976172883425,0.6258965413935209,0.14230543775947893,358,0.3857758620689655,0.8631284916201117,928,1856,3.0,y,0.016247277930105834,0.03321402167781606,0.016053919313284964,0.5166523503533593,0.055124801199662114,0.05464790399244884,0.23376891151829587,0.023307254917505717,0.027538001459536565,0.027520301415287055,0.16589243929512598,0.12465346124933213,-0.004207142052452055,0.5004426163861547,0.7069668654982635,0.09479257161281837,0.2873251590928366,0.07992115049999998,0.4,2,1683,297,928,557,23,33.0,45,0,23,33.0
main,A375,0.4,potential,3,0,False,0.0,False,100,1683,297,999,100,"{'lr': 0.003, 'weight_decay': 0.0001}",4,0,1.0000797510147095,1.2364333868026733,0,2,0.14797695369655983,0.1207603293734813,1.0,999,0.024343443103942146,0.024352694541820465,0.15605349897333434,0.11756025184434951,0.11746361825017271,-0.00038003818271792333,0.0020767527166754007,0.15591803334135568,-0.004016736851529867,-0.026488689089891493,0.14230543775947893,311,0.3113113113113113,0.5016077170418006,999,0.024343443103942146,0.024352694541820465,0.15605349897333434,0.11756025184434951,0.11746361825017271,-0.00038003818271792333,0.0020767527166754007,0.15591803334135568,-0.004016736851529867,-0.026488689089891493,0.14230543775947893,311,0.3113113113113113,0.5016077170418006,999,0.045494754343491976,0.024352694541820465,0.15605349897333434,0.11756025184434951,0.1429069186936937,0.46471423149240243,0.13741787183034912,0.21202409330184552,0.6782104000123014,0.6127800706518141,0.14230543775947893,389,0.3893893893893894,0.8560411311053985,999,1998,3.0,y,0.01633511224545844,0.029658900279592133,0.015278981404098344,0.48484329290484196,0.045494754343491976,0.0449542161404697,0.21202409330184552,0.019099315891953666,0.024343443103942146,0.0243104331210361,0.15591803334135568,0.11746361825017271,-0.005745431481276977,0.46491758324167154,0.6784037733133054,0.08897657923129043,0.2571376006082003,0.086955518,0.4,3,1683,297,999,486,24,33.5,44,0,24,33.0
main,A375,0.2,mlp_ordered,4,0,False,0.0,False,100,842,148,893,58074,"{'emb_dim': 32, 'hidden': 48, 'lr': 0.01, 'weight_decay': 0.001}",6,4,0.002913560252636671,1.4541288614273071,210,2,0.14407040051391914,0.12076562301165669,0.625,893,0.025331438233491512,0.02963628741579909,0.17215193119973732,0.12645035844240676,0.1197627172971302,-0.16994096989787177,0.1179012730717659,0.1589326910633854,0.2570121900399099,0.2799883532163009,0.14230543775947893,266,0.2978723404255319,0.6804511278195489,893,0.025331438233491512,0.024763131410856825,0.15736305605464335,0.1164479010238987,0.1197627172971302,0.022434842325032678,0.07368829101324081,0.1589326910633854,0.2570121908158013,0.2799883532163009,0.14230543775947893,266,0.2978723404255319,0.6804511278195489,893,0.05446332410588529,0.024763131410856825,0.15736305605464335,0.1164479010238987,0.15261419986002242,0.5453246415383425,0.18049957313658602,0.23311662515342554,0.7397534283613723,0.6677447249334559,0.14230543775947893,358,0.4008958566629339,0.88268156424581,893,1786,3.0,y,0.0167253854962042,0.037970282817194646,0.01831389162035608,0.5176782930870683,0.05446332410588529,0.05434336092292272,0.23311662515342554,0.0225561536303729,0.025331438233491512,0.0252596002886495,0.1589326910633854,0.1197627172971302,-0.008475726803172308,0.5348899713825178,0.7374918399523025,0.09048697321073507,0.26549271234907634,0.084422402,0.2,4,842,148,893,592,7,17.0,27,0,9,17.0
main,A375,0.4,potential,4,0,False,0.0,False,100,1683,297,893,100,"{'lr': 0.03, 'weight_decay': 0.001}",4,3,0.9921937584877014,1.0140961408615112,15,2,0.14947798299182996,0.12032060750019778,0.75,893,0.02489742640679801,0.0246327477394411,0.1569482326738377,0.1187186879274435,0.11838217234469574,0.010630764121252412,0.01448928564786911,0.15744259860712684,0.10337354984706944,-0.017844639967004264,0.14230543775947893,280,0.3135498320268757,0.5464285714285714,893,0.02489742640679801,0.024659549915116614,0.157033594861471,0.11854958968333994,0.11838217234469574,0.00955426025946382,0.010866964235901833,0.15744259860712684,0.10337354797169669,-0.017844639967004264,0.14230543775947893,280,0.3135498320268757,0.5464285714285714,893,0.05446332410588529,0.024659549915116614,0.157033594861471,0.11854958968333994,0.15261419986002242,0.5472264993011708,0.16682239579034322,0.23311662515342554,0.7408319674296697,0.6767419142091265,0.14230543775947893,358,0.4008958566629339,0.8854748603351955,893,1786,3.0,y,0.016959662020813383,0.037970282817194646,0.017489079170095175,0.5394008716159644,0.05446332410588529,0.05434336092292272,0.23311662515342554,0.024441786843583516,0.02489742640679801,0.02478817185616486,0.15744259860712684,0.11838217234469574,-0.01045249016422166,0.5428588538152117,0.7407982189457241,0.08874994579847115,0.2567022501246209,0.084422402,0.4,4,1683,297,893,592,24,33.0,49,0,25,33.0
main,A375,0.4,potential,5,0,False,0.0,False,100,1683,297,1000,100,"{'lr': 0.03, 'weight_decay': 0.001}",4,3,1.0011260509490967,1.2438089847564697,0,2,0.15107282564307936,0.1244081958844298,1.0,1000,0.02590229375319312,0.025848474074829802,0.16077460643655703,0.12249056192315481,0.12261007978840056,0.002077795846040953,0.004815457388758659,0.16094104591812394,0.04985233648960996,0.04174993774993775,0.14230543775947893,323,0.323,0.5046439628482973,1000,0.02590229375319312,0.025848474074829802,0.16077460643655703,0.12249056192315481,0.12261007978840056,0.002077795846040953,0.004815457388758659,0.16094104591812394,0.04985233648960996,0.04174993774993775,0.14230543775947893,323,0.323,0.5046439628482973,1000,0.05207121989867977,0.025848474074829802,0.16077460643655703,0.12249056192315481,0.151636287456,0.5035938446395958,0.16362925099396947,0.22763419355102732,0.7080174659428946,0.6637563397563399,0.14230543775947893,404,0.404,0.849009900990099,1000,2000,0.01,y,0.017875191311723312,0.035675814011341365,0.01671267300135232,0.53154052781979,0.05207121989867977,0.051817326073626574,0.22763419355102732,0.026640985739105862,0.02590229375319312,0.025902020261219676,0.16094104591812394,0.12261007978840056,-0.0005229646005636308,0.5025602664275232,0.7072282116220571,0.09346180729447534,0.28125236760307354,0.08435475749999999,0.4,5,1683,297,1000,485,25,34.0,47,0,25,34.0
main,A375,0.4,potential,6,0,False,0.0,False,100,1683,297,949,100,"{'lr': 0.003, 'weight_decay': 0.0001}",4,0,1.0001697540283203,1.3100041151046753,0,2,0.14432949349672114,0.11661605750453173,1.0,949,0.025725993847599996,0.02575469445764619,0.16048269208125276,0.12170326979355246,0.12161887686294423,-0.001115626872035147,0.0018674723105505109,0.1602500109871823,-0.046403148828014835,-0.04225638123934237,0.14230543775947893,305,0.321390937829294,0.46229508196721314,949,0.025725993847599996,0.02575469445764619,0.16048269208125276,0.12170326979355246,0.12161887686294423,-0.001115626872035147,0.0018674723105505109,0.1602500109871823,-0.046403148828014835,-0.04225638123934237,0.14230543775947893,305,0.321390937829294,0.46229508196721314,949,0.05090425915565487,0.02575469445764619,0.16048269208125276,0.12170326979355246,0.1458528073667018,0.49405619716626126,0.17199631678364977,0.22561830227374263,0.7057633635874239,0.6379183951127769,0.14230543775947893,357,0.3761854583772392,0.8543417366946778,949,1898,0.3,y,0.016621083185193272,0.033398175481822466,0.016747790051506846,0.49854176733031064,0.05090425915565487,0.050903618320885906,0.22561830227374263,0.029603886889552525,0.025725993847599996,0.025680066021392046,0.1602500109871823,0.12161887686294423,0.0067770071718972575,0.49462001266072575,0.7061523445142084,0.09151435195785662,0.2713839462876254,0.08122505299999999,0.4,6,1683,297,949,536,21,33.5,46,0,21,33.0
main,A375,0.4,potential,7,0,False,0.0,False,100,1683,297,1003,100,"{'lr': 0.03, 'weight_decay': 0.001}",4,3,0.9991705417633057,1.2189466953277588,5,2,0.14992895765301748,0.11855993251167941,1.0,1003,0.024667204830606148,0.024762147488006547,0.15735992974072702,0.1187449065175644,0.1184376797011508,-0.0038489426772261304,0.007004754152148962,0.15656199144713984,-0.023840272586758467,-0.08270858631491551,0.14230543775947893,312,0.31106679960119643,0.4551282051282051,1003,0.024667204830606148,0.024762147488006547,0.15735992974072702,0.1187449065175644,0.1184376797011508,-0.0038489426772261304,0.007004754152148962,0.15656199144713984,-0.023840272586758467,-0.08270858631491551,0.14230543775947893,312,0.31106679960119643,0.4551282051282051,1003,0.05029119050290174,0.024762147488006547,0.15735992974072702,0.1187449065175644,0.147940451555334,0.5076245513301618,0.17060531543996782,0.22317674314621583,0.7130770928060188,0.6345901698963514,0.14230543775947893,404,0.40279162512462613,0.8638613861386139,1003,2006,1.0,y,0.016494152072132656,0.03289530031258368,0.016773089649027743,0.4901068088862708,0.05029119050290174,0.04980785868135199,0.22317674314621583,0.027091967284147124,0.024667204830606148,0.024511657165894287,0.15656199144713984,0.1184376797011508,-0.012471874947731713,0.5095124099481623,0.7130331442375414,0.08907252660794462,0.25947017945969747,0.090758392,0.4,7,1683,297,1003,482,21,34.0,44,0,21,34.0
main,A375,0.2,mlp_ordered,5,0,False,0.0,False,100,842,148,1000,3570,"{'emb_dim': 8, 'hidden': 24, 'lr': 0.01, 'weight_decay': 0.001}",6,5,0.37265437841415405,2.1754238605499268,50,2,0.14484166647855737,0.11623158830040602,0.5,1000,0.027362498332970338,0.03435600634225652,0.1853537330140845,0.1402630667567497,0.12610820198910544,-0.25558733432098135,0.10555645823478699,0.1653546757744972,0.11826201618638849,0.10704059904059905,0.14230543775947893,347,0.347,0.5706051873198847,1000,0.027362498332970338,0.028068285674805255,0.1675359235352384,0.12796740569599874,0.12610820198910544,-0.02579396564035541,0.052778229117393494,0.1653546757744972,0.11826201618638849,0.10704059904059905,0.14230543775947893,347,0.347,0.5706051873198847,1000,0.05207121989867977,0.028068285674805255,0.1675359235352384,0.12796740569599874,0.151636287456,0.46096354705304476,0.17980217662653605,0.22763419355102732,0.685118676633321,0.6242972162972164,0.14230543775947893,404,0.404,0.8514851485148515,1000,2000,0.3,y,0.019043736883020492,0.035675814011341365,0.017967742970546017,0.49636067267213413,0.05207121989867977,0.051817326073626574,0.22763419355102732,0.029311711562194132,0.027362498332970338,0.02734216880048909,0.1653546757744972,0.12610820198910544,0.004508828282519771,0.47451781644040003,0.6896343607254629,0.09675491003534026,0.2745778350432263,0.08435475749999999,0.2,5,842,148,1000,485,10,17.0,25,0,10,17.0
main,A375,0.4,lowrank,0,0,False,0.0,False,100,1683,297,848,864,"{'rank': 8, 'lr': 0.03, 'weight_decay': 0.01}",6,4,0.41378411650657654,0.9325695037841797,105,2,0.14915357117503483,0.11930853174675526,0.75,848,0.024400514487496507,0.01876329599451258,0.1369791808798424,0.09884837540276456,0.11150423441863647,0.2310286734270539,0.09284170717000961,0.15620465812897316,0.4915270461872112,0.4679886175804086,0.14230543775947893,236,0.2783018867924528,0.7754237288135594,848,0.024400514487496507,0.01855642286697417,0.13622196176451934,0.09762321223044614,0.11150423441863647,0.2395069015252531,0.06963128596544266,0.15620465812897316,0.4915270464312722,0.4679886175804086,0.14230543775947893,236,0.2783018867924528,0.7754237288135594,848,0.04848384410180696,0.01855642286697417,0.13622196176451934,0.09762321223044614,0.13519859591981132,0.6172658498775557,0.1627171820725674,0.2200987637388758,0.7869071608766294,0.704192361348293,0.14230543775947893,289,0.3408018867924528,0.9273356401384083,848,1696,3.0,y,0.0164083214268337,0.029922842164033788,0.015658680226982916,0.4766980976892595,0.04848384410180696,0.04844346579938147,0.2200987637388758,0.020609580237470712,0.024400514487496507,0.024399895221189377,0.15620465812897316,0.11150423441863647,-0.0007869347540493577,0.49672896323443305,0.7066350802876816,0.07831307162927635,0.2540966041651703,0.057751599,0.4,0,1683,297,848,637,22,33.0,52,0,22,33.0
main,A375,0.4,lowrank,1,0,False,0.0,False,100,1683,297,929,864,"{'rank': 8, 'lr': 0.03, 'weight_decay': 0.01}",6,4,0.3977673351764679,0.8945460319519043,65,2,0.1496299210407969,0.1200643890643112,1.0,929,0.025580994441996387,0.0180789174533989,0.1344578649741208,0.09859050982817408,0.12242100873838706,0.29326760558930054,0.09872196614742279,0.15990873463102004,0.54600177765965,0.5564286834672181,0.14230543775947893,300,0.32292787944025836,0.7966666666666666,929,0.025580994441996387,0.0180789174533989,0.1344578649741208,0.09859050982817408,0.12242100873838706,0.29326760558930054,0.09872196614742279,0.15990873463102004,0.54600177765965,0.5564286834672181,0.14230543775947893,300,0.32292787944025836,0.7966666666666666,929,0.05142657608939356,0.0180789174533989,0.1344578649741208,0.09859050982817408,0.14835670026910655,0.6484518545047067,0.18223151569528467,0.2252608861678265,0.8023565242760675,0.7081219893889994,0.14230543775947893,359,0.38643702906350913,0.9025069637883009,929,1858,3.0,y,0.017041094247076248,0.036890133283186875,0.017002588937344937,0.5391019922095518,0.05142657608939356,0.05074246683711448,0.2252608861678265,0.02275104836677397,0.025580994441996387,0.025570803411293988,0.15990873463102004,0.12242100873838706,-0.0031923393776976477,0.5025724754156378,0.7056865906479188,0.09669989348883953,0.27029100506967046,0.08287033199999999,0.4,1,1683,297,929,556,24,34.0,45,0,24,34.0
main,A375,0.4,lowrank,2,0,False,0.0,False,100,1683,297,928,864,"{'rank': 8, 'lr': 0.03, 'weight_decay': 0.01}",6,4,0.41313859820365906,0.888436496257782,60,2,0.1470028170617746,0.12047885913675303,0.875,928,0.027538001459536565,0.020249404634740006,0.1423004027919106,0.10473674383262445,0.12465346124933213,0.26467413895326364,0.09486940503120422,0.16589243929512598,0.5169699565202188,0.5426225640615374,0.14230543775947893,297,0.32004310344827586,0.8047138047138047,928,0.027538001459536565,0.020175012216055374,0.14203877011596297,0.10450501502477193,0.12465346124933213,0.26737558476420753,0.08301074057817459,0.16589243929512598,0.516969957250475,0.5426225640615374,0.14230543775947893,297,0.32004310344827586,0.8047138047138047,928,0.055124801199662114,0.020175012216055374,0.14203877011596297,0.10450501502477196,0.15148584803556037,0.6340120639531841,0.17649694443850397,0.23376891151829587,0.7952862854867617,0.722820732323023,0.14230543775947893,358,0.3857758620689655,0.9050279329608939,928,1856,3.0,y,0.016247277930105834,0.03321402167781606,0.016053919313284964,0.5166523503533593,0.055124801199662114,0.05464790399244884,0.23376891151829587,0.023307254917505717,0.027538001459536565,0.027520301415287055,0.16589243929512598,0.12465346124933213,-0.004207142052452055,0.5004426163861547,0.7069668654982635,0.09479257161281837,0.2873251590928366,0.07992115049999998,0.4,2,1683,297,928,557,23,33.0,45,0,23,33.0
main,A375,0.4,lowrank,3,0,False,0.0,False,100,1683,297,999,864,"{'rank': 8, 'lr': 0.03, 'weight_decay': 0.01}",6,4,0.3036912679672241,0.9441657662391663,95,2,0.14797695369655983,0.1207603293734813,0.875,999,0.024343443103942146,0.01797692463413902,0.13407805425996835,0.10113953411562775,0.11746361825017271,0.2615290878377077,0.09886763989925385,0.15591803334135568,0.5233508641362343,0.5156222474979989,0.14230543775947893,311,0.3113113113113113,0.8167202572347267,999,0.024343443103942146,0.017703584804961866,0.1330548187964715,0.10013043031770108,0.11746361825017271,0.2727575664062505,0.08650919049978256,0.15591803334135568,0.5233508633698315,0.5156222474979989,0.14230543775947893,311,0.3113113113113113,0.8167202572347267,999,0.045494754343491976,0.01770358480496187,0.13305481879647152,0.10013043031770108,0.1429069186936937,0.6108653610634482,0.1638555328790107,0.21202409330184552,0.7789981671156808,0.6971175865244001,0.14230543775947893,389,0.3893893893893894,0.9023136246786633,999,1998,3.0,y,0.01633511224545844,0.029658900279592133,0.015278981404098344,0.48484329290484196,0.045494754343491976,0.0449542161404697,0.21202409330184552,0.019099315891953666,0.024343443103942146,0.0243104331210361,0.15591803334135568,0.11746361825017271,-0.005745431481276977,0.46491758324167154,0.6784037733133054,0.08897657923129043,0.2571376006082003,0.086955518,0.4,3,1683,297,999,486,24,33.5,44,0,24,33.0
main,A375,0.4,lowrank,4,0,False,0.0,False,100,1683,297,893,1856,"{'rank': 16, 'lr': 0.03, 'weight_decay': 0.01}",6,5,0.24538972973823547,0.7770178914070129,65,2,0.14947798299182996,0.12032060750019778,0.75,893,0.02489742640679801,0.018764386885287795,0.13698316278027675,0.10019417182842001,0.11838217234469574,0.2463322682956357,0.09836899489164352,0.15744259860712684,0.5071949680077323,0.5223680056738218,0.14230543775947893,280,0.3135498320268757,0.7785714285714286,893,0.02489742640679801,0.018473384198976997,0.13591682824057144,0.09931228474113,0.11838217234469574,0.2580203312125059,0.0737767443060875,0.15744259860712684,0.5071949678857086,0.5223680056738218,0.14230543775947893,280,0.3135498320268757,0.7785714285714286,893,0.05446332410588529,0.018473384198976997,0.13591682824057144,0.09931228474113,0.15261419986002242,0.6608105637646753,0.17858231467875132,0.23311662515342554,0.814145442944417,0.7476164249510249,0.14230543775947893,358,0.4008958566629339,0.9189944134078212,893,1786,3.0,y,0.016959662020813383,0.037970282817194646,0.017489079170095175,0.5394008716159644,0.05446332410588529,0.05434336092292272,0.23311662515342554,0.024441786843583516,0.02489742640679801,0.02478817185616486,0.15744259860712684,0.11838217234469574,-0.01045249016422166,0.5428588538152117,0.7407982189457241,0.08874994579847115,0.2567022501246209,0.084422402,0.4,4,1683,297,893,592,24,33.0,49,0,25,33.0
main,A375,0.4,lowrank,5,0,False,0.0,False,100,1683,297,1000,864,"{'rank': 8, 'lr': 0.03, 'weight_decay': 0.01}",6,4,0.31247612833976746,0.9238995313644409,85,2,0.15107282564307936,0.1244081958844298,0.875,1000,0.02590229375319312,0.020344644225664902,0.14263465296226194,0.10542745787942706,0.12261007978840056,0.2145620608152934,0.10532388836145401,0.16094104591812394,0.49118472188442147,0.5037098157098158,0.14230543775947893,323,0.323,0.8018575851393189,1000,0.02590229375319312,0.01982598108648399,0.14080476230044206,0.10431443334144401,0.12261007978840056,0.23458589129621266,0.09215839952230453,0.16094104591812394,0.4911847222329556,0.5037098157098158,0.14230543775947893,323,0.323,0.8018575851393189,1000,0.05207121989867977,0.01982598108648399,0.14080476230044206,0.10431443334144401,0.151636287456,0.6192526096937732,0.18720530777892824,0.22763419355102732,0.7865726766868092,0.7291746331746333,0.14230543775947893,404,0.404,0.9034653465346535,1000,2000,0.01,y,0.017875191311723312,0.035675814011341365,0.01671267300135232,0.53154052781979,0.05207121989867977,0.051817326073626574,0.22763419355102732,0.026640985739105862,0.02590229375319312,0.025902020261219676,0.16094104591812394,0.12261007978840056,-0.0005229646005636308,0.5025602664275232,0.7072282116220571,0.09346180729447534,0.28125236760307354,0.08435475749999999,0.4,5,1683,297,1000,485,25,34.0,47,0,25,34.0
main,A375,0.4,lowrank,6,0,False,0.0,False,100,1683,297,949,864,"{'rank': 8, 'lr': 0.03, 'weight_decay': 0.01}",6,4,0.3748649060726166,1.0087028741836548,60,2,0.14432949349672114,0.11661605750453173,0.875,949,0.025725993847599996,0.02156260961333544,0.1468421247916804,0.1075593666302755,0.12161887686294423,0.16183570045644557,0.08601953834295273,0.1602500109871823,0.4186515414214746,0.44122958421115815,0.14230543775947893,305,0.321390937829294,0.7672131147540984,949,0.025725993847599996,0.021273385976949354,0.14585398855344806,0.10726950989184234,0.12161887686294423,0.17307816743748583,0.07526709139347076,0.1602500109871823,0.4186515414368536,0.44122958421115815,0.14230543775947893,305,0.321390937829294,0.7672131147540984,949,0.05090425915565487,0.021273385976949354,0.14585398855344806,0.10726950989184234,0.1458528073667018,0.5820902547289871,0.1856009116454873,0.22561830227374263,0.7654369880897753,0.6818074918793162,0.14230543775947893,357,0.3761854583772392,0.8739495798319328,949,1898,0.3,y,0.016621083185193272,0.033398175481822466,0.016747790051506846,0.49854176733031064,0.05090425915565487,0.050903618320885906,0.22561830227374263,0.029603886889552525,0.025725993847599996,0.025680066021392046,0.1602500109871823,0.12161887686294423,0.0067770071718972575,0.49462001266072575,0.7061523445142084,0.09151435195785662,0.2713839462876254,0.08122505299999999,0.4,6,1683,297,949,536,21,33.5,46,0,21,33.0
main,A375,0.4,lowrank,7,0,False,0.0,False,100,1683,297,1003,416,"{'rank': 4, 'lr': 0.01, 'weight_decay': 0.001}",6,1,0.6021328568458557,0.9985045194625854,80,2,0.14992895765301748,0.11855993251167941,0.875,1003,0.024667204830606148,0.022984353958056963,0.15160591663275205,0.10926690552584921,0.1184376797011508,0.06822219558744513,0.10504656285047531,0.15656199144713984,0.38443417533803015,0.4345199723015271,0.14230543775947893,312,0.31106679960119643,0.7275641025641025,1003,0.024667204830606148,0.021986543641511848,0.14827860142822985,0.10756216316819583,0.1184376797011508,0.10867308264162279,0.09191574156284332,0.15656199144713984,0.384434176214393,0.4345199723015271,0.14230543775947893,312,0.31106679960119643,0.7275641025641025,1003,0.05029119050290174,0.021986543641511848,0.14827860142822985,0.10756216316819582,0.147940451555334,0.562815208356556,0.18280180472249777,0.22317674314621583,0.7516292791711919,0.6685532542815763,0.14230543775947893,404,0.40279162512462613,0.8737623762376238,1003,2006,1.0,y,0.016494152072132656,0.03289530031258368,0.016773089649027743,0.4901068088862708,0.05029119050290174,0.04980785868135199,0.22317674314621583,0.027091967284147124,0.024667204830606148,0.024511657165894287,0.15656199144713984,0.1184376797011508,-0.012471874947731713,0.5095124099481623,0.7130331442375414,0.08907252660794462,0.25947017945969747,0.090758392,0.4,7,1683,297,1003,482,21,34.0,44,0,21,34.0
main,A375,0.2,mlp_ordered,6,0,False,0.0,False,100,842,148,949,58074,"{'emb_dim': 32, 'hidden': 48, 'lr': 0.01, 'weight_decay': 0.001}",6,4,0.0005357898771762848,2.310920238494873,385,2,0.13786154610490725,0.11008346755435444,0.625,949,0.027523234284171905,0.02742013315586036,0.16559025682648226,0.12101834226792606,0.12476766762359123,0.0037459670345079132,0.1021408811211586,0.16580990165446827,0.3104477052299253,0.3322654443928845,0.14230543775947893,307,0.32349841938883034,0.6742671009771987,949,0.027523234284171905,0.02501231662392463,0.15815282679713516,0.11530029081093256,0.12476766762359123,0.09122901888355672,0.06383804976940155,0.16580990165446827,0.3104477063133537,0.3322654443928845,0.14230543775947893,307,0.32349841938883034,0.6742671009771987,949,0.05090425915565487,0.02501231662392463,0.15815282679713516,0.11530029081093256,0.1458528073667018,0.5086400030409626,0.17784711564287903,0.22561830227374263,0.7169638833353921,0.6463112122652337,0.14230543775947893,357,0.3761854583772392,0.8739495798319328,949,1898,0.03,y,0.017662902835556195,0.033398175481822466,0.017509174645645553,0.47574457607197074,0.05090425915565487,0.050903618320885906,0.22561830227374263,0.02757422580695015,0.027523234284171905,0.02749292348666444,0.16580990165446827,0.12476766762359123,0.005505524271807556,0.4593137246136624,0.6804113572998198,0.09368325177857452,0.2731991609459992,0.08122505299999999,0.2,6,842,148,949,536,6,17.0,26,0,9,17.0
main,A375,0.2,mlp_ordered,7,0,False,0.0,False,100,842,148,1003,58074,"{'emb_dim': 32, 'hidden': 48, 'lr': 0.01, 'weight_decay': 0.001}",6,4,0.0005055409856140614,1.5105602741241455,795,2,0.1512451824270411,0.12030527002094445,0.5,1003,0.025863015341233947,0.026302638757279968,0.16218088283543153,0.12352301119917718,0.11952648105687731,-0.016998150070503204,0.12292913347482681,0.15964161893741202,0.37098017311255904,0.3406956290752715,0.14230543775947893,297,0.29611166500498504,0.7205387205387206,1003,0.025863015341233947,0.022302512309692216,0.14934025682880092,0.11176524553163468,0.11952648105687731,0.13766774618368438,0.061464566737413406,0.15964161893741202,0.37098017311255904,0.3406956290752715,0.14230543775947893,297,0.29611166500498504,0.7205387205387206,1003,0.05029119050290174,0.022302512309692216,0.14934025682880092,0.11176524553163468,0.147940451555334,0.5565324247314172,0.16991181066630429,0.22317674314621583,0.7475519159793458,0.6651702097229556,0.14230543775947893,404,0.40279162512462613,0.8787128712871287,1003,2006,3.0,y,0.012110376602197164,0.03289530031258368,0.017708488116682453,0.4616711825577011,0.05029119050290174,0.04980785868135199,0.22317674314621583,0.023389225118750863,0.025863015341233947,0.02548544649695787,0.15964161893741202,0.11952648105687731,-0.0194311308028144,0.4857346767374361,0.698938012517607,0.09104166500880102,0.2693961673461087,0.090758392,0.2,7,842,148,1003,482,9,16.0,25,0,9,17.0
main,A375,0.4,mlp,3,0,False,0.0,False,100,1683,297,999,17873,"{'emb_dim': 16, 'hidden': 48, 'lr': 0.03, 'weight_decay': 0.01}",6,2,0.17607246339321136,1.0268912315368652,35,2,0.14797695369655983,0.1207603293734813,0.625,999,0.024343443103942146,0.02261267025261095,0.15037509851238984,0.11378186621731956,0.11746361825017271,0.07109811229007768,0.1295943558216095,0.15591803334135568,0.45759874921561455,0.44346505623860333,0.14230543775947893,311,0.3113113113113113,0.797427652733119,999,0.024343443103942146,0.019318580181962697,0.1389912953460133,0.10497504110293839,0.11746361825017271,0.20641545653686633,0.08099647611379623,0.15591803334135568,0.4575987495665568,0.44346505623860333,0.14230543775947893,311,0.3113113113113113,0.797427652733119,999,0.045494754343491976,0.019318580181962697,0.1389912953460133,0.10497504110293839,0.1429069186936937,0.5753668645816917,0.16162256330599567,0.21202409330184552,0.7552709303931772,0.663674640572436,0.14230543775947893,389,0.3893893893893894,0.8920308483290489,999,1998,3.0,y,0.01633511224545844,0.029658900279592133,0.015278981404098344,0.48484329290484196,0.045494754343491976,0.0449542161404697,0.21202409330184552,0.019099315891953666,0.024343443103942146,0.0243104331210361,0.15591803334135568,0.11746361825017271,-0.005745431481276977,0.46491758324167154,0.6784037733133054,0.08897657923129043,0.2571376006082003,0.086955518,0.4,3,1683,297,999,486,24,33.5,44,0,24,33.0
main,A375,0.4,mlp,0,0,False,0.0,False,100,1683,297,848,57873,"{'emb_dim': 32, 'hidden': 48, 'lr': 0.01, 'weight_decay': 0.001}",6,4,0.00012299252557568252,1.0802370309829712,790,2,0.14915357117503483,0.11930853174675526,0.5,848,0.024400514487496507,0.022203705720540767,0.1490090793225056,0.10970053397515483,0.11150423441863647,0.09003124782805072,0.1268489807844162,0.15620465812897316,0.4617180206401579,0.4228195320401306,0.14230543775947893,236,0.2783018867924528,0.7711864406779662,848,0.024400514487496507,0.019277943005185465,0.13884503233888298,0.09894216025082356,0.11150423441863647,0.20993702755472587,0.0634244903922081,0.15620465812897316,0.4617180206401579,0.4228195320401306,0.14230543775947893,236,0.2783018867924528,0.7711864406779662,848,0.04848384410180696,0.019277943005185465,0.13884503233888298,0.09894216025082356,0.13519859591981132,0.6023841887473813,0.1633767503584866,0.2200987637388758,0.7767388031242011,0.6992329201324952,0.14230543775947893,289,0.3408018867924528,0.9134948096885813,848,1696,3.0,y,0.0164083214268337,0.029922842164033788,0.015658680226982916,0.4766980976892595,0.04848384410180696,0.04844346579938147,0.2200987637388758,0.020609580237470712,0.024400514487496507,0.024399895221189377,0.15620465812897316,0.11150423441863647,-0.0007869347540493577,0.49672896323443305,0.7066350802876816,0.07831307162927635,0.2540966041651703,0.057751599,0.4,0,1683,297,848,637,22,33.0,52,0,22,33.0
main,A375,0.4,mlp,1,0,False,0.0,False,100,1683,297,929,3369,"{'emb_dim': 8, 'hidden': 24, 'lr': 0.01, 'weight_decay': 0.001}",6,5,0.5454733371734619,1.0942190885543823,40,2,0.1496299210407969,0.1200643890643112,0.75,929,0.025580994441996387,0.02571088381753694,0.16034613751985716,0.12096955436851929,0.12242100873838706,-0.00507757334591008,0.09892301261425018,0.15990873463102004,0.3055675801148314,0.2897559751236573,0.14230543775947893,300,0.32292787944025836,0.6766666666666666,929,0.025580994441996387,0.023843180911429833,0.15441237292208754,0.11782749059978294,0.12242100873838706,0.06793377538574419,0.07419225573539734,0.15990873463102004,0.30556757859213435,0.2897559751236573,0.14230543775947893,300,0.32292787944025836,0.6766666666666666,929,0.05142657608939356,0.023843180911429833,0.15441237292208754,0.11782749059978294,0.14835670026910655,0.5363646051414386,0.172221283843995,0.2252608861678265,0.7291951813197177,0.6519227948527906,0.14230543775947893,359,0.38643702906350913,0.8690807799442897,929,1858,3.0,y,0.017041094247076248,0.036890133283186875,0.017002588937344937,0.5391019922095518,0.05142657608939356,0.05074246683711448,0.2252608861678265,0.02275104836677397,0.025580994441996387,0.025570803411293988,0.15990873463102004,0.12242100873838706,-0.0031923393776976477,0.5025724754156378,0.7056865906479188,0.09669989348883953,0.27029100506967046,0.08287033199999999,0.4,1,1683,297,929,556,24,34.0,45,0,24,34.0
main,A375,0.4,mlp,2,0,False,0.0,False,100,1683,297,928,3369,"{'emb_dim': 8, 'hidden': 24, 'lr': 0.01, 'weight_decay': 0.001}",6,5,0.32448509335517883,1.0427606105804443,65,2,0.1470028170617746,0.12047885913675303,0.625,928,0.027538001459536565,0.02992244778938003,0.1729810619385256,0.12539005351477853,0.12465346124933213,-0.08658748650831094,0.11937648802995682,0.16589243929512598,0.30144114360562346,0.3361420599178187,0.14230543775947893,297,0.32004310344827586,0.6767676767676768,928,0.027538001459536565,0.02568164054286899,0.16025492361506086,0.11786137564334286,0.12465346124933213,0.06741088017571828,0.07461030781269073,0.16589243929512598,0.3014411437294522,0.3361420599178187,0.14230543775947893,297,0.32004310344827586,0.6767676767676768,928,0.055124801199662114,0.025681640542868995,0.16025492361506088,0.11786137564334288,0.15148584803556037,0.534118219313843,0.1686598198289005,0.23376891151829587,0.7287958781952554,0.6623558863915623,0.14230543775947893,358,0.3857758620689655,0.8743016759776536,928,1856,3.0,y,0.016247277930105834,0.03321402167781606,0.016053919313284964,0.5166523503533593,0.055124801199662114,0.05464790399244884,0.23376891151829587,0.023307254917505717,0.027538001459536565,0.027520301415287055,0.16589243929512598,0.12465346124933213,-0.004207142052452055,0.5004426163861547,0.7069668654982635,0.09479257161281837,0.2873251590928366,0.07992115049999998,0.4,2,1683,297,928,557,23,33.0,45,0,23,33.0
main,A375,0.4,mlp,4,0,False,0.0,False,100,1683,297,893,57873,"{'emb_dim': 32, 'hidden': 48, 'lr': 0.01, 'weight_decay': 0.001}",6,4,0.00011476950749056414,0.8587226867675781,785,2,0.14947798299182996,0.12032060750019778,0.625,893,0.02489742640679801,0.02400131125889621,0.1549235658603823,0.11327702480675465,0.11838217234469574,0.035992280216445294,0.13033771514892578,0.15744259860712684,0.43311800549896046,0.4452163543922357,0.14230543775947893,280,0.3135498320268757,0.7357142857142858,893,0.02489742640679801,0.02033486169423942,0.14260035657122117,0.104334965333723,0.11838217234469574,0.18325447128594885,0.08146107196807861,0.15744259860712684,0.4331180056834686,0.4452163543922357,0.14230543775947893,280,0.3135498320268757,0.7357142857142858,893,0.05446332410588529,0.02033486169423942,0.14260035657122117,0.104334965333723,0.15261419986002242,0.6266320128623577,0.18610275500887247,0.23311662515342554,0.7913509443511408,0.7212703878114747,0.14230543775947893,358,0.4008958566629339,0.9134078212290503,893,1786,3.0,y,0.016959662020813383,0.037970282817194646,0.017489079170095175,0.5394008716159644,0.05446332410588529,0.05434336092292272,0.23311662515342554,0.024441786843583516,0.02489742640679801,0.02478817185616486,0.15744259860712684,0.11838217234469574,-0.01045249016422166,0.5428588538152117,0.7407982189457241,0.08874994579847115,0.2567022501246209,0.084422402,0.4,4,1683,297,893,592,24,33.0,49,0,25,33.0
main,A375,0.4,mlp,5,0,False,0.0,False,100,1683,297,1000,17873,"{'emb_dim': 16, 'hidden': 48, 'lr': 0.03, 'weight_decay': 0.01}",6,2,0.02578693814575672,1.171826720237732,100,2,0.15107282564307936,0.1244081958844298,0.5,1000,0.02590229375319312,0.02813673071643919,0.16774006890555157,0.12549484001332029,0.12261007978840056,-0.08626405771383161,0.15464447438716888,0.16094104591812394,0.43587865298905637,0.4443720003720004,0.14230543775947893,323,0.323,0.7492260061919505,1000,0.02590229375319312,0.021037619269345196,0.14504350819442144,0.10844675413202938,0.12261007978840056,0.1878086369570351,0.07732223719358444,0.16094104591812394,0.43587865298905637,0.4443720003720004,0.14230543775947893,323,0.323,0.7492260061919505,1000,0.05207121989867977,0.0210376192693452,0.14504350819442144,0.10844675413202938,0.151636287456,0.5959837447580407,0.18234268534687714,0.22763419355102732,0.7713541955565764,0.7125973485973486,0.14230543775947893,404,0.404,0.8886138613861386,1000,2000,0.01,y,0.017875191311723312,0.035675814011341365,0.01671267300135232,0.53154052781979,0.05207121989867977,0.051817326073626574,0.22763419355102732,0.026640985739105862,0.02590229375319312,0.025902020261219676,0.16094104591812394,0.12261007978840056,-0.0005229646005636308,0.5025602664275232,0.7072282116220571,0.09346180729447534,0.28125236760307354,0.08435475749999999,0.4,5,1683,297,1000,485,25,34.0,47,0,25,34.0
main,A375,0.4,mlp,6,0,False,0.0,False,100,1683,297,949,17873,"{'emb_dim': 16, 'hidden': 48, 'lr': 0.03, 'weight_decay': 0.01}",6,2,0.28877755999565125,1.2538903951644897,25,2,0.14432949349672114,0.11661605750453173,0.5,949,0.025725993847599996,0.02798728461512324,0.1672940065128552,0.1244545683675622,0.12161887686294423,-0.0878990635276935,0.10613467544317245,0.1602500109871823,0.2647449448168422,0.2987071070989555,0.14230543775947893,305,0.321390937829294,0.6786885245901639,949,0.025725993847599996,0.024040489359729775,0.15504995762569487,0.11615569950521697,0.12161887686294423,0.06551756553527521,0.05306733772158623,0.1602500109871823,0.2647449448168422,0.2987071070989555,0.14230543775947893,305,0.321390937829294,0.6786885245901639,949,0.05090425915565487,0.024040489359729775,0.15504995762569487,0.11615569950521697,0.1458528073667018,0.5277312791014432,0.1786479649791269,0.22561830227374263,0.729729365019947,0.6556558781676283,0.14230543775947893,357,0.3761854583772392,0.8627450980392157,949,1898,0.3,y,0.016621083185193272,0.033398175481822466,0.016747790051506846,0.49854176733031064,0.05090425915565487,0.050903618320885906,0.22561830227374263,0.029603886889552525,0.025725993847599996,0.025680066021392046,0.1602500109871823,0.12161887686294423,0.0067770071718972575,0.49462001266072575,0.7061523445142084,0.09151435195785662,0.2713839462876254,0.08122505299999999,0.4,6,1683,297,949,536,21,33.5,46,0,21,33.0
main,A375,0.4,mlp_ordered,3,0,False,0.0,False,100,1683,297,999,3570,"{'emb_dim': 8, 'hidden': 24, 'lr': 0.01, 'weight_decay': 0.001}",6,5,0.2875455617904663,1.430955410003662,85,2,0.14797695369655983,0.1207603293734813,0.75,999,0.024343443103942146,0.01795879253877363,0.13401041951569898,0.10005009125375869,0.11746361825017271,0.2622739329809345,0.11524969339370728,0.15591803334135568,0.5472501420775043,0.5356101632694817,0.14230543775947893,311,0.3113113113113113,0.8263665594855305,999,0.024343443103942146,0.01706448791181762,0.13063111387344756,0.09742329800460724,0.11746361825017271,0.29901091480957265,0.08643726259469986,0.15591803334135568,0.5472501432576693,0.5356101632694817,0.14230543775947893,311,0.3113113113113113,0.8263665594855305,999,0.045494754343491976,0.01706448791181762,0.13063111387344756,0.09742329800460724,0.1429069186936937,0.6249130661750963,0.17008385181083002,0.21202409330184552,0.7882510350247366,0.7213555158364776,0.14230543775947893,389,0.3893893893893894,0.8946015424164524,999,1998,3.0,y,0.01633511224545844,0.029658900279592133,0.015278981404098344,0.48484329290484196,0.045494754343491976,0.0449542161404697,0.21202409330184552,0.019099315891953666,0.024343443103942146,0.0243104331210361,0.15591803334135568,0.11746361825017271,-0.005745431481276977,0.46491758324167154,0.6784037733133054,0.08897657923129043,0.2571376006082003,0.086955518,0.4,3,1683,297,999,486,24,33.5,44,0,24,33.0
main,A375,0.4,mlp_ordered,2,0,False,0.0,False,100,1683,297,928,3570,"{'emb_dim': 8, 'hidden': 24, 'lr': 0.01, 'weight_decay': 0.001}",6,5,0.36400946974754333,1.5233770608901978,65,2,0.1470028170617746,0.12047885913675303,0.625,928,0.027538001459536565,0.022139875418467177,0.14879474257670255,0.10994979723709068,0.12465346124933213,0.19602461162627272,0.10299520939588547,0.16589243929512598,0.46800819889813344,0.46157144120155164,0.14230543775947893,297,0.32004310344827586,0.7474747474747475,928,0.027538001459536565,0.02167688941699074,0.147230735300041,0.10928407664474822,0.12465346124933213,0.21283723334672455,0.06437201052904129,0.16589243929512598,0.4680081991849816,0.46157144120155164,0.14230543775947893,297,0.32004310344827586,0.7474747474747475,928,0.055124801199662114,0.02167688941699074,0.147230735300041,0.10928407664474822,0.15148584803556037,0.606767027812454,0.17319877687518181,0.23376891151829587,0.7777176135270589,0.7008594622865811,0.14230543775947893,358,0.3857758620689655,0.8938547486033519,928,1856,3.0,y,0.016247277930105834,0.03321402167781606,0.016053919313284964,0.5166523503533593,0.055124801199662114,0.05464790399244884,0.23376891151829587,0.023307254917505717,0.027538001459536565,0.027520301415287055,0.16589243929512598,0.12465346124933213,-0.004207142052452055,0.5004426163861547,0.7069668654982635,0.09479257161281837,0.2873251590928366,0.07992115049999998,0.4,2,1683,297,928,557,23,33.0,45,0,23,33.0
main,A375,0.4,mlp_ordered,1,0,False,0.0,False,100,1683,297,929,3570,"{'emb_dim': 8, 'hidden': 24, 'lr': 0.01, 'weight_decay': 0.001}",6,5,0.26243239641189575,1.43324613571167,100,2,0.1496299210407969,0.1200643890643112,0.75,929,0.025580994441996387,0.02059264272412825,0.1435013683702293,0.10663000718355192,0.12242100873838706,0.19500225955558415,0.12215227633714676,0.15990873463102004,0.5095456131312631,0.507384625424015,0.14230543775947893,300,0.32292787944025836,0.81,929,0.025580994441996387,0.019035706457494424,0.1379699476606932,0.10332689672048198,0.12242100873838706,0.25586526744857685,0.09161420911550522,0.15990873463102004,0.5095456118508502,0.507384625424015,0.14230543775947893,300,0.32292787944025836,0.81,929,0.05142657608939356,0.019035706457494424,0.1379699476606932,0.103326896720482,0.14835670026910655,0.6298469020296992,0.18737236455847778,0.2252608861678265,0.7915209278978202,0.6970689086426611,0.14230543775947893,359,0.38643702906350913,0.9025069637883009,929,1858,3.0,y,0.017041094247076248,0.036890133283186875,0.017002588937344937,0.5391019922095518,0.05142657608939356,0.05074246683711448,0.2252608861678265,0.02275104836677397,0.025580994441996387,0.025570803411293988,0.15990873463102004,0.12242100873838706,-0.0031923393776976477,0.5025724754156378,0.7056865906479188,0.09669989348883953,0.27029100506967046,0.08287033199999999,0.4,1,1683,297,929,556,24,34.0,45,0,24,34.0
main,A375,0.7,zero,0,0,False,0.0,False,100,2945,520,848,0,{},1,0,1.0,1.0001775026321411,0,1,0.15210052426836865,0.12314793794453015,0.0,848,0.02351308389993404,0.02351308389993404,0.15333976620542383,0.10921203486250611,0.10921203486250611,0.0,0.0,0.15332988482875978,,,0.14230543775947893,221,0.2606132075471698,,848,0.02351308389993404,0.02351308389993404,0.15333976620542383,0.10921203486250611,0.10921203486250611,0.0,0.0,0.15332988482875978,,,0.14230543775947893,221,0.2606132075471698,,848,0.04848384410180696,0.02351308389993404,0.15333976620542383,0.10921203486250611,0.13519859591981132,0.5150325982700343,0.1398137572795246,0.2200987637388758,0.7227364451986763,0.6274751650110009,0.14230543775947893,289,0.3408018867924528,0.8650519031141869,848,1696,10.0,y,0.014973496626005584,0.029922842164033788,0.015305676259366702,0.4884952380037084,0.04848384410180696,0.04844346579938147,0.2200987637388758,0.01956917213493078,0.02351308389993404,0.023510053581600736,0.15332988482875978,0.10921203486250611,-0.001740780955003121,0.5150325982700343,0.7227364451986762,0.07784134910019677,0.25182486572045554,0.057751599,0.7,0,2945,520,848,637,42,59.0,72,0,42,58.0
main,A375,0.7,zero,1,0,False,0.0,False,100,2945,520,929,0,{},1,0,1.0,1.2061094045639038,0,1,0.14993979481427075,0.12079947401446157,0.0,929,0.025031408106400987,0.025031408106400987,0.1582131729863256,0.12129364022426908,0.12129364022426908,0.0,0.0,0.15819648617899848,,,0.14230543775947893,299,0.3218514531754575,,929,0.025031408106400987,0.025031408106400987,0.1582131729863256,0.12129364022426908,0.12129364022426908,0.0,0.0,0.15819648617899848,,,0.14230543775947893,299,0.3218514531754575,,929,0.05142657608939356,0.025031408106400987,0.1582131729863256,0.12129364022426908,0.14835670026910655,0.5132592910154177,0.15401701699222403,0.2252608861678265,0.7124800578249524,0.6321656283563485,0.14230543775947893,359,0.38643702906350913,0.871866295264624,929,1858,3.0,y,0.0172647124911832,0.036890133283186875,0.01670716294016377,0.547110258130234,0.05142657608939356,0.05074246683711448,0.2252608861678265,0.024530830573902873,0.025031408106400987,0.025026128239382057,0.15819648617899848,0.12129364022426908,0.002297796122141972,0.5132592910154177,0.7124800578249523,0.0961059488341943,0.25826780621911316,0.08287033199999999,0.7,1,2945,520,929,556,48,59.0,73,0,48,59.0
main,A375,0.7,zero,2,0,False,0.0,False,100,2945,520,928,0,{},1,0,1.0,1.1466732025146484,0,1,0.14774041947392558,0.12058247908115553,0.0,928,0.026743150793592525,0.026743150793592525,0.1635333323625264,0.12283547425362444,0.12283547425362444,0.0,0.0,0.16352495265725636,,,0.14230543775947893,291,0.3135775862068966,,928,0.026743150793592525,0.026743150793592525,0.1635333323625264,0.12283547425362444,0.12283547425362444,0.0,0.0,0.16352495265725636,,,0.14230543775947893,291,0.3135775862068966,,928,0.055124801199662114,0.026743150793592525,0.1635333323625264,0.12283547425362444,0.15148584803556037,0.5148617280862602,0.16038102701144097,0.23376891151829587,0.7152116095903317,0.6413653189656073,0.14230543775947893,358,0.3857758620689655,0.8770949720670391,928,1856,3.0,y,0.016592533953712633,0.03321402167781606,0.015949117863718686,0.5198076878967282,0.055124801199662114,0.05464790399244884,0.23376891151829587,0.02612940651728454,0.026743150793592525,0.026740410141557935,0.16352495265725636,0.12283547425362444,-0.0016554914782600301,0.5148617280862602,0.7152116095903319,0.09510874305579879,0.2850436531239392,0.07992115049999998,0.7,2,2945,520,928,557,47,59.0,70,0,47,58.0
main,A375,0.7,zero,3,0,False,0.0,False,100,2945,520,999,0,{},1,0,1.0000001192092896,1.0549076795578003,0,1,0.14837097531251878,0.12024190481410105,0.0,999,0.024043489995327603,0.024043489995327603,0.1550596336746853,0.11694891291407528,0.11694891291407528,0.0,0.0,0.15499604850375395,,,0.14230543775947893,330,0.3303303303303303,,999,0.024043489995327603,0.024043489995327603,0.1550596336746853,0.11694891291407528,0.11694891291407528,0.0,0.0,0.15499604850375395,,,0.14230543775947893,330,0.3303303303303303,,999,0.045494754343491976,0.024043489995327603,0.1550596336746853,0.11694891291407528,0.1429069186936937,0.47151071937226485,0.1443906477610218,0.21202409330184552,0.6823462478726381,0.6219867482713173,0.14230543775947893,389,0.3893893893893894,0.8560411311053985,999,1998,0.01,y,0.015881193393049577,0.029658900279592133,0.014996892346472467,0.4943544027223553,0.045494754343491976,0.0449542161404697,0.21202409330184552,0.021202449912209306,0.024043489995327603,0.02402377505177805,0.15499604850375395,0.11694891291407528,-0.004440151298047653,0.47151071937226485,0.682346247872638,0.09190138648668386,0.25476183794249363,0.086955518,0.7,3,2945,520,999,486,45,59.0,70,0,45,59.5
main,A375,0.7,zero,4,0,False,0.0,False,100,2945,520,893,0,{},1,0,1.0,1.1032116413116455,0,1,0.1500610731955604,0.1200011256615439,0.0,893,0.02426014644336639,0.02426014644336639,0.1557566898831841,0.11751595204086303,0.11751595204086303,0.0,0.0,0.15551939864228825,,,0.14230543775947893,270,0.3023516237402016,,893,0.02426014644336639,0.02426014644336639,0.1557566898831841,0.11751595204086303,0.11751595204086303,0.0,0.0,0.15551939864228825,,,0.14230543775947893,270,0.3023516237402016,,893,0.05446332410588529,0.02426014644336639,0.1557566898831841,0.11751595204086303,0.15261419986002242,0.5545599384238677,0.16630543508479426,0.23311662515342554,0.7456373497700912,0.6796895029073314,0.14230543775947893,358,0.4008958566629339,0.8770949720670391,893,1786,1.0,y,0.01729667185621313,0.037970282817194646,0.0168657609439221,0.5558168206141323,0.05446332410588529,0.05434336092292272,0.23311662515342554,0.02766305982114362,0.02426014644336639,0.02418628335405897,0.15551939864228825,0.11751595204086303,-0.008594363810511152,0.5545599384238677,0.7456373497700916,0.08819494991210525,0.2543387148141831,0.084422402,0.7,4,2945,520,893,592,47,59.0,70,0,47,58.0
main,A375,0.7,zero,5,0,False,0.0,False,100,2945,520,1000,0,{},1,0,1.0000001192092896,1.1367487907409668,0,1,0.15095545889793882,0.12200059940206721,0.0,1000,0.02571368830118575,0.02571368830118575,0.16035488237401987,0.12191550117625304,0.12191550117625304,0.0,0.0,0.1603545939687456,,,0.14230543775947893,322,0.322,,1000,0.02571368830118575,0.02571368830118575,0.16035488237401987,0.12191550117625304,0.12191550117625304,0.0,0.0,0.1603545939687456,,,0.14230543775947893,322,0.322,,1000,0.05207121989867977,0.02571368830118575,0.16035488237401987,0.12191550117625304,0.151636287456,0.5061823335189868,0.16504213576199342,0.22763419355102732,0.7099244768665669,0.6586669426669428,0.14230543775947893,404,0.404,0.8613861386138614,1000,2000,0.01,y,0.01757841883724914,0.035675814011341365,0.016487361108388512,0.5378560639668328,0.05207121989867977,0.051817326073626574,0.22763419355102732,0.027483200892779357,0.02571368830118575,0.025713595806881265,0.1603545939687456,0.12191550117625304,-0.0003041287629950489,0.5061823335189868,0.7099244768665671,0.09315804526383707,0.27423732923723326,0.08435475749999999,0.7,5,2945,520,1000,485,45,59.0,70,0,45,59.0
main,A375,0.7,zero,6,0,False,0.0,False,100,2945,520,949,0,{},1,0,1.0,1.1065624952316284,0,1,0.14785693479054918,0.12086954546586993,0.0,949,0.025057298519318733,0.025057298519318733,0.1582949731334471,0.11979014271627805,0.11979014271627805,0.0,0.0,0.15821517588141462,,,0.14230543775947893,298,0.31401475237091675,,949,0.025057298519318733,0.025057298519318733,0.1582949731334471,0.11979014271627805,0.11979014271627805,0.0,0.0,0.15821517588141462,,,0.14230543775947893,298,0.31401475237091675,,949,0.05090425915565487,0.025057298519318733,0.1582949731334471,0.11979014271627805,0.1458528073667018,0.5077563462283459,0.17513546966304225,0.22561830227374263,0.7154975720089755,0.6417937462134482,0.14230543775947893,357,0.3761854583772392,0.8683473389355743,949,1898,0.3,y,0.015712341277827346,0.033398175481822466,0.016141788471987575,0.5166865183766395,0.05090425915565487,0.050903618320885906,0.22561830227374263,0.03069028400911101,0.025057298519318733,0.025032041879186964,0.15821517588141462,0.11979014271627805,0.005025598484933873,0.5077563462283459,0.7154975720089755,0.09408654401539988,0.26924100566111714,0.08122505299999999,0.7,6,2945,520,949,536,45,59.0,71,0,45,58.0
main,A375,0.7,zero,7,0,False,0.0,False,100,2945,520,1003,0,{},1,0,1.0,1.1481304168701172,0,1,0.14874171132990405,0.11978167223491198,0.0,1003,0.02376389869332503,0.02376389869332503,0.1541554367945712,0.11567329573765879,0.11567329573765879,0.0,0.0,0.15394720473105888,,,0.14230543775947893,300,0.29910269192422734,,1003,0.02376389869332503,0.02376389869332503,0.1541554367945712,0.11567329573765879,0.11567329573765879,0.0,0.0,0.15394720473105888,,,0.14230543775947893,300,0.29910269192422734,,1003,0.05029119050290174,0.02376389869332503,0.1541554367945712,0.11567329573765879,0.147940451555334,0.5274739282229979,0.16904960261861998,0.22317674314621583,0.7247398791913329,0.6469669051865803,0.14230543775947893,404,0.40279162512462613,0.8712871287128713,1003,2006,1.0,y,0.0153369855225696,0.03289530031258368,0.01612532281220431,0.5097985834154012,0.05029119050290174,0.04980785868135199,0.22317674314621583,0.02877306910113656,0.02376389869332503,0.02369974184450656,0.15394720473105888,0.11567329573765879,-0.008009797052265118,0.5274739282229979,0.7247398791913331,0.0880876229573958,0.25084708445765136,0.090758392,0.7,7,2945,520,1003,482,46,59.0,72,0,46,59.0
main,A375,0.4,mlp_ordered,0,0,False,0.0,False,100,1683,297,848,3570,"{'emb_dim': 8, 'hidden': 24, 'lr': 0.01, 'weight_decay': 0.001}",6,5,0.548159658908844,1.5971437692642212,45,2,0.14915357117503483,0.11930853174675526,0.75,848,0.024400514487496507,0.020530761652165067,0.14328559471267538,0.10317535862035887,0.11150423441863647,0.15859308365462566,0.07235603034496307,0.15620465812897316,0.40297277955261346,0.3596042176129333,0.14230543775947893,236,0.2783018867924528,0.711864406779661,848,0.024400514487496507,0.020516223586790762,0.14323485465064278,0.10255325791846104,0.11150423441863647,0.15918889344305265,0.054267022758722305,0.15620465812897316,0.40297278054505714,0.3596042176129333,0.14230543775947893,236,0.2783018867924528,0.711864406779661,848,0.04848384410180696,0.020516223586790762,0.14323485465064278,0.10255325791846104,0.13519859591981132,0.5768441226790815,0.16264361420251244,0.2200987637388758,0.7595945790263646,0.664322111832249,0.14230543775947893,289,0.3408018867924528,0.8927335640138409,848,1696,3.0,y,0.0164083214268337,0.029922842164033788,0.015658680226982916,0.4766980976892595,0.04848384410180696,0.04844346579938147,0.2200987637388758,0.020609580237470712,0.024400514487496507,0.024399895221189377,0.15620465812897316,0.11150423441863647,-0.0007869347540493577,0.49672896323443305,0.7066350802876816,0.07831307162927635,0.2540966041651703,0.057751599,0.4,0,1683,297,848,637,22,33.0,52,0,22,33.0
main,A375,0.7,potential,0,0,False,0.0,False,100,2945,520,848,100,"{'lr': 0.01, 'weight_decay': 0.01}",4,2,0.9763734340667725,0.9935322403907776,40,2,0.15210052426836865,0.12314793794453015,0.75,848,0.02351308389993404,0.02312147505990023,0.15205747288410468,0.11021176723312015,0.10921203486250611,0.016654933130014093,0.01977841928601265,0.15332988482875978,0.1287654631564747,-0.04009698639492141,0.14230543775947893,221,0.2606132075471698,0.5701357466063348,848,0.02351308389993404,0.02314595507022697,0.15213794750234724,0.10982364882360232,0.10921203486250611,0.01561381022027919,0.014833814464509487,0.15332988482875978,0.1287654636502797,-0.04009698639492141,0.14230543775947893,221,0.2606132075471698,0.5701357466063348,848,0.04848384410180696,0.02314595507022697,0.15213794750234724,0.10982364882360232,0.13519859591981132,0.5226047872436679,0.1545763091731196,0.2200987637388758,0.7229567963561058,0.6278238895580052,0.14230543775947893,289,0.3408018867924528,0.8650519031141869,848,1696,10.0,y,0.014973496626005584,0.029922842164033788,0.015305676259366702,0.4884952380037084,0.04848384410180696,0.04844346579938147,0.2200987637388758,0.01956917213493078,0.02351308389993404,0.023510053581600736,0.15332988482875978,0.10921203486250611,-0.001740780955003121,0.5150325982700343,0.7227364451986762,0.07784134910019677,0.25182486572045554,0.057751599,0.7,0,2945,520,848,637,42,59.0,72,0,42,58.0
main,A375,0.7,potential,1,0,False,0.0,False,100,2945,520,929,100,"{'lr': 0.03, 'weight_decay': 0.001}",4,3,0.9986822009086609,1.2057405710220337,0,2,0.14993979481427075,0.12079947401446157,0.625,929,0.025031408106400987,0.02504086812538924,0.15824306659499884,0.12173992415894996,0.12129364022426908,-0.00037792596197716577,0.005638028495013714,0.15819648617899848,0.013380321612072124,-0.04356633252351913,0.14230543775947893,299,0.3218514531754575,0.4882943143812709,929,0.025031408106400987,0.025029847367163256,0.15820824051598342,0.121559190549733,0.12129364022426908,6.235123613884674e-05,0.003523767925798893,0.15819648617899848,0.013380320733269158,-0.04356633252351913,0.14230543775947893,299,0.3218514531754575,0.4882943143812709,929,0.05142657608939356,0.025029847367163256,0.15820824051598342,0.121559190549733,0.14835670026910655,0.513289639900302,0.15645682064138997,0.2252608861678265,0.7121516119309583,0.6319467210906509,0.14230543775947893,359,0.38643702906350913,0.871866295264624,929,1858,3.0,y,0.0172647124911832,0.036890133283186875,0.01670716294016377,0.547110258130234,0.05142657608939356,0.05074246683711448,0.2252608861678265,0.024530830573902873,0.025031408106400987,0.025026128239382057,0.15819648617899848,0.12129364022426908,0.002297796122141972,0.5132592910154177,0.7124800578249523,0.0961059488341943,0.25826780621911316,0.08287033199999999,0.7,1,2945,520,929,556,48,59.0,73,0,48,59.0
main,A375,0.7,potential,2,0,False,0.0,False,100,2945,520,928,100,"{'lr': 0.003, 'weight_decay': 0.0001}",4,0,1.0001360177993774,1.1446826457977295,0,2,0.14774041947392558,0.12058247908115553,1.0,928,0.026743150793592525,0.026760575121947877,0.16358659823453717,0.12294319858707041,0.12283547425362444,-0.000651543585489911,0.0020936380606144667,0.16352495265725636,-0.01823295600709037,-0.030396053632238924,0.14230543775947893,291,0.3135775862068966,0.49828178694158076,928,0.026743150793592525,0.026760575121947877,0.16358659823453717,0.12294319858707041,0.12283547425362444,-0.000651543585489911,0.0020936380606144667,0.16352495265725636,-0.01823295600709037,-0.030396053632238924,0.14230543775947893,291,0.3135775862068966,0.49828178694158076,928,0.055124801199662114,0.026760575121947877,0.16358659823453717,0.12294319858707041,0.15148584803556037,0.5145456393571193,0.16053215925536465,0.23376891151829587,0.7149597349237019,0.641262388181582,0.14230543775947893,358,0.3857758620689655,0.8770949720670391,928,1856,3.0,y,0.016592533953712633,0.03321402167781606,0.015949117863718686,0.5198076878967282,0.055124801199662114,0.05464790399244884,0.23376891151829587,0.02612940651728454,0.026743150793592525,0.026740410141557935,0.16352495265725636,0.12283547425362444,-0.0016554914782600301,0.5148617280862602,0.7152116095903319,0.09510874305579879,0.2850436531239392,0.07992115049999998,0.7,2,2945,520,928,557,47,59.0,70,0,47,58.0
main,A375,0.7,potential,3,0,False,0.0,False,100,2945,520,999,100,"{'lr': 0.03, 'weight_decay': 0.001}",4,3,1.0010942220687866,1.0517066717147827,0,2,0.14837097531251878,0.12024190481410105,1.0,999,0.024043489995327603,0.02410497899288626,0.15525778239072674,0.11722879973721843,0.11694891291407528,-0.002557407330242123,0.00480207335203886,0.15499604850375395,-0.0269807999055289,-0.026351898993181553,0.14230543775947893,330,0.3303303303303303,0.4818181818181818,999,0.024043489995327603,0.02410497899288626,0.15525778239072674,0.11722879973721843,0.11694891291407528,-0.002557407330242123,0.00480207335203886,0.15499604850375395,-0.0269807999055289,-0.026351898993181553,0.14230543775947893,330,0.3303303303303303,0.4818181818181818,999,0.045494754343491976,0.02410497899288626,0.15525778239072674,0.11722879973721843,0.1429069186936937,0.47015915701203304,0.14536189182812698,0.21202409330184552,0.6813269423593903,0.621524562638791,0.14230543775947893,389,0.3893893893893894,0.8534704370179949,999,1998,0.01,y,0.015881193393049577,0.029658900279592133,0.014996892346472467,0.4943544027223553,0.045494754343491976,0.0449542161404697,0.21202409330184552,0.021202449912209306,0.024043489995327603,0.02402377505177805,0.15499604850375395,0.11694891291407528,-0.004440151298047653,0.47151071937226485,0.682346247872638,0.09190138648668386,0.25476183794249363,0.086955518,0.7,3,2945,520,999,486,45,59.0,70,0,45,59.5
main,A375,0.7,potential,4,0,False,0.0,False,100,2945,520,893,100,"{'lr': 0.03, 'weight_decay': 0.001}",4,3,0.999844491481781,1.1021767854690552,5,2,0.1500610731955604,0.1200011256615439,1.0,893,0.02426014644336639,0.024211504159908918,0.15560046323809232,0.1175745363037835,0.11751595204086303,0.002005028435051792,0.0032071713358163834,0.15551939864228825,0.05948188723770695,0.015031522786131207,0.14230543775947893,270,0.3023516237402016,0.5370370370370371,893,0.02426014644336639,0.024211504159908918,0.15560046323809232,0.1175745363037835,0.11751595204086303,0.002005028435051792,0.0032071713358163834,0.15551939864228825,0.05948188723770695,0.015031522786131207,0.14230543775947893,270,0.3023516237402016,0.5370370370370371,893,0.05446332410588529,0.024211504159908918,0.15560046323809232,0.1175745363037835,0.15261419986002242,0.5554530584134392,0.16868680449292672,0.23311662515342554,0.7458780353826459,0.679951098876637,0.14230543775947893,358,0.4008958566629339,0.8743016759776536,893,1786,1.0,y,0.01729667185621313,0.037970282817194646,0.0168657609439221,0.5558168206141323,0.05446332410588529,0.05434336092292272,0.23311662515342554,0.02766305982114362,0.02426014644336639,0.02418628335405897,0.15551939864228825,0.11751595204086303,-0.008594363810511152,0.5545599384238677,0.7456373497700916,0.08819494991210525,0.2543387148141831,0.084422402,0.7,4,2945,520,893,592,47,59.0,70,0,47,58.0
main,A375,0.7,potential,5,0,False,0.0,False,100,2945,520,1000,100,"{'lr': 0.03, 'weight_decay': 0.001}",4,3,1.0011065006256104,1.1308314800262451,0,2,0.15095545889793882,0.12200059940206721,1.0,1000,0.02571368830118575,0.02569790617358686,0.16030566482063838,0.12194809699860093,0.12191550117625304,0.0006137636660300538,0.004811705555766821,0.1603545939687456,0.025365664515013358,0.02217783417783418,0.14230543775947893,322,0.322,0.5031055900621118,1000,0.02571368830118575,0.02569790617358686,0.16030566482063838,0.12194809699860093,0.12191550117625304,0.0006137636660300538,0.004811705555766821,0.1603545939687456,0.025365664515013358,0.02217783417783418,0.14230543775947893,322,0.322,0.5031055900621118,1000,0.05207121989867977,0.02569790617358686,0.16030566482063838,0.12194809699860093,0.151636287456,0.5064854208603164,0.16643364366896335,0.22763419355102732,0.7102873807807154,0.6581251541251542,0.14230543775947893,404,0.404,0.8539603960396039,1000,2000,0.01,y,0.01757841883724914,0.035675814011341365,0.016487361108388512,0.5378560639668328,0.05207121989867977,0.051817326073626574,0.22763419355102732,0.027483200892779357,0.02571368830118575,0.025713595806881265,0.1603545939687456,0.12191550117625304,-0.0003041287629950489,0.5061823335189868,0.7099244768665671,0.09315804526383707,0.27423732923723326,0.08435475749999999,0.7,5,2945,520,1000,485,45,59.0,70,0,45,59.0
main,A375,0.7,potential,6,0,False,0.0,False,100,2945,520,949,100,"{'lr': 0.01, 'weight_decay': 0.01}",4,2,1.0000865459442139,1.1060905456542969,0,2,0.14785693479054918,0.12086954546586993,1.0,949,0.025057298519318733,0.02507226219206131,0.15834223123368354,0.11981828755802644,0.11979014271627805,-0.000597178212609073,0.0016243436839431524,0.15821517588141462,-0.02515260070212931,-0.011960947706797505,0.14230543775947893,298,0.31401475237091675,0.5067114093959731,949,0.025057298519318733,0.02507226219206131,0.15834223123368354,0.11981828755802644,0.11979014271627805,-0.000597178212609073,0.0016243436839431524,0.15821517588141462,-0.02515260070212931,-0.011960947706797505,0.14230543775947893,298,0.31401475237091675,0.5067114093959731,949,0.05090425915565487,0.02507226219206131,0.15834223123368354,0.11981828755802644,0.1458528073667018,0.5074623890430183,0.175535648870261,0.22561830227374263,0.71544155798795,0.6419598455262351,0.14230543775947893,357,0.3761854583772392,0.8683473389355743,949,1898,0.3,y,0.015712341277827346,0.033398175481822466,0.016141788471987575,0.5166865183766395,0.05090425915565487,0.050903618320885906,0.22561830227374263,0.03069028400911101,0.025057298519318733,0.025032041879186964,0.15821517588141462,0.11979014271627805,0.005025598484933873,0.5077563462283459,0.7154975720089755,0.09408654401539988,0.26924100566111714,0.08122505299999999,0.7,6,2945,520,949,536,45,59.0,71,0,45,58.0
main,A375,0.4,mlp,7,0,False,0.0,False,100,1683,297,1003,3369,"{'emb_dim': 8, 'hidden': 24, 'lr': 0.01, 'weight_decay': 0.001}",6,5,0.9807316660881042,1.2110800743103027,10,2,0.14992895765301748,0.11855993251167941,1.0,1003,0.024667204830606148,0.02467412666035139,0.15708000082872228,0.11831830853574486,0.1184376797011508,-0.00028060859723577636,0.016129814088344574,0.15656199144713984,0.054783638782306715,0.04991414572276681,0.14230543775947893,312,0.31106679960119643,0.4807692307692308,1003,0.024667204830606148,0.02467412666035139,0.15708000082872228,0.11831830853574486,0.1184376797011508,-0.00028060859723577636,0.016129814088344574,0.15656199144713984,0.054783638782306715,0.04991414572276681,0.14230543775947893,312,0.31106679960119643,0.4807692307692308,1003,0.05029119050290174,0.02467412666035139,0.15708000082872228,0.11831830853574486,0.147940451555334,0.5093747749135562,0.1658323080500744,0.22317674314621583,0.7134990422913366,0.6383050076813479,0.14230543775947893,404,0.40279162512462613,0.8663366336633663,1003,2006,1.0,y,0.016494152072132656,0.03289530031258368,0.016773089649027743,0.4901068088862708,0.05029119050290174,0.04980785868135199,0.22317674314621583,0.027091967284147124,0.024667204830606148,0.024511657165894287,0.15656199144713984,0.1184376797011508,-0.012471874947731713,0.5095124099481623,0.7130331442375414,0.08907252660794462,0.25947017945969747,0.090758392,0.4,7,1683,297,1003,482,21,34.0,44,0,21,34.0
main,A375,0.7,potential,7,0,False,0.0,False,100,2945,520,1003,100,"{'lr': 0.003, 'weight_decay': 0.0001}",4,0,1.0001683235168457,1.1462640762329102,0,2,0.14874171132990405,0.11978167223491198,1.0,1003,0.02376389869332503,0.023758639491381833,0.1541383777369602,0.11563890083415194,0.11567329573765879,0.0002213105690723749,0.001856901915743947,0.15394720473105888,0.017083535060637093,0.019267816228295816,0.14230543775947893,300,0.29910269192422734,0.48333333333333334,1003,0.02376389869332503,0.023758639491381833,0.1541383777369602,0.11563890083415194,0.11567329573765879,0.0002213105690723749,0.001856901915743947,0.15394720473105888,0.017083535060637093,0.019267816228295816,0.14230543775947893,300,0.29910269192422734,0.48333333333333334,1003,0.05029119050290174,0.023758639491381833,0.1541383777369602,0.11563890083415194,0.147940451555334,0.5275785032368445,0.16905994405381783,0.22317674314621583,0.7248256229340013,0.6474412913655436,0.14230543775947893,404,0.40279162512462613,0.8712871287128713,1003,2006,1.0,y,0.0153369855225696,0.03289530031258368,0.01612532281220431,0.5097985834154012,0.05029119050290174,0.04980785868135199,0.22317674314621583,0.02877306910113656,0.02376389869332503,0.02369974184450656,0.15394720473105888,0.11567329573765879,-0.008009797052265118,0.5274739282229979,0.7247398791913331,0.0880876229573958,0.25084708445765136,0.090758392,0.7,7,2945,520,1003,482,46,59.0,72,0,46,59.0
main,A375,0.7,lowrank,0,0,False,0.0,False,100,2945,520,848,1856,"{'rank': 16, 'lr': 0.03, 'weight_decay': 0.01}",6,5,0.4048053026199341,0.6465511322021484,85,2,0.15210052426836865,0.12314793794453015,1.0,848,0.02351308389993404,0.015543762201178245,0.12467462533000949,0.08873656137506424,0.10921203486250611,0.33893136828292236,0.08660919219255447,0.15332988482875978,0.5831467678105686,0.5702344540403441,0.14230543775947893,221,0.2606132075471698,0.8416289592760181,848,0.02351308389993404,0.015543762201178245,0.12467462533000949,0.08873656137506424,0.10921203486250611,0.33893136828292236,0.08660919219255447,0.15332988482875978,0.5831467678105686,0.5702344540403441,0.14230543775947893,221,0.2606132075471698,0.8416289592760181,848,0.04848384410180696,0.015543762201178245,0.12467462533000949,0.08873656137506424,0.13519859591981132,0.6794032633109852,0.17118159794185928,0.2200987637388758,0.8257524820855618,0.7436017576299656,0.14230543775947893,289,0.3408018867924528,0.9446366782006921,848,1696,10.0,y,0.014973496626005584,0.029922842164033788,0.015305676259366702,0.4884952380037084,0.04848384410180696,0.04844346579938147,0.2200987637388758,0.01956917213493078,0.02351308389993404,0.023510053581600736,0.15332988482875978,0.10921203486250611,-0.001740780955003121,0.5150325982700343,0.7227364451986762,0.07784134910019677,0.25182486572045554,0.057751599,0.7,0,2945,520,848,637,42,59.0,72,0,42,58.0
main,A375,0.7,lowrank,1,0,False,0.0,False,100,2945,520,929,1856,"{'rank': 16, 'lr': 0.03, 'weight_decay': 0.01}",6,5,0.3386852443218231,0.7139604091644287,100,2,0.14993979481427075,0.12079947401446157,1.0,929,0.025031408106400987,0.014545926519399774,0.12060649451584178,0.08902933379901287,0.12129364022426908,0.4188929980459183,0.09130663424730301,0.15819648617899848,0.6515555523436316,0.6626574228511286,0.14230543775947893,299,0.3218514531754575,0.8561872909698997,929,0.025031408106400987,0.014545926519399774,0.12060649451584178,0.08902933379901287,0.12129364022426908,0.4188929980459183,0.09130663424730301,0.15819648617899848,0.6515555523436316,0.6626574228511286,0.14230543775947893,299,0.3218514531754575,0.8561872909698997,929,0.05142657608939356,0.014545926519399774,0.12060649451584178,0.08902933379901287,0.14835670026910655,0.7171515658729652,0.18080540996353858,0.2252608861678265,0.8457574925291034,0.7569684232330863,0.14230543775947893,359,0.38643702906350913,0.9108635097493036,929,1858,3.0,y,0.0172647124911832,0.036890133283186875,0.01670716294016377,0.547110258130234,0.05142657608939356,0.05074246683711448,0.2252608861678265,0.024530830573902873,0.025031408106400987,0.025026128239382057,0.15819648617899848,0.12129364022426908,0.002297796122141972,0.5132592910154177,0.7124800578249523,0.0961059488341943,0.25826780621911316,0.08287033199999999,0.7,1,2945,520,929,556,48,59.0,73,0,48,59.0
main,A375,0.7,lowrank,2,0,False,0.0,False,100,2945,520,928,1856,"{'rank': 16, 'lr': 0.03, 'weight_decay': 0.01}",6,5,0.4311006963253021,0.7563589215278625,35,2,0.14774041947392558,0.12058247908115553,1.0,928,0.026743150793592525,0.01738384435126358,0.13184780753301734,0.09456730683317432,0.12283547425362444,0.3499702228269741,0.09213551133871078,0.16352495265725636,0.5925326617425823,0.608074034847093,0.14230543775947893,291,0.3135775862068966,0.8694158075601375,928,0.026743150793592525,0.01738384435126358,0.13184780753301734,0.09456730683317432,0.12283547425362444,0.3499702228269741,0.09213551133871078,0.16352495265725636,0.5925326617425823,0.608074034847093,0.14230543775947893,291,0.3135775862068966,0.8694158075601375,928,0.055124801199662114,0.01738384435126358,0.13184780753301734,0.09456730683317432,0.15148584803556037,0.6846456772098048,0.1881653232373474,0.23376891151829587,0.8261432779108873,0.7450401626759853,0.14230543775947893,358,0.3857758620689655,0.8938547486033519,928,1856,3.0,y,0.016592533953712633,0.03321402167781606,0.015949117863718686,0.5198076878967282,0.055124801199662114,0.05464790399244884,0.23376891151829587,0.02612940651728454,0.026743150793592525,0.026740410141557935,0.16352495265725636,0.12283547425362444,-0.0016554914782600301,0.5148617280862602,0.7152116095903319,0.09510874305579879,0.2850436531239392,0.07992115049999998,0.7,2,2945,520,928,557,47,59.0,70,0,47,58.0
main,A375,0.4,mlp_ordered,5,0,False,0.0,False,100,1683,297,1000,3570,"{'emb_dim': 8, 'hidden': 24, 'lr': 0.01, 'weight_decay': 0.001}",6,5,0.17167192697525024,1.3589280843734741,130,2,0.15107282564307936,0.1244081958844298,0.75,1000,0.02590229375319312,0.020927599885543293,0.14466374765484025,0.10131320202310945,0.12261007978840056,0.19205611344889362,0.14121778309345245,0.16094104591812394,0.5487725909102589,0.5907409347409347,0.14230543775947893,323,0.323,0.8390092879256966,1000,0.02590229375319312,0.018427825683136362,0.13574912774355627,0.09675116525343895,0.12261007978840056,0.28856394500333926,0.10591334104537964,0.16094104591812394,0.5487725903946132,0.5907409347409347,0.14230543775947893,323,0.323,0.8390092879256966,1000,0.05207121989867977,0.018427825683136362,0.13574912774355627,0.09675116525343895,0.151636287456,0.6461034383486071,0.19773944499760737,0.22763419355102732,0.8054150082463849,0.755977295977296,0.14230543775947893,404,0.404,0.8935643564356436,1000,2000,0.01,y,0.017875191311723312,0.035675814011341365,0.01671267300135232,0.53154052781979,0.05207121989867977,0.051817326073626574,0.22763419355102732,0.026640985739105862,0.02590229375319312,0.025902020261219676,0.16094104591812394,0.12261007978840056,-0.0005229646005636308,0.5025602664275232,0.7072282116220571,0.09346180729447534,0.28125236760307354,0.08435475749999999,0.4,5,1683,297,1000,485,25,34.0,47,0,25,34.0
main,A375,0.4,mlp_ordered,4,0,False,0.0,False,100,1683,297,893,3570,"{'emb_dim': 8, 'hidden': 24, 'lr': 0.01, 'weight_decay': 0.001}",6,5,0.12614664435386658,1.2996820211410522,165,2,0.14947798299182996,0.12032060750019778,0.625,893,0.02489742640679801,0.02397144732304039,0.15482715305475456,0.1078606257424122,0.11838217234469574,0.03719175904481398,0.1444278210401535,0.15744259860712684,0.476627044105569,0.5086308807739466,0.14230543775947893,280,0.3135498320268757,0.7964285714285714,893,0.02489742640679801,0.019404669898471387,0.13930064572165984,0.10016444383928239,0.11838217234469574,0.22061543304037545,0.09026739001274109,0.15744259860712684,0.4766270448164295,0.5086308807739466,0.14230543775947893,280,0.3135498320268757,0.7964285714285714,893,0.05446332410588529,0.019404669898471387,0.13930064572165984,0.10016444383928239,0.15261419986002242,0.6437112457413423,0.19124266509090881,0.23311662515342554,0.8022136308688913,0.7524461430619892,0.14230543775947893,358,0.4008958566629339,0.9301675977653632,893,1786,3.0,y,0.016959662020813383,0.037970282817194646,0.017489079170095175,0.5394008716159644,0.05446332410588529,0.05434336092292272,0.23311662515342554,0.024441786843583516,0.02489742640679801,0.02478817185616486,0.15744259860712684,0.11838217234469574,-0.01045249016422166,0.5428588538152117,0.7407982189457241,0.08874994579847115,0.2567022501246209,0.084422402,0.4,4,1683,297,893,592,24,33.0,49,0,25,33.0
main,A375,0.7,lowrank,3,0,False,0.0,False,100,2945,520,999,1856,"{'rank': 16, 'lr': 0.03, 'weight_decay': 0.01}",6,5,0.4378596544265747,0.7044695615768433,40,2,0.14837097531251878,0.12024190481410105,1.0,999,0.024043489995327603,0.01528651419111371,0.12363864359945764,0.09260559085413894,0.11694891291407528,0.36421400578350505,0.08959846198558807,0.15499604850375395,0.6045651352733318,0.6054339549970811,0.14230543775947893,330,0.3303303303303303,0.8696969696969697,999,0.024043489995327603,0.01528651419111371,0.12363864359945764,0.09260559085413894,0.11694891291407528,0.36421400578350505,0.08959846198558807,0.15499604850375395,0.6045651352733318,0.6054339549970811,0.14230543775947893,330,0.3303303303303303,0.8696969696969697,999,0.045494754343491976,0.01528651419111371,0.12363864359945764,0.09260559085413894,0.1429069186936937,0.6639939172833352,0.1679400106597086,0.21202409330184552,0.8130080412164147,0.7404318426643075,0.14230543775947893,389,0.3893893893893894,0.9203084832904884,999,1998,0.01,y,0.015881193393049577,0.029658900279592133,0.014996892346472467,0.4943544027223553,0.045494754343491976,0.0449542161404697,0.21202409330184552,0.021202449912209306,0.024043489995327603,0.02402377505177805,0.15499604850375395,0.11694891291407528,-0.004440151298047653,0.47151071937226485,0.682346247872638,0.09190138648668386,0.25476183794249363,0.086955518,0.7,3,2945,520,999,486,45,59.0,70,0,45,59.5
main,A375,0.7,lowrank,4,0,False,0.0,False,100,2945,520,893,1856,"{'rank': 16, 'lr': 0.03, 'weight_decay': 0.01}",6,5,0.3396015167236328,0.7089361548423767,85,2,0.1500610731955604,0.1200011256615439,1.0,893,0.02426014644336639,0.01589004257959589,0.12605571220534154,0.09050156400081324,0.11751595204086303,0.3450145646610139,0.09184981882572174,0.15551939864228825,0.586432517599065,0.6123481723045902,0.14230543775947893,270,0.3023516237402016,0.8444444444444444,893,0.02426014644336639,0.01589004257959589,0.12605571220534154,0.09050156400081324,0.11751595204086303,0.3450145646610139,0.09184981882572174,0.15551939864228825,0.586432517599065,0.6123481723045902,0.14230543775947893,270,0.3023516237402016,0.8444444444444444,893,0.05446332410588529,0.01589004257959589,0.12605571220534154,0.09050156400081324,0.15261419986002242,0.7082432473511322,0.1960198037055881,0.23311662515342554,0.8414198392735001,0.7845328164594215,0.14230543775947893,358,0.4008958566629339,0.9357541899441341,893,1786,1.0,y,0.01729667185621313,0.037970282817194646,0.0168657609439221,0.5558168206141323,0.05446332410588529,0.05434336092292272,0.23311662515342554,0.02766305982114362,0.02426014644336639,0.02418628335405897,0.15551939864228825,0.11751595204086303,-0.008594363810511152,0.5545599384238677,0.7456373497700916,0.08819494991210525,0.2543387148141831,0.084422402,0.7,4,2945,520,893,592,47,59.0,70,0,47,58.0
main,A375,0.7,lowrank,5,0,False,0.0,False,100,2945,520,1000,1856,"{'rank': 16, 'lr': 0.03, 'weight_decay': 0.01}",6,5,0.3361603021621704,0.7213486433029175,85,2,0.15095545889793882,0.12200059940206721,1.0,1000,0.02571368830118575,0.01566532176276422,0.12516118313104993,0.09032322074661508,0.12191550117625304,0.39077888868856525,0.09471595287322998,0.1603545939687456,0.62620578832926,0.6593746793746795,0.14230543775947893,322,0.322,0.8913043478260869,1000,0.02571368830118575,0.01566532176276422,0.12516118313104993,0.09032322074661508,0.12191550117625304,0.39077888868856525,0.09471595287322998,0.1603545939687456,0.62620578832926,0.6593746793746795,0.14230543775947893,322,0.322,0.8913043478260869,1000,0.05207121989867977,0.01566532176276422,0.12516118313104993,0.09032322074661508,0.151636287456,0.6991558524412177,0.18818624568889572,0.22763419355102732,0.8353460641415582,0.7766786006786007,0.14230543775947893,404,0.404,0.9257425742574258,1000,2000,0.01,y,0.01757841883724914,0.035675814011341365,0.016487361108388512,0.5378560639668328,0.05207121989867977,0.051817326073626574,0.22763419355102732,0.027483200892779357,0.02571368830118575,0.025713595806881265,0.1603545939687456,0.12191550117625304,-0.0003041287629950489,0.5061823335189868,0.7099244768665671,0.09315804526383707,0.27423732923723326,0.08435475749999999,0.7,5,2945,520,1000,485,45,59.0,70,0,45,59.0
main,A375,0.7,lowrank,6,0,False,0.0,False,100,2945,520,949,1856,"{'rank': 16, 'lr': 0.03, 'weight_decay': 0.01}",6,5,0.33982419967651367,0.6858917474746704,190,2,0.14785693479054918,0.12086954546586993,1.0,949,0.025057298519318733,0.014982657209446564,0.12240366501639795,0.08839920032156844,0.11979014271627805,0.4020641451872714,0.08748272061347961,0.15821517588141462,0.639930323816478,0.6558649835831258,0.14230543775947893,298,0.31401475237091675,0.8691275167785235,949,0.025057298519318733,0.014982657209446564,0.12240366501639795,0.08839920032156844,0.11979014271627805,0.4020641451872714,0.08748272061347961,0.15821517588141462,0.639930323816478,0.6558649835831258,0.14230543775947893,298,0.31401475237091675,0.8691275167785235,949,0.05090425915565487,0.014982657209446564,0.12240366501639795,0.08839920032156844,0.1458528073667018,0.7056698701059052,0.19108109773727497,0.22561830227374263,0.8402072241938201,0.7592163004782901,0.14230543775947893,357,0.3761854583772392,0.9299719887955182,949,1898,0.3,y,0.015712341277827346,0.033398175481822466,0.016141788471987575,0.5166865183766395,0.05090425915565487,0.050903618320885906,0.22561830227374263,0.03069028400911101,0.025057298519318733,0.025032041879186964,0.15821517588141462,0.11979014271627805,0.005025598484933873,0.5077563462283459,0.7154975720089755,0.09408654401539988,0.26924100566111714,0.08122505299999999,0.7,6,2945,520,949,536,45,59.0,71,0,45,58.0
main,A375,0.7,lowrank,7,0,False,0.0,False,100,2945,520,1003,1856,"{'rank': 16, 'lr': 0.03, 'weight_decay': 0.01}",6,5,0.403266578912735,0.7710157036781311,60,2,0.14874171132990405,0.11978167223491198,1.0,1003,0.02376389869332503,0.015821449886365507,0.12578334502773214,0.09213054784113184,0.11567329573765879,0.3342233069353412,0.09232357889413834,0.15394720473105888,0.5779228093993125,0.5932337776850044,0.14230543775947893,300,0.29910269192422734,0.8466666666666667,1003,0.02376389869332503,0.015821449886365507,0.12578334502773214,0.09213054784113184,0.11567329573765879,0.3342233069353412,0.09232357889413834,0.15394720473105888,0.5779228093993125,0.5932337776850044,0.14230543775947893,300,0.29910269192422734,0.8466666666666667,1003,0.05029119050290174,0.015821449886365507,0.12578334502773214,0.09213054784113184,0.147940451555334,0.685403154545474,0.19061316607738157,0.22317674314621583,0.8268116227072909,0.7539044483554371,0.14230543775947893,404,0.40279162512462613,0.9282178217821783,1003,2006,1.0,y,0.0153369855225696,0.03289530031258368,0.01612532281220431,0.5097985834154012,0.05029119050290174,0.04980785868135199,0.22317674314621583,0.02877306910113656,0.02376389869332503,0.02369974184450656,0.15394720473105888,0.11567329573765879,-0.008009797052265118,0.5274739282229979,0.7247398791913331,0.0880876229573958,0.25084708445765136,0.090758392,0.7,7,2945,520,1003,482,46,59.0,72,0,46,59.0
main,A375,0.4,mlp_ordered,6,0,False,0.0,False,100,1683,297,949,3570,"{'emb_dim': 8, 'hidden': 24, 'lr': 0.01, 'weight_decay': 0.001}",6,5,0.4008208215236664,1.6164557933807373,60,2,0.14432949349672114,0.11661605750453173,0.875,949,0.025725993847599996,0.02226629592939137,0.14921895298316287,0.11038798332201286,0.12161887686294423,0.13448257582209533,0.09105298668146133,0.1602500109871823,0.40276599168760724,0.40972016548153006,0.14230543775947893,305,0.321390937829294,0.7442622950819672,949,0.025725993847599996,0.02179196220164943,0.14762100867305247,0.10965124011935114,0.12161887686294423,0.1529204923726426,0.07967136800289154,0.1602500109871823,0.40276599064286084,0.40972016548153006,0.14230543775947893,305,0.321390937829294,0.7442622950819672,949,0.05090425915565487,0.021791962201649428,0.14762100867305245,0.10965124011935114,0.1458528073667018,0.5719029691599274,0.18870143310983195,0.22561830227374263,0.7606520303263015,0.6798426198480957,0.14230543775947893,357,0.3761854583772392,0.8851540616246498,949,1898,0.3,y,0.016621083185193272,0.033398175481822466,0.016747790051506846,0.49854176733031064,0.05090425915565487,0.050903618320885906,0.22561830227374263,0.029603886889552525,0.025725993847599996,0.025680066021392046,0.1602500109871823,0.12161887686294423,0.0067770071718972575,0.49462001266072575,0.7061523445142084,0.09151435195785662,0.2713839462876254,0.08122505299999999,0.4,6,1683,297,949,536,21,33.5,46,0,21,33.0
main,A375,0.4,mlp_ordered,7,0,False,0.0,False,100,1683,297,1003,58074,"{'emb_dim': 32, 'hidden': 48, 'lr': 0.01, 'weight_decay': 0.001}",6,4,0.003913567401468754,1.742753028869629,360,2,0.14992895765301748,0.11855993251167941,0.625,1003,0.024667204830606148,0.027639361748650882,0.16625089999350645,0.11966268545791799,0.1184376797011508,-0.12049021923866277,0.14944027364253998,0.15656199144713984,0.4116972739812397,0.4333593560516532,0.14230543775947893,312,0.31106679960119643,0.7564102564102564,1003,0.024667204830606148,0.02128541338054441,0.14589521369991687,0.10536531352891201,0.1184376797011508,0.13709666228034623,0.09340016543865204,0.15656199144713984,0.4116972752681838,0.4333593560516532,0.14230543775947893,312,0.31106679960119643,0.7564102564102564,1003,0.05029119050290174,0.02128541338054441,0.14589521369991687,0.10536531352891201,0.147940451555334,0.5767566214341999,0.1873570715826217,0.22317674314621583,0.7618992046141708,0.703683412629207,0.14230543775947893,404,0.40279162512462613,0.905940594059406,1003,2006,1.0,y,0.016494152072132656,0.03289530031258368,0.016773089649027743,0.4901068088862708,0.05029119050290174,0.04980785868135199,0.22317674314621583,0.027091967284147124,0.024667204830606148,0.024511657165894287,0.15656199144713984,0.1184376797011508,-0.012471874947731713,0.5095124099481623,0.7130331442375414,0.08907252660794462,0.25947017945969747,0.090758392,0.4,7,1683,297,1003,482,21,34.0,44,0,21,34.0
main,A375,0.7,mlp,1,0,False,0.0,False,100,2945,520,929,3369,"{'emb_dim': 8, 'hidden': 24, 'lr': 0.01, 'weight_decay': 0.001}",6,5,0.2924365997314453,0.8126794099807739,95,2,0.14993979481427075,0.12079947401446157,0.875,929,0.025031408106400987,0.01953795738749238,0.1397782436128469,0.10088832301931311,0.12129364022426908,0.2194623129293246,0.13234227895736694,0.15819648617899848,0.5494827818237668,0.5881182266865108,0.14230543775947893,299,0.3218514531754575,0.8294314381270903,929,0.025031408106400987,0.01830899265004603,0.1353107262933949,0.09872883621029882,0.12129364022426908,0.2685592207909355,0.11579949408769608,0.15819648617899848,0.5494827830887314,0.5881182266865108,0.14230543775947893,299,0.3218514531754575,0.8294314381270903,929,0.05142657608939356,0.01830899265004603,0.1353107262933949,0.09872883621029882,0.14835670026910655,0.6439779965475447,0.20053744742123705,0.2252608861678265,0.8041719982837058,0.7258497062278263,0.14230543775947893,359,0.38643702906350913,0.9192200557103064,929,1858,3.0,y,0.0172647124911832,0.036890133283186875,0.01670716294016377,0.547110258130234,0.05142657608939356,0.05074246683711448,0.2252608861678265,0.024530830573902873,0.025031408106400987,0.025026128239382057,0.15819648617899848,0.12129364022426908,0.002297796122141972,0.5132592910154177,0.7124800578249523,0.0961059488341943,0.25826780621911316,0.08287033199999999,0.7,1,2945,520,929,556,48,59.0,73,0,48,59.0
main,A375,0.7,mlp,0,0,False,0.0,False,100,2945,520,848,17873,"{'emb_dim': 16, 'hidden': 48, 'lr': 0.03, 'weight_decay': 0.01}",6,2,0.3609512746334076,0.7044538259506226,30,2,0.15210052426836865,0.12314793794453015,0.75,848,0.02351308389993404,0.016300777877185764,0.12767449971386519,0.09342063503075455,0.10921203486250611,0.3067358604869568,0.10325130075216293,0.15332988482875978,0.5648731230525066,0.5465523360746679,0.14230543775947893,221,0.2606132075471698,0.8597285067873304,848,0.02351308389993404,0.01610404611768023,0.12690171834014002,0.09131069492601461,0.10921203486250611,0.3151027663485092,0.07743847370147705,0.15332988482875978,0.5648731223095287,0.5465523360746679,0.14230543775947893,221,0.2606132075471698,0.8597285067873304,848,0.04848384410180696,0.016104046117680227,0.12690171834014,0.09131069492601461,0.13519859591981132,0.6678471681439954,0.17457120874514045,0.2200987637388758,0.8175590801626522,0.721347637264759,0.14230543775947893,289,0.3408018867924528,0.9342560553633218,848,1696,10.0,y,0.014973496626005584,0.029922842164033788,0.015305676259366702,0.4884952380037084,0.04848384410180696,0.04844346579938147,0.2200987637388758,0.01956917213493078,0.02351308389993404,0.023510053581600736,0.15332988482875978,0.10921203486250611,-0.001740780955003121,0.5150325982700343,0.7227364451986762,0.07784134910019677,0.25182486572045554,0.057751599,0.7,0,2945,520,848,637,42,59.0,72,0,42,58.0
main,A375,0.7,mlp,2,0,False,0.0,False,100,2945,520,928,17873,"{'emb_dim': 16, 'hidden': 48, 'lr': 0.03, 'weight_decay': 0.01}",6,2,0.31776273250579834,0.8136836886405945,35,2,0.14774041947392558,0.12058247908115553,0.75,928,0.026743150793592525,0.01829589179149643,0.13526230735684067,0.09796030330888811,0.12283547425362444,0.31586625926366163,0.11553003638982773,0.16352495265725636,0.5772918913513212,0.5903203740548236,0.14230543775947893,291,0.3135775862068966,0.8350515463917526,928,0.026743150793592525,0.017903533367126984,0.13380408576395186,0.09683794649829448,0.12283547425362444,0.3305376204431174,0.08664752542972565,0.16352495265725636,0.5772918909783628,0.5903203740548236,0.14230543775947893,291,0.3135775862068966,0.8350515463917526,928,0.055124801199662114,0.017903533367126984,0.13380408576395186,0.09683794649829448,0.15148584803556037,0.6752181780705139,0.18733563033375164,0.23376891151829587,0.8203739116023331,0.7454035811684384,0.14230543775947893,358,0.3857758620689655,0.9189944134078212,928,1856,3.0,y,0.016592533953712633,0.03321402167781606,0.015949117863718686,0.5198076878967282,0.055124801199662114,0.05464790399244884,0.23376891151829587,0.02612940651728454,0.026743150793592525,0.026740410141557935,0.16352495265725636,0.12283547425362444,-0.0016554914782600301,0.5148617280862602,0.7152116095903319,0.09510874305579879,0.2850436531239392,0.07992115049999998,0.7,2,2945,520,928,557,47,59.0,70,0,47,58.0
main,A375,0.7,mlp,3,0,False,0.0,False,100,2945,520,999,17873,"{'emb_dim': 16, 'hidden': 48, 'lr': 0.03, 'weight_decay': 0.01}",6,2,0.3176637887954712,0.723276674747467,40,2,0.14837097531251878,0.12024190481410105,0.875,999,0.024043489995327603,0.015556460554690128,0.12472554090758688,0.09165921486344229,0.11694891291407528,0.3529865856531963,0.1069219633936882,0.15499604850375395,0.6026430472505648,0.6055620068966762,0.14230543775947893,330,0.3303303303303303,0.8636363636363636,999,0.024043489995327603,0.015364984861707905,0.12395557616221993,0.09103701459092595,0.11694891291407528,0.36095030859938393,0.0935567244887352,0.15499604850375395,0.6026430456414558,0.6055620068966762,0.14230543775947893,330,0.3303303303303303,0.8636363636363636,999,0.045494754343491976,0.015364984861707903,0.12395557616221992,0.09103701459092595,0.1429069186936937,0.6622690883063123,0.16965107236134755,0.21202409330184552,0.8122969221430667,0.7321381983185589,0.14230543775947893,389,0.3893893893893894,0.9177377892030848,999,1998,0.01,y,0.015881193393049577,0.029658900279592133,0.014996892346472467,0.4943544027223553,0.045494754343491976,0.0449542161404697,0.21202409330184552,0.021202449912209306,0.024043489995327603,0.02402377505177805,0.15499604850375395,0.11694891291407528,-0.004440151298047653,0.47151071937226485,0.682346247872638,0.09190138648668386,0.25476183794249363,0.086955518,0.7,3,2945,520,999,486,45,59.0,70,0,45,59.5
main,A375,0.7,mlp,4,0,False,0.0,False,100,2945,520,893,17873,"{'emb_dim': 16, 'hidden': 48, 'lr': 0.03, 'weight_decay': 0.01}",6,2,0.25851762294769287,0.7491719126701355,40,2,0.1500610731955604,0.1200011256615439,0.875,893,0.02426014644336639,0.018755026350978247,0.13694899178518347,0.09781037930179547,0.11751595204086303,0.22692031580433603,0.11581578850746155,0.15551939864228825,0.5235109385753438,0.5496943199534399,0.14230543775947893,270,0.3023516237402016,0.8074074074074075,893,0.02426014644336639,0.017973509624782787,0.13406531850103062,0.09595382745783762,0.11751595204086303,0.25913433100081706,0.10133881121873856,0.15551939864228825,0.523510939662254,0.5496943199534399,0.14230543775947893,270,0.3023516237402016,0.8074074074074075,893,0.05446332410588529,0.017973509624782787,0.13406531850103062,0.09595382745783762,0.15261419986002242,0.6699887507813616,0.20173591727715032,0.23311662515342554,0.8195769785396946,0.7657486789352996,0.14230543775947893,358,0.4008958566629339,0.9245810055865922,893,1786,1.0,y,0.01729667185621313,0.037970282817194646,0.0168657609439221,0.5558168206141323,0.05446332410588529,0.05434336092292272,0.23311662515342554,0.02766305982114362,0.02426014644336639,0.02418628335405897,0.15551939864228825,0.11751595204086303,-0.008594363810511152,0.5545599384238677,0.7456373497700916,0.08819494991210525,0.2543387148141831,0.084422402,0.7,4,2945,520,893,592,47,59.0,70,0,47,58.0
main,A375,0.7,mlp,5,0,False,0.0,False,100,2945,520,1000,17873,"{'emb_dim': 16, 'hidden': 48, 'lr': 0.03, 'weight_decay': 0.01}",6,2,0.19747531414031982,0.7852422595024109,55,2,0.15095545889793882,0.12200059940206721,0.75,1000,0.02571368830118575,0.01809533259662826,0.13451889308431086,0.09831946845124688,0.12191550117625304,0.296276271817691,0.13342314958572388,0.1603545939687456,0.5941121872160963,0.6204324684324685,0.14230543775947893,322,0.322,0.8633540372670807,1000,0.02571368830118575,0.016661853374910135,0.12908080172864644,0.09390672744429708,0.12191550117625304,0.35202398116719025,0.10006736218929291,0.1603545939687456,0.5941121882101636,0.6204324684324685,0.14230543775947893,322,0.322,0.8633540372670807,1000,0.05207121989867977,0.016661853374910135,0.12908080172864644,0.09390672744429708,0.151636287456,0.6800179944443248,0.19332333825871897,0.22763419355102732,0.8240816410695933,0.768911592911593,0.14230543775947893,404,0.404,0.9158415841584159,1000,2000,0.01,y,0.01757841883724914,0.035675814011341365,0.016487361108388512,0.5378560639668328,0.05207121989867977,0.051817326073626574,0.22763419355102732,0.027483200892779357,0.02571368830118575,0.025713595806881265,0.1603545939687456,0.12191550117625304,-0.0003041287629950489,0.5061823335189868,0.7099244768665671,0.09315804526383707,0.27423732923723326,0.08435475749999999,0.7,5,2945,520,1000,485,45,59.0,70,0,45,59.0
main,A375,0.7,mlp,6,0,False,0.0,False,100,2945,520,949,17873,"{'emb_dim': 16, 'hidden': 48, 'lr': 0.03, 'weight_decay': 0.01}",6,2,0.2580260634422302,0.7276782393455505,40,2,0.14785693479054918,0.12086954546586993,0.875,949,0.025057298519318733,0.018574671937800182,0.13628892815559224,0.0965403755114137,0.11979014271627805,0.2587121104264516,0.1109594851732254,0.15821517588141462,0.534743762420526,0.5816790913539199,0.14230543775947893,298,0.31401475237091675,0.8288590604026845,949,0.025057298519318733,0.018037646573755332,0.13430430586453784,0.09544909759962701,0.11979014271627805,0.2801440043567096,0.09708955138921738,0.15821517588141462,0.5347437618037009,0.5816790913539199,0.14230543775947893,298,0.31401475237091675,0.8288590604026845,949,0.05090425915565487,0.018037646573755332,0.13430430586453784,0.09544909759962701,0.1458528073667018,0.6456554545151147,0.19650670055398817,0.22561830227374263,0.8062219517638854,0.7375011530774356,0.14230543775947893,357,0.3761854583772392,0.9243697478991597,949,1898,0.3,y,0.015712341277827346,0.033398175481822466,0.016141788471987575,0.5166865183766395,0.05090425915565487,0.050903618320885906,0.22561830227374263,0.03069028400911101,0.025057298519318733,0.025032041879186964,0.15821517588141462,0.11979014271627805,0.005025598484933873,0.5077563462283459,0.7154975720089755,0.09408654401539988,0.26924100566111714,0.08122505299999999,0.7,6,2945,520,949,536,45,59.0,71,0,45,58.0
main,A375,0.7,mlp,7,0,False,0.0,False,100,2945,520,1003,17873,"{'emb_dim': 16, 'hidden': 48, 'lr': 0.03, 'weight_decay': 0.01}",6,2,0.246349036693573,0.8194650411605835,40,2,0.14874171132990405,0.11978167223491198,0.75,1003,0.02376389869332503,0.01839718112199731,0.1356362087423462,0.0993954065342014,0.11567329573765879,0.22583489521587474,0.12987516820430756,0.15394720473105888,0.5545993862617493,0.5882046229562856,0.14230543775947893,300,0.29910269192422734,0.8533333333333334,1003,0.02376389869332503,0.016570840843612416,0.12872777805746674,0.09509743142284467,0.11567329573765879,0.3026884579226493,0.09740636497735977,0.15394720473105888,0.5545993858134906,0.5882046229562856,0.14230543775947893,300,0.29910269192422734,0.8533333333333334,1003,0.05029119050290174,0.016570840843612416,0.12872777805746674,0.09509743142284467,0.147940451555334,0.6705021162174258,0.19066457007175658,0.22317674314621583,0.817895554653616,0.7518661778340814,0.14230543775947893,404,0.40279162512462613,0.9306930693069307,1003,2006,1.0,y,0.0153369855225696,0.03289530031258368,0.01612532281220431,0.5097985834154012,0.05029119050290174,0.04980785868135199,0.22317674314621583,0.02877306910113656,0.02376389869332503,0.02369974184450656,0.15394720473105888,0.11567329573765879,-0.008009797052265118,0.5274739282229979,0.7247398791913331,0.0880876229573958,0.25084708445765136,0.090758392,0.7,7,2945,520,1003,482,46,59.0,72,0,46,59.0
main,A375,0.7,mlp_ordered,0,0,False,0.0,False,100,2945,520,848,3570,"{'emb_dim': 8, 'hidden': 24, 'lr': 0.01, 'weight_decay': 0.001}",6,5,0.31419309973716736,0.9289782047271729,115,2,0.15210052426836865,0.12314793794453015,0.875,848,0.02351308389993404,0.013919100494789229,0.11797923755809421,0.08208034013555716,0.10921203486250611,0.4080274389346148,0.1099206730723381,0.15332988482875978,0.6432966211433175,0.6186615707477704,0.14230543775947893,221,0.2606132075471698,0.8461538461538461,848,0.02351308389993404,0.013796552882243142,0.11745872842085062,0.08167754035912493,0.10921203486250611,0.4132393291769846,0.09618058800697327,0.15332988482875978,0.6432966204855152,0.6186615707477704,0.14230543775947893,221,0.2606132075471698,0.8461538461538461,848,0.04848384410180696,0.013796552882243142,0.11745872842085062,0.08167754035912493,0.13519859591981132,0.7154402020336306,0.18540274162692663,0.2200987637388758,0.8458215522292775,0.773057794565289,0.14230543775947893,289,0.3408018867924528,0.9446366782006921,848,1696,10.0,y,0.014973496626005584,0.029922842164033788,0.015305676259366702,0.4884952380037084,0.04848384410180696,0.04844346579938147,0.2200987637388758,0.01956917213493078,0.02351308389993404,0.023510053581600736,0.15332988482875978,0.10921203486250611,-0.001740780955003121,0.5150325982700343,0.7227364451986762,0.07784134910019677,0.25182486572045554,0.057751599,0.7,0,2945,520,848,637,42,59.0,72,0,42,58.0
main,A375,0.7,mlp_ordered,1,0,False,0.0,False,100,2945,520,929,3570,"{'emb_dim': 8, 'hidden': 24, 'lr': 0.01, 'weight_decay': 0.001}",6,5,0.22976315021514893,1.0557814836502075,175,2,0.14993979481427075,0.12079947401446157,0.875,929,0.025031408106400987,0.015386159540659423,0.1240409591250383,0.08689928548255653,0.12129364022426908,0.38532584841981377,0.1359131932258606,0.15819648617899848,0.6540297470674376,0.6765953768749154,0.14230543775947893,299,0.3218514531754575,0.8762541806020067,929,0.025031408106400987,0.0145712405587663,0.12071139365762579,0.08559667939410369,0.12129364022426908,0.41788170698075233,0.11892405152320862,0.15819648617899848,0.6540297473111755,0.6765953768749154,0.14230543775947893,299,0.3218514531754575,0.8762541806020067,929,0.05142657608939356,0.0145712405587663,0.12071139365762579,0.08559667939410369,0.14835670026910655,0.7166593293429167,0.1990648008757689,0.2252608861678265,0.8453016091968834,0.7761507673278883,0.14230543775947893,359,0.38643702906350913,0.924791086350975,929,1858,3.0,y,0.0172647124911832,0.036890133283186875,0.01670716294016377,0.547110258130234,0.05142657608939356,0.05074246683711448,0.2252608861678265,0.024530830573902873,0.025031408106400987,0.025026128239382057,0.15819648617899848,0.12129364022426908,0.002297796122141972,0.5132592910154177,0.7124800578249523,0.0961059488341943,0.25826780621911316,0.08287033199999999,0.7,1,2945,520,929,556,48,59.0,73,0,48,59.0
main,PANC1,0.05,zero,0,0,False,0.0,False,100,211,37,848,0,{},1,0,1.0,0.8708274364471436,0,1,0.132603000065546,0.09932477177966054,0.0,848,0.018813048853927827,0.018813048853927827,0.13716066802814803,0.09591045211244707,0.09591045211244707,0.0,0.0,0.13698660504292903,,,0.10236915120306743,311,0.36674528301886794,,848,0.018813048853927827,0.018813048853927827,0.13716066802814803,0.09591045211244707,0.09591045211244707,0.0,0.0,0.13698660504292903,,,0.10236915120306743,311,0.36674528301886794,,848,0.022724106965869406,0.018813048853927827,0.13716066802814803,0.09591045211244707,0.09987849063797169,0.17211053080395255,0.037961227833773266,0.15039416564770727,0.4636533045043937,0.44970957528612887,0.10236915120306743,318,0.375,0.7515723270440252,848,1696,10.0,y,0.021013296029305472,0.012890183553374132,0.01068648311239041,0.17095958578548576,0.022724106965869406,0.02261840506087001,0.15039416564770727,0.0014524336807892233,0.018813048853927827,0.018765329961187432,0.13698660504292903,0.09591045211244707,-0.0069078862715300825,0.17211053080395255,0.46365330450439335,0.060941634343499265,0.22516758987605942,0.0572801495,0.05,0,211,37,848,637,0,4.0,11,1,3,5.0
main,PANC1,0.05,zero,1,0,False,0.0,False,100,211,37,929,0,{},1,0,1.0,1.221143364906311,0,1,0.10665266733841898,0.0905851569867203,0.0,929,0.021731142728479317,0.021731142728479317,0.14741486603622891,0.10767511211617695,0.10767511211617695,0.0,0.0,0.14697427032287205,,,0.10236915120306743,362,0.38966630785791173,,929,0.021731142728479317,0.021731142728479317,0.14741486603622891,0.10767511211617695,0.10767511211617695,0.0,0.0,0.14697427032287205,,,0.10236915120306743,362,0.38966630785791173,,929,0.028557092862189527,0.021731142728479317,0.14741486603622891,0.10767511211617695,0.11231310531646933,0.23902818703047957,0.0732669324351193,0.1689557449968729,0.4973253560793175,0.4577360803955118,0.10236915120306743,369,0.39720129171151775,0.7804878048780488,929,1858,3.0,y,0.00945052037345287,0.018566535647188225,0.013038223821778655,0.29775677759500574,0.028557092862189527,0.02854604376744834,0.1689557449968729,0.005584512756942635,0.021731142728479317,0.021601436136940665,0.14697427032287205,0.10767511211617695,0.011388880170528345,0.23902818703047957,0.49732535607931755,0.07465384686387094,0.2515749668362788,0.070067712,0.05,1,211,37,929,556,1,4.0,10,0,3,4.0
main,PANC1,0.05,zero,2,0,False,0.0,False,100,211,37,928,0,{},1,0,1.0,3.0070958137512207,0,1,0.11866285529135293,0.0889867599051849,0.0,928,0.019263166245636613,0.019263166245636613,0.13879180900051924,0.10067314687642547,0.10067314687642547,0.0,0.0,0.13875525846189662,,,0.10236915120306743,327,0.35237068965517243,,928,0.019263166245636613,0.019263166245636613,0.13879180900051924,0.10067314687642547,0.10067314687642547,0.0,0.0,0.13875525846189662,,,0.10236915120306743,327,0.35237068965517243,,928,0.024605096382330657,0.019263166245636613,0.13879180900051924,0.10067314687642547,0.10164638985775863,0.21710665358458725,0.07144910071401349,0.15679700813626177,0.4658238477961584,0.42995553390130103,0.10236915120306743,329,0.3545258620689655,0.7781155015197568,928,1856,3.0,y,0.023625132348838986,0.014652404013009889,0.011272023311358716,0.23070485216280745,0.024605096382330657,0.02458530176048294,0.15679700813626177,0.0051632543471968485,0.019263166245636613,0.019253021750827732,0.13875525846189662,0.10067314687642547,0.0031850423559004293,0.21710665358458725,0.4658238477961583,0.06899632614015577,0.23558009894101617,0.0493383055,0.05,2,211,37,928,557,0,4.0,10,3,3,5.0
main,PANC1,0.05,zero,3,0,False,0.0,False,100,211,37,999,0,{},1,0,1.0,0.9237039685249329,0,1,0.10949975273343282,0.08463847105282227,0.0,999,0.022085056637540658,0.022085056637540658,0.14861041900735175,0.11081823149400373,0.11081823149400373,0.0,0.0,0.14855222218988556,,,0.10236915120306743,421,0.4214214214214214,,999,0.022085056637540658,0.022085056637540658,0.14861041900735175,0.11081823149400373,0.11081823149400373,0.0,0.0,0.14855222218988556,,,0.10236915120306743,421,0.4214214214214214,,999,0.02876868618758908,0.022085056637540658,0.14861041900735175,0.11081823149400373,0.11499516764564564,0.2323230719146211,0.07819066168712134,0.16959796940905403,0.4829767690415286,0.4450755926266947,0.10236915120306743,413,0.4134134134134134,0.7651331719128329,999,1998,3.0,y,0.007116046073681484,0.017424800008058194,0.014277435830738662,0.1806255552926873,0.02876868618758908,0.02876347122767443,0.16959796940905403,0.0061172950772311425,0.022085056637540658,0.02206776271755313,0.14855222218988556,0.11081823149400373,-0.00415859591539364,0.2323230719146211,0.4829767690415287,0.0824022391372926,0.24910794972967837,0.07310569600000003,0.05,3,211,37,999,486,1,4.0,9,0,3,4.0
main,PANC1,0.05,zero,4,0,False,0.0,False,100,211,37,893,0,{},1,0,0.9999999403953552,1.4587337970733643,0,1,0.12035198705338196,0.0936897592009915,0.0,893,0.022164717167227205,0.022164717167227205,0.1488781957414423,0.11104632652587514,0.11104632652587514,0.0,0.0,0.14887810464502152,,,0.10236915120306743,373,0.4176931690929451,,893,0.022164717167227205,0.022164717167227205,0.1488781957414423,0.11104632652587514,0.11104632652587514,0.0,0.0,0.14887810464502152,,,0.10236915120306743,373,0.4176931690929451,,893,0.030136512299856227,0.022164717167227205,0.1488781957414423,0.11104632652587514,0.11575238709182532,0.26452281714984827,0.09241699115118328,0.17358986049982916,0.5145548647389935,0.471426352865192,0.10236915120306743,372,0.4165733482642777,0.7553763440860215,893,1786,3.0,y,0.014440537213987595,0.017913896008653517,0.013520930573104113,0.24522669068902325,0.030136512299856227,0.030133439668350148,0.17358986049982916,0.008544577395640424,0.022164717167227205,0.02216469004269398,0.14887810464502152,0.11104632652587514,0.00016469527383544257,0.26452281714984827,0.5145548647389934,0.08299581645777761,0.24719179567570818,0.06946443900000002,0.05,4,211,37,893,592,0,4.0,11,2,3,5.0
main,PANC1,0.05,zero,5,0,False,0.0,False,100,211,37,1000,0,{},1,0,1.0,1.1393505334854126,0,1,0.11819552309905726,0.09726938971598398,0.0,1000,0.02117796731886209,0.02117796731886209,0.14552651757965657,0.10848304252035794,0.10848304252035794,0.0,0.0,0.14534791405453998,,,0.10236915120306743,411,0.411,,1000,0.02117796731886209,0.02117796731886209,0.14552651757965657,0.10848304252035794,0.10848304252035794,0.0,0.0,0.14534791405453998,,,0.10236915120306743,411,0.411,,1000,0.02765653256217817,0.02117796731886209,0.14552651757965657,0.10848304252035794,0.114121788415,0.23425081321206098,0.09017578867753114,0.16623131291657242,0.4882744271011418,0.4556339156339157,0.10236915120306743,424,0.424,0.7735849056603774,1000,2000,3.0,y,0.009109110873802105,0.018216405504203455,0.014610957254725818,0.19792314398390365,0.02765653256217817,0.02763284939396742,0.16623131291657242,0.008137153998931139,0.02117796731886209,0.021126016120005944,0.14534791405453998,0.10848304252035794,0.007207718006147958,0.23425081321206098,0.48827442710114166,0.08001337271832007,0.24460950256063999,0.0711317245,0.05,5,211,37,1000,485,0,4.0,9,2,3,4.0
main,PANC1,0.05,zero,6,0,False,0.0,False,100,211,37,949,0,{},1,0,1.0000001192092896,2.7979378700256348,0,1,0.10610398796307755,0.0874072388355086,0.0,949,0.019892485164727552,0.019892485164727552,0.14104072165416467,0.10603422644889042,0.10603422644889042,0.0,0.0,0.14098455164967882,,,0.10236915120306743,371,0.3909378292939937,,949,0.019892485164727552,0.019892485164727552,0.14104072165416467,0.10603422644889042,0.10603422644889042,0.0,0.0,0.14098455164967882,,,0.10236915120306743,371,0.3909378292939937,,949,0.02429682126859657,0.019892485164727552,0.14104072165416467,0.10603422644889042,0.10389387675553215,0.18127211190220927,0.09563274619619205,0.15586955366378266,0.4549873759907159,0.4499950226368231,0.10236915120306743,366,0.3856691253951528,0.7595628415300546,949,1898,1.0,y,0.015272909632289885,0.01628497278403633,0.013348505416704464,0.1803176097543372,0.02429682126859657,0.024295317759346822,0.15586955366378266,0.00917272767753545,0.019892485164727552,0.01987664380386096,0.14098455164967882,0.10603422644889042,-0.003980120710053237,0.18127211190220927,0.4549873759907159,0.07994647741616127,0.22809868639892478,0.059937546,0.05,6,211,37,949,536,1,4.0,10,0,3,5.0
main,PANC1,0.05,zero,7,0,False,0.0,False,100,211,37,1003,0,{},1,0,1.0,1.1666557788848877,0,1,0.11018997956965569,0.08455310996485313,0.0,1003,0.020032206417295213,0.020032206417295213,0.14153517731396395,0.10698824707871928,0.10698824707871928,0.0,0.0,0.14148901712522013,,,0.10236915120306743,398,0.3968095712861416,,1003,0.020032206417295213,0.020032206417295213,0.14153517731396395,0.10698824707871928,0.10698824707871928,0.0,0.0,0.14148901712522013,,,0.10236915120306743,398,0.3968095712861416,,1003,0.02646430932191515,0.020032206417295213,0.14153517731396395,0.10698824707871928,0.11020255063110669,0.2430482060339848,0.07721083467320479,0.16253778697861695,0.4924788916580377,0.4288258396792351,0.10236915120306743,428,0.4267198404785643,0.7523364485981309,1003,2006,3.0,y,0.01184552717228252,0.016634017374308155,0.013846945657050507,0.16755253133030745,0.02646430932191515,0.026418532195906265,0.16253778697861695,0.0059714443234796,0.020032206417295213,0.02001914196706084,0.14148901712522013,0.10698824707871928,0.0036144778646953813,0.2430482060339848,0.49247889165803743,0.07967715510042583,0.23619297900846062,0.07313980499999999,0.05,7,211,37,1003,482,1,4.0,9,0,3,4.0
main,A375,0.7,mlp_ordered,2,0,False,0.0,False,100,2945,520,928,3570,"{'emb_dim': 8, 'hidden': 24, 'lr': 0.01, 'weight_decay': 0.001}",6,5,0.15495161712169647,1.0345661640167236,325,2,0.14774041947392558,0.12058247908115553,0.75,928,0.026743150793592525,0.023349400212952544,0.1528051053235871,0.09251732522490454,0.12283547425362444,0.1269016731361774,0.15512260794639587,0.16352495265725636,0.5413746414546246,0.6504989657971291,0.14230543775947893,291,0.3135775862068966,0.8556701030927835,928,0.026743150793592525,0.01968546255424923,0.1403048914124138,0.08988777312110602,0.12283547425362444,0.26390638462219895,0.11634194850921631,0.16352495265725636,0.5413746409118618,0.6504989657971291,0.14230543775947893,291,0.3135775862068966,0.8556701030927835,928,0.055124801199662114,0.01968546255424923,0.1403048914124138,0.089887773121106,0.15148584803556037,0.6428928154688767,0.20445412949171862,0.23376891151829587,0.8031447421084665,0.7633736443617836,0.14230543775947893,358,0.3857758620689655,0.9217877094972067,928,1856,3.0,y,0.016592533953712633,0.03321402167781606,0.015949117863718686,0.5198076878967282,0.055124801199662114,0.05464790399244884,0.23376891151829587,0.02612940651728454,0.026743150793592525,0.026740410141557935,0.16352495265725636,0.12283547425362444,-0.0016554914782600301,0.5148617280862602,0.7152116095903319,0.09510874305579879,0.2850436531239392,0.07992115049999998,0.7,2,2945,520,928,557,47,59.0,70,0,47,58.0
main,A375,0.7,mlp_ordered,3,0,False,0.0,False,100,2945,520,999,3570,"{'emb_dim': 8, 'hidden': 24, 'lr': 0.01, 'weight_decay': 0.001}",6,5,0.30498430132865906,1.078926920890808,105,2,0.14837097531251878,0.12024190481410105,0.75,999,0.024043489995327603,0.014977858383493053,0.12238406098627816,0.08908542715086765,0.11694891291407528,0.3770514020051283,0.10894601792097092,0.15499604850375395,0.6194852759862597,0.6314642618570473,0.14230543775947893,330,0.3303303303303303,0.8666666666666667,999,0.024043489995327603,0.015018094505305645,0.1225483353836585,0.08913149706589747,0.11694891291407528,0.3753779294010925,0.08170951157808304,0.15499604850375395,0.6194852762279575,0.6314642618570473,0.14230543775947893,330,0.3303303303303303,0.8666666666666667,999,0.045494754343491976,0.015018094505305645,0.1225483353836585,0.08913149706589747,0.1429069186936937,0.669893931244977,0.1651503443581369,0.21202409330184552,0.8170551311994143,0.7534290081664831,0.14230543775947893,389,0.3893893893893894,0.9151670951156813,999,1998,0.01,y,0.015881193393049577,0.029658900279592133,0.014996892346472467,0.4943544027223553,0.045494754343491976,0.0449542161404697,0.21202409330184552,0.021202449912209306,0.024043489995327603,0.02402377505177805,0.15499604850375395,0.11694891291407528,-0.004440151298047653,0.47151071937226485,0.682346247872638,0.09190138648668386,0.25476183794249363,0.086955518,0.7,3,2945,520,999,486,45,59.0,70,0,45,59.5
main,PANC1,0.05,potential,0,0,False,0.0,False,100,211,37,848,100,"{'lr': 0.003, 'weight_decay': 0.0001}",4,0,0.9085333943367004,0.8500555753707886,25,2,0.132603000065546,0.09932477177966054,1.0,848,0.018813048853927827,0.018342926337562824,0.13543605996027358,0.09709215413364843,0.09591045211244707,0.024989172144038174,0.01380985602736473,0.13698660504292903,0.1690688326727934,0.08804670016175026,0.10236915120306743,311,0.36674528301886794,0.6237942122186495,848,0.018813048853927827,0.018342926337562824,0.13543605996027358,0.09709215413364843,0.09591045211244707,0.024989172144038174,0.01380985602736473,0.13698660504292903,0.1690688326727934,0.08804670016175026,0.10236915120306743,311,0.36674528301886794,0.6237942122186495,848,0.022724106965869406,0.018342926337562824,0.13543605996027358,0.09709215413364843,0.09987849063797169,0.19279880326592902,0.04938491033973204,0.15039416564770727,0.45379869090423275,0.4417326759210157,0.10236915120306743,318,0.375,0.7578616352201258,848,1696,10.0,y,0.021013296029305472,0.012890183553374132,0.01068648311239041,0.17095958578548576,0.022724106965869406,0.02261840506087001,0.15039416564770727,0.0014524336807892233,0.018813048853927827,0.018765329961187432,0.13698660504292903,0.09591045211244707,-0.0069078862715300825,0.17211053080395255,0.46365330450439335,0.060941634343499265,0.22516758987605942,0.0572801495,0.05,0,211,37,848,637,0,4.0,11,1,3,5.0
main,PANC1,0.05,potential,1,0,False,0.0,False,100,211,37,929,100,"{'lr': 0.003, 'weight_decay': 0.0001}",4,0,0.9970717430114746,1.2194889783859253,0,2,0.10665266733841898,0.0905851569867203,1.0,929,0.021731142728479317,0.02169741723621025,0.1473004318941742,0.10766592689157464,0.10767511211617695,0.0015519428817183378,0.0017703567864373326,0.14697427032287205,0.06725677856630535,0.013674415179645844,0.10236915120306743,362,0.38966630785791173,0.505524861878453,929,0.021731142728479317,0.02169741723621025,0.1473004318941742,0.10766592689157464,0.10767511211617695,0.0015519428817183378,0.0017703567864373326,0.14697427032287205,0.06725677856630535,0.013674415179645844,0.10236915120306743,362,0.38966630785791173,0.505524861878453,929,0.028557092862189527,0.02169741723621025,0.1473004318941742,0.10766592689157464,0.11231310531646933,0.24020917181880586,0.07367811026682605,0.1689557449968729,0.49825669123407074,0.45951695820376903,0.10236915120306743,369,0.39720129171151775,0.7777777777777778,929,1858,3.0,y,0.00945052037345287,0.018566535647188225,0.013038223821778655,0.29775677759500574,0.028557092862189527,0.02854604376744834,0.1689557449968729,0.005584512756942635,0.021731142728479317,0.021601436136940665,0.14697427032287205,0.10767511211617695,0.011388880170528345,0.23902818703047957,0.49732535607931755,0.07465384686387094,0.2515749668362788,0.070067712,0.05,1,211,37,929,556,1,4.0,10,0,3,4.0
main,PANC1,0.05,potential,2,0,False,0.0,False,100,211,37,928,100,"{'lr': 0.01, 'weight_decay': 0.0001}",4,1,0.8837165832519531,2.9540717601776123,15,2,0.11866285529135293,0.0889867599051849,1.0,928,0.019263166245636613,0.019686798243399053,0.14030965128386233,0.10584394381763013,0.10067314687642547,-0.021991815486636312,0.02380058914422989,0.13875525846189662,0.024252529106738457,-0.07554502413220116,0.10236915120306743,327,0.35237068965517243,0.5474006116207951,928,0.019263166245636613,0.019686798243399053,0.14030965128386233,0.10584394381763013,0.10067314687642547,-0.021991815486636312,0.02380058914422989,0.13875525846189662,0.024252529106738457,-0.07554502413220116,0.10236915120306743,327,0.35237068965517243,0.5474006116207951,928,0.024605096382330657,0.019686798243399053,0.14030965128386233,0.10584394381763013,0.10164638985775863,0.19988940756450435,0.09282724518314343,0.15679700813626177,0.4652306209611766,0.4347889563061749,0.10236915120306743,329,0.3545258620689655,0.7750759878419453,928,1856,3.0,y,0.023625132348838986,0.014652404013009889,0.011272023311358716,0.23070485216280745,0.024605096382330657,0.02458530176048294,0.15679700813626177,0.0051632543471968485,0.019263166245636613,0.019253021750827732,0.13875525846189662,0.10067314687642547,0.0031850423559004293,0.21710665358458725,0.4658238477961583,0.06899632614015577,0.23558009894101617,0.0493383055,0.05,2,211,37,928,557,0,4.0,10,3,3,5.0
main,PANC1,0.05,potential,3,0,False,0.0,False,100,211,37,999,100,"{'lr': 0.03, 'weight_decay': 0.001}",4,3,0.9680880308151245,0.9265573024749756,0,2,0.10949975273343282,0.08463847105282227,0.0,999,0.022085056637540658,0.022180002966201918,0.14892952348746005,0.11165562432458465,0.11081823149400373,-0.004299120904216691,0.005044674966484308,0.14855222218988556,-0.04362418464132226,-0.09968840985273848,0.10236915120306743,421,0.4214214214214214,0.47030878859857483,999,0.022085056637540658,0.022085056637540658,0.14861041900735175,0.11081823149400373,0.11081823149400373,0.0,0.0,0.14855222218988556,,,0.10236915120306743,421,0.4214214214214214,,999,0.02876868618758908,0.022085056637540658,0.14861041900735175,0.11081823149400373,0.11499516764564564,0.2323230719146211,0.07819066168712134,0.16959796940905403,0.4829767690415286,0.4450755926266947,0.10236915120306743,413,0.4134134134134134,0.7651331719128329,999,1998,3.0,y,0.007116046073681484,0.017424800008058194,0.014277435830738662,0.1806255552926873,0.02876868618758908,0.02876347122767443,0.16959796940905403,0.0061172950772311425,0.022085056637540658,0.02206776271755313,0.14855222218988556,0.11081823149400373,-0.00415859591539364,0.2323230719146211,0.4829767690415287,0.0824022391372926,0.24910794972967837,0.07310569600000003,0.05,3,211,37,999,486,1,4.0,9,0,3,4.0
main,PANC1,0.05,potential,4,0,False,0.0,False,100,211,37,893,100,"{'lr': 0.003, 'weight_decay': 0.0001}",4,0,0.9993340969085693,1.448779582977295,0,2,0.12035198705338196,0.0936897592009915,1.0,893,0.022164717167227205,0.02216411403819577,0.1488761701488716,0.11106080765323822,0.11104632652587514,2.7211221640399685e-05,0.001458511222153902,0.14887810464502152,0.006249053466818536,0.01050674158965757,0.10236915120306743,373,0.4176931690929451,0.5067024128686327,893,0.022164717167227205,0.02216411403819577,0.1488761701488716,0.11106080765323822,0.11104632652587514,2.7211221640399685e-05,0.001458511222153902,0.14887810464502152,0.006249053466818536,0.01050674158965757,0.10236915120306743,373,0.4176931690929451,0.5067024128686327,893,0.030136512299856227,0.02216411403819577,0.1488761701488716,0.11106080765323822,0.11575238709182532,0.2645428303824823,0.09254273979266076,0.17358986049982916,0.514597844879687,0.4722208469878936,0.10236915120306743,372,0.4165733482642777,0.760752688172043,893,1786,3.0,y,0.014440537213987595,0.017913896008653517,0.013520930573104113,0.24522669068902325,0.030136512299856227,0.030133439668350148,0.17358986049982916,0.008544577395640424,0.022164717167227205,0.02216469004269398,0.14887810464502152,0.11104632652587514,0.00016469527383544257,0.26452281714984827,0.5145548647389934,0.08299581645777761,0.24719179567570818,0.06946443900000002,0.05,4,211,37,893,592,0,4.0,11,2,3,5.0
main,PANC1,0.05,potential,6,0,False,0.0,False,100,211,37,949,100,"{'lr': 0.003, 'weight_decay': 0.0001}",4,0,0.9980526566505432,2.794593334197998,0,2,0.10610398796307755,0.0874072388355086,1.0,949,0.019892485164727552,0.01995663611966858,0.14126795857401134,0.10623561892243505,0.10603422644889042,-0.003224883890062147,0.0016950599383562803,0.14098455164967882,-0.12494794092296585,-0.13529133019153372,0.10236915120306743,371,0.3909378292939937,0.3881401617250674,949,0.019892485164727552,0.01995663611966858,0.14126795857401134,0.10623561892243505,0.10603422644889042,-0.003224883890062147,0.0016950599383562803,0.14098455164967882,-0.12494794092296585,-0.13529133019153372,0.10236915120306743,371,0.3909378292939937,0.3881401617250674,949,0.02429682126859657,0.01995663611966858,0.14126795857401134,0.10623561892243505,0.10389387675553215,0.17863180952553825,0.09621975528086632,0.15586955366378266,0.4538794310671112,0.4480076155762684,0.10236915120306743,366,0.3856691253951528,0.7568306010928961,949,1898,1.0,y,0.015272909632289885,0.01628497278403633,0.013348505416704464,0.1803176097543372,0.02429682126859657,0.024295317759346822,0.15586955366378266,0.00917272767753545,0.019892485164727552,0.01987664380386096,0.14098455164967882,0.10603422644889042,-0.003980120710053237,0.18127211190220927,0.4549873759907159,0.07994647741616127,0.22809868639892478,0.059937546,0.05,6,211,37,949,536,1,4.0,10,0,3,5.0
main,PANC1,0.05,potential,5,0,False,0.0,False,100,211,37,1000,100,"{'lr': 0.03, 'weight_decay': 0.001}",4,3,0.8043939471244812,1.0514590740203857,10,2,0.11819552309905726,0.09726938971598398,0.875,1000,0.02117796731886209,0.022656377236923035,0.15052035489236343,0.11543107987087654,0.10848304252035794,-0.06980886766900452,0.04032272472977638,0.14534791405453998,0.017454526846990597,-0.03104526704526705,0.10236915120306743,411,0.411,0.49391727493917276,1000,0.02117796731886209,0.022292596648528402,0.14930705491880952,0.1141543094238842,0.10848304252035794,-0.052631553958135235,0.03528238460421562,0.14534791405453998,0.01745452820803548,-0.03104526704526705,0.10236915120306743,411,0.411,0.49391727493917276,1000,0.02765653256217817,0.022292596648528402,0.14930705491880952,0.1141543094238842,0.114121788415,0.19394824356923346,0.12123901513940126,0.16623131291657242,0.499657288384599,0.46893324093324096,0.10236915120306743,424,0.424,0.7665094339622641,1000,2000,3.0,y,0.009109110873802105,0.018216405504203455,0.014610957254725818,0.19792314398390365,0.02765653256217817,0.02763284939396742,0.16623131291657242,0.008137153998931139,0.02117796731886209,0.021126016120005944,0.14534791405453998,0.10848304252035794,0.007207718006147958,0.23425081321206098,0.48827442710114166,0.08001337271832007,0.24460950256063999,0.0711317245,0.05,5,211,37,1000,485,0,4.0,9,2,3,4.0
main,PANC1,0.05,potential,7,0,False,0.0,False,100,211,37,1003,100,"{'lr': 0.003, 'weight_decay': 0.0001}",4,0,0.9964479804039001,1.1687015295028687,0,2,0.11018997956965569,0.08455310996485313,0.0,1003,0.020032206417295213,0.020038116346837376,0.14155605372726868,0.10710327395370572,0.10698824707871928,-0.00029502139799553184,0.0016998836072161794,0.14148901712522013,-0.008317144280068734,-0.04552230656837846,0.10236915120306743,398,0.3968095712861416,0.4798994974874372,1003,0.020032206417295213,0.020032206417295213,0.14153517731396395,0.10698824707871928,0.10698824707871928,0.0,0.0,0.14148901712522013,,,0.10236915120306743,398,0.3968095712861416,,1003,0.02646430932191515,0.020032206417295213,0.14153517731396395,0.10698824707871928,0.11020255063110669,0.2430482060339848,0.07721083467320479,0.16253778697861695,0.4924788916580377,0.4288258396792351,0.10236915120306743,428,0.4267198404785643,0.7523364485981309,1003,2006,3.0,y,0.01184552717228252,0.016634017374308155,0.013846945657050507,0.16755253133030745,0.02646430932191515,0.026418532195906265,0.16253778697861695,0.0059714443234796,0.020032206417295213,0.02001914196706084,0.14148901712522013,0.10698824707871928,0.0036144778646953813,0.2430482060339848,0.49247889165803743,0.07967715510042583,0.23619297900846062,0.07313980499999999,0.05,7,211,37,1003,482,1,4.0,9,0,3,4.0
main,PANC1,0.05,lowrank,0,0,False,0.0,False,100,211,37,848,864,"{'rank': 8, 'lr': 0.03, 'weight_decay': 0.01}",6,4,0.0887417122721672,0.7842202186584473,20,2,0.132603000065546,0.09932477177966054,0.625,848,0.018813048853927827,0.027653028762153874,0.16629199849106954,0.12188655575459119,0.09591045211244707,-0.4698855553325383,0.09219958633184433,0.13698660504292903,-0.015015948064670848,-0.02416365341317914,0.10236915120306743,311,0.36674528301886794,0.4919614147909968,848,0.018813048853927827,0.02234164125729348,0.14947120544537493,0.10843240346227542,0.09591045211244707,-0.1875609015191042,0.05762474238872528,0.13698660504292903,-0.015015949056145497,-0.02416365341317914,0.10236915120306743,311,0.36674528301886794,0.4919614147909968,848,0.022724106965869406,0.02234164125729348,0.14947120544537493,0.10843240346227542,0.09987849063797169,0.016830835603369287,0.07075026295851707,0.15039416564770727,0.2490970347889062,0.22238103949157412,0.10236915120306743,318,0.375,0.6635220125786163,848,1696,10.0,y,0.021013296029305472,0.012890183553374132,0.01068648311239041,0.17095958578548576,0.022724106965869406,0.02261840506087001,0.15039416564770727,0.0014524336807892233,0.018813048853927827,0.018765329961187432,0.13698660504292903,0.09591045211244707,-0.0069078862715300825,0.17211053080395255,0.46365330450439335,0.060941634343499265,0.22516758987605942,0.0572801495,0.05,0,211,37,848,637,0,4.0,11,1,3,5.0
main,PANC1,0.05,lowrank,1,0,False,0.0,False,100,211,37,929,864,"{'rank': 8, 'lr': 0.01, 'weight_decay': 0.001}",6,3,0.6184730529785156,0.9805025458335876,15,2,0.10665266733841898,0.0905851569867203,1.0,929,0.021731142728479317,0.024967107707101355,0.15800983421009387,0.11791346228182968,0.10767511211617695,-0.14890910335705487,0.05350383743643761,0.14697427032287205,-0.018668563357924814,-0.019692553979963383,0.10236915120306743,362,0.38966630785791173,0.48342541436464087,929,0.021731142728479317,0.024967107707101355,0.15800983421009387,0.11791346228182968,0.10767511211617695,-0.14890910335705487,0.05350383743643761,0.14697427032287205,-0.018668563357924814,-0.019692553979963383,0.10236915120306743,362,0.38966630785791173,0.48342541436464087,929,0.028557092862189527,0.024967107707101352,0.15800983421009387,0.11791346228182968,0.11231310531646933,0.12571255668119585,0.09483227286211365,0.1689557449968729,0.39886202421902395,0.38884584713789144,0.10236915120306743,369,0.39720129171151775,0.7344173441734417,929,1858,3.0,y,0.00945052037345287,0.018566535647188225,0.013038223821778655,0.29775677759500574,0.028557092862189527,0.02854604376744834,0.1689557449968729,0.005584512756942635,0.021731142728479317,0.021601436136940665,0.14697427032287205,0.10767511211617695,0.011388880170528345,0.23902818703047957,0.49732535607931755,0.07465384686387094,0.2515749668362788,0.070067712,0.05,1,211,37,929,556,1,4.0,10,0,3,4.0
main,PANC1,0.05,lowrank,2,0,False,0.0,False,100,211,37,928,1856,"{'rank': 16, 'lr': 0.03, 'weight_decay': 0.01}",6,5,0.024399051442742348,2.6632797718048096,30,2,0.11866285529135293,0.0889867599051849,1.0,928,0.019263166245636613,0.02236159378551716,0.1495379342692588,0.11053112977665268,0.10067314687642547,-0.1608472615753076,0.05540456995368004,0.13875525846189662,-0.0020286900345257803,-0.015867527375234076,0.10236915120306743,327,0.35237068965517243,0.5107033639143731,928,0.019263166245636613,0.02236159378551716,0.1495379342692588,0.11053112977665268,0.10067314687642547,-0.1608472615753076,0.05540456995368004,0.13875525846189662,-0.0020286900345257803,-0.015867527375234076,0.10236915120306743,327,0.35237068965517243,0.5107033639143731,928,0.024605096382330657,0.02236159378551716,0.1495379342692588,0.11053112977665268,0.10164638985775863,0.09118040270813954,0.08997167675180044,0.15679700813626177,0.3659924945000964,0.33573113259959525,0.10236915120306743,329,0.3545258620689655,0.7325227963525835,928,1856,3.0,y,0.023625132348838986,0.014652404013009889,0.011272023311358716,0.23070485216280745,0.024605096382330657,0.02458530176048294,0.15679700813626177,0.0051632543471968485,0.019263166245636613,0.019253021750827732,0.13875525846189662,0.10067314687642547,0.0031850423559004293,0.21710665358458725,0.4658238477961583,0.06899632614015577,0.23558009894101617,0.0493383055,0.05,2,211,37,928,557,0,4.0,10,3,3,5.0
main,PANC1,0.05,lowrank,4,0,False,0.0,False,100,211,37,893,204,"{'rank': 2, 'lr': 0.01, 'weight_decay': 0.001}",6,0,0.5884854793548584,1.2026666402816772,40,2,0.12035198705338196,0.0936897592009915,1.0,893,0.022164717167227205,0.02588446533141685,0.16088649828813123,0.12102264410209823,0.11104632652587514,-0.16782294744052373,0.049934495240449905,0.14887810464502152,-0.08229909329674442,-0.07647253641692588,0.10236915120306743,373,0.4176931690929451,0.44235924932975873,893,0.022164717167227205,0.02588446533141685,0.16088649828813123,0.12102264410209823,0.11104632652587514,-0.16782294744052373,0.049934495240449905,0.14887810464502152,-0.08229909329674442,-0.07647253641692588,0.10236915120306743,373,0.4176931690929451,0.44235924932975873,893,0.030136512299856227,0.02588446533141685,0.16088649828813123,0.12102264410209823,0.11575238709182532,0.14109286854868275,0.10552034944602212,0.17358986049982916,0.4199915772544668,0.3827601650609228,0.10236915120306743,372,0.4165733482642777,0.7150537634408602,893,1786,3.0,y,0.014440537213987595,0.017913896008653517,0.013520930573104113,0.24522669068902325,0.030136512299856227,0.030133439668350148,0.17358986049982916,0.008544577395640424,0.022164717167227205,0.02216469004269398,0.14887810464502152,0.11104632652587514,0.00016469527383544257,0.26452281714984827,0.5145548647389934,0.08299581645777761,0.24719179567570818,0.06946443900000002,0.05,4,211,37,893,592,0,4.0,11,2,3,5.0
main,PANC1,0.05,lowrank,3,0,False,0.0,False,100,211,37,999,416,"{'rank': 4, 'lr': 0.03, 'weight_decay': 0.001}",6,2,0.383781760931015,0.855505645275116,15,2,0.10949975273343282,0.08463847105282227,0.625,999,0.022085056637540658,0.028517844009301272,0.16887227128602633,0.12771818619511227,0.11081823149400373,-0.2912733020039451,0.07747884839773178,0.14855222218988556,-0.017521550778168492,-0.01303852148741928,0.10236915120306743,421,0.4214214214214214,0.5154394299287411,999,0.022085056637540658,0.024697186479349268,0.15715338519850366,0.11848269512540864,0.11081823149400373,-0.11827589508502578,0.04842428117990494,0.14855222218988556,-0.017521549586881263,-0.01303852148741928,0.10236915120306743,421,0.4214214214214214,0.5154394299287411,999,0.02876868618758908,0.024697186479349268,0.15715338519850366,0.11848269512540864,0.11499516764564564,0.1415253961091999,0.09247161586863344,0.16959796940905403,0.40329385302548704,0.38738517274789813,0.10236915120306743,413,0.4134134134134134,0.7263922518159807,999,1998,3.0,y,0.007116046073681484,0.017424800008058194,0.014277435830738662,0.1806255552926873,0.02876868618758908,0.02876347122767443,0.16959796940905403,0.0061172950772311425,0.022085056637540658,0.02206776271755313,0.14855222218988556,0.11081823149400373,-0.00415859591539364,0.2323230719146211,0.4829767690415287,0.0824022391372926,0.24910794972967837,0.07310569600000003,0.05,3,211,37,999,486,1,4.0,9,0,3,4.0
main,PANC1,0.05,lowrank,5,0,False,0.0,False,100,211,37,1000,864,"{'rank': 8, 'lr': 0.03, 'weight_decay': 0.01}",6,4,0.011714249849319458,0.9495212435722351,795,2,0.11819552309905726,0.09726938971598398,0.75,1000,0.02117796731886209,0.02546139374150701,0.15956626755522926,0.12028779263186798,0.10848304252035794,-0.20225861897661446,0.07854556292295456,0.14534791405453998,0.0839159646182292,0.06487840087840088,0.10236915120306743,411,0.411,0.5279805352798054,1000,0.02117796731886209,0.02323313284654936,0.15242418720973833,0.11443411464252415,0.10848304252035794,-0.09704262438146483,0.05890917778015137,0.14534791405453998,0.08391596497834906,0.06487840087840088,0.10236915120306743,411,0.411,0.5279805352798054,1000,0.02765653256217817,0.02323313284654936,0.15242418720973833,0.11443411464252415,0.114121788415,0.15994050250818692,0.10702923641527652,0.16623131291657242,0.44765007091682396,0.40506546906546903,0.10236915120306743,424,0.424,0.7311320754716981,1000,2000,3.0,y,0.009109110873802105,0.018216405504203455,0.014610957254725818,0.19792314398390365,0.02765653256217817,0.02763284939396742,0.16623131291657242,0.008137153998931139,0.02117796731886209,0.021126016120005944,0.14534791405453998,0.10848304252035794,0.007207718006147958,0.23425081321206098,0.48827442710114166,0.08001337271832007,0.24460950256063999,0.0711317245,0.05,5,211,37,1000,485,0,4.0,9,2,3,4.0
main,PANC1,0.05,lowrank,6,0,False,0.0,False,100,211,37,949,204,"{'rank': 2, 'lr': 0.01, 'weight_decay': 0.001}",6,0,0.6529419422149658,2.5504374504089355,45,2,0.10610398796307755,0.0874072388355086,1.0,949,0.019892485164727552,0.022373745525283276,0.1495785597112209,0.11187742082036384,0.10603422644889042,-0.12473355340012415,0.04470387101173401,0.14098455164967882,-0.038136400187754035,0.0008996180277426569,0.10236915120306743,371,0.3909378292939937,0.5175202156334232,949,0.019892485164727552,0.022373745525283276,0.1495785597112209,0.11187742082036384,0.10603422644889042,-0.12473355340012415,0.04470387101173401,0.14098455164967882,-0.038136400187754035,0.0008996180277426569,0.10236915120306743,371,0.3909378292939937,0.5175202156334232,949,0.02429682126859657,0.022373745525283276,0.1495785597112209,0.11187742082036384,0.10389387675553215,0.0791492731519926,0.10620660786234874,0.15586955366378266,0.39927109258025695,0.4061515996711711,0.10236915120306743,366,0.3856691253951528,0.7377049180327869,949,1898,1.0,y,0.015272909632289885,0.01628497278403633,0.013348505416704464,0.1803176097543372,0.02429682126859657,0.024295317759346822,0.15586955366378266,0.00917272767753545,0.019892485164727552,0.01987664380386096,0.14098455164967882,0.10603422644889042,-0.003980120710053237,0.18127211190220927,0.4549873759907159,0.07994647741616127,0.22809868639892478,0.059937546,0.05,6,211,37,949,536,1,4.0,10,0,3,5.0
main,PANC1,0.05,lowrank,7,0,False,0.0,False,100,211,37,1003,864,"{'rank': 8, 'lr': 0.03, 'weight_decay': 0.01}",6,4,0.4179752469062805,0.9935917258262634,10,2,0.11018997956965569,0.08455310996485313,0.875,1003,0.020032206417295213,0.022886237990626584,0.15128198171172463,0.11444909443928886,0.10698824707871928,-0.14247215278628955,0.05750923976302147,0.14148901712522013,0.028661961853666533,0.041769269570395146,0.10236915120306743,398,0.3968095712861416,0.5527638190954773,1003,0.020032206417295213,0.022167498492734108,0.148887536391513,0.11254144339068253,0.10698824707871928,-0.10659295491261256,0.0503205843269825,0.14148901712522013,0.028661962061784813,0.041769269570395146,0.10236915120306743,398,0.3968095712861416,0.5527638190954773,1003,0.02646430932191515,0.022167498492734108,0.148887536391513,0.11254144339068253,0.11020255063110669,0.16236247758874411,0.0918080417391326,0.16253778697861695,0.425675038867045,0.3883721714594747,0.10236915120306743,428,0.4267198404785643,0.764018691588785,1003,2006,3.0,y,0.01184552717228252,0.016634017374308155,0.013846945657050507,0.16755253133030745,0.02646430932191515,0.026418532195906265,0.16253778697861695,0.0059714443234796,0.020032206417295213,0.02001914196706084,0.14148901712522013,0.10698824707871928,0.0036144778646953813,0.2430482060339848,0.49247889165803743,0.07967715510042583,0.23619297900846062,0.07313980499999999,0.05,7,211,37,1003,482,1,4.0,9,0,3,4.0
main,PANC1,0.05,mlp,0,0,False,0.0,False,100,211,37,848,3369,"{'emb_dim': 8, 'hidden': 24, 'lr': 0.01, 'weight_decay': 0.001}",6,5,0.9488762617111206,0.8456525206565857,5,2,0.132603000065546,0.09932477177966054,1.0,848,0.018813048853927827,0.018851690570478988,0.13730145873398064,0.09687908178906977,0.09591045211244707,-0.002053984808692677,0.009462105110287666,0.13698660504292903,0.01481134860494763,-0.008097470173729804,0.10236915120306743,311,0.36674528301886794,0.5176848874598071,848,0.018813048853927827,0.018851690570478988,0.13730145873398064,0.09687908178906977,0.09591045211244707,-0.002053984808692677,0.009462105110287666,0.13698660504292903,0.01481134860494763,-0.008097470173729804,0.10236915120306743,311,0.36674528301886794,0.5176848874598071,848,0.022724106965869406,0.018851690570478988,0.13730145873398064,0.09687908178906977,0.09987849063797169,0.17041005841094725,0.04143777682656489,0.15039416564770727,0.4427976188362234,0.4197412255661594,0.10236915120306743,318,0.375,0.7484276729559748,848,1696,10.0,y,0.021013296029305472,0.012890183553374132,0.01068648311239041,0.17095958578548576,0.022724106965869406,0.02261840506087001,0.15039416564770727,0.0014524336807892233,0.018813048853927827,0.018765329961187432,0.13698660504292903,0.09591045211244707,-0.0069078862715300825,0.17211053080395255,0.46365330450439335,0.060941634343499265,0.22516758987605942,0.0572801495,0.05,0,211,37,848,637,0,4.0,11,1,3,5.0
main,PANC1,0.05,mlp,1,0,False,0.0,False,100,211,37,929,3369,"{'emb_dim': 8, 'hidden': 24, 'lr': 0.01, 'weight_decay': 0.001}",6,5,0.5064725875854492,1.1798129081726074,20,2,0.10665266733841898,0.0905851569867203,0.625,929,0.021731142728479317,0.028945595728815693,0.17013405223180836,0.129170340995409,0.10767511211617695,-0.3319868214238737,0.07859241217374802,0.14697427032287205,-0.03330548488975839,-0.05725023677785747,0.10236915120306743,362,0.38966630785791173,0.5027624309392266,929,0.021731142728479317,0.02477532183660709,0.15740178473132727,0.11857670057992976,0.10767511211617695,-0.14008371056061786,0.049120254814624786,0.14697427032287205,-0.03330548385814956,-0.05725023677785747,0.10236915120306743,362,0.38966630785791173,0.5027624309392266,929,0.028557092862189527,0.02477532183660709,0.15740178473132727,0.11857670057992976,0.11231310531646933,0.13242843183766861,0.0998004876375272,0.1689557449968729,0.4154656838609718,0.3970452907248934,0.10236915120306743,369,0.39720129171151775,0.7371273712737128,929,1858,3.0,y,0.00945052037345287,0.018566535647188225,0.013038223821778655,0.29775677759500574,0.028557092862189527,0.02854604376744834,0.1689557449968729,0.005584512756942635,0.021731142728479317,0.021601436136940665,0.14697427032287205,0.10767511211617695,0.011388880170528345,0.23902818703047957,0.49732535607931755,0.07465384686387094,0.2515749668362788,0.070067712,0.05,1,211,37,929,556,1,4.0,10,0,3,4.0
main,PANC1,0.05,mlp,2,0,False,0.0,False,100,211,37,928,17873,"{'emb_dim': 16, 'hidden': 48, 'lr': 0.03, 'weight_decay': 0.01}",6,2,0.44374823570251465,2.2833139896392822,5,2,0.11866285529135293,0.0889867599051849,1.0,928,0.019263166245636613,0.026250434292376106,0.16201985771002303,0.1240450801327696,0.10067314687642547,-0.3627268725006312,0.07871440052986145,0.13875525846189662,-0.036560123768702046,-0.06049266952632559,0.10236915120306743,327,0.35237068965517243,0.4923547400611621,928,0.019263166245636613,0.026250434292376106,0.16201985771002303,0.1240450801327696,0.10067314687642547,-0.3627268725006312,0.07871440052986145,0.13875525846189662,-0.036560123768702046,-0.06049266952632559,0.10236915120306743,327,0.35237068965517243,0.4923547400611621,928,0.024605096382330657,0.026250434292376106,0.16201985771002303,0.1240450801327696,0.10164638985775863,-0.06686980146222865,0.1104973418401452,0.15679700813626177,0.3043857457979855,0.25860354203221736,0.10236915120306743,329,0.3545258620689655,0.6474164133738601,928,1856,3.0,y,0.023625132348838986,0.014652404013009889,0.011272023311358716,0.23070485216280745,0.024605096382330657,0.02458530176048294,0.15679700813626177,0.0051632543471968485,0.019263166245636613,0.019253021750827732,0.13875525846189662,0.10067314687642547,0.0031850423559004293,0.21710665358458725,0.4658238477961583,0.06899632614015577,0.23558009894101617,0.0493383055,0.05,2,211,37,928,557,0,4.0,10,3,3,5.0
main,A375,0.7,mlp_ordered,4,0,False,0.0,False,100,2945,520,893,18074,"{'emb_dim': 16, 'hidden': 48, 'lr': 0.01, 'weight_decay': 0.001}",6,1,0.12361117452383041,1.1369349956512451,90,2,0.1500610731955604,0.1200011256615439,0.75,893,0.02426014644336639,0.018149609480465616,0.13472048649134852,0.09556854506367879,0.11751595204086303,0.25187551844195966,0.13069820404052734,0.15551939864228825,0.5687094748050263,0.5988185008946737,0.14230543775947893,270,0.3023516237402016,0.8444444444444444,893,0.02426014644336639,0.016462907964327148,0.12830786400032987,0.09301005212591841,0.11751595204086303,0.32140112992480685,0.09802364557981491,0.15551939864228825,0.5687094735999876,0.5988185008946737,0.14230543775947893,270,0.3023516237402016,0.8444444444444444,893,0.05446332410588529,0.016462907964327145,0.12830786400032987,0.09301005212591841,0.15261419986002242,0.6977248775282123,0.19962754627886395,0.23311662515342554,0.8352483768704835,0.7746951633493598,0.14230543775947893,358,0.4008958566629339,0.946927374301676,893,1786,1.0,y,0.01729667185621313,0.037970282817194646,0.0168657609439221,0.5558168206141323,0.05446332410588529,0.05434336092292272,0.23311662515342554,0.02766305982114362,0.02426014644336639,0.02418628335405897,0.15551939864228825,0.11751595204086303,-0.008594363810511152,0.5545599384238677,0.7456373497700916,0.08819494991210525,0.2543387148141831,0.084422402,0.7,4,2945,520,893,592,47,59.0,70,0,47,58.0
main,A375,0.7,mlp_ordered,5,0,False,0.0,False,100,2945,520,1000,3570,"{'emb_dim': 8, 'hidden': 24, 'lr': 0.01, 'weight_decay': 0.001}",6,5,0.14943534135818481,1.109792947769165,360,2,0.15095545889793882,0.12200059940206721,0.75,1000,0.02571368830118575,0.01572635868827479,0.12540477936775293,0.08815564008041897,0.12191550117625304,0.3884051753264197,0.14017602801322937,0.1603545939687456,0.6593016795604627,0.6733183093183094,0.14230543775947893,322,0.322,0.8757763975155279,1000,0.02571368830118575,0.014538586227248318,0.1205760599258755,0.08695800938590247,0.12191550117625304,0.4345973997601156,0.10513202100992203,0.1603545939687456,0.6593016804651154,0.6733183093183094,0.14230543775947893,322,0.322,0.8757763975155279,1000,0.05207121989867977,0.01453858622724832,0.1205760599258755,0.08695800938590248,0.151636287456,0.7207942073272431,0.19633365573279715,0.22763419355102732,0.8483286621360838,0.777863973863974,0.14230543775947893,404,0.404,0.9133663366336634,1000,2000,0.01,y,0.01757841883724914,0.035675814011341365,0.016487361108388512,0.5378560639668328,0.05207121989867977,0.051817326073626574,0.22763419355102732,0.027483200892779357,0.02571368830118575,0.025713595806881265,0.1603545939687456,0.12191550117625304,-0.0003041287629950489,0.5061823335189868,0.7099244768665671,0.09315804526383707,0.27423732923723326,0.08435475749999999,0.7,5,2945,520,1000,485,45,59.0,70,0,45,59.0
main,PANC1,0.05,mlp,3,0,False,0.0,False,100,211,37,999,17873,"{'emb_dim': 16, 'hidden': 48, 'lr': 0.01, 'weight_decay': 0.1}",6,3,0.999186098575592,0.9232419729232788,0,2,0.10949975273343282,0.08463847105282227,1.0,999,0.022085056637540658,0.022090621223846432,0.1486291398879992,0.1108264784521832,0.11081823149400373,-0.0002519616044958095,0.00022688588069286197,0.14855222218988556,-0.07918582125598886,-0.06514277804858966,0.10236915120306743,421,0.4214214214214214,0.4750593824228028,999,0.022085056637540658,0.022090621223846432,0.1486291398879992,0.1108264784521832,0.11081823149400373,-0.0002519616044958095,0.00022688588069286197,0.14855222218988556,-0.07918582125598886,-0.06514277804858966,0.10236915120306743,421,0.4214214214214214,0.4750593824228028,999,0.02876868618758908,0.022090621223846432,0.1486291398879992,0.1108264784521832,0.11499516764564564,0.23212964680408632,0.07821186860241844,0.16959796940905403,0.4827676903265418,0.44492857185843143,0.10236915120306743,413,0.4134134134134134,0.7651331719128329,999,1998,3.0,y,0.007116046073681484,0.017424800008058194,0.014277435830738662,0.1806255552926873,0.02876868618758908,0.02876347122767443,0.16959796940905403,0.0061172950772311425,0.022085056637540658,0.02206776271755313,0.14855222218988556,0.11081823149400373,-0.00415859591539364,0.2323230719146211,0.4829767690415287,0.0824022391372926,0.24910794972967837,0.07310569600000003,0.05,3,211,37,999,486,1,4.0,9,0,3,4.0
main,PANC1,0.05,mlp,6,0,False,0.0,False,100,211,37,949,17873,"{'emb_dim': 16, 'hidden': 48, 'lr': 0.01, 'weight_decay': 0.001}",6,1,1.4063525668461807e-05,2.693692684173584,799,2,0.10610398796307755,0.0874072388355086,0.625,949,0.019892485164727552,0.025471860259051852,0.15959906095917936,0.12317888725729999,0.10603422644889042,-0.28047652408042967,0.06462377309799194,0.14098455164967882,-0.07777112447253644,-0.09239262339332611,0.10236915120306743,371,0.3909378292939937,0.4743935309973046,949,0.019892485164727552,0.02239917937821162,0.14966355394086972,0.11490641123996308,0.10603422644889042,-0.12601211928657485,0.04038986191153526,0.14098455164967882,-0.07777112413301843,-0.09239262339332611,0.10236915120306743,371,0.3909378292939937,0.4743935309973046,949,0.02429682126859657,0.02239917937821162,0.14966355394086972,0.11490641123996308,0.10389387675553215,0.07810247560398509,0.10862946012070389,0.15586955366378266,0.40461731446858507,0.3968820645737404,0.10236915120306743,366,0.3856691253951528,0.7349726775956285,949,1898,1.0,y,0.015272909632289885,0.01628497278403633,0.013348505416704464,0.1803176097543372,0.02429682126859657,0.024295317759346822,0.15586955366378266,0.00917272767753545,0.019892485164727552,0.01987664380386096,0.14098455164967882,0.10603422644889042,-0.003980120710053237,0.18127211190220927,0.4549873759907159,0.07994647741616127,0.22809868639892478,0.059937546,0.05,6,211,37,949,536,1,4.0,10,0,3,5.0
main,PANC1,0.05,mlp,4,0,False,0.0,False,100,211,37,893,17873,"{'emb_dim': 16, 'hidden': 48, 'lr': 0.03, 'weight_decay': 0.01}",6,2,0.9993446469306946,1.4570586681365967,0,2,0.12035198705338196,0.0936897592009915,1.0,893,0.022164717167227205,0.022158100534035694,0.1488559724500018,0.11103398059891628,0.11104632652587514,0.0002985209845715042,0.00031060032779350877,0.14887810464502152,0.07259756635711354,0.04728593170781422,0.10236915120306743,373,0.4176931690929451,0.514745308310992,893,0.022164717167227205,0.022158100534035694,0.1488559724500018,0.11103398059891628,0.11104632652587514,0.0002985209845715042,0.00031060032779350877,0.14887810464502152,0.07259756635711354,0.04728593170781422,0.10236915120306743,373,0.4176931690929451,0.514745308310992,893,0.030136512299856227,0.022158100534035694,0.1488559724500018,0.11103398059891628,0.11575238709182532,0.2647423725226026,0.09244094253493831,0.17358986049982916,0.5147656990673085,0.4714956444540727,0.10236915120306743,372,0.4165733482642777,0.7580645161290323,893,1786,3.0,y,0.014440537213987595,0.017913896008653517,0.013520930573104113,0.24522669068902325,0.030136512299856227,0.030133439668350148,0.17358986049982916,0.008544577395640424,0.022164717167227205,0.02216469004269398,0.14887810464502152,0.11104632652587514,0.00016469527383544257,0.26452281714984827,0.5145548647389934,0.08299581645777761,0.24719179567570818,0.06946443900000002,0.05,4,211,37,893,592,0,4.0,11,2,3,5.0
main,PANC1,0.05,mlp,5,0,False,0.0,False,100,211,37,1000,17873,"{'emb_dim': 16, 'hidden': 48, 'lr': 0.03, 'weight_decay': 0.01}",6,2,0.010646648705005646,0.9765270352363586,45,2,0.11819552309905726,0.09726938971598398,0.75,1000,0.02117796731886209,0.026407724175223357,0.16250453586045946,0.12320249196567264,0.10848304252035794,-0.2469432867479875,0.07322996109724045,0.14534791405453998,0.007117805921606133,-0.0061028821028821035,0.10236915120306743,411,0.411,0.51338199513382,1000,0.02117796731886209,0.024094524696859892,0.15522411119687524,0.11717502771595381,0.10848304252035794,-0.13771658696442413,0.054922472685575485,0.14534791405453998,0.007117805591394792,-0.0061028821028821035,0.10236915120306743,411,0.411,0.51338199513382,1000,0.02765653256217817,0.024094524696859892,0.15522411119687524,0.11717502771595381,0.114121788415,0.12879444873684276,0.12145953299053712,0.16623131291657242,0.4545832396712119,0.4344802464802465,0.10236915120306743,424,0.424,0.7688679245283019,1000,2000,3.0,y,0.009109110873802105,0.018216405504203455,0.014610957254725818,0.19792314398390365,0.02765653256217817,0.02763284939396742,0.16623131291657242,0.008137153998931139,0.02117796731886209,0.021126016120005944,0.14534791405453998,0.10848304252035794,0.007207718006147958,0.23425081321206098,0.48827442710114166,0.08001337271832007,0.24460950256063999,0.0711317245,0.05,5,211,37,1000,485,0,4.0,9,2,3,4.0
main,PANC1,0.05,mlp,7,0,False,0.0,False,100,211,37,1003,3369,"{'emb_dim': 8, 'hidden': 24, 'lr': 0.01, 'weight_decay': 0.001}",6,5,0.7010278105735779,1.1495457887649536,15,2,0.11018997956965569,0.08455310996485313,0.5,1003,0.020032206417295213,0.022698640020966207,0.15066067841665326,0.11576826421861611,0.10698824707871928,-0.13310733466528557,0.056135356426239014,0.14148901712522013,0.03055897459218057,0.01648316257896635,0.10236915120306743,398,0.3968095712861416,0.5226130653266332,1003,0.020032206417295213,0.02057762650666397,0.14344903801233375,0.1092231415071913,0.10698824707871928,-0.027227160004594353,0.028067678213119507,0.14148901712522013,0.03055897459218057,0.01648316257896635,0.10236915120306743,398,0.3968095712861416,0.5226130653266332,1003,0.02646430932191515,0.02057762650666397,0.14344903801233375,0.1092231415071913,0.11020255063110669,0.22243855842390736,0.08619711983770253,0.16253778697861695,0.47408925145286485,0.41498948296699234,0.10236915120306743,428,0.4267198404785643,0.7757009345794392,1003,2006,3.0,y,0.01184552717228252,0.016634017374308155,0.013846945657050507,0.16755253133030745,0.02646430932191515,0.026418532195906265,0.16253778697861695,0.0059714443234796,0.020032206417295213,0.02001914196706084,0.14148901712522013,0.10698824707871928,0.0036144778646953813,0.2430482060339848,0.49247889165803743,0.07967715510042583,0.23619297900846062,0.07313980499999999,0.05,7,211,37,1003,482,1,4.0,9,0,3,4.0
main,PANC1,0.05,mlp_ordered,0,0,False,0.0,False,100,211,37,848,3570,"{'emb_dim': 8, 'hidden': 24, 'lr': 0.01, 'weight_decay': 0.001}",6,5,0.7478811144828796,1.5069761276245117,10,2,0.132603000065546,0.09932477177966054,0.75,848,0.018813048853927827,0.01861090065247997,0.13642177484727272,0.10031642336277138,0.09591045211244707,0.010745105858036008,0.033814460039138794,0.13698660504292903,0.14083980146601088,0.07850871679520863,0.10236915120306743,311,0.36674528301886794,0.5980707395498392,848,0.018813048853927827,0.018443619258606356,0.13580728720730106,0.09862466123126325,0.09591045211244707,0.01963688066670488,0.025360845029354095,0.13698660504292903,0.14083980197349882,0.07850871679520863,0.10236915120306743,311,0.36674528301886794,0.5980707395498392,848,0.022724106965869406,0.018443619258606356,0.13580728720730106,0.09862466123126325,0.09987849063797169,0.18836769751577698,0.05693159624917366,0.15039416564770727,0.4338668054469724,0.41458171198032645,0.10236915120306743,318,0.375,0.7389937106918238,848,1696,10.0,y,0.021013296029305472,0.012890183553374132,0.01068648311239041,0.17095958578548576,0.022724106965869406,0.02261840506087001,0.15039416564770727,0.0014524336807892233,0.018813048853927827,0.018765329961187432,0.13698660504292903,0.09591045211244707,-0.0069078862715300825,0.17211053080395255,0.46365330450439335,0.060941634343499265,0.22516758987605942,0.0572801495,0.05,0,211,37,848,637,0,4.0,11,1,3,5.0
main,PANC1,0.05,mlp_ordered,1,0,False,0.0,False,100,211,37,929,18074,"{'emb_dim': 16, 'hidden': 48, 'lr': 0.003, 'weight_decay': 0.001}",6,0,0.9969198107719421,1.6983635425567627,0,2,0.10665266733841898,0.0905851569867203,0.0,929,0.021731142728479317,0.021753527545660973,0.1474907710525,0.10786812521116569,0.10767511211617695,-0.0010300800773039853,0.0016967140836641192,0.14697427032287205,-0.030584764908713036,-0.07323311633186497,0.10236915120306743,362,0.38966630785791173,0.46685082872928174,929,0.021731142728479317,0.021731142728479317,0.14741486603622891,0.10767511211617695,0.10767511211617695,0.0,0.0,0.14697427032287205,,,0.10236915120306743,362,0.38966630785791173,,929,0.028557092862189527,0.021731142728479317,0.14741486603622891,0.10767511211617695,0.11231310531646933,0.23902818703047957,0.0732669324351193,0.1689557449968729,0.4973253560793175,0.4577360803955118,0.10236915120306743,369,0.39720129171151775,0.7804878048780488,929,1858,3.0,y,0.00945052037345287,0.018566535647188225,0.013038223821778655,0.29775677759500574,0.028557092862189527,0.02854604376744834,0.1689557449968729,0.005584512756942635,0.021731142728479317,0.021601436136940665,0.14697427032287205,0.10767511211617695,0.011388880170528345,0.23902818703047957,0.49732535607931755,0.07465384686387094,0.2515749668362788,0.070067712,0.05,1,211,37,929,556,1,4.0,10,0,3,4.0
main,PANC1,0.05,mlp_ordered,3,0,False,0.0,False,100,211,37,999,3570,"{'emb_dim': 8, 'hidden': 24, 'lr': 0.01, 'weight_decay': 0.001}",6,5,0.9910665154457092,1.542673110961914,0,2,0.10949975273343282,0.08463847105282227,1.0,999,0.022085056637540658,0.022112174662838217,0.148701629657641,0.11099339078493675,0.11081823149400373,-0.0012278902310562945,0.0024166035000234842,0.14855222218988556,-0.02910321540922619,-0.05607083235540148,0.10236915120306743,421,0.4214214214214214,0.501187648456057,999,0.022085056637540658,0.022112174662838217,0.148701629657641,0.11099339078493675,0.11081823149400373,-0.0012278902310562945,0.0024166035000234842,0.14855222218988556,-0.02910321540922619,-0.05607083235540148,0.10236915120306743,421,0.4214214214214214,0.501187648456057,999,0.02876868618758908,0.022112174662838217,0.148701629657641,0.11099339078493675,0.11499516764564564,0.23138044891401777,0.07940649060880141,0.16959796940905403,0.481703076509991,0.4446658843211948,0.10236915120306743,413,0.4134134134134134,0.7699757869249395,999,1998,3.0,y,0.007116046073681484,0.017424800008058194,0.014277435830738662,0.1806255552926873,0.02876868618758908,0.02876347122767443,0.16959796940905403,0.0061172950772311425,0.022085056637540658,0.02206776271755313,0.14855222218988556,0.11081823149400373,-0.00415859591539364,0.2323230719146211,0.4829767690415287,0.0824022391372926,0.24910794972967837,0.07310569600000003,0.05,3,211,37,999,486,1,4.0,9,0,3,4.0
main,PANC1,0.05,mlp_ordered,2,0,False,0.0,False,100,211,37,928,18074,"{'emb_dim': 16, 'hidden': 48, 'lr': 0.003, 'weight_decay': 0.001}",6,0,0.29698026180267334,4.3722429275512695,30,2,0.11866285529135293,0.0889867599051849,0.875,928,0.019263166245636613,0.026904503970614807,0.16402592469062569,0.12680182049416983,0.10067314687642547,-0.3966812946292808,0.0868304967880249,0.13875525846189662,-0.004586903845310332,-0.05126562670988228,0.10236915120306743,327,0.35237068965517243,0.5168195718654435,928,0.019263166245636613,0.025124265487932666,0.15850635787858058,0.1219081182527151,0.10067314687642547,-0.3042645828602386,0.07597668468952179,0.13875525846189662,-0.004586905187818964,-0.05126562670988228,0.10236915120306743,327,0.35237068965517243,0.5168195718654435,928,0.024605096382330657,0.025124265487932666,0.15850635787858058,0.1219081182527151,0.10164638985775863,-0.02110006388655461,0.11607365945606954,0.15679700813626177,0.35539023343205667,0.30630780866111723,0.10236915120306743,329,0.3545258620689655,0.6899696048632219,928,1856,3.0,y,0.023625132348838986,0.014652404013009889,0.011272023311358716,0.23070485216280745,0.024605096382330657,0.02458530176048294,0.15679700813626177,0.0051632543471968485,0.019263166245636613,0.019253021750827732,0.13875525846189662,0.10067314687642547,0.0031850423559004293,0.21710665358458725,0.4658238477961583,0.06899632614015577,0.23558009894101617,0.0493383055,0.05,2,211,37,928,557,0,4.0,10,3,3,5.0
main,PANC1,0.1,zero,0,0,False,0.0,False,100,421,74,848,0,{},1,0,1.0,1.435133934020996,0,1,0.11647648736792368,0.08723050137951335,0.0,848,0.01618312066845952,0.01618312066845952,0.12721289505572742,0.09566974680214417,0.09566974680214417,0.0,0.0,0.12679997369265622,,,0.10236915120306743,319,0.3761792452830189,,848,0.01618312066845952,0.01618312066845952,0.12721289505572742,0.09566974680214417,0.09566974680214417,0.0,0.0,0.12679997369265622,,,0.10236915120306743,319,0.3761792452830189,,848,0.022724106965869406,0.01618312066845952,0.12721289505572742,0.09566974680214417,0.09987849063797169,0.2878434918139646,0.08228080328527647,0.15039416564770727,0.5378094296012375,0.5080828686493306,0.10236915120306743,318,0.375,0.8018867924528302,848,1696,3.0,y,0.015381143412090724,0.012890183553374132,0.009440412013595908,0.267627805724707,0.022724106965869406,0.02261840506087001,0.15039416564770727,0.006770132164656177,0.01618312066845952,0.016078233328458306,0.12679997369265622,0.09566974680214417,-0.010241452045545841,0.2878434918139646,0.5378094296012373,0.0739205429117609,0.21261419550030466,0.0572801495,0.1,0,421,74,848,637,4,8.0,16,0,4,9.0
main,PANC1,0.1,zero,1,0,False,0.0,False,100,421,74,929,0,{},1,0,1.0,1.1226688623428345,0,1,0.11326692717040386,0.0957495525050061,0.0,929,0.020373408849325786,0.020373408849325786,0.14273545056966677,0.1050041818482197,0.1050041818482197,0.0,0.0,0.14266227798532555,,,0.10236915120306743,357,0.38428417653390745,,929,0.020373408849325786,0.020373408849325786,0.14273545056966677,0.1050041818482197,0.1050041818482197,0.0,0.0,0.14266227798532555,,,0.10236915120306743,357,0.38428417653390745,,929,0.028557092862189527,0.020373408849325786,0.14273545056966677,0.1050041818482197,0.11231310531646933,0.2865727282660201,0.07974347103288563,0.1689557449968729,0.5400583539145452,0.5107262913822438,0.10236915120306743,369,0.39720129171151775,0.7859078590785907,929,1858,3.0,y,0.008098088327924784,0.018566535647188225,0.012309287355031947,0.3370175465719635,0.028557092862189527,0.02854604376744834,0.1689557449968729,0.00642133390819912,0.020373408849325786,0.0203525255599623,0.14266227798532555,0.1050041818482197,0.004569823778165492,0.2865727282660201,0.5400583539145448,0.07622635346634267,0.23820140766275236,0.070067712,0.1,1,421,74,929,556,3,8.0,20,0,3,9.0
main,PANC1,0.1,zero,2,0,False,0.0,False,100,421,74,928,0,{},1,0,0.9999999403953552,2.042266607284546,0,1,0.12177041044622001,0.09308631400762847,0.0,928,0.018258587043045386,0.018258587043045386,0.13512433919559194,0.099917310055709,0.099917310055709,0.0,0.0,0.13511539546140594,,,0.10236915120306743,331,0.3566810344827586,,928,0.018258587043045386,0.018258587043045386,0.13512433919559194,0.099917310055709,0.099917310055709,0.0,0.0,0.13511539546140594,,,0.10236915120306743,331,0.3566810344827586,,928,0.024605096382330657,0.018258587043045386,0.13512433919559194,0.099917310055709,0.10164638985775863,0.25793474817854434,0.08093363915562451,0.15679700813626177,0.5074559048806621,0.470414164044672,0.10236915120306743,329,0.3545258620689655,0.7811550151975684,928,1856,3.0,y,0.016523188263793048,0.014652404013009889,0.010895697747765807,0.25638838936658437,0.024605096382330657,0.02458530176048294,0.15679700813626177,0.006586299198610688,0.018258587043045386,0.018256170090692116,0.13511539546140594,0.099917310055709,0.0015546550592541667,0.25793474817854434,0.5074559048806621,0.0718477124149551,0.22739928714309446,0.0493383055,0.1,2,421,74,928,557,3,8.0,15,0,4,9.0
main,PANC1,0.1,zero,3,0,False,0.0,False,100,421,74,999,0,{},1,0,1.0,1.6153053045272827,0,1,0.1083382422393823,0.08554870605802675,0.0,999,0.022056456143937895,0.022056456143937895,0.14851416142556204,0.11168656061639996,0.11168656061639996,0.0,0.0,0.14848648772746842,,,0.10236915120306743,422,0.42242242242242245,,999,0.022056456143937895,0.022056456143937895,0.14851416142556204,0.11168656061639996,0.11168656061639996,0.0,0.0,0.14848648772746842,,,0.10236915120306743,422,0.42242242242242245,,999,0.02876868618758908,0.022056456143937895,0.14851416142556204,0.11168656061639996,0.11499516764564564,0.23331722553763568,0.08393367951884442,0.16959796940905403,0.483319793562703,0.45490835123700846,0.10236915120306743,413,0.4134134134134134,0.7772397094430993,999,1998,3.0,y,0.011666138895735496,0.017424800008058194,0.013566756677751863,0.22141105370059677,0.02876868618758908,0.02876347122767443,0.16959796940905403,0.007045202761118894,0.022056456143937895,0.02204823703763963,0.14848648772746842,0.11168656061639996,-0.0028668983759921477,0.23331722553763568,0.4833197935627027,0.08443215860821832,0.2434753171571045,0.07310569600000003,0.1,3,421,74,999,486,3,8.0,16,0,4,8.0
main,PANC1,0.1,zero,4,0,False,0.0,False,100,421,74,893,0,{},1,0,1.0,1.4951609373092651,0,1,0.12229795301028956,0.09804310084801528,0.0,893,0.020670736274491373,0.020670736274491373,0.14377321125470965,0.10653573788397591,0.10653573788397591,0.0,0.0,0.14373716158307212,,,0.10236915120306743,359,0.40201567749160133,,893,0.020670736274491373,0.020670736274491373,0.14377321125470965,0.10653573788397591,0.10653573788397591,0.0,0.0,0.14373716158307212,,,0.10236915120306743,359,0.40201567749160133,,893,0.030136512299856227,0.020670736274491373,0.14377321125470965,0.10653573788397591,0.11575238709182532,0.3140965992076665,0.09708114722511578,0.17358986049982916,0.5606894622877097,0.5329985689062555,0.10236915120306743,372,0.4165733482642777,0.7876344086021505,893,1786,3.0,y,0.015264350989484508,0.017913896008653517,0.012636628768628385,0.2945907041927611,0.030136512299856227,0.030133439668350148,0.17358986049982916,0.009426899845133572,0.020670736274491373,0.020660371619958182,0.14373716158307212,0.10653573788397591,-0.0032194183532423437,0.3140965992076665,0.5606894622877096,0.07871579554253309,0.23161227507831922,0.06946443900000002,0.1,4,421,74,893,592,2,8.5,16,0,4,9.0
main,PANC1,0.1,zero,5,0,False,0.0,False,100,421,74,1000,0,{},1,0,1.0,1.1005359888076782,0,1,0.12743149326508707,0.09767968959642016,0.0,1000,0.019112958835150996,0.019112958835150996,0.13824962508141206,0.10410311196412758,0.10410311196412758,0.0,0.0,0.13822271123956315,,,0.10236915120306743,388,0.388,,1000,0.019112958835150996,0.019112958835150996,0.13824962508141206,0.10410311196412758,0.10410311196412758,0.0,0.0,0.13822271123956315,,,0.10236915120306743,388,0.388,,1000,0.02765653256217817,0.019112958835150996,0.13824962508141206,0.10410311196412758,0.114121788415,0.30891702377437513,0.09024782789133108,0.16623131291657242,0.5556587572239804,0.5421784821784822,0.10236915120306743,424,0.424,0.8231132075471698,1000,2000,3.0,y,0.010630948858440086,0.018216405504203455,0.013360454894783142,0.26657018632461804,0.02765653256217817,0.02763284939396742,0.16623131291657242,0.008149244597554865,0.019112958835150996,0.01910551790241566,0.13822271123956315,0.10410311196412758,0.002727807312720813,0.30891702377437513,0.5556587572239805,0.07674014041107208,0.22556645673549217,0.0711317245,0.1,5,421,74,1000,485,2,8.0,16,0,3,9.0
main,PANC1,0.1,zero,6,0,False,0.0,False,100,421,74,949,0,{},1,0,1.0,2.070544719696045,0,1,0.11474254107952177,0.09505210442028182,0.0,949,0.018314100094452397,0.018314100094452397,0.135329597998562,0.10143135556895465,0.10143135556895465,0.0,0.0,0.1353230795476967,,,0.10236915120306743,357,0.3761854583772392,,949,0.018314100094452397,0.018314100094452397,0.135329597998562,0.10143135556895465,0.10143135556895465,0.0,0.0,0.1353230795476967,,,0.10236915120306743,357,0.3761854583772392,,949,0.02429682126859657,0.018314100094452397,0.135329597998562,0.10143135556895465,0.10389387675553215,0.2462347279097281,0.08609773218753178,0.15586955366378266,0.4990978512890628,0.4806354316651561,0.10236915120306743,366,0.3856691253951528,0.7978142076502732,949,1898,3.0,y,0.01496692071219588,0.01628497278403633,0.01156075400220158,0.2900968177524841,0.02429682126859657,0.024295317759346822,0.15586955366378266,0.007419344560646141,0.018314100094452397,0.018312335858272247,0.1353230795476967,0.10143135556895465,-0.0013282455270590217,0.2462347279097281,0.49909785128906287,0.07874375940176967,0.217580208592914,0.059937546,0.1,6,421,74,949,536,3,8.0,18,0,3,8.0
main,PANC1,0.1,zero,7,0,False,0.0,False,100,421,74,1003,0,{},1,0,1.0,0.9650124311447144,0,1,0.11604220977651672,0.08986173297638786,0.0,1003,0.01914975260727799,0.01914975260727799,0.13838263116185495,0.10705107112203666,0.10705107112203666,0.0,0.0,0.13838258221192812,,,0.10236915120306743,427,0.42572283150548357,,1003,0.01914975260727799,0.01914975260727799,0.13838263116185495,0.10705107112203666,0.10705107112203666,0.0,0.0,0.13838258221192812,,,0.10236915120306743,427,0.42572283150548357,,1003,0.02646430932191515,0.01914975260727799,0.13838263116185495,0.10705107112203666,0.11020255063110669,0.2763932595278411,0.10788278449514398,0.16253778697861695,0.5391347878079459,0.47833294733734244,0.10236915120306743,428,0.4267198404785643,0.7897196261682243,1003,2006,1.0,y,0.009874957857704245,0.016634017374308155,0.01232291221141884,0.25917402067572526,0.02646430932191515,0.026418532195906265,0.16253778697861695,0.011686060883923923,0.01914975260727799,0.019149739059641045,0.13838258221192812,0.10705107112203666,-0.00011639431666523486,0.2763932595278411,0.5391347878079461,0.08835787934977088,0.23287945877465896,0.07313980499999999,0.1,7,421,74,1003,482,3,8.5,14,0,3,9.0
main,PANC1,0.1,potential,0,0,False,0.0,False,100,421,74,848,100,"{'lr': 0.01, 'weight_decay': 0.01}",4,2,0.9948108792304993,1.428037166595459,0,2,0.11647648736792368,0.08723050137951335,1.0,848,0.01618312066845952,0.01621413915212986,0.1273347523346626,0.0959627567455706,0.09566974680214417,-0.0019167183082799966,0.0025142296217381954,0.12679997369265622,-0.038745962440389276,-0.08108163527312683,0.10236915120306743,319,0.3761792452830189,0.4827586206896552,848,0.01618312066845952,0.01621413915212986,0.1273347523346626,0.0959627567455706,0.09566974680214417,-0.0019167183082799966,0.0025142296217381954,0.12679997369265622,-0.038745962440389276,-0.08108163527312683,0.10236915120306743,319,0.3761792452830189,0.4827586206896552,848,0.022724106965869406,0.01621413915212986,0.1273347523346626,0.0959627567455706,0.09987849063797169,0.2864784883963637,0.08346595810017444,0.15039416564770727,0.5367614861220897,0.508595575006063,0.10236915120306743,318,0.375,0.8050314465408805,848,1696,3.0,y,0.015381143412090724,0.012890183553374132,0.009440412013595908,0.267627805724707,0.022724106965869406,0.02261840506087001,0.15039416564770727,0.006770132164656177,0.01618312066845952,0.016078233328458306,0.12679997369265622,0.09566974680214417,-0.010241452045545841,0.2878434918139646,0.5378094296012373,0.0739205429117609,0.21261419550030466,0.0572801495,0.1,0,421,74,848,637,4,8.0,16,0,4,9.0
main,PANC1,0.1,potential,1,0,False,0.0,False,100,421,74,929,100,"{'lr': 0.003, 'weight_decay': 0.0001}",4,0,0.9987037777900696,1.1234554052352905,0,2,0.11326692717040386,0.0957495525050061,0.0,929,0.020373408849325786,0.02038290622668747,0.14276871585430567,0.10512509247846594,0.1050041818482197,-0.000466165354650494,0.0016563745448365808,0.14266227798532555,-0.013608203411455232,-0.03353874535873492,0.10236915120306743,357,0.38428417653390745,0.49859943977591037,929,0.020373408849325786,0.020373408849325786,0.14273545056966677,0.1050041818482197,0.1050041818482197,0.0,0.0,0.14266227798532555,,,0.10236915120306743,357,0.38428417653390745,,929,0.028557092862189527,0.020373408849325786,0.14273545056966677,0.1050041818482197,0.11231310531646933,0.2865727282660201,0.07974347103288563,0.1689557449968729,0.5400583539145452,0.5107262913822438,0.10236915120306743,369,0.39720129171151775,0.7859078590785907,929,1858,3.0,y,0.008098088327924784,0.018566535647188225,0.012309287355031947,0.3370175465719635,0.028557092862189527,0.02854604376744834,0.1689557449968729,0.00642133390819912,0.020373408849325786,0.0203525255599623,0.14266227798532555,0.1050041818482197,0.004569823778165492,0.2865727282660201,0.5400583539145448,0.07622635346634267,0.23820140766275236,0.070067712,0.1,1,421,74,929,556,3,8.0,20,0,3,9.0
main,PANC1,0.1,potential,2,0,False,0.0,False,100,421,74,928,100,"{'lr': 0.003, 'weight_decay': 0.0001}",4,0,0.9987574815750122,2.048140287399292,0,2,0.12177041044622001,0.09308631400762847,0.0,928,0.018258587043045386,0.018259331124102385,0.13512709248741492,0.10004686632958588,0.099917310055709,-4.075238983403118e-05,0.0016687022289261222,0.13511539546140594,0.004354249760000329,-0.03978726016301473,0.10236915120306743,331,0.3566810344827586,0.49244712990936557,928,0.018258587043045386,0.018258587043045386,0.13512433919559194,0.099917310055709,0.099917310055709,0.0,0.0,0.13511539546140594,,,0.10236915120306743,331,0.3566810344827586,,928,0.024605096382330657,0.018258587043045386,0.13512433919559194,0.099917310055709,0.10164638985775863,0.25793474817854434,0.08093363915562451,0.15679700813626177,0.5074559048806621,0.470414164044672,0.10236915120306743,329,0.3545258620689655,0.7811550151975684,928,1856,3.0,y,0.016523188263793048,0.014652404013009889,0.010895697747765807,0.25638838936658437,0.024605096382330657,0.02458530176048294,0.15679700813626177,0.006586299198610688,0.018258587043045386,0.018256170090692116,0.13511539546140594,0.099917310055709,0.0015546550592541667,0.25793474817854434,0.5074559048806621,0.0718477124149551,0.22739928714309446,0.0493383055,0.1,2,421,74,928,557,3,8.0,15,0,4,9.0
main,PANC1,0.05,mlp_ordered,4,0,False,0.0,False,100,211,37,893,18074,"{'emb_dim': 16, 'hidden': 48, 'lr': 0.003, 'weight_decay': 0.001}",6,0,0.9978892207145691,2.393930196762085,0,2,0.12035198705338196,0.0936897592009915,1.0,893,0.022164717167227205,0.022108825755743893,0.1486903687390138,0.11091726350551322,0.11104632652587514,0.0025216388308330062,0.001654531341046095,0.14887810464502152,0.11901702785005919,0.09238718993993976,0.10236915120306743,373,0.4176931690929451,0.5683646112600537,893,0.022164717167227205,0.022108825755743893,0.1486903687390138,0.11091726350551322,0.11104632652587514,0.0025216388308330062,0.001654531341046095,0.14887810464502152,0.11901702785005919,0.09238718993993976,0.10236915120306743,373,0.4176931690929451,0.5683646112600537,893,0.030136512299856227,0.022108825755743893,0.1486903687390138,0.11091726350551322,0.11575238709182532,0.26637742497331496,0.09270486790638366,0.17358986049982916,0.5163495070761752,0.4732215813237059,0.10236915120306743,372,0.4165733482642777,0.760752688172043,893,1786,3.0,y,0.014440537213987595,0.017913896008653517,0.013520930573104113,0.24522669068902325,0.030136512299856227,0.030133439668350148,0.17358986049982916,0.008544577395640424,0.022164717167227205,0.02216469004269398,0.14887810464502152,0.11104632652587514,0.00016469527383544257,0.26452281714984827,0.5145548647389934,0.08299581645777761,0.24719179567570818,0.06946443900000002,0.05,4,211,37,893,592,0,4.0,11,2,3,5.0
main,PANC1,0.1,potential,3,0,False,0.0,False,100,421,74,999,100,"{'lr': 0.003, 'weight_decay': 0.0001}",4,0,0.9896333813667297,1.6056721210479736,5,2,0.1083382422393823,0.08554870605802675,1.0,999,0.022056456143937895,0.02207611744241403,0.14858034002657966,0.1121053834164225,0.11168656061639996,-0.0008914078647914714,0.0032714647240936756,0.14848648772746842,-0.007790403820717235,-0.06270480901743426,0.10236915120306743,422,0.42242242242242245,0.4976303317535545,999,0.022056456143937895,0.02207611744241403,0.14858034002657966,0.1121053834164225,0.11168656061639996,-0.0008914078647914714,0.0032714647240936756,0.14848648772746842,-0.007790403820717235,-0.06270480901743426,0.10236915120306743,422,0.42242242242242245,0.4976303317535545,999,0.02876868618758908,0.02207611744241403,0.14858034002657966,0.1121053834164225,0.11499516764564564,0.23263379848267984,0.08634011860204824,0.16959796940905403,0.48321634856517126,0.45528112080015887,0.10236915120306743,413,0.4134134134134134,0.7723970944309927,999,1998,3.0,y,0.011666138895735496,0.017424800008058194,0.013566756677751863,0.22141105370059677,0.02876868618758908,0.02876347122767443,0.16959796940905403,0.007045202761118894,0.022056456143937895,0.02204823703763963,0.14848648772746842,0.11168656061639996,-0.0028668983759921477,0.23331722553763568,0.4833197935627027,0.08443215860821832,0.2434753171571045,0.07310569600000003,0.1,3,421,74,999,486,3,8.0,16,0,4,8.0
main,PANC1,0.1,potential,4,0,False,0.0,False,100,421,74,893,100,"{'lr': 0.003, 'weight_decay': 0.0001}",4,0,0.9834920763969421,1.4901291131973267,10,2,0.12229795301028956,0.09804310084801528,1.0,893,0.020670736274491373,0.020643020029248754,0.1436767901550169,0.10721229268055513,0.10653573788397591,0.0013408446063346569,0.005610433407127857,0.14373716158307212,0.0362984150480327,-0.046973984749312234,0.10236915120306743,359,0.40201567749160133,0.5153203342618384,893,0.020670736274491373,0.020643020029248754,0.1436767901550169,0.10721229268055513,0.10653573788397591,0.0013408446063346569,0.005610433407127857,0.14373716158307212,0.0362984150480327,-0.046973984749312234,0.10236915120306743,359,0.40201567749160133,0.5153203342618384,893,0.030136512299856227,0.020643020029248754,0.1436767901550169,0.10721229268055513,0.11575238709182532,0.31501628908308554,0.10133563611611401,0.17358986049982916,0.5619131186150322,0.5364971369531066,0.10236915120306743,372,0.4165733482642777,0.7876344086021505,893,1786,3.0,y,0.015264350989484508,0.017913896008653517,0.012636628768628385,0.2945907041927611,0.030136512299856227,0.030133439668350148,0.17358986049982916,0.009426899845133572,0.020670736274491373,0.020660371619958182,0.14373716158307212,0.10653573788397591,-0.0032194183532423437,0.3140965992076665,0.5606894622877096,0.07871579554253309,0.23161227507831922,0.06946443900000002,0.1,4,421,74,893,592,2,8.5,16,0,4,9.0
main,PANC1,0.1,potential,5,0,False,0.0,False,100,421,74,1000,100,"{'lr': 0.03, 'weight_decay': 0.001}",4,3,0.9861399531364441,1.0987828969955444,0,2,0.12743149326508707,0.09767968959642016,1.0,1000,0.019112958835150996,0.01898905226585212,0.13780077019324719,0.10420852817650358,0.10410311196412758,0.006482856493731148,0.005515731871128082,0.13822271123956315,0.0990818976701465,0.06693701493701494,0.10236915120306743,388,0.388,0.5876288659793815,1000,0.019112958835150996,0.01898905226585212,0.13780077019324719,0.10420852817650358,0.10410311196412758,0.006482856493731148,0.005515731871128082,0.13822271123956315,0.0990818976701465,0.06693701493701494,0.10236915120306743,388,0.388,0.5876288659793815,1000,0.02765653256217817,0.01898905226585212,0.13780077019324719,0.10420852817650358,0.114121788415,0.3133972155345065,0.09405676257416791,0.16623131291657242,0.5594647363846474,0.5460128940128941,0.10236915120306743,424,0.424,0.8183962264150944,1000,2000,3.0,y,0.010630948858440086,0.018216405504203455,0.013360454894783142,0.26657018632461804,0.02765653256217817,0.02763284939396742,0.16623131291657242,0.008149244597554865,0.019112958835150996,0.01910551790241566,0.13822271123956315,0.10410311196412758,0.002727807312720813,0.30891702377437513,0.5556587572239805,0.07674014041107208,0.22556645673549217,0.0711317245,0.1,5,421,74,1000,485,2,8.0,16,0,3,9.0
main,PANC1,0.1,potential,6,0,False,0.0,False,100,421,74,949,100,"{'lr': 0.03, 'weight_decay': 0.001}",4,3,0.9834548234939575,2.0611732006073,0,2,0.11474254107952177,0.09505210442028182,1.0,949,0.018314100094452397,0.01832911497933981,0.13538506187663324,0.10202944743485656,0.10143135556895465,-0.0008198538180952397,0.0052304957062006,0.1353230795476967,0.009442939344990142,-0.051341985567752865,0.10236915120306743,357,0.3761854583772392,0.4957983193277311,949,0.018314100094452397,0.01832911497933981,0.13538506187663324,0.10202944743485656,0.10143135556895465,-0.0008198538180952397,0.0052304957062006,0.1353230795476967,0.009442939344990142,-0.051341985567752865,0.10236915120306743,357,0.3761854583772392,0.4957983193277311,949,0.02429682126859657,0.01832911497933981,0.13538506187663324,0.10202944743485656,0.10389387675553215,0.24561675057345733,0.09016098654285347,0.15586955366378266,0.5015883089624456,0.4834552167188856,0.10236915120306743,366,0.3856691253951528,0.8005464480874317,949,1898,3.0,y,0.01496692071219588,0.01628497278403633,0.01156075400220158,0.2900968177524841,0.02429682126859657,0.024295317759346822,0.15586955366378266,0.007419344560646141,0.018314100094452397,0.018312335858272247,0.1353230795476967,0.10143135556895465,-0.0013282455270590217,0.2462347279097281,0.49909785128906287,0.07874375940176967,0.217580208592914,0.059937546,0.1,6,421,74,949,536,3,8.0,18,0,3,8.0
main,PANC1,0.1,potential,7,0,False,0.0,False,100,421,74,1003,100,"{'lr': 0.003, 'weight_decay': 0.0001}",4,0,0.9994617104530334,0.9644461870193481,0,2,0.11604220977651672,0.08986173297638786,1.0,1003,0.01914975260727799,0.019164848023018637,0.13843716272380996,0.10714115346998748,0.10705107112203666,-0.0007882825460057141,0.001685654278844595,0.13838258221192812,-0.026169116891997645,-0.052954372562347314,0.10236915120306743,427,0.42572283150548357,0.4918032786885246,1003,0.01914975260727799,0.019164848023018637,0.13843716272380996,0.10714115346998748,0.10705107112203666,-0.0007882825460057141,0.001685654278844595,0.13838258221192812,-0.026169116891997645,-0.052954372562347314,0.10236915120306743,427,0.42572283150548357,0.4918032786885246,1003,0.02646430932191515,0.019164848023018637,0.13843716272380996,0.10714115346998748,0.11020255063110669,0.27582285296415476,0.10827546984478935,0.16253778697861695,0.5391634886407838,0.4789924308235681,0.10236915120306743,428,0.4267198404785643,0.7827102803738317,1003,2006,1.0,y,0.009874957857704245,0.016634017374308155,0.01232291221141884,0.25917402067572526,0.02646430932191515,0.026418532195906265,0.16253778697861695,0.011686060883923923,0.01914975260727799,0.019149739059641045,0.13838258221192812,0.10705107112203666,-0.00011639431666523486,0.2763932595278411,0.5391347878079461,0.08835787934977088,0.23287945877465896,0.07313980499999999,0.1,7,421,74,1003,482,3,8.5,14,0,3,9.0
main,PANC1,0.05,mlp_ordered,5,0,False,0.0,False,100,211,37,1000,3570,"{'emb_dim': 8, 'hidden': 24, 'lr': 0.01, 'weight_decay': 0.001}",6,5,0.8510702252388,1.5587174892425537,10,2,0.11819552309905726,0.09726938971598398,1.0,1000,0.02117796731886209,0.021784832720023878,0.14759685877424314,0.11116488812088267,0.10848304252035794,-0.028655507491565757,0.028462892398238182,0.14534791405453998,0.024967965495657853,0.00904918504918505,0.10236915120306743,411,0.411,0.5425790754257908,1000,0.02117796731886209,0.021784832720023878,0.14759685877424314,0.11116488812088267,0.10848304252035794,-0.028655507491565757,0.028462892398238182,0.14534791405453998,0.024967965495657853,0.00904918504918505,0.10236915120306743,411,0.411,0.5425790754257908,1000,0.02765653256217817,0.021784832720023878,0.14759685877424314,0.11116488812088267,0.114121788415,0.21230788165339876,0.11054777455492033,0.16623131291657242,0.49313231256117873,0.4606857046857047,0.10236915120306743,424,0.424,0.7806603773584906,1000,2000,3.0,y,0.009109110873802105,0.018216405504203455,0.014610957254725818,0.19792314398390365,0.02765653256217817,0.02763284939396742,0.16623131291657242,0.008137153998931139,0.02117796731886209,0.021126016120005944,0.14534791405453998,0.10848304252035794,0.007207718006147958,0.23425081321206098,0.48827442710114166,0.08001337271832007,0.24460950256063999,0.0711317245,0.05,5,211,37,1000,485,0,4.0,9,2,3,4.0
main,PANC1,0.1,lowrank,0,0,False,0.0,False,100,421,74,848,204,"{'rank': 2, 'lr': 0.01, 'weight_decay': 0.001}",6,0,0.897304356098175,1.4018895626068115,30,2,0.11647648736792368,0.08723050137951335,0.875,848,0.01618312066845952,0.017097376913584934,0.1307569382999806,0.0986221459323256,0.09566974680214417,-0.05649443416109956,0.022679448127746582,0.12679997369265622,-0.07482160841394084,-0.06947155390839514,0.10236915120306743,319,0.3761792452830189,0.45141065830721006,848,0.01618312066845952,0.016926552463723925,0.13010208477854582,0.09808002292409088,0.09566974680214417,-0.04593871667244831,0.01984451711177826,0.12679997369265622,-0.07482160861427091,-0.06947155390839514,0.10236915120306743,319,0.3761792452830189,0.45141065830721006,848,0.022724106965869406,0.016926552463723925,0.13010208477854582,0.09808002292409088,0.09987849063797169,0.2551279357579662,0.08489747365010752,0.15039416564770727,0.5081969363603548,0.48588144758647034,0.10236915120306743,318,0.375,0.7955974842767296,848,1696,3.0,y,0.015381143412090724,0.012890183553374132,0.009440412013595908,0.267627805724707,0.022724106965869406,0.02261840506087001,0.15039416564770727,0.006770132164656177,0.01618312066845952,0.016078233328458306,0.12679997369265622,0.09566974680214417,-0.010241452045545841,0.2878434918139646,0.5378094296012373,0.0739205429117609,0.21261419550030466,0.0572801495,0.1,0,421,74,848,637,4,8.0,16,0,4,9.0
main,PANC1,0.1,lowrank,2,0,False,0.0,False,100,421,74,928,416,"{'rank': 4, 'lr': 0.03, 'weight_decay': 0.001}",6,2,0.38324952125549316,1.6694118976593018,25,2,0.12177041044622001,0.09308631400762847,0.875,928,0.018258587043045386,0.028280040685191223,0.16816670504351097,0.1240598210032916,0.099917310055709,-0.5488624951383061,0.09367666393518448,0.13511539546140594,-0.04924091873923421,-0.018719092986243822,0.10236915120306743,331,0.3566810344827586,0.4954682779456193,928,0.018258587043045386,0.026067556952020957,0.1614545042791342,0.11897840805348034,0.099917310055709,-0.4276875253581012,0.0819670781493187,0.13511539546140594,-0.0492409185447735,-0.018719092986243822,0.10236915120306743,331,0.3566810344827586,0.4954682779456193,928,0.024605096382330657,0.02606755695202095,0.16145450427913416,0.11897840805348034,0.10164638985775863,-0.05943730302720995,0.1123640262479601,0.15679700813626177,0.3163043112407884,0.3060768563067636,0.10236915120306743,329,0.3545258620689655,0.6778115501519757,928,1856,3.0,y,0.016523188263793048,0.014652404013009889,0.010895697747765807,0.25638838936658437,0.024605096382330657,0.02458530176048294,0.15679700813626177,0.006586299198610688,0.018258587043045386,0.018256170090692116,0.13511539546140594,0.099917310055709,0.0015546550592541667,0.25793474817854434,0.5074559048806621,0.0718477124149551,0.22739928714309446,0.0493383055,0.1,2,421,74,928,557,3,8.0,15,0,4,9.0
main,PANC1,0.1,lowrank,1,0,False,0.0,False,100,421,74,929,864,"{'rank': 8, 'lr': 0.03, 'weight_decay': 0.01}",6,4,0.02849733829498291,1.0728528499603271,795,2,0.11326692717040386,0.0957495525050061,0.625,929,0.020373408849325786,0.022889065265212595,0.15129132580955393,0.11270922160698923,0.1050041818482197,-0.12347744231177393,0.0737859234213829,0.14266227798532555,0.13924153952818005,0.11777628473689819,0.10236915120306743,357,0.38428417653390745,0.5602240896358543,929,0.020373408849325786,0.020669651834868234,0.14376943985029722,0.10607613028356273,0.1050041818482197,-0.014540668561326742,0.04611620306968689,0.14266227798532555,0.13924153910207387,0.11777628473689819,0.10236915120306743,357,0.38428417653390745,0.5602240896358543,929,0.028557092862189527,0.020669651834868234,0.14376943985029722,0.10607613028356273,0.11231310531646933,0.27619901876512465,0.09412882460626483,0.1689557449968729,0.52689943365297,0.48824013285901924,0.10236915120306743,369,0.39720129171151775,0.7804878048780488,929,1858,3.0,y,0.008098088327924784,0.018566535647188225,0.012309287355031947,0.3370175465719635,0.028557092862189527,0.02854604376744834,0.1689557449968729,0.00642133390819912,0.020373408849325786,0.0203525255599623,0.14266227798532555,0.1050041818482197,0.004569823778165492,0.2865727282660201,0.5400583539145448,0.07622635346634267,0.23820140766275236,0.070067712,0.1,1,421,74,929,556,3,8.0,20,0,3,9.0
main,PANC1,0.1,lowrank,3,0,False,0.0,False,100,421,74,999,864,"{'rank': 8, 'lr': 0.01, 'weight_decay': 0.001}",6,3,0.8261733055114746,1.5540034770965576,10,2,0.1083382422393823,0.08554870605802675,0.875,999,0.022056456143937895,0.02342603797614884,0.15305566953284952,0.11516751390862252,0.11168656061639996,-0.0620943737866686,0.030793877318501472,0.14848648772746842,-0.04623218346777287,-0.05221852714437884,0.10236915120306743,422,0.42242242242242245,0.46208530805687204,999,0.022056456143937895,0.023151116060361424,0.15215490810473853,0.11435603689968371,0.11168656061639996,-0.04962990923292043,0.026944642886519432,0.14848648772746842,-0.04623218437315763,-0.05221852714437884,0.10236915120306743,422,0.42242242242242245,0.46208530805687204,999,0.02876868618758908,0.023151116060361424,0.15215490810473853,0.11435603689968371,0.11499516764564564,0.19526682903062487,0.08909595970417553,0.16959796940905403,0.44860771876043937,0.4216120408986139,0.10236915120306743,413,0.4134134134134134,0.7506053268765133,999,1998,3.0,y,0.011666138895735496,0.017424800008058194,0.013566756677751863,0.22141105370059677,0.02876868618758908,0.02876347122767443,0.16959796940905403,0.007045202761118894,0.022056456143937895,0.02204823703763963,0.14848648772746842,0.11168656061639996,-0.0028668983759921477,0.23331722553763568,0.4833197935627027,0.08443215860821832,0.2434753171571045,0.07310569600000003,0.1,3,421,74,999,486,3,8.0,16,0,4,8.0
main,PANC1,0.05,mlp_ordered,6,0,False,0.0,False,100,211,37,949,58074,"{'emb_dim': 32, 'hidden': 48, 'lr': 0.01, 'weight_decay': 0.001}",6,4,9.680427319835871e-05,3.9561305046081543,799,2,0.10610398796307755,0.0874072388355086,0.625,949,0.019892485164727552,0.026575629828102687,0.16302033562749982,0.12677690338307326,0.10603422644889042,-0.3359632850311425,0.07539963722229004,0.14098455164967882,-0.04667206892147769,-0.05150165432388243,0.10236915120306743,371,0.3909378292939937,0.48247978436657685,949,0.019892485164727552,0.022736899136143993,0.1507875960951165,0.11604457151092173,0.10603422644889042,-0.14298937251239097,0.047124773263931274,0.14098455164967882,-0.04667206958675751,-0.05150165432388243,0.10236915120306743,371,0.3909378292939937,0.48247978436657685,949,0.02429682126859657,0.022736899136143997,0.15078759609511652,0.11604457151092173,0.10389387675553215,0.06420272492471091,0.11444656166068225,0.15586955366378266,0.4113458661985106,0.4066903062166493,0.10236915120306743,366,0.3856691253951528,0.7459016393442623,949,1898,1.0,y,0.015272909632289885,0.01628497278403633,0.013348505416704464,0.1803176097543372,0.02429682126859657,0.024295317759346822,0.15586955366378266,0.00917272767753545,0.019892485164727552,0.01987664380386096,0.14098455164967882,0.10603422644889042,-0.003980120710053237,0.18127211190220927,0.4549873759907159,0.07994647741616127,0.22809868639892478,0.059937546,0.05,6,211,37,949,536,1,4.0,10,0,3,5.0
main,PANC1,0.1,lowrank,4,0,False,0.0,False,100,421,74,893,864,"{'rank': 8, 'lr': 0.03, 'weight_decay': 0.01}",6,4,0.03735055774450302,1.3250911235809326,80,2,0.12229795301028956,0.09804310084801528,0.625,893,0.020670736274491373,0.026278655686202624,0.16210692670642615,0.1231914238889721,0.10653573788397591,-0.27129751631690446,0.0845441073179245,0.14373716158307212,0.0644874425533486,0.028305378142837803,0.10236915120306743,359,0.40201567749160133,0.48746518105849584,893,0.020670736274491373,0.022498420914751252,0.1499947362901487,0.11260162344143364,0.10653573788397591,-0.08841894241161241,0.05284007266163826,0.14373716158307212,0.06448744109240441,0.028305378142837803,0.10236915120306743,359,0.40201567749160133,0.48746518105849584,893,0.030136512299856227,0.022498420914751252,0.1499947362901487,0.11260162344143364,0.11575238709182532,0.2534497459130801,0.10956537043079313,0.17358986049982916,0.5169748129852132,0.473819254979937,0.10236915120306743,372,0.4165733482642777,0.7741935483870968,893,1786,3.0,y,0.015264350989484508,0.017913896008653517,0.012636628768628385,0.2945907041927611,0.030136512299856227,0.030133439668350148,0.17358986049982916,0.009426899845133572,0.020670736274491373,0.020660371619958182,0.14373716158307212,0.10653573788397591,-0.0032194183532423437,0.3140965992076665,0.5606894622877096,0.07871579554253309,0.23161227507831922,0.06946443900000002,0.1,4,421,74,893,592,2,8.5,16,0,4,9.0
main,PANC1,0.1,lowrank,5,0,False,0.0,False,100,421,74,1000,1856,"{'rank': 16, 'lr': 0.03, 'weight_decay': 0.01}",6,5,0.04204263165593147,0.972301185131073,35,2,0.12743149326508707,0.09767968959642016,0.75,1000,0.019112958835150996,0.0233557096886622,0.15282574942941454,0.116756670324302,0.10410311196412758,-0.2219829430966116,0.06797084212303162,0.13822271123956315,0.022176343547979212,0.0051617331617331615,0.10236915120306743,388,0.388,0.5025773195876289,1000,0.019112958835150996,0.021425586919942775,0.14637481654964687,0.1114257871686085,0.10410311196412758,-0.12099791061855791,0.05097813159227371,0.13822271123956315,0.02217634391539513,0.0051617331617331615,0.10236915120306743,388,0.388,0.5025773195876289,1000,0.02765653256217817,0.021425586919942775,0.14637481654964687,0.1114257871686085,0.114121788415,0.22529742758701998,0.10157404225695747,0.16623131291657242,0.49033406170483596,0.4701379581379582,0.10236915120306743,424,0.424,0.7405660377358491,1000,2000,3.0,y,0.010630948858440086,0.018216405504203455,0.013360454894783142,0.26657018632461804,0.02765653256217817,0.02763284939396742,0.16623131291657242,0.008149244597554865,0.019112958835150996,0.01910551790241566,0.13822271123956315,0.10410311196412758,0.002727807312720813,0.30891702377437513,0.5556587572239805,0.07674014041107208,0.22556645673549217,0.0711317245,0.1,5,421,74,1000,485,2,8.0,16,0,3,9.0
main,PANC1,0.1,lowrank,7,0,False,0.0,False,100,421,74,1003,864,"{'rank': 8, 'lr': 0.01, 'weight_decay': 0.001}",6,3,0.9151641726493835,0.9286985397338867,5,2,0.11604220977651672,0.08986173297638786,0.875,1003,0.01914975260727799,0.019510793807673833,0.13968104312208524,0.10803912843731182,0.10705107112203666,-0.018853569954664806,0.021180424839258194,0.13838258221192812,0.014943481030230944,0.026342686281399616,0.10236915120306743,427,0.42572283150548357,0.5081967213114754,1003,0.01914975260727799,0.019416595987026226,0.1393434461574215,0.10779123710665447,0.10705107112203666,-0.013934560159634568,0.018532872200012207,0.13838258221192812,0.014943481057504426,0.026342686281399616,0.10236915120306743,427,0.42572283150548357,0.5081967213114754,1003,0.02646430932191515,0.019416595987026226,0.1393434461574215,0.10779123710665447,0.11020255063110669,0.2663101178708147,0.10907399784195132,0.16253778697861695,0.5330105714595287,0.4754000992941685,0.10236915120306743,428,0.4267198404785643,0.7873831775700935,1003,2006,1.0,y,0.009874957857704245,0.016634017374308155,0.01232291221141884,0.25917402067572526,0.02646430932191515,0.026418532195906265,0.16253778697861695,0.011686060883923923,0.01914975260727799,0.019149739059641045,0.13838258221192812,0.10705107112203666,-0.00011639431666523486,0.2763932595278411,0.5391347878079461,0.08835787934977088,0.23287945877465896,0.07313980499999999,0.1,7,421,74,1003,482,3,8.5,14,0,3,9.0
main,PANC1,0.1,lowrank,6,0,False,0.0,False,100,421,74,949,416,"{'rank': 4, 'lr': 0.03, 'weight_decay': 0.001}",6,2,0.36115798354148865,1.9369914531707764,20,2,0.11474254107952177,0.09505210442028182,0.625,949,0.018314100094452397,0.027068707387479483,0.16452570433667646,0.12469647148537989,0.10143135556895465,-0.47802552393382314,0.08714298158884048,0.1353230795476967,-0.04928021931615512,-0.022396758325499894,0.10236915120306743,357,0.3761854583772392,0.47619047619047616,949,0.018314100094452397,0.02200516873151325,0.14834139250901365,0.11123328349761859,0.10143135556895465,-0.20154245188268538,0.05446436628699303,0.1353230795476967,-0.04928021836529418,-0.022396758325499894,0.10236915120306743,357,0.3761854583772392,0.47619047619047616,949,0.02429682126859657,0.02200516873151325,0.14834139250901365,0.11123328349761857,0.10389387675553215,0.09431902682863536,0.10297644760986611,0.15586955366378266,0.40167064339499614,0.3942228468692105,0.10236915120306743,366,0.3856691253951528,0.7240437158469946,949,1898,3.0,y,0.01496692071219588,0.01628497278403633,0.01156075400220158,0.2900968177524841,0.02429682126859657,0.024295317759346822,0.15586955366378266,0.007419344560646141,0.018314100094452397,0.018312335858272247,0.1353230795476967,0.10143135556895465,-0.0013282455270590217,0.2462347279097281,0.49909785128906287,0.07874375940176967,0.217580208592914,0.059937546,0.1,6,421,74,949,536,3,8.0,18,0,3,8.0
main,PANC1,0.05,mlp_ordered,7,0,False,0.0,False,100,211,37,1003,3570,"{'emb_dim': 8, 'hidden': 24, 'lr': 0.01, 'weight_decay': 0.001}",6,5,0.5279781818389893,1.9104077816009521,20,2,0.11018997956965569,0.08455310996485313,0.625,1003,0.020032206417295213,0.023044507149728458,0.1518041736900816,0.1182018079941341,0.10698824707871928,-0.1503728880225852,0.058783579617738724,0.14148901712522013,0.02602876554194567,-0.00485344072751091,0.10236915120306743,398,0.3968095712861416,0.5477386934673367,1003,0.020032206417295213,0.02110413453875952,0.14527262143555997,0.11226213551770971,0.10698824707871928,-0.05351023742141736,0.036739736795425415,0.14148901712522013,0.026028766122598582,-0.00485344072751091,0.10236915120306743,398,0.3968095712861416,0.5477386934673367,1003,0.02646430932191515,0.02110413453875952,0.14527262143555997,0.11226213551770971,0.11020255063110669,0.20254353582229545,0.09965177046708311,0.16253778697861695,0.47078158252925195,0.41471284788190954,0.10236915120306743,428,0.4267198404785643,0.764018691588785,1003,2006,3.0,y,0.01184552717228252,0.016634017374308155,0.013846945657050507,0.16755253133030745,0.02646430932191515,0.026418532195906265,0.16253778697861695,0.0059714443234796,0.020032206417295213,0.02001914196706084,0.14148901712522013,0.10698824707871928,0.0036144778646953813,0.2430482060339848,0.49247889165803743,0.07967715510042583,0.23619297900846062,0.07313980499999999,0.05,7,211,37,1003,482,1,4.0,9,0,3,4.0
main,A375,0.7,mlp_ordered,6,0,False,0.0,False,100,2945,520,949,3570,"{'emb_dim': 8, 'hidden': 24, 'lr': 0.01, 'weight_decay': 0.001}",6,5,0.2830953598022461,0.9346696138381958,135,2,0.14785693479054918,0.12086954546586993,1.0,949,0.025057298519318733,0.01585595544058859,0.12592043297490915,0.08785597274095994,0.11979014271627805,0.3672120947769397,0.12450438737869263,0.15821517588141462,0.6265808841071288,0.647044408048305,0.14230543775947893,298,0.31401475237091675,0.8758389261744967,949,0.025057298519318733,0.01585595544058859,0.12592043297490915,0.08785597274095994,0.11979014271627805,0.3672120947769397,0.12450438737869263,0.15821517588141462,0.6265808841071288,0.647044408048305,0.14230543775947893,298,0.31401475237091675,0.8758389261744967,949,0.05090425915565487,0.01585595544058859,0.12592043297490915,0.08785597274095994,0.1458528073667018,0.6885141694704896,0.20776269401674774,0.22561830227374263,0.8343557003628108,0.7620075552020465,0.14230543775947893,357,0.3761854583772392,0.9299719887955182,949,1898,0.3,y,0.015712341277827346,0.033398175481822466,0.016141788471987575,0.5166865183766395,0.05090425915565487,0.050903618320885906,0.22561830227374263,0.03069028400911101,0.025057298519318733,0.025032041879186964,0.15821517588141462,0.11979014271627805,0.005025598484933873,0.5077563462283459,0.7154975720089755,0.09408654401539988,0.26924100566111714,0.08122505299999999,0.7,6,2945,520,949,536,45,59.0,71,0,45,58.0
main,PANC1,0.1,mlp,0,0,False,0.0,False,100,421,74,848,17873,"{'emb_dim': 16, 'hidden': 48, 'lr': 0.03, 'weight_decay': 0.01}",6,2,0.9996819496154785,1.433497667312622,0,2,0.11647648736792368,0.08723050137951335,1.0,848,0.01618312066845952,0.01618414392279723,0.1272169168106083,0.09566920909377347,0.09566974680214417,-6.322972921446457e-05,0.00034692493500187993,0.12679997369265622,-0.010282593979507239,-0.0029942177176235205,0.10236915120306743,319,0.3761792452830189,0.5203761755485894,848,0.01618312066845952,0.01618414392279723,0.1272169168106083,0.09566920909377347,0.09566974680214417,-6.322972921446457e-05,0.00034692493500187993,0.12679997369265622,-0.010282593979507239,-0.0029942177176235205,0.10236915120306743,319,0.3761792452830189,0.5203761755485894,848,0.022724106965869406,0.01618414392279723,0.1272169168106083,0.09566920909377347,0.09987849063797169,0.28779846235079376,0.08228934845205502,0.15039416564770727,0.5377689852299492,0.5079961253615255,0.10236915120306743,318,0.375,0.8018867924528302,848,1696,3.0,y,0.015381143412090724,0.012890183553374132,0.009440412013595908,0.267627805724707,0.022724106965869406,0.02261840506087001,0.15039416564770727,0.006770132164656177,0.01618312066845952,0.016078233328458306,0.12679997369265622,0.09566974680214417,-0.010241452045545841,0.2878434918139646,0.5378094296012373,0.0739205429117609,0.21261419550030466,0.0572801495,0.1,0,421,74,848,637,4,8.0,16,0,4,9.0
main,PANC1,0.1,mlp,4,0,False,0.0,False,100,421,74,893,17873,"{'emb_dim': 16, 'hidden': 48, 'lr': 0.03, 'weight_decay': 0.01}",6,2,0.688069224357605,1.4903233051300049,5,2,0.12229795301028956,0.09804310084801528,0.5,893,0.020670736274491373,0.027201514944023838,0.1649288178094533,0.12496202690195153,0.10653573788397591,-0.31594320506095097,0.07871071994304657,0.14373716158307212,-0.013965264642396759,-0.028154982366874626,0.10236915120306743,359,0.40201567749160133,0.48467966573816157,893,0.020670736274491373,0.02238603065931477,0.14961961990098346,0.11172854863671532,0.10653573788397591,-0.08298177491336634,0.039355359971523285,0.14373716158307212,-0.013965264642396759,-0.028154982366874626,0.10236915120306743,359,0.40201567749160133,0.48467966573816157,893,0.030136512299856227,0.02238603065931477,0.14961961990098346,0.11172854863671532,0.11575238709182532,0.2571791175908047,0.10782836215635931,0.17358986049982916,0.5180381005666987,0.49256797156052107,0.10236915120306743,372,0.4165733482642777,0.7661290322580645,893,1786,3.0,y,0.015264350989484508,0.017913896008653517,0.012636628768628385,0.2945907041927611,0.030136512299856227,0.030133439668350148,0.17358986049982916,0.009426899845133572,0.020670736274491373,0.020660371619958182,0.14373716158307212,0.10653573788397591,-0.0032194183532423437,0.3140965992076665,0.5606894622877096,0.07871579554253309,0.23161227507831922,0.06946443900000002,0.1,4,421,74,893,592,2,8.5,16,0,4,9.0
main,PANC1,0.1,mlp,1,0,False,0.0,False,100,421,74,929,17873,"{'emb_dim': 16, 'hidden': 48, 'lr': 0.03, 'weight_decay': 0.01}",6,2,0.007117661647498608,0.997111439704895,180,2,0.11326692717040386,0.0957495525050061,0.625,929,0.020373408849325786,0.02616823443195466,0.16176598663487532,0.12282029534115843,0.1050041818482197,-0.2844308296900764,0.0878942534327507,0.14266227798532555,0.07670697100688796,0.044233336646028173,0.10236915120306743,357,0.38428417653390745,0.5294117647058824,929,0.020373408849325786,0.022184373335032776,0.14894419537206804,0.11148882177998386,0.1050041818482197,-0.08888863415544335,0.05493390932679176,0.14266227798532555,0.07670697154871618,0.044233336646028173,0.10236915120306743,357,0.38428417653390745,0.5294117647058824,929,0.028557092862189527,0.022184373335032776,0.14894419537206804,0.11148882177998386,0.11231310531646933,0.22315715251234236,0.10568141424526038,0.1689557449968729,0.4913518925028974,0.46592395449554636,0.10236915120306743,369,0.39720129171151775,0.7804878048780488,929,1858,3.0,y,0.008098088327924784,0.018566535647188225,0.012309287355031947,0.3370175465719635,0.028557092862189527,0.02854604376744834,0.1689557449968729,0.00642133390819912,0.020373408849325786,0.0203525255599623,0.14266227798532555,0.1050041818482197,0.004569823778165492,0.2865727282660201,0.5400583539145448,0.07622635346634267,0.23820140766275236,0.070067712,0.1,1,421,74,929,556,3,8.0,20,0,3,9.0
main,A375,0.7,mlp_ordered,7,0,False,0.0,False,100,2945,520,1003,3570,"{'emb_dim': 8, 'hidden': 24, 'lr': 0.01, 'weight_decay': 0.001}",6,5,0.2617431581020355,1.1101469993591309,145,2,0.14874171132990405,0.11978167223491198,0.875,1003,0.02376389869332503,0.017993420924140646,0.13413955764106517,0.09508344362184817,0.11567329573765879,0.2428253816283621,0.11795603483915329,0.15394720473105888,0.5413184334669017,0.5516079454458154,0.14230543775947893,300,0.29910269192422734,0.8066666666666666,1003,0.02376389869332503,0.01719260705692401,0.1311205821254772,0.09325507800093154,0.11567329573765879,0.2765241394606186,0.10321152955293655,0.15394720473105888,0.5413184334798242,0.5516079454458154,0.14230543775947893,300,0.29910269192422734,0.8066666666666666,1003,0.05029119050290174,0.01719260705692401,0.1311205821254772,0.09325507800093154,0.147940451555334,0.6581387935938399,0.19918015202764713,0.22317674314621583,0.813571600032557,0.7508048771594418,0.14230543775947893,404,0.40279162512462613,0.9183168316831684,1003,2006,1.0,y,0.0153369855225696,0.03289530031258368,0.01612532281220431,0.5097985834154012,0.05029119050290174,0.04980785868135199,0.22317674314621583,0.02877306910113656,0.02376389869332503,0.02369974184450656,0.15394720473105888,0.11567329573765879,-0.008009797052265118,0.5274739282229979,0.7247398791913331,0.0880876229573958,0.25084708445765136,0.090758392,0.7,7,2945,520,1003,482,46,59.0,72,0,46,59.0
main,PANC1,0.1,mlp,3,0,False,0.0,False,100,421,74,999,57873,"{'emb_dim': 32, 'hidden': 48, 'lr': 0.01, 'weight_decay': 0.001}",6,4,0.0008454006165266037,1.5226881504058838,120,2,0.1083382422393823,0.08554870605802675,0.625,999,0.022056456143937895,0.026938113797402227,0.1641283455025433,0.1269147810033759,0.11168656061639996,-0.2213255666099394,0.0704667866230011,0.14848648772746842,0.0036458279742568947,-0.013991514560652835,0.10236915120306743,422,0.42242242242242245,0.48578199052132703,999,0.022056456143937895,0.023942664313805595,0.1547341730640184,0.1182949460146107,0.11168656061639996,-0.08551728154144622,0.04404173791408539,0.14848648772746842,0.0036458268246875435,-0.013991514560652835,0.10236915120306743,422,0.42242242242242245,0.48578199052132703,999,0.02876868618758908,0.023942664313805595,0.1547341730640184,0.11829494601461071,0.11499516764564564,0.1677525988609605,0.09921523240494046,0.16959796940905403,0.43582237230829374,0.4020471212695661,0.10236915120306743,413,0.4134134134134134,0.7215496368038741,999,1998,3.0,y,0.011666138895735496,0.017424800008058194,0.013566756677751863,0.22141105370059677,0.02876868618758908,0.02876347122767443,0.16959796940905403,0.007045202761118894,0.022056456143937895,0.02204823703763963,0.14848648772746842,0.11168656061639996,-0.0028668983759921477,0.23331722553763568,0.4833197935627027,0.08443215860821832,0.2434753171571045,0.07310569600000003,0.1,3,421,74,999,486,3,8.0,16,0,4,8.0
main,PANC1,0.1,mlp,2,0,False,0.0,False,100,421,74,928,57873,"{'emb_dim': 32, 'hidden': 48, 'lr': 0.01, 'weight_decay': 0.001}",6,4,0.00025486882077530026,2.0252037048339844,210,2,0.12177041044622001,0.09308631400762847,0.5,928,0.018258587043045386,0.024174486549886628,0.15548146690164275,0.11688614222467637,0.099917310055709,-0.3240064246425125,0.07951033860445023,0.13511539546140594,0.019217389229706967,0.014033407413466968,0.10236915120306743,331,0.3566810344827586,0.5377643504531722,928,0.018258587043045386,0.01963550093698285,0.14012673170021075,0.10444380466330588,0.099917310055709,-0.07541185364953651,0.03975516930222511,0.13511539546140594,0.019217389229706967,0.014033407413466968,0.10236915120306743,331,0.3566810344827586,0.5377643504531722,928,0.024605096382330657,0.01963550093698285,0.14012673170021075,0.10444380466330588,0.10164638985775863,0.20197423200977827,0.09873976885338365,0.15679700813626177,0.4748920891292918,0.4512761405151302,0.10236915120306743,329,0.3545258620689655,0.790273556231003,928,1856,3.0,y,0.016523188263793048,0.014652404013009889,0.010895697747765807,0.25638838936658437,0.024605096382330657,0.02458530176048294,0.15679700813626177,0.006586299198610688,0.018258587043045386,0.018256170090692116,0.13511539546140594,0.099917310055709,0.0015546550592541667,0.25793474817854434,0.5074559048806621,0.0718477124149551,0.22739928714309446,0.0493383055,0.1,2,421,74,928,557,3,8.0,15,0,4,9.0
main,PANC1,0.1,mlp,5,0,False,0.0,False,100,421,74,1000,17873,"{'emb_dim': 16, 'hidden': 48, 'lr': 0.03, 'weight_decay': 0.01}",6,2,0.007956469431519508,1.0205522775650024,45,2,0.12743149326508707,0.09767968959642016,0.625,1000,0.019112958835150996,0.02529356070863416,0.15903949417875474,0.12270574366825847,0.10410311196412758,-0.3233723217211302,0.08494270592927933,0.13822271123956315,0.0448842476861613,0.013103257103257104,0.10236915120306743,388,0.388,0.5,1000,0.019112958835150996,0.02128335712172523,0.1458881664896959,0.11138887529899828,0.10410311196412758,-0.11355637320698952,0.0530891939997673,0.13822271123956315,0.04488424804093778,0.013103257103257104,0.10236915120306743,388,0.388,0.5,1000,0.02765653256217817,0.02128335712172523,0.1458881664896959,0.11138887529899828,0.114121788415,0.23044014740910101,0.10814634368903807,0.16623131291657242,0.5023898223048726,0.4747121827121828,0.10236915120306743,424,0.424,0.75,1000,2000,3.0,y,0.010630948858440086,0.018216405504203455,0.013360454894783142,0.26657018632461804,0.02765653256217817,0.02763284939396742,0.16623131291657242,0.008149244597554865,0.019112958835150996,0.01910551790241566,0.13822271123956315,0.10410311196412758,0.002727807312720813,0.30891702377437513,0.5556587572239805,0.07674014041107208,0.22556645673549217,0.0711317245,0.1,5,421,74,1000,485,2,8.0,16,0,3,9.0
main,PANC1,0.1,mlp,6,0,False,0.0,False,100,421,74,949,17873,"{'emb_dim': 16, 'hidden': 48, 'lr': 0.03, 'weight_decay': 0.01}",6,2,0.01646931655704975,1.9164026975631714,35,2,0.11474254107952177,0.09505210442028182,0.75,949,0.018314100094452397,0.02340180416903851,0.1529764824051021,0.11582667592096638,0.10143135556895465,-0.2778025700606088,0.07897374033927917,0.1353230795476967,0.05375168249664654,0.03243527848311874,0.10236915120306743,357,0.3761854583772392,0.5294117647058824,949,0.018314100094452397,0.020960466524947242,0.14477729975706566,0.10963015219675495,0.10143135556895465,-0.14449885153223918,0.05923030525445938,0.1353230795476967,0.05375168339880943,0.03243527848311874,0.10236915120306743,357,0.3761854583772392,0.5294117647058824,949,0.02429682126859657,0.020960466524947242,0.14477729975706566,0.10963015219675495,0.10389387675553215,0.13731651176779802,0.11295935108012406,0.15586955366378266,0.45709949397060795,0.44743870787932744,0.10236915120306743,366,0.3856691253951528,0.7595628415300546,949,1898,3.0,y,0.01496692071219588,0.01628497278403633,0.01156075400220158,0.2900968177524841,0.02429682126859657,0.024295317759346822,0.15586955366378266,0.007419344560646141,0.018314100094452397,0.018312335858272247,0.1353230795476967,0.10143135556895465,-0.0013282455270590217,0.2462347279097281,0.49909785128906287,0.07874375940176967,0.217580208592914,0.059937546,0.1,6,421,74,949,536,3,8.0,18,0,3,8.0
main,PANC1,0.1,mlp_ordered,0,0,False,0.0,False,100,421,74,848,18074,"{'emb_dim': 16, 'hidden': 48, 'lr': 0.003, 'weight_decay': 0.001}",6,0,0.9978175163269043,2.5576725006103516,0,2,0.11647648736792368,0.08723050137951335,1.0,848,0.01618312066845952,0.01622017496225344,0.127358450690378,0.09587850961182882,0.09566974680214417,-0.002289687789706729,0.0015311080496758223,0.12679997369265622,-0.10150034416095458,-0.13759870492743592,0.10236915120306743,319,0.3761792452830189,0.4169278996865204,848,0.01618312066845952,0.01622017496225344,0.127358450690378,0.09587850961182882,0.09566974680214417,-0.002289687789706729,0.0015311080496758223,0.12679997369265622,-0.10150034416095458,-0.13759870492743592,0.10236915120306743,319,0.3761792452830189,0.4169278996865204,848,0.022724106965869406,0.01622017496225344,0.127358450690378,0.09587850961182882,0.09987849063797169,0.28621287575281096,0.08301868702556141,0.15039416564770727,0.5362416528156008,0.5060651229562491,0.10236915120306743,318,0.375,0.8050314465408805,848,1696,3.0,y,0.015381143412090724,0.012890183553374132,0.009440412013595908,0.267627805724707,0.022724106965869406,0.02261840506087001,0.15039416564770727,0.006770132164656177,0.01618312066845952,0.016078233328458306,0.12679997369265622,0.09566974680214417,-0.010241452045545841,0.2878434918139646,0.5378094296012373,0.0739205429117609,0.21261419550030466,0.0572801495,0.1,0,421,74,848,637,4,8.0,16,0,4,9.0
main,PANC1,0.1,mlp_ordered,2,0,False,0.0,False,100,421,74,928,18074,"{'emb_dim': 16, 'hidden': 48, 'lr': 0.03, 'weight_decay': 0.01}",6,2,0.01099487952888012,2.6714470386505127,795,2,0.12177041044622001,0.09308631400762847,0.875,928,0.018258587043045386,0.0215072837937452,0.14665361841340704,0.11238490129795388,0.099917310055709,-0.1779270621018414,0.09859145432710648,0.13511539546140594,0.2428154947633722,0.1925162277776116,0.10236915120306743,331,0.3566810344827586,0.595166163141994,928,0.018258587043045386,0.020037839112088975,0.14155507448371102,0.10806162229824127,0.099917310055709,-0.09744741281726377,0.08626752346754074,0.13511539546140594,0.24281549519082007,0.1925162277776116,0.10236915120306743,331,0.3566810344827586,0.595166163141994,928,0.024605096382330657,0.020037839112088975,0.14155507448371102,0.10806162229824127,0.10164638985775863,0.18562240924695206,0.12725393193346887,0.15679700813626177,0.5197494402606773,0.4816575240706378,0.10236915120306743,329,0.3545258620689655,0.7993920972644377,928,1856,3.0,y,0.016523188263793048,0.014652404013009889,0.010895697747765807,0.25638838936658437,0.024605096382330657,0.02458530176048294,0.15679700813626177,0.006586299198610688,0.018258587043045386,0.018256170090692116,0.13511539546140594,0.099917310055709,0.0015546550592541667,0.25793474817854434,0.5074559048806621,0.0718477124149551,0.22739928714309446,0.0493383055,0.1,2,421,74,928,557,3,8.0,15,0,4,9.0
main,PANC1,0.1,mlp_ordered,3,0,False,0.0,False,100,421,74,999,18074,"{'emb_dim': 16, 'hidden': 48, 'lr': 0.03, 'weight_decay': 0.01}",6,2,0.011137050576508045,2.557506561279297,670,2,0.1083382422393823,0.08554870605802675,0.5,999,0.022056456143937895,0.029415358563769062,0.1715090626286817,0.1332162233777508,0.11168656061639996,-0.33363938303632357,0.08876777440309525,0.14848648772746842,0.02065020099393553,-0.01618270775785806,0.10236915120306743,422,0.42242242242242245,0.4834123222748815,999,0.022056456143937895,0.023747898512420526,0.1541035317973619,0.11789601373170445,0.11168656061639996,-0.07668695086121158,0.04438388720154762,0.14848648772746842,0.02065020099393553,-0.01618270775785806,0.10236915120306743,422,0.42242242242242245,0.4834123222748815,999,0.02876868618758908,0.023747898512420526,0.1541035317973619,0.11789601373170445,0.11499516764564564,0.17452266128630312,0.10177368299996079,0.16959796940905403,0.44538906037373793,0.4017829412578911,0.10236915120306743,413,0.4134134134134134,0.738498789346247,999,1998,3.0,y,0.011666138895735496,0.017424800008058194,0.013566756677751863,0.22141105370059677,0.02876868618758908,0.02876347122767443,0.16959796940905403,0.007045202761118894,0.022056456143937895,0.02204823703763963,0.14848648772746842,0.11168656061639996,-0.0028668983759921477,0.23331722553763568,0.4833197935627027,0.08443215860821832,0.2434753171571045,0.07310569600000003,0.1,3,421,74,999,486,3,8.0,16,0,4,8.0
main,PANC1,0.2,zero,0,0,False,0.0,False,100,842,148,848,0,{},1,0,1.0,1.0037726163864136,0,1,0.12156855290768027,0.09426168549841944,0.0,848,0.015187887984365253,0.015187887984365253,0.12323914956037815,0.09295076851825529,0.09295076851825529,0.0,0.0,0.12296237105388783,,,0.10236915120306743,304,0.3584905660377358,,848,0.015187887984365253,0.015187887984365253,0.12323914956037815,0.09295076851825529,0.09295076851825529,0.0,0.0,0.12296237105388783,,,0.10236915120306743,304,0.3584905660377358,,848,0.022724106965869406,0.015187887984365253,0.12323914956037815,0.09295076851825529,0.09987849063797169,0.331639830459486,0.0839075841013384,0.15039416564770727,0.5760717891704425,0.5447102809608795,0.10236915120306743,318,0.375,0.8490566037735849,848,1696,3.0,y,0.00964648233145319,0.012890183553374132,0.008941424655867334,0.3063384536889059,0.022724106965869406,0.02261840506087001,0.15039416564770727,0.007044588351954782,0.015187887984365253,0.01511974469519399,0.12296237105388783,0.09295076851825529,-0.008254894861308778,0.331639830459486,0.5760717891704424,0.07166515405188867,0.19941982637709965,0.0572801495,0.2,0,842,148,848,637,9,17.0,30,0,9,17.0
main,PANC1,0.2,zero,1,0,False,0.0,False,100,842,148,929,0,{},1,0,1.0,1.2479615211486816,0,1,0.11379341830770734,0.09410835326587048,0.0,929,0.019700844871154147,0.019700844871154147,0.14035969817278088,0.10550192872024626,0.10550192872024626,0.0,0.0,0.14035933285676996,,,0.10236915120306743,373,0.4015069967707212,,929,0.019700844871154147,0.019700844871154147,0.14035969817278088,0.10550192872024626,0.10550192872024626,0.0,0.0,0.14035933285676996,,,0.10236915120306743,373,0.4015069967707212,,929,0.028557092862189527,0.019700844871154147,0.14035969817278088,0.10550192872024626,0.11231310531646933,0.31012428449120344,0.10067309655517864,0.1689557449968729,0.5579411268002976,0.5447524967940697,0.10236915120306743,369,0.39720129171151775,0.8102981029810298,929,1858,0.03,y,0.010804138057903787,0.018566535647188225,0.011878010776734541,0.36024625151147216,0.028557092862189527,0.02854604376744834,0.1689557449968729,0.010144095074906297,0.019700844871154147,0.019700742319997543,0.14035933285676996,0.10550192872024626,-0.00032023609510481525,0.31012428449120344,0.5579411268002975,0.07934494924551508,0.2276480766602391,0.070067712,0.2,1,842,148,929,556,7,16.0,33,0,7,17.0
main,PANC1,0.2,zero,2,0,False,0.0,False,100,842,148,928,0,{},1,0,1.0,1.5447691679000854,0,1,0.12107288974170366,0.09473771723932063,0.0,928,0.018141215490001392,0.018141215490001392,0.13468932953282303,0.10273233857079124,0.10273233857079124,0.0,0.0,0.13460286220824655,,,0.10236915120306743,377,0.40625,,928,0.018141215490001392,0.018141215490001392,0.13468932953282303,0.10273233857079124,0.10273233857079124,0.0,0.0,0.13460286220824655,,,0.10236915120306743,377,0.40625,,928,0.024605096382330657,0.018141215490001392,0.13468932953282303,0.10273233857079124,0.10164638985775863,0.2627049612766845,0.10085560271478378,0.15679700813626177,0.526096324821011,0.4951966234738766,0.10236915120306743,329,0.3545258620689655,0.8419452887537994,928,1856,0.3,y,0.012374251808580821,0.014652404013009889,0.010649430173886545,0.27319570464813125,0.024605096382330657,0.02458530176048294,0.15679700813626177,0.010257870164521487,0.018141215490001392,0.01811793051465221,0.13460286220824655,0.10273233857079124,0.004825450792327648,0.2627049612766845,0.5260963248210113,0.08002097523185048,0.22661657300667243,0.0493383055,0.2,2,842,148,928,557,11,17.0,29,0,11,17.0
main,PANC1,0.2,zero,3,0,False,0.0,False,100,842,148,999,0,{},1,0,1.0000001192092896,1.1903581619262695,0,1,0.11810608885086023,0.0926639147568975,0.0,999,0.019986113822546676,0.019986113822546676,0.14137225266135742,0.10714167894424713,0.10714167894424713,0.0,0.0,0.14132521458085107,,,0.10236915120306743,410,0.41041041041041043,,999,0.019986113822546676,0.019986113822546676,0.14137225266135742,0.10714167894424713,0.10714167894424713,0.0,0.0,0.14132521458085107,,,0.10236915120306743,410,0.41041041041041043,,999,0.02876868618758908,0.019986113822546676,0.14137225266135742,0.10714167894424713,0.11499516764564564,0.3052823583174695,0.08969249875942018,0.16959796940905403,0.5533713289669406,0.532547316855934,0.10236915120306743,413,0.4134134134134134,0.8159806295399515,999,1998,3.0,y,0.010807464761610147,0.017424800008058194,0.012100270043711874,0.3055719412494813,0.02876868618758908,0.02876347122767443,0.16959796940905403,0.008046601970226105,0.019986113822546676,0.0199728162763236,0.14132521458085107,0.10714167894424713,-0.003646580072215091,0.3052823583174695,0.5533713289669406,0.0845040328864003,0.22776351491720176,0.07310569600000003,0.2,3,842,148,999,486,8,17.0,26,0,9,17.0
main,PANC1,0.2,zero,4,0,False,0.0,False,100,842,148,893,0,{},1,0,1.0000001192092896,1.4943195581436157,0,1,0.12173171640972041,0.09687495237404811,0.0,893,0.018313343861389057,0.018313343861389057,0.13532680392808016,0.1042737653047676,0.1042737653047676,0.0,0.0,0.13530929545817322,,,0.10236915120306743,364,0.4076147816349384,,893,0.018313343861389057,0.018313343861389057,0.13532680392808016,0.1042737653047676,0.1042737653047676,0.0,0.0,0.13530929545817322,,,0.10236915120306743,364,0.4076147816349384,,893,0.030136512299856227,0.018313343861389057,0.13532680392808016,0.1042737653047676,0.11575238709182532,0.3923203959644519,0.10931242280268887,0.17358986049982916,0.6264394784637081,0.5996631774958984,0.10236915120306743,372,0.4165733482642777,0.8467741935483871,893,1786,1.0,y,0.012526162177417602,0.017913896008653517,0.011652967272458462,0.349501232628047,0.030136512299856227,0.030133439668350148,0.17358986049982916,0.01194938547004255,0.018313343861389057,0.018308605437387212,0.13530929545817322,0.1042737653047676,-0.0021767921356537364,0.3923203959644519,0.6264394784637078,0.08316267742807257,0.21461089342486805,0.06946443900000002,0.2,4,842,148,893,592,7,17.0,27,0,9,17.0
main,PANC1,0.1,mlp_ordered,1,0,False,0.0,False,100,421,74,929,18074,"{'emb_dim': 16, 'hidden': 48, 'lr': 0.03, 'weight_decay': 0.01}",6,2,0.01875883713364601,1.374087929725647,95,2,0.11326692717040386,0.0957495525050061,0.75,929,0.020373408849325786,0.021858933411609893,0.147847669618462,0.11073972021813178,0.1050041818482197,-0.07291487513309614,0.0778946727514267,0.14266227798532555,0.2063529171060077,0.15808674211628515,0.10236915120306743,357,0.38428417653390745,0.6022408963585434,929,0.020373408849325786,0.02034984505777434,0.14265288310361743,0.10665364620660618,0.1050041818482197,0.0011565954291554714,0.05842100456357002,0.14266227798532555,0.2063529171989368,0.15808674211628515,0.10236915120306743,357,0.38428417653390745,0.6022408963585434,929,0.028557092862189527,0.02034984505777434,0.14265288310361743,0.10665364620660618,0.11231310531646933,0.28739787498754255,0.11032988852168886,0.1689557449968729,0.5469936813699714,0.4896080712812106,0.10236915120306743,369,0.39720129171151775,0.7588075880758808,929,1858,3.0,y,0.008098088327924784,0.018566535647188225,0.012309287355031947,0.3370175465719635,0.028557092862189527,0.02854604376744834,0.1689557449968729,0.00642133390819912,0.020373408849325786,0.0203525255599623,0.14266227798532555,0.1050041818482197,0.004569823778165492,0.2865727282660201,0.5400583539145448,0.07622635346634267,0.23820140766275236,0.070067712,0.1,1,421,74,929,556,3,8.0,20,0,3,9.0
main,PANC1,0.2,zero,5,0,False,0.0,False,100,842,148,1000,0,{},1,0,0.9999999403953552,1.4431113004684448,0,1,0.12165208797738594,0.09723053329513363,0.0,1000,0.018584702840961583,0.018584702840961583,0.13632572332821705,0.10308070100748117,0.10308070100748117,0.0,0.0,0.13630521821939753,,,0.10236915120306743,390,0.39,,1000,0.018584702840961583,0.018584702840961583,0.13632572332821705,0.10308070100748117,0.10308070100748117,0.0,0.0,0.13630521821939753,,,0.10236915120306743,390,0.39,,1000,0.02765653256217817,0.018584702840961583,0.13632572332821705,0.10308070100748117,0.114121788415,0.32801761033567933,0.09545531770891415,0.16623131291657242,0.5724048589314235,0.560938064938065,0.10236915120306743,424,0.424,0.8207547169811321,1000,2000,3.0,y,0.012363081992423279,0.018216405504203455,0.012448277156435789,0.3166447050400072,0.02765653256217817,0.02763284939396742,0.16623131291657242,0.009164003923548403,0.018584702840961583,0.01857911251383758,0.13630521821939753,0.10308070100748117,-0.002364387261852701,0.32801761033567933,0.5724048589314233,0.07849454088396719,0.2293895873619658,0.0711317245,0.2,5,842,148,1000,485,10,17.0,25,0,10,17.0
main,PANC1,0.2,zero,6,0,False,0.0,False,100,842,148,949,0,{},1,0,1.0,1.7188597917556763,0,1,0.11266036859167487,0.09214908584354958,0.0,949,0.01746258491408313,0.01746258491408313,0.13214607415312468,0.10012158251729965,0.10012158251729965,0.0,0.0,0.1321229573302551,,,0.10236915120306743,371,0.3909378292939937,,949,0.01746258491408313,0.01746258491408313,0.13214607415312468,0.10012158251729965,0.10012158251729965,0.0,0.0,0.1321229573302551,,,0.10236915120306743,371,0.3909378292939937,,949,0.02429682126859657,0.01746258491408313,0.13214607415312468,0.10012158251729965,0.10389387675553215,0.281281089364008,0.09560361136659538,0.15586955366378266,0.5361435521159628,0.5145087539111615,0.10236915120306743,366,0.3856691253951528,0.819672131147541,949,1898,1.0,y,0.013605891549852363,0.01628497278403633,0.010911578925053182,0.3299602603113052,0.02429682126859657,0.024295317759346822,0.15586955366378266,0.009153724438464137,0.01746258491408313,0.017456475853692404,0.1321229573302551,0.10012158251729965,-0.002471651348941541,0.281281089364008,0.5361435521159629,0.08081543393421226,0.20775577502537032,0.059937546,0.2,6,842,148,949,536,6,17.0,26,0,9,17.0
main,PANC1,0.2,zero,7,0,False,0.0,False,100,842,148,1003,0,{},1,0,1.0,0.9800878167152405,0,1,0.1296931245984915,0.10192179261698636,0.0,1003,0.017859854143796778,0.017859854143796778,0.13364076527690485,0.09865314970154143,0.09865314970154143,0.0,0.0,0.1335963558436507,,,0.10236915120306743,367,0.3659022931206381,,1003,0.017859854143796778,0.017859854143796778,0.13364076527690485,0.09865314970154143,0.09865314970154143,0.0,0.0,0.1335963558436507,,,0.10236915120306743,367,0.3659022931206381,,1003,0.02646430932191515,0.017859854143796778,0.13364076527690485,0.09865314970154143,0.11020255063110669,0.32513431858178155,0.0739601185091076,0.16253778697861695,0.583989614034567,0.542405372093753,0.10236915120306743,428,0.4267198404785643,0.8271028037383178,1003,2006,10.0,y,0.010854299334441006,0.016634017374308155,0.01157511369449251,0.30412999854318445,0.02646430932191515,0.026418532195906265,0.16253778697861695,0.005481127540399508,0.017859854143796778,0.01784798629470334,0.1335963558436507,0.09865314970154143,0.003444974469199953,0.32513431858178155,0.5839896140345671,0.06953561187711593,0.2335225178328004,0.07313980499999999,0.2,7,842,148,1003,482,9,16.0,25,0,9,17.0
main,PANC1,0.1,mlp,7,0,False,0.0,False,100,421,74,1003,3369,"{'emb_dim': 8, 'hidden': 24, 'lr': 0.01, 'weight_decay': 0.001}",6,5,0.8865986466407776,0.9314699172973633,10,2,0.11604220977651672,0.08986173297638786,0.625,1003,0.01914975260727799,0.019924271323994786,0.14115336100849596,0.10909235229650895,0.10705107112203666,-0.040445364104726655,0.03144169971346855,0.13838258221192812,0.02465401005585585,0.025251249614945515,0.10236915120306743,427,0.42572283150548357,0.49882903981264637,1003,0.01914975260727799,0.019402048397759695,0.1392912358971651,0.10784509116423825,0.10705107112203666,-0.013174885109785484,0.019651062786579132,0.13838258221192812,0.02465401065084829,0.025251249614945515,0.10236915120306743,427,0.42572283150548357,0.49882903981264637,1003,0.02646430932191515,0.019402048397759695,0.1392912358971651,0.10784509116423825,0.11020255063110669,0.266859823857454,0.11039460730257068,0.16253778697861695,0.535121463477944,0.4773694637632062,0.10236915120306743,428,0.4267198404785643,0.7873831775700935,1003,2006,1.0,y,0.009874957857704245,0.016634017374308155,0.01232291221141884,0.25917402067572526,0.02646430932191515,0.026418532195906265,0.16253778697861695,0.011686060883923923,0.01914975260727799,0.019149739059641045,0.13838258221192812,0.10705107112203666,-0.00011639431666523486,0.2763932595278411,0.5391347878079461,0.08835787934977088,0.23287945877465896,0.07313980499999999,0.1,7,421,74,1003,482,3,8.5,14,0,3,9.0
main,PANC1,0.2,potential,1,0,False,0.0,False,100,842,148,929,100,"{'lr': 0.03, 'weight_decay': 0.001}",4,3,1.001130223274231,1.2394756078720093,0,2,0.11379341830770734,0.09410835326587048,1.0,929,0.019700844871154147,0.01966685845714052,0.14023857692211697,0.10537113421443627,0.10550192872024626,0.00172512469571251,0.0037053213454782963,0.14035933285676996,0.045956971549073605,0.044013426591680026,0.10236915120306743,373,0.4015069967707212,0.5415549597855228,929,0.019700844871154147,0.01966685845714052,0.14023857692211697,0.10537113421443627,0.10550192872024626,0.00172512469571251,0.0037053213454782963,0.14035933285676996,0.045956971549073605,0.044013426591680026,0.10236915120306743,373,0.4015069967707212,0.5415549597855228,929,0.028557092862189527,0.01966685845714052,0.14023857692211697,0.10537113421443627,0.11231310531646933,0.31131440612499994,0.10118265467393141,0.1689557449968729,0.5591362065148964,0.5444493103807483,0.10236915120306743,369,0.39720129171151775,0.8130081300813008,929,1858,0.03,y,0.010804138057903787,0.018566535647188225,0.011878010776734541,0.36024625151147216,0.028557092862189527,0.02854604376744834,0.1689557449968729,0.010144095074906297,0.019700844871154147,0.019700742319997543,0.14035933285676996,0.10550192872024626,-0.00032023609510481525,0.31012428449120344,0.5579411268002975,0.07934494924551508,0.2276480766602391,0.070067712,0.2,1,842,148,929,556,7,16.0,33,0,7,17.0
main,PANC1,0.2,potential,0,0,False,0.0,False,100,842,148,848,100,"{'lr': 0.003, 'weight_decay': 0.0001}",4,0,0.9991987943649292,1.0017937421798706,0,2,0.12156855290768027,0.09426168549841944,1.0,848,0.015187887984365253,0.015206616237835136,0.12331510952772631,0.09309720540551161,0.09295076851825529,-0.0012331045296858356,0.0020448281429708004,0.12296237105388783,-0.02410646381499284,-0.04222758888372959,0.10236915120306743,304,0.3584905660377358,0.4934210526315789,848,0.015187887984365253,0.015206616237835136,0.12331510952772631,0.09309720540551161,0.09295076851825529,-0.0012331045296858356,0.0020448281429708004,0.12296237105388783,-0.02410646381499284,-0.04222758888372959,0.10236915120306743,304,0.3584905660377358,0.4934210526315789,848,0.022724106965869406,0.015206616237835136,0.12331510952772631,0.09309720540551161,0.09987849063797169,0.33081567250696386,0.08433170522946781,0.15039416564770727,0.5753448368047568,0.5454431515426491,0.10236915120306743,318,0.375,0.8490566037735849,848,1696,3.0,y,0.00964648233145319,0.012890183553374132,0.008941424655867334,0.3063384536889059,0.022724106965869406,0.02261840506087001,0.15039416564770727,0.007044588351954782,0.015187887984365253,0.01511974469519399,0.12296237105388783,0.09295076851825529,-0.008254894861308778,0.331639830459486,0.5760717891704424,0.07166515405188867,0.19941982637709965,0.0572801495,0.2,0,842,148,848,637,9,17.0,30,0,9,17.0
main,PANC1,0.2,potential,2,0,False,0.0,False,100,842,148,928,100,"{'lr': 0.01, 'weight_decay': 0.0001}",4,1,0.9997751116752625,1.5446628332138062,10,2,0.12107288974170366,0.09473771723932063,0.625,928,0.018141215490001392,0.018226728413378687,0.13500640137926306,0.10322555647647455,0.10273233857079124,-0.004713737258918771,0.002345411106944084,0.13460286220824655,-0.12472123265370007,-0.192337784387771,0.10236915120306743,377,0.40625,0.40848806366047746,928,0.018141215490001392,0.018193367871323404,0.1348827930883825,0.10304051511304331,0.10273233857079124,-0.0028748008285748305,0.0014658818254247308,0.13460286220824655,-0.12472123333736493,-0.192337784387771,0.10236915120306743,377,0.40625,0.40848806366047746,928,0.024605096382330657,0.018193367871323404,0.1348827930883825,0.10304051511304331,0.10164638985775863,0.2605853848884585,0.10213804852097152,0.15679700813626177,0.5260146144055683,0.4951744907276106,0.10236915120306743,329,0.3545258620689655,0.8419452887537994,928,1856,0.3,y,0.012374251808580821,0.014652404013009889,0.010649430173886545,0.27319570464813125,0.024605096382330657,0.02458530176048294,0.15679700813626177,0.010257870164521487,0.018141215490001392,0.01811793051465221,0.13460286220824655,0.10273233857079124,0.004825450792327648,0.2627049612766845,0.5260963248210113,0.08002097523185048,0.22661657300667243,0.0493383055,0.2,2,842,148,928,557,11,17.0,29,0,11,17.0
main,PANC1,0.2,potential,3,0,False,0.0,False,100,842,148,999,100,"{'lr': 0.03, 'weight_decay': 0.001}",4,3,0.9931309819221497,1.1793445348739624,0,2,0.11810608885086023,0.0926639147568975,1.0,999,0.019986113822546676,0.01995869219547803,0.1412752356058132,0.10771149554441926,0.10714167894424713,0.001372033968790487,0.005439410917460918,0.14132521458085107,0.03805478026816696,-0.01895844541936726,0.10236915120306743,410,0.41041041041041043,0.5219512195121951,999,0.019986113822546676,0.01995869219547803,0.1412752356058132,0.10771149554441926,0.10714167894424713,0.001372033968790487,0.005439410917460918,0.14132521458085107,0.03805478026816696,-0.01895844541936726,0.10236915120306743,410,0.41041041041041043,0.5219512195121951,999,0.02876868618758908,0.01995869219547803,0.1412752356058132,0.10771149554441926,0.11499516764564564,0.30623553452057595,0.09396353676654605,0.16959796940905403,0.5537366236482093,0.5344379931033236,0.10236915120306743,413,0.4134134134134134,0.8135593220338984,999,1998,3.0,y,0.010807464761610147,0.017424800008058194,0.012100270043711874,0.3055719412494813,0.02876868618758908,0.02876347122767443,0.16959796940905403,0.008046601970226105,0.019986113822546676,0.0199728162763236,0.14132521458085107,0.10714167894424713,-0.003646580072215091,0.3052823583174695,0.5533713289669406,0.0845040328864003,0.22776351491720176,0.07310569600000003,0.2,3,842,148,999,486,8,17.0,26,0,9,17.0
main,PANC1,0.2,potential,4,0,False,0.0,False,100,842,148,893,100,"{'lr': 0.003, 'weight_decay': 0.0001}",4,0,0.9998587369918823,1.4954737424850464,0,2,0.12173171640972041,0.09687495237404811,0.0,893,0.018313343861389057,0.018335011340470747,0.13540683638749834,0.10442414668485717,0.1042737653047676,-0.0011831525277790078,0.001518227974884212,0.13530929545817322,-0.04661461527539505,-0.0857213289789726,0.10236915120306743,364,0.4076147816349384,0.4368131868131868,893,0.018313343861389057,0.018313343861389057,0.13532680392808016,0.1042737653047676,0.1042737653047676,0.0,0.0,0.13530929545817322,,,0.10236915120306743,364,0.4076147816349384,,893,0.030136512299856227,0.018313343861389057,0.13532680392808016,0.1042737653047676,0.11575238709182532,0.3923203959644519,0.10931242280268887,0.17358986049982916,0.6264394784637081,0.5996631774958984,0.10236915120306743,372,0.4165733482642777,0.8467741935483871,893,1786,1.0,y,0.012526162177417602,0.017913896008653517,0.011652967272458462,0.349501232628047,0.030136512299856227,0.030133439668350148,0.17358986049982916,0.01194938547004255,0.018313343861389057,0.018308605437387212,0.13530929545817322,0.1042737653047676,-0.0021767921356537364,0.3923203959644519,0.6264394784637078,0.08316267742807257,0.21461089342486805,0.06946443900000002,0.2,4,842,148,893,592,7,17.0,27,0,9,17.0
main,PANC1,0.2,potential,6,0,False,0.0,False,100,842,148,949,100,"{'lr': 0.01, 'weight_decay': 0.01}",4,2,0.9973154664039612,1.7139033079147339,5,2,0.11266036859167487,0.09214908584354958,1.0,949,0.01746258491408313,0.01759963752927164,0.1326636254942237,0.10113085128094342,0.10012158251729965,-0.007848357838362352,0.005471657961606979,0.1321229573302551,-0.07268063787506436,-0.15513017314063193,0.10236915120306743,371,0.3909378292939937,0.4716981132075472,949,0.01746258491408313,0.01759963752927164,0.1326636254942237,0.10113085128094342,0.10012158251729965,-0.007848357838362352,0.005471657961606979,0.1321229573302551,-0.07268063787506436,-0.15513017314063193,0.10236915120306743,371,0.3909378292939937,0.4716981132075472,949,0.02429682126859657,0.01759963752927164,0.1326636254942237,0.10113085128094342,0.10389387675553215,0.2756403261681386,0.10076947598732386,0.15586955366378266,0.5366530359682338,0.5145883917219921,0.10236915120306743,366,0.3856691253951528,0.819672131147541,949,1898,1.0,y,0.013605891549852363,0.01628497278403633,0.010911578925053182,0.3299602603113052,0.02429682126859657,0.024295317759346822,0.15586955366378266,0.009153724438464137,0.01746258491408313,0.017456475853692404,0.1321229573302551,0.10012158251729965,-0.002471651348941541,0.281281089364008,0.5361435521159629,0.08081543393421226,0.20775577502537032,0.059937546,0.2,6,842,148,949,536,6,17.0,26,0,9,17.0
main,PANC1,0.2,potential,5,0,False,0.0,False,100,842,148,1000,100,"{'lr': 0.01, 'weight_decay': 0.0001}",4,1,0.9975343942642212,1.444536566734314,0,2,0.12165208797738594,0.09723053329513363,0.0,1000,0.018584702840961583,0.018571972440195404,0.1362790242120753,0.10316160811934458,0.10308070100748117,0.0006849935064939805,0.002331705763936043,0.13630521821939753,0.03006841370645671,-0.011820611820611822,0.10236915120306743,390,0.39,0.4846153846153846,1000,0.018584702840961583,0.018584702840961583,0.13632572332821705,0.10308070100748117,0.10308070100748117,0.0,0.0,0.13630521821939753,,,0.10236915120306743,390,0.39,,1000,0.02765653256217817,0.018584702840961583,0.13632572332821705,0.10308070100748117,0.114121788415,0.32801761033567933,0.09545531770891415,0.16623131291657242,0.5724048589314235,0.560938064938065,0.10236915120306743,424,0.424,0.8207547169811321,1000,2000,3.0,y,0.012363081992423279,0.018216405504203455,0.012448277156435789,0.3166447050400072,0.02765653256217817,0.02763284939396742,0.16623131291657242,0.009164003923548403,0.018584702840961583,0.01857911251383758,0.13630521821939753,0.10308070100748117,-0.002364387261852701,0.32801761033567933,0.5724048589314233,0.07849454088396719,0.2293895873619658,0.0711317245,0.2,5,842,148,1000,485,10,17.0,25,0,10,17.0
main,PANC1,0.2,potential,7,0,False,0.0,False,100,842,148,1003,100,"{'lr': 0.01, 'weight_decay': 0.0001}",4,1,0.9939090013504028,0.9778873324394226,0,2,0.1296931245984915,0.10192179261698636,1.0,1003,0.017859854143796778,0.01778393151444306,0.13335640784920333,0.09874119975345311,0.09865314970154143,0.00425102180244219,0.0025358505081385374,0.1335963558436507,0.12343787956206942,0.06719019171699778,0.10236915120306743,367,0.3659022931206381,0.5776566757493188,1003,0.017859854143796778,0.01778393151444306,0.13335640784920333,0.09874119975345311,0.09865314970154143,0.00425102180244219,0.0025358505081385374,0.1335963558436507,0.12343787956206942,0.06719019171699778,0.10236915120306743,367,0.3659022931206381,0.5776566757493188,1003,0.02646430932191515,0.01778393151444306,0.13335640784920333,0.09874119975345311,0.11020255063110669,0.32800318730721034,0.07534788028851601,0.16253778697861695,0.58484519158848,0.5435124357109743,0.10236915120306743,428,0.4267198404785643,0.8247663551401869,1003,2006,10.0,y,0.010854299334441006,0.016634017374308155,0.01157511369449251,0.30412999854318445,0.02646430932191515,0.026418532195906265,0.16253778697861695,0.005481127540399508,0.017859854143796778,0.01784798629470334,0.1335963558436507,0.09865314970154143,0.003444974469199953,0.32513431858178155,0.5839896140345671,0.06953561187711593,0.2335225178328004,0.07313980499999999,0.2,7,842,148,1003,482,9,16.0,25,0,9,17.0
main,PANC1,0.2,lowrank,0,0,False,0.0,False,100,842,148,848,1856,"{'rank': 16, 'lr': 0.03, 'weight_decay': 0.01}",6,5,0.08259684592485428,0.95912766456604,130,2,0.12156855290768027,0.09426168549841944,0.5,848,0.015187887984365253,0.016734040459438923,0.12936011927730634,0.0983237707594515,0.09295076851825529,-0.10180167753839853,0.07392417639493942,0.12296237105388783,0.21256751652624822,0.20223662293739694,0.10236915120306743,304,0.3584905660377358,0.618421052631579,848,0.015187887984365253,0.014589658535012845,0.12078765886883,0.09143314565000019,0.09295076851825529,0.03938858714050553,0.03696208819746971,0.12296237105388783,0.21256751652624822,0.20223662293739694,0.10236915120306743,304,0.3584905660377358,0.618421052631579,848,0.022724106965869406,0.014589658535012845,0.12078765886883,0.09143314565000019,0.09987849063797169,0.3579655932386755,0.09165852452025279,0.15039416564770727,0.5972461350580571,0.5405058290780975,0.10236915120306743,318,0.375,0.8176100628930818,848,1696,3.0,y,0.00964648233145319,0.012890183553374132,0.008941424655867334,0.3063384536889059,0.022724106965869406,0.02261840506087001,0.15039416564770727,0.007044588351954782,0.015187887984365253,0.01511974469519399,0.12296237105388783,0.09295076851825529,-0.008254894861308778,0.331639830459486,0.5760717891704424,0.07166515405188867,0.19941982637709965,0.0572801495,0.2,0,842,148,848,637,9,17.0,30,0,9,17.0
main,PANC1,0.2,lowrank,1,0,False,0.0,False,100,842,148,929,1856,"{'rank': 16, 'lr': 0.03, 'weight_decay': 0.01}",6,5,0.0705525204539299,1.1858900785446167,300,2,0.11379341830770734,0.09410835326587048,0.625,929,0.019700844871154147,0.02085468658213711,0.14441151817683073,0.1096242377252384,0.10550192872024626,-0.058568133424186763,0.0699508860707283,0.14035933285676996,0.19042918499940484,0.16701485384430254,0.10236915120306743,373,0.4015069967707212,0.6058981233243967,929,0.019700844871154147,0.01927516682085099,0.13883503455846796,0.10505782273608359,0.10550192872024626,0.021607096197505338,0.043719299137592316,0.14035933285676996,0.1904291850186328,0.16701485384430254,0.10236915120306743,373,0.4015069967707212,0.6058981233243967,929,0.028557092862189527,0.01927516682085099,0.13883503455846796,0.10505782273608359,0.11231310531646933,0.32503049544052476,0.11041141268355471,0.1689557449968729,0.5752377220818161,0.5389743088541148,0.10236915120306743,369,0.39720129171151775,0.8048780487804879,929,1858,0.03,y,0.010804138057903787,0.018566535647188225,0.011878010776734541,0.36024625151147216,0.028557092862189527,0.02854604376744834,0.1689557449968729,0.010144095074906297,0.019700844871154147,0.019700742319997543,0.14035933285676996,0.10550192872024626,-0.00032023609510481525,0.31012428449120344,0.5579411268002975,0.07934494924551508,0.2276480766602391,0.070067712,0.2,1,842,148,929,556,7,16.0,33,0,7,17.0
main,PANC1,0.2,lowrank,2,0,False,0.0,False,100,842,148,928,864,"{'rank': 8, 'lr': 0.03, 'weight_decay': 0.01}",6,4,0.8509023785591125,1.5090676546096802,10,2,0.12107288974170366,0.09473771723932063,0.875,928,0.018141215490001392,0.018835956330693883,0.1372441486209663,0.1044723936631339,0.10273233857079124,-0.03829626747311399,0.02870500274002552,0.13460286220824655,0.015327597101043314,0.029502440247891566,0.10236915120306743,377,0.40625,0.5225464190981433,928,0.018141215490001392,0.01865880896962046,0.13659725095923586,0.10392948617761374,0.10273233857079124,-0.02853135612133273,0.025116877630352974,0.13460286220824655,0.01532759735591416,0.029502440247891566,0.10236915120306743,377,0.40625,0.5225464190981433,928,0.024605096382330657,0.01865880896962046,0.13659725095923586,0.10392948617761374,0.10164638985775863,0.2416689339603778,0.10260204521834397,0.15679700813626177,0.5117990450954312,0.49288562841803774,0.10236915120306743,329,0.3545258620689655,0.8237082066869301,928,1856,0.3,y,0.012374251808580821,0.014652404013009889,0.010649430173886545,0.27319570464813125,0.024605096382330657,0.02458530176048294,0.15679700813626177,0.010257870164521487,0.018141215490001392,0.01811793051465221,0.13460286220824655,0.10273233857079124,0.004825450792327648,0.2627049612766845,0.5260963248210113,0.08002097523185048,0.22661657300667243,0.0493383055,0.2,2,842,148,928,557,11,17.0,29,0,11,17.0
main,PANC1,0.2,lowrank,3,0,False,0.0,False,100,842,148,999,864,"{'rank': 8, 'lr': 0.03, 'weight_decay': 0.01}",6,4,0.42486605048179626,1.165114164352417,25,2,0.11810608885086023,0.0926639147568975,0.5,999,0.019986113822546676,0.021384060736844467,0.14623289895520936,0.11135646447079887,0.10714167894424713,-0.06994590978065696,0.06969558447599411,0.14132521458085107,0.1761123194697654,0.14258258258258255,0.10236915120306743,410,0.41041041041041043,0.5609756097560976,999,0.019986113822546676,0.01947038313941281,0.13953631476935605,0.10598056812472272,0.10714167894424713,0.025804450415571223,0.034847792237997055,0.14132521458085107,0.1761123194697654,0.14258258258258255,0.10236915120306743,410,0.41041041041041043,0.5609756097560976,999,0.02876868618758908,0.01947038313941281,0.13953631476935605,0.10598056812472272,0.11499516764564564,0.3232091652550889,0.09750436073169591,0.16959796940905403,0.5689837813501635,0.528915392346254,0.10236915120306743,413,0.4134134134134134,0.8135593220338984,999,1998,3.0,y,0.010807464761610147,0.017424800008058194,0.012100270043711874,0.3055719412494813,0.02876868618758908,0.02876347122767443,0.16959796940905403,0.008046601970226105,0.019986113822546676,0.0199728162763236,0.14132521458085107,0.10714167894424713,-0.003646580072215091,0.3052823583174695,0.5533713289669406,0.0845040328864003,0.22776351491720176,0.07310569600000003,0.2,3,842,148,999,486,8,17.0,26,0,9,17.0
main,PANC1,0.2,lowrank,4,0,False,0.0,False,100,842,148,893,416,"{'rank': 4, 'lr': 0.03, 'weight_decay': 0.001}",6,2,0.5754501223564148,1.416450023651123,25,2,0.12173171640972041,0.09687495237404811,0.625,893,0.018313343861389057,0.02100447311748285,0.14492920036170368,0.11074093988912395,0.1042737653047676,-0.14694909222818864,0.07940113544464111,0.13530929545817322,0.16867792350968125,0.13565319842863122,0.10236915120306743,364,0.4076147816349384,0.5604395604395604,893,0.018313343861389057,0.018516917252717407,0.13607687993453335,0.10493144580572693,0.1042737653047676,-0.011116123459984584,0.0496257059276104,0.13530929545817322,0.1686779244832893,0.13565319842863122,0.10236915120306743,364,0.4076147816349384,0.5604395604395604,893,0.030136512299856227,0.018516917252717407,0.13607687993453335,0.10493144580572693,0.11575238709182532,0.38556535446187823,0.12247974087585746,0.17358986049982916,0.6262262341081557,0.5813955757387904,0.10236915120306743,372,0.4165733482642777,0.8306451612903226,893,1786,1.0,y,0.012526162177417602,0.017913896008653517,0.011652967272458462,0.349501232628047,0.030136512299856227,0.030133439668350148,0.17358986049982916,0.01194938547004255,0.018313343861389057,0.018308605437387212,0.13530929545817322,0.1042737653047676,-0.0021767921356537364,0.3923203959644519,0.6264394784637078,0.08316267742807257,0.21461089342486805,0.06946443900000002,0.2,4,842,148,893,592,7,17.0,27,0,9,17.0
main,PANC1,0.2,lowrank,5,0,False,0.0,False,100,842,148,1000,864,"{'rank': 8, 'lr': 0.03, 'weight_decay': 0.01}",6,4,0.13149943947792053,1.2747207880020142,435,2,0.12165208797738594,0.09723053329513363,0.625,1000,0.018584702840961583,0.019787252440917762,0.1406671690229023,0.10671246633368761,0.10308070100748117,-0.06470642066472543,0.08627986162900925,0.13630521821939753,0.26518503844078184,0.24391194391194393,0.10236915120306743,390,0.39,0.6333333333333333,1000,0.018584702840961583,0.017588689121493355,0.13262235528557528,0.10053739596658606,0.10308070100748117,0.0535932012468322,0.053924910724163055,0.13630521821939753,0.26518504013256006,0.24391194391194393,0.10236915120306743,390,0.39,0.6333333333333333,1000,0.02765653256217817,0.017588689121493355,0.13262235528557528,0.10053739596658608,0.114121788415,0.36403129777928656,0.10818018349671295,0.16623131291657242,0.6046606176171345,0.5762733242733243,0.10236915120306743,424,0.424,0.8113207547169812,1000,2000,3.0,y,0.012363081992423279,0.018216405504203455,0.012448277156435789,0.3166447050400072,0.02765653256217817,0.02763284939396742,0.16623131291657242,0.009164003923548403,0.018584702840961583,0.01857911251383758,0.13630521821939753,0.10308070100748117,-0.002364387261852701,0.32801761033567933,0.5724048589314233,0.07849454088396719,0.2293895873619658,0.0711317245,0.2,5,842,148,1000,485,10,17.0,25,0,10,17.0
main,PANC1,0.2,lowrank,6,0,False,0.0,False,100,842,148,949,1856,"{'rank': 16, 'lr': 0.03, 'weight_decay': 0.01}",6,5,0.3606129586696625,1.5905179977416992,15,2,0.11266036859167487,0.09214908584354958,0.75,949,0.01746258491408313,0.021185688899049034,0.14555304496659985,0.1104480790557163,0.10012158251729965,-0.21320463169019832,0.06393527239561081,0.1321229573302551,0.02184018026070481,0.017960095447432656,0.10236915120306743,371,0.3909378292939937,0.5148247978436657,949,0.01746258491408313,0.019488355858035326,0.13960070149549866,0.10599813115282376,0.10012158251729965,-0.11600636182553159,0.04795145243406296,0.1321229573302551,0.021840182385884442,0.017960095447432656,0.10236915120306743,371,0.3909378292939937,0.5148247978436657,949,0.02429682126859657,0.019488355858035326,0.13960070149549866,0.10599813115282376,0.10389387675553215,0.19790512336591715,0.10782851094915696,0.15586955366378266,0.48917255729595494,0.4826144846182629,0.10236915120306743,366,0.3856691253951528,0.8005464480874317,949,1898,1.0,y,0.013605891549852363,0.01628497278403633,0.010911578925053182,0.3299602603113052,0.02429682126859657,0.024295317759346822,0.15586955366378266,0.009153724438464137,0.01746258491408313,0.017456475853692404,0.1321229573302551,0.10012158251729965,-0.002471651348941541,0.281281089364008,0.5361435521159629,0.08081543393421226,0.20775577502537032,0.059937546,0.2,6,842,148,949,536,6,17.0,26,0,9,17.0
main,PANC1,0.2,lowrank,7,0,False,0.0,False,100,842,148,1003,416,"{'rank': 4, 'lr': 0.01, 'weight_decay': 0.001}",6,1,0.9115361571311951,0.9498915672302246,20,2,0.1296931245984915,0.10192179261698636,0.875,1003,0.017859854143796778,0.0194733607515839,0.13954698402897822,0.10329676770137612,0.09865314970154143,-0.09034265312561574,0.03213033825159073,0.1335963558436507,-0.06691265557149964,-0.05512053671273794,0.10236915120306743,367,0.3659022931206381,0.45231607629427795,1003,0.017859854143796778,0.019158676457765304,0.13841487079705456,0.10241885027017907,0.09865314970154143,-0.07272300789867558,0.028114045038819313,0.1335963558436507,-0.06691265366866082,-0.05512053671273794,0.10236915120306743,367,0.3659022931206381,0.45231607629427795,1003,0.02646430932191515,0.019158676457765304,0.13841487079705456,0.10241885027017907,0.11020255063110669,0.27605605630145935,0.07916497685982105,0.16253778697861695,0.526318683261767,0.5073888956505249,0.10236915120306743,428,0.4267198404785643,0.8037383177570093,1003,2006,10.0,y,0.010854299334441006,0.016634017374308155,0.01157511369449251,0.30412999854318445,0.02646430932191515,0.026418532195906265,0.16253778697861695,0.005481127540399508,0.017859854143796778,0.01784798629470334,0.1335963558436507,0.09865314970154143,0.003444974469199953,0.32513431858178155,0.5839896140345671,0.06953561187711593,0.2335225178328004,0.07313980499999999,0.2,7,842,148,1003,482,9,16.0,25,0,9,17.0
main,PANC1,0.1,mlp_ordered,4,0,False,0.0,False,100,421,74,893,18074,"{'emb_dim': 16, 'hidden': 48, 'lr': 0.03, 'weight_decay': 0.01}",6,2,0.017959486693143845,2.16007137298584,150,2,0.12229795301028956,0.09804310084801528,0.625,893,0.020670736274491373,0.02412870037422505,0.15533415713945548,0.1198297003358824,0.10653573788397591,-0.16728790178610908,0.09308716654777527,0.14373716158307212,0.19455727296737907,0.1517666102908592,0.10236915120306743,359,0.40201567749160133,0.5766016713091922,893,0.020670736274491373,0.02080104828577324,0.14422568524979607,0.10931232013950162,0.10653573788397591,-0.006304178503921065,0.05817947909235954,0.14373716158307212,0.19455727188108976,0.1517666102908592,0.10236915120306743,359,0.40201567749160133,0.5766016713091922,893,0.030136512299856227,0.02080104828577324,0.14422568524979607,0.10931232013950162,0.11575238709182532,0.30977254173262525,0.1227531072725549,0.17358986049982916,0.5727833854330417,0.5294700902148851,0.10236915120306743,372,0.4165733482642777,0.7956989247311828,893,1786,3.0,y,0.015264350989484508,0.017913896008653517,0.012636628768628385,0.2945907041927611,0.030136512299856227,0.030133439668350148,0.17358986049982916,0.009426899845133572,0.020670736274491373,0.020660371619958182,0.14373716158307212,0.10653573788397591,-0.0032194183532423437,0.3140965992076665,0.5606894622877096,0.07871579554253309,0.23161227507831922,0.06946443900000002,0.1,4,421,74,893,592,2,8.5,16,0,4,9.0
main,PANC1,0.1,mlp_ordered,5,0,False,0.0,False,100,421,74,1000,18074,"{'emb_dim': 16, 'hidden': 48, 'lr': 0.01, 'weight_decay': 0.001}",6,1,0.000963247031904757,1.8390110731124878,265,2,0.12743149326508707,0.09767968959642016,0.5,1000,0.019112958835150996,0.02666276466516398,0.16328736835764113,0.1229789619688076,0.10410311196412758,-0.39500978865334013,0.09731252491474152,0.13822271123956315,0.07115118528729525,0.05193917193917194,0.10236915120306743,388,0.388,0.538659793814433,1000,0.019112958835150996,0.02051989480845385,0.14324766946953743,0.10788127553541609,0.10410311196412758,-0.07361162577901492,0.04865626245737076,0.13822271123956315,0.07115118528729525,0.05193917193917194,0.10236915120306743,388,0.388,0.538659793814433,1000,0.02765653256217817,0.02051989480845385,0.14324766946953743,0.1078812755354161,0.114121788415,0.2580452823462065,0.10532190006004286,0.16623131291657242,0.520043780924059,0.5065183465183466,0.10236915120306743,424,0.424,0.7948113207547169,1000,2000,3.0,y,0.010630948858440086,0.018216405504203455,0.013360454894783142,0.26657018632461804,0.02765653256217817,0.02763284939396742,0.16623131291657242,0.008149244597554865,0.019112958835150996,0.01910551790241566,0.13822271123956315,0.10410311196412758,0.002727807312720813,0.30891702377437513,0.5556587572239805,0.07674014041107208,0.22556645673549217,0.0711317245,0.1,5,421,74,1000,485,2,8.0,16,0,3,9.0
main,PANC1,0.1,mlp_ordered,6,0,False,0.0,False,100,421,74,949,58074,"{'emb_dim': 32, 'hidden': 48, 'lr': 0.01, 'weight_decay': 0.001}",6,4,0.00022994252503849566,2.9383325576782227,430,2,0.11474254107952177,0.09505210442028182,0.5,949,0.018314100094452397,0.023110903130568947,0.15202270597042059,0.11752617424515414,0.10143135556895465,-0.2619185770186747,0.08876075595617294,0.1353230795476967,0.12894959367075212,0.110765720640051,0.10236915120306743,357,0.3761854583772392,0.5742296918767507,949,0.018314100094452397,0.018735183980595385,0.13687652823108637,0.10338316548098289,0.10143135556895465,-0.02299233290040492,0.04438037797808647,0.1353230795476967,0.12894959367075212,0.110765720640051,0.10236915120306743,357,0.3761854583772392,0.5742296918767507,949,0.02429682126859657,0.018735183980595385,0.13687652823108637,0.10338316548098289,0.10389387675553215,0.22890390584506426,0.10560571908921614,0.15586955366378266,0.5077177101374568,0.4900391660213879,0.10236915120306743,366,0.3856691253951528,0.7814207650273224,949,1898,3.0,y,0.01496692071219588,0.01628497278403633,0.01156075400220158,0.2900968177524841,0.02429682126859657,0.024295317759346822,0.15586955366378266,0.007419344560646141,0.018314100094452397,0.018312335858272247,0.1353230795476967,0.10143135556895465,-0.0013282455270590217,0.2462347279097281,0.49909785128906287,0.07874375940176967,0.217580208592914,0.059937546,0.1,6,421,74,949,536,3,8.0,18,0,3,8.0
main,PANC1,0.1,mlp_ordered,7,0,False,0.0,False,100,421,74,1003,3570,"{'emb_dim': 8, 'hidden': 24, 'lr': 0.01, 'weight_decay': 0.001}",6,5,0.8626782894134521,1.5859566926956177,15,2,0.11604220977651672,0.08986173297638786,0.625,1003,0.01914975260727799,0.02065551010433837,0.14372024945823872,0.11234287645435632,0.10705107112203666,-0.07863065011545411,0.03524640575051308,0.13838258221192812,-0.02665964814805365,-0.0599538074946618,0.10236915120306743,427,0.42572283150548357,0.47306791569086654,1003,0.01914975260727799,0.01979898591104609,0.14070886934037274,0.10980050947811112,0.10705107112203666,-0.03390296037147511,0.022029001265764236,0.13838258221192812,-0.026659648297935726,-0.0599538074946618,0.10236915120306743,427,0.42572283150548357,0.47306791569086654,1003,0.02646430932191515,0.01979898591104609,0.14070886934037274,0.10980050947811112,0.11020255063110669,0.2518608488810812,0.11659065465606207,0.16253778697861695,0.5333494457075446,0.47365448326633053,0.10236915120306743,428,0.4267198404785643,0.7897196261682243,1003,2006,1.0,y,0.009874957857704245,0.016634017374308155,0.01232291221141884,0.25917402067572526,0.02646430932191515,0.026418532195906265,0.16253778697861695,0.011686060883923923,0.01914975260727799,0.019149739059641045,0.13838258221192812,0.10705107112203666,-0.00011639431666523486,0.2763932595278411,0.5391347878079461,0.08835787934977088,0.23287945877465896,0.07313980499999999,0.1,7,421,74,1003,482,3,8.5,14,0,3,9.0
main,PANC1,0.2,mlp,0,0,False,0.0,False,100,842,148,848,17873,"{'emb_dim': 16, 'hidden': 48, 'lr': 0.003, 'weight_decay': 0.001}",6,0,0.9731837511062622,1.001260757446289,10,2,0.12156855290768027,0.09426168549841944,0.875,848,0.015187887984365253,0.015231595565475228,0.12341635047867534,0.09323130737815975,0.09295076851825529,-0.002877791905956162,0.006341998931020498,0.12296237105388783,-0.002074973512775899,0.0036998137538173537,0.10236915120306743,304,0.3584905660377358,0.5197368421052632,848,0.015187887984365253,0.015221732927824715,0.12337638723769113,0.09318796279680311,0.09295076851825529,-0.0022284167156290113,0.005549248773604631,0.12296237105388783,-0.0020749742544285714,0.0036998137538173537,0.10236915120306743,304,0.3584905660377358,0.5197368421052632,848,0.022724106965869406,0.015221732927824715,0.12337638723769113,0.09318796279680311,0.09987849063797169,0.3301504454856211,0.08425649700955906,0.15039416564770727,0.5746746043152264,0.5406989352222065,0.10236915120306743,318,0.375,0.8427672955974843,848,1696,3.0,y,0.00964648233145319,0.012890183553374132,0.008941424655867334,0.3063384536889059,0.022724106965869406,0.02261840506087001,0.15039416564770727,0.007044588351954782,0.015187887984365253,0.01511974469519399,0.12296237105388783,0.09295076851825529,-0.008254894861308778,0.331639830459486,0.5760717891704424,0.07166515405188867,0.19941982637709965,0.0572801495,0.2,0,842,148,848,637,9,17.0,30,0,9,17.0
main,PANC1,0.2,mlp,3,0,False,0.0,False,100,842,148,999,17873,"{'emb_dim': 16, 'hidden': 48, 'lr': 0.003, 'weight_decay': 0.001}",6,0,0.9729248881340027,1.1835253238677979,10,2,0.11810608885086023,0.0926639147568975,1.0,999,0.019986113822546676,0.019885426137553966,0.14101569464975863,0.10700146297841936,0.10714167894424713,0.00503788209587408,0.006162456702440977,0.14132521458085107,0.07914661208508067,0.059912196765904174,0.10236915120306743,410,0.41041041041041043,0.5439024390243903,999,0.019986113822546676,0.019885426137553966,0.14101569464975863,0.10700146297841936,0.10714167894424713,0.00503788209587408,0.006162456702440977,0.14132521458085107,0.07914661208508067,0.059912196765904174,0.10236915120306743,410,0.41041041041041043,0.5439024390243903,999,0.02876868618758908,0.019885426137553966,0.14101569464975863,0.10700146297841936,0.11499516764564564,0.3087822638861898,0.09101469191009814,0.16959796940905403,0.5563072040897601,0.5346868872880897,0.10236915120306743,413,0.4134134134134134,0.8232445520581114,999,1998,3.0,y,0.010807464761610147,0.017424800008058194,0.012100270043711874,0.3055719412494813,0.02876868618758908,0.02876347122767443,0.16959796940905403,0.008046601970226105,0.019986113822546676,0.0199728162763236,0.14132521458085107,0.10714167894424713,-0.003646580072215091,0.3052823583174695,0.5533713289669406,0.0845040328864003,0.22776351491720176,0.07310569600000003,0.2,3,842,148,999,486,8,17.0,26,0,9,17.0
main,PANC1,0.2,mlp,1,0,False,0.0,False,100,842,148,929,57873,"{'emb_dim': 32, 'hidden': 48, 'lr': 0.01, 'weight_decay': 0.001}",6,4,7.960978837218136e-05,1.2327258586883545,240,2,0.11379341830770734,0.09410835326587048,0.5,929,0.019700844871154147,0.02358292742820073,0.15356733841608614,0.11602167311754864,0.10550192872024626,-0.19705157735294399,0.08083836734294891,0.14035933285676996,0.11750820712927579,0.11682240866250147,0.10236915120306743,373,0.4015069967707212,0.5522788203753352,929,0.019700844871154147,0.02000406776403794,0.1414357372237934,0.10560035333691975,0.10550192872024626,-0.015391364932159313,0.04041918367147446,0.14035933285676996,0.11750820712927579,0.11682240866250147,0.10236915120306743,373,0.4015069967707212,0.5522788203753352,929,0.028557092862189527,0.02000406776403794,0.1414357372237934,0.10560035333691975,0.11231310531646933,0.29950615559597304,0.1060367493277424,0.1689557449968729,0.5522776594386771,0.5359787995512296,0.10236915120306743,369,0.39720129171151775,0.8102981029810298,929,1858,0.03,y,0.010804138057903787,0.018566535647188225,0.011878010776734541,0.36024625151147216,0.028557092862189527,0.02854604376744834,0.1689557449968729,0.010144095074906297,0.019700844871154147,0.019700742319997543,0.14035933285676996,0.10550192872024626,-0.00032023609510481525,0.31012428449120344,0.5579411268002975,0.07934494924551508,0.2276480766602391,0.070067712,0.2,1,842,148,929,556,7,16.0,33,0,7,17.0
main,PANC1,0.2,mlp,2,0,False,0.0,False,100,842,148,928,3369,"{'emb_dim': 8, 'hidden': 24, 'lr': 0.01, 'weight_decay': 0.001}",6,5,0.8924052119255066,1.5247747898101807,15,2,0.12107288974170366,0.09473771723932063,0.625,928,0.018141215490001392,0.019274912619550204,0.13883411907578844,0.10553323691166853,0.10273233857079124,-0.062492898018528864,0.03499238193035126,0.13460286220824655,0.008712862667037479,0.030736723745727963,0.10236915120306743,377,0.40625,0.5119363395225465,928,0.018141215490001392,0.01856255484659518,0.13624446721461822,0.103499319877026,0.10273233857079124,-0.02322553066116284,0.021870238706469536,0.13460286220824655,0.008712862774384553,0.030736723745727963,0.10236915120306743,377,0.40625,0.5119363395225465,928,0.024605096382330657,0.01856255484659518,0.13624446721461822,0.103499319877026,0.10164638985775863,0.24558089274849293,0.1018702451285631,0.15679700813626177,0.5139285145413802,0.4963656048594261,0.10236915120306743,329,0.3545258620689655,0.8297872340425532,928,1856,0.3,y,0.012374251808580821,0.014652404013009889,0.010649430173886545,0.27319570464813125,0.024605096382330657,0.02458530176048294,0.15679700813626177,0.010257870164521487,0.018141215490001392,0.01811793051465221,0.13460286220824655,0.10273233857079124,0.004825450792327648,0.2627049612766845,0.5260963248210113,0.08002097523185048,0.22661657300667243,0.0493383055,0.2,2,842,148,928,557,11,17.0,29,0,11,17.0
main,PANC1,0.2,mlp,4,0,False,0.0,False,100,842,148,893,3369,"{'emb_dim': 8, 'hidden': 24, 'lr': 0.01, 'weight_decay': 0.001}",6,5,0.9475557208061218,1.4679571390151978,10,2,0.12173171640972041,0.09687495237404811,0.875,893,0.018313343861389057,0.019269256016017377,0.13881374577475164,0.10643913683009226,0.1042737653047676,-0.052197575814852515,0.030659491196274757,0.13530929545817322,-0.0020166273574297473,0.005203929763268455,0.10236915120306743,364,0.4076147816349384,0.5302197802197802,893,0.018313343861389057,0.019046949718795655,0.13801068697313137,0.10591988605255623,0.1042737653047676,-0.04005854217335458,0.026827052235603333,0.13530929545817322,-0.002016626191270191,0.005203929763268455,0.10236915120306743,364,0.4076147816349384,0.5302197802197802,893,0.030136512299856227,0.019046949718795655,0.13801068697313137,0.10591988605255623,0.11575238709182532,0.3679776369183064,0.11412433631194911,0.17358986049982916,0.6086284624242804,0.5860745779035121,0.10236915120306743,372,0.4165733482642777,0.8360215053763441,893,1786,1.0,y,0.012526162177417602,0.017913896008653517,0.011652967272458462,0.349501232628047,0.030136512299856227,0.030133439668350148,0.17358986049982916,0.01194938547004255,0.018313343861389057,0.018308605437387212,0.13530929545817322,0.1042737653047676,-0.0021767921356537364,0.3923203959644519,0.6264394784637078,0.08316267742807257,0.21461089342486805,0.06946443900000002,0.2,4,842,148,893,592,7,17.0,27,0,9,17.0
main,PANC1,0.2,mlp,5,0,False,0.0,False,100,842,148,1000,17873,"{'emb_dim': 16, 'hidden': 48, 'lr': 0.03, 'weight_decay': 0.01}",6,2,0.00463686091825366,1.3388302326202393,185,2,0.12165208797738594,0.09723053329513363,0.625,1000,0.018584702840961583,0.02500999274223413,0.15814547967689158,0.12004049168512373,0.10308070100748117,-0.3457300316425236,0.10321585088968277,0.13630521821939753,0.1501773156185719,0.1572917057635809,0.10236915120306743,390,0.39,0.5974358974358974,1000,0.018584702840961583,0.02009965100181997,0.14177323796055435,0.10728411005016844,0.10308070100748117,-0.08151586677616218,0.06450991332530975,0.13630521821939753,0.15017731541248402,0.1572917057635809,0.10236915120306743,390,0.39,0.5974358974358974,1000,0.02765653256217817,0.020099651001819974,0.14177323796055438,0.10728411005016844,0.114121788415,0.27324038338387535,0.12253076852622705,0.16623131291657242,0.5534791901709459,0.5494624174624175,0.10236915120306743,424,0.424,0.7971698113207547,1000,2000,3.0,y,0.012363081992423279,0.018216405504203455,0.012448277156435789,0.3166447050400072,0.02765653256217817,0.02763284939396742,0.16623131291657242,0.009164003923548403,0.018584702840961583,0.01857911251383758,0.13630521821939753,0.10308070100748117,-0.002364387261852701,0.32801761033567933,0.5724048589314233,0.07849454088396719,0.2293895873619658,0.0711317245,0.2,5,842,148,1000,485,10,17.0,25,0,10,17.0
main,PANC1,0.2,mlp,6,0,False,0.0,False,100,842,148,949,17873,"{'emb_dim': 16, 'hidden': 48, 'lr': 0.01, 'weight_decay': 0.001}",6,1,4.4223143049748614e-05,1.6294970512390137,799,2,0.11266036859167487,0.09214908584354958,0.625,949,0.01746258491408313,0.023534952564606398,0.15341105750436113,0.11701099234740685,0.10012158251729965,-0.34773589823039663,0.09726276248693466,0.1321229573302551,0.13250972161581975,0.1370788424155586,0.10236915120306743,371,0.3909378292939937,0.5660377358490566,949,0.01746258491408313,0.01903922395045386,0.13798269438757116,0.10403333599928623,0.10012158251729965,-0.0902866926132575,0.06078922376036644,0.1321229573302551,0.13250972246827497,0.1370788424155586,0.10236915120306743,371,0.3909378292939937,0.5660377358490566,949,0.02429682126859657,0.01903922395045386,0.13798269438757116,0.10403333599928623,0.10389387675553215,0.21639033600408086,0.11452873225097608,0.15586955366378266,0.5150503596868803,0.5110372501928816,0.10236915120306743,366,0.3856691253951528,0.7978142076502732,949,1898,1.0,y,0.013605891549852363,0.01628497278403633,0.010911578925053182,0.3299602603113052,0.02429682126859657,0.024295317759346822,0.15586955366378266,0.009153724438464137,0.01746258491408313,0.017456475853692404,0.1321229573302551,0.10012158251729965,-0.002471651348941541,0.281281089364008,0.5361435521159629,0.08081543393421226,0.20775577502537032,0.059937546,0.2,6,842,148,949,536,6,17.0,26,0,9,17.0
main,PANC1,0.2,mlp_ordered,0,0,False,0.0,False,100,842,148,848,18074,"{'emb_dim': 16, 'hidden': 48, 'lr': 0.003, 'weight_decay': 0.001}",6,0,0.9991185665130615,1.6649693250656128,0,2,0.12156855290768027,0.09426168549841944,1.0,848,0.015187887984365253,0.015197764696564628,0.12327921437356999,0.09309427312010475,0.09295076851825529,-0.0006503018859200793,0.001578731695190072,0.12296237105388783,-0.02609020831213653,-0.05799278787023425,0.10236915120306743,304,0.3584905660377358,0.4473684210526316,848,0.015187887984365253,0.015197764696564628,0.12327921437356999,0.09309427312010475,0.09295076851825529,-0.0006503018859200793,0.001578731695190072,0.12296237105388783,-0.02609020831213653,-0.05799278787023425,0.10236915120306743,304,0.3584905660377358,0.4473684210526316,848,0.022724106965869406,0.015197764696564628,0.12327921437356999,0.09309427312010475,0.09987849063797169,0.3312051945807599,0.08447018206594667,0.15039416564770727,0.5754665600052891,0.5436087907631465,0.10236915120306743,318,0.375,0.8490566037735849,848,1696,3.0,y,0.00964648233145319,0.012890183553374132,0.008941424655867334,0.3063384536889059,0.022724106965869406,0.02261840506087001,0.15039416564770727,0.007044588351954782,0.015187887984365253,0.01511974469519399,0.12296237105388783,0.09295076851825529,-0.008254894861308778,0.331639830459486,0.5760717891704424,0.07166515405188867,0.19941982637709965,0.0572801495,0.2,0,842,148,848,637,9,17.0,30,0,9,17.0
main,PANC1,0.2,mlp_ordered,4,0,False,0.0,False,100,842,148,893,58074,"{'emb_dim': 32, 'hidden': 48, 'lr': 0.01, 'weight_decay': 0.001}",6,4,0.0004250550118740648,2.240053415298462,799,2,0.12173171640972041,0.09687495237404811,0.625,893,0.018313343861389057,0.018544458022341885,0.13617803795892305,0.10350816090137652,0.1042737653047676,-0.012619986972455477,0.09903733432292938,0.13530929545817322,0.357412699068171,0.34038701037496627,0.10236915120306743,364,0.4076147816349384,0.6758241758241759,893,0.018313343861389057,0.016158912101895923,0.12711770963125446,0.09709078115184551,0.1042737653047676,0.11764272957465893,0.061898328363895416,0.13530929545817322,0.3574126993260922,0.34038701037496627,0.10236915120306743,364,0.4076147816349384,0.6758241758241759,893,0.030136512299856227,0.016158912101895923,0.12711770963125446,0.09709078115184551,0.11575238709182532,0.4638094832900418,0.1253577062619128,0.17358986049982916,0.6823028450279001,0.6320894504533291,0.10236915120306743,372,0.4165733482642777,0.8655913978494624,893,1786,1.0,y,0.012526162177417602,0.017913896008653517,0.011652967272458462,0.349501232628047,0.030136512299856227,0.030133439668350148,0.17358986049982916,0.01194938547004255,0.018313343861389057,0.018308605437387212,0.13530929545817322,0.1042737653047676,-0.0021767921356537364,0.3923203959644519,0.6264394784637078,0.08316267742807257,0.21461089342486805,0.06946443900000002,0.2,4,842,148,893,592,7,17.0,27,0,9,17.0
main,PANC1,0.2,mlp_ordered,1,0,False,0.0,False,100,842,148,929,58074,"{'emb_dim': 32, 'hidden': 48, 'lr': 0.01, 'weight_decay': 0.001}",6,4,0.00041578678064979613,1.6801772117614746,799,2,0.11379341830770734,0.09410835326587048,0.625,929,0.019700844871154147,0.01953564204307399,0.13976996116145268,0.106665652101623,0.10550192872024626,0.008385570728595804,0.09076464921236038,0.14035933285676996,0.32991624076778425,0.3145892577687683,0.10236915120306743,373,0.4015069967707212,0.6809651474530831,929,0.019700844871154147,0.017665849913837482,0.13291294110746885,0.10061967520748535,0.10550192872024626,0.10329480642204802,0.056727904826402664,0.14035933285676996,0.3299162424371597,0.3145892577687683,0.10236915120306743,373,0.4015069967707212,0.6809651474530831,929,0.028557092862189527,0.017665849913837482,0.13291294110746885,0.10061967520748535,0.11231310531646933,0.38138486297995644,0.11249625172714367,0.1689557449968729,0.6191553052118804,0.5839310003580105,0.10236915120306743,369,0.39720129171151775,0.8346883468834688,929,1858,0.03,y,0.010804138057903787,0.018566535647188225,0.011878010776734541,0.36024625151147216,0.028557092862189527,0.02854604376744834,0.1689557449968729,0.010144095074906297,0.019700844871154147,0.019700742319997543,0.14035933285676996,0.10550192872024626,-0.00032023609510481525,0.31012428449120344,0.5579411268002975,0.07934494924551508,0.2276480766602391,0.070067712,0.2,1,842,148,929,556,7,16.0,33,0,7,17.0
main,PANC1,0.4,zero,0,0,False,0.0,False,100,1683,297,848,0,{},1,0,1.0,1.0682722330093384,0,1,0.12311217901168943,0.0975523497754966,0.0,848,0.014702756220755854,0.014702756220755854,0.12125492245989791,0.09243889102862994,0.09243889102862994,0.0,0.0,0.12112285574073503,,,0.10236915120306743,295,0.34787735849056606,,848,0.014702756220755854,0.014702756220755854,0.12125492245989791,0.09243889102862994,0.09243889102862994,0.0,0.0,0.12112285574073503,,,0.10236915120306743,295,0.34787735849056606,,848,0.022724106965869406,0.014702756220755854,0.12125492245989791,0.09243889102862994,0.09987849063797169,0.35298860180341796,0.09370648156235696,0.15039416564770727,0.5935099921848743,0.5621522151063514,0.10236915120306743,318,0.375,0.8584905660377359,848,1696,1.0,y,0.01015132424540169,0.012890183553374132,0.008376893014957924,0.3501339232081617,0.022724106965869406,0.02261840506087001,0.15039416564770727,0.00880228053059972,0.014702756220755854,0.014670746182790908,0.12112285574073503,0.09243889102862994,-0.0056577414190597045,0.35298860180341796,0.5935099921848743,0.07162766987552306,0.1972407409747296,0.0572801495,0.4,0,1683,297,848,637,22,33.0,52,0,22,33.0
main,PANC1,0.4,zero,1,0,False,0.0,False,100,1683,297,929,0,{},1,0,1.0,1.028749704360962,0,1,0.11867525819661161,0.0963984291063571,0.0,929,0.01861983781756423,0.01861983781756423,0.1364545265557879,0.10230454142205433,0.10230454142205433,0.0,0.0,0.13645294928647844,,,0.10236915120306743,366,0.3939720129171152,,929,0.01861983781756423,0.01861983781756423,0.1364545265557879,0.10230454142205433,0.10230454142205433,0.0,0.0,0.13645294928647844,,,0.10236915120306743,366,0.3939720129171152,,929,0.028557092862189527,0.01861983781756423,0.1364545265557879,0.10230454142205433,0.11231310531646933,0.34797852472520163,0.0967240552607772,0.1689557449968729,0.5899546931133131,0.5721608957925982,0.10236915120306743,369,0.39720129171151775,0.8238482384823849,929,1858,0.01,y,0.010772115217655295,0.018566535647188225,0.011123464450973482,0.4008863763090851,0.028557092862189527,0.02854604376744834,0.1689557449968729,0.009371384091297947,0.01861983781756423,0.018619407368978255,0.13645294928647844,0.10230454142205433,0.0006560858068641833,0.34797852472520163,0.5899546931133131,0.08073555426462033,0.22503932982944616,0.070067712,0.4,1,1683,297,929,556,24,34.0,45,0,24,34.0
main,PANC1,0.4,zero,2,0,False,0.0,False,100,1683,297,928,0,{},1,0,1.0,1.2805089950561523,0,1,0.12281735479180696,0.09835904852284669,0.0,928,0.01690908226248731,0.01690908226248731,0.1300349270868689,0.09960223640157508,0.09960223640157508,0.0,0.0,0.12986835437471228,,,0.10236915120306743,362,0.3900862068965517,,928,0.01690908226248731,0.01690908226248731,0.1300349270868689,0.09960223640157508,0.09960223640157508,0.0,0.0,0.12986835437471228,,,0.10236915120306743,362,0.3900862068965517,,928,0.024605096382330657,0.01690908226248731,0.1300349270868689,0.09960223640157508,0.10164638985775863,0.3127813035258008,0.09803693937935912,0.15679700813626177,0.5637154531681743,0.5407818072789767,0.10236915120306743,329,0.3545258620689655,0.8480243161094225,928,1856,0.1,y,0.011365846595878993,0.014652404013009889,0.010069103193775726,0.3128019685482767,0.024605096382330657,0.02458530176048294,0.15679700813626177,0.009732876811067822,0.01690908226248731,0.01686578946799585,0.12986835437471228,0.09960223640157508,0.006579726019482908,0.3127813035258008,0.5637154531681745,0.07963310689304187,0.20714071885643087,0.0493383055,0.4,2,1683,297,928,557,23,33.0,45,0,23,33.0
main,PANC1,0.4,zero,3,0,False,0.0,False,100,1683,297,999,0,{},1,0,1.0,1.1062686443328857,0,1,0.12412420153300807,0.0976851963358188,0.0,999,0.018932053083268577,0.018932053083268577,0.13759379740114952,0.10502064072658264,0.10502064072658264,0.0,0.0,0.1375927408291016,,,0.10236915120306743,405,0.40540540540540543,,999,0.018932053083268577,0.018932053083268577,0.13759379740114952,0.10502064072658264,0.10502064072658264,0.0,0.0,0.1375927408291016,,,0.10236915120306743,405,0.40540540540540543,,999,0.02876868618758908,0.018932053083268577,0.13759379740114952,0.10502064072658264,0.11499516764564564,0.34192152676628185,0.09543292304252705,0.16959796940905403,0.5850751500843777,0.563931213778909,0.10236915120306743,413,0.4134134134134134,0.8208232445520581,999,1998,3.0,y,0.010182552939518858,0.017424800008058194,0.01112131255063446,0.361753790833103,0.02876868618758908,0.02876347122767443,0.16959796940905403,0.009115411255154696,0.018932053083268577,0.01893176232886433,0.1375927408291016,0.10502064072658264,0.0005392164725319306,0.34192152676628185,0.5850751500843776,0.08050357484325418,0.22247109956751593,0.07310569600000003,0.4,3,1683,297,999,486,24,33.5,44,0,24,33.0
main,PANC1,0.4,zero,4,0,False,0.0,False,100,1683,297,893,0,{},1,0,1.0,1.4213953018188477,0,1,0.12133627577591716,0.09704376814077798,0.0,893,0.018152439139188712,0.018152439139188712,0.13473098804354072,0.10424455046791056,0.10424455046791056,0.0,0.0,0.13468466731772674,,,0.10236915120306743,355,0.3975363941769317,,893,0.018152439139188712,0.018152439139188712,0.13473098804354072,0.10424455046791056,0.10424455046791056,0.0,0.0,0.13468466731772674,,,0.10236915120306743,355,0.3975363941769317,,893,0.030136512299856227,0.018152439139188712,0.13473098804354072,0.10424455046791056,0.11575238709182532,0.39765959117720096,0.10887807360349655,0.17358986049982916,0.6308928950141269,0.6049196320360494,0.10236915120306743,372,0.4165733482642777,0.8413978494623656,893,1786,0.01,y,0.012180910504666187,0.017913896008653517,0.011155925790685722,0.3772473734749424,0.030136512299856227,0.030133439668350148,0.17358986049982916,0.011882371738638129,0.018152439139188712,0.01813995961048673,0.13468466731772674,0.10424455046791056,0.0035326376409112203,0.39765959117720096,0.6308928950141269,0.08474698073511044,0.21972129145634245,0.06946443900000002,0.4,4,1683,297,893,592,24,33.0,49,0,25,33.0
main,PANC1,0.4,zero,5,0,False,0.0,False,100,1683,297,1000,0,{},1,0,1.0,1.2152005434036255,0,1,0.12583278875516593,0.10044887307542717,0.0,1000,0.017253686328896792,0.017253686328896792,0.1313532882302411,0.10026390280389591,0.10026390280389591,0.0,0.0,0.13135265643723695,,,0.10236915120306743,399,0.399,,1000,0.017253686328896792,0.017253686328896792,0.1313532882302411,0.10026390280389591,0.10026390280389591,0.0,0.0,0.13135265643723695,,,0.10236915120306743,399,0.399,,1000,0.02765653256217817,0.017253686328896792,0.1313532882302411,0.10026390280389591,0.114121788415,0.37614426934733824,0.10234287236837088,0.16623131291657242,0.6128811813678133,0.5879543759543759,0.10236915120306743,424,0.424,0.8372641509433962,1000,2000,3.0,y,0.012195433842796293,0.018216405504203455,0.011191036490808838,0.38566165052559387,0.02765653256217817,0.02763284939396742,0.16623131291657242,0.010493947403275097,0.017253686328896792,0.017253520353118803,0.13135265643723695,0.10026390280389591,0.00040740124937202384,0.37614426934733824,0.6128811813678132,0.07854023630043772,0.22054115089632403,0.0711317245,0.4,5,1683,297,1000,485,25,34.0,47,0,25,34.0
main,PANC1,0.4,zero,6,0,False,0.0,False,100,1683,297,949,0,{},1,0,0.9999999403953552,1.2106242179870605,0,1,0.12195411021543798,0.09764625082803752,0.0,949,0.01596619606639296,0.01596619606639296,0.12635741397477618,0.09653939468374541,0.09653939468374541,0.0,0.0,0.12635709198903625,,,0.10236915120306743,364,0.3835616438356164,,949,0.01596619606639296,0.01596619606639296,0.12635741397477618,0.09653939468374541,0.09653939468374541,0.0,0.0,0.12635709198903625,,,0.10236915120306743,364,0.3835616438356164,,949,0.02429682126859657,0.01596619606639296,0.12635741397477618,0.09653939468374541,0.10389387675553215,0.3428689337634002,0.09869438116043364,0.15586955366378266,0.5873124996517264,0.5477700079118312,0.10236915120306743,366,0.3856691253951528,0.8306010928961749,949,1898,0.01,y,0.012471521526260734,0.01628497278403633,0.010212248331609497,0.37290356778365286,0.02429682126859657,0.024295317759346822,0.15586955366378266,0.009742865298639693,0.01596619606639296,0.015966114695925765,0.12635709198903625,0.09653939468374541,-0.0002852550914515098,0.3428689337634002,0.5873124996517266,0.0753955239229403,0.20080594805220858,0.059937546,0.4,6,1683,297,949,536,21,33.5,46,0,21,33.0
main,PANC1,0.4,zero,7,0,False,0.0,False,100,1683,297,1003,0,{},1,0,1.0,1.0434907674789429,0,1,0.12263178511050407,0.09877157613357325,0.0,1003,0.016967737856221663,0.016967737856221663,0.13026026967660426,0.09971706659660168,0.09971706659660168,0.0,0.0,0.1302547382552249,,,0.10236915120306743,395,0.3938185443668993,,1003,0.016967737856221663,0.016967737856221663,0.13026026967660426,0.09971706659660168,0.09971706659660168,0.0,0.0,0.1302547382552249,,,0.10236915120306743,395,0.3938185443668993,,1003,0.02646430932191515,0.016967737856221663,0.13026026967660426,0.09971706659660168,0.11020255063110669,0.35884448561177285,0.10095498025080399,0.16253778697861695,0.5985783564950604,0.5568006836660142,0.10236915120306743,428,0.4267198404785643,0.8200934579439252,1003,2006,3.0,y,0.010061836862920896,0.016634017374308155,0.01073684019867366,0.35452513021556054,0.02646430932191515,0.026418532195906265,0.16253778697861695,0.010222882330516485,0.016967737856221663,0.016966296837937152,0.1302547382552249,0.09971706659660168,0.0012004242102308794,0.35884448561177285,0.5985783564950605,0.07755654067991508,0.22126287346434434,0.07313980499999999,0.4,7,1683,297,1003,482,21,34.0,44,0,21,34.0
main,PANC1,0.2,mlp,7,0,False,0.0,False,100,842,148,1003,17873,"{'emb_dim': 16, 'hidden': 48, 'lr': 0.003, 'weight_decay': 0.001}",6,0,0.9547722339630127,0.9784322381019592,10,2,0.1296931245984915,0.10192179261698636,0.625,1003,0.017859854143796778,0.017927378427477464,0.13389316049551397,0.09898211521480928,0.09865314970154143,-0.0037807858416436524,0.009943785145878792,0.1335963558436507,0.011911362727163845,0.014771904436034645,0.10236915120306743,367,0.3659022931206381,0.5313351498637602,1003,0.017859854143796778,0.017878881671361847,0.13371193541102397,0.09876079125206033,0.09865314970154143,-0.0010653797848443336,0.0062148659490048885,0.1335963558436507,0.011911361346205282,0.014771904436034645,0.10236915120306743,367,0.3659022931206381,0.5313351498637602,1003,0.02646430932191515,0.017878881671361847,0.13371193541102397,0.09876079125206033,0.11020255063110669,0.3244153303273134,0.07565684471008376,0.16253778697861695,0.5804483831404378,0.5387649228757652,0.10236915120306743,428,0.4267198404785643,0.8247663551401869,1003,2006,10.0,y,0.010854299334441006,0.016634017374308155,0.01157511369449251,0.30412999854318445,0.02646430932191515,0.026418532195906265,0.16253778697861695,0.005481127540399508,0.017859854143796778,0.01784798629470334,0.1335963558436507,0.09865314970154143,0.003444974469199953,0.32513431858178155,0.5839896140345671,0.06953561187711593,0.2335225178328004,0.07313980499999999,0.2,7,842,148,1003,482,9,16.0,25,0,9,17.0
main,PANC1,0.4,potential,0,0,False,0.0,False,100,1683,297,848,100,"{'lr': 0.03, 'weight_decay': 0.001}",4,3,1.0002455711364746,1.0666872262954712,0,2,0.12311217901168943,0.0975523497754966,1.0,848,0.014702756220755854,0.014736256546917738,0.1213929839278932,0.0930444992971513,0.09243889102862994,-0.002278506537066294,0.0047507379204034805,0.12112285574073503,-0.009101927277519694,-0.061937049246809296,0.10236915120306743,295,0.34787735849056606,0.49491525423728816,848,0.014702756220755854,0.014736256546917738,0.1213929839278932,0.0930444992971513,0.09243889102862994,-0.002278506537066294,0.0047507379204034805,0.12112285574073503,-0.009101927277519694,-0.061937049246809296,0.10236915120306743,295,0.34787735849056606,0.49491525423728816,848,0.022724106965869406,0.014736256546917738,0.1213929839278932,0.0930444992971513,0.09987849063797169,0.3515143821030706,0.09703567943856185,0.15039416564770727,0.5937718410722421,0.5636045944975632,0.10236915120306743,318,0.375,0.8584905660377359,848,1696,1.0,y,0.01015132424540169,0.012890183553374132,0.008376893014957924,0.3501339232081617,0.022724106965869406,0.02261840506087001,0.15039416564770727,0.00880228053059972,0.014702756220755854,0.014670746182790908,0.12112285574073503,0.09243889102862994,-0.0056577414190597045,0.35298860180341796,0.5935099921848743,0.07162766987552306,0.1972407409747296,0.0572801495,0.4,0,1683,297,848,637,22,33.0,52,0,22,33.0
main,PANC1,0.4,potential,1,0,False,0.0,False,100,1683,297,929,100,"{'lr': 0.03, 'weight_decay': 0.001}",4,3,1.000124216079712,1.0271949768066406,5,2,0.11867525819661161,0.0963984291063571,1.0,929,0.01861983781756423,0.018611037264844973,0.13642227554488662,0.10232879069302638,0.10230454142205433,0.00047264389762591286,0.0013343069003894925,0.13645294928647844,0.028702288694012004,0.020777870639665408,0.10236915120306743,366,0.3939720129171152,0.5136612021857924,929,0.01861983781756423,0.018611037264844973,0.13642227554488662,0.10232879069302638,0.10230454142205433,0.00047264389762591286,0.0013343069003894925,0.13645294928647844,0.028702288694012004,0.020777870639665408,0.10236915120306743,366,0.3939720129171152,0.5136612021857924,929,0.028557092862189527,0.018611037264844973,0.13642227554488662,0.10232879069302638,0.11231310531646933,0.34828669869661133,0.09670936230084523,0.1689557449968729,0.5902226999876516,0.5723059708730308,0.10236915120306743,369,0.39720129171151775,0.8238482384823849,929,1858,0.01,y,0.010772115217655295,0.018566535647188225,0.011123464450973482,0.4008863763090851,0.028557092862189527,0.02854604376744834,0.1689557449968729,0.009371384091297947,0.01861983781756423,0.018619407368978255,0.13645294928647844,0.10230454142205433,0.0006560858068641833,0.34797852472520163,0.5899546931133131,0.08073555426462033,0.22503932982944616,0.070067712,0.4,1,1683,297,929,556,24,34.0,45,0,24,34.0
main,PANC1,0.4,potential,2,0,False,0.0,False,100,1683,297,928,100,"{'lr': 0.003, 'weight_decay': 0.0001}",4,0,1.0001450777053833,1.2786484956741333,0,2,0.12281735479180696,0.09835904852284669,1.0,928,0.01690908226248731,0.016900160517264964,0.13000061737263005,0.09962548018682568,0.09960223640157508,0.0005276303636027047,0.0014747000532224774,0.12986835437471228,0.023664026279606308,-0.01724837650149812,0.10236915120306743,362,0.3900862068965517,0.4696132596685083,928,0.01690908226248731,0.016900160517264964,0.13000061737263005,0.09962548018682568,0.09960223640157508,0.0005276303636027047,0.0014747000532224774,0.12986835437471228,0.023664026279606308,-0.01724837650149812,0.10236915120306743,362,0.3900862068965517,0.4696132596685083,928,0.024605096382330657,0.016900160517264964,0.13000061737263005,0.09962548018682568,0.10164638985775863,0.313143900976496,0.09824006725252546,0.15679700813626177,0.5640676471143781,0.5408279797313295,0.10236915120306743,329,0.3545258620689655,0.8449848024316109,928,1856,0.1,y,0.011365846595878993,0.014652404013009889,0.010069103193775726,0.3128019685482767,0.024605096382330657,0.02458530176048294,0.15679700813626177,0.009732876811067822,0.01690908226248731,0.01686578946799585,0.12986835437471228,0.09960223640157508,0.006579726019482908,0.3127813035258008,0.5637154531681745,0.07963310689304187,0.20714071885643087,0.0493383055,0.4,2,1683,297,928,557,23,33.0,45,0,23,33.0
main,PANC1,0.4,potential,4,0,False,0.0,False,100,1683,297,893,100,"{'lr': 0.01, 'weight_decay': 0.01}",4,2,1.000052571296692,1.4202649593353271,5,2,0.12133627577591716,0.09704376814077798,1.0,893,0.018152439139188712,0.01815786497574066,0.13475112235428935,0.10425468692218315,0.10424455046791056,-0.00029890399358145636,0.0008602979360148311,0.13468466731772674,-0.018257439654169504,-0.0405950637629222,0.10236915120306743,355,0.3975363941769317,0.4535211267605634,893,0.018152439139188712,0.01815786497574066,0.13475112235428935,0.10425468692218315,0.10424455046791056,-0.00029890399358145636,0.0008602979360148311,0.13468466731772674,-0.018257439654169504,-0.0405950637629222,0.10236915120306743,355,0.3975363941769317,0.4535211267605634,893,0.030136512299856227,0.01815786497574066,0.13475112235428935,0.10425468692218315,0.11575238709182532,0.39747954922350826,0.10891085437779059,0.17358986049982916,0.6307603474228416,0.6048204803558515,0.10236915120306743,372,0.4165733482642777,0.8413978494623656,893,1786,0.01,y,0.012180910504666187,0.017913896008653517,0.011155925790685722,0.3772473734749424,0.030136512299856227,0.030133439668350148,0.17358986049982916,0.011882371738638129,0.018152439139188712,0.01813995961048673,0.13468466731772674,0.10424455046791056,0.0035326376409112203,0.39765959117720096,0.6308928950141269,0.08474698073511044,0.21972129145634245,0.06946443900000002,0.4,4,1683,297,893,592,24,33.0,49,0,25,33.0
main,PANC1,0.2,mlp_ordered,2,0,False,0.0,False,100,842,148,928,58074,"{'emb_dim': 32, 'hidden': 48, 'lr': 0.01, 'weight_decay': 0.001}",6,4,0.0004692117217928171,2.3466579914093018,530,2,0.12107288974170366,0.09473771723932063,0.625,928,0.018141215490001392,0.019025457460941426,0.13793280052598594,0.1059432968813031,0.10273233857079124,-0.04874215685422989,0.09440433979034424,0.13460286220824655,0.31554000016237727,0.300276515180181,0.10236915120306743,377,0.40625,0.649867374005305,928,0.018141215490001392,0.01660483464700127,0.1288597479704243,0.0987753398220837,0.10273233857079124,0.08469007183377009,0.05900270864367485,0.13460286220824655,0.31554000004680594,0.300276515180181,0.10236915120306743,377,0.40625,0.649867374005305,928,0.024605096382330657,0.01660483464700127,0.1288597479704243,0.0987753398220837,0.10164638985775863,0.3251465310688444,0.11469231035227949,0.15679700813626177,0.5881079184285298,0.5181827717982326,0.10236915120306743,329,0.3545258620689655,0.817629179331307,928,1856,0.3,y,0.012374251808580821,0.014652404013009889,0.010649430173886545,0.27319570464813125,0.024605096382330657,0.02458530176048294,0.15679700813626177,0.010257870164521487,0.018141215490001392,0.01811793051465221,0.13460286220824655,0.10273233857079124,0.004825450792327648,0.2627049612766845,0.5260963248210113,0.08002097523185048,0.22661657300667243,0.0493383055,0.2,2,842,148,928,557,11,17.0,29,0,11,17.0
main,PANC1,0.4,potential,3,0,False,0.0,False,100,1683,297,999,100,"{'lr': 0.003, 'weight_decay': 0.0001}",4,0,0.9997954368591309,1.101630687713623,0,2,0.12412420153300807,0.0976851963358188,1.0,999,0.018932053083268577,0.01890210264030003,0.13748491786483355,0.10497578154874215,0.10502064072658264,0.001581996566184185,0.0017778401961550117,0.1375927408291016,0.06739498618140917,0.04794506731180077,0.10236915120306743,405,0.40540540540540543,0.5456790123456791,999,0.018932053083268577,0.01890210264030003,0.13748491786483355,0.10497578154874215,0.10502064072658264,0.001581996566184185,0.0017778401961550117,0.1375927408291016,0.06739498618140917,0.04794506731180077,0.10236915120306743,405,0.40540540540540543,0.5456790123456791,999,0.02876868618758908,0.01890210264030003,0.13748491786483355,0.10497578154874215,0.11499516764564564,0.3429626046512174,0.09587786540689915,0.16959796940905403,0.5858940732054976,0.5648752399694282,0.10236915120306743,413,0.4134134134134134,0.8208232445520581,999,1998,3.0,y,0.010182552939518858,0.017424800008058194,0.01112131255063446,0.361753790833103,0.02876868618758908,0.02876347122767443,0.16959796940905403,0.009115411255154696,0.018932053083268577,0.01893176232886433,0.1375927408291016,0.10502064072658264,0.0005392164725319306,0.34192152676628185,0.5850751500843776,0.08050357484325418,0.22247109956751593,0.07310569600000003,0.4,3,1683,297,999,486,24,33.5,44,0,24,33.0
main,PANC1,0.4,potential,5,0,False,0.0,False,100,1683,297,1000,100,"{'lr': 0.03, 'weight_decay': 0.001}",4,3,0.9952368140220642,1.2087428569793701,10,2,0.12583278875516593,0.10044887307542717,1.0,1000,0.017253686328896792,0.017421048997597655,0.13198882148726707,0.10139147869497273,0.10026390280389591,-0.009700110776939441,0.010648014955222607,0.13135265643723695,-0.019355048186376875,-0.07543088743088744,0.10236915120306743,399,0.399,0.47117794486215536,1000,0.017253686328896792,0.017421048997597655,0.13198882148726707,0.10139147869497273,0.10026390280389591,-0.009700110776939441,0.010648014955222607,0.13135265643723695,-0.019355048186376875,-0.07543088743088744,0.10236915120306743,399,0.399,0.47117794486215536,1000,0.02765653256217817,0.017421048997597655,0.13198882148726707,0.10139147869497273,0.114121788415,0.370092799651179,0.11244073193140772,0.16623131291657242,0.6113775844347792,0.5874005154005154,0.10236915120306743,424,0.424,0.839622641509434,1000,2000,3.0,y,0.012195433842796293,0.018216405504203455,0.011191036490808838,0.38566165052559387,0.02765653256217817,0.02763284939396742,0.16623131291657242,0.010493947403275097,0.017253686328896792,0.017253520353118803,0.13135265643723695,0.10026390280389591,0.00040740124937202384,0.37614426934733824,0.6128811813678132,0.07854023630043772,0.22054115089632403,0.0711317245,0.4,5,1683,297,1000,485,25,34.0,47,0,25,34.0
main,PANC1,0.2,mlp_ordered,3,0,False,0.0,False,100,842,148,999,18074,"{'emb_dim': 16, 'hidden': 48, 'lr': 0.003, 'weight_decay': 0.001}",6,0,0.8899440169334412,1.9175084829330444,20,2,0.11810608885086023,0.0926639147568975,0.625,999,0.019986113822546676,0.020140085107320727,0.14191576764870326,0.10888748705591092,0.10714167894424713,-0.0077039131339455835,0.025466468185186386,0.14132521458085107,0.06895038528347835,0.03267668068870473,0.10236915120306743,410,0.41041041041041043,0.5195121951219512,999,0.019986113822546676,0.01993033149907975,0.14117482601044617,0.10786319945627004,0.10714167894424713,0.002791054026921369,0.01591654308140278,0.14132521458085107,0.06895038447518853,0.03267668068870473,0.10236915120306743,410,0.41041041041041043,0.5195121951219512,999,0.02876868618758908,0.01993033149907975,0.14117482601044617,0.10786319945627004,0.11499516764564564,0.30722135278886087,0.09664567903330042,0.16959796940905403,0.5548166659253417,0.5348940042246655,0.10236915120306743,413,0.4134134134134134,0.8256658595641646,999,1998,3.0,y,0.010807464761610147,0.017424800008058194,0.012100270043711874,0.3055719412494813,0.02876868618758908,0.02876347122767443,0.16959796940905403,0.008046601970226105,0.019986113822546676,0.0199728162763236,0.14132521458085107,0.10714167894424713,-0.003646580072215091,0.3052823583174695,0.5533713289669406,0.0845040328864003,0.22776351491720176,0.07310569600000003,0.2,3,842,148,999,486,8,17.0,26,0,9,17.0
main,PANC1,0.4,potential,6,0,False,0.0,False,100,1683,297,949,100,"{'lr': 0.03, 'weight_decay': 0.001}",4,3,1.0010770559310913,1.206018328666687,0,2,0.12195411021543798,0.09764625082803752,1.0,949,0.01596619606639296,0.015948255199206195,0.12628640148173592,0.09648324823420204,0.09653939468374541,0.0011236782457236805,0.003958630375564098,0.12635709198903625,0.03374905084758534,0.03176202166592135,0.10236915120306743,364,0.3835616438356164,0.5274725274725275,949,0.01596619606639296,0.015948255199206195,0.12628640148173592,0.09648324823420204,0.09653939468374541,0.0011236782457236805,0.003958630375564098,0.12635709198903625,0.03374905084758534,0.03176202166592135,0.10236915120306743,364,0.3835616438356164,0.5274725274725275,949,0.02429682126859657,0.015948255199206195,0.12628640148173592,0.09648324823420204,0.10389387675553215,0.3436073376471195,0.0992049107963031,0.15586955366378266,0.5881420051419353,0.5482926521061828,0.10236915120306743,366,0.3856691253951528,0.8333333333333334,949,1898,0.01,y,0.012471521526260734,0.01628497278403633,0.010212248331609497,0.37290356778365286,0.02429682126859657,0.024295317759346822,0.15586955366378266,0.009742865298639693,0.01596619606639296,0.015966114695925765,0.12635709198903625,0.09653939468374541,-0.0002852550914515098,0.3428689337634002,0.5873124996517266,0.0753955239229403,0.20080594805220858,0.059937546,0.4,6,1683,297,949,536,21,33.5,46,0,21,33.0
main,PANC1,0.4,potential,7,0,False,0.0,False,100,1683,297,1003,100,"{'lr': 0.01, 'weight_decay': 0.0001}",4,1,0.9988810420036316,1.0433893203735352,0,2,0.12263178511050407,0.09877157613357325,0.625,1003,0.016967737856221663,0.016977971162290516,0.13029954398343271,0.1000013212235526,0.09971706659660168,-0.0006031037346030388,0.0023456548806279898,0.1302547382552249,-0.007203951562714993,-0.066346074737117,0.10236915120306743,395,0.3938185443668993,0.46582278481012657,1003,0.016967737856221663,0.016972840154450095,0.13027985321779456,0.09988916394445026,0.09971706659660168,-0.00030070586142172395,0.001466034329496324,0.1302547382552249,-0.00720395006120331,-0.066346074737117,0.10236915120306743,395,0.3938185443668993,0.46582278481012657,1003,0.02646430932191515,0.016972840154450095,0.13027985321779456,0.09988916394445026,0.11020255063110669,0.3586516863905135,0.10181635790685024,0.16253778697861695,0.5986433911508784,0.5569511376646119,0.10236915120306743,428,0.4267198404785643,0.8200934579439252,1003,2006,3.0,y,0.010061836862920896,0.016634017374308155,0.01073684019867366,0.35452513021556054,0.02646430932191515,0.026418532195906265,0.16253778697861695,0.010222882330516485,0.016967737856221663,0.016966296837937152,0.1302547382552249,0.09971706659660168,0.0012004242102308794,0.35884448561177285,0.5985783564950605,0.07755654067991508,0.22126287346434434,0.07313980499999999,0.4,7,1683,297,1003,482,21,34.0,44,0,21,34.0
main,PANC1,0.4,lowrank,0,0,False,0.0,False,100,1683,297,848,864,"{'rank': 8, 'lr': 0.03, 'weight_decay': 0.01}",6,4,0.4269998073577881,0.7796177268028259,340,2,0.12311217901168943,0.0975523497754966,0.875,848,0.014702756220755854,0.012131290842055819,0.11014213926584057,0.08409739738911132,0.09243889102862994,0.1748968247919327,0.07099948823451996,0.12112285574073503,0.4407783980726847,0.3900939716327409,0.10236915120306743,295,0.34787735849056606,0.7389830508474576,848,0.014702756220755854,0.011898834730702577,0.1090817800125327,0.08345480309686021,0.09243889102862994,0.1907072012861769,0.062124550342559814,0.12112285574073503,0.4407783982013326,0.3900939716327409,0.10236915120306743,295,0.34787735849056606,0.7389830508474576,848,0.022724106965869406,0.01189883473070258,0.10908178001253271,0.08345480309686021,0.09987849063797169,0.47637833475374414,0.11079049605775214,0.15039416564770727,0.6900686928501167,0.627730829438216,0.10236915120306743,318,0.375,0.8962264150943396,848,1696,1.0,y,0.01015132424540169,0.012890183553374132,0.008376893014957924,0.3501339232081617,0.022724106965869406,0.02261840506087001,0.15039416564770727,0.00880228053059972,0.014702756220755854,0.014670746182790908,0.12112285574073503,0.09243889102862994,-0.0056577414190597045,0.35298860180341796,0.5935099921848743,0.07162766987552306,0.1972407409747296,0.0572801495,0.4,0,1683,297,848,637,22,33.0,52,0,22,33.0
main,PANC1,0.2,mlp_ordered,5,0,False,0.0,False,100,842,148,1000,58074,"{'emb_dim': 32, 'hidden': 48, 'lr': 0.01, 'weight_decay': 0.001}",6,4,0.0005916350637562573,2.0013368129730225,305,2,0.12165208797738594,0.09723053329513363,0.625,1000,0.018584702840961583,0.02054356284007699,0.14333025793626755,0.10906877079007767,0.10308070100748117,-0.10540173904734074,0.09468822926282883,0.13630521821939753,0.27123618028648605,0.2572722532722533,0.10236915120306743,390,0.39,0.6538461538461539,1000,0.018584702840961583,0.017706412071832624,0.13306544281605434,0.1007742697700112,0.10308070100748117,0.04725880078067024,0.05918014049530029,0.13630521821939753,0.2712361785364168,0.2572722532722533,0.10236915120306743,390,0.39,0.6538461538461539,1000,0.02765653256217817,0.017706412071832624,0.13306544281605434,0.1007742697700112,0.114121788415,0.35977469221694414,0.11994322819775831,0.16623131291657242,0.6097231950107824,0.5937394137394137,0.10236915120306743,424,0.424,0.8349056603773585,1000,2000,3.0,y,0.012363081992423279,0.018216405504203455,0.012448277156435789,0.3166447050400072,0.02765653256217817,0.02763284939396742,0.16623131291657242,0.009164003923548403,0.018584702840961583,0.01857911251383758,0.13630521821939753,0.10308070100748117,-0.002364387261852701,0.32801761033567933,0.5724048589314233,0.07849454088396719,0.2293895873619658,0.0711317245,0.2,5,842,148,1000,485,10,17.0,25,0,10,17.0
main,PANC1,0.4,lowrank,1,0,False,0.0,False,100,1683,297,929,864,"{'rank': 8, 'lr': 0.03, 'weight_decay': 0.01}",6,4,0.34974294900894165,0.807050347328186,160,2,0.11867525819661161,0.0963984291063571,0.75,929,0.01861983781756423,0.014105460782313554,0.11876641268605174,0.08763201045030658,0.10230454142205433,0.24244985802143937,0.07450645416975021,0.13645294928647844,0.4950468913462502,0.4857517652073647,0.10236915120306743,366,0.3939720129171152,0.7868852459016393,929,0.01861983781756423,0.01419276698289011,0.11913339994682479,0.08849595324869075,0.10230454142205433,0.2377609771927245,0.05587983876466751,0.13645294928647844,0.4950468918552106,0.4857517652073647,0.10236915120306743,366,0.3939720129171152,0.7868852459016393,929,0.028557092862189527,0.01419276698289011,0.11913339994682479,0.08849595324869075,0.11231310531646933,0.5030037878371796,0.11401040475807621,0.1689557449968729,0.709969744986128,0.6802598509766262,0.10236915120306743,369,0.39720129171151775,0.8807588075880759,929,1858,0.01,y,0.010772115217655295,0.018566535647188225,0.011123464450973482,0.4008863763090851,0.028557092862189527,0.02854604376744834,0.1689557449968729,0.009371384091297947,0.01861983781756423,0.018619407368978255,0.13645294928647844,0.10230454142205433,0.0006560858068641833,0.34797852472520163,0.5899546931133131,0.08073555426462033,0.22503932982944616,0.070067712,0.4,1,1683,297,929,556,24,34.0,45,0,24,34.0
main,PANC1,0.4,lowrank,3,0,False,0.0,False,100,1683,297,999,1856,"{'rank': 16, 'lr': 0.03, 'weight_decay': 0.01}",6,5,0.23529495298862457,0.903869092464447,65,2,0.12412420153300807,0.0976851963358188,0.75,999,0.018932053083268577,0.014199986311186748,0.11916369544113152,0.087090888316479,0.10502064072658264,0.24995000548904278,0.08015420287847519,0.1375927408291016,0.5059486193893535,0.5273685870238976,0.10236915120306743,405,0.40540540540540543,0.817283950617284,999,0.018932053083268577,0.014178056675972984,0.11907164513843328,0.08792661996292488,0.10502064072658264,0.25110833919523456,0.06011565402150154,0.1375927408291016,0.5059486181216669,0.5273685870238976,0.10236915120306743,405,0.40540540540540543,0.817283950617284,999,0.02876868618758908,0.014178056675972984,0.11907164513843328,0.08792661996292488,0.11499516764564564,0.5071705192401366,0.11427836643532176,0.16959796940905403,0.7132425284038311,0.676829105658765,0.10236915120306743,413,0.4134134134134134,0.8837772397094431,999,1998,3.0,y,0.010182552939518858,0.017424800008058194,0.01112131255063446,0.361753790833103,0.02876868618758908,0.02876347122767443,0.16959796940905403,0.009115411255154696,0.018932053083268577,0.01893176232886433,0.1375927408291016,0.10502064072658264,0.0005392164725319306,0.34192152676628185,0.5850751500843776,0.08050357484325418,0.22247109956751593,0.07310569600000003,0.4,3,1683,297,999,486,24,33.5,44,0,24,33.0
main,PANC1,0.4,lowrank,4,0,False,0.0,False,100,1683,297,893,1856,"{'rank': 16, 'lr': 0.03, 'weight_decay': 0.01}",6,5,0.25592678785324097,0.9527912735939026,190,2,0.12133627577591716,0.09704376814077798,1.0,893,0.018152439139188712,0.01354612394404506,0.11638781699149212,0.08753238010027106,0.10424455046791056,0.25375736890362177,0.08160479366779327,0.13468466731772674,0.5128606130740084,0.4822933197212658,0.10236915120306743,355,0.3975363941769317,0.752112676056338,893,0.018152439139188712,0.01354612394404506,0.11638781699149212,0.08753238010027106,0.10424455046791056,0.25375736890362177,0.08160479366779327,0.13468466731772674,0.5128606130740084,0.4822933197212658,0.10236915120306743,355,0.3975363941769317,0.752112676056338,893,0.030136512299856227,0.01354612394404506,0.11638781699149212,0.08753238010027106,0.11575238709182532,0.5505079085044063,0.13686256758746443,0.17358986049982916,0.7437322733297369,0.6774238263509644,0.10236915120306743,372,0.4165733482642777,0.8844086021505376,893,1786,0.01,y,0.012180910504666187,0.017913896008653517,0.011155925790685722,0.3772473734749424,0.030136512299856227,0.030133439668350148,0.17358986049982916,0.011882371738638129,0.018152439139188712,0.01813995961048673,0.13468466731772674,0.10424455046791056,0.0035326376409112203,0.39765959117720096,0.6308928950141269,0.08474698073511044,0.21972129145634245,0.06946443900000002,0.4,4,1683,297,893,592,24,33.0,49,0,25,33.0
main,PANC1,0.4,lowrank,2,0,False,0.0,False,100,1683,297,928,864,"{'rank': 8, 'lr': 0.03, 'weight_decay': 0.01}",6,4,0.3228890001773834,0.8896369338035583,120,2,0.12281735479180696,0.09835904852284669,1.0,928,0.01690908226248731,0.013332075531186028,0.11546460726640882,0.08810064780447079,0.09960223640157508,0.2115435170149268,0.08057484030723572,0.12986835437471228,0.4809198802936935,0.45318490218767626,0.10236915120306743,362,0.3900862068965517,0.7403314917127072,928,0.01690908226248731,0.013332075531186028,0.11546460726640882,0.08810064780447079,0.09960223640157508,0.2115435170149268,0.08057484030723572,0.12986835437471228,0.4809198802936935,0.45318490218767626,0.10236915120306743,362,0.3900862068965517,0.7403314917127072,928,0.024605096382330657,0.013332075531186028,0.11546460726640882,0.08810064780447079,0.10164638985775863,0.4581579635363664,0.12424238698358785,0.15679700813626177,0.6860123596786628,0.6131293102547349,0.10236915120306743,329,0.3545258620689655,0.8844984802431611,928,1856,0.1,y,0.011365846595878993,0.014652404013009889,0.010069103193775726,0.3128019685482767,0.024605096382330657,0.02458530176048294,0.15679700813626177,0.009732876811067822,0.01690908226248731,0.01686578946799585,0.12986835437471228,0.09960223640157508,0.006579726019482908,0.3127813035258008,0.5637154531681745,0.07963310689304187,0.20714071885643087,0.0493383055,0.4,2,1683,297,928,557,23,33.0,45,0,23,33.0
main,PANC1,0.4,lowrank,5,0,False,0.0,False,100,1683,297,1000,1856,"{'rank': 16, 'lr': 0.03, 'weight_decay': 0.01}",6,5,0.2686653435230255,0.7833396196365356,55,2,0.12583278875516593,0.10044887307542717,1.0,1000,0.017253686328896792,0.012951946001550438,0.1138066166861595,0.08536668192461748,0.10026390280389591,0.2493229704855432,0.08149705827236176,0.13135265643723695,0.511224908730986,0.47840350640350643,0.10236915120306743,399,0.399,0.7619047619047619,1000,0.017253686328896792,0.012951946001550438,0.1138066166861595,0.08536668192461748,0.10026390280389591,0.2493229704855432,0.08149705827236176,0.13135265643723695,0.511224908730986,0.47840350640350643,0.10236915120306743,399,0.399,0.7619047619047619,1000,0.02765653256217817,0.012951946001550438,0.1138066166861595,0.0853666819246175,0.114121788415,0.5316858332680888,0.13225353421623479,0.16623131291657242,0.7317308016650697,0.6604399444399445,0.10236915120306743,424,0.424,0.8726415094339622,1000,2000,3.0,y,0.012195433842796293,0.018216405504203455,0.011191036490808838,0.38566165052559387,0.02765653256217817,0.02763284939396742,0.16623131291657242,0.010493947403275097,0.017253686328896792,0.017253520353118803,0.13135265643723695,0.10026390280389591,0.00040740124937202384,0.37614426934733824,0.6128811813678132,0.07854023630043772,0.22054115089632403,0.0711317245,0.4,5,1683,297,1000,485,25,34.0,47,0,25,34.0
main,PANC1,0.4,lowrank,6,0,False,0.0,False,100,1683,297,949,1856,"{'rank': 16, 'lr': 0.03, 'weight_decay': 0.01}",6,5,0.25658872723579407,0.8367719650268555,60,2,0.12195411021543798,0.09764625082803752,1.0,949,0.01596619606639296,0.013220148839347544,0.11497890606257978,0.08727437537008394,0.09653939468374541,0.17199132564991704,0.07164168357849121,0.12635709198903625,0.4356240802642387,0.3991279294660602,0.10236915120306743,364,0.3835616438356164,0.728021978021978,949,0.01596619606639296,0.013220148839347544,0.11497890606257978,0.08727437537008394,0.09653939468374541,0.17199132564991704,0.07164168357849121,0.12635709198903625,0.4356240802642387,0.3991279294660602,0.10236915120306743,364,0.3835616438356164,0.728021978021978,949,0.02429682126859657,0.013220148839347544,0.11497890606257978,0.08727437537008392,0.10389387675553215,0.4558897769711764,0.1257487793746084,0.15586955366378266,0.6861170272724275,0.6195121903276284,0.10236915120306743,366,0.3856691253951528,0.8743169398907104,949,1898,0.01,y,0.012471521526260734,0.01628497278403633,0.010212248331609497,0.37290356778365286,0.02429682126859657,0.024295317759346822,0.15586955366378266,0.009742865298639693,0.01596619606639296,0.015966114695925765,0.12635709198903625,0.09653939468374541,-0.0002852550914515098,0.3428689337634002,0.5873124996517266,0.0753955239229403,0.20080594805220858,0.059937546,0.4,6,1683,297,949,536,21,33.5,46,0,21,33.0
main,PANC1,0.4,lowrank,7,0,False,0.0,False,100,1683,297,1003,1856,"{'rank': 16, 'lr': 0.03, 'weight_decay': 0.01}",6,5,0.2335413545370102,0.6880828738212585,65,2,0.12263178511050407,0.09877157613357325,1.0,1003,0.016967737856221663,0.013297883540670881,0.11531644956670702,0.08669920434929322,0.09971706659660168,0.21628424169725924,0.0788845419883728,0.1302547382552249,0.48191103441347405,0.49319761449482696,0.10236915120306743,395,0.3938185443668993,0.7772151898734178,1003,0.016967737856221663,0.013297883540670881,0.11531644956670702,0.08669920434929322,0.09971706659660168,0.21628424169725924,0.0788845419883728,0.1302547382552249,0.48191103441347405,0.49319761449482696,0.10236915120306743,395,0.3938185443668993,0.7772151898734178,1003,0.02646430932191515,0.013297883540670881,0.11531644956670702,0.08669920434929322,0.11020255063110669,0.4975163198512468,0.13048966501949033,0.16253778697861695,0.7110108451997255,0.6673290598895396,0.10236915120306743,428,0.4267198404785643,0.866822429906542,1003,2006,3.0,y,0.010061836862920896,0.016634017374308155,0.01073684019867366,0.35452513021556054,0.02646430932191515,0.026418532195906265,0.16253778697861695,0.010222882330516485,0.016967737856221663,0.016966296837937152,0.1302547382552249,0.09971706659660168,0.0012004242102308794,0.35884448561177285,0.5985783564950605,0.07755654067991508,0.22126287346434434,0.07313980499999999,0.4,7,1683,297,1003,482,21,34.0,44,0,21,34.0
main,PANC1,0.2,mlp_ordered,6,0,False,0.0,False,100,842,148,949,58074,"{'emb_dim': 32, 'hidden': 48, 'lr': 0.01, 'weight_decay': 0.001}",6,4,0.0006955059361644089,2.4474260807037354,250,2,0.11266036859167487,0.09214908584354958,0.625,949,0.01746258491408313,0.019317315173167694,0.1389867445951868,0.10627591005083867,0.10012158251729965,-0.10621166729954012,0.09220265597105026,0.1321229573302551,0.2725540222589391,0.2570374228912372,0.10236915120306743,371,0.3909378292939937,0.6765498652291105,949,0.01746258491408313,0.01662813691673291,0.1289501334498453,0.0980423081921646,0.10012158251729965,0.04778490707164762,0.05762666091322899,0.1321229573302551,0.27255402212147095,0.2570374228912372,0.10236915120306743,371,0.3909378292939937,0.6765498652291105,949,0.02429682126859657,0.01662813691673291,0.1289501334498453,0.0980423081921646,0.10389387675553215,0.3156250057193847,0.11360369757502256,0.15586955366378266,0.5809493615875528,0.5529614749282002,0.10236915120306743,366,0.3856691253951528,0.8415300546448088,949,1898,1.0,y,0.013605891549852363,0.01628497278403633,0.010911578925053182,0.3299602603113052,0.02429682126859657,0.024295317759346822,0.15586955366378266,0.009153724438464137,0.01746258491408313,0.017456475853692404,0.1321229573302551,0.10012158251729965,-0.002471651348941541,0.281281089364008,0.5361435521159629,0.08081543393421226,0.20775577502537032,0.059937546,0.2,6,842,148,949,536,6,17.0,26,0,9,17.0
main,PANC1,0.2,mlp_ordered,7,0,False,0.0,False,100,842,148,1003,3570,"{'emb_dim': 8, 'hidden': 24, 'lr': 0.01, 'weight_decay': 0.001}",6,5,0.9629755020141602,1.5739169120788574,5,2,0.1296931245984915,0.10192179261698636,1.0,1003,0.017859854143796778,0.01756703843715823,0.1325407048312262,0.09877343506690503,0.09865314970154143,0.01639519025636893,0.010235241614282131,0.1335963558436507,0.14503930717809782,0.08956584453762315,0.10236915120306743,367,0.3659022931206381,0.5831062670299727,1003,0.017859854143796778,0.01756703843715823,0.1325407048312262,0.09877343506690503,0.09865314970154143,0.01639519025636893,0.010235241614282131,0.1335963558436507,0.14503930717809782,0.08956584453762315,0.10236915120306743,367,0.3659022931206381,0.5831062670299727,1003,0.02646430932191515,0.01756703843715823,0.1325407048312262,0.09877343506690503,0.11020255063110669,0.33619886982612734,0.08170173477605194,0.16253778697861695,0.5850171563004074,0.5467326341228242,0.10236915120306743,428,0.4267198404785643,0.822429906542056,1003,2006,10.0,y,0.010854299334441006,0.016634017374308155,0.01157511369449251,0.30412999854318445,0.02646430932191515,0.026418532195906265,0.16253778697861695,0.005481127540399508,0.017859854143796778,0.01784798629470334,0.1335963558436507,0.09865314970154143,0.003444974469199953,0.32513431858178155,0.5839896140345671,0.06953561187711593,0.2335225178328004,0.07313980499999999,0.2,7,842,148,1003,482,9,16.0,25,0,9,17.0
main,PANC1,0.4,mlp,0,0,False,0.0,False,100,1683,297,848,17873,"{'emb_dim': 16, 'hidden': 48, 'lr': 0.03, 'weight_decay': 0.01}",6,2,0.22725915908813477,1.0275638103485107,30,2,0.12311217901168943,0.0975523497754966,0.5,848,0.014702756220755854,0.014687046873507883,0.12119012696382442,0.09219146879205757,0.09243889102862994,0.0010684627434544014,0.08892650157213211,0.12112285574073503,0.3663789385669356,0.3445579370777414,0.10236915120306743,295,0.34787735849056606,0.6949152542372882,848,0.014702756220755854,0.012712421835009634,0.11274937620674287,0.08556717128654391,0.09243889102862994,0.1353715150997653,0.044463250786066055,0.12112285574073503,0.3663789385669356,0.3445579370777414,0.10236915120306743,295,0.34787735849056606,0.6949152542372882,848,0.022724106965869406,0.012712421835009634,0.11274937620674287,0.0855671712865439,0.09987849063797169,0.44057551506410686,0.10228492659545921,0.15039416564770727,0.6623899492327493,0.6190915482519772,0.10236915120306743,318,0.375,0.889937106918239,848,1696,1.0,y,0.01015132424540169,0.012890183553374132,0.008376893014957924,0.3501339232081617,0.022724106965869406,0.02261840506087001,0.15039416564770727,0.00880228053059972,0.014702756220755854,0.014670746182790908,0.12112285574073503,0.09243889102862994,-0.0056577414190597045,0.35298860180341796,0.5935099921848743,0.07162766987552306,0.1972407409747296,0.0572801495,0.4,0,1683,297,848,637,22,33.0,52,0,22,33.0
main,PANC1,0.4,mlp,2,0,False,0.0,False,100,1683,297,928,57873,"{'emb_dim': 32, 'hidden': 48, 'lr': 0.01, 'weight_decay': 0.001}",6,4,0.00010237358947051689,1.152657389640808,795,2,0.12281735479180696,0.09835904852284669,0.625,928,0.01690908226248731,0.015876206984240616,0.12600082136335705,0.09711483160018433,0.09960223640157508,0.06108405306762976,0.10261965543031693,0.12986835437471228,0.4337385710084365,0.39773231394518394,0.10236915120306743,362,0.3900862068965517,0.7209944751381215,928,0.01690908226248731,0.013795369802562773,0.11745369216232741,0.09052020278970695,0.09960223640157508,0.1841443794281069,0.0641372874379158,0.12986835437471228,0.43373857173681596,0.39773231394518394,0.10236915120306743,362,0.3900862068965517,0.7209944751381215,928,0.024605096382330657,0.013795369802562773,0.11745369216232741,0.09052020278970695,0.10164638985775863,0.43932876391943476,0.11340834803544755,0.15679700813626177,0.6662024011858245,0.6016065280610189,0.10236915120306743,329,0.3545258620689655,0.8723404255319149,928,1856,0.1,y,0.011365846595878993,0.014652404013009889,0.010069103193775726,0.3128019685482767,0.024605096382330657,0.02458530176048294,0.15679700813626177,0.009732876811067822,0.01690908226248731,0.01686578946799585,0.12986835437471228,0.09960223640157508,0.006579726019482908,0.3127813035258008,0.5637154531681745,0.07963310689304187,0.20714071885643087,0.0493383055,0.4,2,1683,297,928,557,23,33.0,45,0,23,33.0
main,PANC1,0.4,mlp,3,0,False,0.0,False,100,1683,297,999,17873,"{'emb_dim': 16, 'hidden': 48, 'lr': 0.03, 'weight_decay': 0.01}",6,2,0.17601770162582397,1.0953037738800049,35,2,0.12412420153300807,0.0976851963358188,0.5,999,0.018932053083268577,0.01819246443781512,0.13487944408921293,0.09885204995135462,0.10502064072658264,0.03906542212830988,0.10757962614297867,0.1375927408291016,0.4159597835125704,0.41929846479746274,0.10236915120306743,405,0.40540540540540543,0.725925925925926,999,0.018932053083268577,0.015668790999666997,0.12517504144064423,0.09270599912470669,0.10502064072658264,0.17236704699954208,0.053789813071489334,0.1375927408291016,0.4159597835125704,0.41929846479746274,0.10236915120306743,405,0.40540540540540543,0.725925925925926,999,0.02876868618758908,0.015668790999666997,0.12517504144064423,0.09270599912470669,0.11499516764564564,0.45535256989154504,0.11158806310159713,0.16959796940905403,0.6749596688360995,0.6368588227506062,0.10236915120306743,413,0.4134134134134134,0.8619854721549637,999,1998,3.0,y,0.010182552939518858,0.017424800008058194,0.01112131255063446,0.361753790833103,0.02876868618758908,0.02876347122767443,0.16959796940905403,0.009115411255154696,0.018932053083268577,0.01893176232886433,0.1375927408291016,0.10502064072658264,0.0005392164725319306,0.34192152676628185,0.5850751500843776,0.08050357484325418,0.22247109956751593,0.07310569600000003,0.4,3,1683,297,999,486,24,33.5,44,0,24,33.0
main,PANC1,0.4,mlp,1,0,False,0.0,False,100,1683,297,929,17873,"{'emb_dim': 16, 'hidden': 48, 'lr': 0.003, 'weight_decay': 0.001}",6,0,0.982532799243927,1.0223644971847534,10,2,0.11867525819661161,0.0963984291063571,1.0,929,0.01861983781756423,0.01867703968504226,0.13666396630071243,0.10243322574116645,0.10230454142205433,-0.003072092680854066,0.004825033247470856,0.13645294928647844,-0.025965349920600057,-0.022089518194477537,0.10236915120306743,366,0.3939720129171152,0.4644808743169399,929,0.01861983781756423,0.01867703968504226,0.13666396630071243,0.10243322574116645,0.10230454142205433,-0.003072092680854066,0.004825033247470856,0.13645294928647844,-0.025965349920600057,-0.022089518194477537,0.10236915120306743,366,0.3939720129171152,0.4644808743169399,929,0.028557092862189527,0.01867703968504226,0.13666396630071243,0.10243322574116645,0.11231310531646933,0.3459754543232503,0.0967817499059345,0.1689557449968729,0.5881870341988715,0.5713735570320329,0.10236915120306743,369,0.39720129171151775,0.8265582655826558,929,1858,0.01,y,0.010772115217655295,0.018566535647188225,0.011123464450973482,0.4008863763090851,0.028557092862189527,0.02854604376744834,0.1689557449968729,0.009371384091297947,0.01861983781756423,0.018619407368978255,0.13645294928647844,0.10230454142205433,0.0006560858068641833,0.34797852472520163,0.5899546931133131,0.08073555426462033,0.22503932982944616,0.070067712,0.4,1,1683,297,929,556,24,34.0,45,0,24,34.0
main,PANC1,0.4,mlp,4,0,False,0.0,False,100,1683,297,893,57873,"{'emb_dim': 32, 'hidden': 48, 'lr': 0.01, 'weight_decay': 0.001}",6,4,0.0001111809688154608,1.3040224313735962,795,2,0.12133627577591716,0.09704376814077798,0.625,893,0.018152439139188712,0.019071396574056855,0.13809922727537927,0.10739867980723886,0.10424455046791056,-0.050624460317524766,0.10647903382778168,0.13468466731772674,0.3628321289488932,0.34083855157526977,0.10236915120306743,355,0.3975363941769317,0.6788732394366197,893,0.018152439139188712,0.0160675957125931,0.1267580203087485,0.09843066861207757,0.10424455046791056,0.11485197171628092,0.0665493980050087,0.13468466731772674,0.3628321302212846,0.34083855157526977,0.10236915120306743,355,0.3975363941769317,0.6788732394366197,893,0.030136512299856227,0.0160675957125931,0.1267580203087485,0.09843066861207757,0.11575238709182532,0.46683957477489013,0.12542725306629754,0.17358986049982916,0.6843579958258752,0.6046856718171729,0.10236915120306743,372,0.4165733482642777,0.8494623655913979,893,1786,0.01,y,0.012180910504666187,0.017913896008653517,0.011155925790685722,0.3772473734749424,0.030136512299856227,0.030133439668350148,0.17358986049982916,0.011882371738638129,0.018152439139188712,0.01813995961048673,0.13468466731772674,0.10424455046791056,0.0035326376409112203,0.39765959117720096,0.6308928950141269,0.08474698073511044,0.21972129145634245,0.06946443900000002,0.4,4,1683,297,893,592,24,33.0,49,0,25,33.0
main,PANC1,0.4,mlp,5,0,False,0.0,False,100,1683,297,1000,17873,"{'emb_dim': 16, 'hidden': 48, 'lr': 0.03, 'weight_decay': 0.01}",6,2,0.08795946836471558,1.0575511455535889,50,2,0.12583278875516593,0.10044887307542717,0.625,1000,0.017253686328896792,0.01924709749603231,0.13873390896256152,0.10515814191174644,0.10026390280389591,-0.11553537772371092,0.12863214313983917,0.13135265643723695,0.430650986848636,0.41798373398373406,0.10236915120306743,399,0.399,0.731829573934837,1000,0.017253686328896792,0.014621448432675837,0.12091918140921992,0.09189653031066027,0.10026390280389591,0.15256089893163494,0.08039508759975433,0.13135265643723695,0.4306509870988111,0.41798373398373406,0.10236915120306743,399,0.399,0.731829573934837,1000,0.02765653256217817,0.014621448432675837,0.12091918140921992,0.09189653031066027,0.114121788415,0.47132026041936026,0.13117143188022395,0.16623131291657242,0.6929058380629748,0.6341124461124461,0.10236915120306743,424,0.424,0.8490566037735849,1000,2000,3.0,y,0.012195433842796293,0.018216405504203455,0.011191036490808838,0.38566165052559387,0.02765653256217817,0.02763284939396742,0.16623131291657242,0.010493947403275097,0.017253686328896792,0.017253520353118803,0.13135265643723695,0.10026390280389591,0.00040740124937202384,0.37614426934733824,0.6128811813678132,0.07854023630043772,0.22054115089632403,0.0711317245,0.4,5,1683,297,1000,485,25,34.0,47,0,25,34.0
main,PANC1,0.4,mlp,6,0,False,0.0,False,100,1683,297,949,17873,"{'emb_dim': 16, 'hidden': 48, 'lr': 0.03, 'weight_decay': 0.01}",6,2,0.2296106070280075,1.095813274383545,30,2,0.12195411021543798,0.09764625082803752,0.625,949,0.01596619606639296,0.016527307073994867,0.12855857448647626,0.09917900923042547,0.09653939468374541,-0.03514368765538234,0.09505042433738708,0.12635709198903625,0.35276847305354136,0.29926978887720723,0.10236915120306743,364,0.3835616438356164,0.6785714285714286,949,0.01596619606639296,0.014199241672407778,0.11916057096375368,0.09245458691780327,0.09653939468374541,0.1106684639620843,0.05940651521086693,0.12635709198903625,0.3527684728954599,0.29926978887720723,0.10236915120306743,364,0.3835616438356164,0.6785714285714286,949,0.02429682126859657,0.014199241672407778,0.11916057096375368,0.09245458691780327,0.10389387675553215,0.41559261948557136,0.12049856876649817,0.15586955366378266,0.6553073374199118,0.5880774390659125,0.10236915120306743,366,0.3856691253951528,0.8524590163934426,949,1898,0.01,y,0.012471521526260734,0.01628497278403633,0.010212248331609497,0.37290356778365286,0.02429682126859657,0.024295317759346822,0.15586955366378266,0.009742865298639693,0.01596619606639296,0.015966114695925765,0.12635709198903625,0.09653939468374541,-0.0002852550914515098,0.3428689337634002,0.5873124996517266,0.0753955239229403,0.20080594805220858,0.059937546,0.4,6,1683,297,949,536,21,33.5,46,0,21,33.0
main,PANC1,0.4,mlp_ordered,0,0,False,0.0,False,100,1683,297,848,3570,"{'emb_dim': 8, 'hidden': 24, 'lr': 0.01, 'weight_decay': 0.001}",6,5,0.2447088360786438,1.3508576154708862,90,2,0.12311217901168943,0.0975523497754966,0.75,848,0.014702756220755854,0.013227439439239035,0.11501060576850743,0.0872903360731041,0.09243889102862994,0.10034287172864342,0.09551133215427399,0.12112285574073503,0.45671499309756114,0.4227850530452522,0.10236915120306743,295,0.34787735849056606,0.7661016949152543,848,0.014702756220755854,0.011877052277902277,0.10898188967852537,0.08297846039764657,0.09243889102862994,0.1921887230140248,0.07163349539041519,0.12112285574073503,0.4567149954157852,0.4227850530452522,0.10236915120306743,295,0.34787735849056606,0.7661016949152543,848,0.022724106965869406,0.011877052277902277,0.10898188967852537,0.08297846039764657,0.09987849063797169,0.47733689619833775,0.11473431364748345,0.15039416564770727,0.6927001510469808,0.6273921803366191,0.10236915120306743,318,0.375,0.8805031446540881,848,1696,1.0,y,0.01015132424540169,0.012890183553374132,0.008376893014957924,0.3501339232081617,0.022724106965869406,0.02261840506087001,0.15039416564770727,0.00880228053059972,0.014702756220755854,0.014670746182790908,0.12112285574073503,0.09243889102862994,-0.0056577414190597045,0.35298860180341796,0.5935099921848743,0.07162766987552306,0.1972407409747296,0.0572801495,0.4,0,1683,297,848,637,22,33.0,52,0,22,33.0
main,PANC1,0.4,mlp_ordered,1,0,False,0.0,False,100,1683,297,929,3570,"{'emb_dim': 8, 'hidden': 24, 'lr': 0.01, 'weight_decay': 0.001}",6,5,0.460712730884552,1.3206322193145752,60,2,0.11867525819661161,0.0963984291063571,0.75,929,0.01861983781756423,0.01497403503037104,0.12236843968266915,0.09191039815651272,0.10230454142205433,0.19580206997045257,0.07085136324167252,0.13645294928647844,0.4483020276509495,0.42049900559286657,0.10236915120306743,366,0.3939720129171152,0.7540983606557377,929,0.01861983781756423,0.01494318985972383,0.1222423406996276,0.0917129955534011,0.10230454142205433,0.19745864565867433,0.05313852056860924,0.13645294928647844,0.4483020283033096,0.42049900559286657,0.10236915120306743,366,0.3939720129171152,0.7540983606557377,929,0.028557092862189527,0.01494318985972383,0.1222423406996276,0.0917129955534011,0.11231310531646933,0.47672580217333416,0.11037905637956641,0.1689557449968729,0.6913888307670615,0.6464372266278402,0.10236915120306743,369,0.39720129171151775,0.8644986449864499,929,1858,0.01,y,0.010772115217655295,0.018566535647188225,0.011123464450973482,0.4008863763090851,0.028557092862189527,0.02854604376744834,0.1689557449968729,0.009371384091297947,0.01861983781756423,0.018619407368978255,0.13645294928647844,0.10230454142205433,0.0006560858068641833,0.34797852472520163,0.5899546931133131,0.08073555426462033,0.22503932982944616,0.070067712,0.4,1,1683,297,929,556,24,34.0,45,0,24,34.0
main,PANC1,0.4,mlp_ordered,2,0,False,0.0,False,100,1683,297,928,3570,"{'emb_dim': 8, 'hidden': 24, 'lr': 0.01, 'weight_decay': 0.001}",6,5,0.3475686311721802,1.540147304534912,75,2,0.12281735479180696,0.09835904852284669,0.75,928,0.01690908226248731,0.013354011196466968,0.1155595569239817,0.08809801067117688,0.09960223640157508,0.21024624582418894,0.08787851780653,0.12986835437471228,0.49276899608755725,0.4763260848439158,0.10236915120306743,362,0.3900862068965517,0.7983425414364641,928,0.01690908226248731,0.012793153547519172,0.11310682361166002,0.08651317841485483,0.09960223640157508,0.24341526352966525,0.06590888649225235,0.12986835437471228,0.49276899694732823,0.4763260848439158,0.10236915120306743,362,0.3900862068965517,0.7983425414364641,928,0.024605096382330657,0.012793153547519172,0.11310682361166002,0.08651317841485483,0.10164638985775863,0.480060823630581,0.11593039794118162,0.15679700813626177,0.6945681359494537,0.6157766960260398,0.10236915120306743,329,0.3545258620689655,0.8814589665653495,928,1856,0.1,y,0.011365846595878993,0.014652404013009889,0.010069103193775726,0.3128019685482767,0.024605096382330657,0.02458530176048294,0.15679700813626177,0.009732876811067822,0.01690908226248731,0.01686578946799585,0.12986835437471228,0.09960223640157508,0.006579726019482908,0.3127813035258008,0.5637154531681745,0.07963310689304187,0.20714071885643087,0.0493383055,0.4,2,1683,297,928,557,23,33.0,45,0,23,33.0
main,PANC1,0.7,zero,0,0,False,0.0,False,100,2945,520,848,0,{},1,0,1.0,1.0047423839569092,0,1,0.126696746364189,0.10048669862010794,0.0,848,0.014034261070341848,0.014034261070341848,0.11846628664030052,0.08874049716249227,0.08874049716249227,0.0,0.0,0.11832667851799232,,,0.10236915120306743,285,0.33608490566037735,,848,0.014034261070341848,0.014034261070341848,0.11846628664030052,0.08874049716249227,0.08874049716249227,0.0,0.0,0.11832667851799232,,,0.10236915120306743,285,0.33608490566037735,,848,0.022724106965869406,0.014034261070341848,0.11846628664030052,0.08874049716249227,0.09987849063797169,0.38240648614175765,0.08132956330399135,0.15039416564770727,0.6226427777013253,0.5885687144983219,0.10236915120306743,318,0.375,0.8427672955974843,848,1696,10.0,y,0.009791730201326065,0.012890183553374132,0.00817087910752072,0.36611615546918164,0.022724106965869406,0.02261840506087001,0.15039416564770727,0.0066350324977124415,0.014034261070341848,0.014001202849100305,0.11832667851799232,0.08874049716249227,-0.005749627922008753,0.38240648614175765,0.622642777701325,0.06585224553453863,0.19147910476119642,0.0572801495,0.7,0,2945,520,848,637,42,59.0,72,0,42,58.0
main,PANC1,0.7,zero,1,0,False,0.0,False,100,2945,520,929,0,{},1,0,1.0,0.9369760155677795,0,1,0.12447837042019472,0.0990979753010919,0.0,929,0.018171086407478273,0.018171086407478273,0.13480017213445342,0.10246676171796402,0.10246676171796402,0.0,0.0,0.13477542158066871,,,0.10236915120306743,365,0.39289558665231433,,929,0.018171086407478273,0.018171086407478273,0.13480017213445342,0.10246676171796402,0.10246676171796402,0.0,0.0,0.13477542158066871,,,0.10236915120306743,365,0.39289558665231433,,929,0.028557092862189527,0.018171086407478273,0.13480017213445342,0.10246676171796402,0.11231310531646933,0.36369270866722736,0.10156118092971654,0.1689557449968729,0.603062150479235,0.5752526877729232,0.10236915120306743,369,0.39720129171151775,0.8346883468834688,929,1858,0.3,y,0.010475766625563748,0.018566535647188225,0.010998945478956546,0.4075930109975976,0.028557092862189527,0.02854604376744834,0.1689557449968729,0.01034956691781817,0.018171086407478273,0.018164414262246985,0.13477542158066871,0.10246676171796402,0.00258304959907559,0.36369270866722736,0.603062150479235,0.08050833061583659,0.22384813387836344,0.070067712,0.7,1,2945,520,929,556,48,59.0,73,0,48,59.0
main,PANC1,0.7,zero,2,0,False,0.0,False,100,2945,520,928,0,{},1,0,1.0,1.2824087142944336,0,1,0.12370652383130222,0.10032727853836508,0.0,928,0.01580953718145123,0.01580953718145123,0.1257359820475079,0.09571474519443246,0.09571474519443246,0.0,0.0,0.1256256261957875,,,0.10236915120306743,336,0.3620689655172414,,928,0.01580953718145123,0.01580953718145123,0.1257359820475079,0.09571474519443246,0.09571474519443246,0.0,0.0,0.1256256261957875,,,0.10236915120306743,336,0.3620689655172414,,928,0.024605096382330657,0.01580953718145123,0.1257359820475079,0.09571474519443246,0.10164638985775863,0.3574690000887649,0.09480376590015943,0.15679700813626177,0.5984299173066607,0.5692267707368216,0.10236915120306743,329,0.3545258620689655,0.8449848024316109,928,1856,1.0,y,0.01143780593792429,0.014652404013009889,0.009605185861803879,0.3444634850857633,0.024605096382330657,0.02458530176048294,0.15679700813626177,0.009082153105535413,0.01580953718145123,0.015781797957083725,0.1256256261957875,0.09571474519443246,0.005266803999343785,0.3574690000887649,0.5984299173066606,0.07614962393615902,0.20993298059036378,0.0493383055,0.7,2,2945,520,928,557,47,59.0,70,0,47,58.0
main,PANC1,0.7,zero,3,0,False,0.0,False,100,2945,520,999,0,{},1,0,1.0,1.0075901746749878,0,1,0.12531501801117312,0.09922165020466892,0.0,999,0.018645632940388963,0.018645632940388963,0.13654901296014177,0.10502026917055748,0.10502026917055748,0.0,0.0,0.1365474279790117,,,0.10236915120306743,416,0.4164164164164164,,999,0.018645632940388963,0.018645632940388963,0.13654901296014177,0.10502026917055748,0.10502026917055748,0.0,0.0,0.1365474279790117,,,0.10236915120306743,416,0.4164164164164164,,999,0.02876868618758908,0.018645632940388963,0.13654901296014177,0.10502026917055748,0.11499516764564564,0.35187749559335946,0.09898456482150958,0.16959796940905403,0.5931829898451234,0.5607733545168415,0.10236915120306743,413,0.4134134134134134,0.8232445520581114,999,1998,3.0,y,0.009791485538618612,0.017424800008058194,0.011002863294738095,0.3685515305972086,0.02876868618758908,0.02876347122767443,0.16959796940905403,0.009806596754578253,0.018645632940388963,0.01864520008768339,0.1365474279790117,0.10502026917055748,0.0006579154243317443,0.35187749559335946,0.5931829898451235,0.08284805081807689,0.22099729765275072,0.07310569600000003,0.7,3,2945,520,999,486,45,59.0,70,0,45,59.5
main,PANC1,0.7,zero,4,0,False,0.0,False,100,2945,520,893,0,{},1,0,0.9999999403953552,1.263553500175476,0,1,0.12379168557071989,0.09854673753587884,0.0,893,0.017795888347526347,0.017795888347526347,0.13340123068220303,0.10282234747341282,0.10282234747341282,0.0,0.0,0.13339665194402084,,,0.10236915120306743,344,0.38521836506159013,,893,0.017795888347526347,0.017795888347526347,0.13340123068220303,0.10282234747341282,0.10282234747341282,0.0,0.0,0.13339665194402084,,,0.10236915120306743,344,0.38521836506159013,,893,0.030136512299856227,0.017795888347526347,0.13340123068220303,0.10282234747341282,0.11575238709182532,0.40949078080242063,0.1037922327943854,0.17358986049982916,0.6413732127727783,0.6088401676600314,0.10236915120306743,372,0.4165733482642777,0.8575268817204301,893,1786,1.0,y,0.011865444188091188,0.017913896008653517,0.010920124949863436,0.39041038618353363,0.030136512299856227,0.030133439668350148,0.17358986049982916,0.010780996617949774,0.017795888347526347,0.01779466674987424,0.13339665194402084,0.10282234747341282,0.0011052590882254982,0.40949078080242063,0.6413732127727784,0.08236916950160128,0.217357029179375,0.06946443900000002,0.7,4,2945,520,893,592,47,59.0,70,0,47,58.0
main,PANC1,0.7,zero,5,0,False,0.0,False,100,2945,520,1000,0,{},1,0,1.0,1.2259984016418457,0,1,0.12403556796139549,0.09967877671351122,0.0,1000,0.016980590687062532,0.016980590687062532,0.13030959552950247,0.09888807740578212,0.09888807740578212,0.0,0.0,0.13030878647794966,,,0.10236915120306743,387,0.387,,1000,0.016980590687062532,0.016980590687062532,0.13030959552950247,0.09888807740578212,0.09888807740578212,0.0,0.0,0.13030878647794966,,,0.10236915120306743,387,0.387,,1000,0.02765653256217817,0.016980590687062532,0.13030959552950247,0.09888807740578212,0.114121788415,0.38601881313623443,0.09782662036436214,0.16623131291657242,0.6217779732927737,0.5978659418659419,0.10236915120306743,424,0.424,0.8349056603773585,1000,2000,3.0,y,0.011670958821508851,0.018216405504203455,0.010924182794075279,0.4003107368490171,0.02765653256217817,0.02763284939396742,0.16623131291657242,0.009589472363457448,0.016980590687062532,0.016980379833355878,0.13030878647794966,0.09888807740578212,0.00045918809506861267,0.38601881313623443,0.6217779732927735,0.07832385609198683,0.2221030135402093,0.0711317245,0.7,5,2945,520,1000,485,45,59.0,70,0,45,59.0
main,PANC1,0.7,zero,6,0,False,0.0,False,100,2945,520,949,0,{},1,0,1.0000001192092896,1.1057610511779785,0,1,0.12409517817229596,0.0984997734937059,0.0,949,0.01575046645176289,0.01575046645176289,0.1255008623546583,0.09623164777931557,0.09623164777931557,0.0,0.0,0.1254615721273507,,,0.10236915120306743,352,0.37091675447839834,,949,0.01575046645176289,0.01575046645176289,0.1255008623546583,0.09623164777931557,0.09623164777931557,0.0,0.0,0.1254615721273507,,,0.10236915120306743,352,0.37091675447839834,,949,0.02429682126859657,0.01575046645176289,0.1255008623546583,0.09623164777931557,0.10389387675553215,0.35174785715198764,0.09687396367812236,0.15586955366378266,0.5940275223643645,0.5601278950667942,0.10236915120306743,366,0.3856691253951528,0.8387978142076503,949,1898,0.01,y,0.01151604629996063,0.01628497278403633,0.010006354773465322,0.3855467303406088,0.02429682126859657,0.024295317759346822,0.15586955366378266,0.009403629409713584,0.01575046645176289,0.015740606080666426,0.1254615721273507,0.09623164777931557,-0.0031401227836603354,0.35174785715198764,0.5940275223643643,0.07768247497216293,0.19991557963820378,0.059937546,0.7,6,2945,520,949,536,45,59.0,71,0,45,58.0
main,PANC1,0.7,zero,7,0,False,0.0,False,100,2945,520,1003,0,{},1,0,1.0,1.0401535034179688,0,1,0.1247022173851565,0.09888222114993801,0.0,1003,0.01615763711164836,0.01615763711164836,0.12711269453382049,0.0983580039906787,0.0983580039906787,0.0,0.0,0.12709966667333727,,,0.10236915120306743,394,0.39282153539381853,,1003,0.01615763711164836,0.01615763711164836,0.12711269453382049,0.0983580039906787,0.0983580039906787,0.0,0.0,0.12709966667333727,,,0.10236915120306743,394,0.39282153539381853,,1003,0.02646430932191515,0.01615763711164836,0.12711269453382049,0.0983580039906787,0.11020255063110669,0.3894555525668608,0.10476960100075487,0.16253778697861695,0.6236670506360057,0.5732152256164208,0.10236915120306743,428,0.4267198404785643,0.8317757009345794,1003,2006,1.0,y,0.010174350258680331,0.016634017374308155,0.010273122236948632,0.3824028191279971,0.02646430932191515,0.026418532195906265,0.16253778697861695,0.011001132531592966,0.01615763711164836,0.016154325268473442,0.12709966667333727,0.0983580039906787,0.001819847019646512,0.3894555525668608,0.6236670506360061,0.07891653468121657,0.21084642450941152,0.07313980499999999,0.7,7,2945,520,1003,482,46,59.0,72,0,46,59.0
main,PANC1,0.4,mlp,7,0,False,0.0,False,100,1683,297,1003,3369,"{'emb_dim': 8, 'hidden': 24, 'lr': 0.01, 'weight_decay': 0.001}",6,5,0.9829285740852356,1.0273008346557617,10,2,0.12263178511050407,0.09877157613357325,0.875,1003,0.016967737856221663,0.017175345944024006,0.1310547440729408,0.1003145234306846,0.09971706659660168,-0.012235460587706859,0.01634974032640457,0.1302547382552249,0.013857379859424323,0.019667385704612905,0.10236915120306743,395,0.3938185443668993,0.5037974683544304,1003,0.016967737856221663,0.01712014554452317,0.1308439740474248,0.10014112128440666,0.09971706659660168,-0.008982204321692944,0.014306022785604,0.1302547382552249,0.01385737841179327,0.019667385704612905,0.10236915120306743,395,0.3938185443668993,0.5037974683544304,1003,0.02646430932191515,0.01712014554452317,0.1308439740474248,0.10014112128440666,0.11020255063110669,0.3530854957795576,0.10281465006034139,0.16253778697861695,0.5945112158418242,0.5566683065054425,0.10236915120306743,428,0.4267198404785643,0.8271028037383178,1003,2006,3.0,y,0.010061836862920896,0.016634017374308155,0.01073684019867366,0.35452513021556054,0.02646430932191515,0.026418532195906265,0.16253778697861695,0.010222882330516485,0.016967737856221663,0.016966296837937152,0.1302547382552249,0.09971706659660168,0.0012004242102308794,0.35884448561177285,0.5985783564950605,0.07755654067991508,0.22126287346434434,0.07313980499999999,0.4,7,1683,297,1003,482,21,34.0,44,0,21,34.0
main,PANC1,0.7,potential,1,0,False,0.0,False,100,2945,520,929,100,"{'lr': 0.03, 'weight_decay': 0.001}",4,3,1.000089168548584,0.9360449910163879,5,2,0.12447837042019472,0.0990979753010919,1.0,929,0.018171086407478273,0.018183304876233573,0.134845485190397,0.10253206390059784,0.10246676171796402,-0.0006724126714994227,0.0013436812441796064,0.13477542158066871,-0.027803201413902207,-0.0405135594985937,0.10236915120306743,365,0.39289558665231433,0.4904109589041096,929,0.018171086407478273,0.018183304876233573,0.134845485190397,0.10253206390059784,0.10246676171796402,-0.0006724126714994227,0.0013436812441796064,0.13477542158066871,-0.027803201413902207,-0.0405135594985937,0.10236915120306743,365,0.39289558665231433,0.4904109589041096,929,0.028557092862189527,0.018183304876233573,0.134845485190397,0.10253206390059784,0.11231310531646933,0.36326484758156774,0.10178546028356732,0.1689557449968729,0.6027140396157852,0.5751876412135958,0.10236915120306743,369,0.39720129171151775,0.8346883468834688,929,1858,0.3,y,0.010475766625563748,0.018566535647188225,0.010998945478956546,0.4075930109975976,0.028557092862189527,0.02854604376744834,0.1689557449968729,0.01034956691781817,0.018171086407478273,0.018164414262246985,0.13477542158066871,0.10246676171796402,0.00258304959907559,0.36369270866722736,0.603062150479235,0.08050833061583659,0.22384813387836344,0.070067712,0.7,1,2945,520,929,556,48,59.0,73,0,48,59.0
main,PANC1,0.7,potential,0,0,False,0.0,False,100,2945,520,848,100,"{'lr': 0.01, 'weight_decay': 0.01}",4,2,0.9865977168083191,1.0003662109375,20,2,0.126696746364189,0.10048669862010794,0.75,848,0.014034261070341848,0.013871465393748172,0.1177771853702922,0.08979449167678591,0.08874049716249227,0.011599875175309804,0.01257520355284214,0.11832667851799232,0.10578770098925823,-0.012300879090483248,0.10236915120306743,285,0.33608490566037735,0.5789473684210527,848,0.014034261070341848,0.013882455361373329,0.11782383189055315,0.08943700777412694,0.08874049716249227,0.01081679385951606,0.009431402198970318,0.11832667851799232,0.10578770176854772,-0.012300879090483248,0.10236915120306743,285,0.33608490566037735,0.5789473684210527,848,0.022724106965869406,0.013882455361373329,0.11782383189055315,0.08943700777412694,0.09987849063797169,0.38908686787013647,0.0906653776402158,0.15039416564770727,0.6228052611400517,0.5881749849832572,0.10236915120306743,318,0.375,0.8459119496855346,848,1696,10.0,y,0.009791730201326065,0.012890183553374132,0.00817087910752072,0.36611615546918164,0.022724106965869406,0.02261840506087001,0.15039416564770727,0.0066350324977124415,0.014034261070341848,0.014001202849100305,0.11832667851799232,0.08874049716249227,-0.005749627922008753,0.38240648614175765,0.622642777701325,0.06585224553453863,0.19147910476119642,0.0572801495,0.7,0,2945,520,848,637,42,59.0,72,0,42,58.0
main,PANC1,0.7,potential,2,0,False,0.0,False,100,2945,520,928,100,"{'lr': 0.003, 'weight_decay': 0.0001}",4,0,1.000108242034912,1.280181646347046,0,2,0.12370652383130222,0.10032727853836508,1.0,928,0.01580953718145123,0.01579558099901799,0.12568047182843478,0.09574543782237281,0.09571474519443246,0.0008827698289368691,0.0016012222040444613,0.1256256261957875,0.037431579156479516,0.008291806655536029,0.10236915120306743,336,0.3620689655172414,0.5297619047619048,928,0.01580953718145123,0.01579558099901799,0.12568047182843478,0.09574543782237281,0.09571474519443246,0.0008827698289368691,0.0016012222040444613,0.1256256261957875,0.037431579156479516,0.008291806655536029,0.10236915120306743,336,0.3620689655172414,0.5297619047619048,928,0.024605096382330657,0.01579558099901799,0.12568047182843478,0.09574543782237281,0.10164638985775863,0.3580362070696431,0.09517517604251426,0.15679700813626177,0.5988773731259014,0.5693422994680092,0.10236915120306743,329,0.3545258620689655,0.8449848024316109,928,1856,1.0,y,0.01143780593792429,0.014652404013009889,0.009605185861803879,0.3444634850857633,0.024605096382330657,0.02458530176048294,0.15679700813626177,0.009082153105535413,0.01580953718145123,0.015781797957083725,0.1256256261957875,0.09571474519443246,0.005266803999343785,0.3574690000887649,0.5984299173066606,0.07614962393615902,0.20993298059036378,0.0493383055,0.7,2,2945,520,928,557,47,59.0,70,0,47,58.0
main,PANC1,0.7,potential,3,0,False,0.0,False,100,2945,520,999,100,"{'lr': 0.003, 'weight_decay': 0.0001}",4,0,0.9999507665634155,1.0058990716934204,0,2,0.12531501801117312,0.09922165020466892,1.0,999,0.018645632940388963,0.01862481509561153,0.13647276320061644,0.1050347469725876,0.10502026917055748,0.001116499763992529,0.0017545432783663273,0.1365474279790117,0.049557771721155004,0.028166796054571598,0.10236915120306743,416,0.4164164164164164,0.5264423076923077,999,0.018645632940388963,0.01862481509561153,0.13647276320061644,0.1050347469725876,0.10502026917055748,0.001116499763992529,0.0017545432783663273,0.1365474279790117,0.049557771721155004,0.028166796054571598,0.10236915120306743,416,0.4164164164164164,0.5264423076923077,999,0.02876868618758908,0.01862481509561153,0.13647276320061644,0.1050347469725876,0.11499516764564564,0.35260112421656764,0.0994444206869472,0.16959796940905403,0.5937578541746158,0.5614046110238494,0.10236915120306743,413,0.4134134134134134,0.8232445520581114,999,1998,3.0,y,0.009791485538618612,0.017424800008058194,0.011002863294738095,0.3685515305972086,0.02876868618758908,0.02876347122767443,0.16959796940905403,0.009806596754578253,0.018645632940388963,0.01864520008768339,0.1365474279790117,0.10502026917055748,0.0006579154243317443,0.35187749559335946,0.5931829898451235,0.08284805081807689,0.22099729765275072,0.07310569600000003,0.7,3,2945,520,999,486,45,59.0,70,0,45,59.5
main,PANC1,0.7,potential,4,0,False,0.0,False,100,2945,520,893,100,"{'lr': 0.03, 'weight_decay': 0.001}",4,3,0.9999567866325378,1.2619067430496216,5,2,0.12379168557071989,0.09854673753587884,1.0,893,0.017795888347526347,0.017791186569124633,0.13338360682304493,0.10298316940032218,0.10282234747341282,0.00026420588339814977,0.0017507579177618027,0.13339665194402084,0.016295005505766305,-0.05891173582810914,0.10236915120306743,344,0.38521836506159013,0.502906976744186,893,0.017795888347526347,0.017791186569124633,0.13338360682304493,0.10298316940032218,0.10282234747341282,0.00026420588339814977,0.0017507579177618027,0.13339665194402084,0.016295005505766305,-0.05891173582810914,0.10236915120306743,344,0.38521836506159013,0.502906976744186,893,0.030136512299856227,0.017791186569124633,0.13338360682304493,0.10298316940032218,0.11575238709182532,0.4096467968123335,0.10490723492289622,0.17358986049982916,0.6410702869863054,0.6077780954391204,0.10236915120306743,372,0.4165733482642777,0.8629032258064516,893,1786,1.0,y,0.011865444188091188,0.017913896008653517,0.010920124949863436,0.39041038618353363,0.030136512299856227,0.030133439668350148,0.17358986049982916,0.010780996617949774,0.017795888347526347,0.01779466674987424,0.13339665194402084,0.10282234747341282,0.0011052590882254982,0.40949078080242063,0.6413732127727784,0.08236916950160128,0.217357029179375,0.06946443900000002,0.7,4,2945,520,893,592,47,59.0,70,0,47,58.0
main,PANC1,0.7,potential,6,0,False,0.0,False,100,2945,520,949,100,"{'lr': 0.03, 'weight_decay': 0.001}",4,3,1.0010790824890137,1.0984647274017334,0,2,0.12409517817229596,0.0984997734937059,1.0,949,0.01575046645176289,0.015746829003168733,0.12548636979038294,0.09611570270005206,0.09623164777931557,0.00023094227750619645,0.004075776319950819,0.1254615721273507,0.01972901779411383,0.03409161015943708,0.10236915120306743,352,0.37091675447839834,0.5284090909090909,949,0.01575046645176289,0.015746829003168733,0.12548636979038294,0.09611570270005206,0.09623164777931557,0.00023094227750619645,0.004075776319950819,0.1254615721273507,0.01972901779411383,0.03409161015943708,0.10236915120306743,352,0.37091675447839834,0.5284090909090909,949,0.02429682126859657,0.015746829003168733,0.12548636979038294,0.09611570270005206,0.10389387675553215,0.35189756597825517,0.09705936718007857,0.15586955366378266,0.594198973915685,0.5605283446441396,0.10236915120306743,366,0.3856691253951528,0.8442622950819673,949,1898,0.01,y,0.01151604629996063,0.01628497278403633,0.010006354773465322,0.3855467303406088,0.02429682126859657,0.024295317759346822,0.15586955366378266,0.009403629409713584,0.01575046645176289,0.015740606080666426,0.1254615721273507,0.09623164777931557,-0.0031401227836603354,0.35174785715198764,0.5940275223643643,0.07768247497216293,0.19991557963820378,0.059937546,0.7,6,2945,520,949,536,45,59.0,71,0,45,58.0
main,PANC1,0.7,potential,5,0,False,0.0,False,100,2945,520,1000,100,"{'lr': 0.03, 'weight_decay': 0.001}",4,3,0.9987782835960388,1.2213571071624756,5,2,0.12403556796139549,0.09967877671351122,1.0,1000,0.016980590687062532,0.01697379742154967,0.13028352705369037,0.09924352552084362,0.09888807740578212,0.00040006061261688153,0.006450784392654896,0.13030878647794966,0.028795403127049198,-0.03823250623250623,0.10236915120306743,387,0.387,0.5167958656330749,1000,0.016980590687062532,0.01697379742154967,0.13028352705369037,0.09924352552084362,0.09888807740578212,0.00040006061261688153,0.006450784392654896,0.13030878647794966,0.028795403127049198,-0.03823250623250623,0.10236915120306743,387,0.387,0.5167958656330749,1000,0.02765653256217817,0.01697379742154967,0.13028352705369037,0.09924352552084362,0.114121788415,0.3862644428259864,0.10377961468760016,0.16623131291657242,0.6210930420427238,0.5964972804972806,0.10236915120306743,424,0.424,0.8349056603773585,1000,2000,3.0,y,0.011670958821508851,0.018216405504203455,0.010924182794075279,0.4003107368490171,0.02765653256217817,0.02763284939396742,0.16623131291657242,0.009589472363457448,0.016980590687062532,0.016980379833355878,0.13030878647794966,0.09888807740578212,0.00045918809506861267,0.38601881313623443,0.6217779732927735,0.07832385609198683,0.2221030135402093,0.0711317245,0.7,5,2945,520,1000,485,45,59.0,70,0,45,59.0
main,PANC1,0.7,potential,7,0,False,0.0,False,100,2945,520,1003,100,"{'lr': 0.03, 'weight_decay': 0.001}",4,3,1.0007261037826538,1.0373525619506836,0,2,0.1247022173851565,0.09888222114993801,1.0,1003,0.01615763711164836,0.016148565030498118,0.127077004333979,0.09866136268849723,0.0983580039906787,0.0005614732579741766,0.004561068490147591,0.12709966667333727,0.025007610214258572,-0.019332904737846483,0.10236915120306743,394,0.39282153539381853,0.5076142131979695,1003,0.01615763711164836,0.016148565030498118,0.127077004333979,0.09866136268849723,0.0983580039906787,0.0005614732579741766,0.004561068490147591,0.12709966667333727,0.025007610214258572,-0.019332904737846483,0.10236915120306743,394,0.39282153539381853,0.5076142131979695,1003,0.02646430932191515,0.016148565030498118,0.127077004333979,0.09866136268849723,0.11020255063110669,0.3897983569468991,0.10766721318035541,0.16253778697861695,0.624703957330415,0.5748794126245449,0.10236915120306743,428,0.4267198404785643,0.8317757009345794,1003,2006,1.0,y,0.010174350258680331,0.016634017374308155,0.010273122236948632,0.3824028191279971,0.02646430932191515,0.026418532195906265,0.16253778697861695,0.011001132531592966,0.01615763711164836,0.016154325268473442,0.12709966667333727,0.0983580039906787,0.001819847019646512,0.3894555525668608,0.6236670506360061,0.07891653468121657,0.21084642450941152,0.07313980499999999,0.7,7,2945,520,1003,482,46,59.0,72,0,46,59.0
main,PANC1,0.7,lowrank,0,0,False,0.0,False,100,2945,520,848,1856,"{'rank': 16, 'lr': 0.03, 'weight_decay': 0.01}",6,5,0.4051879346370697,0.5965703129768372,70,2,0.126696746364189,0.10048669862010794,1.0,848,0.014034261070341848,0.008881852139307984,0.09424357876963281,0.07249967541681225,0.08874049716249227,0.36713075987465305,0.06912241876125336,0.11832667851799232,0.6057168520952643,0.5510252041202589,0.10236915120306743,285,0.33608490566037735,0.8315789473684211,848,0.014034261070341848,0.008881852139307984,0.09424357876963281,0.07249967541681225,0.08874049716249227,0.36713075987465305,0.06912241876125336,0.11832667851799232,0.6057168520952643,0.5510252041202589,0.10236915120306743,285,0.33608490566037735,0.8315789473684211,848,0.022724106965869406,0.008881852139307984,0.09424357876963281,0.07249967541681225,0.09987849063797169,0.6091440621781912,0.10929790923620193,0.15039416564770727,0.781543901213442,0.7112802994422375,0.10236915120306743,318,0.375,0.9119496855345912,848,1696,10.0,y,0.009791730201326065,0.012890183553374132,0.00817087910752072,0.36611615546918164,0.022724106965869406,0.02261840506087001,0.15039416564770727,0.0066350324977124415,0.014034261070341848,0.014001202849100305,0.11832667851799232,0.08874049716249227,-0.005749627922008753,0.38240648614175765,0.622642777701325,0.06585224553453863,0.19147910476119642,0.0572801495,0.7,0,2945,520,848,637,42,59.0,72,0,42,58.0
main,PANC1,0.7,lowrank,1,0,False,0.0,False,100,2945,520,929,864,"{'rank': 8, 'lr': 0.03, 'weight_decay': 0.01}",6,4,0.42039501667022705,0.6021201610565186,90,2,0.12447837042019472,0.0990979753010919,1.0,929,0.018171086407478273,0.011074723460738095,0.10523651201336015,0.07833878608045515,0.10246676171796402,0.39053047173996625,0.07313930988311768,0.13477542158066871,0.6310204369823665,0.6167470643736431,0.10236915120306743,365,0.39289558665231433,0.8657534246575342,929,0.018171086407478273,0.011074723460738095,0.10523651201336015,0.07833878608045515,0.10246676171796402,0.39053047173996625,0.07313930988311768,0.13477542158066871,0.6310204369823665,0.6167470643736431,0.10236915120306743,365,0.39289558665231433,0.8657534246575342,929,0.028557092862189527,0.011074723460738095,0.10523651201336015,0.07833878608045515,0.11231310531646933,0.6121900953229952,0.12912573620242498,0.1689557449968729,0.7825748875529079,0.726036524256709,0.10236915120306743,369,0.39720129171151775,0.907859078590786,929,1858,0.3,y,0.010475766625563748,0.018566535647188225,0.010998945478956546,0.4075930109975976,0.028557092862189527,0.02854604376744834,0.1689557449968729,0.01034956691781817,0.018171086407478273,0.018164414262246985,0.13477542158066871,0.10246676171796402,0.00258304959907559,0.36369270866722736,0.603062150479235,0.08050833061583659,0.22384813387836344,0.070067712,0.7,1,2945,520,929,556,48,59.0,73,0,48,59.0
main,PANC1,0.4,mlp_ordered,3,0,False,0.0,False,100,1683,297,999,58074,"{'emb_dim': 32, 'hidden': 48, 'lr': 0.01, 'weight_decay': 0.001}",6,4,0.041491664946079254,1.489526629447937,385,2,0.12412420153300807,0.0976851963358188,0.625,999,0.018932053083268577,0.01911579211593312,0.13825987167625,0.10654569521456803,0.10502064072658264,-0.009705182626332576,0.12601616978645325,0.1375927408291016,0.4528702013954984,0.42470084914573886,0.10236915120306743,405,0.40540540540540543,0.7679012345679013,999,0.018932053083268577,0.015322198265659906,0.12378286741572884,0.09407109819925696,0.10502064072658264,0.19067423917160486,0.07876010984182358,0.1375927408291016,0.4528702007868117,0.42470084914573886,0.10236915120306743,405,0.40540540540540543,0.7679012345679013,999,0.02876868618758908,0.015322198265659906,0.12378286741572884,0.09407109819925696,0.11499516764564564,0.4674001389653324,0.12348937146482929,0.16959796940905403,0.6850206525856013,0.6107228511076206,0.10236915120306743,413,0.4134134134134134,0.8547215496368039,999,1998,3.0,y,0.010182552939518858,0.017424800008058194,0.01112131255063446,0.361753790833103,0.02876868618758908,0.02876347122767443,0.16959796940905403,0.009115411255154696,0.018932053083268577,0.01893176232886433,0.1375927408291016,0.10502064072658264,0.0005392164725319306,0.34192152676628185,0.5850751500843776,0.08050357484325418,0.22247109956751593,0.07310569600000003,0.4,3,1683,297,999,486,24,33.5,44,0,24,33.0
main,PANC1,0.7,lowrank,2,0,False,0.0,False,100,2945,520,928,1856,"{'rank': 16, 'lr': 0.03, 'weight_decay': 0.01}",6,5,0.40593481063842773,0.775013267993927,85,2,0.12370652383130222,0.10032727853836508,1.0,928,0.01580953718145123,0.009707366828493375,0.09852597032505377,0.07384828479561588,0.09571474519443246,0.3859803283879376,0.0747864842414856,0.1256256261957875,0.6217346418961529,0.6119714402886133,0.10236915120306743,336,0.3620689655172414,0.8541666666666666,928,0.01580953718145123,0.009707366828493375,0.09852597032505377,0.07384828479561588,0.09571474519443246,0.3859803283879376,0.0747864842414856,0.1256256261957875,0.6217346418961529,0.6119714402886133,0.10236915120306743,336,0.3620689655172414,0.8541666666666666,928,0.024605096382330657,0.009707366828493377,0.09852597032505377,0.07384828479561588,0.10164638985775863,0.6054733264339333,0.12022736924924758,0.15679700813626177,0.778398189857644,0.7077668161122549,0.10236915120306743,329,0.3545258620689655,0.9270516717325228,928,1856,1.0,y,0.01143780593792429,0.014652404013009889,0.009605185861803879,0.3444634850857633,0.024605096382330657,0.02458530176048294,0.15679700813626177,0.009082153105535413,0.01580953718145123,0.015781797957083725,0.1256256261957875,0.09571474519443246,0.005266803999343785,0.3574690000887649,0.5984299173066606,0.07614962393615902,0.20993298059036378,0.0493383055,0.7,2,2945,520,928,557,47,59.0,70,0,47,58.0
main,PANC1,0.4,mlp_ordered,4,0,False,0.0,False,100,1683,297,893,3570,"{'emb_dim': 8, 'hidden': 24, 'lr': 0.01, 'weight_decay': 0.001}",6,5,0.27923208475112915,1.6143877506256104,85,2,0.12133627577591716,0.09704376814077798,0.75,893,0.018152439139188712,0.015444516557730695,0.1242759693493907,0.09120895862695287,0.10424455046791056,0.14917678889841146,0.1002039909362793,0.13468466731772674,0.4718744932330907,0.4683122756217193,0.10236915120306743,355,0.3975363941769317,0.7577464788732394,893,0.018152439139188712,0.014237341316865179,0.11932033069374716,0.08854951450935972,0.10424455046791056,0.21567888438041116,0.07515299320220947,0.13468466731772674,0.4718744935880994,0.4683122756217193,0.10236915120306743,355,0.3975363941769317,0.7577464788732394,893,0.030136512299856227,0.01423734131686518,0.11932033069374716,0.08854951450935972,0.11575238709182532,0.527571698569343,0.13264164669574657,0.17358986049982916,0.7272865025462499,0.6827625983550458,0.10236915120306743,372,0.4165733482642777,0.8870967741935484,893,1786,0.01,y,0.012180910504666187,0.017913896008653517,0.011155925790685722,0.3772473734749424,0.030136512299856227,0.030133439668350148,0.17358986049982916,0.011882371738638129,0.018152439139188712,0.01813995961048673,0.13468466731772674,0.10424455046791056,0.0035326376409112203,0.39765959117720096,0.6308928950141269,0.08474698073511044,0.21972129145634245,0.06946443900000002,0.4,4,1683,297,893,592,24,33.0,49,0,25,33.0
main,PANC1,0.7,lowrank,4,0,False,0.0,False,100,2945,520,893,864,"{'rank': 8, 'lr': 0.01, 'weight_decay': 0.001}",6,3,0.3912486433982849,0.7673478126525879,110,2,0.12379168557071989,0.09854673753587884,0.875,893,0.017795888347526347,0.013676339171748203,0.11694588138001356,0.08518362910283847,0.10282234747341282,0.23148881895242768,0.1059591993689537,0.13339665194402084,0.5429285032891866,0.5517170041188391,0.10236915120306743,344,0.38521836506159013,0.8023255813953488,893,0.017795888347526347,0.012963267090662686,0.11385634409492817,0.08332683863109663,0.10282234747341282,0.2715583039458326,0.09271430224180222,0.13339665194402084,0.5429285023935414,0.5517170041188391,0.10236915120306743,344,0.38521836506159013,0.8023255813953488,893,0.030136512299856227,0.012963267090662686,0.11385634409492817,0.08332683863109663,0.11575238709182532,0.5698484628320932,0.13951948543779072,0.17358986049982916,0.7563875780154261,0.7076921179233648,0.10236915120306743,372,0.4165733482642777,0.9005376344086021,893,1786,1.0,y,0.011865444188091188,0.017913896008653517,0.010920124949863436,0.39041038618353363,0.030136512299856227,0.030133439668350148,0.17358986049982916,0.010780996617949774,0.017795888347526347,0.01779466674987424,0.13339665194402084,0.10282234747341282,0.0011052590882254982,0.40949078080242063,0.6413732127727784,0.08236916950160128,0.217357029179375,0.06946443900000002,0.7,4,2945,520,893,592,47,59.0,70,0,47,58.0
main,PANC1,0.7,lowrank,3,0,False,0.0,False,100,2945,520,999,1856,"{'rank': 16, 'lr': 0.03, 'weight_decay': 0.01}",6,5,0.41234973073005676,0.7112588882446289,100,2,0.12531501801117312,0.09922165020466892,1.0,999,0.018645632940388963,0.010647462803563637,0.103186543713624,0.0769235555238894,0.10502026917055748,0.42895675155656465,0.0756339430809021,0.1365474279790117,0.6641824300640482,0.6665966286928209,0.10236915120306743,416,0.4164164164164164,0.8894230769230769,999,0.018645632940388963,0.010647462803563637,0.103186543713624,0.0769235555238894,0.10502026917055748,0.42895675155656465,0.0756339430809021,0.1365474279790117,0.6641824300640482,0.6665966286928209,0.10236915120306743,416,0.4164164164164164,0.8894230769230769,999,0.02876868618758908,0.010647462803563637,0.103186543713624,0.07692355552388941,0.11499516764564564,0.6298940196943372,0.12065848843101833,0.16959796940905403,0.798377619977564,0.7447456835593107,0.10236915120306743,413,0.4134134134134134,0.9225181598062954,999,1998,3.0,y,0.009791485538618612,0.017424800008058194,0.011002863294738095,0.3685515305972086,0.02876868618758908,0.02876347122767443,0.16959796940905403,0.009806596754578253,0.018645632940388963,0.01864520008768339,0.1365474279790117,0.10502026917055748,0.0006579154243317443,0.35187749559335946,0.5931829898451235,0.08284805081807689,0.22099729765275072,0.07310569600000003,0.7,3,2945,520,999,486,45,59.0,70,0,45,59.5
main,PANC1,0.7,lowrank,5,0,False,0.0,False,100,2945,520,1000,1856,"{'rank': 16, 'lr': 0.03, 'weight_decay': 0.01}",6,5,0.4053070545196533,0.7423945665359497,80,2,0.12403556796139549,0.09967877671351122,1.0,1000,0.016980590687062532,0.010323064437303802,0.10160248243671904,0.07668181780648498,0.09888807740578212,0.39206682337800425,0.07745358347892761,0.13030878647794966,0.6269949694608703,0.603949827949828,0.10236915120306743,387,0.387,0.8552971576227391,1000,0.016980590687062532,0.010323064437303802,0.10160248243671904,0.07668181780648498,0.09888807740578212,0.39206682337800425,0.07745358347892761,0.13030878647794966,0.6269949694608703,0.603949827949828,0.10236915120306743,387,0.387,0.8552971576227391,1000,0.02765653256217817,0.010323064437303802,0.10160248243671904,0.07668181780648499,0.114121788415,0.6267404666837678,0.12602737986218807,0.16623131291657242,0.7921996633637401,0.7330126090126091,0.10236915120306743,424,0.424,0.9080188679245284,1000,2000,3.0,y,0.011670958821508851,0.018216405504203455,0.010924182794075279,0.4003107368490171,0.02765653256217817,0.02763284939396742,0.16623131291657242,0.009589472363457448,0.016980590687062532,0.016980379833355878,0.13030878647794966,0.09888807740578212,0.00045918809506861267,0.38601881313623443,0.6217779732927735,0.07832385609198683,0.2221030135402093,0.0711317245,0.7,5,2945,520,1000,485,45,59.0,70,0,45,59.0
main,PANC1,0.7,lowrank,6,0,False,0.0,False,100,2945,520,949,1856,"{'rank': 16, 'lr': 0.03, 'weight_decay': 0.01}",6,5,0.40876254439353943,0.69053715467453,135,2,0.12409517817229596,0.0984997734937059,1.0,949,0.01575046645176289,0.010554626618009863,0.10273571247628481,0.07736406909411592,0.09623164777931557,0.3298848227552953,0.06791973114013672,0.1254615721273507,0.5751917254311887,0.5544863452464777,0.10236915120306743,352,0.37091675447839834,0.8267045454545454,949,0.01575046645176289,0.010554626618009863,0.10273571247628481,0.07736406909411592,0.09623164777931557,0.3298848227552953,0.06791973114013672,0.1254615721273507,0.5751917254311887,0.5544863452464777,0.10236915120306743,352,0.37091675447839834,0.8267045454545454,949,0.02429682126859657,0.010554626618009863,0.10273571247628481,0.07736406909411592,0.10389387675553215,0.5655964003961446,0.11766306027845316,0.15586955366378266,0.7521500902096085,0.6840642241315765,0.10236915120306743,366,0.3856691253951528,0.8961748633879781,949,1898,0.01,y,0.01151604629996063,0.01628497278403633,0.010006354773465322,0.3855467303406088,0.02429682126859657,0.024295317759346822,0.15586955366378266,0.009403629409713584,0.01575046645176289,0.015740606080666426,0.1254615721273507,0.09623164777931557,-0.0031401227836603354,0.35174785715198764,0.5940275223643643,0.07768247497216293,0.19991557963820378,0.059937546,0.7,6,2945,520,949,536,45,59.0,71,0,45,58.0
main,PANC1,0.7,lowrank,7,0,False,0.0,False,100,2945,520,1003,1856,"{'rank': 16, 'lr': 0.03, 'weight_decay': 0.01}",6,5,0.40782368183135986,0.6768746972084045,160,2,0.1247022173851565,0.09888222114993801,1.0,1003,0.01615763711164836,0.009258616325162262,0.09622170402337646,0.074145941295557,0.0983580039906787,0.4269820357280123,0.07522238790988922,0.12709966667333727,0.6569949734678566,0.6221018814872509,0.10236915120306743,394,0.39282153539381853,0.8578680203045685,1003,0.01615763711164836,0.009258616325162262,0.09622170402337646,0.074145941295557,0.0983580039906787,0.4269820357280123,0.07522238790988922,0.12709966667333727,0.6569949734678566,0.6221018814872509,0.10236915120306743,394,0.39282153539381853,0.8578680203045685,1003,0.02646430932191515,0.009258616325162262,0.09622170402337646,0.074145941295557,0.11020255063110669,0.650147063634297,0.1308997671968942,0.16253778697861695,0.8061432976376628,0.7283383525497653,0.10236915120306743,428,0.4267198404785643,0.9205607476635514,1003,2006,1.0,y,0.010174350258680331,0.016634017374308155,0.010273122236948632,0.3824028191279971,0.02646430932191515,0.026418532195906265,0.16253778697861695,0.011001132531592966,0.01615763711164836,0.016154325268473442,0.12709966667333727,0.0983580039906787,0.001819847019646512,0.3894555525668608,0.6236670506360061,0.07891653468121657,0.21084642450941152,0.07313980499999999,0.7,7,2945,520,1003,482,46,59.0,72,0,46,59.0
main,PANC1,0.4,mlp_ordered,5,0,False,0.0,False,100,1683,297,1000,3570,"{'emb_dim': 8, 'hidden': 24, 'lr': 0.01, 'weight_decay': 0.001}",6,5,0.2559528648853302,1.486039400100708,90,2,0.12583278875516593,0.10044887307542717,0.625,1000,0.017253686328896792,0.015803537577427636,0.1257121218396525,0.09124300831203619,0.10026390280389591,0.08404863307619193,0.11262349784374237,0.13135265643723695,0.47793136500076844,0.48194647394647394,0.10236915120306743,399,0.399,0.7644110275689223,1000,0.017253686328896792,0.013373458936678888,0.11564367227254109,0.08592984137875867,0.10026390280389591,0.22489265877745945,0.07038968801498413,0.13135265643723695,0.47793136434533023,0.48194647394647394,0.10236915120306743,399,0.399,0.7644110275689223,1000,0.02765653256217817,0.013373458936678888,0.11564367227254109,0.08592984137875867,0.114121788415,0.5164448433073701,0.12762417843115845,0.16623131291657242,0.7200127914073593,0.6736767256767258,0.10236915120306743,424,0.424,0.8844339622641509,1000,2000,3.0,y,0.012195433842796293,0.018216405504203455,0.011191036490808838,0.38566165052559387,0.02765653256217817,0.02763284939396742,0.16623131291657242,0.010493947403275097,0.017253686328896792,0.017253520353118803,0.13135265643723695,0.10026390280389591,0.00040740124937202384,0.37614426934733824,0.6128811813678132,0.07854023630043772,0.22054115089632403,0.0711317245,0.4,5,1683,297,1000,485,25,34.0,47,0,25,34.0
main,PANC1,0.4,mlp_ordered,6,0,False,0.0,False,100,1683,297,949,3570,"{'emb_dim': 8, 'hidden': 24, 'lr': 0.01, 'weight_decay': 0.001}",6,5,0.16931430995464325,1.3731647729873657,135,2,0.12195411021543798,0.09764625082803752,0.75,949,0.01596619606639296,0.012884616783234226,0.11351042587901002,0.08425247934971304,0.09653939468374541,0.1930064788346869,0.09741462022066116,0.12635709198903625,0.5107748014194642,0.48325349661518235,0.10236915120306743,364,0.3835616438356164,0.7774725274725275,949,0.01596619606639296,0.011875289967941516,0.10897380404455703,0.08146281385714929,0.09653939468374541,0.2562229651596437,0.07306095957756042,0.12635709198903625,0.5107748006556709,0.48325349661518235,0.10236915120306743,364,0.3835616438356164,0.7774725274725275,949,0.02429682126859657,0.011875289967941518,0.10897380404455705,0.08146281385714929,0.10389387675553215,0.5112410040530599,0.12176760786812807,0.15586955366378266,0.7178492634098852,0.6365741139205405,0.10236915120306743,366,0.3856691253951528,0.8715846994535519,949,1898,0.01,y,0.012471521526260734,0.01628497278403633,0.010212248331609497,0.37290356778365286,0.02429682126859657,0.024295317759346822,0.15586955366378266,0.009742865298639693,0.01596619606639296,0.015966114695925765,0.12635709198903625,0.09653939468374541,-0.0002852550914515098,0.3428689337634002,0.5873124996517266,0.0753955239229403,0.20080594805220858,0.059937546,0.4,6,1683,297,949,536,21,33.5,46,0,21,33.0
main,PANC1,0.4,mlp_ordered,7,0,False,0.0,False,100,1683,297,1003,3570,"{'emb_dim': 8, 'hidden': 24, 'lr': 0.01, 'weight_decay': 0.001}",6,5,0.23586201667785645,1.4419327974319458,110,2,0.12263178511050407,0.09877157613357325,0.625,1003,0.016967737856221663,0.015620047955905035,0.12498019025391598,0.09104356051714341,0.09971706659660168,0.07942661017847241,0.10959269851446152,0.1302547382552249,0.46952602071667826,0.4625499054521908,0.10236915120306743,395,0.3938185443668993,0.779746835443038,1003,0.016967737856221663,0.013302742302928437,0.11533751472495164,0.08635348746843104,0.09971706659660168,0.21599788871970105,0.06849543750286102,0.1302547382552249,0.46952601994080356,0.4625499054521908,0.10236915120306743,395,0.3938185443668993,0.779746835443038,1003,0.02646430932191515,0.013302742302928437,0.11533751472495164,0.08635348746843104,0.11020255063110669,0.4973327230606238,0.12401301993693588,0.16253778697861695,0.7074020511845128,0.6370288304873294,0.10236915120306743,428,0.4267198404785643,0.8691588785046729,1003,2006,3.0,y,0.010061836862920896,0.016634017374308155,0.01073684019867366,0.35452513021556054,0.02646430932191515,0.026418532195906265,0.16253778697861695,0.010222882330516485,0.016967737856221663,0.016966296837937152,0.1302547382552249,0.09971706659660168,0.0012004242102308794,0.35884448561177285,0.5985783564950605,0.07755654067991508,0.22126287346434434,0.07313980499999999,0.4,7,1683,297,1003,482,21,34.0,44,0,21,34.0
main,PANC1,0.7,mlp,2,0,False,0.0,False,100,2945,520,928,3369,"{'emb_dim': 8, 'hidden': 24, 'lr': 0.01, 'weight_decay': 0.001}",6,5,0.25533100962638855,0.8570122122764587,100,2,0.12370652383130222,0.10032727853836508,0.75,928,0.01580953718145123,0.01102284276035619,0.10498972692771512,0.07845637543448274,0.09571474519443246,0.3027725837990438,0.10286321491003036,0.1256256261957875,0.5940635504733365,0.5881419051988109,0.10236915120306743,336,0.3620689655172414,0.8630952380952381,928,0.01580953718145123,0.010235131730677968,0.10116882786055183,0.07587775282115507,0.09571474519443246,0.35259763690701307,0.07714741677045822,0.1256256261957875,0.5940635502076107,0.5881419051988109,0.10236915120306743,336,0.3620689655172414,0.8630952380952381,928,0.024605096382330657,0.010235131730677968,0.10116882786055183,0.07587775282115507,0.10164638985775863,0.5840239122969666,0.12133574338077899,0.15679700813626177,0.7644935714878007,0.6899156901530842,0.10236915120306743,329,0.3545258620689655,0.9270516717325228,928,1856,1.0,y,0.01143780593792429,0.014652404013009889,0.009605185861803879,0.3444634850857633,0.024605096382330657,0.02458530176048294,0.15679700813626177,0.009082153105535413,0.01580953718145123,0.015781797957083725,0.1256256261957875,0.09571474519443246,0.005266803999343785,0.3574690000887649,0.5984299173066606,0.07614962393615902,0.20993298059036378,0.0493383055,0.7,2,2945,520,928,557,47,59.0,70,0,47,58.0
main,PANC1,0.7,mlp,0,0,False,0.0,False,100,2945,520,848,17873,"{'emb_dim': 16, 'hidden': 48, 'lr': 0.03, 'weight_decay': 0.01}",6,2,0.2784791886806488,0.6434651613235474,40,2,0.126696746364189,0.10048669862010794,0.75,848,0.014034261070341848,0.00997442797895435,0.0998720580490577,0.07706131223783295,0.08874049716249227,0.2892801459969283,0.09074901789426804,0.11832667851799232,0.5711774927555486,0.5334460313883185,0.10236915120306743,285,0.33608490566037735,0.856140350877193,848,0.014034261070341848,0.009442777882121455,0.09717395681004996,0.07442244648080905,0.08874049716249227,0.3271624466159766,0.06806176155805588,0.11832667851799232,0.5711774908995859,0.5334460313883185,0.10236915120306743,285,0.33608490566037735,0.856140350877193,848,0.022724106965869406,0.009442777882121455,0.09717395681004996,0.07442244648080905,0.09987849063797169,0.5844598911497783,0.10987816060036502,0.15039416564770727,0.7642341233824651,0.6940647086035567,0.10236915120306743,318,0.375,0.9056603773584906,848,1696,10.0,y,0.009791730201326065,0.012890183553374132,0.00817087910752072,0.36611615546918164,0.022724106965869406,0.02261840506087001,0.15039416564770727,0.0066350324977124415,0.014034261070341848,0.014001202849100305,0.11832667851799232,0.08874049716249227,-0.005749627922008753,0.38240648614175765,0.622642777701325,0.06585224553453863,0.19147910476119642,0.0572801495,0.7,0,2945,520,848,637,42,59.0,72,0,42,58.0
main,PANC1,0.7,mlp,3,0,False,0.0,False,100,2945,520,999,17873,"{'emb_dim': 16, 'hidden': 48, 'lr': 0.03, 'weight_decay': 0.01}",6,2,0.21694663166999817,0.7383555173873901,55,2,0.12531501801117312,0.09922165020466892,0.75,999,0.018645632940388963,0.011575544660220526,0.10758970517768197,0.07960677268122072,0.10502026917055748,0.37918199413084386,0.1081174686551094,0.1365474279790117,0.6353369096297294,0.6388086924599949,0.10236915120306743,416,0.4164164164164164,0.8605769230769231,999,0.018645632940388963,0.011151116749187135,0.10559884823797623,0.0782550336525093,0.10502026917055748,0.40194485299384464,0.0810881033539772,0.1365474279790117,0.6353369108154366,0.6388086924599949,0.10236915120306743,416,0.4164164164164164,0.8605769230769231,999,0.02876868618758908,0.011151116749187135,0.10559884823797623,0.0782550336525093,0.11499516764564564,0.612387000349089,0.12731632620994265,0.16959796940905403,0.7831809457639611,0.7328777795831902,0.10236915120306743,413,0.4134134134134134,0.9152542372881356,999,1998,3.0,y,0.009791485538618612,0.017424800008058194,0.011002863294738095,0.3685515305972086,0.02876868618758908,0.02876347122767443,0.16959796940905403,0.009806596754578253,0.018645632940388963,0.01864520008768339,0.1365474279790117,0.10502026917055748,0.0006579154243317443,0.35187749559335946,0.5931829898451235,0.08284805081807689,0.22099729765275072,0.07310569600000003,0.7,3,2945,520,999,486,45,59.0,70,0,45,59.5
main,PANC1,0.7,mlp,1,0,False,0.0,False,100,2945,520,929,3369,"{'emb_dim': 8, 'hidden': 24, 'lr': 0.01, 'weight_decay': 0.001}",6,5,0.45019805431365967,0.686100959777832,65,2,0.12447837042019472,0.0990979753010919,0.75,929,0.018171086407478273,0.013754076808133122,0.11727777627552938,0.08807406330026739,0.10246676171796402,0.24307900476040556,0.09396421164274216,0.13477542158066871,0.5229500331937899,0.5069884490721062,0.10236915120306743,365,0.39289558665231433,0.810958904109589,929,0.018171086407478273,0.013202833868536084,0.11490358509870822,0.08644238644880857,0.10246676171796402,0.27341527234703566,0.07047315686941147,0.13477542158066871,0.5229500334346716,0.5069884490721062,0.10236915120306743,365,0.39289558665231433,0.810958904109589,929,0.028557092862189527,0.013202833868536086,0.11490358509870824,0.08644238644880857,0.11231310531646933,0.5376688400233819,0.12813127479760178,0.1689557449968729,0.7336946158164706,0.6693720956546623,0.10236915120306743,369,0.39720129171151775,0.8888888888888888,929,1858,0.3,y,0.010475766625563748,0.018566535647188225,0.010998945478956546,0.4075930109975976,0.028557092862189527,0.02854604376744834,0.1689557449968729,0.01034956691781817,0.018171086407478273,0.018164414262246985,0.13477542158066871,0.10246676171796402,0.00258304959907559,0.36369270866722736,0.603062150479235,0.08050833061583659,0.22384813387836344,0.070067712,0.7,1,2945,520,929,556,48,59.0,73,0,48,59.0
main,PANC1,0.7,mlp,6,0,False,0.0,False,100,2945,520,949,17873,"{'emb_dim': 16, 'hidden': 48, 'lr': 0.03, 'weight_decay': 0.01}",6,2,0.34498855471611023,0.7692797183990479,35,2,0.12409517817229596,0.0984997734937059,0.875,949,0.01575046645176289,0.011223622956891591,0.10594160163454011,0.07953686964208813,0.09623164777931557,0.2874101226611372,0.08049075305461884,0.1254615721273507,0.5445816112151289,0.5259115489568247,0.10236915120306743,352,0.37091675447839834,0.8153409090909091,949,0.01575046645176289,0.011080661293406522,0.1052647200794574,0.07905393321637007,0.09623164777931557,0.29648678486177116,0.07042941451072693,0.1254615721273507,0.5445816111528468,0.5259115489568247,0.10236915120306743,352,0.37091675447839834,0.8153409090909091,949,0.02429682126859657,0.011080661293406522,0.1052647200794574,0.07905393321637007,0.10389387675553215,0.5439460507647484,0.12063141266807499,0.15586955366378266,0.7384657414680216,0.6528506390892198,0.10236915120306743,366,0.3856691253951528,0.8661202185792349,949,1898,0.01,y,0.01151604629996063,0.01628497278403633,0.010006354773465322,0.3855467303406088,0.02429682126859657,0.024295317759346822,0.15586955366378266,0.009403629409713584,0.01575046645176289,0.015740606080666426,0.1254615721273507,0.09623164777931557,-0.0031401227836603354,0.35174785715198764,0.5940275223643643,0.07768247497216293,0.19991557963820378,0.059937546,0.7,6,2945,520,949,536,45,59.0,71,0,45,58.0
main,PANC1,0.7,mlp,5,0,False,0.0,False,100,2945,520,1000,17873,"{'emb_dim': 16, 'hidden': 48, 'lr': 0.03, 'weight_decay': 0.01}",6,2,0.12610271573066711,0.755689263343811,200,2,0.12403556796139549,0.09967877671351122,0.75,1000,0.016980590687062532,0.016643223429251945,0.12900861765499214,0.09366106958691336,0.09888807740578212,0.01986781638094759,0.1216074526309967,0.13030878647794966,0.47740876804029225,0.4846583581123332,0.10236915120306743,387,0.387,0.7881136950904393,1000,0.016980590687062532,0.013953382038816433,0.1181244345544834,0.08670296225334921,0.09888807740578212,0.17827463743958694,0.09120558947324753,0.13030878647794966,0.4774087691387101,0.4846583581123332,0.10236915120306743,387,0.387,0.7881136950904393,1000,0.02765653256217817,0.013953382038816433,0.1181244345544834,0.08670296225334921,0.114121788415,0.4954760866190995,0.13667650252826602,0.16623131291657242,0.7122028924559223,0.6521102081102081,0.10236915120306743,424,0.424,0.8655660377358491,1000,2000,3.0,y,0.011670958821508851,0.018216405504203455,0.010924182794075279,0.4003107368490171,0.02765653256217817,0.02763284939396742,0.16623131291657242,0.009589472363457448,0.016980590687062532,0.016980379833355878,0.13030878647794966,0.09888807740578212,0.00045918809506861267,0.38601881313623443,0.6217779732927735,0.07832385609198683,0.2221030135402093,0.0711317245,0.7,5,2945,520,1000,485,45,59.0,70,0,45,59.0
main,PANC1,0.7,mlp,4,0,False,0.0,False,100,2945,520,893,17873,"{'emb_dim': 16, 'hidden': 48, 'lr': 0.03, 'weight_decay': 0.01}",6,2,0.18961718678474426,0.7873575091362,55,2,0.12379168557071989,0.09854673753587884,0.75,893,0.017795888347526347,0.014050926788790283,0.11853660526938622,0.08840027224637138,0.10282234747341282,0.21043970863396766,0.12387335300445557,0.13339665194402084,0.5782331128534823,0.566317948432431,0.10236915120306743,344,0.38521836506159013,0.8255813953488372,893,0.017795888347526347,0.01210772398211397,0.11003510340847583,0.08307007032810887,0.10282234747341282,0.31963362852875166,0.09290501475334167,0.13339665194402084,0.57823311398424,0.566317948432431,0.10236915120306743,344,0.38521836506159013,0.8255813953488372,893,0.030136512299856227,0.01210772398211397,0.11003510340847583,0.08307007032810887,0.11575238709182532,0.5982373852142229,0.14186674118669848,0.17358986049982916,0.7748917509444324,0.7109450985148783,0.10236915120306743,372,0.4165733482642777,0.8897849462365591,893,1786,1.0,y,0.011865444188091188,0.017913896008653517,0.010920124949863436,0.39041038618353363,0.030136512299856227,0.030133439668350148,0.17358986049982916,0.010780996617949774,0.017795888347526347,0.01779466674987424,0.13339665194402084,0.10282234747341282,0.0011052590882254982,0.40949078080242063,0.6413732127727784,0.08236916950160128,0.217357029179375,0.06946443900000002,0.7,4,2945,520,893,592,47,59.0,70,0,47,58.0
main,PANC1,0.7,mlp_ordered,0,0,False,0.0,False,100,2945,520,848,18074,"{'emb_dim': 16, 'hidden': 48, 'lr': 0.01, 'weight_decay': 0.001}",6,1,0.1321900188922882,0.9458329677581787,110,2,0.126696746364189,0.10048669862010794,0.75,848,0.014034261070341848,0.009242954961081289,0.09614028791865192,0.0736723696372653,0.08874049716249227,0.3414006683533821,0.09973348677158356,0.11832667851799232,0.6230418451865085,0.5584822537952748,0.10236915120306743,285,0.33608490566037735,0.8526315789473684,848,0.014034261070341848,0.00857044929622858,0.09257672113565364,0.07114128733824694,0.08874049716249227,0.38931951933399367,0.07480011880397797,0.11832667851799232,0.6230418466081793,0.5584822537952748,0.10236915120306743,285,0.33608490566037735,0.8526315789473684,848,0.022724106965869406,0.00857044929622858,0.09257672113565364,0.07114128733824694,0.09987849063797169,0.6228476961008407,0.11418057444453737,0.15039416564770727,0.7887288000192912,0.7156399564772244,0.10236915120306743,318,0.375,0.9182389937106918,848,1696,10.0,y,0.009791730201326065,0.012890183553374132,0.00817087910752072,0.36611615546918164,0.022724106965869406,0.02261840506087001,0.15039416564770727,0.0066350324977124415,0.014034261070341848,0.014001202849100305,0.11832667851799232,0.08874049716249227,-0.005749627922008753,0.38240648614175765,0.622642777701325,0.06585224553453863,0.19147910476119642,0.0572801495,0.7,0,2945,520,848,637,42,59.0,72,0,42,58.0
main,PANC1,0.7,mlp,7,0,False,0.0,False,100,2945,520,1003,17873,"{'emb_dim': 16, 'hidden': 48, 'lr': 0.03, 'weight_decay': 0.01}",6,2,0.20802994072437286,0.7133985757827759,50,2,0.1247022173851565,0.09888222114993801,0.75,1003,0.01615763711164836,0.011535860441595798,0.10740512297649399,0.08025203505437864,0.0983580039906787,0.28604285627386883,0.1107192188501358,0.12709966667333727,0.6005539104302984,0.5796541596433592,0.10236915120306743,394,0.39282153539381853,0.8451776649746193,1003,0.01615763711164836,0.010390866254587381,0.1019355985639334,0.07700674636953068,0.0983580039906787,0.3569068185659152,0.08303941041231155,0.12709966667333727,0.600553910346404,0.5796541596433592,0.10236915120306743,394,0.39282153539381853,0.8451776649746193,1003,0.02646430932191515,0.010390866254587381,0.1019355985639334,0.07700674636953068,0.11020255063110669,0.6073630288933072,0.13371753123001734,0.16253778697861695,0.7804737893359404,0.7137874850292265,0.10236915120306743,428,0.4267198404785643,0.8948598130841121,1003,2006,1.0,y,0.010174350258680331,0.016634017374308155,0.010273122236948632,0.3824028191279971,0.02646430932191515,0.026418532195906265,0.16253778697861695,0.011001132531592966,0.01615763711164836,0.016154325268473442,0.12709966667333727,0.0983580039906787,0.001819847019646512,0.3894555525668608,0.6236670506360061,0.07891653468121657,0.21084642450941152,0.07313980499999999,0.7,7,2945,520,1003,482,46,59.0,72,0,46,59.0
main,PANC1,0.7,mlp_ordered,1,0,False,0.0,False,100,2945,520,929,3570,"{'emb_dim': 8, 'hidden': 24, 'lr': 0.01, 'weight_decay': 0.001}",6,5,0.2597736716270447,0.8866071105003357,150,2,0.12447837042019472,0.0990979753010919,0.75,929,0.018171086407478273,0.010397990057177276,0.10197053524022161,0.07440104979555384,0.10246676171796402,0.42777279112502564,0.10211683064699173,0.13477542158066871,0.6610707305637153,0.6394292755615316,0.10236915120306743,365,0.39289558665231433,0.863013698630137,929,0.018171086407478273,0.01038580867525478,0.10191078782569969,0.07538014785371291,0.10246676171796402,0.4284431628160371,0.07658762484788895,0.13477542158066871,0.6610707309855032,0.6394292755615316,0.10236915120306743,365,0.39289558665231433,0.863013698630137,929,0.028557092862189527,0.01038580867525478,0.10191078782569969,0.07538014785371291,0.11231310531646933,0.636314217088746,0.13114523395599476,0.1689557449968729,0.7979683797791648,0.7450522108646013,0.10236915120306743,369,0.39720129171151775,0.9105691056910569,929,1858,0.3,y,0.010475766625563748,0.018566535647188225,0.010998945478956546,0.4075930109975976,0.028557092862189527,0.02854604376744834,0.1689557449968729,0.01034956691781817,0.018171086407478273,0.018164414262246985,0.13477542158066871,0.10246676171796402,0.00258304959907559,0.36369270866722736,0.603062150479235,0.08050833061583659,0.22384813387836344,0.070067712,0.7,1,2945,520,929,556,48,59.0,73,0,48,59.0
main,PANC1,0.7,mlp_ordered,2,0,False,0.0,False,100,2945,520,928,3570,"{'emb_dim': 8, 'hidden': 24, 'lr': 0.01, 'weight_decay': 0.001}",6,5,0.17973798513412476,1.0704686641693115,315,2,0.12370652383130222,0.10032727853836508,0.875,928,0.01580953718145123,0.009838638042484013,0.09918990897507676,0.07149422013551993,0.09571474519443246,0.37767703573085376,0.10735394805669785,0.1256256261957875,0.6480049603044922,0.6742589644229167,0.10236915120306743,336,0.3620689655172414,0.8898809523809523,928,0.01580953718145123,0.009324017662503068,0.0965609530944215,0.06928290942263057,0.09571474519443246,0.4102282972936989,0.09393471479415894,0.1256256261957875,0.648004959981382,0.6742589644229167,0.10236915120306743,336,0.3620689655172414,0.8898809523809523,928,0.024605096382330657,0.009324017662503068,0.0965609530944215,0.06928290942263057,0.10164638985775863,0.6210533981407687,0.13216556220900644,0.15679700813626177,0.7899665376180736,0.7313610143416592,0.10236915120306743,329,0.3545258620689655,0.9300911854103343,928,1856,1.0,y,0.01143780593792429,0.014652404013009889,0.009605185861803879,0.3444634850857633,0.024605096382330657,0.02458530176048294,0.15679700813626177,0.009082153105535413,0.01580953718145123,0.015781797957083725,0.1256256261957875,0.09571474519443246,0.005266803999343785,0.3574690000887649,0.5984299173066606,0.07614962393615902,0.20993298059036378,0.0493383055,0.7,2,2945,520,928,557,47,59.0,70,0,47,58.0
main,PANC1,0.7,mlp_ordered,3,0,False,0.0,False,100,2945,520,999,3570,"{'emb_dim': 8, 'hidden': 24, 'lr': 0.01, 'weight_decay': 0.001}",6,5,0.25202861428260803,1.1235111951828003,150,2,0.12531501801117312,0.09922165020466892,0.75,999,0.018645632940388963,0.011076007228679808,0.10524261127832114,0.07651432358246804,0.10502026917055748,0.4059731163811726,0.10088693350553513,0.1365474279790117,0.6441559606532472,0.6530335265124844,0.10236915120306743,416,0.4164164164164164,0.875,999,0.018645632940388963,0.011060000031300938,0.1051665347498953,0.07730631278655471,0.10502026917055748,0.40683161217104724,0.0756651982665062,0.1365474279790117,0.6441559609480972,0.6530335265124844,0.10236915120306743,416,0.4164164164164164,0.875,999,0.02876868618758908,0.011060000031300938,0.1051665347498953,0.07730631278655471,0.11499516764564564,0.6155542189454497,0.12494912783106625,0.16959796940905403,0.7860847095458523,0.7326537639844253,0.10236915120306743,413,0.4134134134134134,0.910411622276029,999,1998,3.0,y,0.009791485538618612,0.017424800008058194,0.011002863294738095,0.3685515305972086,0.02876868618758908,0.02876347122767443,0.16959796940905403,0.009806596754578253,0.018645632940388963,0.01864520008768339,0.1365474279790117,0.10502026917055748,0.0006579154243317443,0.35187749559335946,0.5931829898451235,0.08284805081807689,0.22099729765275072,0.07310569600000003,0.7,3,2945,520,999,486,45,59.0,70,0,45,59.5
main,PANC1,0.7,mlp_ordered,4,0,False,0.0,False,100,2945,520,893,3570,"{'emb_dim': 8, 'hidden': 24, 'lr': 0.01, 'weight_decay': 0.001}",6,5,0.2369915395975113,1.0374499559402466,165,2,0.12379168557071989,0.09854673753587884,1.0,893,0.017795888347526347,0.013982032454421171,0.11824564454736239,0.0816171444935505,0.10282234747341282,0.21431107110959746,0.12316269427537918,0.13339665194402084,0.5776729447618039,0.6102794510232322,0.10236915120306743,344,0.38521836506159013,0.8313953488372093,893,0.017795888347526347,0.013982032454421171,0.11824564454736239,0.0816171444935505,0.10282234747341282,0.21431107110959746,0.12316269427537918,0.13339665194402084,0.5776729447618039,0.6102794510232322,0.10236915120306743,344,0.38521836506159013,0.8313953488372093,893,0.030136512299856227,0.013982032454421171,0.11824564454736239,0.0816171444935505,0.11575238709182532,0.536043444068746,0.16410945843147035,0.17358986049982916,0.7561741643487807,0.7329218055541185,0.10236915120306743,372,0.4165733482642777,0.9193548387096774,893,1786,1.0,y,0.011865444188091188,0.017913896008653517,0.010920124949863436,0.39041038618353363,0.030136512299856227,0.030133439668350148,0.17358986049982916,0.010780996617949774,0.017795888347526347,0.01779466674987424,0.13339665194402084,0.10282234747341282,0.0011052590882254982,0.40949078080242063,0.6413732127727784,0.08236916950160128,0.217357029179375,0.06946443900000002,0.7,4,2945,520,893,592,47,59.0,70,0,47,58.0
main,PANC1,0.7,mlp_ordered,5,0,False,0.0,False,100,2945,520,1000,3570,"{'emb_dim': 8, 'hidden': 24, 'lr': 0.01, 'weight_decay': 0.001}",6,5,0.26559701561927795,0.9001705646514893,130,2,0.12403556796139549,0.09967877671351122,1.0,1000,0.016980590687062532,0.011401920726016458,0.10677977676515557,0.0768091934350381,0.09888807740578212,0.3285321496675877,0.10874412208795547,0.13030878647794966,0.6140924826946059,0.6264076584076584,0.10236915120306743,387,0.387,0.8449612403100775,1000,0.016980590687062532,0.011401920726016458,0.10677977676515557,0.0768091934350381,0.09888807740578212,0.3285321496675877,0.10874412208795547,0.13030878647794966,0.6140924826946059,0.6264076584076584,0.10236915120306743,387,0.387,0.8449612403100775,1000,0.02765653256217817,0.01140192072601646,0.10677977676515558,0.0768091934350381,0.114121788415,0.5877313723120441,0.14962596564883707,0.16623131291657242,0.7763363211581895,0.741008613008613,0.10236915120306743,424,0.424,0.9080188679245284,1000,2000,3.0,y,0.011670958821508851,0.018216405504203455,0.010924182794075279,0.4003107368490171,0.02765653256217817,0.02763284939396742,0.16623131291657242,0.009589472363457448,0.016980590687062532,0.016980379833355878,0.13030878647794966,0.09888807740578212,0.00045918809506861267,0.38601881313623443,0.6217779732927735,0.07832385609198683,0.2221030135402093,0.0711317245,0.7,5,2945,520,1000,485,45,59.0,70,0,45,59.0
main,PANC1,0.7,mlp_ordered,6,0,False,0.0,False,100,2945,520,949,18074,"{'emb_dim': 16, 'hidden': 48, 'lr': 0.01, 'weight_decay': 0.001}",6,1,0.10894706100225449,1.010785698890686,125,2,0.12409517817229596,0.0984997734937059,0.875,949,0.01575046645176289,0.011329448691020998,0.10643988299045146,0.08023366481954343,0.09623164777931557,0.28069122741739905,0.1018311157822609,0.1254615721273507,0.5787978145188593,0.5540378490209197,0.10236915120306743,352,0.37091675447839834,0.8181818181818182,949,0.01575046645176289,0.010747898724203222,0.10367207301970585,0.0777611962646329,0.09623164777931557,0.31761394133186127,0.08910222351551056,0.1254615721273507,0.5787978141703748,0.5540378490209197,0.10236915120306743,352,0.37091675447839834,0.8181818181818182,949,0.02429682126859657,0.010747898724203222,0.10367207301970585,0.0777611962646329,0.10389387675553215,0.5576417752187695,0.1335142095734358,0.15586955366378266,0.7539883325615776,0.6726761154664014,0.10236915120306743,366,0.3856691253951528,0.8770491803278688,949,1898,0.01,y,0.01151604629996063,0.01628497278403633,0.010006354773465322,0.3855467303406088,0.02429682126859657,0.024295317759346822,0.15586955366378266,0.009403629409713584,0.01575046645176289,0.015740606080666426,0.1254615721273507,0.09623164777931557,-0.0031401227836603354,0.35174785715198764,0.5940275223643643,0.07768247497216293,0.19991557963820378,0.059937546,0.7,6,2945,520,949,536,45,59.0,71,0,45,58.0
main,PANC1,0.7,mlp_ordered,7,0,False,0.0,False,100,2945,520,1003,3570,"{'emb_dim': 8, 'hidden': 24, 'lr': 0.01, 'weight_decay': 0.001}",6,5,0.20648904144763947,0.9363776445388794,220,2,0.1247022173851565,0.09888222114993801,0.875,1003,0.01615763711164836,0.010190651586716951,0.1009487572321569,0.07294281707098496,0.0983580039906787,0.3692981519327285,0.11092062294483185,0.12709966667333727,0.6488106025651216,0.6435098883039313,0.10236915120306743,394,0.39282153539381853,0.8629441624365483,1003,0.01615763711164836,0.00958961145109663,0.09792656151982786,0.07123724723302455,0.0983580039906787,0.40649666873733104,0.09705553948879242,0.12709966667333727,0.6488106026153757,0.6435098883039313,0.10236915120306743,394,0.39282153539381853,0.8629441624365483,1003,0.02646430932191515,0.00958961145109663,0.09792656151982786,0.07123724723302455,0.11020255063110669,0.6376398365645064,0.14458901811631336,0.16253778697861695,0.8033110532012964,0.7437453010627206,0.10236915120306743,428,0.4267198404785643,0.9182242990654206,1003,2006,1.0,y,0.010174350258680331,0.016634017374308155,0.010273122236948632,0.3824028191279971,0.02646430932191515,0.026418532195906265,0.16253778697861695,0.011001132531592966,0.01615763711164836,0.016154325268473442,0.12709966667333727,0.0983580039906787,0.001819847019646512,0.3894555525668608,0.6236670506360061,0.07891653468121657,0.21084642450941152,0.07313980499999999,0.7,7,2945,520,1003,482,46,59.0,72,0,46,59.0
